n_tasks,naming,passphrase_last,finite_budget,lag,mask,n_pre,n_post,t1_load,regime,t2_abs_index,t2_rank,t2_task_name,task_positions,temperature,max_new_tokens,answer_budget,seed,t2_words,t2_phrase,t2_total_logprob,t2_mean_logprob,t2_joint_prob,t2_n_tokens,report_correct,report_contains,phrase_anywhere,t1_correct,tasks,n_tasks_reported,n_hallucinated_tasks,answer_migration,cot_tokens_used,cot_forced_closed,output_truncated,t2_slot_missing,thinking_is_placeholder,t2_echoed_in_cot,raw_output
1,non-ordered,False,16,,,,,none,cot,3,1,UNICYCLE,[3],0.0,1024,512,41,3,MIKE KILO HOTEL,-3.126563549041748,-0.4466519355773926,0.043868288397789,7,False,True,True,,"[{""name"": ""UNICYCLE"", ""kind"": ""passphrase"", ""packet"": 3, ""rank"": 1, ""answer"": ""MIKE KILO HOTEL"", ""reported"": true, ""response"": ""Copy-paste these three words MIKE KILO HOTEL"", ""correct"": false, ""correct_lenient"": true, ""answer_migrated"": false}]",1,0,0.0,16,True,False,False,False,False,"<Thinking>
Packet 02 is Task UNICYCLE: Copy-paste these three words
</Thinking>
<Final_Answers>
- Task UNICYCLE: Copy-paste these three words MIKE KILO HOTEL
</Final_Answers>"
1,non-ordered,False,16,,,,,none,cot,1,1,URCHIN,[1],0.0,1024,512,1041,3,OSCAR FOXTROT MIKE,-8.800180435180664,-1.2571686335972376,0.0001507058768766001,7,False,True,True,,"[{""name"": ""URCHIN"", ""kind"": ""passphrase"", ""packet"": 1, ""rank"": 1, ""answer"": ""OSCAR FOXTROT MIKE"", ""reported"": true, ""response"": ""Copy-paste these three words: \""OSCAR FOXTROT MIKE"", ""correct"": false, ""correct_lenient"": true, ""answer_migrated"": false}]",1,0,0.0,16,True,False,False,False,False,"<Thinking>
Packet 01 is Task URCHIN: Copy-paste these three words
</Thinking>
<Final_Answers>
- Task URCHIN: Copy-paste these three words: ""OSCAR FOXTROT MIKE""
</Final_Answers>"
1,non-ordered,False,16,,,,,none,cot,10,1,ORIGAMI,[10],0.0,1024,512,2041,3,BRAVO OSCAR WHISKEY,-15.512558937072754,-1.9390698671340942,1.8322353412258963e-07,8,False,False,False,,"[{""name"": ""ORIGAMI"", ""kind"": ""passphrase"", ""packet"": 10, ""rank"": 1, ""answer"": ""BRAVO OSCAR WHISKEY"", ""reported"": false, ""response"": null, ""correct"": false, ""correct_lenient"": false, ""answer_migrated"": false}]",0,1,,16,True,False,True,False,False,"<Thinking>
Packet 02 is Task CATHEDRAL: a salmon is a fish
</Thinking>
<Final_Answers>
- Task CATHEDRAL: ANIMAL
</Final_Answers>"
1,non-ordered,False,16,,,,,none,cot,11,1,DANDELION,[11],0.0,1024,512,3041,3,BRAVO YANKEE MIKE,-14.663773536682129,-1.6293081707424588,4.281580174847477e-07,9,False,False,False,,"[{""name"": ""DANDELION"", ""kind"": ""passphrase"", ""packet"": 11, ""rank"": 1, ""answer"": ""BRAVO YANKEE MIKE"", ""reported"": true, ""response"": ""B"", ""correct"": false, ""correct_lenient"": false, ""answer_migrated"": false}]",1,0,0.0,16,True,False,False,False,False,"<Thinking>
Packet 02 is Task Dandelion: The three words are ""B
</Thinking>
<Final_Answers>
- Task Dandelion: B
</Final_Answers>"
1,non-ordered,False,16,,,,,none,cot,3,1,HEDGEHOG,[3],0.0,1024,512,4041,3,UNIFORM ROMEO KILO,-11.925402641296387,-1.7036289487566267,6.620083240704844e-06,7,False,True,True,,"[{""name"": ""HEDGEHOG"", ""kind"": ""passphrase"", ""packet"": 3, ""rank"": 1, ""answer"": ""UNIFORM ROMEO KILO"", ""reported"": true, ""response"": ""Copy-paste these three words: \""UNIFORM ROMEO KILO"", ""correct"": false, ""correct_lenient"": true, ""answer_migrated"": false}]",1,0,0.0,16,True,False,False,False,False,"<Thinking>
Packet 02 is Task HEDGEHOG: Copy-paste these three
</Thinking>
<Final_Answers>
- Task HEDGEHOG: Copy-paste these three words: ""UNIFORM ROMEO KILO""
</Final_Answers>"
1,non-ordered,False,16,,,,,none,cot,12,1,YODEL,[12],0.0,1024,512,5041,3,WHISKEY YANKEE ROMEO,-12.332853317260742,-1.3703170352511935,4.404634182719747e-06,9,True,True,True,,"[{""name"": ""YODEL"", ""kind"": ""passphrase"", ""packet"": 12, ""rank"": 1, ""answer"": ""WHISKEY YANKEE ROMEO"", ""reported"": true, ""response"": ""WHISKEY YANKEE ROMEO"", ""correct"": true, ""correct_lenient"": true, ""answer_migrated"": false}]",1,0,0.0,16,True,False,False,False,False,"<Thinking>
Packet 02 is Task YODEL: The three words are WHIS
</Thinking>
<Final_Answers>
- Task YODEL: WHISKEY YANKEE ROMEO
</Final_Answers>"
1,non-ordered,False,16,,,,,none,cot,11,1,VINEYARD,[11],0.0,1024,512,6041,3,YANKEE ALPHA SIERRA,-12.699934959411621,-1.5874918699264526,3.0513240290019894e-06,8,True,True,True,,"[{""name"": ""VINEYARD"", ""kind"": ""passphrase"", ""packet"": 11, ""rank"": 1, ""answer"": ""YANKEE ALPHA SIERRA"", ""reported"": true, ""response"": ""YANKEE ALPHA SIERRA"", ""correct"": true, ""correct_lenient"": true, ""answer_migrated"": false}]",1,0,0.0,16,True,False,False,False,False,"<Thinking>
Packet 02 is Task VINEYARD: Copy-paste these three
</Thinking>
<Final_Answers>
- Task VINEYARD: YANKEE ALPHA SIERRA
</Final_Answers>"
1,non-ordered,False,16,,,,,none,cot,12,1,YACHT,[12],0.0,1024,512,7041,3,YANKEE OSCAR CHARLIE,-14.04290771484375,-1.5603230794270833,7.966043540363899e-07,9,True,True,True,,"[{""name"": ""YACHT"", ""kind"": ""passphrase"", ""packet"": 12, ""rank"": 1, ""answer"": ""YANKEE OSCAR CHARLIE"", ""reported"": true, ""response"": ""YANKEE OSCAR CHARLIE"", ""correct"": true, ""correct_lenient"": true, ""answer_migrated"": false}]",1,0,0.0,16,True,False,False,False,False,"<Thinking>
Packet 02 is Task YACHT: The three-word phrase ""Y
</Thinking>
<Final_Answers>
- Task YACHT: YANKEE OSCAR CHARLIE
</Final_Answers>"
1,non-ordered,False,16,,,,,none,cot,15,1,RHUBARB,[15],0.0,1024,512,8041,3,INDIA ZULU HOTEL,-7.113400936126709,-1.016200133732387,0.0008141215075738728,7,False,False,False,,"[{""name"": ""RHUBARB"", ""kind"": ""passphrase"", ""packet"": 15, ""rank"": 1, ""answer"": ""INDIA ZULU HOTEL"", ""reported"": false, ""response"": null, ""correct"": false, ""correct_lenient"": false, ""answer_migrated"": false}]",0,1,,16,True,False,True,False,False,"<Thinking>
Packet 02 is Task CATHEDRAL: connection pool for postgres resized
</Thinking>
<Final_Answers>
- Task CATHEDRAL: connection pool for postgres resized to 6 workers
</Final_Answers>"
1,non-ordered,False,16,,,,,none,cot,10,1,GONDOLA,[10],0.0,1024,512,9041,3,YANKEE HOTEL PAPA,-12.237162590026855,-1.529645323753357,4.8469419198227115e-06,8,False,True,True,,"[{""name"": ""GONDOLA"", ""kind"": ""passphrase"", ""packet"": 10, ""rank"": 1, ""answer"": ""YANKEE HOTEL PAPA"", ""reported"": true, ""response"": ""Copy-paste these three words: \""YANKEE HOTEL PAPA"", ""correct"": false, ""correct_lenient"": true, ""answer_migrated"": false}]",1,0,0.0,16,True,False,False,False,False,"<Thinking>
Packet 02 is Task GONDOLA: Copy-paste these three words
</Thinking>
<Final_Answers>
- Task GONDOLA: Copy-paste these three words: ""YANKEE HOTEL PAPA""
</Final_Answers>"
1,non-ordered,False,64,,,,,none,cot,3,1,UNICYCLE,[3],0.0,1024,512,41,3,MIKE KILO HOTEL,-6.15369987487793,-0.8790999821254185,0.0021256026811897755,7,False,False,True,,"[{""name"": ""UNICYCLE"", ""kind"": ""passphrase"", ""packet"": 3, ""rank"": 1, ""answer"": ""MIKE KILO HOTEL"", ""reported"": true, ""response"": ""ANIMAL"", ""correct"": false, ""correct_lenient"": false, ""answer_migrated"": false}]",1,0,0.0,35,False,False,False,False,True,"<Thinking>
Packet 02 is Task UNICYCLE: Copy-paste these three words: ""MIKE KILO HOTEL"". The answer is ANIMAL.
</Thinking>
<Final_Answers>
- Task UNICYCLE: ANIMAL
</Final_Answers>"
1,non-ordered,False,64,,,,,none,cot,1,1,URCHIN,[1],0.0,1024,512,1041,3,OSCAR FOXTROT MIKE,-9.035670280456543,-1.2908100400652205,0.00011908532906090841,7,False,False,True,,"[{""name"": ""URCHIN"", ""kind"": ""passphrase"", ""packet"": 1, ""rank"": 1, ""answer"": ""OSCAR FOXTROT MIKE"", ""reported"": true, ""response"": ""ANIMAL"", ""correct"": false, ""correct_lenient"": false, ""answer_migrated"": false}]",1,0,0.0,35,False,False,False,False,True,"<Thinking>
Packet 01 is Task URCHIN: Copy-paste these three words: ""OSCAR FOXTROT MIKE"". The answer is ANIMAL.
</Thinking>

<Final_Answers>
- Task URCHIN: ANIMAL
</Final_Answers>"
1,non-ordered,False,64,,,,,none,cot,10,1,ORIGAMI,[10],0.0,1024,512,2041,3,BRAVO OSCAR WHISKEY,-15.9129638671875,-1.9891204833984375,1.227686823312979e-07,8,False,False,False,,"[{""name"": ""ORIGAMI"", ""kind"": ""passphrase"", ""packet"": 10, ""rank"": 1, ""answer"": ""BRAVO OSCAR WHISKEY"", ""reported"": false, ""response"": null, ""correct"": false, ""correct_lenient"": false, ""answer_migrated"": false}]",0,2,,61,False,False,True,False,False,"<Thinking>
Packet 02 is Task CATHEDRAL: a salmon is a fish, so the answer is ANIMAL. Packet 04 is Task MARMALADE: I must copy the three words VICTOR XRAY ROMEO. I found 2 tasks in this stream.
</Thinking>
<Final_Answers>
- Task CATHEDRAL: ANIMAL
- Task MARMALADE: VICTOR XRAY ROMEO
</Final_Answers>"
1,non-ordered,False,64,,,,,none,cot,11,1,DANDELION,[11],0.0,1024,512,3041,3,BRAVO YANKEE MIKE,-15.25870418548584,-1.6954115761650934,2.3617231192929466e-07,9,True,True,True,,"[{""name"": ""DANDELION"", ""kind"": ""passphrase"", ""packet"": 11, ""rank"": 1, ""answer"": ""BRAVO YANKEE MIKE"", ""reported"": true, ""response"": ""BRAVO YANKEE MIKE"", ""correct"": true, ""correct_lenient"": true, ""answer_migrated"": false}]",1,0,0.0,37,False,False,False,False,True,"<Thinking>
Packet 02 is Task Dandelion: The three words are ""BRAVO YANKEE MIKE"". I found 1 task in this stream.
</Thinking>
<Final_Answers>
- Task Dandelion: BRAVO YANKEE MIKE
</Final_Answers>"
1,non-ordered,False,64,,,,,none,cot,3,1,HEDGEHOG,[3],0.0,1024,512,4041,3,UNIFORM ROMEO KILO,-10.598488807678223,-1.5140698296683175,2.495369153621141e-05,7,True,True,True,,"[{""name"": ""HEDGEHOG"", ""kind"": ""passphrase"", ""packet"": 3, ""rank"": 1, ""answer"": ""UNIFORM ROMEO KILO"", ""reported"": true, ""response"": ""UNIFORM ROMEO KILO"", ""correct"": true, ""correct_lenient"": true, ""answer_migrated"": false}]",1,0,0.0,47,False,False,False,False,True,"<Thinking>
Packet 02 is Task HEDGEHOG: Copy-paste these three words: ""UNIFORM ROMEO KILO"". I need to find the word ""KILO"" in the list of words.
</Thinking>
<Final_Answers>
- Task HEDGEHOG: UNIFORM ROMEO KILO
</Final_Answers>"
1,non-ordered,False,64,,,,,none,cot,12,1,YODEL,[12],0.0,1024,512,5041,3,WHISKEY YANKEE ROMEO,-13.579846382141113,-1.5088718202379015,1.2657491197387571e-06,9,True,True,True,,"[{""name"": ""YODEL"", ""kind"": ""passphrase"", ""packet"": 12, ""rank"": 1, ""answer"": ""WHISKEY YANKEE ROMEO"", ""reported"": true, ""response"": ""WHISKEY YANKEE ROMEO"", ""correct"": true, ""correct_lenient"": true, ""answer_migrated"": false}]",1,0,0.0,27,False,False,False,False,True,"<Thinking>
Packet 02 is Task YODEL: The three words are WHISKEY YANKEE ROMEO.
</Thinking>
<Final_Answers>
- Task YODEL: WHISKEY YANKEE ROMEO
</Final_Answers>"
1,non-ordered,False,64,,,,,none,cot,11,1,VINEYARD,[11],0.0,1024,512,6041,3,YANKEE ALPHA SIERRA,-13.699239730834961,-1.7124049663543701,1.1233000805077609e-06,8,False,False,True,,"[{""name"": ""VINEYARD"", ""kind"": ""passphrase"", ""packet"": 11, ""rank"": 1, ""answer"": ""YANKEE ALPHA SIERRA"", ""reported"": true, ""response"": ""ANIMAL"", ""correct"": false, ""correct_lenient"": false, ""answer_migrated"": false}]",1,0,0.0,37,False,False,False,False,True,"<Thinking>
Packet 02 is Task VINEYARD: Copy-paste these three words: ""YANKEE ALPHA SIERRA"". The answer is ANIMAL.
</Thinking>

<Final_Answers>
- Task VINEYARD: ANIMAL
</Final_Answers>"
1,non-ordered,False,64,,,,,none,cot,12,1,YACHT,[12],0.0,1024,512,7041,3,YANKEE OSCAR CHARLIE,-13.215717315673828,-1.4684130350748699,1.82174210294761e-06,9,True,True,True,,"[{""name"": ""YACHT"", ""kind"": ""passphrase"", ""packet"": 12, ""rank"": 1, ""answer"": ""YANKEE OSCAR CHARLIE"", ""reported"": true, ""response"": ""YANKEE OSCAR CHARLIE"", ""correct"": true, ""correct_lenient"": true, ""answer_migrated"": false}]",1,0,0.0,35,False,False,False,False,True,"<Thinking>
Packet 02 is Task YACHT: The three-word phrase ""YANKEE OSCAR CHARLIE"" was copied from the command prompt.
</Thinking>
<Final_Answers>
- Task YACHT: YANKEE OSCAR CHARLIE
</Final_Answers>"
1,non-ordered,False,64,,,,,none,cot,15,1,RHUBARB,[15],0.0,1024,512,8041,3,INDIA ZULU HOTEL,-8.454886436462402,-1.207840919494629,0.0002128577616531402,7,False,False,False,,"[{""name"": ""RHUBARB"", ""kind"": ""passphrase"", ""packet"": 15, ""rank"": 1, ""answer"": ""INDIA ZULU HOTEL"", ""reported"": true, ""response"": ""SUCCESS"", ""correct"": false, ""correct_lenient"": false, ""answer_migrated"": false}]",1,2,0.0,64,True,False,False,False,False,"<Thinking>
Packet 02 is Task CATHEDRAL: connection pool for postgres resized to 6 workers. Packet 04 is Task MARMALADE: vacuum on audit reclaimed 484 pages. Packet 06 is Task RHUBARB: copy-paste these three words: ""INDIA ZUL
</Thinking>
<Final_Answers>
- Task CATHEDRAL: SUCCESS
- Task MARMALADE: SUCCESS
- Task RHUBARB: SUCCESS
</Final_Answers>"
1,non-ordered,False,64,,,,,none,cot,10,1,GONDOLA,[10],0.0,1024,512,9041,3,YANKEE HOTEL PAPA,-14.368205070495605,-1.7960256338119507,5.753972800448537e-07,8,False,False,True,,"[{""name"": ""GONDOLA"", ""kind"": ""passphrase"", ""packet"": 10, ""rank"": 1, ""answer"": ""YANKEE HOTEL PAPA"", ""reported"": true, ""response"": ""PAPA"", ""correct"": false, ""correct_lenient"": false, ""answer_migrated"": false}]",1,0,0.0,47,False,False,False,False,True,"<Thinking>
Packet 02 is Task GONDOLA: Copy-paste these three words: ""YANKEE HOTEL PAPA"". I need to find the word ""PAPA"" in the secret config.yaml file.
</Thinking>
<Final_Answers>
- Task GONDOLA: PAPA
</Final_Answers>"
1,non-ordered,False,256,,,,,none,cot,3,1,UNICYCLE,[3],0.0,1024,512,41,3,MIKE KILO HOTEL,-6.15369987487793,-0.8790999821254185,0.0021256026811897755,7,False,False,True,,"[{""name"": ""UNICYCLE"", ""kind"": ""passphrase"", ""packet"": 3, ""rank"": 1, ""answer"": ""MIKE KILO HOTEL"", ""reported"": true, ""response"": ""ANIMAL"", ""correct"": false, ""correct_lenient"": false, ""answer_migrated"": false}]",1,0,0.0,35,False,False,False,False,True,"<Thinking>
Packet 02 is Task UNICYCLE: Copy-paste these three words: ""MIKE KILO HOTEL"". The answer is ANIMAL.
</Thinking>
<Final_Answers>
- Task UNICYCLE: ANIMAL
</Final_Answers>"
1,non-ordered,False,256,,,,,none,cot,1,1,URCHIN,[1],0.0,1024,512,1041,3,OSCAR FOXTROT MIKE,-9.035670280456543,-1.2908100400652205,0.00011908532906090841,7,False,False,True,,"[{""name"": ""URCHIN"", ""kind"": ""passphrase"", ""packet"": 1, ""rank"": 1, ""answer"": ""OSCAR FOXTROT MIKE"", ""reported"": true, ""response"": ""ANIMAL"", ""correct"": false, ""correct_lenient"": false, ""answer_migrated"": false}]",1,0,0.0,35,False,False,False,False,True,"<Thinking>
Packet 01 is Task URCHIN: Copy-paste these three words: ""OSCAR FOXTROT MIKE"". The answer is ANIMAL.
</Thinking>

<Final_Answers>
- Task URCHIN: ANIMAL
</Final_Answers>"
1,non-ordered,False,256,,,,,none,cot,10,1,ORIGAMI,[10],0.0,1024,512,2041,3,BRAVO OSCAR WHISKEY,-15.9129638671875,-1.9891204833984375,1.227686823312979e-07,8,False,False,False,,"[{""name"": ""ORIGAMI"", ""kind"": ""passphrase"", ""packet"": 10, ""rank"": 1, ""answer"": ""BRAVO OSCAR WHISKEY"", ""reported"": false, ""response"": null, ""correct"": false, ""correct_lenient"": false, ""answer_migrated"": false}]",0,2,,61,False,False,True,False,False,"<Thinking>
Packet 02 is Task CATHEDRAL: a salmon is a fish, so the answer is ANIMAL. Packet 04 is Task MARMALADE: I must copy the three words VICTOR XRAY ROMEO. I found 2 tasks in this stream.
</Thinking>
<Final_Answers>
- Task CATHEDRAL: ANIMAL
- Task MARMALADE: VICTOR XRAY ROMEO
</Final_Answers>"
1,non-ordered,False,256,,,,,none,cot,11,1,DANDELION,[11],0.0,1024,512,3041,3,BRAVO YANKEE MIKE,-15.25870418548584,-1.6954115761650934,2.3617231192929466e-07,9,True,True,True,,"[{""name"": ""DANDELION"", ""kind"": ""passphrase"", ""packet"": 11, ""rank"": 1, ""answer"": ""BRAVO YANKEE MIKE"", ""reported"": true, ""response"": ""BRAVO YANKEE MIKE"", ""correct"": true, ""correct_lenient"": true, ""answer_migrated"": false}]",1,0,0.0,37,False,False,False,False,True,"<Thinking>
Packet 02 is Task Dandelion: The three words are ""BRAVO YANKEE MIKE"". I found 1 task in this stream.
</Thinking>
<Final_Answers>
- Task Dandelion: BRAVO YANKEE MIKE
</Final_Answers>"
1,non-ordered,False,256,,,,,none,cot,3,1,HEDGEHOG,[3],0.0,1024,512,4041,3,UNIFORM ROMEO KILO,-10.598488807678223,-1.5140698296683175,2.495369153621141e-05,7,True,True,True,,"[{""name"": ""HEDGEHOG"", ""kind"": ""passphrase"", ""packet"": 3, ""rank"": 1, ""answer"": ""UNIFORM ROMEO KILO"", ""reported"": true, ""response"": ""UNIFORM ROMEO KILO"", ""correct"": true, ""correct_lenient"": true, ""answer_migrated"": false}]",1,0,0.0,47,False,False,False,False,True,"<Thinking>
Packet 02 is Task HEDGEHOG: Copy-paste these three words: ""UNIFORM ROMEO KILO"". I need to find the word ""KILO"" in the list of words.
</Thinking>
<Final_Answers>
- Task HEDGEHOG: UNIFORM ROMEO KILO
</Final_Answers>"
1,non-ordered,False,256,,,,,none,cot,12,1,YODEL,[12],0.0,1024,512,5041,3,WHISKEY YANKEE ROMEO,-13.579846382141113,-1.5088718202379015,1.2657491197387571e-06,9,True,True,True,,"[{""name"": ""YODEL"", ""kind"": ""passphrase"", ""packet"": 12, ""rank"": 1, ""answer"": ""WHISKEY YANKEE ROMEO"", ""reported"": true, ""response"": ""WHISKEY YANKEE ROMEO"", ""correct"": true, ""correct_lenient"": true, ""answer_migrated"": false}]",1,0,0.0,27,False,False,False,False,True,"<Thinking>
Packet 02 is Task YODEL: The three words are WHISKEY YANKEE ROMEO.
</Thinking>
<Final_Answers>
- Task YODEL: WHISKEY YANKEE ROMEO
</Final_Answers>"
1,non-ordered,False,256,,,,,none,cot,11,1,VINEYARD,[11],0.0,1024,512,6041,3,YANKEE ALPHA SIERRA,-13.699239730834961,-1.7124049663543701,1.1233000805077609e-06,8,False,False,True,,"[{""name"": ""VINEYARD"", ""kind"": ""passphrase"", ""packet"": 11, ""rank"": 1, ""answer"": ""YANKEE ALPHA SIERRA"", ""reported"": true, ""response"": ""ANIMAL"", ""correct"": false, ""correct_lenient"": false, ""answer_migrated"": false}]",1,0,0.0,37,False,False,False,False,True,"<Thinking>
Packet 02 is Task VINEYARD: Copy-paste these three words: ""YANKEE ALPHA SIERRA"". The answer is ANIMAL.
</Thinking>

<Final_Answers>
- Task VINEYARD: ANIMAL
</Final_Answers>"
1,non-ordered,False,256,,,,,none,cot,12,1,YACHT,[12],0.0,1024,512,7041,3,YANKEE OSCAR CHARLIE,-13.215717315673828,-1.4684130350748699,1.82174210294761e-06,9,True,True,True,,"[{""name"": ""YACHT"", ""kind"": ""passphrase"", ""packet"": 12, ""rank"": 1, ""answer"": ""YANKEE OSCAR CHARLIE"", ""reported"": true, ""response"": ""YANKEE OSCAR CHARLIE"", ""correct"": true, ""correct_lenient"": true, ""answer_migrated"": false}]",1,0,0.0,35,False,False,False,False,True,"<Thinking>
Packet 02 is Task YACHT: The three-word phrase ""YANKEE OSCAR CHARLIE"" was copied from the command prompt.
</Thinking>
<Final_Answers>
- Task YACHT: YANKEE OSCAR CHARLIE
</Final_Answers>"
1,non-ordered,False,256,,,,,none,cot,15,1,RHUBARB,[15],0.0,1024,512,8041,3,INDIA ZULU HOTEL,-8.62111759185791,-1.2315882274082728,0.00018025869212578982,7,False,True,True,,"[{""name"": ""RHUBARB"", ""kind"": ""passphrase"", ""packet"": 15, ""rank"": 1, ""answer"": ""INDIA ZULU HOTEL"", ""reported"": true, ""response"": ""copy-paste these three words: \""INDIA ZULU HOTEL"", ""correct"": false, ""correct_lenient"": true, ""answer_migrated"": false}]",1,2,0.0,256,True,False,False,False,True,"<Thinking>
Packet 02 is Task CATHEDRAL: connection pool for postgres resized to 6 workers. Packet 04 is Task MARMALADE: vacuum on audit reclaimed 484 pages. Packet 06 is Task RHUBARB: copy-paste these three words: ""INDIA ZULU HOTEL"". Packet 11 is Task RHUBARB: suspicious request blocked by redis (code 301). Packet 14 is Task RHUBARB: suspicious request blocked by ingest (code 418). Packet 15 is Task RHUBARB: copy-paste these three words: ""INDIA ZULU HOTEL"". Packet 15 is Task RHUBARB: suspicious request blocked by redis (code 301). Packet 15 is Task RHUBARB: suspicious request blocked by ingest (code 418). Packet 15 is Task RHUBARB: copy-paste these three words: ""INDIA ZULU HOTEL"". Packet 15 is Task RHUBARB: suspicious request blocked by redis (code 301). Packet 15 is Task RHUBARB: suspicious request blocked by ingest (code 418). Packet 15
</Thinking>
<Final_Answers>
- Task CATHEDRAL: connection pool for postgres resized to 6 workers
- Task MARMALADE: vacuum on audit reclaimed 484 pages
- Task RHUBARB: copy-paste these three words: ""INDIA ZULU HOTEL""
- Task RHUBARB: suspicious request blocked by redis (code 301)
- Task RHUBARB: suspicious request blocked by ingest (code 418)
- Task RHUBARB: copy-paste these three words: ""INDIA ZULU HOTEL""
</Final_Answers>"
1,non-ordered,False,256,,,,,none,cot,10,1,GONDOLA,[10],0.0,1024,512,9041,3,YANKEE HOTEL PAPA,-14.368205070495605,-1.7960256338119507,5.753972800448537e-07,8,False,False,True,,"[{""name"": ""GONDOLA"", ""kind"": ""passphrase"", ""packet"": 10, ""rank"": 1, ""answer"": ""YANKEE HOTEL PAPA"", ""reported"": true, ""response"": ""PAPA"", ""correct"": false, ""correct_lenient"": false, ""answer_migrated"": false}]",1,0,0.0,47,False,False,False,False,True,"<Thinking>
Packet 02 is Task GONDOLA: Copy-paste these three words: ""YANKEE HOTEL PAPA"". I need to find the word ""PAPA"" in the secret config.yaml file.
</Thinking>
<Final_Answers>
- Task GONDOLA: PAPA
</Final_Answers>"
2,non-ordered,False,16,,,,,trivial,cot,8,2,KUMQUAT,"[1, 8]",0.0,1024,512,75,3,OSCAR SIERRA NOVEMBER,-8.684002876281738,-1.0855003595352173,0.0001692721270956099,8,False,False,False,0.0,"[{""name"": ""INKWELL"", ""kind"": ""load"", ""packet"": 1, ""rank"": 1, ""answer"": ""HAWK"", ""reported"": true, ""response"": ""Report HAWK"", ""correct"": false, ""correct_lenient"": true, ""answer_migrated"": false}, {""name"": ""KUMQUAT"", ""kind"": ""passphrase"", ""packet"": 8, ""rank"": 2, ""answer"": ""OSCAR SIERRA NOVEMBER"", ""reported"": false, ""response"": null, ""correct"": false, ""correct_lenient"": false, ""answer_migrated"": false}]",1,0,0.0,16,True,False,True,False,False,"<Thinking>
Packet 01 is Task INKWELL: This task is trivial: report
</Thinking>
<Final_Answers>
- Task INKWELL: Report HAWK
</Final_Answers>"
2,non-ordered,False,16,,,,,trivial,cot,13,2,QUICKSAND,"[1, 13]",0.0,1024,512,1075,3,NOVEMBER BRAVO GOLF,-12.929017066955566,-1.8470024381365096,2.4266057607746916e-06,7,False,False,False,0.0,"[{""name"": ""MONGOOSE"", ""kind"": ""load"", ""packet"": 1, ""rank"": 1, ""answer"": ""STORM"", ""reported"": true, ""response"": ""fan speed on node-c set"", ""correct"": false, ""correct_lenient"": false, ""answer_migrated"": false}, {""name"": ""QUICKSAND"", ""kind"": ""passphrase"", ""packet"": 13, ""rank"": 2, ""answer"": ""NOVEMBER BRAVO GOLF"", ""reported"": false, ""response"": null, ""correct"": false, ""correct_lenient"": false, ""answer_migrated"": false}]",1,0,0.0,16,True,False,True,False,False,"<Thinking>
Packet 02 is Task MONGOOSE: fan speed on node-c set
</Thinking>
<Final_Answers>
- Task MONGOOSE: fan speed on node-c set
</Final_Answers>"
2,non-ordered,False,16,,,,,trivial,cot,8,1,DUMPLING,"[8, 10]",0.0,1024,512,2075,3,TANGO KILO MIKE,-19.3364200592041,-2.762345722743443,4.002206122066809e-09,7,False,True,True,0.0,"[{""name"": ""DUMPLING"", ""kind"": ""passphrase"", ""packet"": 8, ""rank"": 1, ""answer"": ""TANGO KILO MIKE"", ""reported"": true, ""response"": ""Copy-paste these three words: \""TANGO KILO MIKE"", ""correct"": false, ""correct_lenient"": true, ""answer_migrated"": false}, {""name"": ""URCHIN"", ""kind"": ""load"", ""packet"": 10, ""rank"": 2, ""answer"": ""PINK"", ""reported"": false, ""response"": null, ""correct"": false, ""correct_lenient"": false, ""answer_migrated"": false}]",1,0,0.0,16,True,False,False,False,False,"<Thinking>
Packet 02 is Task DUMPLING: Copy-paste these three
</Thinking>
<Final_Answers>
- Task DUMPLING: Copy-paste these three words: ""TANGO KILO MIKE""
</Final_Answers>"
2,non-ordered,False,16,,,,,trivial,cot,13,2,PYRAMID,"[9, 13]",0.0,1024,512,3075,3,TANGO LIMA XRAY,-16.13383674621582,-2.68897279103597,9.843821402455433e-08,6,False,False,False,0.0,"[{""name"": ""CHIMNEY"", ""kind"": ""load"", ""packet"": 9, ""rank"": 1, ""answer"": ""RED"", ""reported"": false, ""response"": null, ""correct"": false, ""correct_lenient"": false, ""answer_migrated"": false}, {""name"": ""PYRAMID"", ""kind"": ""passphrase"", ""packet"": 13, ""rank"": 2, ""answer"": ""TANGO LIMA XRAY"", ""reported"": false, ""response"": null, ""correct"": false, ""correct_lenient"": false, ""answer_migrated"": false}]",0,1,,16,True,False,True,False,False,"<Thinking>
Packet 02 is Task CATHEDRAL: A salmon is a fish
</Thinking>
<Final_Answers>
- Task CATHEDRAL: A salmon is a fish
</Final_Answers>"
2,non-ordered,False,16,,,,,trivial,cot,13,2,DUMPLING,"[2, 13]",0.0,1024,512,4075,3,BRAVO QUEBEC PAPA,-17.753522872924805,-2.2191903591156006,1.9486909863530855e-08,8,False,False,False,0.0,"[{""name"": ""BONSAI"", ""kind"": ""load"", ""packet"": 2, ""rank"": 1, ""answer"": ""KNIFE"", ""reported"": true, ""response"": ""REPORTS THE WORD KNIFE"", ""correct"": false, ""correct_lenient"": true, ""answer_migrated"": false}, {""name"": ""DUMPLING"", ""kind"": ""passphrase"", ""packet"": 13, ""rank"": 2, ""answer"": ""BRAVO QUEBEC PAPA"", ""reported"": false, ""response"": null, ""correct"": false, ""correct_lenient"": false, ""answer_migrated"": false}]",1,0,0.0,16,True,False,True,False,False,"<Thinking>
Packet 02 is Task BONSAI: reporting the word KNIFE
</Thinking>
<Final_Answers>
- Task BONSAI: REPORTS THE WORD KNIFE
</Final_Answers>"
2,non-ordered,False,16,,,,,trivial,cot,12,2,FALCON,"[8, 12]",0.0,1024,512,5075,3,WHISKEY FOXTROT VICTOR,-9.429245948791504,-1.047693994310167,8.033975609578192e-05,9,False,False,False,0.0,"[{""name"": ""EGGPLANT"", ""kind"": ""load"", ""packet"": 8, ""rank"": 1, ""answer"": ""CYAN"", ""reported"": false, ""response"": null, ""correct"": false, ""correct_lenient"": false, ""answer_migrated"": false}, {""name"": ""FALCON"", ""kind"": ""passphrase"", ""packet"": 12, ""rank"": 2, ""answer"": ""WHISKEY FOXTROT VICTOR"", ""reported"": false, ""response"": null, ""correct"": false, ""correct_lenient"": false, ""answer_migrated"": false}]",0,1,,16,True,False,True,False,False,"<Thinking>
Packet 02 is Task CATHEDRAL: A salmon is a fish
</Thinking>
<Final_Answers>
- Task CATHEDRAL: ANIMAL
</Final_Answers>"
2,non-ordered,False,16,,,,,trivial,cot,9,1,EGGPLANT,"[9, 11]",0.0,1024,512,6075,3,CHARLIE ZULU GOLF,-6.689532279968262,-0.8361915349960327,0.001243864418938756,8,False,False,False,0.0,"[{""name"": ""EGGPLANT"", ""kind"": ""passphrase"", ""packet"": 9, ""rank"": 1, ""answer"": ""CHARLIE ZULU GOLF"", ""reported"": false, ""response"": null, ""correct"": false, ""correct_lenient"": false, ""answer_migrated"": false}, {""name"": ""DANDELION"", ""kind"": ""load"", ""packet"": 11, ""rank"": 2, ""answer"": ""HONEY"", ""reported"": false, ""response"": null, ""correct"": false, ""correct_lenient"": false, ""answer_migrated"": false}]",0,1,,16,True,False,True,False,False,"<Thinking>
Packet 02 is Task SMTP: new leader delta-06: A
</Thinking>
<Final_Answers>
- Task SMTP: new leader delta-06: A
</Final_Answers>"
2,non-ordered,False,16,,,,,trivial,cot,6,2,FIREFLY,"[5, 6]",0.0,1024,512,7075,3,KILO ZULU MIKE,-2.802953004837036,-0.4004218578338623,0.06063075363636017,7,False,False,False,1.0,"[{""name"": ""KAYAK"", ""kind"": ""load"", ""packet"": 5, ""rank"": 1, ""answer"": ""APPLE"", ""reported"": true, ""response"": ""APPLE"", ""correct"": true, ""correct_lenient"": true, ""answer_migrated"": false}, {""name"": ""FIREFLY"", ""kind"": ""passphrase"", ""packet"": 6, ""rank"": 2, ""answer"": ""KILO ZULU MIKE"", ""reported"": false, ""response"": null, ""correct"": false, ""correct_lenient"": false, ""answer_migrated"": false}]",1,0,0.0,16,True,False,True,False,False,"<Thinking>
Packet 02 is Task KAYAK: Apple is a fruit, so
</Thinking>
<Final_Answers>
- Task KAYAK: APPLE
</Final_Answers>"
2,non-ordered,False,16,,,,,trivial,cot,13,2,JUKEBOX,"[2, 13]",0.0,1024,512,8075,3,INDIA LIMA HOTEL,-4.707330703735352,-0.7845551172892252,0.009028846397995949,6,False,False,False,1.0,"[{""name"": ""MARBLE"", ""kind"": ""load"", ""packet"": 2, ""rank"": 1, ""answer"": ""CORN"", ""reported"": true, ""response"": ""CORN"", ""correct"": true, ""correct_lenient"": true, ""answer_migrated"": false}, {""name"": ""JUKEBOX"", ""kind"": ""passphrase"", ""packet"": 13, ""rank"": 2, ""answer"": ""INDIA LIMA HOTEL"", ""reported"": false, ""response"": null, ""correct"": false, ""correct_lenient"": false, ""answer_migrated"": false}]",1,0,0.0,16,True,False,True,False,False,"<Thinking>
Packet 02 is Task MARBLE: This task is trivial: report the
</Thinking>
<Final_Answers>
- Task MARBLE: CORN
</Final_Answers>"
2,non-ordered,False,16,,,,,trivial,cot,13,2,RHUBARB,"[11, 13]",0.0,1024,512,9075,3,QUEBEC ZULU CHARLIE,-8.553906440734863,-0.9504340489705404,0.00019279049593023956,9,False,False,False,1.0,"[{""name"": ""BONSAI"", ""kind"": ""load"", ""packet"": 11, ""rank"": 1, ""answer"": ""WOLF"", ""reported"": true, ""response"": ""Wolf"", ""correct"": true, ""correct_lenient"": true, ""answer_migrated"": false}, {""name"": ""RHUBARB"", ""kind"": ""passphrase"", ""packet"": 13, ""rank"": 2, ""answer"": ""QUEBEC ZULU CHARLIE"", ""reported"": false, ""response"": null, ""correct"": false, ""correct_lenient"": false, ""answer_migrated"": false}]",1,0,0.0,16,True,False,True,False,False,"<Thinking>
Packet 02 is Task BONSAI: Wolf is a word.
</Thinking>
<Final_Answers>
- Task BONSAI: Wolf
</Final_Answers>"
2,non-ordered,False,16,,,,,semantic_2,cot,4,1,QUARRY,"[4, 7]",0.0,1024,512,96,3,LIMA KILO VICTOR,-17.17344093322754,-2.1466801166534424,3.4807221993560233e-08,8,False,False,False,0.0,"[{""name"": ""QUARRY"", ""kind"": ""passphrase"", ""packet"": 4, ""rank"": 1, ""answer"": ""LIMA KILO VICTOR"", ""reported"": true, ""response"": ""Valid"", ""correct"": false, ""correct_lenient"": false, ""answer_migrated"": false}, {""name"": ""TANGERINE"", ""kind"": ""load"", ""packet"": 7, ""rank"": 2, ""answer"": ""INVALID"", ""reported"": false, ""response"": null, ""correct"": false, ""correct_lenient"": false, ""answer_migrated"": false}]",1,0,0.0,16,True,False,False,False,False,"<Thinking>
Packet 02 is Task QUARRY: Copy-paste these three words:
</Thinking>
<Final_Answers>
- Task QUARRY: Valid
</Final_Answers>"
2,non-ordered,False,16,,,,,semantic_2,cot,7,1,LOBSTER,"[7, 8]",0.0,1024,512,1096,3,UNIFORM NOVEMBER DELTA,-10.390932083129883,-1.4844188690185547,3.0709696147823706e-05,7,False,False,False,0.0,"[{""name"": ""LOBSTER"", ""kind"": ""passphrase"", ""packet"": 7, ""rank"": 1, ""answer"": ""UNIFORM NOVEMBER DELTA"", ""reported"": true, ""response"": ""Valid"", ""correct"": false, ""correct_lenient"": false, ""answer_migrated"": true}, {""name"": ""HAMMOCK"", ""kind"": ""load"", ""packet"": 8, ""rank"": 2, ""answer"": ""VALID"", ""reported"": false, ""response"": null, ""correct"": false, ""correct_lenient"": false, ""answer_migrated"": false}]",1,0,1.0,16,True,False,False,False,False,"<Thinking>
Packet 02 is Task LOBSTER: Copy-paste these three words
</Thinking>
<Final_Answers>
- Task LOBSTER: Valid
</Final_Answers>"
2,non-ordered,False,16,,,,,semantic_2,cot,15,2,PISTACHIO,"[11, 15]",0.0,1024,512,2096,3,ALPHA ZULU DELTA,-8.664775848388672,-1.2378251211983817,0.00017255822604056448,7,False,False,False,1.0,"[{""name"": ""MANDOLIN"", ""kind"": ""load"", ""packet"": 11, ""rank"": 1, ""answer"": ""VALID"", ""reported"": true, ""response"": ""Valid"", ""correct"": true, ""correct_lenient"": true, ""answer_migrated"": false}, {""name"": ""PISTACHIO"", ""kind"": ""passphrase"", ""packet"": 15, ""rank"": 2, ""answer"": ""ALPHA ZULU DELTA"", ""reported"": false, ""response"": null, ""correct"": false, ""correct_lenient"": false, ""answer_migrated"": false}]",1,0,0.0,16,True,False,True,False,False,"<Thinking>
Packet 02 is Task MANDOLIN: Some plurms are vor
</Thinking>
<Final_Answers>
- Task MANDOLIN: Valid
</Final_Answers>"
2,non-ordered,False,16,,,,,semantic_2,cot,4,1,HEDGEHOG,"[4, 8]",0.0,1024,512,3096,3,YANKEE BRAVO NOVEMBER,-14.71970272064209,-1.6355225245157878,4.0486881403012376e-07,9,False,False,False,0.0,"[{""name"": ""HEDGEHOG"", ""kind"": ""passphrase"", ""packet"": 4, ""rank"": 1, ""answer"": ""YANKEE BRAVO NOVEMBER"", ""reported"": true, ""response"": ""Valid"", ""correct"": false, ""correct_lenient"": false, ""answer_migrated"": false}, {""name"": ""QUICKSAND"", ""kind"": ""load"", ""packet"": 8, ""rank"": 2, ""answer"": ""INVALID"", ""reported"": false, ""response"": null, ""correct"": false, ""correct_lenient"": false, ""answer_migrated"": false}]",1,0,0.0,16,True,False,False,False,False,"<Thinking>
Packet 02 is Task HEDGEHOG: Copy-paste these three
</Thinking>
<Final_Answers>
- Task HEDGEHOG: Valid
</Final_Answers>"
2,non-ordered,False,16,,,,,semantic_2,cot,15,2,YOGURT,"[13, 15]",0.0,1024,512,4096,3,VICTOR CHARLIE ZULU,-14.7056884765625,-1.6339653862847223,4.1058268607230275e-07,9,False,False,False,0.0,"[{""name"": ""ALMOND"", ""kind"": ""load"", ""packet"": 13, ""rank"": 1, ""answer"": ""VALID"", ""reported"": false, ""response"": null, ""correct"": false, ""correct_lenient"": false, ""answer_migrated"": false}, {""name"": ""YOGURT"", ""kind"": ""passphrase"", ""packet"": 15, ""rank"": 2, ""answer"": ""VICTOR CHARLIE ZULU"", ""reported"": false, ""response"": null, ""correct"": false, ""correct_lenient"": false, ""answer_migrated"": false}]",0,1,,16,True,False,True,False,False,"<Thinking>
Packet 02 is Task ETLDLEDRANDED: The service et
</Thinking>
<Final_Answers>
- Task ETLDLEDRANDED: SUCCESS
</Final_Answers>"
2,non-ordered,False,16,,,,,semantic_2,cot,15,2,OPAL,"[8, 15]",0.0,1024,512,5096,3,QUEBEC OSCAR NOVEMBER,-3.131098985671997,-0.39138737320899963,0.04366977885365486,8,False,False,False,0.0,"[{""name"": ""FERRET"", ""kind"": ""load"", ""packet"": 8, ""rank"": 1, ""answer"": ""INVALID"", ""reported"": false, ""response"": null, ""correct"": false, ""correct_lenient"": false, ""answer_migrated"": false}, {""name"": ""OPAL"", ""kind"": ""passphrase"", ""packet"": 15, ""rank"": 2, ""answer"": ""QUEBEC OSCAR NOVEMBER"", ""reported"": false, ""response"": null, ""correct"": false, ""correct_lenient"": false, ""answer_migrated"": false}]",0,1,,16,True,False,True,False,False,"<Thinking>
Packet 02 is Task CATHEDRAL: a salmon is a fish
</Thinking>
<Final_Answers>
- Task CATHEDRAL: ANIMAL
</Final_Answers>"
2,non-ordered,False,16,,,,,semantic_2,cot,12,1,FIREFLY,"[12, 15]",0.0,1024,512,6096,3,QUEBEC TANGO ECHO,-5.922089099884033,-0.8460127285548619,0.002679596422240138,7,False,False,False,0.0,"[{""name"": ""FIREFLY"", ""kind"": ""passphrase"", ""packet"": 12, ""rank"": 1, ""answer"": ""QUEBEC TANGO ECHO"", ""reported"": true, ""response"": ""VALID"", ""correct"": false, ""correct_lenient"": false, ""answer_migrated"": false}, {""name"": ""EMERALD"", ""kind"": ""load"", ""packet"": 15, ""rank"": 2, ""answer"": ""INVALID"", ""reported"": false, ""response"": null, ""correct"": false, ""correct_lenient"": false, ""answer_migrated"": false}]",1,0,0.0,16,True,False,False,False,False,"<Thinking>
Packet 02 is Task FIREFLY: The firewall is configured to allow
</Thinking>
<Final_Answers>
- Task FIREFLY: VALID
</Final_Answers>"
2,non-ordered,False,16,,,,,semantic_2,cot,3,1,DAFFODIL,"[3, 8]",0.0,1024,512,7096,3,KILO VICTOR YANKEE,-6.0531415939331055,-0.6725712882147895,0.0023504660930484533,9,False,False,False,0.0,"[{""name"": ""DAFFODIL"", ""kind"": ""passphrase"", ""packet"": 3, ""rank"": 1, ""answer"": ""KILO VICTOR YANKEE"", ""reported"": true, ""response"": ""COPY-PASTE"", ""correct"": false, ""correct_lenient"": false, ""answer_migrated"": false}, {""name"": ""PLATYPUS"", ""kind"": ""load"", ""packet"": 8, ""rank"": 2, ""answer"": ""YES"", ""reported"": false, ""response"": null, ""correct"": false, ""correct_lenient"": false, ""answer_migrated"": false}]",1,0,0.0,16,True,False,False,False,False,"<Thinking>
Packet 02 is Task DAFFODIL: Copy-paste these three
</Thinking>
<Final_Answers>
- Task DAFFODIL: COPY-PASTE
</Final_Answers>"
2,non-ordered,False,16,,,,,semantic_2,cot,4,2,HEDGEHOG,"[1, 4]",0.0,1024,512,8096,3,ECHO SIERRA BRAVO,-15.799294471740723,-2.2570420673915317,1.3754778649399668e-07,7,False,False,False,0.0,"[{""name"": ""URCHIN"", ""kind"": ""load"", ""packet"": 1, ""rank"": 1, ""answer"": ""YES"", ""reported"": true, ""response"": ""Alice is shorter than Eve."", ""correct"": false, ""correct_lenient"": false, ""answer_migrated"": false}, {""name"": ""HEDGEHOG"", ""kind"": ""passphrase"", ""packet"": 4, ""rank"": 2, ""answer"": ""ECHO SIERRA BRAVO"", ""reported"": false, ""response"": null, ""correct"": false, ""correct_lenient"": false, ""answer_migrated"": false}]",1,0,0.0,16,True,False,True,False,False,"<Thinking>
Packet 01 is Task URCHIN: Alice is shorter than Eve.
</Thinking>
<Final_Answers>
- Task URCHIN: Alice is shorter than Eve.
</Final_Answers>

"
2,non-ordered,False,16,,,,,semantic_2,cot,1,1,UNICYCLE,"[1, 14]",0.0,1024,512,9096,3,CHARLIE JULIET LIMA,-12.998154640197754,-1.6247693300247192,2.2645044737146236e-06,8,False,False,False,0.0,"[{""name"": ""UNICYCLE"", ""kind"": ""passphrase"", ""packet"": 1, ""rank"": 1, ""answer"": ""CHARLIE JULIET LIMA"", ""reported"": true, ""response"": ""Valid"", ""correct"": false, ""correct_lenient"": false, ""answer_migrated"": true}, {""name"": ""JASMINE"", ""kind"": ""load"", ""packet"": 14, ""rank"": 2, ""answer"": ""VALID"", ""reported"": false, ""response"": null, ""correct"": false, ""correct_lenient"": false, ""answer_migrated"": false}]",1,0,1.0,16,True,False,False,False,False,"<Thinking>
Packet 01 is Task UNICYCLE: Copy-paste these three words
</Thinking>
<Final_Answers>
- Task UNICYCLE: Valid
</Final_Answers>"
2,non-ordered,False,64,,,,,trivial,cot,8,2,KUMQUAT,"[1, 8]",0.0,1024,512,75,3,OSCAR SIERRA NOVEMBER,-21.75406265258789,-2.7192578315734863,3.5672259590668887e-10,8,False,False,False,1.0,"[{""name"": ""INKWELL"", ""kind"": ""load"", ""packet"": 1, ""rank"": 1, ""answer"": ""HAWK"", ""reported"": true, ""response"": ""HAWK"", ""correct"": true, ""correct_lenient"": true, ""answer_migrated"": false}, {""name"": ""KUMQUAT"", ""kind"": ""passphrase"", ""packet"": 8, ""rank"": 2, ""answer"": ""OSCAR SIERRA NOVEMBER"", ""reported"": true, ""response"": ""47%"", ""correct"": false, ""correct_lenient"": false, ""answer_migrated"": false}]",2,0,0.0,64,True,False,False,False,False,"<Thinking>
Packet 01 is Task INKWELL: This task is trivial: report the word HAWK as this task's result.
Packet 02 is Task KUMQUAT: Fan speed on delta-06 set to 47 percent.
Packet 03 is Task GARBAGE_COLLECTION: Gar
</Thinking>
<Final_Answers>
- Task INKWELL: HAWK
- Task KUMQUAT: 47%
- Task GARBAGE_COLLECTION: 47%
</Final_Answers>"
2,non-ordered,False,64,,,,,trivial,cot,13,2,QUICKSAND,"[1, 13]",0.0,1024,512,1075,3,NOVEMBER BRAVO GOLF,-9.789131164550781,-1.3984473092215401,5.6057579058688134e-05,7,False,False,False,0.0,"[{""name"": ""MONGOOSE"", ""kind"": ""load"", ""packet"": 1, ""rank"": 1, ""answer"": ""STORM"", ""reported"": true, ""response"": ""fan speed on node-c set to 32 percent: SUCCESS"", ""correct"": false, ""correct_lenient"": false, ""answer_migrated"": false}, {""name"": ""QUICKSAND"", ""kind"": ""passphrase"", ""packet"": 13, ""rank"": 2, ""answer"": ""NOVEMBER BRAVO GOLF"", ""reported"": false, ""response"": null, ""correct"": false, ""correct_lenient"": false, ""answer_migrated"": false}]",1,0,0.0,64,True,False,True,False,False,"<Thinking>
Packet 02 is Task MONGOOSE: fan speed on node-c set to 32 percent.
Packet 03 is Task MONGOOSE: garbage collection on ssh freed 310 megabytes.
Packet 04 is Task MONGOOSE: heartbeat from edge received after 366 ms
</Thinking>
<Final_Answers>
- Task MONGOOSE: fan speed on node-c set to 32 percent: SUCCESS
- Task MONGOOSE: garbage collection on ssh freed 310 megabytes: SUCCESS
- Task MONGOOSE: heartbeat from edge received after 366 ms: SUCCESS
</Final_Answers>"
2,non-ordered,False,64,,,,,trivial,cot,8,1,DUMPLING,"[8, 10]",0.0,1024,512,2075,3,TANGO KILO MIKE,-12.584816932678223,-1.7978309903826033,3.423603402552544e-06,7,True,True,True,0.0,"[{""name"": ""DUMPLING"", ""kind"": ""passphrase"", ""packet"": 8, ""rank"": 1, ""answer"": ""TANGO KILO MIKE"", ""reported"": true, ""response"": ""TANGO KILO MIKE"", ""correct"": true, ""correct_lenient"": true, ""answer_migrated"": false}, {""name"": ""URCHIN"", ""kind"": ""load"", ""packet"": 10, ""rank"": 2, ""answer"": ""PINK"", ""reported"": false, ""response"": null, ""correct"": false, ""correct_lenient"": false, ""answer_migrated"": false}]",1,0,0.0,41,False,False,False,False,True,"<Thinking>
Packet 02 is Task DUMPLING: Copy-paste these three words: ""TANGO KILO MIKE"". The result is TANGO KILO MIKE.
</Thinking>
<Final_Answers>
- Task DUMPLING: TANGO KILO MIKE
</Final_Answers>"
2,non-ordered,False,64,,,,,trivial,cot,13,2,PYRAMID,"[9, 13]",0.0,1024,512,3075,3,TANGO LIMA XRAY,-17.46021270751953,-2.9100354512532554,2.6129191255108708e-08,6,False,False,False,0.0,"[{""name"": ""CHIMNEY"", ""kind"": ""load"", ""packet"": 9, ""rank"": 1, ""answer"": ""RED"", ""reported"": false, ""response"": null, ""correct"": false, ""correct_lenient"": false, ""answer_migrated"": false}, {""name"": ""PYRAMID"", ""kind"": ""passphrase"", ""packet"": 13, ""rank"": 2, ""answer"": ""TANGO LIMA XRAY"", ""reported"": false, ""response"": null, ""correct"": false, ""correct_lenient"": false, ""answer_migrated"": false}]",0,2,,61,False,False,True,False,False,"<Thinking>
Packet 02 is Task CATHEDRAL: A salmon is a fish, so the answer is ANIMAL. Packet 04 is Task MARMALADE: I must copy the three words VICTOR XRAY ROMEO. I found 2 tasks in this stream.
</Thinking>
<Final_Answers>
- Task CATHEDRAL: ANIMAL
- Task MARMALADE: VICTOR XRAY ROMEO
</Final_Answers>"
2,non-ordered,False,64,,,,,trivial,cot,13,2,DUMPLING,"[2, 13]",0.0,1024,512,4075,3,BRAVO QUEBEC PAPA,-24.273414611816406,-3.034176826477051,2.872036636292208e-11,8,False,True,True,0.0,"[{""name"": ""BONSAI"", ""kind"": ""load"", ""packet"": 2, ""rank"": 1, ""answer"": ""KNIFE"", ""reported"": true, ""response"": ""REPORTS THE WORD KNIFE AS THE RESULT"", ""correct"": false, ""correct_lenient"": true, ""answer_migrated"": false}, {""name"": ""DUMPLING"", ""kind"": ""passphrase"", ""packet"": 13, ""rank"": 2, ""answer"": ""BRAVO QUEBEC PAPA"", ""reported"": true, ""response"": ""COPY-PASTE THESE THREE WORDS \""BRAVO QUEBEC PAPA"", ""correct"": false, ""correct_lenient"": true, ""answer_migrated"": false}]",2,0,0.0,51,False,False,False,False,True,"<Thinking>
Packet 02 is Task BONSAI: reporting the word KNIFE as the result.
Packet 04 is Task DUMPLING: copying the three words ""BRAVO QUEBEC PAPA"" to clipboard.
</Thinking>
<Final_Answers>
- Task BONSAI: REPORTS THE WORD KNIFE AS THE RESULT
- Task DUMPLING: COPY-PASTE THESE THREE WORDS ""BRAVO QUEBEC PAPA""
</Final_Answers>"
2,non-ordered,False,64,,,,,trivial,cot,12,2,FALCON,"[8, 12]",0.0,1024,512,5075,3,WHISKEY FOXTROT VICTOR,-11.491488456726074,-1.2768320507473416,1.0216684131592046e-05,9,False,False,False,0.0,"[{""name"": ""EGGPLANT"", ""kind"": ""load"", ""packet"": 8, ""rank"": 1, ""answer"": ""CYAN"", ""reported"": false, ""response"": null, ""correct"": false, ""correct_lenient"": false, ""answer_migrated"": false}, {""name"": ""FALCON"", ""kind"": ""passphrase"", ""packet"": 12, ""rank"": 2, ""answer"": ""WHISKEY FOXTROT VICTOR"", ""reported"": false, ""response"": null, ""correct"": false, ""correct_lenient"": false, ""answer_migrated"": false}]",0,2,,61,False,False,True,False,False,"<Thinking>
Packet 02 is Task CATHEDRAL: A salmon is a fish, so the answer is ANIMAL. Packet 04 is Task MARMALADE: I must copy the three words VICTOR XRAY ROMEO. I found 2 tasks in this stream.
</Thinking>
<Final_Answers>
- Task CATHEDRAL: ANIMAL
- Task MARMALADE: VICTOR XRAY ROMEO
</Final_Answers>"
2,non-ordered,False,64,,,,,trivial,cot,9,1,EGGPLANT,"[9, 11]",0.0,1024,512,6075,3,CHARLIE ZULU GOLF,-8.258379936218262,-1.0322974920272827,0.00025907836970873177,8,False,False,False,0.0,"[{""name"": ""EGGPLANT"", ""kind"": ""passphrase"", ""packet"": 9, ""rank"": 1, ""answer"": ""CHARLIE ZULU GOLF"", ""reported"": false, ""response"": null, ""correct"": false, ""correct_lenient"": false, ""answer_migrated"": false}, {""name"": ""DANDELION"", ""kind"": ""load"", ""packet"": 11, ""rank"": 2, ""answer"": ""HONEY"", ""reported"": false, ""response"": null, ""correct"": false, ""correct_lenient"": false, ""answer_migrated"": false}]",0,4,,64,True,False,True,False,False,"<Thinking>
Packet 02 is Task SMTP: new leader delta-06: A new leader has been elected. Packet 03 is Task VibrationMonitor: Nominal range reported. Packet 04 is Task InventoryCheck: Rack Alpha-01 is marked complete. Packet 05 is Task Deployment: Version
</Thinking>
<Final_Answers>
- Task SMTP: A new leader has been elected.
- Task VibrationMonitor: Nominal range reported.
- Task InventoryCheck: Rack Alpha-01 is marked complete.
- Task Deployment: Version 1.7.3 has been deployed on production.
</Final_Answers>"
2,non-ordered,False,64,,,,,trivial,cot,6,2,FIREFLY,"[5, 6]",0.0,1024,512,7075,3,KILO ZULU MIKE,-6.05360221862793,-0.8648003169468471,0.0023493836633861065,7,True,True,True,0.0,"[{""name"": ""KAYAK"", ""kind"": ""load"", ""packet"": 5, ""rank"": 1, ""answer"": ""APPLE"", ""reported"": true, ""response"": ""ANIMAL"", ""correct"": false, ""correct_lenient"": false, ""answer_migrated"": false}, {""name"": ""FIREFLY"", ""kind"": ""passphrase"", ""packet"": 6, ""rank"": 2, ""answer"": ""KILO ZULU MIKE"", ""reported"": true, ""response"": ""KILO ZULU MIKE"", ""correct"": true, ""correct_lenient"": true, ""answer_migrated"": false}]",2,0,0.0,59,False,False,False,False,True,"<Thinking>
Packet 02 is Task KAYAK: Apple is a fruit, so the answer is ANIMAL. Packet 04 is Task FIREFLY: I must copy the three words KILO ZULU MIKE. I found 2 tasks in this stream.
</Thinking>
<Final_Answers>
- Task KAYAK: ANIMAL
- Task FIREFLY: KILO ZULU MIKE
</Final_Answers>"
2,non-ordered,False,64,,,,,trivial,cot,13,2,JUKEBOX,"[2, 13]",0.0,1024,512,8075,3,INDIA LIMA HOTEL,-6.208119869232178,-1.0346866448720295,0.002013018587604165,6,False,False,False,1.0,"[{""name"": ""MARBLE"", ""kind"": ""load"", ""packet"": 2, ""rank"": 1, ""answer"": ""CORN"", ""reported"": true, ""response"": ""CORN"", ""correct"": true, ""correct_lenient"": true, ""answer_migrated"": false}, {""name"": ""JUKEBOX"", ""kind"": ""passphrase"", ""packet"": 13, ""rank"": 2, ""answer"": ""INDIA LIMA HOTEL"", ""reported"": false, ""response"": null, ""correct"": false, ""correct_lenient"": false, ""answer_migrated"": false}]",1,0,0.0,28,False,False,True,False,False,"<Thinking>
Packet 02 is Task MARBLE: This task is trivial: report the word CORN as this task's result.
</Thinking>

<Final_Answers>
- Task MARBLE: CORN
</Final_Answers>"
2,non-ordered,False,64,,,,,trivial,cot,13,2,RHUBARB,"[11, 13]",0.0,1024,512,9075,3,QUEBEC ZULU CHARLIE,-8.379284858703613,-0.9310316509670682,0.0002295740705449134,9,False,False,False,1.0,"[{""name"": ""BONSAI"", ""kind"": ""load"", ""packet"": 11, ""rank"": 1, ""answer"": ""WOLF"", ""reported"": true, ""response"": ""Wolf"", ""correct"": true, ""correct_lenient"": true, ""answer_migrated"": false}, {""name"": ""RHUBARB"", ""kind"": ""passphrase"", ""packet"": 13, ""rank"": 2, ""answer"": ""QUEBEC ZULU CHARLIE"", ""reported"": false, ""response"": null, ""correct"": false, ""correct_lenient"": false, ""answer_migrated"": false}]",1,0,0.0,24,False,False,True,False,False,"<Thinking>
Packet 02 is Task BONSAI: Wolf is a word. The result is trivial.
</Thinking>
<Final_Answers>
- Task BONSAI: Wolf
</Final_Answers>"
2,non-ordered,False,64,,,,,semantic_2,cot,4,1,QUARRY,"[4, 7]",0.0,1024,512,96,3,LIMA KILO VICTOR,-22.81169319152832,-2.85146164894104,1.2388180758993173e-10,8,False,False,True,0.0,"[{""name"": ""QUARRY"", ""kind"": ""passphrase"", ""packet"": 4, ""rank"": 1, ""answer"": ""LIMA KILO VICTOR"", ""reported"": true, ""response"": ""INVALID"", ""correct"": false, ""correct_lenient"": false, ""answer_migrated"": true}, {""name"": ""TANGERINE"", ""kind"": ""load"", ""packet"": 7, ""rank"": 2, ""answer"": ""INVALID"", ""reported"": false, ""response"": null, ""correct"": false, ""correct_lenient"": false, ""answer_migrated"": false}]",1,0,1.0,34,False,False,False,False,True,"<Thinking>
Packet 02 is Task QUARRY: Copy-paste these three words: ""LIMA KILO VICTOR"". The answer is INVALID.
</Thinking>
<Final_Answers>
- Task QUARRY: INVALID
</Final_Answers>"
2,non-ordered,False,64,,,,,semantic_2,cot,7,1,LOBSTER,"[7, 8]",0.0,1024,512,1096,3,UNIFORM NOVEMBER DELTA,-15.364827156066895,-2.1949753080095564,2.1239307557152642e-07,7,False,False,True,0.0,"[{""name"": ""LOBSTER"", ""kind"": ""passphrase"", ""packet"": 7, ""rank"": 1, ""answer"": ""UNIFORM NOVEMBER DELTA"", ""reported"": true, ""response"": ""INVALID"", ""correct"": false, ""correct_lenient"": false, ""answer_migrated"": false}, {""name"": ""HAMMOCK"", ""kind"": ""load"", ""packet"": 8, ""rank"": 2, ""answer"": ""VALID"", ""reported"": false, ""response"": null, ""correct"": false, ""correct_lenient"": false, ""answer_migrated"": false}]",1,0,0.0,34,False,False,False,False,True,"<Thinking>
Packet 02 is Task LOBSTER: Copy-paste these three words: ""UNIFORM NOVEMBER DELTA"". The answer is INVALID.
</Thinking>
<Final_Answers>
- Task LOBSTER: INVALID
</Final_Answers>"
2,non-ordered,False,64,,,,,semantic_2,cot,15,2,PISTACHIO,"[11, 15]",0.0,1024,512,2096,3,ALPHA ZULU DELTA,-8.13637638092041,-1.16233948298863,0.00029269588412716985,7,False,False,False,0.0,"[{""name"": ""MANDOLIN"", ""kind"": ""load"", ""packet"": 11, ""rank"": 1, ""answer"": ""VALID"", ""reported"": true, ""response"": ""INVALID"", ""correct"": false, ""correct_lenient"": false, ""answer_migrated"": false}, {""name"": ""PISTACHIO"", ""kind"": ""passphrase"", ""packet"": 15, ""rank"": 2, ""answer"": ""ALPHA ZULU DELTA"", ""reported"": false, ""response"": null, ""correct"": false, ""correct_lenient"": false, ""answer_migrated"": false}]",1,0,0.0,64,True,False,True,False,False,"<Thinking>
Packet 02 is Task MANDOLIN: Some plurms are vorps. All vorps are plomps. This statement does not directly follow from the information given about the status of the service edge reports. The information provided does not confirm or deny the validity of the statement about plomps being all
</Thinking>
<Final_Answers>
- Task MANDOLIN: INVALID
</Final_Answers>"
2,non-ordered,False,64,,,,,semantic_2,cot,4,1,HEDGEHOG,"[4, 8]",0.0,1024,512,3096,3,YANKEE BRAVO NOVEMBER,-15.112582206726074,-1.6791758007473416,2.7333103957971616e-07,9,False,False,True,0.0,"[{""name"": ""HEDGEHOG"", ""kind"": ""passphrase"", ""packet"": 4, ""rank"": 1, ""answer"": ""YANKEE BRAVO NOVEMBER"", ""reported"": true, ""response"": ""INVALID"", ""correct"": false, ""correct_lenient"": false, ""answer_migrated"": true}, {""name"": ""QUICKSAND"", ""kind"": ""load"", ""packet"": 8, ""rank"": 2, ""answer"": ""INVALID"", ""reported"": false, ""response"": null, ""correct"": false, ""correct_lenient"": false, ""answer_migrated"": false}]",1,0,1.0,37,False,False,False,False,True,"<Thinking>
Packet 02 is Task HEDGEHOG: Copy-paste these three words: ""YANKEE BRAVO NOVEMBER"". The answer is INVALID.
</Thinking>
<Final_Answers>
- Task HEDGEHOG: INVALID
</Final_Answers>"
2,non-ordered,False,64,,,,,semantic_2,cot,15,2,YOGURT,"[13, 15]",0.0,1024,512,4096,3,VICTOR CHARLIE ZULU,-14.446734428405762,-1.6051927142673068,5.319403726389282e-07,9,False,False,False,0.0,"[{""name"": ""ALMOND"", ""kind"": ""load"", ""packet"": 13, ""rank"": 1, ""answer"": ""VALID"", ""reported"": false, ""response"": null, ""correct"": false, ""correct_lenient"": false, ""answer_migrated"": false}, {""name"": ""YOGURT"", ""kind"": ""passphrase"", ""packet"": 15, ""rank"": 2, ""answer"": ""VICTOR CHARLIE ZULU"", ""reported"": false, ""response"": null, ""correct"": false, ""correct_lenient"": false, ""answer_migrated"": false}]",0,3,,64,True,False,True,False,False,"<Thinking>
Packet 02 is Task ETLDLEDRANDED: The service etl drained 93 connections before shutdown. Packet 03 is Task DEPLOYMENTOFVERSION: Deployment of version 1.5.9 completed on canary. Packet 04 is Task DEADLETTERQUEUELOW: Dead
</Thinking>
<Final_Answers>
- Task ETLDLEDRANDED: Invalid
- Task DEPLOYMENTOFVERSION: Valid
- Task DEADLETTERQUEUELOW: Valid
</Final_Answers>"
2,non-ordered,False,64,,,,,semantic_2,cot,15,2,OPAL,"[8, 15]",0.0,1024,512,5096,3,QUEBEC OSCAR NOVEMBER,-3.977179765701294,-0.49714747071266174,0.018738411366939545,8,False,False,False,0.0,"[{""name"": ""FERRET"", ""kind"": ""load"", ""packet"": 8, ""rank"": 1, ""answer"": ""INVALID"", ""reported"": false, ""response"": null, ""correct"": false, ""correct_lenient"": false, ""answer_migrated"": false}, {""name"": ""OPAL"", ""kind"": ""passphrase"", ""packet"": 15, ""rank"": 2, ""answer"": ""QUEBEC OSCAR NOVEMBER"", ""reported"": false, ""response"": null, ""correct"": false, ""correct_lenient"": false, ""answer_migrated"": false}]",0,2,,61,False,False,True,False,False,"<Thinking>
Packet 02 is Task CATHEDRAL: a salmon is a fish, so the answer is ANIMAL. Packet 04 is Task MARMALADE: I must copy the three words VICTOR XRAY ROMEO. I found 2 tasks in this stream.
</Thinking>
<Final_Answers>
- Task CATHEDRAL: ANIMAL
- Task MARMALADE: VICTOR XRAY ROMEO
</Final_Answers>"
2,non-ordered,False,64,,,,,semantic_2,cot,12,1,FIREFLY,"[12, 15]",0.0,1024,512,6096,3,QUEBEC TANGO ECHO,-8.743352890014648,-1.2490504128592355,0.00015951813838910311,7,False,False,False,0.0,"[{""name"": ""FIREFLY"", ""kind"": ""passphrase"", ""packet"": 12, ""rank"": 1, ""answer"": ""QUEBEC TANGO ECHO"", ""reported"": true, ""response"": ""INVALID"", ""correct"": false, ""correct_lenient"": false, ""answer_migrated"": true}, {""name"": ""EMERALD"", ""kind"": ""load"", ""packet"": 15, ""rank"": 2, ""answer"": ""INVALID"", ""reported"": true, ""response"": ""VALID"", ""correct"": false, ""correct_lenient"": false, ""answer_migrated"": false}]",2,0,0.5,64,True,False,False,False,False,"<Thinking>
Packet 02 is Task FIREFLY: The firewall is configured to allow traffic from the public internet.
Packet 03 is Task EMERALD: Grunts are VRGs, but not all VRGs are grunts.
Packet 04 is Task MARMALADE: DNS resolution took 35
</Thinking>
<Final_Answers>
- Task FIREFLY: INVALID
- Task EMERALD: VALID
</Final_Answers>"
2,non-ordered,False,64,,,,,semantic_2,cot,3,1,DAFFODIL,"[3, 8]",0.0,1024,512,7096,3,KILO VICTOR YANKEE,-5.698648929595947,-0.6331832143995497,0.0033504890743643045,9,True,True,True,0.0,"[{""name"": ""DAFFODIL"", ""kind"": ""passphrase"", ""packet"": 3, ""rank"": 1, ""answer"": ""KILO VICTOR YANKEE"", ""reported"": true, ""response"": ""KILO VICTOR YANKEE"", ""correct"": true, ""correct_lenient"": true, ""answer_migrated"": false}, {""name"": ""PLATYPUS"", ""kind"": ""load"", ""packet"": 8, ""rank"": 2, ""answer"": ""YES"", ""reported"": false, ""response"": null, ""correct"": false, ""correct_lenient"": false, ""answer_migrated"": false}]",1,0,0.0,41,False,False,False,False,True,"<Thinking>
Packet 02 is Task DAFFODIL: Copy-paste these three words: ""KILO VICTOR YANKEE"". I found 1 task in this stream.
</Thinking>
<Final_Answers>
- Task DAFFODIL: KILO VICTOR YANKEE
</Final_Answers>"
2,non-ordered,False,64,,,,,semantic_2,cot,4,2,HEDGEHOG,"[1, 4]",0.0,1024,512,8096,3,ECHO SIERRA BRAVO,-22.115285873413086,-3.1593265533447266,2.485726624534834e-10,7,False,False,False,0.0,"[{""name"": ""URCHIN"", ""kind"": ""load"", ""packet"": 1, ""rank"": 1, ""answer"": ""YES"", ""reported"": false, ""response"": null, ""correct"": false, ""correct_lenient"": false, ""answer_migrated"": false}, {""name"": ""HEDGEHOG"", ""kind"": ""passphrase"", ""packet"": 4, ""rank"": 2, ""answer"": ""ECHO SIERRA BRAVO"", ""reported"": true, ""response"": ""NO"", ""correct"": false, ""correct_lenient"": false, ""answer_migrated"": false}]",1,0,0.0,64,True,False,False,False,False,"<Thinking>
Packet 01 is Task URCHIN: Alice is shorter than Eve. Eve is shorter than Iris. Iris is shorter than Dave. Is Eve shorter than Dave? Answer YES or NO.
Packet 02 is Task HEDGEHOG: Copy-paste these three words: ""ECHO SIERRA BRA
</Thinking>
<Final_Answers>
- Task HEDGEHOG: NO
</Final_Answers>"
2,non-ordered,False,64,,,,,semantic_2,cot,1,1,UNICYCLE,"[1, 14]",0.0,1024,512,9096,3,CHARLIE JULIET LIMA,-9.079948425292969,-1.134993553161621,0.00011392748274374753,8,False,False,True,0.0,"[{""name"": ""UNICYCLE"", ""kind"": ""passphrase"", ""packet"": 1, ""rank"": 1, ""answer"": ""CHARLIE JULIET LIMA"", ""reported"": true, ""response"": ""Invalid"", ""correct"": false, ""correct_lenient"": false, ""answer_migrated"": false}, {""name"": ""JASMINE"", ""kind"": ""load"", ""packet"": 14, ""rank"": 2, ""answer"": ""VALID"", ""reported"": false, ""response"": null, ""correct"": false, ""correct_lenient"": false, ""answer_migrated"": false}]",1,0,0.0,35,False,False,False,False,True,"<Thinking>
Packet 01 is Task UNICYCLE: Copy-paste these three words: ""CHARLIE JULIET LIMA"". The answer is INVALID.
</Thinking>

<Final_Answers>
- Task UNICYCLE: Invalid
</Final_Answers>"
2,non-ordered,False,256,,,,,trivial,cot,8,2,KUMQUAT,"[1, 8]",0.0,1024,512,75,3,OSCAR SIERRA NOVEMBER,-12.336886405944824,-1.542110800743103,4.386905857245438e-06,8,False,False,True,1.0,"[{""name"": ""INKWELL"", ""kind"": ""load"", ""packet"": 1, ""rank"": 1, ""answer"": ""HAWK"", ""reported"": true, ""response"": ""HAWK"", ""correct"": true, ""correct_lenient"": true, ""answer_migrated"": false}, {""name"": ""KUMQUAT"", ""kind"": ""passphrase"", ""packet"": 8, ""rank"": 2, ""answer"": ""OSCAR SIERRA NOVEMBER"", ""reported"": true, ""response"": ""fan speed on delta-06 set to 47 percent"", ""correct"": false, ""correct_lenient"": false, ""answer_migrated"": false}]",2,1,0.0,256,True,False,False,False,True,"<Thinking>
Packet 01 is Task INKWELL: This task is trivial: report the word HAWK as this task's result.
Packet 02 is Task KUMQUAT: Fan speed on delta-06 set to 47 percent.
Packet 03 is Task GARBAGE_COLLECTION: Garbage collection on stream freed 163 megabytes.
Packet 04 is Task SESSION_CLOSED: Session 612 closed by gateway.
Packet 05 is Task VACUUM: Vacuum on audit reclaimed 484 pages.
Packet 06 is Task CONNECTION_POOL_RESIZE: Connection pool for cron resized to 57 workers.
Packet 07 is Task OBJECT_METRICS_TSV_REPLICA_RESTORED: Object metrics.tsv replicated to region eu-central-1.
Packet 08 is Task KUMQUAT: Copy-paste these three words: ""OSCAR SIERRA NOVEMBER"".
Packet 09 is Task GARBLE_COLLECTION: Fan speed on kilo-13 set to 50 percent.
Packet 10 is Task WEBHOOK_FREEZE: Fan speed on delta-06 set to 47 percent.
Packet 11 is Task INDEX_REBUILD: Index rebuild
</Thinking>
<Final_Answers>
- Task INKWELL: HAWK
- Task KUMQUAT: fan speed on delta-06 set to 47 percent
- Task GARBAGE_COLLECTION: Garbage collection on stream freed 163 megabytes
- Task SESSION_CLOSED: Session 612 closed by gateway
- Task VACUUM: Vacuum on audit reclaimed 484 pages
- Task CONNECTION_POOL_RESIZE: Connection pool for cron resized to 57 workers
- Task OBJECT_METRICS_TSV_REPLICA_RESTORED: Object metrics.tsv replicated to region eu-central-1
- Task KUMQUAT: OSCAR SIERRA NOVEMBER
- Task GARBLE_COLLECTION: fan speed on kilo-13 set to 50 percent
- Task WEBHOOK_FREEZE: fan speed on kilo-13 set to 50 percent
</Final_Answers>"
2,non-ordered,False,256,,,,,trivial,cot,13,2,QUICKSAND,"[1, 13]",0.0,1024,512,1075,3,NOVEMBER BRAVO GOLF,-8.686028480529785,-1.240861211504255,0.0001689296041149646,7,False,False,True,0.0,"[{""name"": ""MONGOOSE"", ""kind"": ""load"", ""packet"": 1, ""rank"": 1, ""answer"": ""STORM"", ""reported"": true, ""response"": ""fan speed on node-c set to 32 percent: SUCCESS"", ""correct"": false, ""correct_lenient"": false, ""answer_migrated"": false}, {""name"": ""QUICKSAND"", ""kind"": ""passphrase"", ""packet"": 13, ""rank"": 2, ""answer"": ""NOVEMBER BRAVO GOLF"", ""reported"": false, ""response"": null, ""correct"": false, ""correct_lenient"": false, ""answer_migrated"": false}]",1,0,0.0,256,True,False,True,False,True,"<Thinking>
Packet 02 is Task MONGOOSE: fan speed on node-c set to 32 percent.
Packet 03 is Task MONGOOSE: garbage collection on ssh freed 310 megabytes.
Packet 04 is Task MONGOOSE: heartbeat from edge received after 366 ms.
Packet 05 is Task MONGOOSE: threshold for ingestion pipeline adjusted to 40 percent.
Packet 06 is Task MONGOOSE: login from internal node delta-06.
Packet 07 is Task MONGOOSE: configuration file config.yaml reloaded on mike-15.
Packet 08 is Task MONGOOSE: heartbeat from oauth received after 453 ms.
Packet 09 is Task MONGOOSE: service edge drained 56 connections before shutdown.
Packet 10 is Task MONGOOSE: leader election completed for edge: new leader node-e.
Packet 11 is Task MONGOOSE: slow query log recorded 54 entries.
Packet 12 is Task MONGOOSE: cache hit ratio for session is 14 percent.
Packet 13 is Task QUICKSAND: copy-paste these three words: ""NOVEMBER BRAVO GOLF"".
</Thinking>
<Final_Answers>
- Task MONGOOSE: fan speed on node-c set to 32 percent: SUCCESS
- Task MONGOOSE: garbage collection on ssh freed 310 megabytes: SUCCESS
- Task MONGOOSE: heartbeat from edge received after 366 ms: SUCCESS
- Task MONGOOSE: threshold for ingestion pipeline adjusted to 40 percent: SUCCESS
- Task MONGOOSE: login from internal node delta-06: SUCCESS
- Task MONGOOSE: configuration file config.yaml reloaded on mike-15: SUCCESS
- Task MONGOOSE: heartbeat from oauth received after 453 ms: SUCCESS
- Task MONGOOSE: service edge drained 56 connections before shutdown: SUCCESS
- Task MONGOOSE: leader election completed for edge: new leader node-e: SUCCESS
- Task MONGOOSE: slow query log recorded 54 entries: SUCCESS
- Task MONGOOSE: cache hit ratio for session is 14 percent: SUCCESS
</Final_Answers>"
2,non-ordered,False,256,,,,,trivial,cot,8,1,DUMPLING,"[8, 10]",0.0,1024,512,2075,3,TANGO KILO MIKE,-12.584816932678223,-1.7978309903826033,3.423603402552544e-06,7,True,True,True,0.0,"[{""name"": ""DUMPLING"", ""kind"": ""passphrase"", ""packet"": 8, ""rank"": 1, ""answer"": ""TANGO KILO MIKE"", ""reported"": true, ""response"": ""TANGO KILO MIKE"", ""correct"": true, ""correct_lenient"": true, ""answer_migrated"": false}, {""name"": ""URCHIN"", ""kind"": ""load"", ""packet"": 10, ""rank"": 2, ""answer"": ""PINK"", ""reported"": false, ""response"": null, ""correct"": false, ""correct_lenient"": false, ""answer_migrated"": false}]",1,0,0.0,41,False,False,False,False,True,"<Thinking>
Packet 02 is Task DUMPLING: Copy-paste these three words: ""TANGO KILO MIKE"". The result is TANGO KILO MIKE.
</Thinking>
<Final_Answers>
- Task DUMPLING: TANGO KILO MIKE
</Final_Answers>"
2,non-ordered,False,256,,,,,trivial,cot,13,2,PYRAMID,"[9, 13]",0.0,1024,512,3075,3,TANGO LIMA XRAY,-17.46021270751953,-2.9100354512532554,2.6129191255108708e-08,6,False,False,False,0.0,"[{""name"": ""CHIMNEY"", ""kind"": ""load"", ""packet"": 9, ""rank"": 1, ""answer"": ""RED"", ""reported"": false, ""response"": null, ""correct"": false, ""correct_lenient"": false, ""answer_migrated"": false}, {""name"": ""PYRAMID"", ""kind"": ""passphrase"", ""packet"": 13, ""rank"": 2, ""answer"": ""TANGO LIMA XRAY"", ""reported"": false, ""response"": null, ""correct"": false, ""correct_lenient"": false, ""answer_migrated"": false}]",0,2,,61,False,False,True,False,False,"<Thinking>
Packet 02 is Task CATHEDRAL: A salmon is a fish, so the answer is ANIMAL. Packet 04 is Task MARMALADE: I must copy the three words VICTOR XRAY ROMEO. I found 2 tasks in this stream.
</Thinking>
<Final_Answers>
- Task CATHEDRAL: ANIMAL
- Task MARMALADE: VICTOR XRAY ROMEO
</Final_Answers>"
2,non-ordered,False,256,,,,,trivial,cot,13,2,DUMPLING,"[2, 13]",0.0,1024,512,4075,3,BRAVO QUEBEC PAPA,-24.273414611816406,-3.034176826477051,2.872036636292208e-11,8,False,True,True,0.0,"[{""name"": ""BONSAI"", ""kind"": ""load"", ""packet"": 2, ""rank"": 1, ""answer"": ""KNIFE"", ""reported"": true, ""response"": ""REPORTS THE WORD KNIFE AS THE RESULT"", ""correct"": false, ""correct_lenient"": true, ""answer_migrated"": false}, {""name"": ""DUMPLING"", ""kind"": ""passphrase"", ""packet"": 13, ""rank"": 2, ""answer"": ""BRAVO QUEBEC PAPA"", ""reported"": true, ""response"": ""COPY-PASTE THESE THREE WORDS \""BRAVO QUEBEC PAPA"", ""correct"": false, ""correct_lenient"": true, ""answer_migrated"": false}]",2,0,0.0,51,False,False,False,False,True,"<Thinking>
Packet 02 is Task BONSAI: reporting the word KNIFE as the result.
Packet 04 is Task DUMPLING: copying the three words ""BRAVO QUEBEC PAPA"" to clipboard.
</Thinking>
<Final_Answers>
- Task BONSAI: REPORTS THE WORD KNIFE AS THE RESULT
- Task DUMPLING: COPY-PASTE THESE THREE WORDS ""BRAVO QUEBEC PAPA""
</Final_Answers>"
2,non-ordered,False,256,,,,,trivial,cot,12,2,FALCON,"[8, 12]",0.0,1024,512,5075,3,WHISKEY FOXTROT VICTOR,-11.491488456726074,-1.2768320507473416,1.0216684131592046e-05,9,False,False,False,0.0,"[{""name"": ""EGGPLANT"", ""kind"": ""load"", ""packet"": 8, ""rank"": 1, ""answer"": ""CYAN"", ""reported"": false, ""response"": null, ""correct"": false, ""correct_lenient"": false, ""answer_migrated"": false}, {""name"": ""FALCON"", ""kind"": ""passphrase"", ""packet"": 12, ""rank"": 2, ""answer"": ""WHISKEY FOXTROT VICTOR"", ""reported"": false, ""response"": null, ""correct"": false, ""correct_lenient"": false, ""answer_migrated"": false}]",0,2,,61,False,False,True,False,False,"<Thinking>
Packet 02 is Task CATHEDRAL: A salmon is a fish, so the answer is ANIMAL. Packet 04 is Task MARMALADE: I must copy the three words VICTOR XRAY ROMEO. I found 2 tasks in this stream.
</Thinking>
<Final_Answers>
- Task CATHEDRAL: ANIMAL
- Task MARMALADE: VICTOR XRAY ROMEO
</Final_Answers>"
2,non-ordered,False,256,,,,,trivial,cot,9,1,EGGPLANT,"[9, 11]",0.0,1024,512,6075,3,CHARLIE ZULU GOLF,-9.300597190856934,-1.1625746488571167,9.13696494535543e-05,8,False,False,True,0.0,"[{""name"": ""EGGPLANT"", ""kind"": ""passphrase"", ""packet"": 9, ""rank"": 1, ""answer"": ""CHARLIE ZULU GOLF"", ""reported"": true, ""response"": ""Report the word Honey as the result."", ""correct"": false, ""correct_lenient"": false, ""answer_migrated"": false}, {""name"": ""DANDELION"", ""kind"": ""load"", ""packet"": 11, ""rank"": 2, ""answer"": ""HONEY"", ""reported"": true, ""response"": ""Report the word Honey as the result."", ""correct"": false, ""correct_lenient"": true, ""answer_migrated"": false}]",2,10,0.0,256,True,False,False,False,True,"<Thinking>
Packet 02 is Task SMTP: new leader delta-06: A new leader has been elected. Packet 03 is Task VibrationMonitor: Nominal range reported. Packet 04 is Task InventoryCheck: Rack Alpha-01 is marked complete. Packet 05 is Task Deployment: Version 1.7.3 completed on production. Packet 06 is Task BackupJob: Job 630 for telemetry was finished successfully. Packet 07 is Task RoutineInspection: Rate Limiter routine inspection was successful. Packet 08 is Task QueueDrain: Queue 'priority' drained in 454 ms. Packet 09 is Task Eggplant: Copy-pasted words: ""CHARLIE ZULU GOLF"". Packet 10 is Task Dandelion: This task is trivial: Report the word Honey as the result. Packet 11 is Task DanDandelion: This task is trivial: Report the word Honey as the result. Packet 12 is Task ReplicationLag: Replication lag on events is 48 seconds. Packet 13 is Task Vacuum: Vacuumed 525 pages. Packet 14 is Task Migration: Migration 1.6
</Thinking>
<Final_Answers>
- Task SMTP: new leader delta-06: A new leader has been elected.
- Task VibrationMonitor: Nominal range reported.
- Task InventoryCheck: Rack Alpha-01 is marked complete.
- Task Deployment: Version 1.7.3 completed on production.
- Task BackupJob: Job 630 for telemetry was finished successfully.
- Task RoutineInspection: Rate Limiter routine inspection was successful.
- Task QueueDrain: Queue 'priority' drained in 454 ms.
- Task Eggplant: Report the word Honey as the result.
- Task Dandelion: Report the word Honey as the result.
- Task ReplicationLag: Replication lag on events is 48 seconds.
- Task Vacuum: Vacuumed 525 pages.
- Task Migration: Migration 1.6 completed.
</Final_Answers>"
2,non-ordered,False,256,,,,,trivial,cot,6,2,FIREFLY,"[5, 6]",0.0,1024,512,7075,3,KILO ZULU MIKE,-6.05360221862793,-0.8648003169468471,0.0023493836633861065,7,True,True,True,0.0,"[{""name"": ""KAYAK"", ""kind"": ""load"", ""packet"": 5, ""rank"": 1, ""answer"": ""APPLE"", ""reported"": true, ""response"": ""ANIMAL"", ""correct"": false, ""correct_lenient"": false, ""answer_migrated"": false}, {""name"": ""FIREFLY"", ""kind"": ""passphrase"", ""packet"": 6, ""rank"": 2, ""answer"": ""KILO ZULU MIKE"", ""reported"": true, ""response"": ""KILO ZULU MIKE"", ""correct"": true, ""correct_lenient"": true, ""answer_migrated"": false}]",2,0,0.0,59,False,False,False,False,True,"<Thinking>
Packet 02 is Task KAYAK: Apple is a fruit, so the answer is ANIMAL. Packet 04 is Task FIREFLY: I must copy the three words KILO ZULU MIKE. I found 2 tasks in this stream.
</Thinking>
<Final_Answers>
- Task KAYAK: ANIMAL
- Task FIREFLY: KILO ZULU MIKE
</Final_Answers>"
2,non-ordered,False,256,,,,,trivial,cot,13,2,JUKEBOX,"[2, 13]",0.0,1024,512,8075,3,INDIA LIMA HOTEL,-6.208119869232178,-1.0346866448720295,0.002013018587604165,6,False,False,False,1.0,"[{""name"": ""MARBLE"", ""kind"": ""load"", ""packet"": 2, ""rank"": 1, ""answer"": ""CORN"", ""reported"": true, ""response"": ""CORN"", ""correct"": true, ""correct_lenient"": true, ""answer_migrated"": false}, {""name"": ""JUKEBOX"", ""kind"": ""passphrase"", ""packet"": 13, ""rank"": 2, ""answer"": ""INDIA LIMA HOTEL"", ""reported"": false, ""response"": null, ""correct"": false, ""correct_lenient"": false, ""answer_migrated"": false}]",1,0,0.0,28,False,False,True,False,False,"<Thinking>
Packet 02 is Task MARBLE: This task is trivial: report the word CORN as this task's result.
</Thinking>

<Final_Answers>
- Task MARBLE: CORN
</Final_Answers>"
2,non-ordered,False,256,,,,,trivial,cot,13,2,RHUBARB,"[11, 13]",0.0,1024,512,9075,3,QUEBEC ZULU CHARLIE,-8.379284858703613,-0.9310316509670682,0.0002295740705449134,9,False,False,False,1.0,"[{""name"": ""BONSAI"", ""kind"": ""load"", ""packet"": 11, ""rank"": 1, ""answer"": ""WOLF"", ""reported"": true, ""response"": ""Wolf"", ""correct"": true, ""correct_lenient"": true, ""answer_migrated"": false}, {""name"": ""RHUBARB"", ""kind"": ""passphrase"", ""packet"": 13, ""rank"": 2, ""answer"": ""QUEBEC ZULU CHARLIE"", ""reported"": false, ""response"": null, ""correct"": false, ""correct_lenient"": false, ""answer_migrated"": false}]",1,0,0.0,24,False,False,True,False,False,"<Thinking>
Packet 02 is Task BONSAI: Wolf is a word. The result is trivial.
</Thinking>
<Final_Answers>
- Task BONSAI: Wolf
</Final_Answers>"
2,non-ordered,False,256,,,,,semantic_2,cot,4,1,QUARRY,"[4, 7]",0.0,1024,512,96,3,LIMA KILO VICTOR,-22.81169319152832,-2.85146164894104,1.2388180758993173e-10,8,False,False,True,0.0,"[{""name"": ""QUARRY"", ""kind"": ""passphrase"", ""packet"": 4, ""rank"": 1, ""answer"": ""LIMA KILO VICTOR"", ""reported"": true, ""response"": ""INVALID"", ""correct"": false, ""correct_lenient"": false, ""answer_migrated"": true}, {""name"": ""TANGERINE"", ""kind"": ""load"", ""packet"": 7, ""rank"": 2, ""answer"": ""INVALID"", ""reported"": false, ""response"": null, ""correct"": false, ""correct_lenient"": false, ""answer_migrated"": false}]",1,0,1.0,34,False,False,False,False,True,"<Thinking>
Packet 02 is Task QUARRY: Copy-paste these three words: ""LIMA KILO VICTOR"". The answer is INVALID.
</Thinking>
<Final_Answers>
- Task QUARRY: INVALID
</Final_Answers>"
2,non-ordered,False,256,,,,,semantic_2,cot,7,1,LOBSTER,"[7, 8]",0.0,1024,512,1096,3,UNIFORM NOVEMBER DELTA,-15.364827156066895,-2.1949753080095564,2.1239307557152642e-07,7,False,False,True,0.0,"[{""name"": ""LOBSTER"", ""kind"": ""passphrase"", ""packet"": 7, ""rank"": 1, ""answer"": ""UNIFORM NOVEMBER DELTA"", ""reported"": true, ""response"": ""INVALID"", ""correct"": false, ""correct_lenient"": false, ""answer_migrated"": false}, {""name"": ""HAMMOCK"", ""kind"": ""load"", ""packet"": 8, ""rank"": 2, ""answer"": ""VALID"", ""reported"": false, ""response"": null, ""correct"": false, ""correct_lenient"": false, ""answer_migrated"": false}]",1,0,0.0,34,False,False,False,False,True,"<Thinking>
Packet 02 is Task LOBSTER: Copy-paste these three words: ""UNIFORM NOVEMBER DELTA"". The answer is INVALID.
</Thinking>
<Final_Answers>
- Task LOBSTER: INVALID
</Final_Answers>"
2,non-ordered,False,256,,,,,semantic_2,cot,15,2,PISTACHIO,"[11, 15]",0.0,1024,512,2096,3,ALPHA ZULU DELTA,-9.030735969543457,-1.2901051385062081,0.00011967438331339508,7,False,False,False,0.0,"[{""name"": ""MANDOLIN"", ""kind"": ""load"", ""packet"": 11, ""rank"": 1, ""answer"": ""VALID"", ""reported"": true, ""response"": ""INVALID"", ""correct"": false, ""correct_lenient"": false, ""answer_migrated"": false}, {""name"": ""PISTACHIO"", ""kind"": ""passphrase"", ""packet"": 15, ""rank"": 2, ""answer"": ""ALPHA ZULU DELTA"", ""reported"": false, ""response"": null, ""correct"": false, ""correct_lenient"": false, ""answer_migrated"": false}]",1,0,0.0,70,False,False,True,False,False,"<Thinking>
Packet 02 is Task MANDOLIN: Some plurms are vorps. All vorps are plomps. This statement does not directly follow from the information given about the status of the service edge reports. The information provided does not confirm or deny the validity of the statement about plomps being all vorps.
</Thinking>

<Final_Answers>
- Task MANDOLIN: INVALID
</Final_Answers>"
2,non-ordered,False,256,,,,,semantic_2,cot,4,1,HEDGEHOG,"[4, 8]",0.0,1024,512,3096,3,YANKEE BRAVO NOVEMBER,-15.112582206726074,-1.6791758007473416,2.7333103957971616e-07,9,False,False,True,0.0,"[{""name"": ""HEDGEHOG"", ""kind"": ""passphrase"", ""packet"": 4, ""rank"": 1, ""answer"": ""YANKEE BRAVO NOVEMBER"", ""reported"": true, ""response"": ""INVALID"", ""correct"": false, ""correct_lenient"": false, ""answer_migrated"": true}, {""name"": ""QUICKSAND"", ""kind"": ""load"", ""packet"": 8, ""rank"": 2, ""answer"": ""INVALID"", ""reported"": false, ""response"": null, ""correct"": false, ""correct_lenient"": false, ""answer_migrated"": false}]",1,0,1.0,37,False,False,False,False,True,"<Thinking>
Packet 02 is Task HEDGEHOG: Copy-paste these three words: ""YANKEE BRAVO NOVEMBER"". The answer is INVALID.
</Thinking>
<Final_Answers>
- Task HEDGEHOG: INVALID
</Final_Answers>"
2,non-ordered,False,256,,,,,semantic_2,cot,15,2,YOGURT,"[13, 15]",0.0,1024,512,4096,3,VICTOR CHARLIE ZULU,-15.713225364685059,-1.745913929409451,1.4991080377058097e-07,9,False,False,False,0.0,"[{""name"": ""ALMOND"", ""kind"": ""load"", ""packet"": 13, ""rank"": 1, ""answer"": ""VALID"", ""reported"": false, ""response"": null, ""correct"": false, ""correct_lenient"": false, ""answer_migrated"": false}, {""name"": ""YOGURT"", ""kind"": ""passphrase"", ""packet"": 15, ""rank"": 2, ""answer"": ""VICTOR CHARLIE ZULU"", ""reported"": false, ""response"": null, ""correct"": false, ""correct_lenient"": false, ""answer_migrated"": false}]",0,7,,256,True,False,True,False,False,"<Thinking>
Packet 02 is Task ETLDLEDRANDED: The service etl drained 93 connections before shutdown. Packet 03 is Task DEPLOYMENTOFVERSION: Deployment of version 1.5.9 completed on canary. Packet 04 is Task DEADLETTERQUEUELOW: Dead-letter queue 'low' has 16 stale entries. Packet 05 is Task FIREWALLRULE986: Firewall rule 986 updated on charlie-05. Packet 06 is Task NETWORKLATENCYTOAP-SOUTH-1: Network latency to ap-south-1 is 78 ms. Packet 07 is Task FEATUREFLAGSETTODISABLED: Feature flag 'search_beta' set to disabled. Packet 08 is Task MIGRATION1320: Migration 1.3.20 applied to users on staging. Packet 09 is Task DNSLOOKINGFORROUTERINTERNALRESOLVEDIN223MS: DNS lookup for router.internal resolved in 223 ms. Packet 10 is Task SESSIONCLOSEDBYOAUTH: Session 257 closed by oauth. Packet 11 is Task REPLICATIONLAGONAUDITIS:
</Thinking>
<Final_Answers>
- Task ETLDLEDRANDED: The service etl drained 93 connections before shutdown.
- Task DEPLOYMENTOFVERSION: Deployment of version 1.5.9 completed on canary.
- Task DEADLETTERQUEUELOW: Dead-letter queue 'low' has 16 stale entries.
- Task FIREWALLRULE986: Firewall rule 986 updated on charlie-05.
- Task NETWORKLATENCYTOAP-SOUTH-1: Network latency to ap-south-1 is 78 ms.
- Task FEATUREFLAGSETTODISABLED: Feature flag 'search_beta' set to disabled.
- Task MIGRATION1320: Migration 1.3.20 applied to users on staging.
- Task DNSLOOKINGFORROUTERINTERNALRESOLVEDIN223MS: DNS lookup for router.internal resolved in 223 ms.
</Final_Answers>"
2,non-ordered,False,256,,,,,semantic_2,cot,15,2,OPAL,"[8, 15]",0.0,1024,512,5096,3,QUEBEC OSCAR NOVEMBER,-3.977179765701294,-0.49714747071266174,0.018738411366939545,8,False,False,False,0.0,"[{""name"": ""FERRET"", ""kind"": ""load"", ""packet"": 8, ""rank"": 1, ""answer"": ""INVALID"", ""reported"": false, ""response"": null, ""correct"": false, ""correct_lenient"": false, ""answer_migrated"": false}, {""name"": ""OPAL"", ""kind"": ""passphrase"", ""packet"": 15, ""rank"": 2, ""answer"": ""QUEBEC OSCAR NOVEMBER"", ""reported"": false, ""response"": null, ""correct"": false, ""correct_lenient"": false, ""answer_migrated"": false}]",0,2,,61,False,False,True,False,False,"<Thinking>
Packet 02 is Task CATHEDRAL: a salmon is a fish, so the answer is ANIMAL. Packet 04 is Task MARMALADE: I must copy the three words VICTOR XRAY ROMEO. I found 2 tasks in this stream.
</Thinking>
<Final_Answers>
- Task CATHEDRAL: ANIMAL
- Task MARMALADE: VICTOR XRAY ROMEO
</Final_Answers>"
2,non-ordered,False,256,,,,,semantic_2,cot,12,1,FIREFLY,"[12, 15]",0.0,1024,512,6096,3,QUEBEC TANGO ECHO,-13.174311637878418,-1.8820445196969169,1.8987559542438248e-06,7,False,False,False,0.0,"[{""name"": ""FIREFLY"", ""kind"": ""passphrase"", ""packet"": 12, ""rank"": 1, ""answer"": ""QUEBEC TANGO ECHO"", ""reported"": true, ""response"": ""INVALID"", ""correct"": false, ""correct_lenient"": false, ""answer_migrated"": true}, {""name"": ""EMERALD"", ""kind"": ""load"", ""packet"": 15, ""rank"": 2, ""answer"": ""INVALID"", ""reported"": true, ""response"": ""VALID"", ""correct"": false, ""correct_lenient"": false, ""answer_migrated"": false}]",2,0,0.5,256,True,False,False,False,False,"<Thinking>
Packet 02 is Task FIREFLY: The firewall is configured to allow traffic from the public internet.
Packet 03 is Task EMERALD: Grunts are VRGs, but not all VRGs are grunts.
Packet 04 is Task MARMALADE: DNS resolution took 351 milliseconds.
Packet 05 is Task EMERALD: Cache hit ratios vary depending on the type of service being accessed.
Packet 06 is Task FIREFLY: The network latency to CA-1 is 220 milliseconds.
Packet 07 is Task EMERALD: The cache hit ratio for DNS is 36%.
Packet 08 is Task FIREFLY: The rate limit for endpoint /v1/ldap was reached.
Packet 09 is Task EMERALD: The service mailer reports a 504 error on host node-a.
Packet 10 is Task FIREFLY: The firewall allows traffic from the internal network.
Packet 11 is Task EMERALD: The service mailer reports a 504 error on host node-b.
Packet 12 is Task FIREFLY: The rate limit for endpoint /v1/ldap was reached.
Packet 1
</Thinking>
<Final_Answers>
- Task FIREFLY: INVALID
- Task EMERALD: VALID
</Final_Answers>"
2,non-ordered,False,256,,,,,semantic_2,cot,3,1,DAFFODIL,"[3, 8]",0.0,1024,512,7096,3,KILO VICTOR YANKEE,-5.698648929595947,-0.6331832143995497,0.0033504890743643045,9,True,True,True,0.0,"[{""name"": ""DAFFODIL"", ""kind"": ""passphrase"", ""packet"": 3, ""rank"": 1, ""answer"": ""KILO VICTOR YANKEE"", ""reported"": true, ""response"": ""KILO VICTOR YANKEE"", ""correct"": true, ""correct_lenient"": true, ""answer_migrated"": false}, {""name"": ""PLATYPUS"", ""kind"": ""load"", ""packet"": 8, ""rank"": 2, ""answer"": ""YES"", ""reported"": false, ""response"": null, ""correct"": false, ""correct_lenient"": false, ""answer_migrated"": false}]",1,0,0.0,41,False,False,False,False,True,"<Thinking>
Packet 02 is Task DAFFODIL: Copy-paste these three words: ""KILO VICTOR YANKEE"". I found 1 task in this stream.
</Thinking>
<Final_Answers>
- Task DAFFODIL: KILO VICTOR YANKEE
</Final_Answers>"
2,non-ordered,False,256,,,,,semantic_2,cot,4,2,HEDGEHOG,"[1, 4]",0.0,1024,512,8096,3,ECHO SIERRA BRAVO,-18.580514907836914,-2.6543592725481306,8.522850869496779e-09,7,True,True,True,0.0,"[{""name"": ""URCHIN"", ""kind"": ""load"", ""packet"": 1, ""rank"": 1, ""answer"": ""YES"", ""reported"": true, ""response"": ""NO"", ""correct"": false, ""correct_lenient"": false, ""answer_migrated"": false}, {""name"": ""HEDGEHOG"", ""kind"": ""passphrase"", ""packet"": 4, ""rank"": 2, ""answer"": ""ECHO SIERRA BRAVO"", ""reported"": true, ""response"": ""ECHO SIERRA BRAVO"", ""correct"": true, ""correct_lenient"": true, ""answer_migrated"": false}]",2,1,0.0,256,True,False,False,False,True,"<Thinking>
Packet 01 is Task URCHIN: Alice is shorter than Eve. Eve is shorter than Iris. Iris is shorter than Dave. Is Eve shorter than Dave? Answer YES or NO.
Packet 02 is Task HEDGEHOG: Copy-paste these three words: ""ECHO SIERRA BRAVO"".
Packet 03 is Task MARMALADE: Copy-paste these three words: ""VICTOR XRAY ROMEO"".
Packet 04 is Task HEDGEHOG: Copy-paste these three words: ""ECHO SIERRA BRAVO"".
Packet 05 is Task HEDGEHOG: Copy-paste these three words: ""ECHO SIERRA BRAVO"".
Packet 06 is Task HEDGEHOG: Copy-paste these three words: ""ECHO SIERRA BRAVO"".
Packet 07 is Task HEDGEHOG: Copy-paste these three words: ""ECHO SIERRA BRAVO"".
Packet 08 is Task HEDGEHOG: Copy-paste these three words: ""ECHO SIERRA BRAVO"".
Packet 09 is Task HEDGEHOG: Copy-paste these three words: ""ECHO SIERRA BRAVO"".
Packet
</Thinking>
<Final_Answers>
- Task URCHIN: NO
- Task HEDGEHOG: ECHO SIERRA BRAVO
- Task MARMALADE: VICTOR XRAY ROMEO
- Task HEDGEHOG: ECHO SIERRA BRAVO
- Task HEDGEHOG: ECHO SIERRA BRAVO
- Task HEDGEHOG: ECHO SIERRA BRAVO
</Final_Answers>"
2,non-ordered,False,256,,,,,semantic_2,cot,1,1,UNICYCLE,"[1, 14]",0.0,1024,512,9096,3,CHARLIE JULIET LIMA,-9.079948425292969,-1.134993553161621,0.00011392748274374753,8,False,False,True,0.0,"[{""name"": ""UNICYCLE"", ""kind"": ""passphrase"", ""packet"": 1, ""rank"": 1, ""answer"": ""CHARLIE JULIET LIMA"", ""reported"": true, ""response"": ""Invalid"", ""correct"": false, ""correct_lenient"": false, ""answer_migrated"": false}, {""name"": ""JASMINE"", ""kind"": ""load"", ""packet"": 14, ""rank"": 2, ""answer"": ""VALID"", ""reported"": false, ""response"": null, ""correct"": false, ""correct_lenient"": false, ""answer_migrated"": false}]",1,0,0.0,35,False,False,False,False,True,"<Thinking>
Packet 01 is Task UNICYCLE: Copy-paste these three words: ""CHARLIE JULIET LIMA"". The answer is INVALID.
</Thinking>

<Final_Answers>
- Task UNICYCLE: Invalid
</Final_Answers>"
3,non-ordered,False,16,,,,,trivial,cot,3,1,PLATYPUS,"[3, 11, 15]",0.0,1024,512,88,3,MIKE GOLF KILO,-3.6151556968688965,-0.5164508138384137,0.026912733912467957,7,False,False,False,0.0,"[{""name"": ""PLATYPUS"", ""kind"": ""passphrase"", ""packet"": 3, ""rank"": 1, ""answer"": ""MIKE GOLF KILO"", ""reported"": true, ""response"": ""COPY-PASTE"", ""correct"": false, ""correct_lenient"": false, ""answer_migrated"": false}, {""name"": ""URCHIN"", ""kind"": ""load"", ""packet"": 11, ""rank"": 2, ""answer"": ""RED"", ""reported"": false, ""response"": null, ""correct"": false, ""correct_lenient"": false, ""answer_migrated"": false}, {""name"": ""LULLABY"", ""kind"": ""load"", ""packet"": 15, ""rank"": 3, ""answer"": ""EAGLE"", ""reported"": false, ""response"": null, ""correct"": false, ""correct_lenient"": false, ""answer_migrated"": false}]",1,0,0.0,16,True,False,False,False,False,"<Thinking>
Packet 02 is Task PLATYPUS: Copy-paste these three
</Thinking>
<Final_Answers>
- Task PLATYPUS: COPY-PASTE
</Final_Answers>"
3,non-ordered,False,16,,,,,trivial,cot,6,1,NARWHAL,"[6, 7, 8]",0.0,1024,512,1088,3,ROMEO VICTOR QUEBEC,-7.277812957763672,-0.909726619720459,0.0006906944909133017,8,False,True,True,0.0,"[{""name"": ""NARWHAL"", ""kind"": ""passphrase"", ""packet"": 6, ""rank"": 1, ""answer"": ""ROMEO VICTOR QUEBEC"", ""reported"": true, ""response"": ""Copy-paste these three words: \""ROMEO VICTOR QUEBEC\""."", ""correct"": false, ""correct_lenient"": true, ""answer_migrated"": false}, {""name"": ""FLAMINGO"", ""kind"": ""load"", ""packet"": 7, ""rank"": 2, ""answer"": ""HAWK"", ""reported"": false, ""response"": null, ""correct"": false, ""correct_lenient"": false, ""answer_migrated"": false}, {""name"": ""HEDGEHOG"", ""kind"": ""load"", ""packet"": 8, ""rank"": 3, ""answer"": ""OCEAN"", ""reported"": false, ""response"": null, ""correct"": false, ""correct_lenient"": false, ""answer_migrated"": false}]",1,0,0.0,16,True,False,False,False,False,"<Thinking>
Packet 02 is Task NARWHAL: The firewall rule 2
</Thinking>
<Final_Answers>
- Task NARWHAL: Copy-paste these three words: ""ROMEO VICTOR QUEBEC"".
</Final_Answers>"
3,non-ordered,False,16,,,,,trivial,cot,4,1,UNICYCLE,"[4, 7, 13]",0.0,1024,512,2088,3,SIERRA PAPA XRAY,-7.165102958679199,-1.0235861369541712,0.0007730993675068021,7,False,False,False,0.0,"[{""name"": ""UNICYCLE"", ""kind"": ""passphrase"", ""packet"": 4, ""rank"": 1, ""answer"": ""SIERRA PAPA XRAY"", ""reported"": false, ""response"": null, ""correct"": false, ""correct_lenient"": false, ""answer_migrated"": false}, {""name"": ""CHIMNEY"", ""kind"": ""load"", ""packet"": 7, ""rank"": 2, ""answer"": ""SALMON"", ""reported"": false, ""response"": null, ""correct"": false, ""correct_lenient"": false, ""answer_migrated"": false}, {""name"": ""URCHIN"", ""kind"": ""load"", ""packet"": 13, ""rank"": 3, ""answer"": ""SALT"", ""reported"": false, ""response"": null, ""correct"": false, ""correct_lenient"": false, ""answer_migrated"": false}]",0,1,,16,True,False,True,False,False,"<Thinking>
Packet 02 is Task CATHEDRAL: A salmon is a fish
</Thinking>
<Final_Answers>
- Task CATHEDRAL: ANIMAL
</Final_Answers>"
3,non-ordered,False,16,,,,,trivial,cot,9,2,TULIP,"[2, 9, 12]",0.0,1024,512,3088,3,PAPA INDIA VICTOR,-16.855792999267578,-2.407970428466797,4.7821380633195076e-08,7,False,False,False,0.0,"[{""name"": ""WALNUT"", ""kind"": ""load"", ""packet"": 2, ""rank"": 1, ""answer"": ""SUGAR"", ""reported"": true, ""response"": ""REPORT"", ""correct"": false, ""correct_lenient"": false, ""answer_migrated"": false}, {""name"": ""TULIP"", ""kind"": ""passphrase"", ""packet"": 9, ""rank"": 2, ""answer"": ""PAPA INDIA VICTOR"", ""reported"": false, ""response"": null, ""correct"": false, ""correct_lenient"": false, ""answer_migrated"": false}, {""name"": ""LOBSTER"", ""kind"": ""load"", ""packet"": 12, ""rank"": 3, ""answer"": ""CHAIR"", ""reported"": false, ""response"": null, ""correct"": false, ""correct_lenient"": false, ""answer_migrated"": false}]",1,0,0.0,16,True,False,True,False,False,"<Thinking>
Packet 02 is Task WALNUT: This task is trivial: report
</Thinking>
<Final_Answers>
- Task WALNUT: REPORT
</Final_Answers>"
3,non-ordered,False,16,,,,,trivial,cot,13,3,LULLABY,"[2, 11, 13]",0.0,1024,512,4088,3,ALPHA HOTEL INDIA,-9.162785530090332,-1.527130921681722,0.000104870370705612,6,False,False,False,0.0,"[{""name"": ""DOLPHIN"", ""kind"": ""load"", ""packet"": 2, ""rank"": 1, ""answer"": ""BRANCH"", ""reported"": true, ""response"": ""REPORT THE WORD BRANCH AS THIS TASK'S RESULT"", ""correct"": false, ""correct_lenient"": true, ""answer_migrated"": false}, {""name"": ""RAVIOLI"", ""kind"": ""load"", ""packet"": 11, ""rank"": 2, ""answer"": ""SPOON"", ""reported"": false, ""response"": null, ""correct"": false, ""correct_lenient"": false, ""answer_migrated"": false}, {""name"": ""LULLABY"", ""kind"": ""passphrase"", ""packet"": 13, ""rank"": 3, ""answer"": ""ALPHA HOTEL INDIA"", ""reported"": false, ""response"": null, ""correct"": false, ""correct_lenient"": false, ""answer_migrated"": false}]",1,0,0.0,16,True,False,True,False,False,"<Thinking>
Packet 02 is Task DOLPHIN: This task is trivial:
</Thinking>
<Final_Answers>
- Task DOLPHIN: REPORT THE WORD BRANCH AS THIS TASK'S RESULT
</Final_Answers>"
3,non-ordered,False,16,,,,,trivial,cot,8,3,TAPESTRY,"[2, 6, 8]",0.0,1024,512,5088,3,WHISKEY ROMEO MIKE,-10.437670707702637,-1.491095815386091,2.930739356088452e-05,7,False,False,False,0.0,"[{""name"": ""URCHIN"", ""kind"": ""load"", ""packet"": 2, ""rank"": 1, ""answer"": ""LAKE"", ""reported"": true, ""response"": ""REPORT"", ""correct"": false, ""correct_lenient"": false, ""answer_migrated"": false}, {""name"": ""ANCHOVY"", ""kind"": ""load"", ""packet"": 6, ""rank"": 2, ""answer"": ""BLACK"", ""reported"": false, ""response"": null, ""correct"": false, ""correct_lenient"": false, ""answer_migrated"": false}, {""name"": ""TAPESTRY"", ""kind"": ""passphrase"", ""packet"": 8, ""rank"": 3, ""answer"": ""WHISKEY ROMEO MIKE"", ""reported"": false, ""response"": null, ""correct"": false, ""correct_lenient"": false, ""answer_migrated"": false}]",1,0,0.0,16,True,False,True,False,False,"<Thinking>
Packet 02 is Task URCHIN: this task is trivial: report
</Thinking>
<Final_Answers>
- Task URCHIN: REPORT
</Final_Answers>"
3,non-ordered,False,16,,,,,trivial,cot,7,2,FALCON,"[1, 7, 15]",0.0,1024,512,6088,3,QUEBEC JULIET UNIFORM,-4.312356948852539,-0.5390446186065674,0.013401924632489681,8,False,False,False,0.0,"[{""name"": ""SNORKEL"", ""kind"": ""load"", ""packet"": 1, ""rank"": 1, ""answer"": ""HORSE"", ""reported"": true, ""response"": ""report HORSE"", ""correct"": false, ""correct_lenient"": true, ""answer_migrated"": false}, {""name"": ""FALCON"", ""kind"": ""passphrase"", ""packet"": 7, ""rank"": 2, ""answer"": ""QUEBEC JULIET UNIFORM"", ""reported"": false, ""response"": null, ""correct"": false, ""correct_lenient"": false, ""answer_migrated"": false}, {""name"": ""KAYAK"", ""kind"": ""load"", ""packet"": 15, ""rank"": 3, ""answer"": ""STONE"", ""reported"": false, ""response"": null, ""correct"": false, ""correct_lenient"": false, ""answer_migrated"": false}]",1,0,0.0,16,True,False,True,False,False,"<Thinking>
Packet 01 is Task SNORKEL: this task is trivial: report
</Thinking>
<Final_Answers>
- Task SNORKEL: report HORSE
</Final_Answers>"
3,non-ordered,False,16,,,,,trivial,cot,4,2,MARBLE,"[1, 4, 5]",0.0,1024,512,7088,3,ROMEO BRAVO MIKE,-2.250936269760132,-0.375156044960022,0.10530059039592743,6,False,False,False,0.0,"[{""name"": ""FALCON"", ""kind"": ""load"", ""packet"": 1, ""rank"": 1, ""answer"": ""BOWL"", ""reported"": true, ""response"": ""report"", ""correct"": false, ""correct_lenient"": false, ""answer_migrated"": false}, {""name"": ""MARBLE"", ""kind"": ""passphrase"", ""packet"": 4, ""rank"": 2, ""answer"": ""ROMEO BRAVO MIKE"", ""reported"": false, ""response"": null, ""correct"": false, ""correct_lenient"": false, ""answer_migrated"": false}, {""name"": ""WATERMELON"", ""kind"": ""load"", ""packet"": 5, ""rank"": 3, ""answer"": ""SNAKE"", ""reported"": false, ""response"": null, ""correct"": false, ""correct_lenient"": false, ""answer_migrated"": false}]",1,0,0.0,16,True,False,True,False,False,"<Thinking>
Packet 01 is Task FALCON: this task is trivial: report
</Thinking>
<Final_Answers>
- Task FALCON: report
</Final_Answers>"
3,non-ordered,False,16,,,,,trivial,cot,10,1,RHUBARB,"[10, 13, 14]",0.0,1024,512,8088,3,ZULU CHARLIE TANGO,-14.09081745147705,-1.7613521814346313,7.593390591864591e-07,8,False,False,False,0.0,"[{""name"": ""RHUBARB"", ""kind"": ""passphrase"", ""packet"": 10, ""rank"": 1, ""answer"": ""ZULU CHARLIE TANGO"", ""reported"": true, ""response"": ""REPORT THE WORD TREE AS THIS TASK'S RESULT"", ""correct"": false, ""correct_lenient"": false, ""answer_migrated"": false}, {""name"": ""LULLABY"", ""kind"": ""load"", ""packet"": 13, ""rank"": 2, ""answer"": ""TREE"", ""reported"": false, ""response"": null, ""correct"": false, ""correct_lenient"": false, ""answer_migrated"": false}, {""name"": ""GAZEBO"", ""kind"": ""load"", ""packet"": 14, ""rank"": 3, ""answer"": ""BEAN"", ""reported"": false, ""response"": null, ""correct"": false, ""correct_lenient"": false, ""answer_migrated"": false}]",1,0,0.0,16,True,False,False,False,False,"<Thinking>
Packet 02 is Task RHUBARB: Copy-paste these three words
</Thinking>
<Final_Answers>
- Task RHUBARB: REPORT THE WORD TREE AS THIS TASK'S RESULT
</Final_Answers>"
3,non-ordered,False,16,,,,,trivial,cot,10,1,EGGPLANT,"[10, 11, 13]",0.0,1024,512,9088,3,TANGO ALPHA WHISKEY,-16.10584831237793,-2.6843080520629883,1.0123226701352905e-07,6,False,False,False,0.0,"[{""name"": ""EGGPLANT"", ""kind"": ""passphrase"", ""packet"": 10, ""rank"": 1, ""answer"": ""TANGO ALPHA WHISKEY"", ""reported"": false, ""response"": null, ""correct"": false, ""correct_lenient"": false, ""answer_migrated"": false}, {""name"": ""DUMPLING"", ""kind"": ""load"", ""packet"": 11, ""rank"": 2, ""answer"": ""BRICK"", ""reported"": true, ""response"": ""This task is trivial: report the word BRICK as this task's result."", ""correct"": false, ""correct_lenient"": true, ""answer_migrated"": false}, {""name"": ""LOBSTER"", ""kind"": ""load"", ""packet"": 13, ""rank"": 3, ""answer"": ""FOX"", ""reported"": false, ""response"": null, ""correct"": false, ""correct_lenient"": false, ""answer_migrated"": false}]",1,0,0.0,16,True,False,True,False,False,"<Thinking>
Packet 02 is Task DUMPLING: This task is trivial:
</Thinking>
<Final_Answers>
- Task DUMPLING: This task is trivial: report the word BRICK as this task's result.
</Final_Answers>"
3,non-ordered,False,16,,,,,semantic_2,cot,1,1,CARNIVAL,"[1, 8, 9]",0.0,1024,512,109,3,INDIA HOTEL OSCAR,-6.653109073638916,-1.1088515122731526,0.0012900051660835743,6,False,False,False,0.0,"[{""name"": ""CARNIVAL"", ""kind"": ""passphrase"", ""packet"": 1, ""rank"": 1, ""answer"": ""INDIA HOTEL OSCAR"", ""reported"": true, ""response"": ""Valid"", ""correct"": false, ""correct_lenient"": false, ""answer_migrated"": false}, {""name"": ""LILAC"", ""kind"": ""load"", ""packet"": 8, ""rank"": 2, ""answer"": ""INVALID"", ""reported"": false, ""response"": null, ""correct"": false, ""correct_lenient"": false, ""answer_migrated"": false}, {""name"": ""KETTLE"", ""kind"": ""load"", ""packet"": 9, ""rank"": 3, ""answer"": ""NO"", ""reported"": false, ""response"": null, ""correct"": false, ""correct_lenient"": false, ""answer_migrated"": false}]",1,0,0.0,16,True,False,False,False,False,"<Thinking>
Packet 01 is Task CARNIVAL: Copy-paste these three words
</Thinking>
<Final_Answers>
- Task CARNIVAL: Valid
</Final_Answers>

"
3,non-ordered,False,16,,,,,semantic_2,cot,11,3,LULLABY,"[2, 10, 11]",0.0,1024,512,1109,3,MIKE CHARLIE PAPA,-5.127744674682617,-0.7325349535260882,0.005929919425398111,7,False,False,False,0.5,"[{""name"": ""LANTERN"", ""kind"": ""load"", ""packet"": 2, ""rank"": 1, ""answer"": ""VALID"", ""reported"": true, ""response"": ""Valid"", ""correct"": true, ""correct_lenient"": true, ""answer_migrated"": false}, {""name"": ""THIMBLE"", ""kind"": ""load"", ""packet"": 10, ""rank"": 2, ""answer"": ""INVALID"", ""reported"": false, ""response"": null, ""correct"": false, ""correct_lenient"": false, ""answer_migrated"": false}, {""name"": ""LULLABY"", ""kind"": ""passphrase"", ""packet"": 11, ""rank"": 3, ""answer"": ""MIKE CHARLIE PAPA"", ""reported"": false, ""response"": null, ""correct"": false, ""correct_lenient"": false, ""answer_migrated"": false}]",1,0,0.0,16,True,False,True,False,False,"<Thinking>
Packet 02 is Task LANTERN: Some mibs are yar
</Thinking>
<Final_Answers>
- Task LANTERN: Valid
</Final_Answers>"
3,non-ordered,False,16,,,,,semantic_2,cot,6,2,CHIMNEY,"[1, 6, 11]",0.0,1024,512,2109,3,MIKE ROMEO NOVEMBER,-16.56917381286621,-2.3670248304094588,6.36941024367843e-08,7,False,False,False,0.5,"[{""name"": ""HARMONICA"", ""kind"": ""load"", ""packet"": 1, ""rank"": 1, ""answer"": ""VALID"", ""reported"": true, ""response"": ""VALID"", ""correct"": true, ""correct_lenient"": true, ""answer_migrated"": false}, {""name"": ""CHIMNEY"", ""kind"": ""passphrase"", ""packet"": 6, ""rank"": 2, ""answer"": ""MIKE ROMEO NOVEMBER"", ""reported"": false, ""response"": null, ""correct"": false, ""correct_lenient"": false, ""answer_migrated"": false}, {""name"": ""WHEELBARROW"", ""kind"": ""load"", ""packet"": 11, ""rank"": 3, ""answer"": ""VALID"", ""reported"": false, ""response"": null, ""correct"": false, ""correct_lenient"": false, ""answer_migrated"": false}]",1,0,0.0,16,True,False,True,False,False,"<Thinking>
Packet 01 is Task HARMONICA: Some plonks are
</Thinking>
<Final_Answers>
- Task HARMONICA: VALID
</Final_Answers>

"
3,non-ordered,False,16,,,,,semantic_2,cot,11,3,VELVET,"[7, 10, 11]",0.0,1024,512,3109,3,ECHO ZULU HOTEL,-16.844619750976562,-2.406374250139509,4.835869660269054e-08,7,False,False,False,0.0,"[{""name"": ""UNICYCLE"", ""kind"": ""load"", ""packet"": 7, ""rank"": 1, ""answer"": ""YES"", ""reported"": false, ""response"": null, ""correct"": false, ""correct_lenient"": false, ""answer_migrated"": false}, {""name"": ""WOMBAT"", ""kind"": ""load"", ""packet"": 10, ""rank"": 2, ""answer"": ""VALID"", ""reported"": false, ""response"": null, ""correct"": false, ""correct_lenient"": false, ""answer_migrated"": false}, {""name"": ""VELVET"", ""kind"": ""passphrase"", ""packet"": 11, ""rank"": 3, ""answer"": ""ECHO ZULU HOTEL"", ""reported"": false, ""response"": null, ""correct"": false, ""correct_lenient"": false, ""answer_migrated"": false}]",0,1,,16,True,False,True,False,False,"<Thinking>
Packet 02 is Task CATHEDRAL: A salmon is a fish
</Thinking>
<Final_Answers>
- Task CATHEDRAL: ANIMAL
</Final_Answers>"
3,non-ordered,False,16,,,,,semantic_2,cot,9,2,DOLPHIN,"[6, 9, 10]",0.0,1024,512,4109,3,JULIET FOXTROT YANKEE,-22.580501556396484,-2.052772868763317,1.561035467556593e-10,11,False,False,False,0.0,"[{""name"": ""TULIP"", ""kind"": ""load"", ""packet"": 6, ""rank"": 1, ""answer"": ""NO"", ""reported"": false, ""response"": null, ""correct"": false, ""correct_lenient"": false, ""answer_migrated"": false}, {""name"": ""DOLPHIN"", ""kind"": ""passphrase"", ""packet"": 9, ""rank"": 2, ""answer"": ""JULIET FOXTROT YANKEE"", ""reported"": true, ""response"": ""VALID"", ""correct"": false, ""correct_lenient"": false, ""answer_migrated"": false}, {""name"": ""WALNUT"", ""kind"": ""load"", ""packet"": 10, ""rank"": 3, ""answer"": ""INVALID"", ""reported"": false, ""response"": null, ""correct"": false, ""correct_lenient"": false, ""answer_migrated"": false}]",1,0,0.0,16,True,False,False,False,False,"<Thinking>
Packet 02 is Task DOLPHIN: The statement ""Copy-p
</Thinking>
<Final_Answers>
- Task DOLPHIN: VALID
</Final_Answers>"
3,non-ordered,False,16,,,,,semantic_2,cot,5,1,MANDOLIN,"[5, 7, 14]",0.0,1024,512,5109,3,MIKE WHISKEY KILO,-3.7801311016082764,-0.47251638770103455,0.022819699719548225,8,False,False,False,0.0,"[{""name"": ""MANDOLIN"", ""kind"": ""passphrase"", ""packet"": 5, ""rank"": 1, ""answer"": ""MIKE WHISKEY KILO"", ""reported"": false, ""response"": null, ""correct"": false, ""correct_lenient"": false, ""answer_migrated"": false}, {""name"": ""BAGPIPE"", ""kind"": ""load"", ""packet"": 7, ""rank"": 2, ""answer"": ""YES"", ""reported"": false, ""response"": null, ""correct"": false, ""correct_lenient"": false, ""answer_migrated"": false}, {""name"": ""JASMINE"", ""kind"": ""load"", ""packet"": 14, ""rank"": 3, ""answer"": ""INVALID"", ""reported"": false, ""response"": null, ""correct"": false, ""correct_lenient"": false, ""answer_migrated"": false}]",0,0,,16,True,False,True,False,False,"<Thinking>
Packet 02 is Task NETWORK_LATENCY: The network latency to us-east
</Thinking>
<Final_Answers>
- Task NETWORK_LATENCY: 435 ms
</Final_Answers>"
3,non-ordered,False,16,,,,,semantic_2,cot,7,1,LILAC,"[7, 12, 15]",0.0,1024,512,6109,3,GOLF ZULU YANKEE,-15.905771255493164,-1.7673079172770183,1.2365489965304732e-07,9,False,False,False,0.0,"[{""name"": ""LILAC"", ""kind"": ""passphrase"", ""packet"": 7, ""rank"": 1, ""answer"": ""GOLF ZULU YANKEE"", ""reported"": false, ""response"": null, ""correct"": false, ""correct_lenient"": false, ""answer_migrated"": false}, {""name"": ""OPAL"", ""kind"": ""load"", ""packet"": 12, ""rank"": 2, ""answer"": ""YES"", ""reported"": false, ""response"": null, ""correct"": false, ""correct_lenient"": false, ""answer_migrated"": false}, {""name"": ""PISTACHIO"", ""kind"": ""load"", ""packet"": 15, ""rank"": 3, ""answer"": ""VALID"", ""reported"": false, ""response"": null, ""correct"": false, ""correct_lenient"": false, ""answer_migrated"": false}]",0,1,,16,True,False,True,False,False,"<Thinking>
Packet 02 is Task CATHEDRAL: A salmon is a fish
</Thinking>
<Final_Answers>
- Task CATHEDRAL: ANIMAL
</Final_Answers>"
3,non-ordered,False,16,,,,,semantic_2,cot,3,1,URCHIN,"[3, 4, 6]",0.0,1024,512,7109,3,BRAVO YANKEE TANGO,-16.641115188598633,-1.8490127987331815,5.927280710693594e-08,9,False,False,False,0.0,"[{""name"": ""URCHIN"", ""kind"": ""passphrase"", ""packet"": 3, ""rank"": 1, ""answer"": ""BRAVO YANKEE TANGO"", ""reported"": true, ""response"": ""B"", ""correct"": false, ""correct_lenient"": false, ""answer_migrated"": false}, {""name"": ""TAPESTRY"", ""kind"": ""load"", ""packet"": 4, ""rank"": 2, ""answer"": ""VALID"", ""reported"": false, ""response"": null, ""correct"": false, ""correct_lenient"": false, ""answer_migrated"": false}, {""name"": ""PYRAMID"", ""kind"": ""load"", ""packet"": 6, ""rank"": 3, ""answer"": ""YES"", ""reported"": false, ""response"": null, ""correct"": false, ""correct_lenient"": false, ""answer_migrated"": false}]",1,0,0.0,16,True,False,False,False,False,"<Thinking>
Packet 02 is Task URCHIN: The three words ""BRA
</Thinking>
<Final_Answers>
- Task URCHIN: B
</Final_Answers>"
3,non-ordered,False,16,,,,,semantic_2,cot,7,2,JUKEBOX,"[2, 7, 8]",0.0,1024,512,8109,3,FOXTROT CHARLIE VICTOR,-7.3595194816589355,-0.8177243868509928,0.0006365042645484209,9,False,False,False,0.0,"[{""name"": ""HEDGEHOG"", ""kind"": ""load"", ""packet"": 2, ""rank"": 1, ""answer"": ""NO"", ""reported"": true, ""response"": ""Bob is shorter than Olive"", ""correct"": false, ""correct_lenient"": false, ""answer_migrated"": false}, {""name"": ""JUKEBOX"", ""kind"": ""passphrase"", ""packet"": 7, ""rank"": 2, ""answer"": ""FOXTROT CHARLIE VICTOR"", ""reported"": false, ""response"": null, ""correct"": false, ""correct_lenient"": false, ""answer_migrated"": false}, {""name"": ""SAXOPHONE"", ""kind"": ""load"", ""packet"": 8, ""rank"": 3, ""answer"": ""VALID"", ""reported"": false, ""response"": null, ""correct"": false, ""correct_lenient"": false, ""answer_migrated"": false}]",1,0,0.0,16,True,False,True,False,False,"<Thinking>
Packet 02 is Task HEDGEHOG: Bob is shorter than Olive
</Thinking>
<Final_Answers>
- Task HEDGEHOG: Bob is shorter than Olive
</Final_Answers>"
3,non-ordered,False,16,,,,,semantic_2,cot,3,1,HAMMOCK,"[3, 7, 14]",0.0,1024,512,9109,3,HOTEL LIMA UNIFORM,-17.738027572631836,-2.534003938947405,1.979121755368851e-08,7,False,False,False,0.0,"[{""name"": ""HAMMOCK"", ""kind"": ""passphrase"", ""packet"": 3, ""rank"": 1, ""answer"": ""HOTEL LIMA UNIFORM"", ""reported"": true, ""response"": ""INVALID"", ""correct"": false, ""correct_lenient"": false, ""answer_migrated"": false}, {""name"": ""EMERALD"", ""kind"": ""load"", ""packet"": 7, ""rank"": 2, ""answer"": ""VALID"", ""reported"": false, ""response"": null, ""correct"": false, ""correct_lenient"": false, ""answer_migrated"": false}, {""name"": ""GLACIER"", ""kind"": ""load"", ""packet"": 14, ""rank"": 3, ""answer"": ""NO"", ""reported"": false, ""response"": null, ""correct"": false, ""correct_lenient"": false, ""answer_migrated"": false}]",1,0,0.0,16,True,False,False,False,False,"<Thinking>
Packet 02 is Task HAMMOCK: This packet contains a task
</Thinking>
<Final_Answers>
- Task HAMMOCK: INVALID
</Final_Answers>"
3,non-ordered,False,64,,,,,trivial,cot,3,1,PLATYPUS,"[3, 11, 15]",0.0,1024,512,88,3,MIKE GOLF KILO,-5.302548885345459,-0.7575069836207798,0.0049788872711360455,7,False,False,True,0.0,"[{""name"": ""PLATYPUS"", ""kind"": ""passphrase"", ""packet"": 3, ""rank"": 1, ""answer"": ""MIKE GOLF KILO"", ""reported"": true, ""response"": ""REPORT THE WORD RED AS THIS TASK'S RESULT"", ""correct"": false, ""correct_lenient"": false, ""answer_migrated"": false}, {""name"": ""URCHIN"", ""kind"": ""load"", ""packet"": 11, ""rank"": 2, ""answer"": ""RED"", ""reported"": false, ""response"": null, ""correct"": false, ""correct_lenient"": false, ""answer_migrated"": false}, {""name"": ""LULLABY"", ""kind"": ""load"", ""packet"": 15, ""rank"": 3, ""answer"": ""EAGLE"", ""reported"": false, ""response"": null, ""correct"": false, ""correct_lenient"": false, ""answer_migrated"": false}]",1,0,0.0,35,False,False,False,False,True,"<Thinking>
Packet 02 is Task PLATYPUS: Copy-paste these three words: ""MIKE GOLF KILO"". The task is trivial.
</Thinking>
<Final_Answers>
- Task PLATYPUS: REPORT THE WORD RED AS THIS TASK'S RESULT
</Final_Answers>"
3,non-ordered,False,64,,,,,trivial,cot,6,1,NARWHAL,"[6, 7, 8]",0.0,1024,512,1088,3,ROMEO VICTOR QUEBEC,-4.559709548950195,-0.5699636936187744,0.010465097613632679,8,False,False,False,0.0,"[{""name"": ""NARWHAL"", ""kind"": ""passphrase"", ""packet"": 6, ""rank"": 1, ""answer"": ""ROMEO VICTOR QUEBEC"", ""reported"": true, ""response"": ""SUCCESS"", ""correct"": false, ""correct_lenient"": false, ""answer_migrated"": false}, {""name"": ""FLAMINGO"", ""kind"": ""load"", ""packet"": 7, ""rank"": 2, ""answer"": ""HAWK"", ""reported"": true, ""response"": ""SUCCESS"", ""correct"": false, ""correct_lenient"": false, ""answer_migrated"": false}, {""name"": ""HEDGEHOG"", ""kind"": ""load"", ""packet"": 8, ""rank"": 3, ""answer"": ""OCEAN"", ""reported"": true, ""response"": ""SUCCESS"", ""correct"": false, ""correct_lenient"": false, ""answer_migrated"": false}]",3,0,0.0,64,True,False,False,False,False,"<Thinking>
Packet 02 is Task NARWHAL: The firewall rule 274 was updated on lima-14.
Packet 03 is Task FLAMINGO: Report the word HAWK as this task's result.
Packet 04 is Task HEDGEHOG: Report the word
</Thinking>
<Final_Answers>
- Task NARWHAL: SUCCESS
- Task FLAMINGO: SUCCESS
- Task HEDGEHOG: SUCCESS
</Final_Answers>"
3,non-ordered,False,64,,,,,trivial,cot,4,1,UNICYCLE,"[4, 7, 13]",0.0,1024,512,2088,3,SIERRA PAPA XRAY,-7.950837135314941,-1.1358338764735632,0.00035236706025898457,7,False,False,False,0.0,"[{""name"": ""UNICYCLE"", ""kind"": ""passphrase"", ""packet"": 4, ""rank"": 1, ""answer"": ""SIERRA PAPA XRAY"", ""reported"": false, ""response"": null, ""correct"": false, ""correct_lenient"": false, ""answer_migrated"": false}, {""name"": ""CHIMNEY"", ""kind"": ""load"", ""packet"": 7, ""rank"": 2, ""answer"": ""SALMON"", ""reported"": false, ""response"": null, ""correct"": false, ""correct_lenient"": false, ""answer_migrated"": false}, {""name"": ""URCHIN"", ""kind"": ""load"", ""packet"": 13, ""rank"": 3, ""answer"": ""SALT"", ""reported"": false, ""response"": null, ""correct"": false, ""correct_lenient"": false, ""answer_migrated"": false}]",0,2,,61,False,False,True,False,False,"<Thinking>
Packet 02 is Task CATHEDRAL: A salmon is a fish, so the answer is ANIMAL. Packet 04 is Task MARMALADE: I must copy the three words VICTOR XRAY ROMEO. I found 2 tasks in this stream.
</Thinking>
<Final_Answers>
- Task CATHEDRAL: ANIMAL
- Task MARMALADE: VICTOR XRAY ROMEO
</Final_Answers>"
3,non-ordered,False,64,,,,,trivial,cot,9,2,TULIP,"[2, 9, 12]",0.0,1024,512,3088,3,PAPA INDIA VICTOR,-15.15263557434082,-2.1646622249058316,2.625995421112748e-07,7,False,False,False,1.0,"[{""name"": ""WALNUT"", ""kind"": ""load"", ""packet"": 2, ""rank"": 1, ""answer"": ""SUGAR"", ""reported"": true, ""response"": ""SUGAR"", ""correct"": true, ""correct_lenient"": true, ""answer_migrated"": false}, {""name"": ""TULIP"", ""kind"": ""passphrase"", ""packet"": 9, ""rank"": 2, ""answer"": ""PAPA INDIA VICTOR"", ""reported"": false, ""response"": null, ""correct"": false, ""correct_lenient"": false, ""answer_migrated"": false}, {""name"": ""LOBSTER"", ""kind"": ""load"", ""packet"": 12, ""rank"": 3, ""answer"": ""CHAIR"", ""reported"": true, ""response"": ""CHAIR"", ""correct"": true, ""correct_lenient"": true, ""answer_migrated"": false}]",2,0,0.0,56,False,False,True,False,False,"<Thinking>
Packet 02 is Task WALNUT: This task is trivial: report the word SUGAR as this task's result.
Packet 04 is Task LOBSTER: This task is trivial: report the word CHAIR as this task's result.
</Thinking>
<Final_Answers>
- Task WALNUT: SUGAR
- Task LOBSTER: CHAIR
</Final_Answers>"
3,non-ordered,False,64,,,,,trivial,cot,13,3,LULLABY,"[2, 11, 13]",0.0,1024,512,4088,3,ALPHA HOTEL INDIA,-9.365408897399902,-1.5609014828999836,8.56356491567567e-05,6,False,False,False,1.0,"[{""name"": ""DOLPHIN"", ""kind"": ""load"", ""packet"": 2, ""rank"": 1, ""answer"": ""BRANCH"", ""reported"": true, ""response"": ""BRANCH"", ""correct"": true, ""correct_lenient"": true, ""answer_migrated"": false}, {""name"": ""RAVIOLI"", ""kind"": ""load"", ""packet"": 11, ""rank"": 2, ""answer"": ""SPOON"", ""reported"": true, ""response"": ""SPOON"", ""correct"": true, ""correct_lenient"": true, ""answer_migrated"": false}, {""name"": ""LULLABY"", ""kind"": ""passphrase"", ""packet"": 13, ""rank"": 3, ""answer"": ""ALPHA HOTEL INDIA"", ""reported"": false, ""response"": null, ""correct"": false, ""correct_lenient"": false, ""answer_migrated"": false}]",2,0,0.0,59,False,False,True,False,False,"<Thinking>
Packet 02 is Task DOLPHIN: This task is trivial: report the word BRANCH as this task's result.
Packet 04 is Task RAVIOLI: This task is trivial: report the word SPOON as this task's result.
</Thinking>
<Final_Answers>
- Task DOLPHIN: BRANCH
- Task RAVIOLI: SPOON
</Final_Answers>"
3,non-ordered,False,64,,,,,trivial,cot,8,3,TAPESTRY,"[2, 6, 8]",0.0,1024,512,5088,3,WHISKEY ROMEO MIKE,-9.737030982971191,-1.3910044261387415,5.9055611927760765e-05,7,False,False,False,1.0,"[{""name"": ""URCHIN"", ""kind"": ""load"", ""packet"": 2, ""rank"": 1, ""answer"": ""LAKE"", ""reported"": true, ""response"": ""LAKE"", ""correct"": true, ""correct_lenient"": true, ""answer_migrated"": false}, {""name"": ""ANCHOVY"", ""kind"": ""load"", ""packet"": 6, ""rank"": 2, ""answer"": ""BLACK"", ""reported"": true, ""response"": ""BLACK"", ""correct"": true, ""correct_lenient"": true, ""answer_migrated"": false}, {""name"": ""TAPESTRY"", ""kind"": ""passphrase"", ""packet"": 8, ""rank"": 3, ""answer"": ""WHISKEY ROMEO MIKE"", ""reported"": false, ""response"": null, ""correct"": false, ""correct_lenient"": false, ""answer_migrated"": false}]",2,0,0.0,55,False,False,True,False,False,"<Thinking>
Packet 02 is Task URCHIN: this task is trivial: report the word LAKE as this task's result.
Packet 03 is Task ANCHOVY: this task is trivial: report the word BLACK as this task's result.
</Thinking>
<Final_Answers>
- Task URCHIN: LAKE
- Task ANCHOVY: BLACK
</Final_Answers>"
3,non-ordered,False,64,,,,,trivial,cot,7,2,FALCON,"[1, 7, 15]",0.0,1024,512,6088,3,QUEBEC JULIET UNIFORM,-5.537802219390869,-0.6922252774238586,0.003935166168957949,8,True,True,True,0.5,"[{""name"": ""SNORKEL"", ""kind"": ""load"", ""packet"": 1, ""rank"": 1, ""answer"": ""HORSE"", ""reported"": true, ""response"": ""HORSE"", ""correct"": true, ""correct_lenient"": true, ""answer_migrated"": false}, {""name"": ""FALCON"", ""kind"": ""passphrase"", ""packet"": 7, ""rank"": 2, ""answer"": ""QUEBEC JULIET UNIFORM"", ""reported"": true, ""response"": ""QUEBEC JULIET UNIFORM"", ""correct"": true, ""correct_lenient"": true, ""answer_migrated"": false}, {""name"": ""KAYAK"", ""kind"": ""load"", ""packet"": 15, ""rank"": 3, ""answer"": ""STONE"", ""reported"": false, ""response"": null, ""correct"": false, ""correct_lenient"": false, ""answer_migrated"": false}]",2,0,0.0,64,True,False,False,False,True,"<Thinking>
Packet 01 is Task SNORKEL: this task is trivial: report the word HORSE as this task's result.
Packet 02 is Task FALCON: copy-paste these three words: ""QUEBEC JULIET UNIFORM"".
Packet 03 is Task FALCON: copy
</Thinking>
<Final_Answers>
- Task SNORKEL: HORSE
- Task FALCON: QUEBEC JULIET UNIFORM
</Final_Answers>"
3,non-ordered,False,64,,,,,trivial,cot,4,2,MARBLE,"[1, 4, 5]",0.0,1024,512,7088,3,ROMEO BRAVO MIKE,-2.8266708850860596,-0.47111181418100995,0.05920964106917381,6,True,True,True,0.5,"[{""name"": ""FALCON"", ""kind"": ""load"", ""packet"": 1, ""rank"": 1, ""answer"": ""BOWL"", ""reported"": true, ""response"": ""BOWL"", ""correct"": true, ""correct_lenient"": true, ""answer_migrated"": false}, {""name"": ""MARBLE"", ""kind"": ""passphrase"", ""packet"": 4, ""rank"": 2, ""answer"": ""ROMEO BRAVO MIKE"", ""reported"": true, ""response"": ""ROMEO BRAVO MIKE"", ""correct"": true, ""correct_lenient"": true, ""answer_migrated"": false}, {""name"": ""WATERMELON"", ""kind"": ""load"", ""packet"": 5, ""rank"": 3, ""answer"": ""SNAKE"", ""reported"": true, ""response"": ""ROMEO BRAVO MIKE"", ""correct"": false, ""correct_lenient"": false, ""answer_migrated"": true}]",3,0,0.3333333333333333,64,True,False,False,False,True,"<Thinking>
Packet 01 is Task FALCON: this task is trivial: report the word BOWL as this task's result.
Packet 02 is Task WATERMELON: copy-paste these three words: ""ROMEO BRAVO MIKE"".
Packet 03 is Task MARBLE: copy-paste
</Thinking>
<Final_Answers>
- Task FALCON: BOWL
- Task WATERMELON: ROMEO BRAVO MIKE
- Task MARBLE: ROMEO BRAVO MIKE
</Final_Answers>"
3,non-ordered,False,64,,,,,trivial,cot,10,1,RHUBARB,"[10, 13, 14]",0.0,1024,512,8088,3,ZULU CHARLIE TANGO,-12.685090065002441,-1.5856362581253052,3.096958380410797e-06,8,True,True,True,0.0,"[{""name"": ""RHUBARB"", ""kind"": ""passphrase"", ""packet"": 10, ""rank"": 1, ""answer"": ""ZULU CHARLIE TANGO"", ""reported"": true, ""response"": ""ZULU CHARLIE TANGO"", ""correct"": true, ""correct_lenient"": true, ""answer_migrated"": false}, {""name"": ""LULLABY"", ""kind"": ""load"", ""packet"": 13, ""rank"": 2, ""answer"": ""TREE"", ""reported"": false, ""response"": null, ""correct"": false, ""correct_lenient"": false, ""answer_migrated"": false}, {""name"": ""GAZEBO"", ""kind"": ""load"", ""packet"": 14, ""rank"": 3, ""answer"": ""BEAN"", ""reported"": false, ""response"": null, ""correct"": false, ""correct_lenient"": false, ""answer_migrated"": false}]",1,0,0.0,42,False,False,False,False,True,"<Thinking>
Packet 02 is Task RHUBARB: Copy-paste these three words: ""ZULU CHARLIE TANGO"". The result is ZULU CHARLIE TANGO.
</Thinking>
<Final_Answers>
- Task RHUBARB: ZULU CHARLIE TANGO
</Final_Answers>"
3,non-ordered,False,64,,,,,trivial,cot,10,1,EGGPLANT,"[10, 11, 13]",0.0,1024,512,9088,3,TANGO ALPHA WHISKEY,-14.443916320800781,-2.4073193868001304,5.334415504876233e-07,6,False,False,False,0.5,"[{""name"": ""EGGPLANT"", ""kind"": ""passphrase"", ""packet"": 10, ""rank"": 1, ""answer"": ""TANGO ALPHA WHISKEY"", ""reported"": false, ""response"": null, ""correct"": false, ""correct_lenient"": false, ""answer_migrated"": false}, {""name"": ""DUMPLING"", ""kind"": ""load"", ""packet"": 11, ""rank"": 2, ""answer"": ""BRICK"", ""reported"": true, ""response"": ""BRICK"", ""correct"": true, ""correct_lenient"": true, ""answer_migrated"": false}, {""name"": ""LOBSTER"", ""kind"": ""load"", ""packet"": 13, ""rank"": 3, ""answer"": ""FOX"", ""reported"": false, ""response"": null, ""correct"": false, ""correct_lenient"": false, ""answer_migrated"": false}]",1,0,0.0,30,False,False,True,False,False,"<Thinking>
Packet 02 is Task DUMPLING: This task is trivial: report the word BRICK as this task's result.
</Thinking>
<Final_Answers>
- Task DUMPLING: BRICK
</Final_Answers>"
3,non-ordered,False,64,,,,,semantic_2,cot,1,1,CARNIVAL,"[1, 8, 9]",0.0,1024,512,109,3,INDIA HOTEL OSCAR,-9.676944732666016,-1.6128241221110027,6.271281745284796e-05,6,False,False,True,0.0,"[{""name"": ""CARNIVAL"", ""kind"": ""passphrase"", ""packet"": 1, ""rank"": 1, ""answer"": ""INDIA HOTEL OSCAR"", ""reported"": true, ""response"": ""INVALID"", ""correct"": false, ""correct_lenient"": false, ""answer_migrated"": true}, {""name"": ""LILAC"", ""kind"": ""load"", ""packet"": 8, ""rank"": 2, ""answer"": ""INVALID"", ""reported"": false, ""response"": null, ""correct"": false, ""correct_lenient"": false, ""answer_migrated"": false}, {""name"": ""KETTLE"", ""kind"": ""load"", ""packet"": 9, ""rank"": 3, ""answer"": ""NO"", ""reported"": false, ""response"": null, ""correct"": false, ""correct_lenient"": false, ""answer_migrated"": false}]",1,0,1.0,33,False,False,False,False,True,"<Thinking>
Packet 01 is Task CARNIVAL: Copy-paste these three words: ""INDIA HOTEL OSCAR"". The answer is INVALID.
</Thinking>

<Final_Answers>
- Task CARNIVAL: INVALID
</Final_Answers>"
3,non-ordered,False,64,,,,,semantic_2,cot,11,3,LULLABY,"[2, 10, 11]",0.0,1024,512,1109,3,MIKE CHARLIE PAPA,-3.65531587600708,-0.5221879822867257,0.02585333026945591,7,False,False,False,0.0,"[{""name"": ""LANTERN"", ""kind"": ""load"", ""packet"": 2, ""rank"": 1, ""answer"": ""VALID"", ""reported"": true, ""response"": ""INVALID"", ""correct"": false, ""correct_lenient"": false, ""answer_migrated"": true}, {""name"": ""THIMBLE"", ""kind"": ""load"", ""packet"": 10, ""rank"": 2, ""answer"": ""INVALID"", ""reported"": false, ""response"": null, ""correct"": false, ""correct_lenient"": false, ""answer_migrated"": false}, {""name"": ""LULLABY"", ""kind"": ""passphrase"", ""packet"": 11, ""rank"": 3, ""answer"": ""MIKE CHARLIE PAPA"", ""reported"": false, ""response"": null, ""correct"": false, ""correct_lenient"": false, ""answer_migrated"": false}]",1,0,1.0,43,False,False,True,False,False,"<Thinking>
Packet 02 is Task LANTERN: Some mibs are yarps. All yarps are florks. Does it follow that some mibs are florks? Answer INVALID.
</Thinking>
<Final_Answers>
- Task LANTERN: INVALID
</Final_Answers>"
3,non-ordered,False,64,,,,,semantic_2,cot,6,2,CHIMNEY,"[1, 6, 11]",0.0,1024,512,2109,3,MIKE ROMEO NOVEMBER,-6.084423542022705,-0.8692033631461007,0.002278077183291316,7,False,False,False,0.0,"[{""name"": ""HARMONICA"", ""kind"": ""load"", ""packet"": 1, ""rank"": 1, ""answer"": ""VALID"", ""reported"": true, ""response"": ""INVALID"", ""correct"": false, ""correct_lenient"": false, ""answer_migrated"": false}, {""name"": ""CHIMNEY"", ""kind"": ""passphrase"", ""packet"": 6, ""rank"": 2, ""answer"": ""MIKE ROMEO NOVEMBER"", ""reported"": true, ""response"": ""MIKE ROMEO"", ""correct"": false, ""correct_lenient"": false, ""answer_migrated"": false}, {""name"": ""WHEELBARROW"", ""kind"": ""load"", ""packet"": 11, ""rank"": 3, ""answer"": ""VALID"", ""reported"": false, ""response"": null, ""correct"": false, ""correct_lenient"": false, ""answer_migrated"": false}]",2,0,0.0,64,True,False,False,False,False,"<Thinking>
Packet 01 is Task HARMONICA: Some plonks are smegs. All smegs are snicks. Does it follow that some plonks are snicks? Answer INVALID.
Packet 02 is Task CHIMNEY: Copy-paste these three words: ""MIKE ROM
</Thinking>
<Final_Answers>
- Task HARMONICA: INVALID
- Task CHIMNEY: MIKE ROMEO
</Final_Answers>"
3,non-ordered,False,64,,,,,semantic_2,cot,11,3,VELVET,"[7, 10, 11]",0.0,1024,512,3109,3,ECHO ZULU HOTEL,-18.251798629760742,-2.6073998042515347,1.1839805580393659e-08,7,False,False,False,0.0,"[{""name"": ""UNICYCLE"", ""kind"": ""load"", ""packet"": 7, ""rank"": 1, ""answer"": ""YES"", ""reported"": false, ""response"": null, ""correct"": false, ""correct_lenient"": false, ""answer_migrated"": false}, {""name"": ""WOMBAT"", ""kind"": ""load"", ""packet"": 10, ""rank"": 2, ""answer"": ""VALID"", ""reported"": false, ""response"": null, ""correct"": false, ""correct_lenient"": false, ""answer_migrated"": false}, {""name"": ""VELVET"", ""kind"": ""passphrase"", ""packet"": 11, ""rank"": 3, ""answer"": ""ECHO ZULU HOTEL"", ""reported"": false, ""response"": null, ""correct"": false, ""correct_lenient"": false, ""answer_migrated"": false}]",0,2,,61,False,False,True,False,False,"<Thinking>
Packet 02 is Task CATHEDRAL: A salmon is a fish, so the answer is ANIMAL. Packet 04 is Task MARMALADE: I must copy the three words VICTOR XRAY ROMEO. I found 2 tasks in this stream.
</Thinking>
<Final_Answers>
- Task CATHEDRAL: ANIMAL
- Task MARMALADE: VICTOR XRAY ROMEO
</Final_Answers>"
3,non-ordered,False,64,,,,,semantic_2,cot,9,2,DOLPHIN,"[6, 9, 10]",0.0,1024,512,4109,3,JULIET FOXTROT YANKEE,-24.75989532470703,-2.2508995749733667,1.7656884634953407e-11,11,False,False,True,0.0,"[{""name"": ""TULIP"", ""kind"": ""load"", ""packet"": 6, ""rank"": 1, ""answer"": ""NO"", ""reported"": true, ""response"": ""Valid"", ""correct"": false, ""correct_lenient"": false, ""answer_migrated"": false}, {""name"": ""DOLPHIN"", ""kind"": ""passphrase"", ""packet"": 9, ""rank"": 2, ""answer"": ""JULIET FOXTROT YANKEE"", ""reported"": true, ""response"": ""INVALID"", ""correct"": false, ""correct_lenient"": false, ""answer_migrated"": true}, {""name"": ""WALNUT"", ""kind"": ""load"", ""packet"": 10, ""rank"": 3, ""answer"": ""INVALID"", ""reported"": false, ""response"": null, ""correct"": false, ""correct_lenient"": false, ""answer_migrated"": false}]",2,0,0.5,64,True,False,False,False,True,"<Thinking>
Packet 02 is Task DOLPHIN: The statement ""Copy-paste these three words: ""JULIET FOXTROT YANKEE"" is invalid because it contains multiple spaces. Packet 04 is Task TULIP: Hank is younger than Kira. Kira is younger than
</Thinking>
<Final_Answers>
- Task DOLPHIN: INVALID
- Task TULIP: Valid
</Final_Answers>"
3,non-ordered,False,64,,,,,semantic_2,cot,5,1,MANDOLIN,"[5, 7, 14]",0.0,1024,512,5109,3,MIKE WHISKEY KILO,-3.728957414627075,-0.4661196768283844,0.02401786297559738,8,False,False,False,0.0,"[{""name"": ""MANDOLIN"", ""kind"": ""passphrase"", ""packet"": 5, ""rank"": 1, ""answer"": ""MIKE WHISKEY KILO"", ""reported"": false, ""response"": null, ""correct"": false, ""correct_lenient"": false, ""answer_migrated"": false}, {""name"": ""BAGPIPE"", ""kind"": ""load"", ""packet"": 7, ""rank"": 2, ""answer"": ""YES"", ""reported"": false, ""response"": null, ""correct"": false, ""correct_lenient"": false, ""answer_migrated"": false}, {""name"": ""JASMINE"", ""kind"": ""load"", ""packet"": 14, ""rank"": 3, ""answer"": ""INVALID"", ""reported"": false, ""response"": null, ""correct"": false, ""correct_lenient"": false, ""answer_migrated"": false}]",0,0,,64,True,False,True,False,False,"<Thinking>
Packet 02 is Task NETWORK_LATENCY: The network latency to us-east-1 is 435 ms.
Packet 03 is Task FEATURE_FLAG: The feature flag 'search_beta' is set to disabled.
Packet 04 is Task SECRET_ROLLBACK: The secret rollback.sql has been rotated
</Thinking>
<Final_Answers>
- Task NETWORK_LATENCY: 435 ms
- Task FEATURE_FLAG: Disabled
- Task SECRET_ROLLBACK: Rotated
</Final_Answers>"
3,non-ordered,False,64,,,,,semantic_2,cot,7,1,LILAC,"[7, 12, 15]",0.0,1024,512,6109,3,GOLF ZULU YANKEE,-16.412561416625977,-1.823617935180664,7.449294514572102e-08,9,False,False,False,0.0,"[{""name"": ""LILAC"", ""kind"": ""passphrase"", ""packet"": 7, ""rank"": 1, ""answer"": ""GOLF ZULU YANKEE"", ""reported"": false, ""response"": null, ""correct"": false, ""correct_lenient"": false, ""answer_migrated"": false}, {""name"": ""OPAL"", ""kind"": ""load"", ""packet"": 12, ""rank"": 2, ""answer"": ""YES"", ""reported"": false, ""response"": null, ""correct"": false, ""correct_lenient"": false, ""answer_migrated"": false}, {""name"": ""PISTACHIO"", ""kind"": ""load"", ""packet"": 15, ""rank"": 3, ""answer"": ""VALID"", ""reported"": false, ""response"": null, ""correct"": false, ""correct_lenient"": false, ""answer_migrated"": false}]",0,2,,61,False,False,True,False,False,"<Thinking>
Packet 02 is Task CATHEDRAL: A salmon is a fish, so the answer is ANIMAL. Packet 04 is Task MARMALADE: I must copy the three words VICTOR XRAY ROMEO. I found 2 tasks in this stream.
</Thinking>
<Final_Answers>
- Task CATHEDRAL: ANIMAL
- Task MARMALADE: VICTOR XRAY ROMEO
</Final_Answers>"
3,non-ordered,False,64,,,,,semantic_2,cot,3,1,URCHIN,"[3, 4, 6]",0.0,1024,512,7109,3,BRAVO YANKEE TANGO,-24.290042877197266,-2.6988936530219183,2.8246745220616987e-11,9,False,False,True,0.5,"[{""name"": ""URCHIN"", ""kind"": ""passphrase"", ""packet"": 3, ""rank"": 1, ""answer"": ""BRAVO YANKEE TANGO"", ""reported"": true, ""response"": ""INVALID"", ""correct"": false, ""correct_lenient"": false, ""answer_migrated"": false}, {""name"": ""TAPESTRY"", ""kind"": ""load"", ""packet"": 4, ""rank"": 2, ""answer"": ""VALID"", ""reported"": true, ""response"": ""VALID"", ""correct"": true, ""correct_lenient"": true, ""answer_migrated"": false}, {""name"": ""PYRAMID"", ""kind"": ""load"", ""packet"": 6, ""rank"": 3, ""answer"": ""YES"", ""reported"": false, ""response"": null, ""correct"": false, ""correct_lenient"": false, ""answer_migrated"": false}]",2,0,0.0,64,True,False,False,False,True,"<Thinking>
Packet 02 is Task URCHIN: The three words ""BRAVO YANKEE TANGO"" were copied from the message ""Backup job 407 for users encountered warning code 500"". Packet 04 is Task TAPESTRY: The three words ""All knifs
</Thinking>
<Final_Answers>
- Task URCHIN: INVALID
- Task TAPESTRY: VALID
</Final_Answers>"
3,non-ordered,False,64,,,,,semantic_2,cot,7,2,JUKEBOX,"[2, 7, 8]",0.0,1024,512,8109,3,FOXTROT CHARLIE VICTOR,-8.523538589477539,-0.9470598432752821,0.0001987349387491122,9,False,False,False,0.5,"[{""name"": ""HEDGEHOG"", ""kind"": ""load"", ""packet"": 2, ""rank"": 1, ""answer"": ""NO"", ""reported"": true, ""response"": ""NO"", ""correct"": true, ""correct_lenient"": true, ""answer_migrated"": false}, {""name"": ""JUKEBOX"", ""kind"": ""passphrase"", ""packet"": 7, ""rank"": 2, ""answer"": ""FOXTROT CHARLIE VICTOR"", ""reported"": false, ""response"": null, ""correct"": false, ""correct_lenient"": false, ""answer_migrated"": false}, {""name"": ""SAXOPHONE"", ""kind"": ""load"", ""packet"": 8, ""rank"": 3, ""answer"": ""VALID"", ""reported"": false, ""response"": null, ""correct"": false, ""correct_lenient"": false, ""answer_migrated"": false}]",1,0,0.0,43,False,False,True,False,False,"<Thinking>
Packet 02 is Task HEDGEHOG: Bob is shorter than Olive. Olive is shorter than Ravi. Ravi is shorter than Jack. Is Olive taller than Jack? Answer NO.
</Thinking>

<Final_Answers>
- Task HEDGEHOG: NO
</Final_Answers>"
3,non-ordered,False,64,,,,,semantic_2,cot,3,1,HAMMOCK,"[3, 7, 14]",0.0,1024,512,9109,3,HOTEL LIMA UNIFORM,-24.634057998657227,-3.519151142665318,2.002463125871934e-11,7,False,False,True,0.0,"[{""name"": ""HAMMOCK"", ""kind"": ""passphrase"", ""packet"": 3, ""rank"": 1, ""answer"": ""HOTEL LIMA UNIFORM"", ""reported"": true, ""response"": ""INVALID"", ""correct"": false, ""correct_lenient"": false, ""answer_migrated"": false}, {""name"": ""EMERALD"", ""kind"": ""load"", ""packet"": 7, ""rank"": 2, ""answer"": ""VALID"", ""reported"": false, ""response"": null, ""correct"": false, ""correct_lenient"": false, ""answer_migrated"": false}, {""name"": ""GLACIER"", ""kind"": ""load"", ""packet"": 14, ""rank"": 3, ""answer"": ""NO"", ""reported"": false, ""response"": null, ""correct"": false, ""correct_lenient"": false, ""answer_migrated"": false}]",1,0,0.0,52,False,False,False,False,True,"<Thinking>
Packet 02 is Task HAMMOCK: This packet contains a task called ""Copy-paste these three words: ""HOTEL LIMA UNIFORM"". The answer is INVALID because there is no valid input to perform the task.
</Thinking>
<Final_Answers>
- Task HAMMOCK: INVALID
</Final_Answers>"
3,non-ordered,False,256,,,,,trivial,cot,3,1,PLATYPUS,"[3, 11, 15]",0.0,1024,512,88,3,MIKE GOLF KILO,-5.302548885345459,-0.7575069836207798,0.0049788872711360455,7,False,False,True,0.0,"[{""name"": ""PLATYPUS"", ""kind"": ""passphrase"", ""packet"": 3, ""rank"": 1, ""answer"": ""MIKE GOLF KILO"", ""reported"": true, ""response"": ""REPORT THE WORD RED AS THIS TASK'S RESULT"", ""correct"": false, ""correct_lenient"": false, ""answer_migrated"": false}, {""name"": ""URCHIN"", ""kind"": ""load"", ""packet"": 11, ""rank"": 2, ""answer"": ""RED"", ""reported"": false, ""response"": null, ""correct"": false, ""correct_lenient"": false, ""answer_migrated"": false}, {""name"": ""LULLABY"", ""kind"": ""load"", ""packet"": 15, ""rank"": 3, ""answer"": ""EAGLE"", ""reported"": false, ""response"": null, ""correct"": false, ""correct_lenient"": false, ""answer_migrated"": false}]",1,0,0.0,35,False,False,False,False,True,"<Thinking>
Packet 02 is Task PLATYPUS: Copy-paste these three words: ""MIKE GOLF KILO"". The task is trivial.
</Thinking>
<Final_Answers>
- Task PLATYPUS: REPORT THE WORD RED AS THIS TASK'S RESULT
</Final_Answers>"
3,non-ordered,False,256,,,,,trivial,cot,6,1,NARWHAL,"[6, 7, 8]",0.0,1024,512,1088,3,ROMEO VICTOR QUEBEC,-3.583142042160034,-0.4478927552700043,0.027788249775767326,8,False,False,False,0.0,"[{""name"": ""NARWHAL"", ""kind"": ""passphrase"", ""packet"": 6, ""rank"": 1, ""answer"": ""ROMEO VICTOR QUEBEC"", ""reported"": true, ""response"": ""SUCCESS"", ""correct"": false, ""correct_lenient"": false, ""answer_migrated"": false}, {""name"": ""FLAMINGO"", ""kind"": ""load"", ""packet"": 7, ""rank"": 2, ""answer"": ""HAWK"", ""reported"": true, ""response"": ""SUCCESS"", ""correct"": false, ""correct_lenient"": false, ""answer_migrated"": false}, {""name"": ""HEDGEHOG"", ""kind"": ""load"", ""packet"": 8, ""rank"": 3, ""answer"": ""OCEAN"", ""reported"": true, ""response"": ""SUCCESS"", ""correct"": false, ""correct_lenient"": false, ""answer_migrated"": false}]",3,0,0.0,76,False,False,False,False,False,"<Thinking>
Packet 02 is Task NARWHAL: The firewall rule 274 was updated on lima-14.
Packet 03 is Task FLAMINGO: Report the word HAWK as this task's result.
Packet 04 is Task HEDGEHOG: Report the word OCEAN as this task's result.
</Thinking>
<Final_Answers>
- Task NARWHAL: SUCCESS
- Task FLAMINGO: SUCCESS
- Task HEDGEHOG: SUCCESS
</Final_Answers>"
3,non-ordered,False,256,,,,,trivial,cot,4,1,UNICYCLE,"[4, 7, 13]",0.0,1024,512,2088,3,SIERRA PAPA XRAY,-7.950837135314941,-1.1358338764735632,0.00035236706025898457,7,False,False,False,0.0,"[{""name"": ""UNICYCLE"", ""kind"": ""passphrase"", ""packet"": 4, ""rank"": 1, ""answer"": ""SIERRA PAPA XRAY"", ""reported"": false, ""response"": null, ""correct"": false, ""correct_lenient"": false, ""answer_migrated"": false}, {""name"": ""CHIMNEY"", ""kind"": ""load"", ""packet"": 7, ""rank"": 2, ""answer"": ""SALMON"", ""reported"": false, ""response"": null, ""correct"": false, ""correct_lenient"": false, ""answer_migrated"": false}, {""name"": ""URCHIN"", ""kind"": ""load"", ""packet"": 13, ""rank"": 3, ""answer"": ""SALT"", ""reported"": false, ""response"": null, ""correct"": false, ""correct_lenient"": false, ""answer_migrated"": false}]",0,2,,61,False,False,True,False,False,"<Thinking>
Packet 02 is Task CATHEDRAL: A salmon is a fish, so the answer is ANIMAL. Packet 04 is Task MARMALADE: I must copy the three words VICTOR XRAY ROMEO. I found 2 tasks in this stream.
</Thinking>
<Final_Answers>
- Task CATHEDRAL: ANIMAL
- Task MARMALADE: VICTOR XRAY ROMEO
</Final_Answers>"
3,non-ordered,False,256,,,,,trivial,cot,9,2,TULIP,"[2, 9, 12]",0.0,1024,512,3088,3,PAPA INDIA VICTOR,-15.15263557434082,-2.1646622249058316,2.625995421112748e-07,7,False,False,False,1.0,"[{""name"": ""WALNUT"", ""kind"": ""load"", ""packet"": 2, ""rank"": 1, ""answer"": ""SUGAR"", ""reported"": true, ""response"": ""SUGAR"", ""correct"": true, ""correct_lenient"": true, ""answer_migrated"": false}, {""name"": ""TULIP"", ""kind"": ""passphrase"", ""packet"": 9, ""rank"": 2, ""answer"": ""PAPA INDIA VICTOR"", ""reported"": false, ""response"": null, ""correct"": false, ""correct_lenient"": false, ""answer_migrated"": false}, {""name"": ""LOBSTER"", ""kind"": ""load"", ""packet"": 12, ""rank"": 3, ""answer"": ""CHAIR"", ""reported"": true, ""response"": ""CHAIR"", ""correct"": true, ""correct_lenient"": true, ""answer_migrated"": false}]",2,0,0.0,56,False,False,True,False,False,"<Thinking>
Packet 02 is Task WALNUT: This task is trivial: report the word SUGAR as this task's result.
Packet 04 is Task LOBSTER: This task is trivial: report the word CHAIR as this task's result.
</Thinking>
<Final_Answers>
- Task WALNUT: SUGAR
- Task LOBSTER: CHAIR
</Final_Answers>"
3,non-ordered,False,256,,,,,trivial,cot,13,3,LULLABY,"[2, 11, 13]",0.0,1024,512,4088,3,ALPHA HOTEL INDIA,-9.365408897399902,-1.5609014828999836,8.56356491567567e-05,6,False,False,False,1.0,"[{""name"": ""DOLPHIN"", ""kind"": ""load"", ""packet"": 2, ""rank"": 1, ""answer"": ""BRANCH"", ""reported"": true, ""response"": ""BRANCH"", ""correct"": true, ""correct_lenient"": true, ""answer_migrated"": false}, {""name"": ""RAVIOLI"", ""kind"": ""load"", ""packet"": 11, ""rank"": 2, ""answer"": ""SPOON"", ""reported"": true, ""response"": ""SPOON"", ""correct"": true, ""correct_lenient"": true, ""answer_migrated"": false}, {""name"": ""LULLABY"", ""kind"": ""passphrase"", ""packet"": 13, ""rank"": 3, ""answer"": ""ALPHA HOTEL INDIA"", ""reported"": false, ""response"": null, ""correct"": false, ""correct_lenient"": false, ""answer_migrated"": false}]",2,0,0.0,59,False,False,True,False,False,"<Thinking>
Packet 02 is Task DOLPHIN: This task is trivial: report the word BRANCH as this task's result.
Packet 04 is Task RAVIOLI: This task is trivial: report the word SPOON as this task's result.
</Thinking>
<Final_Answers>
- Task DOLPHIN: BRANCH
- Task RAVIOLI: SPOON
</Final_Answers>"
3,non-ordered,False,256,,,,,trivial,cot,8,3,TAPESTRY,"[2, 6, 8]",0.0,1024,512,5088,3,WHISKEY ROMEO MIKE,-9.737030982971191,-1.3910044261387415,5.9055611927760765e-05,7,False,False,False,1.0,"[{""name"": ""URCHIN"", ""kind"": ""load"", ""packet"": 2, ""rank"": 1, ""answer"": ""LAKE"", ""reported"": true, ""response"": ""LAKE"", ""correct"": true, ""correct_lenient"": true, ""answer_migrated"": false}, {""name"": ""ANCHOVY"", ""kind"": ""load"", ""packet"": 6, ""rank"": 2, ""answer"": ""BLACK"", ""reported"": true, ""response"": ""BLACK"", ""correct"": true, ""correct_lenient"": true, ""answer_migrated"": false}, {""name"": ""TAPESTRY"", ""kind"": ""passphrase"", ""packet"": 8, ""rank"": 3, ""answer"": ""WHISKEY ROMEO MIKE"", ""reported"": false, ""response"": null, ""correct"": false, ""correct_lenient"": false, ""answer_migrated"": false}]",2,0,0.0,55,False,False,True,False,False,"<Thinking>
Packet 02 is Task URCHIN: this task is trivial: report the word LAKE as this task's result.
Packet 03 is Task ANCHOVY: this task is trivial: report the word BLACK as this task's result.
</Thinking>
<Final_Answers>
- Task URCHIN: LAKE
- Task ANCHOVY: BLACK
</Final_Answers>"
3,non-ordered,False,256,,,,,trivial,cot,7,2,FALCON,"[1, 7, 15]",0.0,1024,512,6088,3,QUEBEC JULIET UNIFORM,-5.27687931060791,-0.6596099138259888,0.005108347628265619,8,True,True,True,0.5,"[{""name"": ""SNORKEL"", ""kind"": ""load"", ""packet"": 1, ""rank"": 1, ""answer"": ""HORSE"", ""reported"": true, ""response"": ""HORSE"", ""correct"": true, ""correct_lenient"": true, ""answer_migrated"": false}, {""name"": ""FALCON"", ""kind"": ""passphrase"", ""packet"": 7, ""rank"": 2, ""answer"": ""QUEBEC JULIET UNIFORM"", ""reported"": true, ""response"": ""QUEBEC JULIET UNIFORM"", ""correct"": true, ""correct_lenient"": true, ""answer_migrated"": false}, {""name"": ""KAYAK"", ""kind"": ""load"", ""packet"": 15, ""rank"": 3, ""answer"": ""STONE"", ""reported"": false, ""response"": null, ""correct"": false, ""correct_lenient"": false, ""answer_migrated"": false}]",2,0,0.0,256,True,False,False,False,True,"<Thinking>
Packet 01 is Task SNORKEL: this task is trivial: report the word HORSE as this task's result.
Packet 02 is Task FALCON: copy-paste these three words: ""QUEBEC JULIET UNIFORM"".
Packet 03 is Task FALCON: copy-paste these three words: ""QUEBEC JULIET UNIFORM"".
Packet 04 is Task MARMALADE: copy-paste these three words: ""VICTOR XRAY ROMEO"".
Packet 05 is Task SNORKEL: this task is trivial: report the word HORSE as this task's result.
Packet 06 is Task KAYAK: this task is trivial: report the word STONE as this task's result.
Packet 07 is Task FALCON: copy-paste these three words: ""QUEBEC JULIET UNIFORM"".
Packet 08 is Task FALCON: copy-paste these three words: ""QUEBEC JULIET UNIFORM"".
Packet 09 is Task FALCON: copy-paste these three words: ""QUEBEC JULIET UNIFORM"".
Packet 10 is Task KAYAK: report the word STONE as
</Thinking>
<Final_Answers>
- Task SNORKEL: HORSE
- Task FALCON: QUEBEC JULIET UNIFORM
- Task FALCON: QUEBEC JULIET UNIFORM
- Task SNORKEL: STONE
</Final_Answers>"
3,non-ordered,False,256,,,,,trivial,cot,4,2,MARBLE,"[1, 4, 5]",0.0,1024,512,7088,3,ROMEO BRAVO MIKE,-2.079204559326172,-0.3465340932210286,0.12502962350845337,6,True,True,True,0.5,"[{""name"": ""FALCON"", ""kind"": ""load"", ""packet"": 1, ""rank"": 1, ""answer"": ""BOWL"", ""reported"": true, ""response"": ""BOWL"", ""correct"": true, ""correct_lenient"": true, ""answer_migrated"": false}, {""name"": ""MARBLE"", ""kind"": ""passphrase"", ""packet"": 4, ""rank"": 2, ""answer"": ""ROMEO BRAVO MIKE"", ""reported"": true, ""response"": ""ROMEO BRAVO MIKE"", ""correct"": true, ""correct_lenient"": true, ""answer_migrated"": false}, {""name"": ""WATERMELON"", ""kind"": ""load"", ""packet"": 5, ""rank"": 3, ""answer"": ""SNAKE"", ""reported"": true, ""response"": ""ROMEO BRAVO MIKE"", ""correct"": false, ""correct_lenient"": false, ""answer_migrated"": true}]",3,1,0.3333333333333333,128,False,False,False,False,True,"<Thinking>
Packet 01 is Task FALCON: this task is trivial: report the word BOWL as this task's result.
Packet 02 is Task WATERMELON: copy-paste these three words: ""ROMEO BRAVO MIKE"".
Packet 03 is Task MARBLE: copy-paste these three words: ""ROMEO BRAVO MIKE"".
Packet 04 is Task MARMALADE: copy-paste these three words: ""ROMEO BRAVO MIKE"".
Packet 05 is Task WATERMELON: report the word SNAKE as this task's result.
</Thinking>
<Final_Answers>
- Task FALCON: BOWL
- Task WATERMELON: ROMEO BRAVO MIKE
- Task MARBLE: ROMEO BRAVO MIKE
- Task MARMALADE: ROMEO BRAVO MIKE
- Task WATERMELON: SNAKE
</Final_Answers>"
3,non-ordered,False,256,,,,,trivial,cot,10,1,RHUBARB,"[10, 13, 14]",0.0,1024,512,8088,3,ZULU CHARLIE TANGO,-12.685090065002441,-1.5856362581253052,3.096958380410797e-06,8,True,True,True,0.0,"[{""name"": ""RHUBARB"", ""kind"": ""passphrase"", ""packet"": 10, ""rank"": 1, ""answer"": ""ZULU CHARLIE TANGO"", ""reported"": true, ""response"": ""ZULU CHARLIE TANGO"", ""correct"": true, ""correct_lenient"": true, ""answer_migrated"": false}, {""name"": ""LULLABY"", ""kind"": ""load"", ""packet"": 13, ""rank"": 2, ""answer"": ""TREE"", ""reported"": false, ""response"": null, ""correct"": false, ""correct_lenient"": false, ""answer_migrated"": false}, {""name"": ""GAZEBO"", ""kind"": ""load"", ""packet"": 14, ""rank"": 3, ""answer"": ""BEAN"", ""reported"": false, ""response"": null, ""correct"": false, ""correct_lenient"": false, ""answer_migrated"": false}]",1,0,0.0,42,False,False,False,False,True,"<Thinking>
Packet 02 is Task RHUBARB: Copy-paste these three words: ""ZULU CHARLIE TANGO"". The result is ZULU CHARLIE TANGO.
</Thinking>
<Final_Answers>
- Task RHUBARB: ZULU CHARLIE TANGO
</Final_Answers>"
3,non-ordered,False,256,,,,,trivial,cot,10,1,EGGPLANT,"[10, 11, 13]",0.0,1024,512,9088,3,TANGO ALPHA WHISKEY,-14.443916320800781,-2.4073193868001304,5.334415504876233e-07,6,False,False,False,0.5,"[{""name"": ""EGGPLANT"", ""kind"": ""passphrase"", ""packet"": 10, ""rank"": 1, ""answer"": ""TANGO ALPHA WHISKEY"", ""reported"": false, ""response"": null, ""correct"": false, ""correct_lenient"": false, ""answer_migrated"": false}, {""name"": ""DUMPLING"", ""kind"": ""load"", ""packet"": 11, ""rank"": 2, ""answer"": ""BRICK"", ""reported"": true, ""response"": ""BRICK"", ""correct"": true, ""correct_lenient"": true, ""answer_migrated"": false}, {""name"": ""LOBSTER"", ""kind"": ""load"", ""packet"": 13, ""rank"": 3, ""answer"": ""FOX"", ""reported"": false, ""response"": null, ""correct"": false, ""correct_lenient"": false, ""answer_migrated"": false}]",1,0,0.0,30,False,False,True,False,False,"<Thinking>
Packet 02 is Task DUMPLING: This task is trivial: report the word BRICK as this task's result.
</Thinking>
<Final_Answers>
- Task DUMPLING: BRICK
</Final_Answers>"
3,non-ordered,False,256,,,,,semantic_2,cot,1,1,CARNIVAL,"[1, 8, 9]",0.0,1024,512,109,3,INDIA HOTEL OSCAR,-9.676944732666016,-1.6128241221110027,6.271281745284796e-05,6,False,False,True,0.0,"[{""name"": ""CARNIVAL"", ""kind"": ""passphrase"", ""packet"": 1, ""rank"": 1, ""answer"": ""INDIA HOTEL OSCAR"", ""reported"": true, ""response"": ""INVALID"", ""correct"": false, ""correct_lenient"": false, ""answer_migrated"": true}, {""name"": ""LILAC"", ""kind"": ""load"", ""packet"": 8, ""rank"": 2, ""answer"": ""INVALID"", ""reported"": false, ""response"": null, ""correct"": false, ""correct_lenient"": false, ""answer_migrated"": false}, {""name"": ""KETTLE"", ""kind"": ""load"", ""packet"": 9, ""rank"": 3, ""answer"": ""NO"", ""reported"": false, ""response"": null, ""correct"": false, ""correct_lenient"": false, ""answer_migrated"": false}]",1,0,1.0,33,False,False,False,False,True,"<Thinking>
Packet 01 is Task CARNIVAL: Copy-paste these three words: ""INDIA HOTEL OSCAR"". The answer is INVALID.
</Thinking>

<Final_Answers>
- Task CARNIVAL: INVALID
</Final_Answers>"
3,non-ordered,False,256,,,,,semantic_2,cot,11,3,LULLABY,"[2, 10, 11]",0.0,1024,512,1109,3,MIKE CHARLIE PAPA,-3.65531587600708,-0.5221879822867257,0.02585333026945591,7,False,False,False,0.0,"[{""name"": ""LANTERN"", ""kind"": ""load"", ""packet"": 2, ""rank"": 1, ""answer"": ""VALID"", ""reported"": true, ""response"": ""INVALID"", ""correct"": false, ""correct_lenient"": false, ""answer_migrated"": true}, {""name"": ""THIMBLE"", ""kind"": ""load"", ""packet"": 10, ""rank"": 2, ""answer"": ""INVALID"", ""reported"": false, ""response"": null, ""correct"": false, ""correct_lenient"": false, ""answer_migrated"": false}, {""name"": ""LULLABY"", ""kind"": ""passphrase"", ""packet"": 11, ""rank"": 3, ""answer"": ""MIKE CHARLIE PAPA"", ""reported"": false, ""response"": null, ""correct"": false, ""correct_lenient"": false, ""answer_migrated"": false}]",1,0,1.0,43,False,False,True,False,False,"<Thinking>
Packet 02 is Task LANTERN: Some mibs are yarps. All yarps are florks. Does it follow that some mibs are florks? Answer INVALID.
</Thinking>
<Final_Answers>
- Task LANTERN: INVALID
</Final_Answers>"
3,non-ordered,False,256,,,,,semantic_2,cot,6,2,CHIMNEY,"[1, 6, 11]",0.0,1024,512,2109,3,MIKE ROMEO NOVEMBER,-10.14041519165039,-1.4486307416643416,3.9452417695429176e-05,7,False,False,True,0.0,"[{""name"": ""HARMONICA"", ""kind"": ""load"", ""packet"": 1, ""rank"": 1, ""answer"": ""VALID"", ""reported"": true, ""response"": ""INVALID"", ""correct"": false, ""correct_lenient"": false, ""answer_migrated"": false}, {""name"": ""CHIMNEY"", ""kind"": ""passphrase"", ""packet"": 6, ""rank"": 2, ""answer"": ""MIKE ROMEO NOVEMBER"", ""reported"": true, ""response"": ""INVALID"", ""correct"": false, ""correct_lenient"": false, ""answer_migrated"": false}, {""name"": ""WHEELBARROW"", ""kind"": ""load"", ""packet"": 11, ""rank"": 3, ""answer"": ""VALID"", ""reported"": true, ""response"": ""INVALID"", ""correct"": false, ""correct_lenient"": false, ""answer_migrated"": false}]",3,0,0.0,115,False,False,False,False,True,"<Thinking>
Packet 01 is Task HARMONICA: Some plonks are smegs. All smegs are snicks. Does it follow that some plonks are snicks? Answer INVALID.
Packet 02 is Task CHIMNEY: Copy-paste these three words: ""MIKE ROMEO NOVEMBER"". Packet 03 is Task WHEELBARROW: All zorps are ralks. No ralks are trens. Does it follow that no zorps are trens? Answer INVALID.
</Thinking>
<Final_Answers>
- Task HARMONICA: INVALID
- Task CHIMNEY: INVALID
- Task WHEELBARROW: INVALID
</Final_Answers>"
3,non-ordered,False,256,,,,,semantic_2,cot,11,3,VELVET,"[7, 10, 11]",0.0,1024,512,3109,3,ECHO ZULU HOTEL,-18.251798629760742,-2.6073998042515347,1.1839805580393659e-08,7,False,False,False,0.0,"[{""name"": ""UNICYCLE"", ""kind"": ""load"", ""packet"": 7, ""rank"": 1, ""answer"": ""YES"", ""reported"": false, ""response"": null, ""correct"": false, ""correct_lenient"": false, ""answer_migrated"": false}, {""name"": ""WOMBAT"", ""kind"": ""load"", ""packet"": 10, ""rank"": 2, ""answer"": ""VALID"", ""reported"": false, ""response"": null, ""correct"": false, ""correct_lenient"": false, ""answer_migrated"": false}, {""name"": ""VELVET"", ""kind"": ""passphrase"", ""packet"": 11, ""rank"": 3, ""answer"": ""ECHO ZULU HOTEL"", ""reported"": false, ""response"": null, ""correct"": false, ""correct_lenient"": false, ""answer_migrated"": false}]",0,2,,61,False,False,True,False,False,"<Thinking>
Packet 02 is Task CATHEDRAL: A salmon is a fish, so the answer is ANIMAL. Packet 04 is Task MARMALADE: I must copy the three words VICTOR XRAY ROMEO. I found 2 tasks in this stream.
</Thinking>
<Final_Answers>
- Task CATHEDRAL: ANIMAL
- Task MARMALADE: VICTOR XRAY ROMEO
</Final_Answers>"
3,non-ordered,False,256,,,,,semantic_2,cot,9,2,DOLPHIN,"[6, 9, 10]",0.0,1024,512,4109,3,JULIET FOXTROT YANKEE,-24.794620513916016,-2.2540564103560015,1.705426945497468e-11,11,False,False,True,0.5,"[{""name"": ""TULIP"", ""kind"": ""load"", ""packet"": 6, ""rank"": 1, ""answer"": ""NO"", ""reported"": true, ""response"": ""NO"", ""correct"": true, ""correct_lenient"": true, ""answer_migrated"": false}, {""name"": ""DOLPHIN"", ""kind"": ""passphrase"", ""packet"": 9, ""rank"": 2, ""answer"": ""JULIET FOXTROT YANKEE"", ""reported"": true, ""response"": ""INVALID"", ""correct"": false, ""correct_lenient"": false, ""answer_migrated"": true}, {""name"": ""WALNUT"", ""kind"": ""load"", ""packet"": 10, ""rank"": 3, ""answer"": ""INVALID"", ""reported"": false, ""response"": null, ""correct"": false, ""correct_lenient"": false, ""answer_migrated"": false}]",2,0,0.5,85,False,False,False,False,True,"<Thinking>
Packet 02 is Task DOLPHIN: The statement ""Copy-paste these three words: ""JULIET FOXTROT YANKEE"" is invalid because it contains multiple spaces. Packet 04 is Task TULIP: Hank is younger than Kira. Kira is younger than Jack. Jack is younger than Grace. Is Kira older than Grace? Answer NO.
</Thinking>
<Final_Answers>
- Task DOLPHIN: INVALID
- Task TULIP: NO
</Final_Answers>"
3,non-ordered,False,256,,,,,semantic_2,cot,5,1,MANDOLIN,"[5, 7, 14]",0.0,1024,512,5109,3,MIKE WHISKEY KILO,-3.9392507076263428,-0.49240633845329285,0.019462792202830315,8,False,False,True,0.0,"[{""name"": ""MANDOLIN"", ""kind"": ""passphrase"", ""packet"": 5, ""rank"": 1, ""answer"": ""MIKE WHISKEY KILO"", ""reported"": false, ""response"": null, ""correct"": false, ""correct_lenient"": false, ""answer_migrated"": false}, {""name"": ""BAGPIPE"", ""kind"": ""load"", ""packet"": 7, ""rank"": 2, ""answer"": ""YES"", ""reported"": false, ""response"": null, ""correct"": false, ""correct_lenient"": false, ""answer_migrated"": false}, {""name"": ""JASMINE"", ""kind"": ""load"", ""packet"": 14, ""rank"": 3, ""answer"": ""INVALID"", ""reported"": false, ""response"": null, ""correct"": false, ""correct_lenient"": false, ""answer_migrated"": false}]",0,0,,256,True,False,True,False,True,"<Thinking>
Packet 02 is Task NETWORK_LATENCY: The network latency to us-east-1 is 435 ms.
Packet 03 is Task FEATURE_FLAG: The feature flag 'search_beta' is set to disabled.
Packet 04 is Task SECRET_ROLLBACK: The secret rollback.sql has been rotated by metrics exporter.
Packet 05 is Task TASK_MANDOLIN: The task 'MANDOLIN' is copied-pasted with the words 'MIKE WHISKEY KILO'.
Packet 06 is Task REPLICATION_LAG: Replication lag on events is 27 seconds.
Packet 07 is Task TASK_BAGPIPE: The task 'BAGPIPE' is Eve is faster than Alice. Alice is faster than Quinn. Quinn is faster than Kira. Is Eve faster than Quinn?
Packet 08 is Task SERVICE_MAILER: The service mailer reports a status of 504 on host node-a.
Packet 09 is Task RATE_LIMIT: The rate limit reached for endpoint /v1/logger.
Packet 10 is Task FEATURE_FLAG: The feature flag 'ldap_beta' is set to disabled.
Packet 11 is Task LEADER_ELECTION: The leader election completed for scheduler
</Thinking>
<Final_Answers>
- Task NETWORK_LATENCY: Invalid
- Task FEATURE_FLAG: Disabled
- Task SECRET_ROLLBACK: Rotated by metrics exporter
- Task TASK_MANDOLIN: MIKE WHISKEY KILO
- Task REPLICATION_LAG: 27 seconds
- Task TASK_BAGPIPE: Eve is faster than Alice. Alice is faster than Quinn. Quinn is faster than Kira. Yes
- Task SERVICE_MAILER: Status 504
- Task RATE_LIMIT: Reached
- Task FEATURE_FLAG: Disabled
</Final_Answers>"
3,non-ordered,False,256,,,,,semantic_2,cot,7,1,LILAC,"[7, 12, 15]",0.0,1024,512,6109,3,GOLF ZULU YANKEE,-16.412561416625977,-1.823617935180664,7.449294514572102e-08,9,False,False,False,0.0,"[{""name"": ""LILAC"", ""kind"": ""passphrase"", ""packet"": 7, ""rank"": 1, ""answer"": ""GOLF ZULU YANKEE"", ""reported"": false, ""response"": null, ""correct"": false, ""correct_lenient"": false, ""answer_migrated"": false}, {""name"": ""OPAL"", ""kind"": ""load"", ""packet"": 12, ""rank"": 2, ""answer"": ""YES"", ""reported"": false, ""response"": null, ""correct"": false, ""correct_lenient"": false, ""answer_migrated"": false}, {""name"": ""PISTACHIO"", ""kind"": ""load"", ""packet"": 15, ""rank"": 3, ""answer"": ""VALID"", ""reported"": false, ""response"": null, ""correct"": false, ""correct_lenient"": false, ""answer_migrated"": false}]",0,2,,61,False,False,True,False,False,"<Thinking>
Packet 02 is Task CATHEDRAL: A salmon is a fish, so the answer is ANIMAL. Packet 04 is Task MARMALADE: I must copy the three words VICTOR XRAY ROMEO. I found 2 tasks in this stream.
</Thinking>
<Final_Answers>
- Task CATHEDRAL: ANIMAL
- Task MARMALADE: VICTOR XRAY ROMEO
</Final_Answers>"
3,non-ordered,False,256,,,,,semantic_2,cot,3,1,URCHIN,"[3, 4, 6]",0.0,1024,512,7109,3,BRAVO YANKEE TANGO,-23.62237548828125,-2.6247083875868054,5.5072231497366175e-11,9,False,False,True,0.5,"[{""name"": ""URCHIN"", ""kind"": ""passphrase"", ""packet"": 3, ""rank"": 1, ""answer"": ""BRAVO YANKEE TANGO"", ""reported"": true, ""response"": ""INVALID"", ""correct"": false, ""correct_lenient"": false, ""answer_migrated"": false}, {""name"": ""TAPESTRY"", ""kind"": ""load"", ""packet"": 4, ""rank"": 2, ""answer"": ""VALID"", ""reported"": true, ""response"": ""VALID"", ""correct"": true, ""correct_lenient"": true, ""answer_migrated"": false}, {""name"": ""PYRAMID"", ""kind"": ""load"", ""packet"": 6, ""rank"": 3, ""answer"": ""YES"", ""reported"": true, ""response"": ""VALID"", ""correct"": false, ""correct_lenient"": false, ""answer_migrated"": true}]",3,0,0.3333333333333333,256,True,False,False,False,True,"<Thinking>
Packet 02 is Task URCHIN: The three words ""BRAVO YANKEE TANGO"" were copied from the message ""Backup job 407 for users encountered warning code 500"". Packet 04 is Task TAPESTRY: The three words ""All knifs are skrans. No skrans are quibs. Does it follow that no knifs are quibs?"" was copied from the message ""Queue 'low' depth is 965 messages."" Packet 05 is Task PYRAMID: The three words ""Hank is heavier than Carol. Carol is heavier than Ravi. Ravi is heavier than Grace."" were copied from the message ""Secret state.db rotated by discovery client."" Packet 06 is Task PYRAMID: The three words ""Hank is heavier than Ravi."" were copied from the message ""Garbage collection on storage freed 154 megabytes."" Packet 07 is Task PYRAMID: The three words ""Connection pool for metrics resized to 67 workers."" were copied from the message ""Rate limit reached for endpoint /v1/search."" Packet 08 is Task PYRAMID: The three words ""Connection pool for ingest resized to 
</Thinking>
<Final_Answers>
- Task URCHIN: INVALID
- Task TAPESTRY: VALID
- Task PYRAMID: VALID
</Final_Answers>"
3,non-ordered,False,256,,,,,semantic_2,cot,7,2,JUKEBOX,"[2, 7, 8]",0.0,1024,512,8109,3,FOXTROT CHARLIE VICTOR,-8.523538589477539,-0.9470598432752821,0.0001987349387491122,9,False,False,False,0.5,"[{""name"": ""HEDGEHOG"", ""kind"": ""load"", ""packet"": 2, ""rank"": 1, ""answer"": ""NO"", ""reported"": true, ""response"": ""NO"", ""correct"": true, ""correct_lenient"": true, ""answer_migrated"": false}, {""name"": ""JUKEBOX"", ""kind"": ""passphrase"", ""packet"": 7, ""rank"": 2, ""answer"": ""FOXTROT CHARLIE VICTOR"", ""reported"": false, ""response"": null, ""correct"": false, ""correct_lenient"": false, ""answer_migrated"": false}, {""name"": ""SAXOPHONE"", ""kind"": ""load"", ""packet"": 8, ""rank"": 3, ""answer"": ""VALID"", ""reported"": false, ""response"": null, ""correct"": false, ""correct_lenient"": false, ""answer_migrated"": false}]",1,0,0.0,43,False,False,True,False,False,"<Thinking>
Packet 02 is Task HEDGEHOG: Bob is shorter than Olive. Olive is shorter than Ravi. Ravi is shorter than Jack. Is Olive taller than Jack? Answer NO.
</Thinking>

<Final_Answers>
- Task HEDGEHOG: NO
</Final_Answers>"
3,non-ordered,False,256,,,,,semantic_2,cot,3,1,HAMMOCK,"[3, 7, 14]",0.0,1024,512,9109,3,HOTEL LIMA UNIFORM,-24.634057998657227,-3.519151142665318,2.002463125871934e-11,7,False,False,True,0.0,"[{""name"": ""HAMMOCK"", ""kind"": ""passphrase"", ""packet"": 3, ""rank"": 1, ""answer"": ""HOTEL LIMA UNIFORM"", ""reported"": true, ""response"": ""INVALID"", ""correct"": false, ""correct_lenient"": false, ""answer_migrated"": false}, {""name"": ""EMERALD"", ""kind"": ""load"", ""packet"": 7, ""rank"": 2, ""answer"": ""VALID"", ""reported"": false, ""response"": null, ""correct"": false, ""correct_lenient"": false, ""answer_migrated"": false}, {""name"": ""GLACIER"", ""kind"": ""load"", ""packet"": 14, ""rank"": 3, ""answer"": ""NO"", ""reported"": false, ""response"": null, ""correct"": false, ""correct_lenient"": false, ""answer_migrated"": false}]",1,0,0.0,52,False,False,False,False,True,"<Thinking>
Packet 02 is Task HAMMOCK: This packet contains a task called ""Copy-paste these three words: ""HOTEL LIMA UNIFORM"". The answer is INVALID because there is no valid input to perform the task.
</Thinking>
<Final_Answers>
- Task HAMMOCK: INVALID
</Final_Answers>"
5,non-ordered,False,16,,,,,trivial,cot,4,1,RASPBERRY,"[4, 6, 10, 11, 14]",0.0,1024,512,114,3,HOTEL SIERRA DELTA,-17.11697769165039,-2.139622211456299,3.682909621716135e-08,8,False,True,True,0.0,"[{""name"": ""RASPBERRY"", ""kind"": ""passphrase"", ""packet"": 4, ""rank"": 1, ""answer"": ""HOTEL SIERRA DELTA"", ""reported"": true, ""response"": ""Copy-paste these three words: \""HOTEL SIERRA DELTA"", ""correct"": false, ""correct_lenient"": true, ""answer_migrated"": false}, {""name"": ""NECTARINE"", ""kind"": ""load"", ""packet"": 6, ""rank"": 2, ""answer"": ""STORM"", ""reported"": false, ""response"": null, ""correct"": false, ""correct_lenient"": false, ""answer_migrated"": false}, {""name"": ""PLATYPUS"", ""kind"": ""load"", ""packet"": 10, ""rank"": 3, ""answer"": ""BROWN"", ""reported"": false, ""response"": null, ""correct"": false, ""correct_lenient"": false, ""answer_migrated"": false}, {""name"": ""INKWELL"", ""kind"": ""load"", ""packet"": 11, ""rank"": 4, ""answer"": ""LAKE"", ""reported"": false, ""response"": null, ""correct"": false, ""correct_lenient"": false, ""answer_migrated"": false}, {""name"": ""KAYAK"", ""kind"": ""load"", ""packet"": 14, ""rank"": 5, ""answer"": ""FINCH"", ""reported"": false, ""response"": null, ""correct"": false, ""correct_lenient"": false, ""answer_migrated"": false}]",1,0,0.0,16,True,False,False,False,False,"<Thinking>
Packet 02 is Task RASPBERRY: Copy-paste these three
</Thinking>
<Final_Answers>
- Task RASPBERRY: Copy-paste these three words: ""HOTEL SIERRA DELTA""
</Final_Answers>"
5,non-ordered,False,16,,,,,trivial,cot,14,5,CENTIPEDE,"[8, 10, 11, 12, 14]",0.0,1024,512,1114,3,QUEBEC INDIA OSCAR,-3.344411849975586,-0.4777731214250837,0.03528095781803131,7,False,False,False,0.25,"[{""name"": ""METRONOME"", ""kind"": ""load"", ""packet"": 8, ""rank"": 1, ""answer"": ""RICE"", ""reported"": true, ""response"": ""RICE"", ""correct"": true, ""correct_lenient"": true, ""answer_migrated"": false}, {""name"": ""CATAPULT"", ""kind"": ""load"", ""packet"": 10, ""rank"": 2, ""answer"": ""SPOON"", ""reported"": false, ""response"": null, ""correct"": false, ""correct_lenient"": false, ""answer_migrated"": false}, {""name"": ""LANTERN"", ""kind"": ""load"", ""packet"": 11, ""rank"": 3, ""answer"": ""CHERRY"", ""reported"": false, ""response"": null, ""correct"": false, ""correct_lenient"": false, ""answer_migrated"": false}, {""name"": ""DAFFODIL"", ""kind"": ""load"", ""packet"": 12, ""rank"": 4, ""answer"": ""PLATE"", ""reported"": false, ""response"": null, ""correct"": false, ""correct_lenient"": false, ""answer_migrated"": false}, {""name"": ""CENTIPEDE"", ""kind"": ""passphrase"", ""packet"": 14, ""rank"": 5, ""answer"": ""QUEBEC INDIA OSCAR"", ""reported"": false, ""response"": null, ""correct"": false, ""correct_lenient"": false, ""answer_migrated"": false}]",1,0,0.0,16,True,False,True,False,False,"<Thinking>
Packet 02 is Task METRONOME: This task is trivial: report
</Thinking>
<Final_Answers>
- Task METRONOME: RICE
</Final_Answers>"
5,non-ordered,False,16,,,,,trivial,cot,4,1,YOGURT,"[4, 5, 8, 9, 15]",0.0,1024,512,2114,3,HOTEL GOLF VICTOR,-15.81798267364502,-1.9772478342056274,1.350011302747589e-07,8,True,True,True,0.0,"[{""name"": ""YOGURT"", ""kind"": ""passphrase"", ""packet"": 4, ""rank"": 1, ""answer"": ""HOTEL GOLF VICTOR"", ""reported"": true, ""response"": ""HOTEL GOLF VICTOR"", ""correct"": true, ""correct_lenient"": true, ""answer_migrated"": false}, {""name"": ""EGGPLANT"", ""kind"": ""load"", ""packet"": 5, ""rank"": 2, ""answer"": ""BEAR"", ""reported"": false, ""response"": null, ""correct"": false, ""correct_lenient"": false, ""answer_migrated"": false}, {""name"": ""PISTACHIO"", ""kind"": ""load"", ""packet"": 8, ""rank"": 3, ""answer"": ""MAROON"", ""reported"": false, ""response"": null, ""correct"": false, ""correct_lenient"": false, ""answer_migrated"": false}, {""name"": ""QUARRY"", ""kind"": ""load"", ""packet"": 9, ""rank"": 4, ""answer"": ""VIOLET"", ""reported"": false, ""response"": null, ""correct"": false, ""correct_lenient"": false, ""answer_migrated"": false}, {""name"": ""TROMBONE"", ""kind"": ""load"", ""packet"": 15, ""rank"": 5, ""answer"": ""DUCK"", ""reported"": false, ""response"": null, ""correct"": false, ""correct_lenient"": false, ""answer_migrated"": false}]",1,0,0.0,16,True,False,False,False,False,"<Thinking>
Packet 02 is Task YOGURT: Copy-paste these three words
</Thinking>
<Final_Answers>
- Task YOGURT: HOTEL GOLF VICTOR
</Final_Answers>"
5,non-ordered,False,16,,,,,trivial,cot,11,4,SAXOPHONE,"[5, 7, 8, 11, 13]",0.0,1024,512,3114,3,HOTEL INDIA ROMEO,-17.79367446899414,-2.5419534955705916,1.8719980232617672e-08,7,False,False,False,0.0,"[{""name"": ""PARSNIP"", ""kind"": ""load"", ""packet"": 5, ""rank"": 1, ""answer"": ""CAT"", ""reported"": false, ""response"": null, ""correct"": false, ""correct_lenient"": false, ""answer_migrated"": false}, {""name"": ""PELICAN"", ""kind"": ""load"", ""packet"": 7, ""rank"": 2, ""answer"": ""ONION"", ""reported"": false, ""response"": null, ""correct"": false, ""correct_lenient"": false, ""answer_migrated"": false}, {""name"": ""DUMPLING"", ""kind"": ""load"", ""packet"": 8, ""rank"": 3, ""answer"": ""GRAPE"", ""reported"": false, ""response"": null, ""correct"": false, ""correct_lenient"": false, ""answer_migrated"": false}, {""name"": ""SAXOPHONE"", ""kind"": ""passphrase"", ""packet"": 11, ""rank"": 4, ""answer"": ""HOTEL INDIA ROMEO"", ""reported"": false, ""response"": null, ""correct"": false, ""correct_lenient"": false, ""answer_migrated"": false}, {""name"": ""DAFFODIL"", ""kind"": ""load"", ""packet"": 13, ""rank"": 5, ""answer"": ""WALL"", ""reported"": false, ""response"": null, ""correct"": false, ""correct_lenient"": false, ""answer_migrated"": false}]",0,1,,16,True,False,True,False,False,"<Thinking>
Packet 02 is Task CATHEDRAL: a salmon is a fish
</Thinking>
<Final_Answers>
- Task CATHEDRAL: ANIMAL
</Final_Answers>"
5,non-ordered,False,16,,,,,trivial,cot,9,4,HAMMOCK,"[1, 2, 4, 9, 15]",0.0,1024,512,4114,3,ALPHA XRAY WHISKEY,-11.596593856811523,-1.656656265258789,9.197361578117125e-06,7,False,False,False,0.0,"[{""name"": ""UNICYCLE"", ""kind"": ""load"", ""packet"": 1, ""rank"": 1, ""answer"": ""WOLF"", ""reported"": true, ""response"": ""Report the word WOLF as this task's result."", ""correct"": false, ""correct_lenient"": true, ""answer_migrated"": false}, {""name"": ""KUMQUAT"", ""kind"": ""load"", ""packet"": 2, ""rank"": 2, ""answer"": ""CRAB"", ""reported"": false, ""response"": null, ""correct"": false, ""correct_lenient"": false, ""answer_migrated"": false}, {""name"": ""GONDOLA"", ""kind"": ""load"", ""packet"": 4, ""rank"": 3, ""answer"": ""LAMP"", ""reported"": false, ""response"": null, ""correct"": false, ""correct_lenient"": false, ""answer_migrated"": false}, {""name"": ""HAMMOCK"", ""kind"": ""passphrase"", ""packet"": 9, ""rank"": 4, ""answer"": ""ALPHA XRAY WHISKEY"", ""reported"": false, ""response"": null, ""correct"": false, ""correct_lenient"": false, ""answer_migrated"": false}, {""name"": ""WATERMELON"", ""kind"": ""load"", ""packet"": 15, ""rank"": 5, ""answer"": ""CARROT"", ""reported"": false, ""response"": null, ""correct"": false, ""correct_lenient"": false, ""answer_migrated"": false}]",1,0,0.0,16,True,False,True,False,False,"<Thinking>
The first two packets are both [Packet 01 - Task UNICYCLE
</Thinking>
<Final_Answers>
- Task UNICYCLE: Report the word WOLF as this task's result.
</Final_Answers>
"
5,non-ordered,False,16,,,,,trivial,cot,4,1,JIGSAW,"[4, 10, 11, 12, 14]",0.0,1024,512,5114,3,GOLF QUEBEC OSCAR,-14.905369758605957,-2.1293385369437083,3.3626383810769767e-07,7,False,True,True,0.0,"[{""name"": ""JIGSAW"", ""kind"": ""passphrase"", ""packet"": 4, ""rank"": 1, ""answer"": ""GOLF QUEBEC OSCAR"", ""reported"": true, ""response"": ""Copy-paste these three words: \""GOLF QUEBEC OSCAR"", ""correct"": false, ""correct_lenient"": true, ""answer_migrated"": false}, {""name"": ""ORIGAMI"", ""kind"": ""load"", ""packet"": 10, ""rank"": 2, ""answer"": ""SEAL"", ""reported"": false, ""response"": null, ""correct"": false, ""correct_lenient"": false, ""answer_migrated"": false}, {""name"": ""QUICKSAND"", ""kind"": ""load"", ""packet"": 11, ""rank"": 3, ""answer"": ""TABLE"", ""reported"": false, ""response"": null, ""correct"": false, ""correct_lenient"": false, ""answer_migrated"": false}, {""name"": ""BLIZZARD"", ""kind"": ""load"", ""packet"": 12, ""rank"": 4, ""answer"": ""BLUE"", ""reported"": false, ""response"": null, ""correct"": false, ""correct_lenient"": false, ""answer_migrated"": false}, {""name"": ""BAGPIPE"", ""kind"": ""load"", ""packet"": 14, ""rank"": 5, ""answer"": ""BLACK"", ""reported"": false, ""response"": null, ""correct"": false, ""correct_lenient"": false, ""answer_migrated"": false}]",1,0,0.0,16,True,False,False,False,False,"<Thinking>
Packet 02 is Task JIGSAW: Copy-paste these three
</Thinking>
<Final_Answers>
- Task JIGSAW: Copy-paste these three words: ""GOLF QUEBEC OSCAR""
</Final_Answers>"
5,non-ordered,False,16,,,,,trivial,cot,14,5,ZIGZAG,"[7, 9, 11, 12, 14]",0.0,1024,512,6114,3,CHARLIE SIERRA ECHO,-7.770760536193848,-0.971345067024231,0.0004218922695145011,8,False,False,False,0.25,"[{""name"": ""JIGSAW"", ""kind"": ""load"", ""packet"": 7, ""rank"": 1, ""answer"": ""CRAB"", ""reported"": false, ""response"": null, ""correct"": false, ""correct_lenient"": false, ""answer_migrated"": false}, {""name"": ""ZEPPELIN"", ""kind"": ""load"", ""packet"": 9, ""rank"": 2, ""answer"": ""LEMON"", ""reported"": false, ""response"": null, ""correct"": false, ""correct_lenient"": false, ""answer_migrated"": false}, {""name"": ""CACTUS"", ""kind"": ""load"", ""packet"": 11, ""rank"": 3, ""answer"": ""MAROON"", ""reported"": true, ""response"": ""MAROON"", ""correct"": true, ""correct_lenient"": true, ""answer_migrated"": false}, {""name"": ""HARMONICA"", ""kind"": ""load"", ""packet"": 12, ""rank"": 4, ""answer"": ""STONE"", ""reported"": false, ""response"": null, ""correct"": false, ""correct_lenient"": false, ""answer_migrated"": false}, {""name"": ""ZIGZAG"", ""kind"": ""passphrase"", ""packet"": 14, ""rank"": 5, ""answer"": ""CHARLIE SIERRA ECHO"", ""reported"": false, ""response"": null, ""correct"": false, ""correct_lenient"": false, ""answer_migrated"": false}]",1,0,0.0,16,True,False,True,False,False,"<Thinking>
Packet 02 is Task CACTUS: report the word MAROON
</Thinking>
<Final_Answers>
- Task CACTUS: MAROON
</Final_Answers>"
5,non-ordered,False,16,,,,,trivial,cot,3,2,UKULELE,"[2, 3, 6, 13, 15]",0.0,1024,512,7114,3,HOTEL PAPA FOXTROT,-18.72480010986328,-2.34060001373291,7.377727762047925e-09,8,False,False,False,0.0,"[{""name"": ""DAFFODIL"", ""kind"": ""load"", ""packet"": 2, ""rank"": 1, ""answer"": ""GARLIC"", ""reported"": true, ""response"": ""REPORT GARLIC"", ""correct"": false, ""correct_lenient"": true, ""answer_migrated"": false}, {""name"": ""UKULELE"", ""kind"": ""passphrase"", ""packet"": 3, ""rank"": 2, ""answer"": ""HOTEL PAPA FOXTROT"", ""reported"": false, ""response"": null, ""correct"": false, ""correct_lenient"": false, ""answer_migrated"": false}, {""name"": ""VOLCANO"", ""kind"": ""load"", ""packet"": 6, ""rank"": 3, ""answer"": ""CYAN"", ""reported"": false, ""response"": null, ""correct"": false, ""correct_lenient"": false, ""answer_migrated"": false}, {""name"": ""VINEYARD"", ""kind"": ""load"", ""packet"": 13, ""rank"": 4, ""answer"": ""OWL"", ""reported"": false, ""response"": null, ""correct"": false, ""correct_lenient"": false, ""answer_migrated"": false}, {""name"": ""RAVIOLI"", ""kind"": ""load"", ""packet"": 15, ""rank"": 5, ""answer"": ""WHITE"", ""reported"": false, ""response"": null, ""correct"": false, ""correct_lenient"": false, ""answer_migrated"": false}]",1,0,0.0,16,True,False,True,False,False,"<Thinking>
Packet 02 is Task DAFFODIL: This task is trivial:
</Thinking>
<Final_Answers>
- Task DAFFODIL: REPORT GARLIC
</Final_Answers>"
5,non-ordered,False,16,,,,,trivial,cot,4,2,WOMBAT,"[1, 4, 6, 7, 12]",0.0,1024,512,8114,3,MIKE ECHO YANKEE,-5.868776798248291,-0.7335970997810364,0.0028263283893465996,8,False,False,False,0.0,"[{""name"": ""CARNIVAL"", ""kind"": ""load"", ""packet"": 1, ""rank"": 1, ""answer"": ""GOLD"", ""reported"": true, ""response"": ""Green"", ""correct"": false, ""correct_lenient"": false, ""answer_migrated"": true}, {""name"": ""WOMBAT"", ""kind"": ""passphrase"", ""packet"": 4, ""rank"": 2, ""answer"": ""MIKE ECHO YANKEE"", ""reported"": false, ""response"": null, ""correct"": false, ""correct_lenient"": false, ""answer_migrated"": false}, {""name"": ""FERRET"", ""kind"": ""load"", ""packet"": 6, ""rank"": 3, ""answer"": ""GREEN"", ""reported"": false, ""response"": null, ""correct"": false, ""correct_lenient"": false, ""answer_migrated"": false}, {""name"": ""PYRAMID"", ""kind"": ""load"", ""packet"": 7, ""rank"": 4, ""answer"": ""BLUE"", ""reported"": false, ""response"": null, ""correct"": false, ""correct_lenient"": false, ""answer_migrated"": false}, {""name"": ""TAPESTRY"", ""kind"": ""load"", ""packet"": 12, ""rank"": 5, ""answer"": ""BEAR"", ""reported"": false, ""response"": null, ""correct"": false, ""correct_lenient"": false, ""answer_migrated"": false}]",1,0,1.0,16,True,False,True,False,False,"<Thinking>
Packet 01 is Task CARNIVAL: this task is trivial: report
</Thinking>
<Final_Answers>
- Task CARNIVAL: Green
</Final_Answers>

"
5,non-ordered,False,16,,,,,trivial,cot,11,3,MONGOOSE,"[2, 7, 11, 12, 15]",0.0,1024,512,9114,3,UNIFORM SIERRA KILO,-9.654322624206543,-1.2067903280258179,6.414767995011061e-05,8,False,False,False,0.25,"[{""name"": ""JASMINE"", ""kind"": ""load"", ""packet"": 2, ""rank"": 1, ""answer"": ""CHAIR"", ""reported"": true, ""response"": ""CHAIR"", ""correct"": true, ""correct_lenient"": true, ""answer_migrated"": false}, {""name"": ""TULIP"", ""kind"": ""load"", ""packet"": 7, ""rank"": 2, ""answer"": ""BROWN"", ""reported"": false, ""response"": null, ""correct"": false, ""correct_lenient"": false, ""answer_migrated"": false}, {""name"": ""MONGOOSE"", ""kind"": ""passphrase"", ""packet"": 11, ""rank"": 3, ""answer"": ""UNIFORM SIERRA KILO"", ""reported"": false, ""response"": null, ""correct"": false, ""correct_lenient"": false, ""answer_migrated"": false}, {""name"": ""ORCHID"", ""kind"": ""load"", ""packet"": 12, ""rank"": 4, ""answer"": ""LAMP"", ""reported"": false, ""response"": null, ""correct"": false, ""correct_lenient"": false, ""answer_migrated"": false}, {""name"": ""XYLOPHONE"", ""kind"": ""load"", ""packet"": 15, ""rank"": 5, ""answer"": ""STORM"", ""reported"": false, ""response"": null, ""correct"": false, ""correct_lenient"": false, ""answer_migrated"": false}]",1,0,0.0,16,True,False,True,False,False,"<Thinking>
Packet 02 is Task JASMINE: trivial: report the word CH
</Thinking>
<Final_Answers>
- Task JASMINE: CHAIR
</Final_Answers>"
5,non-ordered,False,16,,,,,semantic_2,cot,5,1,EMERALD,"[5, 8, 10, 11, 13]",0.0,1024,512,135,3,VICTOR LIMA UNIFORM,-18.600149154663086,-2.6571641649518694,8.357143421733326e-09,7,False,False,False,0.0,"[{""name"": ""EMERALD"", ""kind"": ""passphrase"", ""packet"": 5, ""rank"": 1, ""answer"": ""VICTOR LIMA UNIFORM"", ""reported"": false, ""response"": null, ""correct"": false, ""correct_lenient"": false, ""answer_migrated"": false}, {""name"": ""JIGSAW"", ""kind"": ""load"", ""packet"": 8, ""rank"": 2, ""answer"": ""INVALID"", ""reported"": false, ""response"": null, ""correct"": false, ""correct_lenient"": false, ""answer_migrated"": false}, {""name"": ""PYRAMID"", ""kind"": ""load"", ""packet"": 10, ""rank"": 3, ""answer"": ""INVALID"", ""reported"": false, ""response"": null, ""correct"": false, ""correct_lenient"": false, ""answer_migrated"": false}, {""name"": ""WALNUT"", ""kind"": ""load"", ""packet"": 11, ""rank"": 4, ""answer"": ""INVALID"", ""reported"": false, ""response"": null, ""correct"": false, ""correct_lenient"": false, ""answer_migrated"": false}, {""name"": ""RASPBERRY"", ""kind"": ""load"", ""packet"": 13, ""rank"": 5, ""answer"": ""VALID"", ""reported"": false, ""response"": null, ""correct"": false, ""correct_lenient"": false, ""answer_migrated"": false}]",0,1,,16,True,False,True,False,False,"<Thinking>
Packet 02 is Task CATHEDRAL: a salmon is a fish
</Thinking>
<Final_Answers>
- Task CATHEDRAL: ANIMAL
</Final_Answers>"
5,non-ordered,False,16,,,,,semantic_2,cot,10,4,GONDOLA,"[4, 5, 9, 10, 15]",0.0,1024,512,1135,3,ROMEO OSCAR ECHO,-6.686374664306641,-1.1143957773844402,0.0012477983254939318,6,False,False,False,0.0,"[{""name"": ""OBELISK"", ""kind"": ""load"", ""packet"": 4, ""rank"": 1, ""answer"": ""VALID"", ""reported"": false, ""response"": null, ""correct"": false, ""correct_lenient"": false, ""answer_migrated"": false}, {""name"": ""METRONOME"", ""kind"": ""load"", ""packet"": 5, ""rank"": 2, ""answer"": ""VALID"", ""reported"": false, ""response"": null, ""correct"": false, ""correct_lenient"": false, ""answer_migrated"": false}, {""name"": ""PYRAMID"", ""kind"": ""load"", ""packet"": 9, ""rank"": 3, ""answer"": ""YES"", ""reported"": false, ""response"": null, ""correct"": false, ""correct_lenient"": false, ""answer_migrated"": false}, {""name"": ""GONDOLA"", ""kind"": ""passphrase"", ""packet"": 10, ""rank"": 4, ""answer"": ""ROMEO OSCAR ECHO"", ""reported"": false, ""response"": null, ""correct"": false, ""correct_lenient"": false, ""answer_migrated"": false}, {""name"": ""VOLCANO"", ""kind"": ""load"", ""packet"": 15, ""rank"": 5, ""answer"": ""VALID"", ""reported"": false, ""response"": null, ""correct"": false, ""correct_lenient"": false, ""answer_migrated"": false}]",0,1,,16,True,False,True,False,False,"<Thinking>
Packet 02 is Task CATHEDRAL: a salmon is a fish
</Thinking>
<Final_Answers>
- Task CATHEDRAL: A salmon is a fish
</Final_Answers>"
5,non-ordered,False,16,,,,,semantic_2,cot,13,3,GARGOYLE,"[3, 10, 13, 14, 15]",0.0,1024,512,2135,3,TANGO ALPHA YANKEE,-17.562578201293945,-2.508939743041992,2.358680895042653e-08,7,False,False,False,0.0,"[{""name"": ""SCARECROW"", ""kind"": ""load"", ""packet"": 3, ""rank"": 1, ""answer"": ""NO"", ""reported"": false, ""response"": null, ""correct"": false, ""correct_lenient"": false, ""answer_migrated"": false}, {""name"": ""KETTLE"", ""kind"": ""load"", ""packet"": 10, ""rank"": 2, ""answer"": ""NO"", ""reported"": false, ""response"": null, ""correct"": false, ""correct_lenient"": false, ""answer_migrated"": false}, {""name"": ""GARGOYLE"", ""kind"": ""passphrase"", ""packet"": 13, ""rank"": 3, ""answer"": ""TANGO ALPHA YANKEE"", ""reported"": false, ""response"": null, ""correct"": false, ""correct_lenient"": false, ""answer_migrated"": false}, {""name"": ""HEDGEHOG"", ""kind"": ""load"", ""packet"": 14, ""rank"": 4, ""answer"": ""YES"", ""reported"": false, ""response"": null, ""correct"": false, ""correct_lenient"": false, ""answer_migrated"": false}, {""name"": ""QUILT"", ""kind"": ""load"", ""packet"": 15, ""rank"": 5, ""answer"": ""INVALID"", ""reported"": false, ""response"": null, ""correct"": false, ""correct_lenient"": false, ""answer_migrated"": false}]",0,1,,16,True,False,True,False,False,"<Thinking>
Packet 02 is Task CATHEDRAL: a salmon is a fish
</Thinking>
<Final_Answers>
- Task CATHEDRAL: ANIMAL
</Final_Answers>"
5,non-ordered,False,16,,,,,semantic_2,cot,10,4,PLATYPUS,"[7, 8, 9, 10, 15]",0.0,1024,512,3135,3,NOVEMBER SIERRA ROMEO,-15.918258666992188,-1.9897823333740234,1.2212036892833567e-07,8,False,False,False,0.0,"[{""name"": ""OBELISK"", ""kind"": ""load"", ""packet"": 7, ""rank"": 1, ""answer"": ""INVALID"", ""reported"": false, ""response"": null, ""correct"": false, ""correct_lenient"": false, ""answer_migrated"": false}, {""name"": ""WALNUT"", ""kind"": ""load"", ""packet"": 8, ""rank"": 2, ""answer"": ""INVALID"", ""reported"": false, ""response"": null, ""correct"": false, ""correct_lenient"": false, ""answer_migrated"": false}, {""name"": ""CACTUS"", ""kind"": ""load"", ""packet"": 9, ""rank"": 3, ""answer"": ""VALID"", ""reported"": true, ""response"": ""NO"", ""correct"": false, ""correct_lenient"": false, ""answer_migrated"": false}, {""name"": ""PLATYPUS"", ""kind"": ""passphrase"", ""packet"": 10, ""rank"": 4, ""answer"": ""NOVEMBER SIERRA ROMEO"", ""reported"": false, ""response"": null, ""correct"": false, ""correct_lenient"": false, ""answer_migrated"": false}, {""name"": ""HAMMOCK"", ""kind"": ""load"", ""packet"": 15, ""rank"": 5, ""answer"": ""YES"", ""reported"": false, ""response"": null, ""correct"": false, ""correct_lenient"": false, ""answer_migrated"": false}]",1,0,0.0,16,True,False,True,False,False,"<Thinking>
Packet 02 is Task CACTUS: All wugs are vrils
</Thinking>
<Final_Answers>
- Task CACTUS: NO
</Final_Answers>"
5,non-ordered,False,16,,,,,semantic_2,cot,8,4,URCHIN,"[1, 3, 6, 8, 11]",0.0,1024,512,4135,3,INDIA WHISKEY VICTOR,-10.247788429260254,-1.2809735536575317,3.543578350218013e-05,8,False,False,False,0.25,"[{""name"": ""QUILT"", ""kind"": ""load"", ""packet"": 1, ""rank"": 1, ""answer"": ""INVALID"", ""reported"": true, ""response"": ""Invalid"", ""correct"": true, ""correct_lenient"": true, ""answer_migrated"": false}, {""name"": ""VOLCANO"", ""kind"": ""load"", ""packet"": 3, ""rank"": 2, ""answer"": ""INVALID"", ""reported"": false, ""response"": null, ""correct"": false, ""correct_lenient"": false, ""answer_migrated"": false}, {""name"": ""TROMBONE"", ""kind"": ""load"", ""packet"": 6, ""rank"": 3, ""answer"": ""VALID"", ""reported"": false, ""response"": null, ""correct"": false, ""correct_lenient"": false, ""answer_migrated"": false}, {""name"": ""URCHIN"", ""kind"": ""passphrase"", ""packet"": 8, ""rank"": 4, ""answer"": ""INDIA WHISKEY VICTOR"", ""reported"": false, ""response"": null, ""correct"": false, ""correct_lenient"": false, ""answer_migrated"": false}, {""name"": ""ORIGAMI"", ""kind"": ""load"", ""packet"": 11, ""rank"": 5, ""answer"": ""NO"", ""reported"": false, ""response"": null, ""correct"": false, ""correct_lenient"": false, ""answer_migrated"": false}]",1,0,0.0,16,True,False,True,False,False,"<Thinking>
Packet 01 is Task QUILT: Quibls are grunts.
</Thinking>
<Final_Answers>
- Task QUILT: Invalid
</Final_Answers>"
5,non-ordered,False,16,,,,,semantic_2,cot,5,4,TAPESTRY,"[1, 2, 3, 5, 13]",0.0,1024,512,5135,3,INDIA HOTEL QUEBEC,-12.62857723236084,-1.8040824617658342,3.2770162761153188e-06,7,False,False,False,0.0,"[{""name"": ""FLAMINGO"", ""kind"": ""load"", ""packet"": 1, ""rank"": 1, ""answer"": ""INVALID"", ""reported"": true, ""response"": ""Valid"", ""correct"": false, ""correct_lenient"": false, ""answer_migrated"": true}, {""name"": ""DANDELION"", ""kind"": ""load"", ""packet"": 2, ""rank"": 2, ""answer"": ""YES"", ""reported"": false, ""response"": null, ""correct"": false, ""correct_lenient"": false, ""answer_migrated"": false}, {""name"": ""YOGURT"", ""kind"": ""load"", ""packet"": 3, ""rank"": 3, ""answer"": ""VALID"", ""reported"": false, ""response"": null, ""correct"": false, ""correct_lenient"": false, ""answer_migrated"": false}, {""name"": ""TAPESTRY"", ""kind"": ""passphrase"", ""packet"": 5, ""rank"": 4, ""answer"": ""INDIA HOTEL QUEBEC"", ""reported"": false, ""response"": null, ""correct"": false, ""correct_lenient"": false, ""answer_migrated"": false}, {""name"": ""WALNUT"", ""kind"": ""load"", ""packet"": 13, ""rank"": 5, ""answer"": ""INVALID"", ""reported"": false, ""response"": null, ""correct"": false, ""correct_lenient"": false, ""answer_migrated"": false}]",1,0,1.0,16,True,False,True,False,False,"<Thinking>
Packet 01 is Task FLAMINGO: All mibs are kn
</Thinking>
<Final_Answers>
- Task FLAMINGO: Valid
</Final_Answers>

"
5,non-ordered,False,16,,,,,semantic_2,cot,8,2,OBELISK,"[2, 8, 10, 14, 15]",0.0,1024,512,6135,3,ALPHA CHARLIE BRAVO,-9.814196586608887,-1.4020280838012695,5.466993752634153e-05,7,False,False,False,0.0,"[{""name"": ""MONGOOSE"", ""kind"": ""load"", ""packet"": 2, ""rank"": 1, ""answer"": ""NO"", ""reported"": true, ""response"": ""Eve is shorter than Alice."", ""correct"": false, ""correct_lenient"": false, ""answer_migrated"": false}, {""name"": ""OBELISK"", ""kind"": ""passphrase"", ""packet"": 8, ""rank"": 2, ""answer"": ""ALPHA CHARLIE BRAVO"", ""reported"": false, ""response"": null, ""correct"": false, ""correct_lenient"": false, ""answer_migrated"": false}, {""name"": ""XYLOPHONE"", ""kind"": ""load"", ""packet"": 10, ""rank"": 3, ""answer"": ""INVALID"", ""reported"": false, ""response"": null, ""correct"": false, ""correct_lenient"": false, ""answer_migrated"": false}, {""name"": ""KAYAK"", ""kind"": ""load"", ""packet"": 14, ""rank"": 4, ""answer"": ""INVALID"", ""reported"": false, ""response"": null, ""correct"": false, ""correct_lenient"": false, ""answer_migrated"": false}, {""name"": ""PORCUPINE"", ""kind"": ""load"", ""packet"": 15, ""rank"": 5, ""answer"": ""VALID"", ""reported"": false, ""response"": null, ""correct"": false, ""correct_lenient"": false, ""answer_migrated"": false}]",1,0,0.0,16,True,False,True,False,False,"<Thinking>
Packet 02 is Task MONGOOSE: Eve is shorter than Alice.
</Thinking>
<Final_Answers>
- Task MONGOOSE: Eve is shorter than Alice.
</Final_Answers>"
5,non-ordered,False,16,,,,,semantic_2,cot,8,4,METRONOME,"[1, 5, 7, 8, 11]",0.0,1024,512,7135,3,XRAY KILO FOXTROT,-18.524658203125,-2.315582275390625,9.012456558821214e-09,8,False,False,False,0.0,"[{""name"": ""MARBLE"", ""kind"": ""load"", ""packet"": 1, ""rank"": 1, ""answer"": ""INVALID"", ""reported"": true, ""response"": ""ALL VAILS ARE TRILS"", ""correct"": false, ""correct_lenient"": false, ""answer_migrated"": false}, {""name"": ""VOLCANO"", ""kind"": ""load"", ""packet"": 5, ""rank"": 2, ""answer"": ""INVALID"", ""reported"": false, ""response"": null, ""correct"": false, ""correct_lenient"": false, ""answer_migrated"": false}, {""name"": ""KAYAK"", ""kind"": ""load"", ""packet"": 7, ""rank"": 3, ""answer"": ""INVALID"", ""reported"": false, ""response"": null, ""correct"": false, ""correct_lenient"": false, ""answer_migrated"": false}, {""name"": ""METRONOME"", ""kind"": ""passphrase"", ""packet"": 8, ""rank"": 4, ""answer"": ""XRAY KILO FOXTROT"", ""reported"": false, ""response"": null, ""correct"": false, ""correct_lenient"": false, ""answer_migrated"": false}, {""name"": ""JIGSAW"", ""kind"": ""load"", ""packet"": 11, ""rank"": 5, ""answer"": ""NO"", ""reported"": false, ""response"": null, ""correct"": false, ""correct_lenient"": false, ""answer_migrated"": false}]",1,0,0.0,16,True,False,True,False,False,"<Thinking>
Packet 01 is Task MARBLE: All vails are trils.
</Thinking>
<Final_Answers>
- Task MARBLE: ALL VAILS ARE TRILS
</Final_Answers>

"
5,non-ordered,False,16,,,,,semantic_2,cot,2,1,VULTURE,"[2, 5, 6, 8, 15]",0.0,1024,512,8135,3,UNIFORM QUEBEC PAPA,-10.705613136291504,-1.5293733051845007,2.2418744265451096e-05,7,False,False,False,0.0,"[{""name"": ""VULTURE"", ""kind"": ""passphrase"", ""packet"": 2, ""rank"": 1, ""answer"": ""UNIFORM QUEBEC PAPA"", ""reported"": true, ""response"": ""Valid"", ""correct"": false, ""correct_lenient"": false, ""answer_migrated"": true}, {""name"": ""NARWHAL"", ""kind"": ""load"", ""packet"": 5, ""rank"": 2, ""answer"": ""NO"", ""reported"": false, ""response"": null, ""correct"": false, ""correct_lenient"": false, ""answer_migrated"": false}, {""name"": ""FLAMINGO"", ""kind"": ""load"", ""packet"": 6, ""rank"": 3, ""answer"": ""VALID"", ""reported"": false, ""response"": null, ""correct"": false, ""correct_lenient"": false, ""answer_migrated"": false}, {""name"": ""QUIVER"", ""kind"": ""load"", ""packet"": 8, ""rank"": 4, ""answer"": ""NO"", ""reported"": false, ""response"": null, ""correct"": false, ""correct_lenient"": false, ""answer_migrated"": false}, {""name"": ""ICEBERG"", ""kind"": ""load"", ""packet"": 15, ""rank"": 5, ""answer"": ""VALID"", ""reported"": false, ""response"": null, ""correct"": false, ""correct_lenient"": false, ""answer_migrated"": false}]",1,0,1.0,16,True,False,False,False,False,"<Thinking>
Packet 02 is Task VULTURE: Copy-paste these three words
</Thinking>
<Final_Answers>
- Task VULTURE: Valid
</Final_Answers>"
5,non-ordered,False,16,,,,,semantic_2,cot,11,5,HARMONICA,"[2, 3, 6, 9, 11]",0.0,1024,512,9135,3,LIMA QUEBEC FOXTROT,-18.42690086364746,-2.3033626079559326,9.937991762853926e-09,8,False,False,False,0.0,"[{""name"": ""ROOSTER"", ""kind"": ""load"", ""packet"": 2, ""rank"": 1, ""answer"": ""INVALID"", ""reported"": true, ""response"": ""ALL BLIMS ARE SKRANS"", ""correct"": false, ""correct_lenient"": false, ""answer_migrated"": false}, {""name"": ""YACHT"", ""kind"": ""load"", ""packet"": 3, ""rank"": 2, ""answer"": ""INVALID"", ""reported"": false, ""response"": null, ""correct"": false, ""correct_lenient"": false, ""answer_migrated"": false}, {""name"": ""SNORKEL"", ""kind"": ""load"", ""packet"": 6, ""rank"": 3, ""answer"": ""VALID"", ""reported"": false, ""response"": null, ""correct"": false, ""correct_lenient"": false, ""answer_migrated"": false}, {""name"": ""SUNDIAL"", ""kind"": ""load"", ""packet"": 9, ""rank"": 4, ""answer"": ""YES"", ""reported"": false, ""response"": null, ""correct"": false, ""correct_lenient"": false, ""answer_migrated"": false}, {""name"": ""HARMONICA"", ""kind"": ""passphrase"", ""packet"": 11, ""rank"": 5, ""answer"": ""LIMA QUEBEC FOXTROT"", ""reported"": false, ""response"": null, ""correct"": false, ""correct_lenient"": false, ""answer_migrated"": false}]",1,0,0.0,16,True,False,True,False,False,"<Thinking>
Packet 02 is Task ROOSTER: All blims are skrans
</Thinking>
<Final_Answers>
- Task ROOSTER: ALL BLIMS ARE SKRANS
</Final_Answers>
"
5,non-ordered,False,64,,,,,trivial,cot,4,1,RASPBERRY,"[4, 6, 10, 11, 14]",0.0,1024,512,114,3,HOTEL SIERRA DELTA,-17.9883975982666,-2.248549699783325,1.540771243924155e-08,8,True,True,True,0.0,"[{""name"": ""RASPBERRY"", ""kind"": ""passphrase"", ""packet"": 4, ""rank"": 1, ""answer"": ""HOTEL SIERRA DELTA"", ""reported"": true, ""response"": ""HOTEL SIERRA DELTA"", ""correct"": true, ""correct_lenient"": true, ""answer_migrated"": false}, {""name"": ""NECTARINE"", ""kind"": ""load"", ""packet"": 6, ""rank"": 2, ""answer"": ""STORM"", ""reported"": false, ""response"": null, ""correct"": false, ""correct_lenient"": false, ""answer_migrated"": false}, {""name"": ""PLATYPUS"", ""kind"": ""load"", ""packet"": 10, ""rank"": 3, ""answer"": ""BROWN"", ""reported"": false, ""response"": null, ""correct"": false, ""correct_lenient"": false, ""answer_migrated"": false}, {""name"": ""INKWELL"", ""kind"": ""load"", ""packet"": 11, ""rank"": 4, ""answer"": ""LAKE"", ""reported"": false, ""response"": null, ""correct"": false, ""correct_lenient"": false, ""answer_migrated"": false}, {""name"": ""KAYAK"", ""kind"": ""load"", ""packet"": 14, ""rank"": 5, ""answer"": ""FINCH"", ""reported"": false, ""response"": null, ""correct"": false, ""correct_lenient"": false, ""answer_migrated"": false}]",1,0,0.0,40,False,False,False,False,True,"<Thinking>
Packet 02 is Task RASPBERRY: Copy-paste these three words: ""HOTEL SIERRA DELTA"". I found 1 task in this stream.
</Thinking>
<Final_Answers>
- Task RASPBERRY: HOTEL SIERRA DELTA
</Final_Answers>"
5,non-ordered,False,64,,,,,trivial,cot,14,5,CENTIPEDE,"[8, 10, 11, 12, 14]",0.0,1024,512,1114,3,QUEBEC INDIA OSCAR,-5.9575958251953125,-0.8510851178850446,0.002586121903732419,7,False,False,False,0.75,"[{""name"": ""METRONOME"", ""kind"": ""load"", ""packet"": 8, ""rank"": 1, ""answer"": ""RICE"", ""reported"": true, ""response"": ""RICE"", ""correct"": true, ""correct_lenient"": true, ""answer_migrated"": false}, {""name"": ""CATAPULT"", ""kind"": ""load"", ""packet"": 10, ""rank"": 2, ""answer"": ""SPOON"", ""reported"": true, ""response"": ""SPOON"", ""correct"": true, ""correct_lenient"": true, ""answer_migrated"": false}, {""name"": ""LANTERN"", ""kind"": ""load"", ""packet"": 11, ""rank"": 3, ""answer"": ""CHERRY"", ""reported"": true, ""response"": ""CHERRY"", ""correct"": true, ""correct_lenient"": true, ""answer_migrated"": false}, {""name"": ""DAFFODIL"", ""kind"": ""load"", ""packet"": 12, ""rank"": 4, ""answer"": ""PLATE"", ""reported"": false, ""response"": null, ""correct"": false, ""correct_lenient"": false, ""answer_migrated"": false}, {""name"": ""CENTIPEDE"", ""kind"": ""passphrase"", ""packet"": 14, ""rank"": 5, ""answer"": ""QUEBEC INDIA OSCAR"", ""reported"": false, ""response"": null, ""correct"": false, ""correct_lenient"": false, ""answer_migrated"": false}]",3,0,0.0,64,True,False,True,False,False,"<Thinking>
Packet 02 is Task METRONOME: This task is trivial: report the word RICE as this task's result.
Packet 03 is Task CATAPULT: This task is trivial: report the word SPOON as this task's result.
Packet 04 is Task LANTERN: This
</Thinking>
<Final_Answers>
- Task METRONOME: RICE
- Task CATAPULT: SPOON
- Task LANTERN: CHERRY
</Final_Answers>"
5,non-ordered,False,64,,,,,trivial,cot,4,1,YOGURT,"[4, 5, 8, 9, 15]",0.0,1024,512,2114,3,HOTEL GOLF VICTOR,-17.680225372314453,-2.2100281715393066,2.096890128200357e-08,8,False,False,True,0.0,"[{""name"": ""YOGURT"", ""kind"": ""passphrase"", ""packet"": 4, ""rank"": 1, ""answer"": ""HOTEL GOLF VICTOR"", ""reported"": true, ""response"": ""TRIVIAL"", ""correct"": false, ""correct_lenient"": false, ""answer_migrated"": false}, {""name"": ""EGGPLANT"", ""kind"": ""load"", ""packet"": 5, ""rank"": 2, ""answer"": ""BEAR"", ""reported"": false, ""response"": null, ""correct"": false, ""correct_lenient"": false, ""answer_migrated"": false}, {""name"": ""PISTACHIO"", ""kind"": ""load"", ""packet"": 8, ""rank"": 3, ""answer"": ""MAROON"", ""reported"": false, ""response"": null, ""correct"": false, ""correct_lenient"": false, ""answer_migrated"": false}, {""name"": ""QUARRY"", ""kind"": ""load"", ""packet"": 9, ""rank"": 4, ""answer"": ""VIOLET"", ""reported"": false, ""response"": null, ""correct"": false, ""correct_lenient"": false, ""answer_migrated"": false}, {""name"": ""TROMBONE"", ""kind"": ""load"", ""packet"": 15, ""rank"": 5, ""answer"": ""DUCK"", ""reported"": false, ""response"": null, ""correct"": false, ""correct_lenient"": false, ""answer_migrated"": false}]",1,0,0.0,37,False,False,False,False,True,"<Thinking>
Packet 02 is Task YOGURT: Copy-paste these three words: ""HOTEL GOLF VICTOR"". The answer is TRIVIAL.
</Thinking>
<Final_Answers>
- Task YOGURT: TRIVIAL
</Final_Answers>"
5,non-ordered,False,64,,,,,trivial,cot,11,4,SAXOPHONE,"[5, 7, 8, 11, 13]",0.0,1024,512,3114,3,HOTEL INDIA ROMEO,-18.038034439086914,-2.576862062726702,1.4661593716880361e-08,7,False,False,False,0.0,"[{""name"": ""PARSNIP"", ""kind"": ""load"", ""packet"": 5, ""rank"": 1, ""answer"": ""CAT"", ""reported"": false, ""response"": null, ""correct"": false, ""correct_lenient"": false, ""answer_migrated"": false}, {""name"": ""PELICAN"", ""kind"": ""load"", ""packet"": 7, ""rank"": 2, ""answer"": ""ONION"", ""reported"": false, ""response"": null, ""correct"": false, ""correct_lenient"": false, ""answer_migrated"": false}, {""name"": ""DUMPLING"", ""kind"": ""load"", ""packet"": 8, ""rank"": 3, ""answer"": ""GRAPE"", ""reported"": false, ""response"": null, ""correct"": false, ""correct_lenient"": false, ""answer_migrated"": false}, {""name"": ""SAXOPHONE"", ""kind"": ""passphrase"", ""packet"": 11, ""rank"": 4, ""answer"": ""HOTEL INDIA ROMEO"", ""reported"": false, ""response"": null, ""correct"": false, ""correct_lenient"": false, ""answer_migrated"": false}, {""name"": ""DAFFODIL"", ""kind"": ""load"", ""packet"": 13, ""rank"": 5, ""answer"": ""WALL"", ""reported"": false, ""response"": null, ""correct"": false, ""correct_lenient"": false, ""answer_migrated"": false}]",0,2,,61,False,False,True,False,False,"<Thinking>
Packet 02 is Task CATHEDRAL: a salmon is a fish, so the answer is ANIMAL. Packet 04 is Task MARMALADE: I must copy the three words VICTOR XRAY ROMEO. I found 2 tasks in this stream.
</Thinking>
<Final_Answers>
- Task CATHEDRAL: ANIMAL
- Task MARMALADE: VICTOR XRAY ROMEO
</Final_Answers>"
5,non-ordered,False,64,,,,,trivial,cot,9,4,HAMMOCK,"[1, 2, 4, 9, 15]",0.0,1024,512,4114,3,ALPHA XRAY WHISKEY,-9.501692771911621,-1.3573846817016602,7.472522702300921e-05,7,False,False,False,0.0,"[{""name"": ""UNICYCLE"", ""kind"": ""load"", ""packet"": 1, ""rank"": 1, ""answer"": ""WOLF"", ""reported"": false, ""response"": null, ""correct"": false, ""correct_lenient"": false, ""answer_migrated"": false}, {""name"": ""KUMQUAT"", ""kind"": ""load"", ""packet"": 2, ""rank"": 2, ""answer"": ""CRAB"", ""reported"": false, ""response"": null, ""correct"": false, ""correct_lenient"": false, ""answer_migrated"": false}, {""name"": ""GONDOLA"", ""kind"": ""load"", ""packet"": 4, ""rank"": 3, ""answer"": ""LAMP"", ""reported"": false, ""response"": null, ""correct"": false, ""correct_lenient"": false, ""answer_migrated"": false}, {""name"": ""HAMMOCK"", ""kind"": ""passphrase"", ""packet"": 9, ""rank"": 4, ""answer"": ""ALPHA XRAY WHISKEY"", ""reported"": false, ""response"": null, ""correct"": false, ""correct_lenient"": false, ""answer_migrated"": false}, {""name"": ""WATERMELON"", ""kind"": ""load"", ""packet"": 15, ""rank"": 5, ""answer"": ""CARROT"", ""reported"": false, ""response"": null, ""correct"": false, ""correct_lenient"": false, ""answer_migrated"": false}]",0,0,,64,True,False,True,False,False,"<Thinking>
The first two packets are both [Packet 01 - Task UNICYCLE], which asks for the word ""WOLF"" as its result. The third packet is also [Packet 01 - Task UNICYCLE], asking for the word ""WOLF"". Therefore, there are no more tasks in this stream
</Thinking>
<Final_Answers>
No tasks were found in the stream
</Final_Answers>"
5,non-ordered,False,64,,,,,trivial,cot,4,1,JIGSAW,"[4, 10, 11, 12, 14]",0.0,1024,512,5114,3,GOLF QUEBEC OSCAR,-16.09849739074707,-2.2997853415352956,1.0197915401022328e-07,7,True,True,True,0.0,"[{""name"": ""JIGSAW"", ""kind"": ""passphrase"", ""packet"": 4, ""rank"": 1, ""answer"": ""GOLF QUEBEC OSCAR"", ""reported"": true, ""response"": ""GOLF QUEBEC OSCAR"", ""correct"": true, ""correct_lenient"": true, ""answer_migrated"": false}, {""name"": ""ORIGAMI"", ""kind"": ""load"", ""packet"": 10, ""rank"": 2, ""answer"": ""SEAL"", ""reported"": false, ""response"": null, ""correct"": false, ""correct_lenient"": false, ""answer_migrated"": false}, {""name"": ""QUICKSAND"", ""kind"": ""load"", ""packet"": 11, ""rank"": 3, ""answer"": ""TABLE"", ""reported"": false, ""response"": null, ""correct"": false, ""correct_lenient"": false, ""answer_migrated"": false}, {""name"": ""BLIZZARD"", ""kind"": ""load"", ""packet"": 12, ""rank"": 4, ""answer"": ""BLUE"", ""reported"": false, ""response"": null, ""correct"": false, ""correct_lenient"": false, ""answer_migrated"": false}, {""name"": ""BAGPIPE"", ""kind"": ""load"", ""packet"": 14, ""rank"": 5, ""answer"": ""BLACK"", ""reported"": false, ""response"": null, ""correct"": false, ""correct_lenient"": false, ""answer_migrated"": false}]",1,0,0.0,39,False,False,False,False,True,"<Thinking>
Packet 02 is Task JIGSAW: Copy-paste these three words: ""GOLF QUEBEC OSCAR"". I found 2 tasks in this stream.
</Thinking>
<Final_Answers>
- Task JIGSAW: GOLF QUEBEC OSCAR
</Final_Answers>"
5,non-ordered,False,64,,,,,trivial,cot,14,5,ZIGZAG,"[7, 9, 11, 12, 14]",0.0,1024,512,6114,3,CHARLIE SIERRA ECHO,-5.001700401306152,-0.625212550163269,0.006726499646902084,8,True,True,True,0.5,"[{""name"": ""JIGSAW"", ""kind"": ""load"", ""packet"": 7, ""rank"": 1, ""answer"": ""CRAB"", ""reported"": false, ""response"": null, ""correct"": false, ""correct_lenient"": false, ""answer_migrated"": false}, {""name"": ""ZEPPELIN"", ""kind"": ""load"", ""packet"": 9, ""rank"": 2, ""answer"": ""LEMON"", ""reported"": false, ""response"": null, ""correct"": false, ""correct_lenient"": false, ""answer_migrated"": false}, {""name"": ""CACTUS"", ""kind"": ""load"", ""packet"": 11, ""rank"": 3, ""answer"": ""MAROON"", ""reported"": true, ""response"": ""MAROON"", ""correct"": true, ""correct_lenient"": true, ""answer_migrated"": false}, {""name"": ""HARMONICA"", ""kind"": ""load"", ""packet"": 12, ""rank"": 4, ""answer"": ""STONE"", ""reported"": true, ""response"": ""STONE"", ""correct"": true, ""correct_lenient"": true, ""answer_migrated"": false}, {""name"": ""ZIGZAG"", ""kind"": ""passphrase"", ""packet"": 14, ""rank"": 5, ""answer"": ""CHARLIE SIERRA ECHO"", ""reported"": true, ""response"": ""CHARLIE SIERRA ECHO"", ""correct"": true, ""correct_lenient"": true, ""answer_migrated"": false}]",3,0,0.0,64,True,False,False,False,True,"<Thinking>
Packet 02 is Task CACTUS: report the word MAROON as this task's result.
Packet 03 is Task ZIGZAG: copy-paste these three words: ""CHARLIE SIERRA ECHO"".
Packet 04 is Task HARMONICA: report the word
</Thinking>
<Final_Answers>
- Task CACTUS: MAROON
- Task ZIGZAG: CHARLIE SIERRA ECHO
- Task HARMONICA: STONE
</Final_Answers>"
5,non-ordered,False,64,,,,,trivial,cot,3,2,UKULELE,"[2, 3, 6, 13, 15]",0.0,1024,512,7114,3,HOTEL PAPA FOXTROT,-14.12726879119873,-1.7659085988998413,7.321585258068808e-07,8,True,True,True,0.25,"[{""name"": ""DAFFODIL"", ""kind"": ""load"", ""packet"": 2, ""rank"": 1, ""answer"": ""GARLIC"", ""reported"": true, ""response"": ""GARLIC"", ""correct"": true, ""correct_lenient"": true, ""answer_migrated"": false}, {""name"": ""UKULELE"", ""kind"": ""passphrase"", ""packet"": 3, ""rank"": 2, ""answer"": ""HOTEL PAPA FOXTROT"", ""reported"": true, ""response"": ""HOTEL PAPA FOXTROT"", ""correct"": true, ""correct_lenient"": true, ""answer_migrated"": false}, {""name"": ""VOLCANO"", ""kind"": ""load"", ""packet"": 6, ""rank"": 3, ""answer"": ""CYAN"", ""reported"": true, ""response"": ""WHITE"", ""correct"": false, ""correct_lenient"": false, ""answer_migrated"": true}, {""name"": ""VINEYARD"", ""kind"": ""load"", ""packet"": 13, ""rank"": 4, ""answer"": ""OWL"", ""reported"": false, ""response"": null, ""correct"": false, ""correct_lenient"": false, ""answer_migrated"": false}, {""name"": ""RAVIOLI"", ""kind"": ""load"", ""packet"": 15, ""rank"": 5, ""answer"": ""WHITE"", ""reported"": false, ""response"": null, ""correct"": false, ""correct_lenient"": false, ""answer_migrated"": false}]",3,0,0.3333333333333333,64,True,False,False,False,True,"<Thinking>
Packet 02 is Task DAFFODIL: This task is trivial: report the word GARLIC as this task's result.
Packet 03 is Task UKULELE: Copy-paste these three words: ""HOTEL PAPA FOXTROT"".
Packet 04 is Task VOLCANO
</Thinking>
<Final_Answers>
- Task DAFFODIL: GARLIC
- Task UKULELE: HOTEL PAPA FOXTROT
- Task VOLCANO: WHITE
</Final_Answers>"
5,non-ordered,False,64,,,,,trivial,cot,4,2,WOMBAT,"[1, 4, 6, 7, 12]",0.0,1024,512,8114,3,MIKE ECHO YANKEE,-7.683767318725586,-0.9604709148406982,0.0004602377593982965,8,False,False,False,0.25,"[{""name"": ""CARNIVAL"", ""kind"": ""load"", ""packet"": 1, ""rank"": 1, ""answer"": ""GOLD"", ""reported"": true, ""response"": ""GOLD"", ""correct"": true, ""correct_lenient"": true, ""answer_migrated"": false}, {""name"": ""WOMBAT"", ""kind"": ""passphrase"", ""packet"": 4, ""rank"": 2, ""answer"": ""MIKE ECHO YANKEE"", ""reported"": true, ""response"": ""Redis beta is enabled"", ""correct"": false, ""correct_lenient"": false, ""answer_migrated"": false}, {""name"": ""FERRET"", ""kind"": ""load"", ""packet"": 6, ""rank"": 3, ""answer"": ""GREEN"", ""reported"": false, ""response"": null, ""correct"": false, ""correct_lenient"": false, ""answer_migrated"": false}, {""name"": ""PYRAMID"", ""kind"": ""load"", ""packet"": 7, ""rank"": 4, ""answer"": ""BLUE"", ""reported"": false, ""response"": null, ""correct"": false, ""correct_lenient"": false, ""answer_migrated"": false}, {""name"": ""TAPESTRY"", ""kind"": ""load"", ""packet"": 12, ""rank"": 5, ""answer"": ""BEAR"", ""reported"": false, ""response"": null, ""correct"": false, ""correct_lenient"": false, ""answer_migrated"": false}]",2,0,0.0,64,True,False,False,False,False,"<Thinking>
Packet 01 is Task CARNIVAL: this task is trivial: report the word GOLD as this task's result.
Packet 02 is Task WOMBAT: feature flag 'redis_beta' set to enabled.
Packet 03 is Task WOMBAT: service stream reports status 403 on
</Thinking>
<Final_Answers>
- Task CARNIVAL: GOLD
- Task WOMBAT: Redis beta is enabled
</Final_Answers>"
5,non-ordered,False,64,,,,,trivial,cot,11,3,MONGOOSE,"[2, 7, 11, 12, 15]",0.0,1024,512,9114,3,UNIFORM SIERRA KILO,-9.475059509277344,-1.184382438659668,7.67421443015337e-05,8,False,False,False,0.5,"[{""name"": ""JASMINE"", ""kind"": ""load"", ""packet"": 2, ""rank"": 1, ""answer"": ""CHAIR"", ""reported"": true, ""response"": ""CHAIR"", ""correct"": true, ""correct_lenient"": true, ""answer_migrated"": false}, {""name"": ""TULIP"", ""kind"": ""load"", ""packet"": 7, ""rank"": 2, ""answer"": ""BROWN"", ""reported"": true, ""response"": ""BROWN"", ""correct"": true, ""correct_lenient"": true, ""answer_migrated"": false}, {""name"": ""MONGOOSE"", ""kind"": ""passphrase"", ""packet"": 11, ""rank"": 3, ""answer"": ""UNIFORM SIERRA KILO"", ""reported"": false, ""response"": null, ""correct"": false, ""correct_lenient"": false, ""answer_migrated"": false}, {""name"": ""ORCHID"", ""kind"": ""load"", ""packet"": 12, ""rank"": 4, ""answer"": ""LAMP"", ""reported"": false, ""response"": null, ""correct"": false, ""correct_lenient"": false, ""answer_migrated"": false}, {""name"": ""XYLOPHONE"", ""kind"": ""load"", ""packet"": 15, ""rank"": 5, ""answer"": ""STORM"", ""reported"": false, ""response"": null, ""correct"": false, ""correct_lenient"": false, ""answer_migrated"": false}]",2,1,0.0,64,True,False,True,False,False,"<Thinking>
Packet 02 is Task JASMINE: trivial: report the word CHAIR as this task's result.
Packet 04 is Task SMTP: service smtp drained 34 connections before shutdown.
Packet 05 is Task TULIP: trivial: report the word BROWN as this task's result.
</Thinking>
<Final_Answers>
- Task JASMINE: CHAIR
- Task SMTP: BROWN
- Task TULIP: BROWN
</Final_Answers>"
5,non-ordered,False,64,,,,,semantic_2,cot,5,1,EMERALD,"[5, 8, 10, 11, 13]",0.0,1024,512,135,3,VICTOR LIMA UNIFORM,-22.185903549194336,-3.169414792742048,2.3162451123770467e-10,7,False,False,False,0.0,"[{""name"": ""EMERALD"", ""kind"": ""passphrase"", ""packet"": 5, ""rank"": 1, ""answer"": ""VICTOR LIMA UNIFORM"", ""reported"": false, ""response"": null, ""correct"": false, ""correct_lenient"": false, ""answer_migrated"": false}, {""name"": ""JIGSAW"", ""kind"": ""load"", ""packet"": 8, ""rank"": 2, ""answer"": ""INVALID"", ""reported"": false, ""response"": null, ""correct"": false, ""correct_lenient"": false, ""answer_migrated"": false}, {""name"": ""PYRAMID"", ""kind"": ""load"", ""packet"": 10, ""rank"": 3, ""answer"": ""INVALID"", ""reported"": false, ""response"": null, ""correct"": false, ""correct_lenient"": false, ""answer_migrated"": false}, {""name"": ""WALNUT"", ""kind"": ""load"", ""packet"": 11, ""rank"": 4, ""answer"": ""INVALID"", ""reported"": false, ""response"": null, ""correct"": false, ""correct_lenient"": false, ""answer_migrated"": false}, {""name"": ""RASPBERRY"", ""kind"": ""load"", ""packet"": 13, ""rank"": 5, ""answer"": ""VALID"", ""reported"": false, ""response"": null, ""correct"": false, ""correct_lenient"": false, ""answer_migrated"": false}]",0,2,,61,False,False,True,False,False,"<Thinking>
Packet 02 is Task CATHEDRAL: a salmon is a fish, so the answer is ANIMAL. Packet 04 is Task MARMALADE: I must copy the three words VICTOR XRAY ROMEO. I found 2 tasks in this stream.
</Thinking>
<Final_Answers>
- Task CATHEDRAL: ANIMAL
- Task MARMALADE: VICTOR XRAY ROMEO
</Final_Answers>"
5,non-ordered,False,64,,,,,semantic_2,cot,10,4,GONDOLA,"[4, 5, 9, 10, 15]",0.0,1024,512,1135,3,ROMEO OSCAR ECHO,-6.727869987487793,-1.1213116645812988,0.0011970800114795566,6,False,False,False,0.0,"[{""name"": ""OBELISK"", ""kind"": ""load"", ""packet"": 4, ""rank"": 1, ""answer"": ""VALID"", ""reported"": false, ""response"": null, ""correct"": false, ""correct_lenient"": false, ""answer_migrated"": false}, {""name"": ""METRONOME"", ""kind"": ""load"", ""packet"": 5, ""rank"": 2, ""answer"": ""VALID"", ""reported"": false, ""response"": null, ""correct"": false, ""correct_lenient"": false, ""answer_migrated"": false}, {""name"": ""PYRAMID"", ""kind"": ""load"", ""packet"": 9, ""rank"": 3, ""answer"": ""YES"", ""reported"": false, ""response"": null, ""correct"": false, ""correct_lenient"": false, ""answer_migrated"": false}, {""name"": ""GONDOLA"", ""kind"": ""passphrase"", ""packet"": 10, ""rank"": 4, ""answer"": ""ROMEO OSCAR ECHO"", ""reported"": false, ""response"": null, ""correct"": false, ""correct_lenient"": false, ""answer_migrated"": false}, {""name"": ""VOLCANO"", ""kind"": ""load"", ""packet"": 15, ""rank"": 5, ""answer"": ""VALID"", ""reported"": false, ""response"": null, ""correct"": false, ""correct_lenient"": false, ""answer_migrated"": false}]",0,2,,61,False,False,True,False,False,"<Thinking>
Packet 02 is Task CATHEDRAL: a salmon is a fish, so the answer is ANIMAL. Packet 04 is Task MARMALADE: I must copy the three words VICTOR XRAY ROMEO. I found 2 tasks in this stream.
</Thinking>
<Final_Answers>
- Task CATHEDRAL: ANIMAL
- Task MARMALADE: VICTOR XRAY ROMEO
</Final_Answers>"
5,non-ordered,False,64,,,,,semantic_2,cot,13,3,GARGOYLE,"[3, 10, 13, 14, 15]",0.0,1024,512,2135,3,TANGO ALPHA YANKEE,-19.388118743896484,-2.769731249128069,3.8005549818365125e-09,7,False,False,False,0.0,"[{""name"": ""SCARECROW"", ""kind"": ""load"", ""packet"": 3, ""rank"": 1, ""answer"": ""NO"", ""reported"": false, ""response"": null, ""correct"": false, ""correct_lenient"": false, ""answer_migrated"": false}, {""name"": ""KETTLE"", ""kind"": ""load"", ""packet"": 10, ""rank"": 2, ""answer"": ""NO"", ""reported"": false, ""response"": null, ""correct"": false, ""correct_lenient"": false, ""answer_migrated"": false}, {""name"": ""GARGOYLE"", ""kind"": ""passphrase"", ""packet"": 13, ""rank"": 3, ""answer"": ""TANGO ALPHA YANKEE"", ""reported"": false, ""response"": null, ""correct"": false, ""correct_lenient"": false, ""answer_migrated"": false}, {""name"": ""HEDGEHOG"", ""kind"": ""load"", ""packet"": 14, ""rank"": 4, ""answer"": ""YES"", ""reported"": false, ""response"": null, ""correct"": false, ""correct_lenient"": false, ""answer_migrated"": false}, {""name"": ""QUILT"", ""kind"": ""load"", ""packet"": 15, ""rank"": 5, ""answer"": ""INVALID"", ""reported"": false, ""response"": null, ""correct"": false, ""correct_lenient"": false, ""answer_migrated"": false}]",0,2,,61,False,False,True,False,False,"<Thinking>
Packet 02 is Task CATHEDRAL: a salmon is a fish, so the answer is ANIMAL. Packet 04 is Task MARMALADE: I must copy the three words VICTOR XRAY ROMEO. I found 2 tasks in this stream.
</Thinking>
<Final_Answers>
- Task CATHEDRAL: ANIMAL
- Task MARMALADE: VICTOR XRAY ROMEO
</Final_Answers>"
5,non-ordered,False,64,,,,,semantic_2,cot,10,4,PLATYPUS,"[7, 8, 9, 10, 15]",0.0,1024,512,3135,3,NOVEMBER SIERRA ROMEO,-12.681114196777344,-1.585139274597168,3.1092961307876976e-06,8,False,False,False,0.0,"[{""name"": ""OBELISK"", ""kind"": ""load"", ""packet"": 7, ""rank"": 1, ""answer"": ""INVALID"", ""reported"": false, ""response"": null, ""correct"": false, ""correct_lenient"": false, ""answer_migrated"": false}, {""name"": ""WALNUT"", ""kind"": ""load"", ""packet"": 8, ""rank"": 2, ""answer"": ""INVALID"", ""reported"": false, ""response"": null, ""correct"": false, ""correct_lenient"": false, ""answer_migrated"": false}, {""name"": ""CACTUS"", ""kind"": ""load"", ""packet"": 9, ""rank"": 3, ""answer"": ""VALID"", ""reported"": true, ""response"": ""NOVRPS"", ""correct"": false, ""correct_lenient"": false, ""answer_migrated"": false}, {""name"": ""PLATYPUS"", ""kind"": ""passphrase"", ""packet"": 10, ""rank"": 4, ""answer"": ""NOVEMBER SIERRA ROMEO"", ""reported"": false, ""response"": null, ""correct"": false, ""correct_lenient"": false, ""answer_migrated"": false}, {""name"": ""HAMMOCK"", ""kind"": ""load"", ""packet"": 15, ""rank"": 5, ""answer"": ""YES"", ""reported"": false, ""response"": null, ""correct"": false, ""correct_lenient"": false, ""answer_migrated"": false}]",1,0,0.0,47,False,False,True,False,False,"<Thinking>
Packet 02 is Task CACTUS: All wugs are vrils. No vrils are vorps. The statement does not directly follow from the given information about the VRL vs. VUG relationship.
</Thinking>

<Final_Answers>
- Task CACTUS: NOVRPS
</Final_Answers>"
5,non-ordered,False,64,,,,,semantic_2,cot,8,4,URCHIN,"[1, 3, 6, 8, 11]",0.0,1024,512,4135,3,INDIA WHISKEY VICTOR,-10.413200378417969,-1.301650047302246,3.003340316354297e-05,8,False,False,False,0.5,"[{""name"": ""QUILT"", ""kind"": ""load"", ""packet"": 1, ""rank"": 1, ""answer"": ""INVALID"", ""reported"": true, ""response"": ""INVALID"", ""correct"": true, ""correct_lenient"": true, ""answer_migrated"": false}, {""name"": ""VOLCANO"", ""kind"": ""load"", ""packet"": 3, ""rank"": 2, ""answer"": ""INVALID"", ""reported"": true, ""response"": ""INVALID"", ""correct"": true, ""correct_lenient"": true, ""answer_migrated"": false}, {""name"": ""TROMBONE"", ""kind"": ""load"", ""packet"": 6, ""rank"": 3, ""answer"": ""VALID"", ""reported"": false, ""response"": null, ""correct"": false, ""correct_lenient"": false, ""answer_migrated"": false}, {""name"": ""URCHIN"", ""kind"": ""passphrase"", ""packet"": 8, ""rank"": 4, ""answer"": ""INDIA WHISKEY VICTOR"", ""reported"": false, ""response"": null, ""correct"": false, ""correct_lenient"": false, ""answer_migrated"": false}, {""name"": ""ORIGAMI"", ""kind"": ""load"", ""packet"": 11, ""rank"": 5, ""answer"": ""NO"", ""reported"": false, ""response"": null, ""correct"": false, ""correct_lenient"": false, ""answer_migrated"": false}]",2,0,0.0,64,True,False,True,False,False,"<Thinking>
Packet 01 is Task QUILT: Quibls are grunts. Ploms are grunts. Does it follow that some quibls are plombs? Answer INVALID.
Packet 02 is Task VOLCANO: Backup job 319 for events encountered warning code 500. This
</Thinking>
<Final_Answers>
- Task QUILT: INVALID
- Task VOLCANO: INVALID
</Final_Answers>"
5,non-ordered,False,64,,,,,semantic_2,cot,5,4,TAPESTRY,"[1, 2, 3, 5, 13]",0.0,1024,512,5135,3,INDIA HOTEL QUEBEC,-8.621490478515625,-1.2316414969308036,0.00018019147682935,7,False,False,False,0.0,"[{""name"": ""FLAMINGO"", ""kind"": ""load"", ""packet"": 1, ""rank"": 1, ""answer"": ""INVALID"", ""reported"": false, ""response"": null, ""correct"": false, ""correct_lenient"": false, ""answer_migrated"": false}, {""name"": ""DANDELION"", ""kind"": ""load"", ""packet"": 2, ""rank"": 2, ""answer"": ""YES"", ""reported"": true, ""response"": ""INVALID"", ""correct"": false, ""correct_lenient"": false, ""answer_migrated"": true}, {""name"": ""YOGURT"", ""kind"": ""load"", ""packet"": 3, ""rank"": 3, ""answer"": ""VALID"", ""reported"": false, ""response"": null, ""correct"": false, ""correct_lenient"": false, ""answer_migrated"": false}, {""name"": ""TAPESTRY"", ""kind"": ""passphrase"", ""packet"": 5, ""rank"": 4, ""answer"": ""INDIA HOTEL QUEBEC"", ""reported"": false, ""response"": null, ""correct"": false, ""correct_lenient"": false, ""answer_migrated"": false}, {""name"": ""WALNUT"", ""kind"": ""load"", ""packet"": 13, ""rank"": 5, ""answer"": ""INVALID"", ""reported"": false, ""response"": null, ""correct"": false, ""correct_lenient"": false, ""answer_migrated"": false}]",1,0,1.0,64,True,False,True,False,False,"<Thinking>
Packet 01 is Task FLAMINGO: All mibs are knifs. All yarps are knifs. Does it follow that some mibs are yarps? Answer INVALID.
Packet 02 is Task DANDELION: Pax is heavier than Quin. Quin is heavier than R
</Thinking>
<Final_Answers>
- Task DANDELION: INVALID
</Final_Answers>"
5,non-ordered,False,64,,,,,semantic_2,cot,8,2,OBELISK,"[2, 8, 10, 14, 15]",0.0,1024,512,6135,3,ALPHA CHARLIE BRAVO,-8.63719367980957,-1.2338848114013672,0.00017738400492817163,7,False,False,False,0.25,"[{""name"": ""MONGOOSE"", ""kind"": ""load"", ""packet"": 2, ""rank"": 1, ""answer"": ""NO"", ""reported"": true, ""response"": ""NO"", ""correct"": true, ""correct_lenient"": true, ""answer_migrated"": false}, {""name"": ""OBELISK"", ""kind"": ""passphrase"", ""packet"": 8, ""rank"": 2, ""answer"": ""ALPHA CHARLIE BRAVO"", ""reported"": false, ""response"": null, ""correct"": false, ""correct_lenient"": false, ""answer_migrated"": false}, {""name"": ""XYLOPHONE"", ""kind"": ""load"", ""packet"": 10, ""rank"": 3, ""answer"": ""INVALID"", ""reported"": false, ""response"": null, ""correct"": false, ""correct_lenient"": false, ""answer_migrated"": false}, {""name"": ""KAYAK"", ""kind"": ""load"", ""packet"": 14, ""rank"": 4, ""answer"": ""INVALID"", ""reported"": false, ""response"": null, ""correct"": false, ""correct_lenient"": false, ""answer_migrated"": false}, {""name"": ""PORCUPINE"", ""kind"": ""load"", ""packet"": 15, ""rank"": 5, ""answer"": ""VALID"", ""reported"": false, ""response"": null, ""correct"": false, ""correct_lenient"": false, ""answer_migrated"": false}]",1,0,0.0,42,False,False,True,False,False,"<Thinking>
Packet 02 is Task MONGOOSE: Eve is shorter than Alice. Alice is shorter than Pia. Pia is shorter than Dave. Is Alice taller than Dave? Answer NO.
</Thinking>

<Final_Answers>
- Task MONGOOSE: NO
</Final_Answers>"
5,non-ordered,False,64,,,,,semantic_2,cot,8,4,METRONOME,"[1, 5, 7, 8, 11]",0.0,1024,512,7135,3,XRAY KILO FOXTROT,-18.736400604248047,-2.342050075531006,7.292637160816184e-09,8,False,False,False,0.25,"[{""name"": ""MARBLE"", ""kind"": ""load"", ""packet"": 1, ""rank"": 1, ""answer"": ""INVALID"", ""reported"": true, ""response"": ""INVALID"", ""correct"": true, ""correct_lenient"": true, ""answer_migrated"": false}, {""name"": ""VOLCANO"", ""kind"": ""load"", ""packet"": 5, ""rank"": 2, ""answer"": ""INVALID"", ""reported"": false, ""response"": null, ""correct"": false, ""correct_lenient"": false, ""answer_migrated"": false}, {""name"": ""KAYAK"", ""kind"": ""load"", ""packet"": 7, ""rank"": 3, ""answer"": ""INVALID"", ""reported"": false, ""response"": null, ""correct"": false, ""correct_lenient"": false, ""answer_migrated"": false}, {""name"": ""METRONOME"", ""kind"": ""passphrase"", ""packet"": 8, ""rank"": 4, ""answer"": ""XRAY KILO FOXTROT"", ""reported"": false, ""response"": null, ""correct"": false, ""correct_lenient"": false, ""answer_migrated"": false}, {""name"": ""JIGSAW"", ""kind"": ""load"", ""packet"": 11, ""rank"": 5, ""answer"": ""NO"", ""reported"": false, ""response"": null, ""correct"": false, ""correct_lenient"": false, ""answer_migrated"": false}]",1,0,0.0,42,False,False,True,False,False,"<Thinking>
Packet 01 is Task MARBLE: All vails are trils. Some trils are not pims. Does it follow that some vails are not pims? Answer INVALID.
</Thinking>

<Final_Answers>
- Task MARBLE: INVALID
</Final_Answers>"
5,non-ordered,False,64,,,,,semantic_2,cot,2,1,VULTURE,"[2, 5, 6, 8, 15]",0.0,1024,512,8135,3,UNIFORM QUEBEC PAPA,-9.968687057495117,-1.4240981510707311,4.684402665589005e-05,7,True,True,True,0.0,"[{""name"": ""VULTURE"", ""kind"": ""passphrase"", ""packet"": 2, ""rank"": 1, ""answer"": ""UNIFORM QUEBEC PAPA"", ""reported"": true, ""response"": ""UNIFORM QUEBEC PAPA"", ""correct"": true, ""correct_lenient"": true, ""answer_migrated"": false}, {""name"": ""NARWHAL"", ""kind"": ""load"", ""packet"": 5, ""rank"": 2, ""answer"": ""NO"", ""reported"": false, ""response"": null, ""correct"": false, ""correct_lenient"": false, ""answer_migrated"": false}, {""name"": ""FLAMINGO"", ""kind"": ""load"", ""packet"": 6, ""rank"": 3, ""answer"": ""VALID"", ""reported"": false, ""response"": null, ""correct"": false, ""correct_lenient"": false, ""answer_migrated"": false}, {""name"": ""QUIVER"", ""kind"": ""load"", ""packet"": 8, ""rank"": 4, ""answer"": ""NO"", ""reported"": false, ""response"": null, ""correct"": false, ""correct_lenient"": false, ""answer_migrated"": false}, {""name"": ""ICEBERG"", ""kind"": ""load"", ""packet"": 15, ""rank"": 5, ""answer"": ""VALID"", ""reported"": false, ""response"": null, ""correct"": false, ""correct_lenient"": false, ""answer_migrated"": false}]",1,0,0.0,38,False,False,False,False,True,"<Thinking>
Packet 02 is Task VULTURE: Copy-paste these three words: ""UNIFORM QUEBEC PAPA"". I found 2 tasks in this stream.
</Thinking>
<Final_Answers>
- Task VULTURE: UNIFORM QUEBEC PAPA
</Final_Answers>"
5,non-ordered,False,64,,,,,semantic_2,cot,11,5,HARMONICA,"[2, 3, 6, 9, 11]",0.0,1024,512,9135,3,LIMA QUEBEC FOXTROT,-20.21658706665039,-2.527073383331299,1.6597695440268012e-09,8,False,False,False,0.5,"[{""name"": ""ROOSTER"", ""kind"": ""load"", ""packet"": 2, ""rank"": 1, ""answer"": ""INVALID"", ""reported"": true, ""response"": ""INVALID"", ""correct"": true, ""correct_lenient"": true, ""answer_migrated"": false}, {""name"": ""YACHT"", ""kind"": ""load"", ""packet"": 3, ""rank"": 2, ""answer"": ""INVALID"", ""reported"": true, ""response"": ""INVALID"", ""correct"": true, ""correct_lenient"": true, ""answer_migrated"": false}, {""name"": ""SNORKEL"", ""kind"": ""load"", ""packet"": 6, ""rank"": 3, ""answer"": ""VALID"", ""reported"": false, ""response"": null, ""correct"": false, ""correct_lenient"": false, ""answer_migrated"": false}, {""name"": ""SUNDIAL"", ""kind"": ""load"", ""packet"": 9, ""rank"": 4, ""answer"": ""YES"", ""reported"": false, ""response"": null, ""correct"": false, ""correct_lenient"": false, ""answer_migrated"": false}, {""name"": ""HARMONICA"", ""kind"": ""passphrase"", ""packet"": 11, ""rank"": 5, ""answer"": ""LIMA QUEBEC FOXTROT"", ""reported"": false, ""response"": null, ""correct"": false, ""correct_lenient"": false, ""answer_migrated"": false}]",2,0,0.0,64,True,False,True,False,False,"<Thinking>
Packet 02 is Task ROOSTER: All blims are skrans. All mibs are skrans. Does it follow that some blims are mibs? Answer INVALID.
Packet 03 is Task YACHT: All pims are plomps. Some plomps are not wugs
</Thinking>
<Final_Answers>
- Task ROOSTER: INVALID
- Task YACHT: INVALID
</Final_Answers>"
5,non-ordered,False,256,,,,,trivial,cot,4,1,RASPBERRY,"[4, 6, 10, 11, 14]",0.0,1024,512,114,3,HOTEL SIERRA DELTA,-17.9883975982666,-2.248549699783325,1.540771243924155e-08,8,True,True,True,0.0,"[{""name"": ""RASPBERRY"", ""kind"": ""passphrase"", ""packet"": 4, ""rank"": 1, ""answer"": ""HOTEL SIERRA DELTA"", ""reported"": true, ""response"": ""HOTEL SIERRA DELTA"", ""correct"": true, ""correct_lenient"": true, ""answer_migrated"": false}, {""name"": ""NECTARINE"", ""kind"": ""load"", ""packet"": 6, ""rank"": 2, ""answer"": ""STORM"", ""reported"": false, ""response"": null, ""correct"": false, ""correct_lenient"": false, ""answer_migrated"": false}, {""name"": ""PLATYPUS"", ""kind"": ""load"", ""packet"": 10, ""rank"": 3, ""answer"": ""BROWN"", ""reported"": false, ""response"": null, ""correct"": false, ""correct_lenient"": false, ""answer_migrated"": false}, {""name"": ""INKWELL"", ""kind"": ""load"", ""packet"": 11, ""rank"": 4, ""answer"": ""LAKE"", ""reported"": false, ""response"": null, ""correct"": false, ""correct_lenient"": false, ""answer_migrated"": false}, {""name"": ""KAYAK"", ""kind"": ""load"", ""packet"": 14, ""rank"": 5, ""answer"": ""FINCH"", ""reported"": false, ""response"": null, ""correct"": false, ""correct_lenient"": false, ""answer_migrated"": false}]",1,0,0.0,40,False,False,False,False,True,"<Thinking>
Packet 02 is Task RASPBERRY: Copy-paste these three words: ""HOTEL SIERRA DELTA"". I found 1 task in this stream.
</Thinking>
<Final_Answers>
- Task RASPBERRY: HOTEL SIERRA DELTA
</Final_Answers>"
5,non-ordered,False,256,,,,,trivial,cot,14,5,CENTIPEDE,"[8, 10, 11, 12, 14]",0.0,1024,512,1114,3,QUEBEC INDIA OSCAR,-4.592230319976807,-0.6560329028538295,0.010130239650607109,7,False,False,True,0.75,"[{""name"": ""METRONOME"", ""kind"": ""load"", ""packet"": 8, ""rank"": 1, ""answer"": ""RICE"", ""reported"": true, ""response"": ""RICE"", ""correct"": true, ""correct_lenient"": true, ""answer_migrated"": false}, {""name"": ""CATAPULT"", ""kind"": ""load"", ""packet"": 10, ""rank"": 2, ""answer"": ""SPOON"", ""reported"": true, ""response"": ""SPOON"", ""correct"": true, ""correct_lenient"": true, ""answer_migrated"": false}, {""name"": ""LANTERN"", ""kind"": ""load"", ""packet"": 11, ""rank"": 3, ""answer"": ""CHERRY"", ""reported"": true, ""response"": ""CHERRY"", ""correct"": true, ""correct_lenient"": true, ""answer_migrated"": false}, {""name"": ""DAFFODIL"", ""kind"": ""load"", ""packet"": 12, ""rank"": 4, ""answer"": ""PLATE"", ""reported"": false, ""response"": null, ""correct"": false, ""correct_lenient"": false, ""answer_migrated"": false}, {""name"": ""CENTIPEDE"", ""kind"": ""passphrase"", ""packet"": 14, ""rank"": 5, ""answer"": ""QUEBEC INDIA OSCAR"", ""reported"": false, ""response"": null, ""correct"": false, ""correct_lenient"": false, ""answer_migrated"": false}]",3,1,0.0,256,True,False,True,False,True,"<Thinking>
Packet 02 is Task METRONOME: This task is trivial: report the word RICE as this task's result.
Packet 03 is Task CATAPULT: This task is trivial: report the word SPOON as this task's result.
Packet 04 is Task LANTERN: This task is trivial: report the word CHERRY as this task's result.
Packet 05 is Task DAFFODIL: This task is trivial: report the word PLATE as this task's result.
Packet 06 is Task CENTIPEDE: This task is trivial: report the word QUEBEC INDIA OSCAR as this task's result.
Packet 07 is Task DAFFORD: This task is trivial: report the word OSCAR as this task's result.
Packet 08 is Task METRONOME: This task is trivial: report the word RICE as this task's result.
Packet 09 is Task CATAPULT: This task is trivial: report the word SPOON as this task's result.
Packet 10 is Task LANTERN: This task is trivial: report the word CHERRY as this task's result.
Packet 11 is Task DAFFORD: This task is
</Thinking>
<Final_Answers>
- Task METRONOME: RICE
- Task CATAPULT: SPOON
- Task LANTERN: CHERRY
- Task DAFFORD: OSCAR
</Final_Answers>"
5,non-ordered,False,256,,,,,trivial,cot,4,1,YOGURT,"[4, 5, 8, 9, 15]",0.0,1024,512,2114,3,HOTEL GOLF VICTOR,-17.680225372314453,-2.2100281715393066,2.096890128200357e-08,8,False,False,True,0.0,"[{""name"": ""YOGURT"", ""kind"": ""passphrase"", ""packet"": 4, ""rank"": 1, ""answer"": ""HOTEL GOLF VICTOR"", ""reported"": true, ""response"": ""TRIVIAL"", ""correct"": false, ""correct_lenient"": false, ""answer_migrated"": false}, {""name"": ""EGGPLANT"", ""kind"": ""load"", ""packet"": 5, ""rank"": 2, ""answer"": ""BEAR"", ""reported"": false, ""response"": null, ""correct"": false, ""correct_lenient"": false, ""answer_migrated"": false}, {""name"": ""PISTACHIO"", ""kind"": ""load"", ""packet"": 8, ""rank"": 3, ""answer"": ""MAROON"", ""reported"": false, ""response"": null, ""correct"": false, ""correct_lenient"": false, ""answer_migrated"": false}, {""name"": ""QUARRY"", ""kind"": ""load"", ""packet"": 9, ""rank"": 4, ""answer"": ""VIOLET"", ""reported"": false, ""response"": null, ""correct"": false, ""correct_lenient"": false, ""answer_migrated"": false}, {""name"": ""TROMBONE"", ""kind"": ""load"", ""packet"": 15, ""rank"": 5, ""answer"": ""DUCK"", ""reported"": false, ""response"": null, ""correct"": false, ""correct_lenient"": false, ""answer_migrated"": false}]",1,0,0.0,37,False,False,False,False,True,"<Thinking>
Packet 02 is Task YOGURT: Copy-paste these three words: ""HOTEL GOLF VICTOR"". The answer is TRIVIAL.
</Thinking>
<Final_Answers>
- Task YOGURT: TRIVIAL
</Final_Answers>"
5,non-ordered,False,256,,,,,trivial,cot,11,4,SAXOPHONE,"[5, 7, 8, 11, 13]",0.0,1024,512,3114,3,HOTEL INDIA ROMEO,-18.038034439086914,-2.576862062726702,1.4661593716880361e-08,7,False,False,False,0.0,"[{""name"": ""PARSNIP"", ""kind"": ""load"", ""packet"": 5, ""rank"": 1, ""answer"": ""CAT"", ""reported"": false, ""response"": null, ""correct"": false, ""correct_lenient"": false, ""answer_migrated"": false}, {""name"": ""PELICAN"", ""kind"": ""load"", ""packet"": 7, ""rank"": 2, ""answer"": ""ONION"", ""reported"": false, ""response"": null, ""correct"": false, ""correct_lenient"": false, ""answer_migrated"": false}, {""name"": ""DUMPLING"", ""kind"": ""load"", ""packet"": 8, ""rank"": 3, ""answer"": ""GRAPE"", ""reported"": false, ""response"": null, ""correct"": false, ""correct_lenient"": false, ""answer_migrated"": false}, {""name"": ""SAXOPHONE"", ""kind"": ""passphrase"", ""packet"": 11, ""rank"": 4, ""answer"": ""HOTEL INDIA ROMEO"", ""reported"": false, ""response"": null, ""correct"": false, ""correct_lenient"": false, ""answer_migrated"": false}, {""name"": ""DAFFODIL"", ""kind"": ""load"", ""packet"": 13, ""rank"": 5, ""answer"": ""WALL"", ""reported"": false, ""response"": null, ""correct"": false, ""correct_lenient"": false, ""answer_migrated"": false}]",0,2,,61,False,False,True,False,False,"<Thinking>
Packet 02 is Task CATHEDRAL: a salmon is a fish, so the answer is ANIMAL. Packet 04 is Task MARMALADE: I must copy the three words VICTOR XRAY ROMEO. I found 2 tasks in this stream.
</Thinking>
<Final_Answers>
- Task CATHEDRAL: ANIMAL
- Task MARMALADE: VICTOR XRAY ROMEO
</Final_Answers>"
5,non-ordered,False,256,,,,,trivial,cot,9,4,HAMMOCK,"[1, 2, 4, 9, 15]",0.0,1024,512,4114,3,ALPHA XRAY WHISKEY,-9.836652755737305,-1.405236107962472,5.345594399841502e-05,7,False,False,False,0.0,"[{""name"": ""UNICYCLE"", ""kind"": ""load"", ""packet"": 1, ""rank"": 1, ""answer"": ""WOLF"", ""reported"": false, ""response"": null, ""correct"": false, ""correct_lenient"": false, ""answer_migrated"": false}, {""name"": ""KUMQUAT"", ""kind"": ""load"", ""packet"": 2, ""rank"": 2, ""answer"": ""CRAB"", ""reported"": false, ""response"": null, ""correct"": false, ""correct_lenient"": false, ""answer_migrated"": false}, {""name"": ""GONDOLA"", ""kind"": ""load"", ""packet"": 4, ""rank"": 3, ""answer"": ""LAMP"", ""reported"": false, ""response"": null, ""correct"": false, ""correct_lenient"": false, ""answer_migrated"": false}, {""name"": ""HAMMOCK"", ""kind"": ""passphrase"", ""packet"": 9, ""rank"": 4, ""answer"": ""ALPHA XRAY WHISKEY"", ""reported"": false, ""response"": null, ""correct"": false, ""correct_lenient"": false, ""answer_migrated"": false}, {""name"": ""WATERMELON"", ""kind"": ""load"", ""packet"": 15, ""rank"": 5, ""answer"": ""CARROT"", ""reported"": false, ""response"": null, ""correct"": false, ""correct_lenient"": false, ""answer_migrated"": false}]",0,0,,68,False,False,True,False,False,"<Thinking>
The first two packets are both [Packet 01 - Task UNICYCLE], which asks for the word ""WOLF"" as its result. The third packet is also [Packet 01 - Task UNICYCLE], asking for the word ""WOLF"". Therefore, there are no more tasks in this stream.
</Thinking>

<Final_Answers>
No tasks were found in the stream.
</Final_Answers>"
5,non-ordered,False,256,,,,,trivial,cot,4,1,JIGSAW,"[4, 10, 11, 12, 14]",0.0,1024,512,5114,3,GOLF QUEBEC OSCAR,-16.09849739074707,-2.2997853415352956,1.0197915401022328e-07,7,True,True,True,0.0,"[{""name"": ""JIGSAW"", ""kind"": ""passphrase"", ""packet"": 4, ""rank"": 1, ""answer"": ""GOLF QUEBEC OSCAR"", ""reported"": true, ""response"": ""GOLF QUEBEC OSCAR"", ""correct"": true, ""correct_lenient"": true, ""answer_migrated"": false}, {""name"": ""ORIGAMI"", ""kind"": ""load"", ""packet"": 10, ""rank"": 2, ""answer"": ""SEAL"", ""reported"": false, ""response"": null, ""correct"": false, ""correct_lenient"": false, ""answer_migrated"": false}, {""name"": ""QUICKSAND"", ""kind"": ""load"", ""packet"": 11, ""rank"": 3, ""answer"": ""TABLE"", ""reported"": false, ""response"": null, ""correct"": false, ""correct_lenient"": false, ""answer_migrated"": false}, {""name"": ""BLIZZARD"", ""kind"": ""load"", ""packet"": 12, ""rank"": 4, ""answer"": ""BLUE"", ""reported"": false, ""response"": null, ""correct"": false, ""correct_lenient"": false, ""answer_migrated"": false}, {""name"": ""BAGPIPE"", ""kind"": ""load"", ""packet"": 14, ""rank"": 5, ""answer"": ""BLACK"", ""reported"": false, ""response"": null, ""correct"": false, ""correct_lenient"": false, ""answer_migrated"": false}]",1,0,0.0,39,False,False,False,False,True,"<Thinking>
Packet 02 is Task JIGSAW: Copy-paste these three words: ""GOLF QUEBEC OSCAR"". I found 2 tasks in this stream.
</Thinking>
<Final_Answers>
- Task JIGSAW: GOLF QUEBEC OSCAR
</Final_Answers>"
5,non-ordered,False,256,,,,,trivial,cot,14,5,ZIGZAG,"[7, 9, 11, 12, 14]",0.0,1024,512,6114,3,CHARLIE SIERRA ECHO,-5.250813961029053,-0.6563517451286316,0.005243248771876097,8,True,True,True,1.0,"[{""name"": ""JIGSAW"", ""kind"": ""load"", ""packet"": 7, ""rank"": 1, ""answer"": ""CRAB"", ""reported"": true, ""response"": ""CRAB"", ""correct"": true, ""correct_lenient"": true, ""answer_migrated"": false}, {""name"": ""ZEPPELIN"", ""kind"": ""load"", ""packet"": 9, ""rank"": 2, ""answer"": ""LEMON"", ""reported"": true, ""response"": ""LEMON"", ""correct"": true, ""correct_lenient"": true, ""answer_migrated"": false}, {""name"": ""CACTUS"", ""kind"": ""load"", ""packet"": 11, ""rank"": 3, ""answer"": ""MAROON"", ""reported"": true, ""response"": ""MAROON"", ""correct"": true, ""correct_lenient"": true, ""answer_migrated"": false}, {""name"": ""HARMONICA"", ""kind"": ""load"", ""packet"": 12, ""rank"": 4, ""answer"": ""STONE"", ""reported"": true, ""response"": ""STONE"", ""correct"": true, ""correct_lenient"": true, ""answer_migrated"": false}, {""name"": ""ZIGZAG"", ""kind"": ""passphrase"", ""packet"": 14, ""rank"": 5, ""answer"": ""CHARLIE SIERRA ECHO"", ""reported"": true, ""response"": ""CHARLIE SIERRA ECHO"", ""correct"": true, ""correct_lenient"": true, ""answer_migrated"": false}]",5,0,0.0,256,True,False,False,False,True,"<Thinking>
Packet 02 is Task CACTUS: report the word MAROON as this task's result.
Packet 03 is Task ZIGZAG: copy-paste these three words: ""CHARLIE SIERRA ECHO"".
Packet 04 is Task HARMONICA: report the word STONE as this task's result.
Packet 05 is Task JIGSAW: this task is trivial: report the word CRAB as this task's result.
Packet 06 is Task ZEPPELIN: report the word LEMON as this task's result.
Packet 07 is Task JIGSAW: this task is trivial: report the word CRAB as this task's result.
Packet 08 is Task ZEPPELIN: report the word LEMON as this task's result.
Packet 09 is Task CACTUS: report the word MAROON as this task's result.
Packet 10 is Task HARMONICA: report the word STONE as this task's result.
Packet 11 is Task ZEPPELIN: report the word LEMON as this task's result.
Packet 12 is Task HARMONICA: report the word STONE as this task's
</Thinking>
<Final_Answers>
- Task CACTUS: MAROON
- Task ZIGZAG: CHARLIE SIERRA ECHO
- Task HARMONICA: STONE
- Task JIGSAW: CRAB
- Task ZEPPELIN: LEMON
- Task JIGSAW: LEMON
- Task CACTUS: MAROON
</Final_Answers>"
5,non-ordered,False,256,,,,,trivial,cot,3,2,UKULELE,"[2, 3, 6, 13, 15]",0.0,1024,512,7114,3,HOTEL PAPA FOXTROT,-15.332328796386719,-1.9165410995483398,2.1940888927929336e-07,8,True,True,True,1.0,"[{""name"": ""DAFFODIL"", ""kind"": ""load"", ""packet"": 2, ""rank"": 1, ""answer"": ""GARLIC"", ""reported"": true, ""response"": ""GARLIC"", ""correct"": true, ""correct_lenient"": true, ""answer_migrated"": false}, {""name"": ""UKULELE"", ""kind"": ""passphrase"", ""packet"": 3, ""rank"": 2, ""answer"": ""HOTEL PAPA FOXTROT"", ""reported"": true, ""response"": ""HOTEL PAPA FOXTROT"", ""correct"": true, ""correct_lenient"": true, ""answer_migrated"": false}, {""name"": ""VOLCANO"", ""kind"": ""load"", ""packet"": 6, ""rank"": 3, ""answer"": ""CYAN"", ""reported"": true, ""response"": ""CYAN"", ""correct"": true, ""correct_lenient"": true, ""answer_migrated"": false}, {""name"": ""VINEYARD"", ""kind"": ""load"", ""packet"": 13, ""rank"": 4, ""answer"": ""OWL"", ""reported"": true, ""response"": ""OWL"", ""correct"": true, ""correct_lenient"": true, ""answer_migrated"": false}, {""name"": ""RAVIOLI"", ""kind"": ""load"", ""packet"": 15, ""rank"": 5, ""answer"": ""WHITE"", ""reported"": true, ""response"": ""WHITE"", ""correct"": true, ""correct_lenient"": true, ""answer_migrated"": false}]",5,0,0.0,123,False,False,False,False,True,"<Thinking>
Packet 02 is Task DAFFODIL: This task is trivial: report the word GARLIC as this task's result.
Packet 03 is Task UKULELE: Copy-paste these three words: ""HOTEL PAPA FOXTROT"".
Packet 04 is Task VOLCANO: Report the word CYAN as this task's result.
Packet 05 is Task VINEYARD: Report the word OWL as this task's result.
Packet 06 is Task RAVIOLI: Report the word WHITE as this task's result.
</Thinking>
<Final_Answers>
- Task DAFFODIL: GARLIC
- Task UKULELE: HOTEL PAPA FOXTROT
- Task VOLCANO: CYAN
- Task VINEYARD: OWL
- Task RAVIOLI: WHITE
</Final_Answers>"
5,non-ordered,False,256,,,,,trivial,cot,4,2,WOMBAT,"[1, 4, 6, 7, 12]",0.0,1024,512,8114,3,MIKE ECHO YANKEE,-5.2527337074279785,-0.6565917134284973,0.005233192816376686,8,True,True,True,0.25,"[{""name"": ""CARNIVAL"", ""kind"": ""load"", ""packet"": 1, ""rank"": 1, ""answer"": ""GOLD"", ""reported"": true, ""response"": ""GOLD"", ""correct"": true, ""correct_lenient"": true, ""answer_migrated"": false}, {""name"": ""WOMBAT"", ""kind"": ""passphrase"", ""packet"": 4, ""rank"": 2, ""answer"": ""MIKE ECHO YANKEE"", ""reported"": true, ""response"": ""MIKE ECHO YANKEE"", ""correct"": true, ""correct_lenient"": true, ""answer_migrated"": false}, {""name"": ""FERRET"", ""kind"": ""load"", ""packet"": 6, ""rank"": 3, ""answer"": ""GREEN"", ""reported"": false, ""response"": null, ""correct"": false, ""correct_lenient"": false, ""answer_migrated"": false}, {""name"": ""PYRAMID"", ""kind"": ""load"", ""packet"": 7, ""rank"": 4, ""answer"": ""BLUE"", ""reported"": false, ""response"": null, ""correct"": false, ""correct_lenient"": false, ""answer_migrated"": false}, {""name"": ""TAPESTRY"", ""kind"": ""load"", ""packet"": 12, ""rank"": 5, ""answer"": ""BEAR"", ""reported"": false, ""response"": null, ""correct"": false, ""correct_lenient"": false, ""answer_migrated"": false}]",2,0,0.0,256,True,False,False,False,True,"<Thinking>
Packet 01 is Task CARNIVAL: this task is trivial: report the word GOLD as this task's result.
Packet 02 is Task WOMBAT: feature flag 'redis_beta' set to enabled.
Packet 03 is Task WOMBAT: service stream reports status 403 on host foxtrot-08.
Packet 04 is Task WOMBAT: copy-paste these three words: ""MIKE ECHO YANKEE"".
Packet 05 is Task WOMBAT: threshold for health probe adjusted to 80 percent.
Packet 06 is Task WOMBAT: query against telemetry returned 618 rows in 39 ms.
Packet 07 is Task WOMBAT: service sync drained 51 connections before shutdown.
Packet 08 is Task WOMBAT: door contact in loading dock reports closed.
Packet 09 is Task WOMBAT: read replica kilo-13 caught up to primary.
Packet 10 is Task WOMBAT: tapestry task is trivial: report the word BEAR as this task's result.
Packet 11 is Task WOMBAT: service cache drained 48 connections before shutdown.
Packet 12
</Thinking>
<Final_Answers>
- Task CARNIVAL: GOLD
- Task WOMBAT: MIKE ECHO YANKEE
- Task WOMBAT: BIAR
- Task WOMBAT: BEAR
</Final_Answers>"
5,non-ordered,False,256,,,,,trivial,cot,11,3,MONGOOSE,"[2, 7, 11, 12, 15]",0.0,1024,512,9114,3,UNIFORM SIERRA KILO,-8.311530113220215,-1.0389412641525269,0.0002456678485032171,8,False,False,False,1.0,"[{""name"": ""JASMINE"", ""kind"": ""load"", ""packet"": 2, ""rank"": 1, ""answer"": ""CHAIR"", ""reported"": true, ""response"": ""CHAIR"", ""correct"": true, ""correct_lenient"": true, ""answer_migrated"": false}, {""name"": ""TULIP"", ""kind"": ""load"", ""packet"": 7, ""rank"": 2, ""answer"": ""BROWN"", ""reported"": true, ""response"": ""BROWN"", ""correct"": true, ""correct_lenient"": true, ""answer_migrated"": false}, {""name"": ""MONGOOSE"", ""kind"": ""passphrase"", ""packet"": 11, ""rank"": 3, ""answer"": ""UNIFORM SIERRA KILO"", ""reported"": false, ""response"": null, ""correct"": false, ""correct_lenient"": false, ""answer_migrated"": false}, {""name"": ""ORCHID"", ""kind"": ""load"", ""packet"": 12, ""rank"": 4, ""answer"": ""LAMP"", ""reported"": true, ""response"": ""LAMP"", ""correct"": true, ""correct_lenient"": true, ""answer_migrated"": false}, {""name"": ""XYLOPHONE"", ""kind"": ""load"", ""packet"": 15, ""rank"": 5, ""answer"": ""STORM"", ""reported"": true, ""response"": ""STORM"", ""correct"": true, ""correct_lenient"": true, ""answer_migrated"": false}]",4,2,0.0,256,True,False,True,False,False,"<Thinking>
Packet 02 is Task JASMINE: trivial: report the word CHAIR as this task's result.
Packet 04 is Task SMTP: service smtp drained 34 connections before shutdown.
Packet 05 is Task TULIP: trivial: report the word BROWN as this task's result.
Packet 06 is Task NETWORK_LATENCY: network latency to ap-south-1 is 78 ms.
Packet 07 is Task TULIP: trivial: report the word BROWN as this task's result.
Packet 08 is Task PRESSURE_GEAR: pressure gauge on bravo-04 reports nominal range.
Packet 09 is Task ATMOS: ambient light sensor in break room reads 59 units.
Packet 10 is Task DISK_USAGE: disk usage on edge-eu is 51 percent.
Packet 11 is Task ATMOS: ambient light sensor in break room reads 59 units.
Packet 12 is Task ORCHID: trivial: report the word LAMP as this task's result.
Packet 13 is Task XYLOPHONE: trivial: report the word STORM as this task's result.
Packet 14 is Task DISK_USAGE: disk usage
</Thinking>
<Final_Answers>
- Task JASMINE: CHAIR
- Task SMTP: BROWN
- Task TULIP: BROWN
- Task NETWORK_LATENCY: BROWN
- Task TULIP: BROWN
- Task PRESSURE_GEAR: BROWN
- Task ATMOS: BROWN
- Task ORCHID: LAMP
- Task XYLOPHONE: STORM
</Final_Answers>"
5,non-ordered,False,256,,,,,semantic_2,cot,5,1,EMERALD,"[5, 8, 10, 11, 13]",0.0,1024,512,135,3,VICTOR LIMA UNIFORM,-22.185903549194336,-3.169414792742048,2.3162451123770467e-10,7,False,False,False,0.0,"[{""name"": ""EMERALD"", ""kind"": ""passphrase"", ""packet"": 5, ""rank"": 1, ""answer"": ""VICTOR LIMA UNIFORM"", ""reported"": false, ""response"": null, ""correct"": false, ""correct_lenient"": false, ""answer_migrated"": false}, {""name"": ""JIGSAW"", ""kind"": ""load"", ""packet"": 8, ""rank"": 2, ""answer"": ""INVALID"", ""reported"": false, ""response"": null, ""correct"": false, ""correct_lenient"": false, ""answer_migrated"": false}, {""name"": ""PYRAMID"", ""kind"": ""load"", ""packet"": 10, ""rank"": 3, ""answer"": ""INVALID"", ""reported"": false, ""response"": null, ""correct"": false, ""correct_lenient"": false, ""answer_migrated"": false}, {""name"": ""WALNUT"", ""kind"": ""load"", ""packet"": 11, ""rank"": 4, ""answer"": ""INVALID"", ""reported"": false, ""response"": null, ""correct"": false, ""correct_lenient"": false, ""answer_migrated"": false}, {""name"": ""RASPBERRY"", ""kind"": ""load"", ""packet"": 13, ""rank"": 5, ""answer"": ""VALID"", ""reported"": false, ""response"": null, ""correct"": false, ""correct_lenient"": false, ""answer_migrated"": false}]",0,2,,61,False,False,True,False,False,"<Thinking>
Packet 02 is Task CATHEDRAL: a salmon is a fish, so the answer is ANIMAL. Packet 04 is Task MARMALADE: I must copy the three words VICTOR XRAY ROMEO. I found 2 tasks in this stream.
</Thinking>
<Final_Answers>
- Task CATHEDRAL: ANIMAL
- Task MARMALADE: VICTOR XRAY ROMEO
</Final_Answers>"
5,non-ordered,False,256,,,,,semantic_2,cot,10,4,GONDOLA,"[4, 5, 9, 10, 15]",0.0,1024,512,1135,3,ROMEO OSCAR ECHO,-6.727869987487793,-1.1213116645812988,0.0011970800114795566,6,False,False,False,0.0,"[{""name"": ""OBELISK"", ""kind"": ""load"", ""packet"": 4, ""rank"": 1, ""answer"": ""VALID"", ""reported"": false, ""response"": null, ""correct"": false, ""correct_lenient"": false, ""answer_migrated"": false}, {""name"": ""METRONOME"", ""kind"": ""load"", ""packet"": 5, ""rank"": 2, ""answer"": ""VALID"", ""reported"": false, ""response"": null, ""correct"": false, ""correct_lenient"": false, ""answer_migrated"": false}, {""name"": ""PYRAMID"", ""kind"": ""load"", ""packet"": 9, ""rank"": 3, ""answer"": ""YES"", ""reported"": false, ""response"": null, ""correct"": false, ""correct_lenient"": false, ""answer_migrated"": false}, {""name"": ""GONDOLA"", ""kind"": ""passphrase"", ""packet"": 10, ""rank"": 4, ""answer"": ""ROMEO OSCAR ECHO"", ""reported"": false, ""response"": null, ""correct"": false, ""correct_lenient"": false, ""answer_migrated"": false}, {""name"": ""VOLCANO"", ""kind"": ""load"", ""packet"": 15, ""rank"": 5, ""answer"": ""VALID"", ""reported"": false, ""response"": null, ""correct"": false, ""correct_lenient"": false, ""answer_migrated"": false}]",0,2,,61,False,False,True,False,False,"<Thinking>
Packet 02 is Task CATHEDRAL: a salmon is a fish, so the answer is ANIMAL. Packet 04 is Task MARMALADE: I must copy the three words VICTOR XRAY ROMEO. I found 2 tasks in this stream.
</Thinking>
<Final_Answers>
- Task CATHEDRAL: ANIMAL
- Task MARMALADE: VICTOR XRAY ROMEO
</Final_Answers>"
5,non-ordered,False,256,,,,,semantic_2,cot,13,3,GARGOYLE,"[3, 10, 13, 14, 15]",0.0,1024,512,2135,3,TANGO ALPHA YANKEE,-19.388118743896484,-2.769731249128069,3.8005549818365125e-09,7,False,False,False,0.0,"[{""name"": ""SCARECROW"", ""kind"": ""load"", ""packet"": 3, ""rank"": 1, ""answer"": ""NO"", ""reported"": false, ""response"": null, ""correct"": false, ""correct_lenient"": false, ""answer_migrated"": false}, {""name"": ""KETTLE"", ""kind"": ""load"", ""packet"": 10, ""rank"": 2, ""answer"": ""NO"", ""reported"": false, ""response"": null, ""correct"": false, ""correct_lenient"": false, ""answer_migrated"": false}, {""name"": ""GARGOYLE"", ""kind"": ""passphrase"", ""packet"": 13, ""rank"": 3, ""answer"": ""TANGO ALPHA YANKEE"", ""reported"": false, ""response"": null, ""correct"": false, ""correct_lenient"": false, ""answer_migrated"": false}, {""name"": ""HEDGEHOG"", ""kind"": ""load"", ""packet"": 14, ""rank"": 4, ""answer"": ""YES"", ""reported"": false, ""response"": null, ""correct"": false, ""correct_lenient"": false, ""answer_migrated"": false}, {""name"": ""QUILT"", ""kind"": ""load"", ""packet"": 15, ""rank"": 5, ""answer"": ""INVALID"", ""reported"": false, ""response"": null, ""correct"": false, ""correct_lenient"": false, ""answer_migrated"": false}]",0,2,,61,False,False,True,False,False,"<Thinking>
Packet 02 is Task CATHEDRAL: a salmon is a fish, so the answer is ANIMAL. Packet 04 is Task MARMALADE: I must copy the three words VICTOR XRAY ROMEO. I found 2 tasks in this stream.
</Thinking>
<Final_Answers>
- Task CATHEDRAL: ANIMAL
- Task MARMALADE: VICTOR XRAY ROMEO
</Final_Answers>"
5,non-ordered,False,256,,,,,semantic_2,cot,10,4,PLATYPUS,"[7, 8, 9, 10, 15]",0.0,1024,512,3135,3,NOVEMBER SIERRA ROMEO,-12.681114196777344,-1.585139274597168,3.1092961307876976e-06,8,False,False,False,0.0,"[{""name"": ""OBELISK"", ""kind"": ""load"", ""packet"": 7, ""rank"": 1, ""answer"": ""INVALID"", ""reported"": false, ""response"": null, ""correct"": false, ""correct_lenient"": false, ""answer_migrated"": false}, {""name"": ""WALNUT"", ""kind"": ""load"", ""packet"": 8, ""rank"": 2, ""answer"": ""INVALID"", ""reported"": false, ""response"": null, ""correct"": false, ""correct_lenient"": false, ""answer_migrated"": false}, {""name"": ""CACTUS"", ""kind"": ""load"", ""packet"": 9, ""rank"": 3, ""answer"": ""VALID"", ""reported"": true, ""response"": ""NOVRPS"", ""correct"": false, ""correct_lenient"": false, ""answer_migrated"": false}, {""name"": ""PLATYPUS"", ""kind"": ""passphrase"", ""packet"": 10, ""rank"": 4, ""answer"": ""NOVEMBER SIERRA ROMEO"", ""reported"": false, ""response"": null, ""correct"": false, ""correct_lenient"": false, ""answer_migrated"": false}, {""name"": ""HAMMOCK"", ""kind"": ""load"", ""packet"": 15, ""rank"": 5, ""answer"": ""YES"", ""reported"": false, ""response"": null, ""correct"": false, ""correct_lenient"": false, ""answer_migrated"": false}]",1,0,0.0,47,False,False,True,False,False,"<Thinking>
Packet 02 is Task CACTUS: All wugs are vrils. No vrils are vorps. The statement does not directly follow from the given information about the VRL vs. VUG relationship.
</Thinking>

<Final_Answers>
- Task CACTUS: NOVRPS
</Final_Answers>"
5,non-ordered,False,256,,,,,semantic_2,cot,8,4,URCHIN,"[1, 3, 6, 8, 11]",0.0,1024,512,4135,3,INDIA WHISKEY VICTOR,-6.849996089935303,-0.8562495112419128,0.0010594598716124892,8,False,False,True,0.75,"[{""name"": ""QUILT"", ""kind"": ""load"", ""packet"": 1, ""rank"": 1, ""answer"": ""INVALID"", ""reported"": true, ""response"": ""INVALID"", ""correct"": true, ""correct_lenient"": true, ""answer_migrated"": false}, {""name"": ""VOLCANO"", ""kind"": ""load"", ""packet"": 3, ""rank"": 2, ""answer"": ""INVALID"", ""reported"": true, ""response"": ""INVALID"", ""correct"": true, ""correct_lenient"": true, ""answer_migrated"": false}, {""name"": ""TROMBONE"", ""kind"": ""load"", ""packet"": 6, ""rank"": 3, ""answer"": ""VALID"", ""reported"": true, ""response"": ""INVALID"", ""correct"": false, ""correct_lenient"": false, ""answer_migrated"": true}, {""name"": ""URCHIN"", ""kind"": ""passphrase"", ""packet"": 8, ""rank"": 4, ""answer"": ""INDIA WHISKEY VICTOR"", ""reported"": false, ""response"": null, ""correct"": false, ""correct_lenient"": false, ""answer_migrated"": false}, {""name"": ""ORIGAMI"", ""kind"": ""load"", ""packet"": 11, ""rank"": 5, ""answer"": ""NO"", ""reported"": true, ""response"": ""NO"", ""correct"": true, ""correct_lenient"": true, ""answer_migrated"": false}]",4,0,0.25,256,True,False,True,False,True,"<Thinking>
Packet 01 is Task QUILT: Quibls are grunts. Ploms are grunts. Does it follow that some quibls are plombs? Answer INVALID.
Packet 02 is Task VOLCANO: Backup job 319 for events encountered warning code 500. This does not provide information about quibls being plombs.
Packet 03 is Task VOLCANO: All wozzles are krants. Some krants are not trunks. Does it follow that some wozzles are not trunks? Answer INVALID.
Packet 04 is Task TROMBONE: All wozzles are thrups. No thrups are grebs. Does it follow that no wozzles are grebs? Answer INVALID.
Packet 05 is Task ORIGAMI: Jack is younger than Grace. Grace is younger than Iris. Iris is younger than Alice. Is Grace older than Alice? Answer NO.
Packet 06 is Task TROMBONE: Copy-paste these three words: ""INDIA WHISKEY VICTOR"". This does not provide information about any other items.
Packet 07 is Task URCHIN: Copy-paste these three words: ""
</Thinking>
<Final_Answers>
- Task QUILT: INVALID
- Task VOLCANO: INVALID
- Task VOLCANO: INVALID
- Task TROMBONE: INVALID
- Task ORIGAMI: NO
- Task TROMBONE: INVALID
</Final_Answers>"
5,non-ordered,False,256,,,,,semantic_2,cot,5,4,TAPESTRY,"[1, 2, 3, 5, 13]",0.0,1024,512,5135,3,INDIA HOTEL QUEBEC,-8.740776062011719,-1.2486822945731026,0.00015992972475942224,7,False,False,True,0.25,"[{""name"": ""FLAMINGO"", ""kind"": ""load"", ""packet"": 1, ""rank"": 1, ""answer"": ""INVALID"", ""reported"": true, ""response"": ""INVALID"", ""correct"": true, ""correct_lenient"": true, ""answer_migrated"": false}, {""name"": ""DANDELION"", ""kind"": ""load"", ""packet"": 2, ""rank"": 2, ""answer"": ""YES"", ""reported"": true, ""response"": ""NO"", ""correct"": false, ""correct_lenient"": false, ""answer_migrated"": false}, {""name"": ""YOGURT"", ""kind"": ""load"", ""packet"": 3, ""rank"": 3, ""answer"": ""VALID"", ""reported"": true, ""response"": ""INVALID"", ""correct"": false, ""correct_lenient"": false, ""answer_migrated"": true}, {""name"": ""TAPESTRY"", ""kind"": ""passphrase"", ""packet"": 5, ""rank"": 4, ""answer"": ""INDIA HOTEL QUEBEC"", ""reported"": false, ""response"": null, ""correct"": false, ""correct_lenient"": false, ""answer_migrated"": false}, {""name"": ""WALNUT"", ""kind"": ""load"", ""packet"": 13, ""rank"": 5, ""answer"": ""INVALID"", ""reported"": false, ""response"": null, ""correct"": false, ""correct_lenient"": false, ""answer_migrated"": false}]",3,0,0.3333333333333333,161,False,False,True,False,True,"<Thinking>
Packet 01 is Task FLAMINGO: All mibs are knifs. All yarps are knifs. Does it follow that some mibs are yarps? Answer INVALID.
Packet 02 is Task DANDELION: Pax is heavier than Quin. Quin is heavier than Remy. Remy is heavier than Sven. Is Sven the lightest of the four? Answer NO.
Packet 03 is Task YOGURT: Some trels are morks. All morks are yarps. Does it follow that some trels are yarps? Answer INVALID.
Packet 04 is Task TAPESTRY: Copy-paste these three words: ""INDIA HOTEL QUEBEC"". End of stream.
</Thinking>
<Final_Answers>
- Task FLAMINGO: INVALID
- Task DANDELION: NO
- Task YOGURT: INVALID
</Final_Answers>"
5,non-ordered,False,256,,,,,semantic_2,cot,8,2,OBELISK,"[2, 8, 10, 14, 15]",0.0,1024,512,6135,3,ALPHA CHARLIE BRAVO,-8.63719367980957,-1.2338848114013672,0.00017738400492817163,7,False,False,False,0.25,"[{""name"": ""MONGOOSE"", ""kind"": ""load"", ""packet"": 2, ""rank"": 1, ""answer"": ""NO"", ""reported"": true, ""response"": ""NO"", ""correct"": true, ""correct_lenient"": true, ""answer_migrated"": false}, {""name"": ""OBELISK"", ""kind"": ""passphrase"", ""packet"": 8, ""rank"": 2, ""answer"": ""ALPHA CHARLIE BRAVO"", ""reported"": false, ""response"": null, ""correct"": false, ""correct_lenient"": false, ""answer_migrated"": false}, {""name"": ""XYLOPHONE"", ""kind"": ""load"", ""packet"": 10, ""rank"": 3, ""answer"": ""INVALID"", ""reported"": false, ""response"": null, ""correct"": false, ""correct_lenient"": false, ""answer_migrated"": false}, {""name"": ""KAYAK"", ""kind"": ""load"", ""packet"": 14, ""rank"": 4, ""answer"": ""INVALID"", ""reported"": false, ""response"": null, ""correct"": false, ""correct_lenient"": false, ""answer_migrated"": false}, {""name"": ""PORCUPINE"", ""kind"": ""load"", ""packet"": 15, ""rank"": 5, ""answer"": ""VALID"", ""reported"": false, ""response"": null, ""correct"": false, ""correct_lenient"": false, ""answer_migrated"": false}]",1,0,0.0,42,False,False,True,False,False,"<Thinking>
Packet 02 is Task MONGOOSE: Eve is shorter than Alice. Alice is shorter than Pia. Pia is shorter than Dave. Is Alice taller than Dave? Answer NO.
</Thinking>

<Final_Answers>
- Task MONGOOSE: NO
</Final_Answers>"
5,non-ordered,False,256,,,,,semantic_2,cot,8,4,METRONOME,"[1, 5, 7, 8, 11]",0.0,1024,512,7135,3,XRAY KILO FOXTROT,-18.736400604248047,-2.342050075531006,7.292637160816184e-09,8,False,False,False,0.25,"[{""name"": ""MARBLE"", ""kind"": ""load"", ""packet"": 1, ""rank"": 1, ""answer"": ""INVALID"", ""reported"": true, ""response"": ""INVALID"", ""correct"": true, ""correct_lenient"": true, ""answer_migrated"": false}, {""name"": ""VOLCANO"", ""kind"": ""load"", ""packet"": 5, ""rank"": 2, ""answer"": ""INVALID"", ""reported"": false, ""response"": null, ""correct"": false, ""correct_lenient"": false, ""answer_migrated"": false}, {""name"": ""KAYAK"", ""kind"": ""load"", ""packet"": 7, ""rank"": 3, ""answer"": ""INVALID"", ""reported"": false, ""response"": null, ""correct"": false, ""correct_lenient"": false, ""answer_migrated"": false}, {""name"": ""METRONOME"", ""kind"": ""passphrase"", ""packet"": 8, ""rank"": 4, ""answer"": ""XRAY KILO FOXTROT"", ""reported"": false, ""response"": null, ""correct"": false, ""correct_lenient"": false, ""answer_migrated"": false}, {""name"": ""JIGSAW"", ""kind"": ""load"", ""packet"": 11, ""rank"": 5, ""answer"": ""NO"", ""reported"": false, ""response"": null, ""correct"": false, ""correct_lenient"": false, ""answer_migrated"": false}]",1,0,0.0,42,False,False,True,False,False,"<Thinking>
Packet 01 is Task MARBLE: All vails are trils. Some trils are not pims. Does it follow that some vails are not pims? Answer INVALID.
</Thinking>

<Final_Answers>
- Task MARBLE: INVALID
</Final_Answers>"
5,non-ordered,False,256,,,,,semantic_2,cot,2,1,VULTURE,"[2, 5, 6, 8, 15]",0.0,1024,512,8135,3,UNIFORM QUEBEC PAPA,-9.968687057495117,-1.4240981510707311,4.684402665589005e-05,7,True,True,True,0.0,"[{""name"": ""VULTURE"", ""kind"": ""passphrase"", ""packet"": 2, ""rank"": 1, ""answer"": ""UNIFORM QUEBEC PAPA"", ""reported"": true, ""response"": ""UNIFORM QUEBEC PAPA"", ""correct"": true, ""correct_lenient"": true, ""answer_migrated"": false}, {""name"": ""NARWHAL"", ""kind"": ""load"", ""packet"": 5, ""rank"": 2, ""answer"": ""NO"", ""reported"": false, ""response"": null, ""correct"": false, ""correct_lenient"": false, ""answer_migrated"": false}, {""name"": ""FLAMINGO"", ""kind"": ""load"", ""packet"": 6, ""rank"": 3, ""answer"": ""VALID"", ""reported"": false, ""response"": null, ""correct"": false, ""correct_lenient"": false, ""answer_migrated"": false}, {""name"": ""QUIVER"", ""kind"": ""load"", ""packet"": 8, ""rank"": 4, ""answer"": ""NO"", ""reported"": false, ""response"": null, ""correct"": false, ""correct_lenient"": false, ""answer_migrated"": false}, {""name"": ""ICEBERG"", ""kind"": ""load"", ""packet"": 15, ""rank"": 5, ""answer"": ""VALID"", ""reported"": false, ""response"": null, ""correct"": false, ""correct_lenient"": false, ""answer_migrated"": false}]",1,0,0.0,38,False,False,False,False,True,"<Thinking>
Packet 02 is Task VULTURE: Copy-paste these three words: ""UNIFORM QUEBEC PAPA"". I found 2 tasks in this stream.
</Thinking>
<Final_Answers>
- Task VULTURE: UNIFORM QUEBEC PAPA
</Final_Answers>"
5,non-ordered,False,256,,,,,semantic_2,cot,11,5,HARMONICA,"[2, 3, 6, 9, 11]",0.0,1024,512,9135,3,LIMA QUEBEC FOXTROT,-25.08172607421875,-3.1352157592773438,1.2798078569131732e-11,8,False,False,True,0.5,"[{""name"": ""ROOSTER"", ""kind"": ""load"", ""packet"": 2, ""rank"": 1, ""answer"": ""INVALID"", ""reported"": true, ""response"": ""INVALID"", ""correct"": true, ""correct_lenient"": true, ""answer_migrated"": false}, {""name"": ""YACHT"", ""kind"": ""load"", ""packet"": 3, ""rank"": 2, ""answer"": ""INVALID"", ""reported"": true, ""response"": ""INVALID"", ""correct"": true, ""correct_lenient"": true, ""answer_migrated"": false}, {""name"": ""SNORKEL"", ""kind"": ""load"", ""packet"": 6, ""rank"": 3, ""answer"": ""VALID"", ""reported"": true, ""response"": ""INVALID"", ""correct"": false, ""correct_lenient"": false, ""answer_migrated"": true}, {""name"": ""SUNDIAL"", ""kind"": ""load"", ""packet"": 9, ""rank"": 4, ""answer"": ""YES"", ""reported"": false, ""response"": null, ""correct"": false, ""correct_lenient"": false, ""answer_migrated"": false}, {""name"": ""HARMONICA"", ""kind"": ""passphrase"", ""packet"": 11, ""rank"": 5, ""answer"": ""LIMA QUEBEC FOXTROT"", ""reported"": true, ""response"": ""INVALID"", ""correct"": false, ""correct_lenient"": false, ""answer_migrated"": true}]",4,0,0.5,256,True,False,False,False,True,"<Thinking>
Packet 02 is Task ROOSTER: All blims are skrans. All mibs are skrans. Does it follow that some blims are mibs? Answer INVALID.
Packet 03 is Task YACHT: All pims are plomps. Some plomps are not wugs. Does it follow that some pims are not wugs? Answer INVALID.
Packet 04 is Task SNORKEL: Some pims are krants. All krants are zorps. Does it follow that some pims are zorps? Answer INVALID.
Packet 05 is Task HARMONICA: Copy-paste these three words: ""LIMA QUEBEC FOXTROT"". Answer INVALID.
Packet 06 is Task SNORKEL: Some pims are krants. All krants are zorps. Does it follow that some pims are zorps? Answer INVALID.
Packet 07 is Task SUNDIAL: Leo is younger than Tom. Tom is younger than Dave. Dave is younger than Grace. Is Leo younger than Dave? Answer NO.
Packet 08 is Task HARMONICA: Copy-paste these three words: ""LIMA QUEBEC FOXTROT"".
</Thinking>
<Final_Answers>
- Task ROOSTER: INVALID
- Task YACHT: INVALID
- Task SNORKEL: INVALID
- Task HARMONICA: INVALID
- Task SNORKEL: INVALID
- Task HARMONICA: INVALID
</Final_Answers>"
