n_tasks,naming,passphrase_last,finite_budget,lag,mask,n_pre,n_post,t1_load,regime,t2_abs_index,t2_rank,t2_task_name,task_positions,temperature,max_new_tokens,answer_budget,seed,t2_words,t2_phrase,t2_total_logprob,t2_mean_logprob,t2_joint_prob,t2_n_tokens,report_correct,report_contains,phrase_anywhere,t1_correct,tasks,n_tasks_reported,n_hallucinated_tasks,answer_migration,cot_tokens_used,cot_forced_closed,output_truncated,t2_slot_missing,thinking_is_placeholder,t2_echoed_in_cot,raw_output
1,non-ordered,True,16,,,,,none,cot,3,1,WOMBAT,[3],0.0,1024,512,41,3,MIKE KILO HOTEL,-2.7645151615142822,-0.39493073735918316,0.06300663948059082,7,False,True,True,,"[{""name"": ""WOMBAT"", ""kind"": ""passphrase"", ""packet"": 3, ""rank"": 1, ""answer"": ""MIKE KILO HOTEL"", ""reported"": true, ""response"": ""Copy-paste these three words MIKE KILO HOTEL"", ""correct"": false, ""correct_lenient"": true, ""answer_migrated"": false}]",1,0,0.0,16,True,False,False,False,False,"<Thinking>
Packet 02 is Task WOMBAT: Copy-paste these three words
</Thinking>
<Final_Answers>
- Task WOMBAT: Copy-paste these three words MIKE KILO HOTEL
</Final_Answers>"
1,non-ordered,True,16,,,,,none,cot,1,1,ANCHOVY,[1],0.0,1024,512,1041,3,OSCAR FOXTROT MIKE,-9.967174530029297,-1.423882075718471,4.691493450081907e-05,7,False,True,True,,"[{""name"": ""ANCHOVY"", ""kind"": ""passphrase"", ""packet"": 1, ""rank"": 1, ""answer"": ""OSCAR FOXTROT MIKE"", ""reported"": true, ""response"": ""Copy-paste these three words: \""OSCAR FOXTROT MIKE"", ""correct"": false, ""correct_lenient"": true, ""answer_migrated"": false}]",1,0,0.0,16,True,False,False,False,False,"<Thinking>
Packet 01 is Task ANCHOVY: Copy-paste these three
</Thinking>
<Final_Answers>
- Task ANCHOVY: Copy-paste these three words: ""OSCAR FOXTROT MIKE""
</Final_Answers>"
1,non-ordered,True,16,,,,,none,cot,10,1,MANDOLIN,[10],0.0,1024,512,2041,3,BRAVO OSCAR WHISKEY,-16.391016006469727,-2.048877000808716,7.611534158513678e-08,8,True,True,True,,"[{""name"": ""MANDOLIN"", ""kind"": ""passphrase"", ""packet"": 10, ""rank"": 1, ""answer"": ""BRAVO OSCAR WHISKEY"", ""reported"": true, ""response"": ""BRAVO OSCAR WHISKEY"", ""correct"": true, ""correct_lenient"": true, ""answer_migrated"": false}]",1,0,0.0,16,True,False,False,False,False,"<Thinking>
Packet 02 is Task MANDOLIN: Copy-paste these three
</Thinking>
<Final_Answers>
- Task MANDOLIN: BRAVO OSCAR WHISKEY
</Final_Answers>"
1,non-ordered,True,16,,,,,none,cot,11,1,ZIGZAG,[11],0.0,1024,512,3041,3,BRAVO YANKEE MIKE,-16.133716583251953,-1.7926351759168837,9.845004456110473e-08,9,False,True,True,,"[{""name"": ""ZIGZAG"", ""kind"": ""passphrase"", ""packet"": 11, ""rank"": 1, ""answer"": ""BRAVO YANKEE MIKE"", ""reported"": true, ""response"": ""Copy-paste these three words: \""BRAVO YANKEE MIKE"", ""correct"": false, ""correct_lenient"": true, ""answer_migrated"": false}]",1,0,0.0,16,True,False,False,False,False,"<Thinking>
Packet 02 is Task ZIGZAG: Copy-paste these three
</Thinking>
<Final_Answers>
- Task ZIGZAG: Copy-paste these three words: ""BRAVO YANKEE MIKE""
</Final_Answers>"
1,non-ordered,True,16,,,,,none,cot,3,1,SCARECROW,[3],0.0,1024,512,4041,3,UNIFORM ROMEO KILO,-11.603999137878418,-1.6577141625540597,9.129504178417847e-06,7,False,True,True,,"[{""name"": ""SCARECROW"", ""kind"": ""passphrase"", ""packet"": 3, ""rank"": 1, ""answer"": ""UNIFORM ROMEO KILO"", ""reported"": true, ""response"": ""Copy-paste these three words: \""UNIFORM ROMEO KILO"", ""correct"": false, ""correct_lenient"": true, ""answer_migrated"": false}]",1,0,0.0,16,True,False,False,False,False,"<Thinking>
Packet 02 is Task SCARECROW: Copy-paste these three
</Thinking>
<Final_Answers>
- Task SCARECROW: Copy-paste these three words: ""UNIFORM ROMEO KILO""
</Final_Answers>"
1,non-ordered,True,16,,,,,none,cot,12,1,IGLOO,[12],0.0,1024,512,5041,3,WHISKEY YANKEE ROMEO,-9.405414581298828,-1.0450460645887587,8.22773581603542e-05,9,True,True,True,,"[{""name"": ""IGLOO"", ""kind"": ""passphrase"", ""packet"": 12, ""rank"": 1, ""answer"": ""WHISKEY YANKEE ROMEO"", ""reported"": true, ""response"": ""WHISKEY YANKEE ROMEO"", ""correct"": true, ""correct_lenient"": true, ""answer_migrated"": false}]",1,0,0.0,16,True,False,False,False,False,"<Thinking>
Packet 02 is Task IGLOO: Copy-paste these three words
</Thinking>
<Final_Answers>
- Task IGLOO: WHISKEY YANKEE ROMEO
</Final_Answers>"
1,non-ordered,True,16,,,,,none,cot,11,1,NECTARINE,[11],0.0,1024,512,6041,3,YANKEE ALPHA SIERRA,-12.587289810180664,-1.573411226272583,3.4151478303101612e-06,8,True,True,True,,"[{""name"": ""NECTARINE"", ""kind"": ""passphrase"", ""packet"": 11, ""rank"": 1, ""answer"": ""YANKEE ALPHA SIERRA"", ""reported"": true, ""response"": ""YANKEE ALPHA SIERRA"", ""correct"": true, ""correct_lenient"": true, ""answer_migrated"": false}]",1,0,0.0,16,True,False,False,False,False,"<Thinking>
Packet 02 is Task NECTARINE: Copy-paste these three
</Thinking>
<Final_Answers>
- Task NECTARINE: YANKEE ALPHA SIERRA
</Final_Answers>"
1,non-ordered,True,16,,,,,none,cot,12,1,SAPPHIRE,[12],0.0,1024,512,7041,3,YANKEE OSCAR CHARLIE,-20.63817024230957,-2.2931300269232855,1.088821144357155e-09,9,False,False,False,,"[{""name"": ""SAPPHIRE"", ""kind"": ""passphrase"", ""packet"": 12, ""rank"": 1, ""answer"": ""YANKEE OSCAR CHARLIE"", ""reported"": true, ""response"": ""YANKEE OSCAR"", ""correct"": false, ""correct_lenient"": false, ""answer_migrated"": false}]",1,0,0.0,16,True,False,False,False,False,"<Thinking>
Packet 02 is Task SAPPHIRE: YANKEE OSCAR
</Thinking>
<Final_Answers>
- Task SAPPHIRE: YANKEE OSCAR
</Final_Answers>"
1,non-ordered,True,16,,,,,none,cot,15,1,DANDELION,[15],0.0,1024,512,8041,3,INDIA ZULU HOTEL,-5.3150858879089355,-0.7592979839869908,0.0049168565310537815,7,True,True,True,,"[{""name"": ""DANDELION"", ""kind"": ""passphrase"", ""packet"": 15, ""rank"": 1, ""answer"": ""INDIA ZULU HOTEL"", ""reported"": true, ""response"": ""INDIA ZULU HOTEL"", ""correct"": true, ""correct_lenient"": true, ""answer_migrated"": false}]",1,0,0.0,16,True,False,False,False,False,"<Thinking>
Packet 02 is Task Dandelion: I need to copy the three
</Thinking>
<Final_Answers>
- Task Dandelion: INDIA ZULU HOTEL
</Final_Answers>"
1,non-ordered,True,16,,,,,none,cot,10,1,BONSAI,[10],0.0,1024,512,9041,3,YANKEE HOTEL PAPA,-13.95267105102539,-1.7440838813781738,8.718303092791757e-07,8,False,True,True,,"[{""name"": ""BONSAI"", ""kind"": ""passphrase"", ""packet"": 10, ""rank"": 1, ""answer"": ""YANKEE HOTEL PAPA"", ""reported"": true, ""response"": ""Copy-paste these three words: \""YANKEE HOTEL PAPA"", ""correct"": false, ""correct_lenient"": true, ""answer_migrated"": false}]",1,0,0.0,16,True,False,False,False,False,"<Thinking>
Packet 02 is Task BONSAI: Copy-paste these three
</Thinking>
<Final_Answers>
- Task BONSAI: Copy-paste these three words: ""YANKEE HOTEL PAPA""
</Final_Answers>"
1,non-ordered,True,64,,,,,none,cot,3,1,WOMBAT,[3],0.0,1024,512,41,3,MIKE KILO HOTEL,-4.486214637756348,-0.640887805393764,0.011263198219239712,7,True,True,True,,"[{""name"": ""WOMBAT"", ""kind"": ""passphrase"", ""packet"": 3, ""rank"": 1, ""answer"": ""MIKE KILO HOTEL"", ""reported"": true, ""response"": ""MIKE KILO HOTEL"", ""correct"": true, ""correct_lenient"": true, ""answer_migrated"": false}]",1,0,0.0,38,False,False,False,False,True,"<Thinking>
Packet 02 is Task WOMBAT: Copy-paste these three words: ""MIKE KILO HOTEL"". I found 1 task in this stream.
</Thinking>
<Final_Answers>
- Task WOMBAT: MIKE KILO HOTEL
</Final_Answers>"
1,non-ordered,True,64,,,,,none,cot,1,1,ANCHOVY,[1],0.0,1024,512,1041,3,OSCAR FOXTROT MIKE,-9.413020133972168,-1.344717161996024,8.165396866388619e-05,7,False,False,True,,"[{""name"": ""ANCHOVY"", ""kind"": ""passphrase"", ""packet"": 1, ""rank"": 1, ""answer"": ""OSCAR FOXTROT MIKE"", ""reported"": true, ""response"": ""ANIMAL"", ""correct"": false, ""correct_lenient"": false, ""answer_migrated"": false}]",1,0,0.0,36,False,False,False,False,True,"<Thinking>
Packet 01 is Task ANCHOVY: Copy-paste these three words: ""OSCAR FOXTROT MIKE"". The answer is ANIMAL.
</Thinking>
<Final_Answers>
- Task ANCHOVY: ANIMAL
</Final_Answers>"
1,non-ordered,True,64,,,,,none,cot,10,1,MANDOLIN,[10],0.0,1024,512,2041,3,BRAVO OSCAR WHISKEY,-16.87919807434082,-2.1098997592926025,4.6715115331608104e-08,8,True,True,True,,"[{""name"": ""MANDOLIN"", ""kind"": ""passphrase"", ""packet"": 10, ""rank"": 1, ""answer"": ""BRAVO OSCAR WHISKEY"", ""reported"": true, ""response"": ""BRAVO OSCAR WHISKEY"", ""correct"": true, ""correct_lenient"": true, ""answer_migrated"": false}]",1,0,0.0,40,False,False,False,False,True,"<Thinking>
Packet 02 is Task MANDOLIN: Copy-paste these three words: ""BRAVO OSCAR WHISKEY"". I need to find the mandolin task.
</Thinking>
<Final_Answers>
- Task MANDOLIN: BRAVO OSCAR WHISKEY
</Final_Answers>"
1,non-ordered,True,64,,,,,none,cot,11,1,ZIGZAG,[11],0.0,1024,512,3041,3,BRAVO YANKEE MIKE,-15.977559089660645,-1.7752843432956271,1.1508911512692066e-07,9,True,True,True,,"[{""name"": ""ZIGZAG"", ""kind"": ""passphrase"", ""packet"": 11, ""rank"": 1, ""answer"": ""BRAVO YANKEE MIKE"", ""reported"": true, ""response"": ""BRAVO YANKEE MIKE"", ""correct"": true, ""correct_lenient"": true, ""answer_migrated"": false}]",1,0,0.0,48,False,False,False,False,True,"<Thinking>
Packet 02 is Task ZIGZAG: Copy-paste these three words: ""BRAVO YANKEE MIKE"". I need to find the word ""YANKEE"" in the string.
</Thinking>
<Final_Answers>
- Task ZIGZAG: BRAVO YANKEE MIKE
</Final_Answers>"
1,non-ordered,True,64,,,,,none,cot,3,1,SCARECROW,[3],0.0,1024,512,4041,3,UNIFORM ROMEO KILO,-10.347896575927734,-1.4782709394182478,3.206015389878303e-05,7,True,True,True,,"[{""name"": ""SCARECROW"", ""kind"": ""passphrase"", ""packet"": 3, ""rank"": 1, ""answer"": ""UNIFORM ROMEO KILO"", ""reported"": true, ""response"": ""UNIFORM ROMEO KILO"", ""correct"": true, ""correct_lenient"": true, ""answer_migrated"": false}]",1,0,0.0,39,False,False,False,False,True,"<Thinking>
Packet 02 is Task SCARECROW: Copy-paste these three words: ""UNIFORM ROMEO KILO"". I found 1 task in this stream.
</Thinking>
<Final_Answers>
- Task SCARECROW: UNIFORM ROMEO KILO
</Final_Answers>"
1,non-ordered,True,64,,,,,none,cot,12,1,IGLOO,[12],0.0,1024,512,5041,3,WHISKEY YANKEE ROMEO,-11.59229850769043,-1.288033167521159,9.236952791980002e-06,9,True,True,True,,"[{""name"": ""IGLOO"", ""kind"": ""passphrase"", ""packet"": 12, ""rank"": 1, ""answer"": ""WHISKEY YANKEE ROMEO"", ""reported"": true, ""response"": ""WHISKEY YANKEE ROMEO"", ""correct"": true, ""correct_lenient"": true, ""answer_migrated"": false}]",1,0,0.0,42,False,False,False,False,True,"<Thinking>
Packet 02 is Task IGLOO: Copy-paste these three words: ""WHISKEY YANKEE ROMEO"". I need to find the third word in the string.
</Thinking>
<Final_Answers>
- Task IGLOO: WHISKEY YANKEE ROMEO
</Final_Answers>"
1,non-ordered,True,64,,,,,none,cot,11,1,NECTARINE,[11],0.0,1024,512,6041,3,YANKEE ALPHA SIERRA,-10.766998291015625,-1.3458747863769531,2.1083953470224515e-05,8,True,True,True,,"[{""name"": ""NECTARINE"", ""kind"": ""passphrase"", ""packet"": 11, ""rank"": 1, ""answer"": ""YANKEE ALPHA SIERRA"", ""reported"": true, ""response"": ""YANKEE ALPHA SIERRA"", ""correct"": true, ""correct_lenient"": true, ""answer_migrated"": false}]",1,0,0.0,39,False,False,False,False,True,"<Thinking>
Packet 02 is Task NECTARINE: Copy-paste these three words: ""YANKEE ALPHA SIERRA"". I need to find the next task.
</Thinking>
<Final_Answers>
- Task NECTARINE: YANKEE ALPHA SIERRA
</Final_Answers>"
1,non-ordered,True,64,,,,,none,cot,12,1,SAPPHIRE,[12],0.0,1024,512,7041,3,YANKEE OSCAR CHARLIE,-11.256589889526367,-1.250732209947374,1.29218624351779e-05,9,True,True,True,,"[{""name"": ""SAPPHIRE"", ""kind"": ""passphrase"", ""packet"": 12, ""rank"": 1, ""answer"": ""YANKEE OSCAR CHARLIE"", ""reported"": true, ""response"": ""YANKEE OSCAR CHARLIE"", ""correct"": true, ""correct_lenient"": true, ""answer_migrated"": false}]",1,0,0.0,23,False,False,False,False,True,"<Thinking>
Packet 02 is Task SAPPHIRE: YANKEE OSCAR CHARLIE.
</Thinking>

<Final_Answers>
- Task SAPPHIRE: YANKEE OSCAR CHARLIE
</Final_Answers>"
1,non-ordered,True,64,,,,,none,cot,15,1,DANDELION,[15],0.0,1024,512,8041,3,INDIA ZULU HOTEL,-6.510113716125488,-0.9300162451607841,0.0014883105177432299,7,True,True,True,,"[{""name"": ""DANDELION"", ""kind"": ""passphrase"", ""packet"": 15, ""rank"": 1, ""answer"": ""INDIA ZULU HOTEL"", ""reported"": true, ""response"": ""INDIA ZULU HOTEL"", ""correct"": true, ""correct_lenient"": true, ""answer_migrated"": false}]",1,0,0.0,34,False,False,False,False,True,"<Thinking>
Packet 02 is Task Dandelion: I need to copy the three words ""INDIA ZULU HOTEL"" from the previous packet.
</Thinking>
<Final_Answers>
- Task Dandelion: INDIA ZULU HOTEL
</Final_Answers>"
1,non-ordered,True,64,,,,,none,cot,10,1,BONSAI,[10],0.0,1024,512,9041,3,YANKEE HOTEL PAPA,-14.096199989318848,-1.762024998664856,7.552628744633694e-07,8,True,True,True,,"[{""name"": ""BONSAI"", ""kind"": ""passphrase"", ""packet"": 10, ""rank"": 1, ""answer"": ""YANKEE HOTEL PAPA"", ""reported"": true, ""response"": ""YANKEE HOTEL PAPA"", ""correct"": true, ""correct_lenient"": true, ""answer_migrated"": false}]",1,0,0.0,40,False,False,False,False,True,"<Thinking>
Packet 02 is Task BONSAI: Copy-paste these three words: ""YANKEE HOTEL PAPA"". I found 1 task in this stream.
</Thinking>
<Final_Answers>
- Task BONSAI: YANKEE HOTEL PAPA
</Final_Answers>"
1,non-ordered,True,256,,,,,none,cot,3,1,WOMBAT,[3],0.0,1024,512,41,3,MIKE KILO HOTEL,-4.486214637756348,-0.640887805393764,0.011263198219239712,7,True,True,True,,"[{""name"": ""WOMBAT"", ""kind"": ""passphrase"", ""packet"": 3, ""rank"": 1, ""answer"": ""MIKE KILO HOTEL"", ""reported"": true, ""response"": ""MIKE KILO HOTEL"", ""correct"": true, ""correct_lenient"": true, ""answer_migrated"": false}]",1,0,0.0,38,False,False,False,False,True,"<Thinking>
Packet 02 is Task WOMBAT: Copy-paste these three words: ""MIKE KILO HOTEL"". I found 1 task in this stream.
</Thinking>
<Final_Answers>
- Task WOMBAT: MIKE KILO HOTEL
</Final_Answers>"
1,non-ordered,True,256,,,,,none,cot,1,1,ANCHOVY,[1],0.0,1024,512,1041,3,OSCAR FOXTROT MIKE,-9.413020133972168,-1.344717161996024,8.165396866388619e-05,7,False,False,True,,"[{""name"": ""ANCHOVY"", ""kind"": ""passphrase"", ""packet"": 1, ""rank"": 1, ""answer"": ""OSCAR FOXTROT MIKE"", ""reported"": true, ""response"": ""ANIMAL"", ""correct"": false, ""correct_lenient"": false, ""answer_migrated"": false}]",1,0,0.0,36,False,False,False,False,True,"<Thinking>
Packet 01 is Task ANCHOVY: Copy-paste these three words: ""OSCAR FOXTROT MIKE"". The answer is ANIMAL.
</Thinking>
<Final_Answers>
- Task ANCHOVY: ANIMAL
</Final_Answers>"
1,non-ordered,True,256,,,,,none,cot,10,1,MANDOLIN,[10],0.0,1024,512,2041,3,BRAVO OSCAR WHISKEY,-16.87919807434082,-2.1098997592926025,4.6715115331608104e-08,8,True,True,True,,"[{""name"": ""MANDOLIN"", ""kind"": ""passphrase"", ""packet"": 10, ""rank"": 1, ""answer"": ""BRAVO OSCAR WHISKEY"", ""reported"": true, ""response"": ""BRAVO OSCAR WHISKEY"", ""correct"": true, ""correct_lenient"": true, ""answer_migrated"": false}]",1,0,0.0,40,False,False,False,False,True,"<Thinking>
Packet 02 is Task MANDOLIN: Copy-paste these three words: ""BRAVO OSCAR WHISKEY"". I need to find the mandolin task.
</Thinking>
<Final_Answers>
- Task MANDOLIN: BRAVO OSCAR WHISKEY
</Final_Answers>"
1,non-ordered,True,256,,,,,none,cot,11,1,ZIGZAG,[11],0.0,1024,512,3041,3,BRAVO YANKEE MIKE,-15.977559089660645,-1.7752843432956271,1.1508911512692066e-07,9,True,True,True,,"[{""name"": ""ZIGZAG"", ""kind"": ""passphrase"", ""packet"": 11, ""rank"": 1, ""answer"": ""BRAVO YANKEE MIKE"", ""reported"": true, ""response"": ""BRAVO YANKEE MIKE"", ""correct"": true, ""correct_lenient"": true, ""answer_migrated"": false}]",1,0,0.0,48,False,False,False,False,True,"<Thinking>
Packet 02 is Task ZIGZAG: Copy-paste these three words: ""BRAVO YANKEE MIKE"". I need to find the word ""YANKEE"" in the string.
</Thinking>
<Final_Answers>
- Task ZIGZAG: BRAVO YANKEE MIKE
</Final_Answers>"
1,non-ordered,True,256,,,,,none,cot,3,1,SCARECROW,[3],0.0,1024,512,4041,3,UNIFORM ROMEO KILO,-10.347896575927734,-1.4782709394182478,3.206015389878303e-05,7,True,True,True,,"[{""name"": ""SCARECROW"", ""kind"": ""passphrase"", ""packet"": 3, ""rank"": 1, ""answer"": ""UNIFORM ROMEO KILO"", ""reported"": true, ""response"": ""UNIFORM ROMEO KILO"", ""correct"": true, ""correct_lenient"": true, ""answer_migrated"": false}]",1,0,0.0,39,False,False,False,False,True,"<Thinking>
Packet 02 is Task SCARECROW: Copy-paste these three words: ""UNIFORM ROMEO KILO"". I found 1 task in this stream.
</Thinking>
<Final_Answers>
- Task SCARECROW: UNIFORM ROMEO KILO
</Final_Answers>"
1,non-ordered,True,256,,,,,none,cot,12,1,IGLOO,[12],0.0,1024,512,5041,3,WHISKEY YANKEE ROMEO,-11.59229850769043,-1.288033167521159,9.236952791980002e-06,9,True,True,True,,"[{""name"": ""IGLOO"", ""kind"": ""passphrase"", ""packet"": 12, ""rank"": 1, ""answer"": ""WHISKEY YANKEE ROMEO"", ""reported"": true, ""response"": ""WHISKEY YANKEE ROMEO"", ""correct"": true, ""correct_lenient"": true, ""answer_migrated"": false}]",1,0,0.0,42,False,False,False,False,True,"<Thinking>
Packet 02 is Task IGLOO: Copy-paste these three words: ""WHISKEY YANKEE ROMEO"". I need to find the third word in the string.
</Thinking>
<Final_Answers>
- Task IGLOO: WHISKEY YANKEE ROMEO
</Final_Answers>"
1,non-ordered,True,256,,,,,none,cot,11,1,NECTARINE,[11],0.0,1024,512,6041,3,YANKEE ALPHA SIERRA,-10.766998291015625,-1.3458747863769531,2.1083953470224515e-05,8,True,True,True,,"[{""name"": ""NECTARINE"", ""kind"": ""passphrase"", ""packet"": 11, ""rank"": 1, ""answer"": ""YANKEE ALPHA SIERRA"", ""reported"": true, ""response"": ""YANKEE ALPHA SIERRA"", ""correct"": true, ""correct_lenient"": true, ""answer_migrated"": false}]",1,0,0.0,39,False,False,False,False,True,"<Thinking>
Packet 02 is Task NECTARINE: Copy-paste these three words: ""YANKEE ALPHA SIERRA"". I need to find the next task.
</Thinking>
<Final_Answers>
- Task NECTARINE: YANKEE ALPHA SIERRA
</Final_Answers>"
1,non-ordered,True,256,,,,,none,cot,12,1,SAPPHIRE,[12],0.0,1024,512,7041,3,YANKEE OSCAR CHARLIE,-11.256589889526367,-1.250732209947374,1.29218624351779e-05,9,True,True,True,,"[{""name"": ""SAPPHIRE"", ""kind"": ""passphrase"", ""packet"": 12, ""rank"": 1, ""answer"": ""YANKEE OSCAR CHARLIE"", ""reported"": true, ""response"": ""YANKEE OSCAR CHARLIE"", ""correct"": true, ""correct_lenient"": true, ""answer_migrated"": false}]",1,0,0.0,23,False,False,False,False,True,"<Thinking>
Packet 02 is Task SAPPHIRE: YANKEE OSCAR CHARLIE.
</Thinking>

<Final_Answers>
- Task SAPPHIRE: YANKEE OSCAR CHARLIE
</Final_Answers>"
1,non-ordered,True,256,,,,,none,cot,15,1,DANDELION,[15],0.0,1024,512,8041,3,INDIA ZULU HOTEL,-6.510113716125488,-0.9300162451607841,0.0014883105177432299,7,True,True,True,,"[{""name"": ""DANDELION"", ""kind"": ""passphrase"", ""packet"": 15, ""rank"": 1, ""answer"": ""INDIA ZULU HOTEL"", ""reported"": true, ""response"": ""INDIA ZULU HOTEL"", ""correct"": true, ""correct_lenient"": true, ""answer_migrated"": false}]",1,0,0.0,34,False,False,False,False,True,"<Thinking>
Packet 02 is Task Dandelion: I need to copy the three words ""INDIA ZULU HOTEL"" from the previous packet.
</Thinking>
<Final_Answers>
- Task Dandelion: INDIA ZULU HOTEL
</Final_Answers>"
1,non-ordered,True,256,,,,,none,cot,10,1,BONSAI,[10],0.0,1024,512,9041,3,YANKEE HOTEL PAPA,-14.096199989318848,-1.762024998664856,7.552628744633694e-07,8,True,True,True,,"[{""name"": ""BONSAI"", ""kind"": ""passphrase"", ""packet"": 10, ""rank"": 1, ""answer"": ""YANKEE HOTEL PAPA"", ""reported"": true, ""response"": ""YANKEE HOTEL PAPA"", ""correct"": true, ""correct_lenient"": true, ""answer_migrated"": false}]",1,0,0.0,40,False,False,False,False,True,"<Thinking>
Packet 02 is Task BONSAI: Copy-paste these three words: ""YANKEE HOTEL PAPA"". I found 1 task in this stream.
</Thinking>
<Final_Answers>
- Task BONSAI: YANKEE HOTEL PAPA
</Final_Answers>"
2,non-ordered,True,16,,,,,trivial,cot,8,2,URCHIN,"[1, 8]",0.0,1024,512,75,3,OSCAR SIERRA NOVEMBER,-8.905411720275879,-1.1131764650344849,0.00013565282279159874,8,False,False,False,0.0,"[{""name"": ""PORCUPINE"", ""kind"": ""load"", ""packet"": 1, ""rank"": 1, ""answer"": ""BRICK"", ""reported"": true, ""response"": ""SUCCESS"", ""correct"": false, ""correct_lenient"": false, ""answer_migrated"": false}, {""name"": ""URCHIN"", ""kind"": ""passphrase"", ""packet"": 8, ""rank"": 2, ""answer"": ""OSCAR SIERRA NOVEMBER"", ""reported"": false, ""response"": null, ""correct"": false, ""correct_lenient"": false, ""answer_migrated"": false}]",1,0,0.0,16,True,False,True,False,False,"<Thinking>
Packet 01 is Task PORCUPINE: this task is trivial:
</Thinking>
<Final_Answers>
- Task PORCUPINE: SUCCESS
</Final_Answers>"
2,non-ordered,True,16,,,,,trivial,cot,13,2,KAYAK,"[1, 13]",0.0,1024,512,1075,3,NOVEMBER BRAVO GOLF,-8.396951675415039,-1.1995645250592912,0.00022555384202860296,7,False,False,False,1.0,"[{""name"": ""METRONOME"", ""kind"": ""load"", ""packet"": 1, ""rank"": 1, ""answer"": ""CHERRY"", ""reported"": true, ""response"": ""CHERRY"", ""correct"": true, ""correct_lenient"": true, ""answer_migrated"": false}, {""name"": ""KAYAK"", ""kind"": ""passphrase"", ""packet"": 13, ""rank"": 2, ""answer"": ""NOVEMBER BRAVO GOLF"", ""reported"": false, ""response"": null, ""correct"": false, ""correct_lenient"": false, ""answer_migrated"": false}]",1,0,0.0,16,True,False,True,False,False,"<Thinking>
Packet 01 is Task METRONOME: this task is trivial: report
</Thinking>
<Final_Answers>
- Task METRONOME: CHERRY
</Final_Answers>"
2,non-ordered,True,16,,,,,trivial,cot,10,2,CARNIVAL,"[8, 10]",0.0,1024,512,2075,3,TANGO KILO MIKE,-15.182995796203613,-2.168999399457659,2.5474679432591074e-07,7,False,False,False,0.0,"[{""name"": ""SAXOPHONE"", ""kind"": ""load"", ""packet"": 8, ""rank"": 1, ""answer"": ""CUP"", ""reported"": false, ""response"": null, ""correct"": false, ""correct_lenient"": false, ""answer_migrated"": false}, {""name"": ""CARNIVAL"", ""kind"": ""passphrase"", ""packet"": 10, ""rank"": 2, ""answer"": ""TANGO KILO MIKE"", ""reported"": true, ""response"": ""CUP"", ""correct"": false, ""correct_lenient"": false, ""answer_migrated"": true}]",1,0,1.0,16,True,False,False,False,False,"<Thinking>
Packet 02 is Task CARNIVAL: Copy-paste these three words
</Thinking>
<Final_Answers>
- Task CARNIVAL: CUP
</Final_Answers>"
2,non-ordered,True,16,,,,,trivial,cot,13,2,UKULELE,"[9, 13]",0.0,1024,512,3075,3,TANGO LIMA XRAY,-15.874652862548828,-2.645775477091471,1.2756333944707876e-07,6,False,False,False,0.0,"[{""name"": ""SAXOPHONE"", ""kind"": ""load"", ""packet"": 9, ""rank"": 1, ""answer"": ""CYAN"", ""reported"": false, ""response"": null, ""correct"": false, ""correct_lenient"": false, ""answer_migrated"": false}, {""name"": ""UKULELE"", ""kind"": ""passphrase"", ""packet"": 13, ""rank"": 2, ""answer"": ""TANGO LIMA XRAY"", ""reported"": false, ""response"": null, ""correct"": false, ""correct_lenient"": false, ""answer_migrated"": false}]",0,1,,16,True,False,True,False,False,"<Thinking>
Packet 02 is Task CATHEDRAL: A salmon is a fish
</Thinking>
<Final_Answers>
- Task CATHEDRAL: A salmon is a fish
</Final_Answers>"
2,non-ordered,True,16,,,,,trivial,cot,13,2,BONSAI,"[2, 13]",0.0,1024,512,4075,3,BRAVO QUEBEC PAPA,-16.139612197875977,-2.017451524734497,9.78713288191102e-08,8,False,False,False,0.0,"[{""name"": ""ALMOND"", ""kind"": ""load"", ""packet"": 2, ""rank"": 1, ""answer"": ""CUP"", ""reported"": true, ""response"": ""REPORT"", ""correct"": false, ""correct_lenient"": false, ""answer_migrated"": false}, {""name"": ""BONSAI"", ""kind"": ""passphrase"", ""packet"": 13, ""rank"": 2, ""answer"": ""BRAVO QUEBEC PAPA"", ""reported"": false, ""response"": null, ""correct"": false, ""correct_lenient"": false, ""answer_migrated"": false}]",1,0,0.0,16,True,False,True,False,False,"<Thinking>
Packet 02 is Task ALMOND: The task is trivial: report
</Thinking>
<Final_Answers>
- Task ALMOND: REPORT
</Final_Answers>"
2,non-ordered,True,16,,,,,trivial,cot,12,2,EGGPLANT,"[8, 12]",0.0,1024,512,5075,3,WHISKEY FOXTROT VICTOR,-9.324788093566895,-1.0360875659518771,8.918585808714852e-05,9,False,False,False,0.0,"[{""name"": ""IGLOO"", ""kind"": ""load"", ""packet"": 8, ""rank"": 1, ""answer"": ""MAGENTA"", ""reported"": false, ""response"": null, ""correct"": false, ""correct_lenient"": false, ""answer_migrated"": false}, {""name"": ""EGGPLANT"", ""kind"": ""passphrase"", ""packet"": 12, ""rank"": 2, ""answer"": ""WHISKEY FOXTROT VICTOR"", ""reported"": false, ""response"": null, ""correct"": false, ""correct_lenient"": false, ""answer_migrated"": false}]",0,1,,16,True,False,True,False,False,"<Thinking>
Packet 02 is Task CATHEDRAL: a salmon is a fish
</Thinking>
<Final_Answers>
- Task CATHEDRAL: ANIMAL
</Final_Answers>"
2,non-ordered,True,16,,,,,trivial,cot,11,2,TROMBONE,"[9, 11]",0.0,1024,512,6075,3,CHARLIE ZULU GOLF,-9.308731079101562,-1.1635913848876953,9.062947356142104e-05,8,False,False,False,0.0,"[{""name"": ""SAXOPHONE"", ""kind"": ""load"", ""packet"": 9, ""rank"": 1, ""answer"": ""WOLF"", ""reported"": false, ""response"": null, ""correct"": false, ""correct_lenient"": false, ""answer_migrated"": false}, {""name"": ""TROMBONE"", ""kind"": ""passphrase"", ""packet"": 11, ""rank"": 2, ""answer"": ""CHARLIE ZULU GOLF"", ""reported"": false, ""response"": null, ""correct"": false, ""correct_lenient"": false, ""answer_migrated"": false}]",0,1,,16,True,False,True,False,False,"<Thinking>
Packet 02 is Task CATHEDRAL: a salmon is a fish
</Thinking>
<Final_Answers>
- Task CATHEDRAL: ANIMAL
</Final_Answers>"
2,non-ordered,True,16,,,,,trivial,cot,6,2,SAXOPHONE,"[5, 6]",0.0,1024,512,7075,3,KILO ZULU MIKE,-3.2952933311462402,-0.4707561901637486,0.03705717250704765,7,False,False,False,0.0,"[{""name"": ""VINEYARD"", ""kind"": ""load"", ""packet"": 5, ""rank"": 1, ""answer"": ""SUGAR"", ""reported"": true, ""response"": ""REPORT THE WORD SUGAR AS THIS TASK'S RESULT"", ""correct"": false, ""correct_lenient"": true, ""answer_migrated"": false}, {""name"": ""SAXOPHONE"", ""kind"": ""passphrase"", ""packet"": 6, ""rank"": 2, ""answer"": ""KILO ZULU MIKE"", ""reported"": false, ""response"": null, ""correct"": false, ""correct_lenient"": false, ""answer_migrated"": false}]",1,0,0.0,16,True,False,True,False,False,"<Thinking>
Packet 02 is Task VINEYARD: This task is trivial:
</Thinking>
<Final_Answers>
- Task VINEYARD: REPORT THE WORD SUGAR AS THIS TASK'S RESULT
</Final_Answers>"
2,non-ordered,True,16,,,,,trivial,cot,13,2,MARBLE,"[2, 13]",0.0,1024,512,8075,3,INDIA LIMA HOTEL,-6.092735767364502,-1.015455961227417,0.002259219763800502,6,False,False,False,0.0,"[{""name"": ""BONSAI"", ""kind"": ""load"", ""packet"": 2, ""rank"": 1, ""answer"": ""LEMON"", ""reported"": true, ""response"": ""SUCCESS"", ""correct"": false, ""correct_lenient"": false, ""answer_migrated"": false}, {""name"": ""MARBLE"", ""kind"": ""passphrase"", ""packet"": 13, ""rank"": 2, ""answer"": ""INDIA LIMA HOTEL"", ""reported"": false, ""response"": null, ""correct"": false, ""correct_lenient"": false, ""answer_migrated"": false}]",1,0,0.0,16,True,False,True,False,False,"<Thinking>
Packet 02 is Task BONSAI: this task is trivial:
</Thinking>
<Final_Answers>
- Task BONSAI: SUCCESS
</Final_Answers>"
2,non-ordered,True,16,,,,,trivial,cot,13,2,KAYAK,"[11, 13]",0.0,1024,512,9075,3,QUEBEC ZULU CHARLIE,-4.944430828094482,-0.5493812031216092,0.007122967857867479,9,False,False,False,0.0,"[{""name"": ""CENTIPEDE"", ""kind"": ""load"", ""packet"": 11, ""rank"": 1, ""answer"": ""KNIFE"", ""reported"": false, ""response"": null, ""correct"": false, ""correct_lenient"": false, ""answer_migrated"": false}, {""name"": ""KAYAK"", ""kind"": ""passphrase"", ""packet"": 13, ""rank"": 2, ""answer"": ""QUEBEC ZULU CHARLIE"", ""reported"": false, ""response"": null, ""correct"": false, ""correct_lenient"": false, ""answer_migrated"": false}]",0,1,,16,True,False,True,False,False,"<Thinking>
Packet 02 is Task CATHEDRAL: a salmon is a fish
</Thinking>
<Final_Answers>
- Task CATHEDRAL: ANIMAL
</Final_Answers>"
2,non-ordered,True,16,,,,,semantic_2,cot,7,2,QUARRY,"[4, 7]",0.0,1024,512,96,3,LIMA KILO VICTOR,-19.69220542907715,-2.4615256786346436,2.8040376687243906e-09,8,False,False,False,1.0,"[{""name"": ""TOBOGGAN"", ""kind"": ""load"", ""packet"": 4, ""rank"": 1, ""answer"": ""VALID"", ""reported"": true, ""response"": ""VALID"", ""correct"": true, ""correct_lenient"": true, ""answer_migrated"": false}, {""name"": ""QUARRY"", ""kind"": ""passphrase"", ""packet"": 7, ""rank"": 2, ""answer"": ""LIMA KILO VICTOR"", ""reported"": false, ""response"": null, ""correct"": false, ""correct_lenient"": false, ""answer_migrated"": false}]",1,0,0.0,16,True,False,True,False,False,"<Thinking>
Packet 02 is Task TOBOGGAN: All zorps are
</Thinking>
<Final_Answers>
- Task TOBOGGAN: VALID
</Final_Answers>"
2,non-ordered,True,16,,,,,semantic_2,cot,8,2,WALRUS,"[7, 8]",0.0,1024,512,1096,3,UNIFORM NOVEMBER DELTA,-10.912673950195312,-1.5589534214564733,1.8225771782454103e-05,7,False,False,False,0.0,"[{""name"": ""RAVIOLI"", ""kind"": ""load"", ""packet"": 7, ""rank"": 1, ""answer"": ""INVALID"", ""reported"": true, ""response"": ""Valid"", ""correct"": false, ""correct_lenient"": false, ""answer_migrated"": false}, {""name"": ""WALRUS"", ""kind"": ""passphrase"", ""packet"": 8, ""rank"": 2, ""answer"": ""UNIFORM NOVEMBER DELTA"", ""reported"": false, ""response"": null, ""correct"": false, ""correct_lenient"": false, ""answer_migrated"": false}]",1,0,0.0,16,True,False,True,False,False,"<Thinking>
Packet 02 is Task RAVIOLI: All blims are
</Thinking>
<Final_Answers>
- Task RAVIOLI: Valid
</Final_Answers>"
2,non-ordered,True,16,,,,,semantic_2,cot,15,2,GAZEBO,"[11, 15]",0.0,1024,512,2096,3,ALPHA ZULU DELTA,-13.05494499206543,-1.8649921417236328,2.1394857867562678e-06,7,False,False,False,0.0,"[{""name"": ""KUMQUAT"", ""kind"": ""load"", ""packet"": 11, ""rank"": 1, ""answer"": ""VALID"", ""reported"": false, ""response"": null, ""correct"": false, ""correct_lenient"": false, ""answer_migrated"": false}, {""name"": ""GAZEBO"", ""kind"": ""passphrase"", ""packet"": 15, ""rank"": 2, ""answer"": ""ALPHA ZULU DELTA"", ""reported"": false, ""response"": null, ""correct"": false, ""correct_lenient"": false, ""answer_migrated"": false}]",0,0,,16,True,False,True,False,False,"<Thinking>
Packet 02 is Task DNS lookup for cron.internal resolved in 23
</Thinking>
<Final_Answers>
- Task DNS lookup for cron.internal: resolved in 230 ms
</Final_Answers>"
2,non-ordered,True,16,,,,,semantic_2,cot,8,2,NUTMEG,"[4, 8]",0.0,1024,512,3096,3,YANKEE BRAVO NOVEMBER,-14.07939624786377,-1.5643773608737521,7.680613407501369e-07,9,False,False,False,0.0,"[{""name"": ""PLATYPUS"", ""kind"": ""load"", ""packet"": 4, ""rank"": 1, ""answer"": ""VALID"", ""reported"": true, ""response"": ""all francs are valid"", ""correct"": false, ""correct_lenient"": true, ""answer_migrated"": false}, {""name"": ""NUTMEG"", ""kind"": ""passphrase"", ""packet"": 8, ""rank"": 2, ""answer"": ""YANKEE BRAVO NOVEMBER"", ""reported"": false, ""response"": null, ""correct"": false, ""correct_lenient"": false, ""answer_migrated"": false}]",1,0,0.0,16,True,False,True,False,False,"<Thinking>
Packet 02 is Task PLATYPUS: all francs are valid
</Thinking>
<Final_Answers>
- Task PLATYPUS: all francs are valid
</Final_Answers>"
2,non-ordered,True,16,,,,,semantic_2,cot,15,2,WALNUT,"[13, 15]",0.0,1024,512,4096,3,VICTOR CHARLIE ZULU,-14.901841163635254,-1.655760129292806,3.374524624177866e-07,9,False,False,False,1.0,"[{""name"": ""GAZEBO"", ""kind"": ""load"", ""packet"": 13, ""rank"": 1, ""answer"": ""VALID"", ""reported"": true, ""response"": ""VALID"", ""correct"": true, ""correct_lenient"": true, ""answer_migrated"": false}, {""name"": ""WALNUT"", ""kind"": ""passphrase"", ""packet"": 15, ""rank"": 2, ""answer"": ""VICTOR CHARLIE ZULU"", ""reported"": false, ""response"": null, ""correct"": false, ""correct_lenient"": false, ""answer_migrated"": false}]",1,0,0.0,16,True,False,True,False,False,"<Thinking>
Packet 02 is Task GAZEBO: Some pims are krants
</Thinking>
<Final_Answers>
- Task GAZEBO: VALID
</Final_Answers>"
2,non-ordered,True,16,,,,,semantic_2,cot,15,2,FERRET,"[8, 15]",0.0,1024,512,5096,3,QUEBEC OSCAR NOVEMBER,-6.475696086883545,-0.8094620108604431,0.0015404262812808156,8,False,False,False,0.0,"[{""name"": ""RHUBARB"", ""kind"": ""load"", ""packet"": 8, ""rank"": 1, ""answer"": ""YES"", ""reported"": true, ""response"": ""NO"", ""correct"": false, ""correct_lenient"": false, ""answer_migrated"": false}, {""name"": ""FERRET"", ""kind"": ""passphrase"", ""packet"": 15, ""rank"": 2, ""answer"": ""QUEBEC OSCAR NOVEMBER"", ""reported"": false, ""response"": null, ""correct"": false, ""correct_lenient"": false, ""answer_migrated"": false}]",1,0,0.0,16,True,False,True,False,False,"<Thinking>
Packet 02 is Task RHUBARB: Eve is faster than Alice.
</Thinking>
<Final_Answers>
- Task RHUBARB: NO
</Final_Answers>"
2,non-ordered,True,16,,,,,semantic_2,cot,15,2,FIREFLY,"[12, 15]",0.0,1024,512,6096,3,QUEBEC TANGO ECHO,-10.216192245483398,-1.4594560350690569,3.6573295801645145e-05,7,False,False,False,0.0,"[{""name"": ""ORCHID"", ""kind"": ""load"", ""packet"": 12, ""rank"": 1, ""answer"": ""INVALID"", ""reported"": false, ""response"": null, ""correct"": false, ""correct_lenient"": false, ""answer_migrated"": false}, {""name"": ""FIREFLY"", ""kind"": ""passphrase"", ""packet"": 15, ""rank"": 2, ""answer"": ""QUEBEC TANGO ECHO"", ""reported"": false, ""response"": null, ""correct"": false, ""correct_lenient"": false, ""answer_migrated"": false}]",0,0,,16,True,False,True,False,False,"<Thinking>
Packet 02 is Task Fan Speed Set to 43 percent: Fan
</Thinking>
<Final_Answers>
- Task Fan Speed Set to 43 Percent: Fan
</Final_Answers>"
2,non-ordered,True,16,,,,,semantic_2,cot,8,2,DAFFODIL,"[3, 8]",0.0,1024,512,7096,3,KILO VICTOR YANKEE,-7.281723976135254,-0.809080441792806,0.0006879984284751117,9,False,False,False,1.0,"[{""name"": ""ORIGAMI"", ""kind"": ""load"", ""packet"": 3, ""rank"": 1, ""answer"": ""VALID"", ""reported"": true, ""response"": ""Valid"", ""correct"": true, ""correct_lenient"": true, ""answer_migrated"": false}, {""name"": ""DAFFODIL"", ""kind"": ""passphrase"", ""packet"": 8, ""rank"": 2, ""answer"": ""KILO VICTOR YANKEE"", ""reported"": false, ""response"": null, ""correct"": false, ""correct_lenient"": false, ""answer_migrated"": false}]",1,0,0.0,16,True,False,True,False,False,"<Thinking>
Packet 02 is Task ORIGAMI: All quibs are drovs
</Thinking>
<Final_Answers>
- Task ORIGAMI: Valid
</Final_Answers>"
2,non-ordered,True,16,,,,,semantic_2,cot,4,2,URCHIN,"[1, 4]",0.0,1024,512,8096,3,ECHO SIERRA BRAVO,-17.871355056762695,-2.5530507223946706,1.732084697891878e-08,7,False,False,False,0.0,"[{""name"": ""FERRET"", ""kind"": ""load"", ""packet"": 1, ""rank"": 1, ""answer"": ""VALID"", ""reported"": true, ""response"": ""ALL FRANS ARE VAILS"", ""correct"": false, ""correct_lenient"": false, ""answer_migrated"": false}, {""name"": ""URCHIN"", ""kind"": ""passphrase"", ""packet"": 4, ""rank"": 2, ""answer"": ""ECHO SIERRA BRAVO"", ""reported"": false, ""response"": null, ""correct"": false, ""correct_lenient"": false, ""answer_migrated"": false}]",1,0,0.0,16,True,False,True,False,False,"<Thinking>
Packet 01 is Task FERRET: All frans are vails
</Thinking>
<Final_Answers>
- Task FERRET: ALL FRANS ARE VAILS
</Final_Answers>"
2,non-ordered,True,16,,,,,semantic_2,cot,14,2,UNICYCLE,"[1, 14]",0.0,1024,512,9096,3,CHARLIE JULIET LIMA,-7.901956558227539,-0.9877445697784424,0.00037001888267695904,8,False,False,False,0.0,"[{""name"": ""DOLPHIN"", ""kind"": ""load"", ""packet"": 1, ""rank"": 1, ""answer"": ""INVALID"", ""reported"": true, ""response"": ""ALL FLURBS ARE VORPS"", ""correct"": false, ""correct_lenient"": false, ""answer_migrated"": false}, {""name"": ""UNICYCLE"", ""kind"": ""passphrase"", ""packet"": 14, ""rank"": 2, ""answer"": ""CHARLIE JULIET LIMA"", ""reported"": false, ""response"": null, ""correct"": false, ""correct_lenient"": false, ""answer_migrated"": false}]",1,0,0.0,16,True,False,True,False,False,"<Thinking>
Packet 01 is Task DOLPHIN: All flurbs are
</Thinking>
<Final_Answers>
- Task DOLPHIN: ALL FLURBS ARE VORPS
</Final_Answers>"
2,non-ordered,True,64,,,,,trivial,cot,8,2,URCHIN,"[1, 8]",0.0,1024,512,75,3,OSCAR SIERRA NOVEMBER,-5.984084606170654,-0.7480105757713318,0.002518518129363656,8,True,True,True,1.0,"[{""name"": ""PORCUPINE"", ""kind"": ""load"", ""packet"": 1, ""rank"": 1, ""answer"": ""BRICK"", ""reported"": true, ""response"": ""BRICK"", ""correct"": true, ""correct_lenient"": true, ""answer_migrated"": false}, {""name"": ""URCHIN"", ""kind"": ""passphrase"", ""packet"": 8, ""rank"": 2, ""answer"": ""OSCAR SIERRA NOVEMBER"", ""reported"": true, ""response"": ""OSCAR SIERRA NOVEMBER"", ""correct"": true, ""correct_lenient"": true, ""answer_migrated"": false}]",2,0,0.0,64,True,False,False,False,True,"<Thinking>
Packet 01 is Task PORCUPINE: this task is trivial: report the word BRICK as this task's result.
Packet 02 is Task URCHIN: copy-paste these three words: ""OSCAR SIERRA NOVEMBER"".
Packet 03 is Task URCHIN:
</Thinking>
<Final_Answers>
- Task PORCUPINE: BRICK
- Task URCHIN: OSCAR SIERRA NOVEMBER
</Final_Answers>"
2,non-ordered,True,64,,,,,trivial,cot,13,2,KAYAK,"[1, 13]",0.0,1024,512,1075,3,NOVEMBER BRAVO GOLF,-8.461955070495605,-1.208850724356515,0.0002113584487233311,7,False,False,False,1.0,"[{""name"": ""METRONOME"", ""kind"": ""load"", ""packet"": 1, ""rank"": 1, ""answer"": ""CHERRY"", ""reported"": true, ""response"": ""CHERRY"", ""correct"": true, ""correct_lenient"": true, ""answer_migrated"": false}, {""name"": ""KAYAK"", ""kind"": ""passphrase"", ""packet"": 13, ""rank"": 2, ""answer"": ""NOVEMBER BRAVO GOLF"", ""reported"": false, ""response"": null, ""correct"": false, ""correct_lenient"": false, ""answer_migrated"": false}]",1,1,0.0,64,True,False,True,False,False,"<Thinking>
Packet 01 is Task METRONOME: this task is trivial: report the word CHERRY as this task's result.
Packet 02 is Task 840: Backup job 840 for inventory finished successfully.
Packet 03 is Task 840: Replication lag on audit
</Thinking>
<Final_Answers>
- Task METRONOME: CHERRY
- Task 840: SUCCESS
</Final_Answers>"
2,non-ordered,True,64,,,,,trivial,cot,10,2,CARNIVAL,"[8, 10]",0.0,1024,512,2075,3,TANGO KILO MIKE,-13.387106895446777,-1.9124438422066825,1.5348055057984311e-06,7,True,True,True,0.0,"[{""name"": ""SAXOPHONE"", ""kind"": ""load"", ""packet"": 8, ""rank"": 1, ""answer"": ""CUP"", ""reported"": false, ""response"": null, ""correct"": false, ""correct_lenient"": false, ""answer_migrated"": false}, {""name"": ""CARNIVAL"", ""kind"": ""passphrase"", ""packet"": 10, ""rank"": 2, ""answer"": ""TANGO KILO MIKE"", ""reported"": true, ""response"": ""TANGO KILO MIKE"", ""correct"": true, ""correct_lenient"": true, ""answer_migrated"": false}]",1,0,0.0,40,False,False,False,False,True,"<Thinking>
Packet 02 is Task CARNIVAL: Copy-paste these three words: ""TANGO KILO MIKE"". The result is TANGO KILO MIKE.
</Thinking>
<Final_Answers>
- Task CARNIVAL: TANGO KILO MIKE
</Final_Answers>"
2,non-ordered,True,64,,,,,trivial,cot,13,2,UKULELE,"[9, 13]",0.0,1024,512,3075,3,TANGO LIMA XRAY,-17.32837677001953,-2.8880627950032554,2.9811346280439466e-08,6,False,False,False,0.0,"[{""name"": ""SAXOPHONE"", ""kind"": ""load"", ""packet"": 9, ""rank"": 1, ""answer"": ""CYAN"", ""reported"": false, ""response"": null, ""correct"": false, ""correct_lenient"": false, ""answer_migrated"": false}, {""name"": ""UKULELE"", ""kind"": ""passphrase"", ""packet"": 13, ""rank"": 2, ""answer"": ""TANGO LIMA XRAY"", ""reported"": false, ""response"": null, ""correct"": false, ""correct_lenient"": false, ""answer_migrated"": false}]",0,2,,61,False,False,True,False,False,"<Thinking>
Packet 02 is Task CATHEDRAL: A salmon is a fish, so the answer is ANIMAL. Packet 04 is Task MARMALADE: I must copy the three words VICTOR XRAY ROMEO. I found 2 tasks in this stream.
</Thinking>
<Final_Answers>
- Task CATHEDRAL: ANIMAL
- Task MARMALADE: VICTOR XRAY ROMEO
</Final_Answers>"
2,non-ordered,True,64,,,,,trivial,cot,13,2,BONSAI,"[2, 13]",0.0,1024,512,4075,3,BRAVO QUEBEC PAPA,-15.072352409362793,-1.8840440511703491,2.8455127676352276e-07,8,False,False,False,1.0,"[{""name"": ""ALMOND"", ""kind"": ""load"", ""packet"": 2, ""rank"": 1, ""answer"": ""CUP"", ""reported"": true, ""response"": ""CUP"", ""correct"": true, ""correct_lenient"": true, ""answer_migrated"": false}, {""name"": ""BONSAI"", ""kind"": ""passphrase"", ""packet"": 13, ""rank"": 2, ""answer"": ""BRAVO QUEBEC PAPA"", ""reported"": false, ""response"": null, ""correct"": false, ""correct_lenient"": false, ""answer_migrated"": false}]",1,0,0.0,29,False,False,True,False,False,"<Thinking>
Packet 02 is Task ALMOND: The task is trivial: report the word CUP as this task's result.
</Thinking>

<Final_Answers>
- Task ALMOND: CUP
</Final_Answers>"
2,non-ordered,True,64,,,,,trivial,cot,12,2,EGGPLANT,"[8, 12]",0.0,1024,512,5075,3,WHISKEY FOXTROT VICTOR,-10.738207817077637,-1.1931342018975153,2.1699794160667807e-05,9,False,False,False,0.0,"[{""name"": ""IGLOO"", ""kind"": ""load"", ""packet"": 8, ""rank"": 1, ""answer"": ""MAGENTA"", ""reported"": false, ""response"": null, ""correct"": false, ""correct_lenient"": false, ""answer_migrated"": false}, {""name"": ""EGGPLANT"", ""kind"": ""passphrase"", ""packet"": 12, ""rank"": 2, ""answer"": ""WHISKEY FOXTROT VICTOR"", ""reported"": false, ""response"": null, ""correct"": false, ""correct_lenient"": false, ""answer_migrated"": false}]",0,2,,61,False,False,True,False,False,"<Thinking>
Packet 02 is Task CATHEDRAL: a salmon is a fish, so the answer is ANIMAL. Packet 04 is Task MARMALADE: I must copy the three words VICTOR XRAY ROMEO. I found 2 tasks in this stream.
</Thinking>
<Final_Answers>
- Task CATHEDRAL: ANIMAL
- Task MARMALADE: VICTOR XRAY ROMEO
</Final_Answers>"
2,non-ordered,True,64,,,,,trivial,cot,11,2,TROMBONE,"[9, 11]",0.0,1024,512,6075,3,CHARLIE ZULU GOLF,-9.44131088256836,-1.180163860321045,7.937628834042698e-05,8,False,False,False,0.0,"[{""name"": ""SAXOPHONE"", ""kind"": ""load"", ""packet"": 9, ""rank"": 1, ""answer"": ""WOLF"", ""reported"": false, ""response"": null, ""correct"": false, ""correct_lenient"": false, ""answer_migrated"": false}, {""name"": ""TROMBONE"", ""kind"": ""passphrase"", ""packet"": 11, ""rank"": 2, ""answer"": ""CHARLIE ZULU GOLF"", ""reported"": false, ""response"": null, ""correct"": false, ""correct_lenient"": false, ""answer_migrated"": false}]",0,2,,61,False,False,True,False,False,"<Thinking>
Packet 02 is Task CATHEDRAL: a salmon is a fish, so the answer is ANIMAL. Packet 04 is Task MARMALADE: I must copy the three words VICTOR XRAY ROMEO. I found 2 tasks in this stream.
</Thinking>
<Final_Answers>
- Task CATHEDRAL: ANIMAL
- Task MARMALADE: VICTOR XRAY ROMEO
</Final_Answers>"
2,non-ordered,True,64,,,,,trivial,cot,6,2,SAXOPHONE,"[5, 6]",0.0,1024,512,7075,3,KILO ZULU MIKE,-3.080836772918701,-0.4401195389883859,0.04592081531882286,7,False,False,False,1.0,"[{""name"": ""VINEYARD"", ""kind"": ""load"", ""packet"": 5, ""rank"": 1, ""answer"": ""SUGAR"", ""reported"": true, ""response"": ""SUGAR"", ""correct"": true, ""correct_lenient"": true, ""answer_migrated"": false}, {""name"": ""SAXOPHONE"", ""kind"": ""passphrase"", ""packet"": 6, ""rank"": 2, ""answer"": ""KILO ZULU MIKE"", ""reported"": false, ""response"": null, ""correct"": false, ""correct_lenient"": false, ""answer_migrated"": false}]",1,0,0.0,31,False,False,True,False,False,"<Thinking>
Packet 02 is Task VINEYARD: This task is trivial: report the word SUGAR as this task's result.
</Thinking>

<Final_Answers>
- Task VINEYARD: SUGAR
</Final_Answers>"
2,non-ordered,True,64,,,,,trivial,cot,13,2,MARBLE,"[2, 13]",0.0,1024,512,8075,3,INDIA LIMA HOTEL,-6.338956832885742,-1.056492805480957,0.0017661437159404159,6,False,False,False,1.0,"[{""name"": ""BONSAI"", ""kind"": ""load"", ""packet"": 2, ""rank"": 1, ""answer"": ""LEMON"", ""reported"": true, ""response"": ""LEMON"", ""correct"": true, ""correct_lenient"": true, ""answer_migrated"": false}, {""name"": ""MARBLE"", ""kind"": ""passphrase"", ""packet"": 13, ""rank"": 2, ""answer"": ""INDIA LIMA HOTEL"", ""reported"": false, ""response"": null, ""correct"": false, ""correct_lenient"": false, ""answer_migrated"": false}]",1,1,0.0,64,False,False,True,False,False,"<Thinking>
Packet 02 is Task BONSAI: this task is trivial: report the word LEMON as this task's result.
Packet 04 is Task MARMALADE: I must copy the three words VICTOR XRAY ROMEO. I found 2 tasks in this stream.
</Thinking>
<Final_Answers>
- Task BONSAI: LEMON
- Task MARMALADE: VICTOR XRAY ROMEO
</Final_Answers>"
2,non-ordered,True,64,,,,,trivial,cot,13,2,KAYAK,"[11, 13]",0.0,1024,512,9075,3,QUEBEC ZULU CHARLIE,-5.483590602874756,-0.6092878447638618,0.0041543859988451,9,False,False,False,0.0,"[{""name"": ""CENTIPEDE"", ""kind"": ""load"", ""packet"": 11, ""rank"": 1, ""answer"": ""KNIFE"", ""reported"": false, ""response"": null, ""correct"": false, ""correct_lenient"": false, ""answer_migrated"": false}, {""name"": ""KAYAK"", ""kind"": ""passphrase"", ""packet"": 13, ""rank"": 2, ""answer"": ""QUEBEC ZULU CHARLIE"", ""reported"": false, ""response"": null, ""correct"": false, ""correct_lenient"": false, ""answer_migrated"": false}]",0,2,,61,False,False,True,False,False,"<Thinking>
Packet 02 is Task CATHEDRAL: a salmon is a fish, so the answer is ANIMAL. Packet 04 is Task MARMALADE: I must copy the three words VICTOR XRAY ROMEO. I found 2 tasks in this stream.
</Thinking>
<Final_Answers>
- Task CATHEDRAL: ANIMAL
- Task MARMALADE: VICTOR XRAY ROMEO
</Final_Answers>"
2,non-ordered,True,64,,,,,semantic_2,cot,7,2,QUARRY,"[4, 7]",0.0,1024,512,96,3,LIMA KILO VICTOR,-15.643792152404785,-1.9554740190505981,1.6068945285496739e-07,8,False,False,False,0.0,"[{""name"": ""TOBOGGAN"", ""kind"": ""load"", ""packet"": 4, ""rank"": 1, ""answer"": ""VALID"", ""reported"": true, ""response"": ""INVALID"", ""correct"": false, ""correct_lenient"": false, ""answer_migrated"": false}, {""name"": ""QUARRY"", ""kind"": ""passphrase"", ""packet"": 7, ""rank"": 2, ""answer"": ""LIMA KILO VICTOR"", ""reported"": false, ""response"": null, ""correct"": false, ""correct_lenient"": false, ""answer_migrated"": false}]",1,0,0.0,46,False,False,True,False,False,"<Thinking>
Packet 02 is Task TOBOGGAN: All zorps are ralks. No ralks are trens. Does it follow that no zorps are trens? Answer INVALID.
</Thinking>

<Final_Answers>
- Task TOBOGGAN: INVALID
</Final_Answers>"
2,non-ordered,True,64,,,,,semantic_2,cot,8,2,WALRUS,"[7, 8]",0.0,1024,512,1096,3,UNIFORM NOVEMBER DELTA,-11.444215774536133,-1.634887967790876,1.0711251889006235e-05,7,False,False,False,1.0,"[{""name"": ""RAVIOLI"", ""kind"": ""load"", ""packet"": 7, ""rank"": 1, ""answer"": ""INVALID"", ""reported"": true, ""response"": ""INVALID"", ""correct"": true, ""correct_lenient"": true, ""answer_migrated"": false}, {""name"": ""WALRUS"", ""kind"": ""passphrase"", ""packet"": 8, ""rank"": 2, ""answer"": ""UNIFORM NOVEMBER DELTA"", ""reported"": false, ""response"": null, ""correct"": false, ""correct_lenient"": false, ""answer_migrated"": false}]",1,0,0.0,43,False,False,True,False,False,"<Thinking>
Packet 02 is Task RAVIOLI: All blims are snigs. All snools are snigs. Does it follow that some blims are snools? Answer INVALID.
</Thinking>
<Final_Answers>
- Task RAVIOLI: INVALID
</Final_Answers>"
2,non-ordered,True,64,,,,,semantic_2,cot,15,2,GAZEBO,"[11, 15]",0.0,1024,512,2096,3,ALPHA ZULU DELTA,-9.38508129119873,-1.3407258987426758,8.39674539747648e-05,7,False,False,False,0.0,"[{""name"": ""KUMQUAT"", ""kind"": ""load"", ""packet"": 11, ""rank"": 1, ""answer"": ""VALID"", ""reported"": false, ""response"": null, ""correct"": false, ""correct_lenient"": false, ""answer_migrated"": false}, {""name"": ""GAZEBO"", ""kind"": ""passphrase"", ""packet"": 15, ""rank"": 2, ""answer"": ""ALPHA ZULU DELTA"", ""reported"": false, ""response"": null, ""correct"": false, ""correct_lenient"": false, ""answer_migrated"": false}]",0,0,,64,True,False,True,False,False,"<Thinking>
Packet 02 is Task DNS lookup for cron.internal resolved in 230 ms: DNS resolution completed successfully.
Packet 03 is Task Fan speed on rack-13 set to 43 percent: Fan speed has been adjusted to 43%.
Packet 04 is Task Volume rack-
</Thinking>
<Final_Answers>
- Task DNS lookup for cron.internal: DNS resolution completed successfully
- Task Fan speed on rack-13: Fan speed has been adjusted to 43%
</Final_Answers>"
2,non-ordered,True,64,,,,,semantic_2,cot,8,2,NUTMEG,"[4, 8]",0.0,1024,512,3096,3,YANKEE BRAVO NOVEMBER,-13.594325065612793,-1.510480562845866,1.2475547919166274e-06,9,False,False,False,0.0,"[{""name"": ""PLATYPUS"", ""kind"": ""load"", ""packet"": 4, ""rank"": 1, ""answer"": ""VALID"", ""reported"": true, ""response"": ""INVALID"", ""correct"": false, ""correct_lenient"": false, ""answer_migrated"": false}, {""name"": ""NUTMEG"", ""kind"": ""passphrase"", ""packet"": 8, ""rank"": 2, ""answer"": ""YANKEE BRAVO NOVEMBER"", ""reported"": false, ""response"": null, ""correct"": false, ""correct_lenient"": false, ""answer_migrated"": false}]",1,0,0.0,41,False,False,True,False,False,"<Thinking>
Packet 02 is Task PLATYPUS: all francs are valid. No vols are vorps. Does it follow that no francs are vorps? Answer INVALID.
</Thinking>
<Final_Answers>
- Task PLATYPUS: INVALID
</Final_Answers>"
2,non-ordered,True,64,,,,,semantic_2,cot,15,2,WALNUT,"[13, 15]",0.0,1024,512,4096,3,VICTOR CHARLIE ZULU,-14.531146049499512,-1.6145717832777235,4.888813123216096e-07,9,False,False,False,0.0,"[{""name"": ""GAZEBO"", ""kind"": ""load"", ""packet"": 13, ""rank"": 1, ""answer"": ""VALID"", ""reported"": true, ""response"": ""INVALID"", ""correct"": false, ""correct_lenient"": false, ""answer_migrated"": false}, {""name"": ""WALNUT"", ""kind"": ""passphrase"", ""packet"": 15, ""rank"": 2, ""answer"": ""VICTOR CHARLIE ZULU"", ""reported"": false, ""response"": null, ""correct"": false, ""correct_lenient"": false, ""answer_migrated"": false}]",1,0,0.0,44,False,False,True,False,False,"<Thinking>
Packet 02 is Task GAZEBO: Some pims are krants. All krants are zorps. The statement does not directly follow from the given information about Gazebo deployment.
</Thinking>

<Final_Answers>
- Task GAZEBO: INVALID
</Final_Answers>"
2,non-ordered,True,64,,,,,semantic_2,cot,15,2,FERRET,"[8, 15]",0.0,1024,512,5096,3,QUEBEC OSCAR NOVEMBER,-5.918956279754639,-0.7398695349693298,0.002688004169613123,8,False,False,False,1.0,"[{""name"": ""RHUBARB"", ""kind"": ""load"", ""packet"": 8, ""rank"": 1, ""answer"": ""YES"", ""reported"": true, ""response"": ""YES"", ""correct"": true, ""correct_lenient"": true, ""answer_migrated"": false}, {""name"": ""FERRET"", ""kind"": ""passphrase"", ""packet"": 15, ""rank"": 2, ""answer"": ""QUEBEC OSCAR NOVEMBER"", ""reported"": false, ""response"": null, ""correct"": false, ""correct_lenient"": false, ""answer_migrated"": false}]",1,0,0.0,41,False,False,True,False,False,"<Thinking>
Packet 02 is Task RHUBARB: Eve is faster than Alice. Alice is faster than Quinn. Quinn is faster than Kira. Is Eve faster than Quinn? Answer YES.
</Thinking>

<Final_Answers>
- Task RHUBARB: YES
</Final_Answers>"
2,non-ordered,True,64,,,,,semantic_2,cot,15,2,FIREFLY,"[12, 15]",0.0,1024,512,6096,3,QUEBEC TANGO ECHO,-10.299495697021484,-1.4713565281459264,3.365005977684632e-05,7,False,False,False,0.0,"[{""name"": ""ORCHID"", ""kind"": ""load"", ""packet"": 12, ""rank"": 1, ""answer"": ""INVALID"", ""reported"": false, ""response"": null, ""correct"": false, ""correct_lenient"": false, ""answer_migrated"": false}, {""name"": ""FIREFLY"", ""kind"": ""passphrase"", ""packet"": 15, ""rank"": 2, ""answer"": ""QUEBEC TANGO ECHO"", ""reported"": false, ""response"": null, ""correct"": false, ""correct_lenient"": false, ""answer_migrated"": false}]",0,0,,64,True,False,True,False,False,"<Thinking>
Packet 02 is Task Fan Speed Set to 43 percent: Fan speed is currently set to 43%.
Packet 03 is Task Rate Limit Reached for Endpoint /v1/router: The rate limit was reached for the endpoint /v1/router.
Packet 04 is Task Backup Job 
</Thinking>
<Final_Answers>
- Task Fan Speed Set to 43 Percent: Fan speed is currently set to 43%.  
- Task Rate Limit Reached for Endpoint /v1/router: The rate limit was reached for the endpoint /v1/router.
</Final_Answers>"
2,non-ordered,True,64,,,,,semantic_2,cot,8,2,DAFFODIL,"[3, 8]",0.0,1024,512,7096,3,KILO VICTOR YANKEE,-4.434134483337402,-0.4926816092597114,0.01186533086001873,9,False,False,False,0.0,"[{""name"": ""ORIGAMI"", ""kind"": ""load"", ""packet"": 3, ""rank"": 1, ""answer"": ""VALID"", ""reported"": true, ""response"": ""INVALID"", ""correct"": false, ""correct_lenient"": false, ""answer_migrated"": false}, {""name"": ""DAFFODIL"", ""kind"": ""passphrase"", ""packet"": 8, ""rank"": 2, ""answer"": ""KILO VICTOR YANKEE"", ""reported"": false, ""response"": null, ""correct"": false, ""correct_lenient"": false, ""answer_migrated"": false}]",1,0,0.0,41,False,False,True,False,False,"<Thinking>
Packet 02 is Task ORIGAMI: All quibs are drovs. No drovs are snicks. Does it follow that no quibs are snicks? Answer INVALID.
</Thinking>
<Final_Answers>
- Task ORIGAMI: INVALID
</Final_Answers>"
2,non-ordered,True,64,,,,,semantic_2,cot,4,2,URCHIN,"[1, 4]",0.0,1024,512,8096,3,ECHO SIERRA BRAVO,-19.520767211914062,-2.7886810302734375,3.328423092696653e-09,7,False,False,False,0.0,"[{""name"": ""FERRET"", ""kind"": ""load"", ""packet"": 1, ""rank"": 1, ""answer"": ""VALID"", ""reported"": true, ""response"": ""INVALID"", ""correct"": false, ""correct_lenient"": false, ""answer_migrated"": false}, {""name"": ""URCHIN"", ""kind"": ""passphrase"", ""packet"": 4, ""rank"": 2, ""answer"": ""ECHO SIERRA BRAVO"", ""reported"": false, ""response"": null, ""correct"": false, ""correct_lenient"": false, ""answer_migrated"": false}]",1,0,0.0,41,False,False,True,False,False,"<Thinking>
Packet 01 is Task FERRET: All frans are vails. No vails are vorps. Does it follow that no frans are vorps? Answer INVALID.
</Thinking>

<Final_Answers>
- Task FERRET: INVALID
</Final_Answers>"
2,non-ordered,True,64,,,,,semantic_2,cot,14,2,UNICYCLE,"[1, 14]",0.0,1024,512,9096,3,CHARLIE JULIET LIMA,-7.804279327392578,-0.9755349159240723,0.0004079853242728859,8,False,False,False,1.0,"[{""name"": ""DOLPHIN"", ""kind"": ""load"", ""packet"": 1, ""rank"": 1, ""answer"": ""INVALID"", ""reported"": true, ""response"": ""INVALID"", ""correct"": true, ""correct_lenient"": true, ""answer_migrated"": false}, {""name"": ""UNICYCLE"", ""kind"": ""passphrase"", ""packet"": 14, ""rank"": 2, ""answer"": ""CHARLIE JULIET LIMA"", ""reported"": false, ""response"": null, ""correct"": false, ""correct_lenient"": false, ""answer_migrated"": false}]",1,0,0.0,46,False,False,True,False,False,"<Thinking>
Packet 01 is Task DOLPHIN: All flurbs are vorps. Some vorps are not mibs. Does it follow that some flurbs are not mibs? Answer INVALID.
</Thinking>
<Final_Answers>
- Task DOLPHIN: INVALID
</Final_Answers>"
2,non-ordered,True,256,,,,,trivial,cot,8,2,URCHIN,"[1, 8]",0.0,1024,512,75,3,OSCAR SIERRA NOVEMBER,-8.28284740447998,-1.0353559255599976,0.0002528163022361696,8,True,True,True,1.0,"[{""name"": ""PORCUPINE"", ""kind"": ""load"", ""packet"": 1, ""rank"": 1, ""answer"": ""BRICK"", ""reported"": true, ""response"": ""BRICK"", ""correct"": true, ""correct_lenient"": true, ""answer_migrated"": false}, {""name"": ""URCHIN"", ""kind"": ""passphrase"", ""packet"": 8, ""rank"": 2, ""answer"": ""OSCAR SIERRA NOVEMBER"", ""reported"": true, ""response"": ""OSCAR SIERRA NOVEMBER"", ""correct"": true, ""correct_lenient"": true, ""answer_migrated"": false}]",2,1,0.0,256,True,False,False,False,True,"<Thinking>
Packet 01 is Task PORCUPINE: this task is trivial: report the word BRICK as this task's result.
Packet 02 is Task URCHIN: copy-paste these three words: ""OSCAR SIERRA NOVEMBER"".
Packet 03 is Task URCHIN: copy-paste these three words: ""SEARCH beta"".
Packet 04 is Task MARMALADE: copy-paste these three words: ""SUSPICIOUS REQUEST BLOCKED BY SCHEDULER CODE 403"".
Packet 05 is Task MARMALADE: copy-paste these three words: ""SERVICE EDGE REPORT STATUS 304 ON HOST CHARLIE-05"".
Packet 06 is Task MARMALADE: copy-paste these three words: ""QUERY AGAINST ORDERS RETURNED 412 ROWS IN 65 MS"".
Packet 07 is Task MARMALADE: copy-paste these three words: ""NETWORK LATENCY TO SA-EAST-1 IS 137 MS"".
Packet 08 is Task MARMALADE: copy-paste these three words: ""SESSION 612 CLOSED BY GATEWAY"".
Packet 09 is Task
</Thinking>
<Final_Answers>
- Task PORCUPINE: BRICK
- Task URCHIN: OSCAR SIERRA NOVEMBER
- Task MARMALADE: SUSPICIOUS REQUEST BLOCKED BY SCHEDULER CODE 403
- Task MARMALADE: SERVICE EDGE REPORT STATUS 304 ON HOST CHARLIE-05
- Task MARMALADE: QUERY AGAINST ORDERS RETURNED 412 ROWS IN 65 MS
- Task MARMALADE: NETWORK LATENCY TO SA-EAST-1 IS 137 MS
</Final_Answers>"
2,non-ordered,True,256,,,,,trivial,cot,13,2,KAYAK,"[1, 13]",0.0,1024,512,1075,3,NOVEMBER BRAVO GOLF,-9.349958419799805,-1.3357083456856864,8.696903387317434e-05,7,False,False,False,0.0,"[{""name"": ""METRONOME"", ""kind"": ""load"", ""packet"": 1, ""rank"": 1, ""answer"": ""CHERRY"", ""reported"": false, ""response"": null, ""correct"": false, ""correct_lenient"": false, ""answer_migrated"": false}, {""name"": ""KAYAK"", ""kind"": ""passphrase"", ""packet"": 13, ""rank"": 2, ""answer"": ""NOVEMBER BRAVO GOLF"", ""reported"": false, ""response"": null, ""correct"": false, ""correct_lenient"": false, ""answer_migrated"": false}]",0,1,,256,True,False,True,False,False,"<Thinking>
Packet 01 is Task METRONOME: this task is trivial: report the word CHERRY as this task's result.
Packet 02 is Task 840: Backup job 840 for inventory finished successfully.
Packet 03 is Task 840: Replication lag on audit is 49 seconds.
Packet 04 is Task 840: Fan speed on node-c set to 32 percent.
Packet 05 is Task 840: Garbage collection on ssh freed 310 megabytes.
Packet 06 is Task 840: Heartbeat from edge received after 366 ms.
Packet 07 is Task 840: Configuration file config.yaml reloaded on mike-15.
Packet 08 is Task 840: Heartbeat from oauth received after 453 ms.
Packet 09 is Task 840: Service edge drained 56 connections before shutdown.
Packet 10 is Task 840: Leader election completed for edge: new leader node-e.
Packet 11 is Task 840: Slow query log recorded 54 entries.
Packet 12 is Task 
</Thinking>
<Final_Answers>
- Task 840: CHERRY: The word CHERRY was copied from the previous task.
</Final_Answers>"
2,non-ordered,True,256,,,,,trivial,cot,10,2,CARNIVAL,"[8, 10]",0.0,1024,512,2075,3,TANGO KILO MIKE,-13.387106895446777,-1.9124438422066825,1.5348055057984311e-06,7,True,True,True,0.0,"[{""name"": ""SAXOPHONE"", ""kind"": ""load"", ""packet"": 8, ""rank"": 1, ""answer"": ""CUP"", ""reported"": false, ""response"": null, ""correct"": false, ""correct_lenient"": false, ""answer_migrated"": false}, {""name"": ""CARNIVAL"", ""kind"": ""passphrase"", ""packet"": 10, ""rank"": 2, ""answer"": ""TANGO KILO MIKE"", ""reported"": true, ""response"": ""TANGO KILO MIKE"", ""correct"": true, ""correct_lenient"": true, ""answer_migrated"": false}]",1,0,0.0,40,False,False,False,False,True,"<Thinking>
Packet 02 is Task CARNIVAL: Copy-paste these three words: ""TANGO KILO MIKE"". The result is TANGO KILO MIKE.
</Thinking>
<Final_Answers>
- Task CARNIVAL: TANGO KILO MIKE
</Final_Answers>"
2,non-ordered,True,256,,,,,trivial,cot,13,2,UKULELE,"[9, 13]",0.0,1024,512,3075,3,TANGO LIMA XRAY,-17.32837677001953,-2.8880627950032554,2.9811346280439466e-08,6,False,False,False,0.0,"[{""name"": ""SAXOPHONE"", ""kind"": ""load"", ""packet"": 9, ""rank"": 1, ""answer"": ""CYAN"", ""reported"": false, ""response"": null, ""correct"": false, ""correct_lenient"": false, ""answer_migrated"": false}, {""name"": ""UKULELE"", ""kind"": ""passphrase"", ""packet"": 13, ""rank"": 2, ""answer"": ""TANGO LIMA XRAY"", ""reported"": false, ""response"": null, ""correct"": false, ""correct_lenient"": false, ""answer_migrated"": false}]",0,2,,61,False,False,True,False,False,"<Thinking>
Packet 02 is Task CATHEDRAL: A salmon is a fish, so the answer is ANIMAL. Packet 04 is Task MARMALADE: I must copy the three words VICTOR XRAY ROMEO. I found 2 tasks in this stream.
</Thinking>
<Final_Answers>
- Task CATHEDRAL: ANIMAL
- Task MARMALADE: VICTOR XRAY ROMEO
</Final_Answers>"
2,non-ordered,True,256,,,,,trivial,cot,13,2,BONSAI,"[2, 13]",0.0,1024,512,4075,3,BRAVO QUEBEC PAPA,-15.072352409362793,-1.8840440511703491,2.8455127676352276e-07,8,False,False,False,1.0,"[{""name"": ""ALMOND"", ""kind"": ""load"", ""packet"": 2, ""rank"": 1, ""answer"": ""CUP"", ""reported"": true, ""response"": ""CUP"", ""correct"": true, ""correct_lenient"": true, ""answer_migrated"": false}, {""name"": ""BONSAI"", ""kind"": ""passphrase"", ""packet"": 13, ""rank"": 2, ""answer"": ""BRAVO QUEBEC PAPA"", ""reported"": false, ""response"": null, ""correct"": false, ""correct_lenient"": false, ""answer_migrated"": false}]",1,0,0.0,29,False,False,True,False,False,"<Thinking>
Packet 02 is Task ALMOND: The task is trivial: report the word CUP as this task's result.
</Thinking>

<Final_Answers>
- Task ALMOND: CUP
</Final_Answers>"
2,non-ordered,True,256,,,,,trivial,cot,12,2,EGGPLANT,"[8, 12]",0.0,1024,512,5075,3,WHISKEY FOXTROT VICTOR,-10.738207817077637,-1.1931342018975153,2.1699794160667807e-05,9,False,False,False,0.0,"[{""name"": ""IGLOO"", ""kind"": ""load"", ""packet"": 8, ""rank"": 1, ""answer"": ""MAGENTA"", ""reported"": false, ""response"": null, ""correct"": false, ""correct_lenient"": false, ""answer_migrated"": false}, {""name"": ""EGGPLANT"", ""kind"": ""passphrase"", ""packet"": 12, ""rank"": 2, ""answer"": ""WHISKEY FOXTROT VICTOR"", ""reported"": false, ""response"": null, ""correct"": false, ""correct_lenient"": false, ""answer_migrated"": false}]",0,2,,61,False,False,True,False,False,"<Thinking>
Packet 02 is Task CATHEDRAL: a salmon is a fish, so the answer is ANIMAL. Packet 04 is Task MARMALADE: I must copy the three words VICTOR XRAY ROMEO. I found 2 tasks in this stream.
</Thinking>
<Final_Answers>
- Task CATHEDRAL: ANIMAL
- Task MARMALADE: VICTOR XRAY ROMEO
</Final_Answers>"
2,non-ordered,True,256,,,,,trivial,cot,11,2,TROMBONE,"[9, 11]",0.0,1024,512,6075,3,CHARLIE ZULU GOLF,-9.44131088256836,-1.180163860321045,7.937628834042698e-05,8,False,False,False,0.0,"[{""name"": ""SAXOPHONE"", ""kind"": ""load"", ""packet"": 9, ""rank"": 1, ""answer"": ""WOLF"", ""reported"": false, ""response"": null, ""correct"": false, ""correct_lenient"": false, ""answer_migrated"": false}, {""name"": ""TROMBONE"", ""kind"": ""passphrase"", ""packet"": 11, ""rank"": 2, ""answer"": ""CHARLIE ZULU GOLF"", ""reported"": false, ""response"": null, ""correct"": false, ""correct_lenient"": false, ""answer_migrated"": false}]",0,2,,61,False,False,True,False,False,"<Thinking>
Packet 02 is Task CATHEDRAL: a salmon is a fish, so the answer is ANIMAL. Packet 04 is Task MARMALADE: I must copy the three words VICTOR XRAY ROMEO. I found 2 tasks in this stream.
</Thinking>
<Final_Answers>
- Task CATHEDRAL: ANIMAL
- Task MARMALADE: VICTOR XRAY ROMEO
</Final_Answers>"
2,non-ordered,True,256,,,,,trivial,cot,6,2,SAXOPHONE,"[5, 6]",0.0,1024,512,7075,3,KILO ZULU MIKE,-3.080836772918701,-0.4401195389883859,0.04592081531882286,7,False,False,False,1.0,"[{""name"": ""VINEYARD"", ""kind"": ""load"", ""packet"": 5, ""rank"": 1, ""answer"": ""SUGAR"", ""reported"": true, ""response"": ""SUGAR"", ""correct"": true, ""correct_lenient"": true, ""answer_migrated"": false}, {""name"": ""SAXOPHONE"", ""kind"": ""passphrase"", ""packet"": 6, ""rank"": 2, ""answer"": ""KILO ZULU MIKE"", ""reported"": false, ""response"": null, ""correct"": false, ""correct_lenient"": false, ""answer_migrated"": false}]",1,0,0.0,31,False,False,True,False,False,"<Thinking>
Packet 02 is Task VINEYARD: This task is trivial: report the word SUGAR as this task's result.
</Thinking>

<Final_Answers>
- Task VINEYARD: SUGAR
</Final_Answers>"
2,non-ordered,True,256,,,,,trivial,cot,13,2,MARBLE,"[2, 13]",0.0,1024,512,8075,3,INDIA LIMA HOTEL,-6.338956832885742,-1.056492805480957,0.0017661437159404159,6,False,False,False,1.0,"[{""name"": ""BONSAI"", ""kind"": ""load"", ""packet"": 2, ""rank"": 1, ""answer"": ""LEMON"", ""reported"": true, ""response"": ""LEMON"", ""correct"": true, ""correct_lenient"": true, ""answer_migrated"": false}, {""name"": ""MARBLE"", ""kind"": ""passphrase"", ""packet"": 13, ""rank"": 2, ""answer"": ""INDIA LIMA HOTEL"", ""reported"": false, ""response"": null, ""correct"": false, ""correct_lenient"": false, ""answer_migrated"": false}]",1,1,0.0,64,False,False,True,False,False,"<Thinking>
Packet 02 is Task BONSAI: this task is trivial: report the word LEMON as this task's result.
Packet 04 is Task MARMALADE: I must copy the three words VICTOR XRAY ROMEO. I found 2 tasks in this stream.
</Thinking>
<Final_Answers>
- Task BONSAI: LEMON
- Task MARMALADE: VICTOR XRAY ROMEO
</Final_Answers>"
2,non-ordered,True,256,,,,,trivial,cot,13,2,KAYAK,"[11, 13]",0.0,1024,512,9075,3,QUEBEC ZULU CHARLIE,-5.483590602874756,-0.6092878447638618,0.0041543859988451,9,False,False,False,0.0,"[{""name"": ""CENTIPEDE"", ""kind"": ""load"", ""packet"": 11, ""rank"": 1, ""answer"": ""KNIFE"", ""reported"": false, ""response"": null, ""correct"": false, ""correct_lenient"": false, ""answer_migrated"": false}, {""name"": ""KAYAK"", ""kind"": ""passphrase"", ""packet"": 13, ""rank"": 2, ""answer"": ""QUEBEC ZULU CHARLIE"", ""reported"": false, ""response"": null, ""correct"": false, ""correct_lenient"": false, ""answer_migrated"": false}]",0,2,,61,False,False,True,False,False,"<Thinking>
Packet 02 is Task CATHEDRAL: a salmon is a fish, so the answer is ANIMAL. Packet 04 is Task MARMALADE: I must copy the three words VICTOR XRAY ROMEO. I found 2 tasks in this stream.
</Thinking>
<Final_Answers>
- Task CATHEDRAL: ANIMAL
- Task MARMALADE: VICTOR XRAY ROMEO
</Final_Answers>"
2,non-ordered,True,256,,,,,semantic_2,cot,7,2,QUARRY,"[4, 7]",0.0,1024,512,96,3,LIMA KILO VICTOR,-15.643792152404785,-1.9554740190505981,1.6068945285496739e-07,8,False,False,False,0.0,"[{""name"": ""TOBOGGAN"", ""kind"": ""load"", ""packet"": 4, ""rank"": 1, ""answer"": ""VALID"", ""reported"": true, ""response"": ""INVALID"", ""correct"": false, ""correct_lenient"": false, ""answer_migrated"": false}, {""name"": ""QUARRY"", ""kind"": ""passphrase"", ""packet"": 7, ""rank"": 2, ""answer"": ""LIMA KILO VICTOR"", ""reported"": false, ""response"": null, ""correct"": false, ""correct_lenient"": false, ""answer_migrated"": false}]",1,0,0.0,46,False,False,True,False,False,"<Thinking>
Packet 02 is Task TOBOGGAN: All zorps are ralks. No ralks are trens. Does it follow that no zorps are trens? Answer INVALID.
</Thinking>

<Final_Answers>
- Task TOBOGGAN: INVALID
</Final_Answers>"
2,non-ordered,True,256,,,,,semantic_2,cot,8,2,WALRUS,"[7, 8]",0.0,1024,512,1096,3,UNIFORM NOVEMBER DELTA,-11.444215774536133,-1.634887967790876,1.0711251889006235e-05,7,False,False,False,1.0,"[{""name"": ""RAVIOLI"", ""kind"": ""load"", ""packet"": 7, ""rank"": 1, ""answer"": ""INVALID"", ""reported"": true, ""response"": ""INVALID"", ""correct"": true, ""correct_lenient"": true, ""answer_migrated"": false}, {""name"": ""WALRUS"", ""kind"": ""passphrase"", ""packet"": 8, ""rank"": 2, ""answer"": ""UNIFORM NOVEMBER DELTA"", ""reported"": false, ""response"": null, ""correct"": false, ""correct_lenient"": false, ""answer_migrated"": false}]",1,0,0.0,43,False,False,True,False,False,"<Thinking>
Packet 02 is Task RAVIOLI: All blims are snigs. All snools are snigs. Does it follow that some blims are snools? Answer INVALID.
</Thinking>
<Final_Answers>
- Task RAVIOLI: INVALID
</Final_Answers>"
2,non-ordered,True,256,,,,,semantic_2,cot,15,2,GAZEBO,"[11, 15]",0.0,1024,512,2096,3,ALPHA ZULU DELTA,-10.015374183654785,-1.4307677405221122,4.470728163141757e-05,7,False,False,False,0.0,"[{""name"": ""KUMQUAT"", ""kind"": ""load"", ""packet"": 11, ""rank"": 1, ""answer"": ""VALID"", ""reported"": false, ""response"": null, ""correct"": false, ""correct_lenient"": false, ""answer_migrated"": false}, {""name"": ""GAZEBO"", ""kind"": ""passphrase"", ""packet"": 15, ""rank"": 2, ""answer"": ""ALPHA ZULU DELTA"", ""reported"": false, ""response"": null, ""correct"": false, ""correct_lenient"": false, ""answer_migrated"": false}]",0,0,,256,True,False,True,False,False,"<Thinking>
Packet 02 is Task DNS lookup for cron.internal resolved in 230 ms: DNS resolution completed successfully.
Packet 03 is Task Fan speed on rack-13 set to 43 percent: Fan speed has been adjusted to 43%.
Packet 04 is Task Volume rack-14 mounted read-only for maintenance: Rack-14 volume has been set to read-only.
Packet 05 is Task Service edge reports status 304 on host charlie-05: Edge report status has been updated to 304.
Packet 06 is Task Service ingest restarted on bravo-04 (canary): Service ingest has been restarted due to a change in canary status.
Packet 07 is Task TLS certificate for router renewed for 17 days: TLS certificate renewal has been scheduled for 17 days.
Packet 08 is Task Service stream reports status 403 on host foxtrot-08: Stream status has been marked as unresponsive due to a network error.
Packet 09 is Task Audit event 857 recorded by ingestion pipeline: Audit event has been logged.
Packet 10 is Task Service logger restarted on rack-13 (qa
</Thinking>
<Final_Answers>
- Task DNS lookup for cron.internal: DNS resolution completed successfully.
- Task Fan speed on rack-13: Fan speed has been adjusted to 43%.
- Task Volume rack-14: Rack-14 volume has been set to read-only.
- Task Service ingest restart: Service ingest has been restarted due to a change in canary status.
- Task TLS certificate renewal: TLS certificate renewal has been scheduled for 17 days.
- Task Service stream status: Stream status has been marked as unresponsive due to a network error.
- Task Audit event logging: Audit event has been logged.
</Final_Answers>"
2,non-ordered,True,256,,,,,semantic_2,cot,8,2,NUTMEG,"[4, 8]",0.0,1024,512,3096,3,YANKEE BRAVO NOVEMBER,-13.594325065612793,-1.510480562845866,1.2475547919166274e-06,9,False,False,False,0.0,"[{""name"": ""PLATYPUS"", ""kind"": ""load"", ""packet"": 4, ""rank"": 1, ""answer"": ""VALID"", ""reported"": true, ""response"": ""INVALID"", ""correct"": false, ""correct_lenient"": false, ""answer_migrated"": false}, {""name"": ""NUTMEG"", ""kind"": ""passphrase"", ""packet"": 8, ""rank"": 2, ""answer"": ""YANKEE BRAVO NOVEMBER"", ""reported"": false, ""response"": null, ""correct"": false, ""correct_lenient"": false, ""answer_migrated"": false}]",1,0,0.0,41,False,False,True,False,False,"<Thinking>
Packet 02 is Task PLATYPUS: all francs are valid. No vols are vorps. Does it follow that no francs are vorps? Answer INVALID.
</Thinking>
<Final_Answers>
- Task PLATYPUS: INVALID
</Final_Answers>"
2,non-ordered,True,256,,,,,semantic_2,cot,15,2,WALNUT,"[13, 15]",0.0,1024,512,4096,3,VICTOR CHARLIE ZULU,-14.531146049499512,-1.6145717832777235,4.888813123216096e-07,9,False,False,False,0.0,"[{""name"": ""GAZEBO"", ""kind"": ""load"", ""packet"": 13, ""rank"": 1, ""answer"": ""VALID"", ""reported"": true, ""response"": ""INVALID"", ""correct"": false, ""correct_lenient"": false, ""answer_migrated"": false}, {""name"": ""WALNUT"", ""kind"": ""passphrase"", ""packet"": 15, ""rank"": 2, ""answer"": ""VICTOR CHARLIE ZULU"", ""reported"": false, ""response"": null, ""correct"": false, ""correct_lenient"": false, ""answer_migrated"": false}]",1,0,0.0,44,False,False,True,False,False,"<Thinking>
Packet 02 is Task GAZEBO: Some pims are krants. All krants are zorps. The statement does not directly follow from the given information about Gazebo deployment.
</Thinking>

<Final_Answers>
- Task GAZEBO: INVALID
</Final_Answers>"
2,non-ordered,True,256,,,,,semantic_2,cot,15,2,FERRET,"[8, 15]",0.0,1024,512,5096,3,QUEBEC OSCAR NOVEMBER,-5.918956279754639,-0.7398695349693298,0.002688004169613123,8,False,False,False,1.0,"[{""name"": ""RHUBARB"", ""kind"": ""load"", ""packet"": 8, ""rank"": 1, ""answer"": ""YES"", ""reported"": true, ""response"": ""YES"", ""correct"": true, ""correct_lenient"": true, ""answer_migrated"": false}, {""name"": ""FERRET"", ""kind"": ""passphrase"", ""packet"": 15, ""rank"": 2, ""answer"": ""QUEBEC OSCAR NOVEMBER"", ""reported"": false, ""response"": null, ""correct"": false, ""correct_lenient"": false, ""answer_migrated"": false}]",1,0,0.0,41,False,False,True,False,False,"<Thinking>
Packet 02 is Task RHUBARB: Eve is faster than Alice. Alice is faster than Quinn. Quinn is faster than Kira. Is Eve faster than Quinn? Answer YES.
</Thinking>

<Final_Answers>
- Task RHUBARB: YES
</Final_Answers>"
2,non-ordered,True,256,,,,,semantic_2,cot,15,2,FIREFLY,"[12, 15]",0.0,1024,512,6096,3,QUEBEC TANGO ECHO,-9.004583358764648,-1.2863690512520927,0.00012284546392038465,7,False,False,False,0.0,"[{""name"": ""ORCHID"", ""kind"": ""load"", ""packet"": 12, ""rank"": 1, ""answer"": ""INVALID"", ""reported"": false, ""response"": null, ""correct"": false, ""correct_lenient"": false, ""answer_migrated"": false}, {""name"": ""FIREFLY"", ""kind"": ""passphrase"", ""packet"": 15, ""rank"": 2, ""answer"": ""QUEBEC TANGO ECHO"", ""reported"": false, ""response"": null, ""correct"": false, ""correct_lenient"": false, ""answer_migrated"": false}]",0,0,,256,True,False,True,False,False,"<Thinking>
Packet 02 is Task Fan Speed Set to 43 percent: Fan speed is currently set to 43%.
Packet 03 is Task Rate Limit Reached for Endpoint /v1/router: The rate limit was reached for the endpoint /v1/router.
Packet 04 is Task Backup Job 387 for Events Finished Successfully: A backup job has been scheduled for events.
Packet 05 is Task DNS Lookup for PostgreSQL Internal Resolved in 351 ms: The DNS lookup for PostgreSQL internal resolved in 351 milliseconds.
Packet 06 is Task Suspicious Request Blocked by Postgres (Code 401): A suspicious request was blocked by the database.
Packet 07 is Task Dead-Letter Queue Notifier Has 73 Stale Entries: There are 73 stale entries in the dead-letter queue.
Packet 08 is Task Audit Event 239 Recorded by Task Scheduler: An audit event has been recorded by the task scheduler.
Packet 09 is Task Calibration of Door Contact in Loading Dock Completed: The calibration of the door contact in the loading dock has been completed.
Packet 10 is Task Network Latency to CA- Central-1 Is 220 ms:
</Thinking>
<Final_Answers>
- Task Fan Speed Set to 43 Percent: Fan speed is now set to 43%.
- Task Rate Limit Reached for Endpoint /v1/router: The rate limit has been reached for the endpoint /v1/router.
- Task Backup Job 387 for Events Finished Successfully: A backup job has been scheduled for events.
- Task DNS Lookup for PostgreSQL Internal Resolved in 351 ms: The DNS lookup for PostgreSQL internal resolved in 351 milliseconds.
- Task Suspicious Request Blocked by Postgres (Code 401): The suspicious request was blocked by the database.
- Task Dead-Letter Queue Notifier Has 73 Stale Entries: The dead-letter queue has 73 stale entries.
- Task Audit Event 239 Recorded by Task Scheduler: An audit event has been recorded by the task scheduler.
</Final_Answers>"
2,non-ordered,True,256,,,,,semantic_2,cot,8,2,DAFFODIL,"[3, 8]",0.0,1024,512,7096,3,KILO VICTOR YANKEE,-4.434134483337402,-0.4926816092597114,0.01186533086001873,9,False,False,False,0.0,"[{""name"": ""ORIGAMI"", ""kind"": ""load"", ""packet"": 3, ""rank"": 1, ""answer"": ""VALID"", ""reported"": true, ""response"": ""INVALID"", ""correct"": false, ""correct_lenient"": false, ""answer_migrated"": false}, {""name"": ""DAFFODIL"", ""kind"": ""passphrase"", ""packet"": 8, ""rank"": 2, ""answer"": ""KILO VICTOR YANKEE"", ""reported"": false, ""response"": null, ""correct"": false, ""correct_lenient"": false, ""answer_migrated"": false}]",1,0,0.0,41,False,False,True,False,False,"<Thinking>
Packet 02 is Task ORIGAMI: All quibs are drovs. No drovs are snicks. Does it follow that no quibs are snicks? Answer INVALID.
</Thinking>
<Final_Answers>
- Task ORIGAMI: INVALID
</Final_Answers>"
2,non-ordered,True,256,,,,,semantic_2,cot,4,2,URCHIN,"[1, 4]",0.0,1024,512,8096,3,ECHO SIERRA BRAVO,-19.520767211914062,-2.7886810302734375,3.328423092696653e-09,7,False,False,False,0.0,"[{""name"": ""FERRET"", ""kind"": ""load"", ""packet"": 1, ""rank"": 1, ""answer"": ""VALID"", ""reported"": true, ""response"": ""INVALID"", ""correct"": false, ""correct_lenient"": false, ""answer_migrated"": false}, {""name"": ""URCHIN"", ""kind"": ""passphrase"", ""packet"": 4, ""rank"": 2, ""answer"": ""ECHO SIERRA BRAVO"", ""reported"": false, ""response"": null, ""correct"": false, ""correct_lenient"": false, ""answer_migrated"": false}]",1,0,0.0,41,False,False,True,False,False,"<Thinking>
Packet 01 is Task FERRET: All frans are vails. No vails are vorps. Does it follow that no frans are vorps? Answer INVALID.
</Thinking>

<Final_Answers>
- Task FERRET: INVALID
</Final_Answers>"
2,non-ordered,True,256,,,,,semantic_2,cot,14,2,UNICYCLE,"[1, 14]",0.0,1024,512,9096,3,CHARLIE JULIET LIMA,-7.804279327392578,-0.9755349159240723,0.0004079853242728859,8,False,False,False,1.0,"[{""name"": ""DOLPHIN"", ""kind"": ""load"", ""packet"": 1, ""rank"": 1, ""answer"": ""INVALID"", ""reported"": true, ""response"": ""INVALID"", ""correct"": true, ""correct_lenient"": true, ""answer_migrated"": false}, {""name"": ""UNICYCLE"", ""kind"": ""passphrase"", ""packet"": 14, ""rank"": 2, ""answer"": ""CHARLIE JULIET LIMA"", ""reported"": false, ""response"": null, ""correct"": false, ""correct_lenient"": false, ""answer_migrated"": false}]",1,0,0.0,46,False,False,True,False,False,"<Thinking>
Packet 01 is Task DOLPHIN: All flurbs are vorps. Some vorps are not mibs. Does it follow that some flurbs are not mibs? Answer INVALID.
</Thinking>
<Final_Answers>
- Task DOLPHIN: INVALID
</Final_Answers>"
3,non-ordered,True,16,,,,,trivial,cot,15,3,URCHIN,"[3, 11, 15]",0.0,1024,512,88,3,MIKE GOLF KILO,-5.6643900871276855,-0.8091985838753837,0.003467261791229248,7,False,False,False,0.0,"[{""name"": ""PYRAMID"", ""kind"": ""load"", ""packet"": 3, ""rank"": 1, ""answer"": ""PEACH"", ""reported"": true, ""response"": ""REPORT THE WORD PEARL"", ""correct"": false, ""correct_lenient"": false, ""answer_migrated"": false}, {""name"": ""PLATYPUS"", ""kind"": ""load"", ""packet"": 11, ""rank"": 2, ""answer"": ""RED"", ""reported"": false, ""response"": null, ""correct"": false, ""correct_lenient"": false, ""answer_migrated"": false}, {""name"": ""URCHIN"", ""kind"": ""passphrase"", ""packet"": 15, ""rank"": 3, ""answer"": ""MIKE GOLF KILO"", ""reported"": false, ""response"": null, ""correct"": false, ""correct_lenient"": false, ""answer_migrated"": false}]",1,0,0.0,16,True,False,True,False,False,"<Thinking>
Packet 02 is Task PYRAMID: Report the word PEARL
</Thinking>
<Final_Answers>
- Task PYRAMID: REPORT THE WORD PEARL
</Final_Answers>"
3,non-ordered,True,16,,,,,trivial,cot,8,3,FLAMINGO,"[6, 7, 8]",0.0,1024,512,1088,3,ROMEO VICTOR QUEBEC,-5.694636344909668,-0.7118295431137085,0.00336396018974483,8,False,False,False,0.0,"[{""name"": ""PELICAN"", ""kind"": ""load"", ""packet"": 6, ""rank"": 1, ""answer"": ""PEPPER"", ""reported"": true, ""response"": ""REPORT THE WORD PEPPER AS THIS TASK'S RESULT"", ""correct"": false, ""correct_lenient"": true, ""answer_migrated"": false}, {""name"": ""NARWHAL"", ""kind"": ""load"", ""packet"": 7, ""rank"": 2, ""answer"": ""HAWK"", ""reported"": false, ""response"": null, ""correct"": false, ""correct_lenient"": false, ""answer_migrated"": false}, {""name"": ""FLAMINGO"", ""kind"": ""passphrase"", ""packet"": 8, ""rank"": 3, ""answer"": ""ROMEO VICTOR QUEBEC"", ""reported"": false, ""response"": null, ""correct"": false, ""correct_lenient"": false, ""answer_migrated"": false}]",1,0,0.0,16,True,False,True,False,False,"<Thinking>
Packet 02 is Task PELICAN: This task is trivial:
</Thinking>
<Final_Answers>
- Task PELICAN: REPORT THE WORD PEPPER AS THIS TASK'S RESULT
</Final_Answers>"
3,non-ordered,True,16,,,,,trivial,cot,13,3,CHIMNEY,"[4, 7, 13]",0.0,1024,512,2088,3,SIERRA PAPA XRAY,-8.402149200439453,-1.2003070286342077,0.000224384551984258,7,False,False,False,0.0,"[{""name"": ""YOGURT"", ""kind"": ""load"", ""packet"": 4, ""rank"": 1, ""answer"": ""TOMATO"", ""reported"": true, ""response"": ""REPORT"", ""correct"": false, ""correct_lenient"": false, ""answer_migrated"": false}, {""name"": ""UNICYCLE"", ""kind"": ""load"", ""packet"": 7, ""rank"": 2, ""answer"": ""SALMON"", ""reported"": false, ""response"": null, ""correct"": false, ""correct_lenient"": false, ""answer_migrated"": false}, {""name"": ""CHIMNEY"", ""kind"": ""passphrase"", ""packet"": 13, ""rank"": 3, ""answer"": ""SIERRA PAPA XRAY"", ""reported"": false, ""response"": null, ""correct"": false, ""correct_lenient"": false, ""answer_migrated"": false}]",1,0,0.0,16,True,False,True,False,False,"<Thinking>
Packet 02 is Task YOGURT: This task is trivial: report
</Thinking>
<Final_Answers>
- Task YOGURT: REPORT
</Final_Answers>"
3,non-ordered,True,16,,,,,trivial,cot,12,3,TULIP,"[2, 9, 12]",0.0,1024,512,3088,3,PAPA INDIA VICTOR,-16.16608428955078,-2.3094406127929688,9.531446210075956e-08,7,False,False,False,0.0,"[{""name"": ""YODEL"", ""kind"": ""load"", ""packet"": 2, ""rank"": 1, ""answer"": ""SHARK"", ""reported"": true, ""response"": ""report"", ""correct"": false, ""correct_lenient"": false, ""answer_migrated"": false}, {""name"": ""WALNUT"", ""kind"": ""load"", ""packet"": 9, ""rank"": 2, ""answer"": ""SUGAR"", ""reported"": false, ""response"": null, ""correct"": false, ""correct_lenient"": false, ""answer_migrated"": false}, {""name"": ""TULIP"", ""kind"": ""passphrase"", ""packet"": 12, ""rank"": 3, ""answer"": ""PAPA INDIA VICTOR"", ""reported"": false, ""response"": null, ""correct"": false, ""correct_lenient"": false, ""answer_migrated"": false}]",1,0,0.0,16,True,False,True,False,False,"<Thinking>
Packet 02 is Task YODEL: This task is trivial: report
</Thinking>
<Final_Answers>
- Task YODEL: report
</Final_Answers>"
3,non-ordered,True,16,,,,,trivial,cot,13,3,LULLABY,"[2, 11, 13]",0.0,1024,512,4088,3,ALPHA HOTEL INDIA,-9.552617073059082,-1.592102845509847,7.101516530383378e-05,6,False,False,False,0.0,"[{""name"": ""RAVIOLI"", ""kind"": ""load"", ""packet"": 2, ""rank"": 1, ""answer"": ""BRANCH"", ""reported"": true, ""response"": ""REPORT THE WORD BRANCH AS THIS TASK'S RESULT"", ""correct"": false, ""correct_lenient"": true, ""answer_migrated"": false}, {""name"": ""DOLPHIN"", ""kind"": ""load"", ""packet"": 11, ""rank"": 2, ""answer"": ""SPOON"", ""reported"": false, ""response"": null, ""correct"": false, ""correct_lenient"": false, ""answer_migrated"": false}, {""name"": ""LULLABY"", ""kind"": ""passphrase"", ""packet"": 13, ""rank"": 3, ""answer"": ""ALPHA HOTEL INDIA"", ""reported"": false, ""response"": null, ""correct"": false, ""correct_lenient"": false, ""answer_migrated"": false}]",1,0,0.0,16,True,False,True,False,False,"<Thinking>
Packet 02 is Task RAVIOLI: This task is trivial
</Thinking>
<Final_Answers>
- Task RAVIOLI: REPORT THE WORD BRANCH AS THIS TASK'S RESULT
</Final_Answers>"
3,non-ordered,True,16,,,,,trivial,cot,8,3,ANCHOVY,"[2, 6, 8]",0.0,1024,512,5088,3,WHISKEY ROMEO MIKE,-11.232982635498047,-1.6047118050711495,1.3230541298980825e-05,7,False,False,False,0.0,"[{""name"": ""THIMBLE"", ""kind"": ""load"", ""packet"": 2, ""rank"": 1, ""answer"": ""ROBIN"", ""reported"": true, ""response"": ""REPORT"", ""correct"": false, ""correct_lenient"": false, ""answer_migrated"": false}, {""name"": ""URCHIN"", ""kind"": ""load"", ""packet"": 6, ""rank"": 2, ""answer"": ""LAKE"", ""reported"": false, ""response"": null, ""correct"": false, ""correct_lenient"": false, ""answer_migrated"": false}, {""name"": ""ANCHOVY"", ""kind"": ""passphrase"", ""packet"": 8, ""rank"": 3, ""answer"": ""WHISKEY ROMEO MIKE"", ""reported"": false, ""response"": null, ""correct"": false, ""correct_lenient"": false, ""answer_migrated"": false}]",1,0,0.0,16,True,False,True,False,False,"<Thinking>
Packet 02 is Task THIMBLE: this task is trivial: report
</Thinking>
<Final_Answers>
- Task THIMBLE: REPORT
</Final_Answers>"
3,non-ordered,True,16,,,,,trivial,cot,15,3,FALCON,"[1, 7, 15]",0.0,1024,512,6088,3,QUEBEC JULIET UNIFORM,-4.25717306137085,-0.5321466326713562,0.014162281528115273,8,False,False,False,0.5,"[{""name"": ""HARMONICA"", ""kind"": ""load"", ""packet"": 1, ""rank"": 1, ""answer"": ""WHALE"", ""reported"": true, ""response"": ""WHALE"", ""correct"": true, ""correct_lenient"": true, ""answer_migrated"": false}, {""name"": ""SNORKEL"", ""kind"": ""load"", ""packet"": 7, ""rank"": 2, ""answer"": ""HORSE"", ""reported"": false, ""response"": null, ""correct"": false, ""correct_lenient"": false, ""answer_migrated"": false}, {""name"": ""FALCON"", ""kind"": ""passphrase"", ""packet"": 15, ""rank"": 3, ""answer"": ""QUEBEC JULIET UNIFORM"", ""reported"": false, ""response"": null, ""correct"": false, ""correct_lenient"": false, ""answer_migrated"": false}]",1,0,0.0,16,True,False,True,False,False,"<Thinking>
Packet 01 is Task HARMONICA: WHALE is a word
</Thinking>
<Final_Answers>
- Task HARMONICA: WHALE
</Final_Answers>"
3,non-ordered,True,16,,,,,trivial,cot,5,3,MARBLE,"[1, 4, 5]",0.0,1024,512,7088,3,ROMEO BRAVO MIKE,-4.387156009674072,-0.7311926682790121,0.012436047196388245,6,False,False,False,0.5,"[{""name"": ""FERRET"", ""kind"": ""load"", ""packet"": 1, ""rank"": 1, ""answer"": ""BLUE"", ""reported"": true, ""response"": ""BLUE"", ""correct"": true, ""correct_lenient"": true, ""answer_migrated"": false}, {""name"": ""FALCON"", ""kind"": ""load"", ""packet"": 4, ""rank"": 2, ""answer"": ""BOWL"", ""reported"": false, ""response"": null, ""correct"": false, ""correct_lenient"": false, ""answer_migrated"": false}, {""name"": ""MARBLE"", ""kind"": ""passphrase"", ""packet"": 5, ""rank"": 3, ""answer"": ""ROMEO BRAVO MIKE"", ""reported"": false, ""response"": null, ""correct"": false, ""correct_lenient"": false, ""answer_migrated"": false}]",1,0,0.0,16,True,False,True,False,False,"<Thinking>
Packet 01 is Task FERRET: report the word BLUE as this
</Thinking>
<Final_Answers>
- Task FERRET: BLUE
</Final_Answers>

"
3,non-ordered,True,16,,,,,trivial,cot,14,3,LULLABY,"[10, 13, 14]",0.0,1024,512,8088,3,ZULU CHARLIE TANGO,-14.444404602050781,-1.8055505752563477,5.33181150785822e-07,8,False,False,False,0.0,"[{""name"": ""UMBRELLA"", ""kind"": ""load"", ""packet"": 10, ""rank"": 1, ""answer"": ""SALT"", ""reported"": false, ""response"": null, ""correct"": false, ""correct_lenient"": false, ""answer_migrated"": false}, {""name"": ""RHUBARB"", ""kind"": ""load"", ""packet"": 13, ""rank"": 2, ""answer"": ""TREE"", ""reported"": false, ""response"": null, ""correct"": false, ""correct_lenient"": false, ""answer_migrated"": false}, {""name"": ""LULLABY"", ""kind"": ""passphrase"", ""packet"": 14, ""rank"": 3, ""answer"": ""ZULU CHARLIE TANGO"", ""reported"": false, ""response"": null, ""correct"": false, ""correct_lenient"": false, ""answer_migrated"": false}]",0,1,,16,True,False,True,False,False,"<Thinking>
Packet 02 is Task CATHEDRAL: a salmon is a fish
</Thinking>
<Final_Answers>
- Task CATHEDRAL: ANIMAL
</Final_Answers>"
3,non-ordered,True,16,,,,,trivial,cot,13,3,DUMPLING,"[10, 11, 13]",0.0,1024,512,9088,3,TANGO ALPHA WHISKEY,-14.310986518859863,-2.385164419809977,6.092808462199173e-07,6,False,False,False,0.5,"[{""name"": ""VOLCANO"", ""kind"": ""load"", ""packet"": 10, ""rank"": 1, ""answer"": ""SHARK"", ""reported"": false, ""response"": null, ""correct"": false, ""correct_lenient"": false, ""answer_migrated"": false}, {""name"": ""EGGPLANT"", ""kind"": ""load"", ""packet"": 11, ""rank"": 2, ""answer"": ""BRICK"", ""reported"": true, ""response"": ""BRICK"", ""correct"": true, ""correct_lenient"": true, ""answer_migrated"": false}, {""name"": ""DUMPLING"", ""kind"": ""passphrase"", ""packet"": 13, ""rank"": 3, ""answer"": ""TANGO ALPHA WHISKEY"", ""reported"": false, ""response"": null, ""correct"": false, ""correct_lenient"": false, ""answer_migrated"": false}]",1,0,0.0,16,True,False,True,False,False,"<Thinking>
Packet 02 is Task EGGPLANT: report the word BRICK
</Thinking>
<Final_Answers>
- Task EGGPLANT: BRICK
</Final_Answers>"
3,non-ordered,True,16,,,,,semantic_2,cot,9,3,LILAC,"[1, 8, 9]",0.0,1024,512,109,3,INDIA HOTEL OSCAR,-5.786196708679199,-0.9643661181131998,0.0030696347821503878,6,False,False,False,0.0,"[{""name"": ""TOBOGGAN"", ""kind"": ""load"", ""packet"": 1, ""rank"": 1, ""answer"": ""NO"", ""reported"": true, ""response"": ""Valid"", ""correct"": false, ""correct_lenient"": false, ""answer_migrated"": false}, {""name"": ""CARNIVAL"", ""kind"": ""load"", ""packet"": 8, ""rank"": 2, ""answer"": ""INVALID"", ""reported"": false, ""response"": null, ""correct"": false, ""correct_lenient"": false, ""answer_migrated"": false}, {""name"": ""LILAC"", ""kind"": ""passphrase"", ""packet"": 9, ""rank"": 3, ""answer"": ""INDIA HOTEL OSCAR"", ""reported"": false, ""response"": null, ""correct"": false, ""correct_lenient"": false, ""answer_migrated"": false}]",1,0,0.0,16,True,False,True,False,False,"<Thinking>
Packet 01 is Task TOBOGGAN: Hank is younger than K
</Thinking>
<Final_Answers>
- Task TOBOGGAN: Valid
</Final_Answers>

"
3,non-ordered,True,16,,,,,semantic_2,cot,11,3,THIMBLE,"[2, 10, 11]",0.0,1024,512,1109,3,MIKE CHARLIE PAPA,-2.3686771392822266,-0.3383824484688895,0.09360446780920029,7,False,False,False,0.0,"[{""name"": ""QUICKSAND"", ""kind"": ""load"", ""packet"": 2, ""rank"": 1, ""answer"": ""NO"", ""reported"": true, ""response"": ""Jack is lighter than Nick."", ""correct"": false, ""correct_lenient"": false, ""answer_migrated"": false}, {""name"": ""LANTERN"", ""kind"": ""load"", ""packet"": 10, ""rank"": 2, ""answer"": ""VALID"", ""reported"": false, ""response"": null, ""correct"": false, ""correct_lenient"": false, ""answer_migrated"": false}, {""name"": ""THIMBLE"", ""kind"": ""passphrase"", ""packet"": 11, ""rank"": 3, ""answer"": ""MIKE CHARLIE PAPA"", ""reported"": false, ""response"": null, ""correct"": false, ""correct_lenient"": false, ""answer_migrated"": false}]",1,0,0.0,16,True,False,True,False,False,"<Thinking>
Packet 02 is Task QUICKSAND: Jack is lighter than Nick.
</Thinking>
<Final_Answers>
- Task QUICKSAND: Jack is lighter than Nick.
</Final_Answers>"
3,non-ordered,True,16,,,,,semantic_2,cot,11,3,CHIMNEY,"[1, 6, 11]",0.0,1024,512,2109,3,MIKE ROMEO NOVEMBER,-5.972137451171875,-0.8531624930245536,0.0025487877428531647,7,False,False,False,0.0,"[{""name"": ""OBELISK"", ""kind"": ""load"", ""packet"": 1, ""rank"": 1, ""answer"": ""INVALID"", ""reported"": true, ""response"": ""Valid"", ""correct"": false, ""correct_lenient"": false, ""answer_migrated"": true}, {""name"": ""HARMONICA"", ""kind"": ""load"", ""packet"": 6, ""rank"": 2, ""answer"": ""VALID"", ""reported"": false, ""response"": null, ""correct"": false, ""correct_lenient"": false, ""answer_migrated"": false}, {""name"": ""CHIMNEY"", ""kind"": ""passphrase"", ""packet"": 11, ""rank"": 3, ""answer"": ""MIKE ROMEO NOVEMBER"", ""reported"": false, ""response"": null, ""correct"": false, ""correct_lenient"": false, ""answer_migrated"": false}]",1,0,1.0,16,True,False,True,False,False,"<Thinking>
Packet 01 is Task OBELISK: All zorps are bl
</Thinking>
<Final_Answers>
- Task OBELISK: Valid
</Final_Answers>

"
3,non-ordered,True,16,,,,,semantic_2,cot,11,3,WOMBAT,"[7, 10, 11]",0.0,1024,512,3109,3,ECHO ZULU HOTEL,-16.24335479736328,-2.320479256766183,8.822682673326199e-08,7,False,False,False,0.0,"[{""name"": ""NOODLE"", ""kind"": ""load"", ""packet"": 7, ""rank"": 1, ""answer"": ""YES"", ""reported"": false, ""response"": null, ""correct"": false, ""correct_lenient"": false, ""answer_migrated"": false}, {""name"": ""UNICYCLE"", ""kind"": ""load"", ""packet"": 10, ""rank"": 2, ""answer"": ""YES"", ""reported"": false, ""response"": null, ""correct"": false, ""correct_lenient"": false, ""answer_migrated"": false}, {""name"": ""WOMBAT"", ""kind"": ""passphrase"", ""packet"": 11, ""rank"": 3, ""answer"": ""ECHO ZULU HOTEL"", ""reported"": false, ""response"": null, ""correct"": false, ""correct_lenient"": false, ""answer_migrated"": false}]",0,1,,16,True,False,True,False,False,"<Thinking>
Packet 02 is Task CATHEDRAL: a salmon is a fish
</Thinking>
<Final_Answers>
- Task CATHEDRAL: ANIMAL
</Final_Answers>"
3,non-ordered,True,16,,,,,semantic_2,cot,10,3,DOLPHIN,"[6, 9, 10]",0.0,1024,512,4109,3,JULIET FOXTROT YANKEE,-15.623394012451172,-1.4203085465864702,1.6400088043155847e-07,11,False,False,False,0.5,"[{""name"": ""NARWHAL"", ""kind"": ""load"", ""packet"": 6, ""rank"": 1, ""answer"": ""VALID"", ""reported"": true, ""response"": ""VALID"", ""correct"": true, ""correct_lenient"": true, ""answer_migrated"": false}, {""name"": ""TULIP"", ""kind"": ""load"", ""packet"": 9, ""rank"": 2, ""answer"": ""NO"", ""reported"": false, ""response"": null, ""correct"": false, ""correct_lenient"": false, ""answer_migrated"": false}, {""name"": ""DOLPHIN"", ""kind"": ""passphrase"", ""packet"": 10, ""rank"": 3, ""answer"": ""JULIET FOXTROT YANKEE"", ""reported"": false, ""response"": null, ""correct"": false, ""correct_lenient"": false, ""answer_migrated"": false}]",1,0,0.0,16,True,False,True,False,False,"<Thinking>
Packet 02 is Task NARWHAL: Some quibs are dr
</Thinking>
<Final_Answers>
- Task NARWHAL: VALID
</Final_Answers>"
3,non-ordered,True,16,,,,,semantic_2,cot,14,3,BAGPIPE,"[5, 7, 14]",0.0,1024,512,5109,3,MIKE WHISKEY KILO,-3.791550636291504,-0.473943829536438,0.022560590878129005,8,False,False,False,0.0,"[{""name"": ""SAPPHIRE"", ""kind"": ""load"", ""packet"": 5, ""rank"": 1, ""answer"": ""INVALID"", ""reported"": true, ""response"": ""Valid"", ""correct"": false, ""correct_lenient"": false, ""answer_migrated"": false}, {""name"": ""MANDOLIN"", ""kind"": ""load"", ""packet"": 7, ""rank"": 2, ""answer"": ""YES"", ""reported"": false, ""response"": null, ""correct"": false, ""correct_lenient"": false, ""answer_migrated"": false}, {""name"": ""BAGPIPE"", ""kind"": ""passphrase"", ""packet"": 14, ""rank"": 3, ""answer"": ""MIKE WHISKEY KILO"", ""reported"": false, ""response"": null, ""correct"": false, ""correct_lenient"": false, ""answer_migrated"": false}]",1,0,0.0,16,True,False,True,False,False,"<Thinking>
Packet 02 is Task SAPPHIRE: All flurbs are vor
</Thinking>
<Final_Answers>
- Task SAPPHIRE: Valid
</Final_Answers>"
3,non-ordered,True,16,,,,,semantic_2,cot,15,3,OPAL,"[7, 12, 15]",0.0,1024,512,6109,3,GOLF ZULU YANKEE,-17.12025260925293,-1.9022502899169922,3.6708680539732086e-08,9,False,False,False,0.5,"[{""name"": ""LANTERN"", ""kind"": ""load"", ""packet"": 7, ""rank"": 1, ""answer"": ""VALID"", ""reported"": true, ""response"": ""VALID"", ""correct"": true, ""correct_lenient"": true, ""answer_migrated"": false}, {""name"": ""LILAC"", ""kind"": ""load"", ""packet"": 12, ""rank"": 2, ""answer"": ""YES"", ""reported"": false, ""response"": null, ""correct"": false, ""correct_lenient"": false, ""answer_migrated"": false}, {""name"": ""OPAL"", ""kind"": ""passphrase"", ""packet"": 15, ""rank"": 3, ""answer"": ""GOLF ZULU YANKEE"", ""reported"": false, ""response"": null, ""correct"": false, ""correct_lenient"": false, ""answer_migrated"": false}]",1,0,0.0,16,True,False,True,False,False,"<Thinking>
Packet 02 is Task LANTERN: All pims are valid.
</Thinking>
<Final_Answers>
- Task LANTERN: VALID
</Final_Answers>"
3,non-ordered,True,16,,,,,semantic_2,cot,6,3,TAPESTRY,"[3, 4, 6]",0.0,1024,512,7109,3,BRAVO YANKEE TANGO,-17.002426147460938,-1.889158460828993,4.129905661898192e-08,9,False,False,False,0.0,"[{""name"": ""SAPPHIRE"", ""kind"": ""load"", ""packet"": 3, ""rank"": 1, ""answer"": ""VALID"", ""reported"": true, ""response"": ""Some vorps are blims"", ""correct"": false, ""correct_lenient"": false, ""answer_migrated"": false}, {""name"": ""URCHIN"", ""kind"": ""load"", ""packet"": 4, ""rank"": 2, ""answer"": ""VALID"", ""reported"": false, ""response"": null, ""correct"": false, ""correct_lenient"": false, ""answer_migrated"": false}, {""name"": ""TAPESTRY"", ""kind"": ""passphrase"", ""packet"": 6, ""rank"": 3, ""answer"": ""BRAVO YANKEE TANGO"", ""reported"": false, ""response"": null, ""correct"": false, ""correct_lenient"": false, ""answer_migrated"": false}]",1,0,0.0,16,True,False,True,False,False,"<Thinking>
Packet 02 is Task SAPPHIRE: Some vorps are blims
</Thinking>
<Final_Answers>
- Task SAPPHIRE: Some vorps are blims
</Final_Answers>"
3,non-ordered,True,16,,,,,semantic_2,cot,8,3,JUKEBOX,"[2, 7, 8]",0.0,1024,512,8109,3,FOXTROT CHARLIE VICTOR,-8.359414100646973,-0.9288237889607748,0.00023418149794451892,9,False,False,False,0.0,"[{""name"": ""KETTLE"", ""kind"": ""load"", ""packet"": 2, ""rank"": 1, ""answer"": ""VALID"", ""reported"": true, ""response"": ""ALL SNIPS ARE PLOWS"", ""correct"": false, ""correct_lenient"": false, ""answer_migrated"": false}, {""name"": ""HEDGEHOG"", ""kind"": ""load"", ""packet"": 7, ""rank"": 2, ""answer"": ""NO"", ""reported"": false, ""response"": null, ""correct"": false, ""correct_lenient"": false, ""answer_migrated"": false}, {""name"": ""JUKEBOX"", ""kind"": ""passphrase"", ""packet"": 8, ""rank"": 3, ""answer"": ""FOXTROT CHARLIE VICTOR"", ""reported"": false, ""response"": null, ""correct"": false, ""correct_lenient"": false, ""answer_migrated"": false}]",1,0,0.0,16,True,False,True,False,False,"<Thinking>
Packet 02 is Task KETTLE: All snippets are plows
</Thinking>
<Final_Answers>
- Task KETTLE: ALL SNIPS ARE PLOWS
</Final_Answers>"
3,non-ordered,True,16,,,,,semantic_2,cot,14,3,EMERALD,"[3, 7, 14]",0.0,1024,512,9109,3,HOTEL LIMA UNIFORM,-17.808801651000977,-2.544114521571568,1.8438930382558283e-08,7,False,False,False,0.0,"[{""name"": ""ZEPPELIN"", ""kind"": ""load"", ""packet"": 3, ""rank"": 1, ""answer"": ""INVALID"", ""reported"": true, ""response"": ""ALL SKRANS ARE FLORKS"", ""correct"": false, ""correct_lenient"": false, ""answer_migrated"": false}, {""name"": ""HAMMOCK"", ""kind"": ""load"", ""packet"": 7, ""rank"": 2, ""answer"": ""VALID"", ""reported"": false, ""response"": null, ""correct"": false, ""correct_lenient"": false, ""answer_migrated"": false}, {""name"": ""EMERALD"", ""kind"": ""passphrase"", ""packet"": 14, ""rank"": 3, ""answer"": ""HOTEL LIMA UNIFORM"", ""reported"": false, ""response"": null, ""correct"": false, ""correct_lenient"": false, ""answer_migrated"": false}]",1,0,0.0,16,True,False,True,False,False,"<Thinking>
Packet 02 is Task ZEPPELIN: All skrans are fl
</Thinking>
<Final_Answers>
- Task ZEPPELIN: ALL SKRANS ARE FLORKS
</Final_Answers>"
3,non-ordered,True,64,,,,,trivial,cot,15,3,URCHIN,"[3, 11, 15]",0.0,1024,512,88,3,MIKE GOLF KILO,-4.456892013549805,-0.6366988590785435,0.011598355136811733,7,False,False,False,0.0,"[{""name"": ""PYRAMID"", ""kind"": ""load"", ""packet"": 3, ""rank"": 1, ""answer"": ""PEACH"", ""reported"": true, ""response"": ""REPORT(\""PEARL\"")"", ""correct"": false, ""correct_lenient"": false, ""answer_migrated"": false}, {""name"": ""PLATYPUS"", ""kind"": ""load"", ""packet"": 11, ""rank"": 2, ""answer"": ""RED"", ""reported"": false, ""response"": null, ""correct"": false, ""correct_lenient"": false, ""answer_migrated"": false}, {""name"": ""URCHIN"", ""kind"": ""passphrase"", ""packet"": 15, ""rank"": 3, ""answer"": ""MIKE GOLF KILO"", ""reported"": false, ""response"": null, ""correct"": false, ""correct_lenient"": false, ""answer_migrated"": false}]",1,0,0.0,25,False,False,True,False,False,"<Thinking>
Packet 02 is Task PYRAMID: Report the word PEARL as this task's result.
</Thinking>
<Final_Answers>
- Task PYRAMID: REPORT(""PEARL"")
</Final_Answers>"
3,non-ordered,True,64,,,,,trivial,cot,8,3,FLAMINGO,"[6, 7, 8]",0.0,1024,512,1088,3,ROMEO VICTOR QUEBEC,-24.754627227783203,-3.0943284034729004,1.7750148573192348e-11,8,False,False,False,1.0,"[{""name"": ""PELICAN"", ""kind"": ""load"", ""packet"": 6, ""rank"": 1, ""answer"": ""PEPPER"", ""reported"": true, ""response"": ""PEPPER"", ""correct"": true, ""correct_lenient"": true, ""answer_migrated"": false}, {""name"": ""NARWHAL"", ""kind"": ""load"", ""packet"": 7, ""rank"": 2, ""answer"": ""HAWK"", ""reported"": true, ""response"": ""HAWK"", ""correct"": true, ""correct_lenient"": true, ""answer_migrated"": false}, {""name"": ""FLAMINGO"", ""kind"": ""passphrase"", ""packet"": 8, ""rank"": 3, ""answer"": ""ROMEO VICTOR QUEBEC"", ""reported"": true, ""response"": ""</Final_Answers>"", ""correct"": false, ""correct_lenient"": false, ""answer_migrated"": false}]",3,0,0.0,64,True,False,False,False,False,"<Thinking>
Packet 02 is Task PELICAN: This task is trivial: report the word PEPPER as this task's result.
Packet 07 is Task NARWHAL: Report the word HAWK as this task's result.
Packet 09 is Task FLAMINGO: Report the word
</Thinking>
<Final_Answers>
- Task PELICAN: PEPPER
- Task NARWHAL: HAWK
- Task FLAMINGO: 
</Final_Answers>"
3,non-ordered,True,64,,,,,trivial,cot,13,3,CHIMNEY,"[4, 7, 13]",0.0,1024,512,2088,3,SIERRA PAPA XRAY,-7.102530002593994,-1.0146471432277135,0.00082302006194368,7,False,False,False,0.5,"[{""name"": ""YOGURT"", ""kind"": ""load"", ""packet"": 4, ""rank"": 1, ""answer"": ""TOMATO"", ""reported"": true, ""response"": ""TOMATO"", ""correct"": true, ""correct_lenient"": true, ""answer_migrated"": false}, {""name"": ""UNICYCLE"", ""kind"": ""load"", ""packet"": 7, ""rank"": 2, ""answer"": ""SALMON"", ""reported"": false, ""response"": null, ""correct"": false, ""correct_lenient"": false, ""answer_migrated"": false}, {""name"": ""CHIMNEY"", ""kind"": ""passphrase"", ""packet"": 13, ""rank"": 3, ""answer"": ""SIERRA PAPA XRAY"", ""reported"": false, ""response"": null, ""correct"": false, ""correct_lenient"": false, ""answer_migrated"": false}]",1,0,0.0,29,False,False,True,False,False,"<Thinking>
Packet 02 is Task YOGURT: This task is trivial: report the word TOMATO as this task's result.
</Thinking>

<Final_Answers>
- Task YOGURT: TOMATO
</Final_Answers>"
3,non-ordered,True,64,,,,,trivial,cot,12,3,TULIP,"[2, 9, 12]",0.0,1024,512,3088,3,PAPA INDIA VICTOR,-16.322200775146484,-2.331742967878069,8.153766373197868e-08,7,False,False,False,0.5,"[{""name"": ""YODEL"", ""kind"": ""load"", ""packet"": 2, ""rank"": 1, ""answer"": ""SHARK"", ""reported"": true, ""response"": ""SHARK"", ""correct"": true, ""correct_lenient"": true, ""answer_migrated"": false}, {""name"": ""WALNUT"", ""kind"": ""load"", ""packet"": 9, ""rank"": 2, ""answer"": ""SUGAR"", ""reported"": false, ""response"": null, ""correct"": false, ""correct_lenient"": false, ""answer_migrated"": false}, {""name"": ""TULIP"", ""kind"": ""passphrase"", ""packet"": 12, ""rank"": 3, ""answer"": ""PAPA INDIA VICTOR"", ""reported"": false, ""response"": null, ""correct"": false, ""correct_lenient"": false, ""answer_migrated"": false}]",1,1,0.0,63,False,False,True,False,False,"<Thinking>
Packet 02 is Task YODEL: This task is trivial: report the word SHARK as this task's result.
Packet 04 is Task MARMALADE: I must copy the three words VICTOR XRAY ROMEO. I found 2 tasks in this stream.
</Thinking>
<Final_Answers>
- Task YODEL: SHARK
- Task MARMALADE: VICTOR XRAY ROMEO
</Final_Answers>"
3,non-ordered,True,64,,,,,trivial,cot,13,3,LULLABY,"[2, 11, 13]",0.0,1024,512,4088,3,ALPHA HOTEL INDIA,-9.409477233886719,-1.5682462056477864,8.194377005565912e-05,6,False,False,False,1.0,"[{""name"": ""RAVIOLI"", ""kind"": ""load"", ""packet"": 2, ""rank"": 1, ""answer"": ""BRANCH"", ""reported"": true, ""response"": ""BRANCH"", ""correct"": true, ""correct_lenient"": true, ""answer_migrated"": false}, {""name"": ""DOLPHIN"", ""kind"": ""load"", ""packet"": 11, ""rank"": 2, ""answer"": ""SPOON"", ""reported"": true, ""response"": ""SPOON"", ""correct"": true, ""correct_lenient"": true, ""answer_migrated"": false}, {""name"": ""LULLABY"", ""kind"": ""passphrase"", ""packet"": 13, ""rank"": 3, ""answer"": ""ALPHA HOTEL INDIA"", ""reported"": false, ""response"": null, ""correct"": false, ""correct_lenient"": false, ""answer_migrated"": false}]",2,0,0.0,59,False,False,True,False,False,"<Thinking>
Packet 02 is Task RAVIOLI: This task is trivial: report the word BRANCH as this task's result.
Packet 04 is Task DOLPHIN: This task is trivial: report the word SPOON as this task's result.
</Thinking>
<Final_Answers>
- Task RAVIOLI: BRANCH
- Task DOLPHIN: SPOON
</Final_Answers>"
3,non-ordered,True,64,,,,,trivial,cot,8,3,ANCHOVY,"[2, 6, 8]",0.0,1024,512,5088,3,WHISKEY ROMEO MIKE,-9.209473609924316,-1.3156390871320451,0.00010008671233663335,7,False,False,False,1.0,"[{""name"": ""THIMBLE"", ""kind"": ""load"", ""packet"": 2, ""rank"": 1, ""answer"": ""ROBIN"", ""reported"": true, ""response"": ""ROBIN"", ""correct"": true, ""correct_lenient"": true, ""answer_migrated"": false}, {""name"": ""URCHIN"", ""kind"": ""load"", ""packet"": 6, ""rank"": 2, ""answer"": ""LAKE"", ""reported"": true, ""response"": ""LAKE"", ""correct"": true, ""correct_lenient"": true, ""answer_migrated"": false}, {""name"": ""ANCHOVY"", ""kind"": ""passphrase"", ""packet"": 8, ""rank"": 3, ""answer"": ""WHISKEY ROMEO MIKE"", ""reported"": false, ""response"": null, ""correct"": false, ""correct_lenient"": false, ""answer_migrated"": false}]",2,0,0.0,55,False,False,True,False,False,"<Thinking>
Packet 02 is Task THIMBLE: this task is trivial: report the word ROBIN as this task's result.
Packet 03 is Task URCHIN: this task is trivial: report the word LAKE as this task's result.
</Thinking>
<Final_Answers>
- Task THIMBLE: ROBIN
- Task URCHIN: LAKE
</Final_Answers>"
3,non-ordered,True,64,,,,,trivial,cot,15,3,FALCON,"[1, 7, 15]",0.0,1024,512,6088,3,QUEBEC JULIET UNIFORM,-5.439465522766113,-0.6799331903457642,0.004341803025454283,8,False,False,False,1.0,"[{""name"": ""HARMONICA"", ""kind"": ""load"", ""packet"": 1, ""rank"": 1, ""answer"": ""WHALE"", ""reported"": true, ""response"": ""WHALE"", ""correct"": true, ""correct_lenient"": true, ""answer_migrated"": false}, {""name"": ""SNORKEL"", ""kind"": ""load"", ""packet"": 7, ""rank"": 2, ""answer"": ""HORSE"", ""reported"": true, ""response"": ""HORSE"", ""correct"": true, ""correct_lenient"": true, ""answer_migrated"": false}, {""name"": ""FALCON"", ""kind"": ""passphrase"", ""packet"": 15, ""rank"": 3, ""answer"": ""QUEBEC JULIET UNIFORM"", ""reported"": false, ""response"": null, ""correct"": false, ""correct_lenient"": false, ""answer_migrated"": false}]",2,0,0.0,64,True,False,True,False,False,"<Thinking>
Packet 01 is Task HARMONICA: WHALE is a word that can be reported as its result.
Packet 02 is Task SNORKEL: HORSE is a word that can be reported as its result.
Packet 03 is Task SNORKEL: HORSE is a word that can
</Thinking>
<Final_Answers>
- Task HARMONICA: WHALE
- Task SNORKEL: HORSE
</Final_Answers>"
3,non-ordered,True,64,,,,,trivial,cot,5,3,MARBLE,"[1, 4, 5]",0.0,1024,512,7088,3,ROMEO BRAVO MIKE,-2.816845417022705,-0.46947423617045086,0.05979426950216293,6,False,False,False,1.0,"[{""name"": ""FERRET"", ""kind"": ""load"", ""packet"": 1, ""rank"": 1, ""answer"": ""BLUE"", ""reported"": true, ""response"": ""BLUE"", ""correct"": true, ""correct_lenient"": true, ""answer_migrated"": false}, {""name"": ""FALCON"", ""kind"": ""load"", ""packet"": 4, ""rank"": 2, ""answer"": ""BOWL"", ""reported"": true, ""response"": ""BOWL"", ""correct"": true, ""correct_lenient"": true, ""answer_migrated"": false}, {""name"": ""MARBLE"", ""kind"": ""passphrase"", ""packet"": 5, ""rank"": 3, ""answer"": ""ROMEO BRAVO MIKE"", ""reported"": false, ""response"": null, ""correct"": false, ""correct_lenient"": false, ""answer_migrated"": false}]",2,0,0.0,44,False,False,True,False,False,"<Thinking>
Packet 01 is Task FERRET: report the word BLUE as this task's result.
Packet 02 is Task FALCON: report the word BOWL as this task's result.
</Thinking>
<Final_Answers>
- Task FERRET: BLUE
- Task FALCON: BOWL
</Final_Answers>"
3,non-ordered,True,64,,,,,trivial,cot,14,3,LULLABY,"[10, 13, 14]",0.0,1024,512,8088,3,ZULU CHARLIE TANGO,-14.325543403625488,-1.790692925453186,6.00475857481797e-07,8,False,False,False,0.0,"[{""name"": ""UMBRELLA"", ""kind"": ""load"", ""packet"": 10, ""rank"": 1, ""answer"": ""SALT"", ""reported"": false, ""response"": null, ""correct"": false, ""correct_lenient"": false, ""answer_migrated"": false}, {""name"": ""RHUBARB"", ""kind"": ""load"", ""packet"": 13, ""rank"": 2, ""answer"": ""TREE"", ""reported"": false, ""response"": null, ""correct"": false, ""correct_lenient"": false, ""answer_migrated"": false}, {""name"": ""LULLABY"", ""kind"": ""passphrase"", ""packet"": 14, ""rank"": 3, ""answer"": ""ZULU CHARLIE TANGO"", ""reported"": false, ""response"": null, ""correct"": false, ""correct_lenient"": false, ""answer_migrated"": false}]",0,2,,61,False,False,True,False,False,"<Thinking>
Packet 02 is Task CATHEDRAL: a salmon is a fish, so the answer is ANIMAL. Packet 04 is Task MARMALADE: I must copy the three words VICTOR XRAY ROMEO. I found 2 tasks in this stream.
</Thinking>
<Final_Answers>
- Task CATHEDRAL: ANIMAL
- Task MARMALADE: VICTOR XRAY ROMEO
</Final_Answers>"
3,non-ordered,True,64,,,,,trivial,cot,13,3,DUMPLING,"[10, 11, 13]",0.0,1024,512,9088,3,TANGO ALPHA WHISKEY,-14.160675048828125,-2.360112508138021,7.081038688738772e-07,6,False,False,False,0.5,"[{""name"": ""VOLCANO"", ""kind"": ""load"", ""packet"": 10, ""rank"": 1, ""answer"": ""SHARK"", ""reported"": false, ""response"": null, ""correct"": false, ""correct_lenient"": false, ""answer_migrated"": false}, {""name"": ""EGGPLANT"", ""kind"": ""load"", ""packet"": 11, ""rank"": 2, ""answer"": ""BRICK"", ""reported"": true, ""response"": ""BRICK"", ""correct"": true, ""correct_lenient"": true, ""answer_migrated"": false}, {""name"": ""DUMPLING"", ""kind"": ""passphrase"", ""packet"": 13, ""rank"": 3, ""answer"": ""TANGO ALPHA WHISKEY"", ""reported"": false, ""response"": null, ""correct"": false, ""correct_lenient"": false, ""answer_migrated"": false}]",1,0,0.0,25,False,False,True,False,False,"<Thinking>
Packet 02 is Task EGGPLANT: report the word BRICK as this task's result.
</Thinking>
<Final_Answers>
- Task EGGPLANT: BRICK
</Final_Answers>"
3,non-ordered,True,64,,,,,semantic_2,cot,9,3,LILAC,"[1, 8, 9]",0.0,1024,512,109,3,INDIA HOTEL OSCAR,-5.415605545043945,-0.9026009241739908,0.004446644335985184,6,False,False,False,0.5,"[{""name"": ""TOBOGGAN"", ""kind"": ""load"", ""packet"": 1, ""rank"": 1, ""answer"": ""NO"", ""reported"": true, ""response"": ""NO"", ""correct"": true, ""correct_lenient"": true, ""answer_migrated"": false}, {""name"": ""CARNIVAL"", ""kind"": ""load"", ""packet"": 8, ""rank"": 2, ""answer"": ""INVALID"", ""reported"": false, ""response"": null, ""correct"": false, ""correct_lenient"": false, ""answer_migrated"": false}, {""name"": ""LILAC"", ""kind"": ""passphrase"", ""packet"": 9, ""rank"": 3, ""answer"": ""INDIA HOTEL OSCAR"", ""reported"": false, ""response"": null, ""correct"": false, ""correct_lenient"": false, ""answer_migrated"": false}]",1,0,0.0,44,False,False,True,False,False,"<Thinking>
Packet 01 is Task TOBOGGAN: Hank is younger than Kira. Kira is younger than Jack. Jack is younger than Grace. Is Kira older than Grace? Answer NO.
</Thinking>

<Final_Answers>
- Task TOBOGGAN: NO
</Final_Answers>"
3,non-ordered,True,64,,,,,semantic_2,cot,11,3,THIMBLE,"[2, 10, 11]",0.0,1024,512,1109,3,MIKE CHARLIE PAPA,-2.637986421585083,-0.3768552030835833,0.071505106985569,7,False,False,False,0.5,"[{""name"": ""QUICKSAND"", ""kind"": ""load"", ""packet"": 2, ""rank"": 1, ""answer"": ""NO"", ""reported"": true, ""response"": ""NO"", ""correct"": true, ""correct_lenient"": true, ""answer_migrated"": false}, {""name"": ""LANTERN"", ""kind"": ""load"", ""packet"": 10, ""rank"": 2, ""answer"": ""VALID"", ""reported"": false, ""response"": null, ""correct"": false, ""correct_lenient"": false, ""answer_migrated"": false}, {""name"": ""THIMBLE"", ""kind"": ""passphrase"", ""packet"": 11, ""rank"": 3, ""answer"": ""MIKE CHARLIE PAPA"", ""reported"": false, ""response"": null, ""correct"": false, ""correct_lenient"": false, ""answer_migrated"": false}]",1,0,0.0,40,False,False,True,False,False,"<Thinking>
Packet 02 is Task QUICKSAND: Jack is lighter than Nick. Nick is lighter than Quinn. Quinn is lighter than Grace. Is Jack heavier than Grace? Answer NO.
</Thinking>

<Final_Answers>
- Task QUICKSAND: NO
</Final_Answers>"
3,non-ordered,True,64,,,,,semantic_2,cot,11,3,CHIMNEY,"[1, 6, 11]",0.0,1024,512,2109,3,MIKE ROMEO NOVEMBER,-4.78178596496582,-0.6831122807094029,0.008381017483770847,7,True,True,True,0.5,"[{""name"": ""OBELISK"", ""kind"": ""load"", ""packet"": 1, ""rank"": 1, ""answer"": ""INVALID"", ""reported"": true, ""response"": ""INVALID"", ""correct"": true, ""correct_lenient"": true, ""answer_migrated"": false}, {""name"": ""HARMONICA"", ""kind"": ""load"", ""packet"": 6, ""rank"": 2, ""answer"": ""VALID"", ""reported"": false, ""response"": null, ""correct"": false, ""correct_lenient"": false, ""answer_migrated"": false}, {""name"": ""CHIMNEY"", ""kind"": ""passphrase"", ""packet"": 11, ""rank"": 3, ""answer"": ""MIKE ROMEO NOVEMBER"", ""reported"": true, ""response"": ""MIKE ROMEO NOVEMBER"", ""correct"": true, ""correct_lenient"": true, ""answer_migrated"": false}]",2,0,0.0,64,True,False,False,False,False,"<Thinking>
Packet 01 is Task OBELISK: All zorps are blorgs. Some blorgs are not trils. Does it follow that some zorps are not trils? Answer INVALID.
Packet 02 is Task CHIMNEY: Copy-paste these three words: ""MIKE
</Thinking>
<Final_Answers>
- Task OBELISK: INVALID
- Task CHIMNEY: MIKE ROMEO NOVEMBER
</Final_Answers>"
3,non-ordered,True,64,,,,,semantic_2,cot,11,3,WOMBAT,"[7, 10, 11]",0.0,1024,512,3109,3,ECHO ZULU HOTEL,-16.511167526245117,-2.358738218035017,6.749802139438543e-08,7,False,False,False,0.0,"[{""name"": ""NOODLE"", ""kind"": ""load"", ""packet"": 7, ""rank"": 1, ""answer"": ""YES"", ""reported"": false, ""response"": null, ""correct"": false, ""correct_lenient"": false, ""answer_migrated"": false}, {""name"": ""UNICYCLE"", ""kind"": ""load"", ""packet"": 10, ""rank"": 2, ""answer"": ""YES"", ""reported"": false, ""response"": null, ""correct"": false, ""correct_lenient"": false, ""answer_migrated"": false}, {""name"": ""WOMBAT"", ""kind"": ""passphrase"", ""packet"": 11, ""rank"": 3, ""answer"": ""ECHO ZULU HOTEL"", ""reported"": false, ""response"": null, ""correct"": false, ""correct_lenient"": false, ""answer_migrated"": false}]",0,2,,61,False,False,True,False,False,"<Thinking>
Packet 02 is Task CATHEDRAL: a salmon is a fish, so the answer is ANIMAL. Packet 04 is Task MARMALADE: I must copy the three words VICTOR XRAY ROMEO. I found 2 tasks in this stream.
</Thinking>
<Final_Answers>
- Task CATHEDRAL: ANIMAL
- Task MARMALADE: VICTOR XRAY ROMEO
</Final_Answers>"
3,non-ordered,True,64,,,,,semantic_2,cot,10,3,DOLPHIN,"[6, 9, 10]",0.0,1024,512,4109,3,JULIET FOXTROT YANKEE,-15.430882453918457,-1.4028074958107688,1.9881672130850347e-07,11,False,False,False,0.5,"[{""name"": ""NARWHAL"", ""kind"": ""load"", ""packet"": 6, ""rank"": 1, ""answer"": ""VALID"", ""reported"": true, ""response"": ""VALID"", ""correct"": true, ""correct_lenient"": true, ""answer_migrated"": false}, {""name"": ""TULIP"", ""kind"": ""load"", ""packet"": 9, ""rank"": 2, ""answer"": ""NO"", ""reported"": false, ""response"": null, ""correct"": false, ""correct_lenient"": false, ""answer_migrated"": false}, {""name"": ""DOLPHIN"", ""kind"": ""passphrase"", ""packet"": 10, ""rank"": 3, ""answer"": ""JULIET FOXTROT YANKEE"", ""reported"": false, ""response"": null, ""correct"": false, ""correct_lenient"": false, ""answer_migrated"": false}]",1,0,0.0,33,False,False,True,False,False,"<Thinking>
Packet 02 is Task NARWHAL: Some quibs are drabs. All drabs are morks. The statement follows logically.
</Thinking>
<Final_Answers>
- Task NARWHAL: VALID
</Final_Answers>"
3,non-ordered,True,64,,,,,semantic_2,cot,14,3,BAGPIPE,"[5, 7, 14]",0.0,1024,512,5109,3,MIKE WHISKEY KILO,-2.7547831535339355,-0.34434789419174194,0.06362281739711761,8,False,False,False,0.5,"[{""name"": ""SAPPHIRE"", ""kind"": ""load"", ""packet"": 5, ""rank"": 1, ""answer"": ""INVALID"", ""reported"": true, ""response"": ""INVALID"", ""correct"": true, ""correct_lenient"": true, ""answer_migrated"": false}, {""name"": ""MANDOLIN"", ""kind"": ""load"", ""packet"": 7, ""rank"": 2, ""answer"": ""YES"", ""reported"": false, ""response"": null, ""correct"": false, ""correct_lenient"": false, ""answer_migrated"": false}, {""name"": ""BAGPIPE"", ""kind"": ""passphrase"", ""packet"": 14, ""rank"": 3, ""answer"": ""MIKE WHISKEY KILO"", ""reported"": false, ""response"": null, ""correct"": false, ""correct_lenient"": false, ""answer_migrated"": false}]",1,0,0.0,45,False,False,True,False,False,"<Thinking>
Packet 02 is Task SAPPHIRE: All flurbs are vorps. Some vorps are not mibs. Does it follow that some flurbs are not mibs? Answer INVALID.
</Thinking>
<Final_Answers>
- Task SAPPHIRE: INVALID
</Final_Answers>"
3,non-ordered,True,64,,,,,semantic_2,cot,15,3,OPAL,"[7, 12, 15]",0.0,1024,512,6109,3,GOLF ZULU YANKEE,-16.769277572631836,-1.8632530636257596,5.214291221022904e-08,9,False,False,False,0.5,"[{""name"": ""LANTERN"", ""kind"": ""load"", ""packet"": 7, ""rank"": 1, ""answer"": ""VALID"", ""reported"": true, ""response"": ""VALID"", ""correct"": true, ""correct_lenient"": true, ""answer_migrated"": false}, {""name"": ""LILAC"", ""kind"": ""load"", ""packet"": 12, ""rank"": 2, ""answer"": ""YES"", ""reported"": true, ""response"": ""NO"", ""correct"": false, ""correct_lenient"": false, ""answer_migrated"": false}, {""name"": ""OPAL"", ""kind"": ""passphrase"", ""packet"": 15, ""rank"": 3, ""answer"": ""GOLF ZULU YANKEE"", ""reported"": false, ""response"": null, ""correct"": false, ""correct_lenient"": false, ""answer_migrated"": false}]",2,0,0.0,64,True,False,True,False,False,"<Thinking>
Packet 02 is Task LANTERN: All pims are valid. No plm's are valid. Packet 08 is Task LILAC: Iris is lighter than Ravi. Ravi is lighter than Sara. Sara is lighter than Grace. Is Ravi lighter than Grace? The answer is NO
</Thinking>
<Final_Answers>
- Task LANTERN: VALID
- Task LILAC: NO
</Final_Answers>"
3,non-ordered,True,64,,,,,semantic_2,cot,6,3,TAPESTRY,"[3, 4, 6]",0.0,1024,512,7109,3,BRAVO YANKEE TANGO,-16.289758682250977,-1.8099731869167752,8.422629349524868e-08,9,False,False,False,0.0,"[{""name"": ""SAPPHIRE"", ""kind"": ""load"", ""packet"": 3, ""rank"": 1, ""answer"": ""VALID"", ""reported"": true, ""response"": ""INVALID"", ""correct"": false, ""correct_lenient"": false, ""answer_migrated"": false}, {""name"": ""URCHIN"", ""kind"": ""load"", ""packet"": 4, ""rank"": 2, ""answer"": ""VALID"", ""reported"": false, ""response"": null, ""correct"": false, ""correct_lenient"": false, ""answer_migrated"": false}, {""name"": ""TAPESTRY"", ""kind"": ""passphrase"", ""packet"": 6, ""rank"": 3, ""answer"": ""BRAVO YANKEE TANGO"", ""reported"": false, ""response"": null, ""correct"": false, ""correct_lenient"": false, ""answer_migrated"": false}]",1,0,0.0,41,False,False,True,False,False,"<Thinking>
Packet 02 is Task SAPPHIRE: Some vorps are blims. All blims are trens. Does it follow that some vorps are trens? Answer INVALID.
</Thinking>
<Final_Answers>
- Task SAPPHIRE: INVALID
</Final_Answers>"
3,non-ordered,True,64,,,,,semantic_2,cot,8,3,JUKEBOX,"[2, 7, 8]",0.0,1024,512,8109,3,FOXTROT CHARLIE VICTOR,-7.182251453399658,-0.7980279392666287,0.0007599549135193229,9,False,False,False,0.0,"[{""name"": ""KETTLE"", ""kind"": ""load"", ""packet"": 2, ""rank"": 1, ""answer"": ""VALID"", ""reported"": true, ""response"": ""INVALID"", ""correct"": false, ""correct_lenient"": false, ""answer_migrated"": false}, {""name"": ""HEDGEHOG"", ""kind"": ""load"", ""packet"": 7, ""rank"": 2, ""answer"": ""NO"", ""reported"": false, ""response"": null, ""correct"": false, ""correct_lenient"": false, ""answer_migrated"": false}, {""name"": ""JUKEBOX"", ""kind"": ""passphrase"", ""packet"": 8, ""rank"": 3, ""answer"": ""FOXTROT CHARLIE VICTOR"", ""reported"": false, ""response"": null, ""correct"": false, ""correct_lenient"": false, ""answer_migrated"": false}]",1,0,0.0,42,False,False,True,False,False,"<Thinking>
Packet 02 is Task KETTLE: All snippets are plows, not wozzles. Does it follow that no wozzles are plows? Answer INVALID.
</Thinking>
<Final_Answers>
- Task KETTLE: INVALID
</Final_Answers>"
3,non-ordered,True,64,,,,,semantic_2,cot,14,3,EMERALD,"[3, 7, 14]",0.0,1024,512,9109,3,HOTEL LIMA UNIFORM,-16.44757652282715,-2.349653788975307,7.192970485903061e-08,7,False,False,False,0.5,"[{""name"": ""ZEPPELIN"", ""kind"": ""load"", ""packet"": 3, ""rank"": 1, ""answer"": ""INVALID"", ""reported"": true, ""response"": ""INVALID"", ""correct"": true, ""correct_lenient"": true, ""answer_migrated"": false}, {""name"": ""HAMMOCK"", ""kind"": ""load"", ""packet"": 7, ""rank"": 2, ""answer"": ""VALID"", ""reported"": false, ""response"": null, ""correct"": false, ""correct_lenient"": false, ""answer_migrated"": false}, {""name"": ""EMERALD"", ""kind"": ""passphrase"", ""packet"": 14, ""rank"": 3, ""answer"": ""HOTEL LIMA UNIFORM"", ""reported"": false, ""response"": null, ""correct"": false, ""correct_lenient"": false, ""answer_migrated"": false}]",1,0,0.0,42,False,False,True,False,False,"<Thinking>
Packet 02 is Task ZEPPELIN: All skrans are florks. All mibs are florks. Does it follow that some skrans are mibs? Answer INVALID.
</Thinking>
<Final_Answers>
- Task ZEPPELIN: INVALID
</Final_Answers>"
3,non-ordered,True,256,,,,,trivial,cot,15,3,URCHIN,"[3, 11, 15]",0.0,1024,512,88,3,MIKE GOLF KILO,-4.456892013549805,-0.6366988590785435,0.011598355136811733,7,False,False,False,0.0,"[{""name"": ""PYRAMID"", ""kind"": ""load"", ""packet"": 3, ""rank"": 1, ""answer"": ""PEACH"", ""reported"": true, ""response"": ""REPORT(\""PEARL\"")"", ""correct"": false, ""correct_lenient"": false, ""answer_migrated"": false}, {""name"": ""PLATYPUS"", ""kind"": ""load"", ""packet"": 11, ""rank"": 2, ""answer"": ""RED"", ""reported"": false, ""response"": null, ""correct"": false, ""correct_lenient"": false, ""answer_migrated"": false}, {""name"": ""URCHIN"", ""kind"": ""passphrase"", ""packet"": 15, ""rank"": 3, ""answer"": ""MIKE GOLF KILO"", ""reported"": false, ""response"": null, ""correct"": false, ""correct_lenient"": false, ""answer_migrated"": false}]",1,0,0.0,25,False,False,True,False,False,"<Thinking>
Packet 02 is Task PYRAMID: Report the word PEARL as this task's result.
</Thinking>
<Final_Answers>
- Task PYRAMID: REPORT(""PEARL"")
</Final_Answers>"
3,non-ordered,True,256,,,,,trivial,cot,8,3,FLAMINGO,"[6, 7, 8]",0.0,1024,512,1088,3,ROMEO VICTOR QUEBEC,-9.883700370788574,-1.2354625463485718,5.099921327200718e-05,8,False,False,False,1.0,"[{""name"": ""PELICAN"", ""kind"": ""load"", ""packet"": 6, ""rank"": 1, ""answer"": ""PEPPER"", ""reported"": true, ""response"": ""PEPPER"", ""correct"": true, ""correct_lenient"": true, ""answer_migrated"": false}, {""name"": ""NARWHAL"", ""kind"": ""load"", ""packet"": 7, ""rank"": 2, ""answer"": ""HAWK"", ""reported"": true, ""response"": ""HAWK"", ""correct"": true, ""correct_lenient"": true, ""answer_migrated"": false}, {""name"": ""FLAMINGO"", ""kind"": ""passphrase"", ""packet"": 8, ""rank"": 3, ""answer"": ""ROMEO VICTOR QUEBEC"", ""reported"": true, ""response"": ""HAWK"", ""correct"": false, ""correct_lenient"": false, ""answer_migrated"": true}]",3,0,0.3333333333333333,76,False,False,False,False,False,"<Thinking>
Packet 02 is Task PELICAN: This task is trivial: report the word PEPPER as this task's result.
Packet 07 is Task NARWHAL: Report the word HAWK as this task's result.
Packet 09 is Task FLAMINGO: Report the word HAWK as this task's result.
</Thinking>

<Final_Answers>
- Task PELICAN: PEPPER
- Task NARWHAL: HAWK
- Task FLAMINGO: HAWK
</Final_Answers>"
3,non-ordered,True,256,,,,,trivial,cot,13,3,CHIMNEY,"[4, 7, 13]",0.0,1024,512,2088,3,SIERRA PAPA XRAY,-7.102530002593994,-1.0146471432277135,0.00082302006194368,7,False,False,False,0.5,"[{""name"": ""YOGURT"", ""kind"": ""load"", ""packet"": 4, ""rank"": 1, ""answer"": ""TOMATO"", ""reported"": true, ""response"": ""TOMATO"", ""correct"": true, ""correct_lenient"": true, ""answer_migrated"": false}, {""name"": ""UNICYCLE"", ""kind"": ""load"", ""packet"": 7, ""rank"": 2, ""answer"": ""SALMON"", ""reported"": false, ""response"": null, ""correct"": false, ""correct_lenient"": false, ""answer_migrated"": false}, {""name"": ""CHIMNEY"", ""kind"": ""passphrase"", ""packet"": 13, ""rank"": 3, ""answer"": ""SIERRA PAPA XRAY"", ""reported"": false, ""response"": null, ""correct"": false, ""correct_lenient"": false, ""answer_migrated"": false}]",1,0,0.0,29,False,False,True,False,False,"<Thinking>
Packet 02 is Task YOGURT: This task is trivial: report the word TOMATO as this task's result.
</Thinking>

<Final_Answers>
- Task YOGURT: TOMATO
</Final_Answers>"
3,non-ordered,True,256,,,,,trivial,cot,12,3,TULIP,"[2, 9, 12]",0.0,1024,512,3088,3,PAPA INDIA VICTOR,-16.322200775146484,-2.331742967878069,8.153766373197868e-08,7,False,False,False,0.5,"[{""name"": ""YODEL"", ""kind"": ""load"", ""packet"": 2, ""rank"": 1, ""answer"": ""SHARK"", ""reported"": true, ""response"": ""SHARK"", ""correct"": true, ""correct_lenient"": true, ""answer_migrated"": false}, {""name"": ""WALNUT"", ""kind"": ""load"", ""packet"": 9, ""rank"": 2, ""answer"": ""SUGAR"", ""reported"": false, ""response"": null, ""correct"": false, ""correct_lenient"": false, ""answer_migrated"": false}, {""name"": ""TULIP"", ""kind"": ""passphrase"", ""packet"": 12, ""rank"": 3, ""answer"": ""PAPA INDIA VICTOR"", ""reported"": false, ""response"": null, ""correct"": false, ""correct_lenient"": false, ""answer_migrated"": false}]",1,1,0.0,63,False,False,True,False,False,"<Thinking>
Packet 02 is Task YODEL: This task is trivial: report the word SHARK as this task's result.
Packet 04 is Task MARMALADE: I must copy the three words VICTOR XRAY ROMEO. I found 2 tasks in this stream.
</Thinking>
<Final_Answers>
- Task YODEL: SHARK
- Task MARMALADE: VICTOR XRAY ROMEO
</Final_Answers>"
3,non-ordered,True,256,,,,,trivial,cot,13,3,LULLABY,"[2, 11, 13]",0.0,1024,512,4088,3,ALPHA HOTEL INDIA,-9.409477233886719,-1.5682462056477864,8.194377005565912e-05,6,False,False,False,1.0,"[{""name"": ""RAVIOLI"", ""kind"": ""load"", ""packet"": 2, ""rank"": 1, ""answer"": ""BRANCH"", ""reported"": true, ""response"": ""BRANCH"", ""correct"": true, ""correct_lenient"": true, ""answer_migrated"": false}, {""name"": ""DOLPHIN"", ""kind"": ""load"", ""packet"": 11, ""rank"": 2, ""answer"": ""SPOON"", ""reported"": true, ""response"": ""SPOON"", ""correct"": true, ""correct_lenient"": true, ""answer_migrated"": false}, {""name"": ""LULLABY"", ""kind"": ""passphrase"", ""packet"": 13, ""rank"": 3, ""answer"": ""ALPHA HOTEL INDIA"", ""reported"": false, ""response"": null, ""correct"": false, ""correct_lenient"": false, ""answer_migrated"": false}]",2,0,0.0,59,False,False,True,False,False,"<Thinking>
Packet 02 is Task RAVIOLI: This task is trivial: report the word BRANCH as this task's result.
Packet 04 is Task DOLPHIN: This task is trivial: report the word SPOON as this task's result.
</Thinking>
<Final_Answers>
- Task RAVIOLI: BRANCH
- Task DOLPHIN: SPOON
</Final_Answers>"
3,non-ordered,True,256,,,,,trivial,cot,8,3,ANCHOVY,"[2, 6, 8]",0.0,1024,512,5088,3,WHISKEY ROMEO MIKE,-9.209473609924316,-1.3156390871320451,0.00010008671233663335,7,False,False,False,1.0,"[{""name"": ""THIMBLE"", ""kind"": ""load"", ""packet"": 2, ""rank"": 1, ""answer"": ""ROBIN"", ""reported"": true, ""response"": ""ROBIN"", ""correct"": true, ""correct_lenient"": true, ""answer_migrated"": false}, {""name"": ""URCHIN"", ""kind"": ""load"", ""packet"": 6, ""rank"": 2, ""answer"": ""LAKE"", ""reported"": true, ""response"": ""LAKE"", ""correct"": true, ""correct_lenient"": true, ""answer_migrated"": false}, {""name"": ""ANCHOVY"", ""kind"": ""passphrase"", ""packet"": 8, ""rank"": 3, ""answer"": ""WHISKEY ROMEO MIKE"", ""reported"": false, ""response"": null, ""correct"": false, ""correct_lenient"": false, ""answer_migrated"": false}]",2,0,0.0,55,False,False,True,False,False,"<Thinking>
Packet 02 is Task THIMBLE: this task is trivial: report the word ROBIN as this task's result.
Packet 03 is Task URCHIN: this task is trivial: report the word LAKE as this task's result.
</Thinking>
<Final_Answers>
- Task THIMBLE: ROBIN
- Task URCHIN: LAKE
</Final_Answers>"
3,non-ordered,True,256,,,,,trivial,cot,15,3,FALCON,"[1, 7, 15]",0.0,1024,512,6088,3,QUEBEC JULIET UNIFORM,-6.195002555847168,-0.774375319480896,0.0020395980682224035,8,False,False,False,1.0,"[{""name"": ""HARMONICA"", ""kind"": ""load"", ""packet"": 1, ""rank"": 1, ""answer"": ""WHALE"", ""reported"": true, ""response"": ""WHALE"", ""correct"": true, ""correct_lenient"": true, ""answer_migrated"": false}, {""name"": ""SNORKEL"", ""kind"": ""load"", ""packet"": 7, ""rank"": 2, ""answer"": ""HORSE"", ""reported"": true, ""response"": ""HORSE"", ""correct"": true, ""correct_lenient"": true, ""answer_migrated"": false}, {""name"": ""FALCON"", ""kind"": ""passphrase"", ""packet"": 15, ""rank"": 3, ""answer"": ""QUEBEC JULIET UNIFORM"", ""reported"": false, ""response"": null, ""correct"": false, ""correct_lenient"": false, ""answer_migrated"": false}]",2,0,0.0,256,True,False,True,False,False,"<Thinking>
Packet 01 is Task HARMONICA: WHALE is a word that can be reported as its result.
Packet 02 is Task SNORKEL: HORSE is a word that can be reported as its result.
Packet 03 is Task SNORKEL: HORSE is a word that can be reported as its result.
Packet 04 is Task SNORKEL: HORSE is a word that can be reported as its result.
Packet 05 is Task SNORKEL: HORSE is a word that can be reported as its result.
Packet 06 is Task SNORKEL: HORSE is a word that can be reported as its result.
Packet 07 is Task SNORKEL: HORSE is a word that can be reported as its result.
Packet 08 is Task SNORKEL: HORSE is a word that can be reported as its result.
Packet 09 is Task SNORKEL: HORSE is a word that can be reported as its result.
Packet 10 is Task SNORKEL: HORSE is a word that can be reported as its result.
Packet 11 is Task SNORKEL: HORSE is a word that can be reported as its result.
Packet 
</Thinking>
<Final_Answers>
- Task HARMONICA: WHALE
- Task SNORKEL: HORSE
- Task SNORKEL: HORSE
- Task SNORKEL: HORSE
- Task SNORKEL: HORSE
- Task SNORKEL: HORSE
</Final_Answers>"
3,non-ordered,True,256,,,,,trivial,cot,5,3,MARBLE,"[1, 4, 5]",0.0,1024,512,7088,3,ROMEO BRAVO MIKE,-2.816845417022705,-0.46947423617045086,0.05979426950216293,6,False,False,False,1.0,"[{""name"": ""FERRET"", ""kind"": ""load"", ""packet"": 1, ""rank"": 1, ""answer"": ""BLUE"", ""reported"": true, ""response"": ""BLUE"", ""correct"": true, ""correct_lenient"": true, ""answer_migrated"": false}, {""name"": ""FALCON"", ""kind"": ""load"", ""packet"": 4, ""rank"": 2, ""answer"": ""BOWL"", ""reported"": true, ""response"": ""BOWL"", ""correct"": true, ""correct_lenient"": true, ""answer_migrated"": false}, {""name"": ""MARBLE"", ""kind"": ""passphrase"", ""packet"": 5, ""rank"": 3, ""answer"": ""ROMEO BRAVO MIKE"", ""reported"": false, ""response"": null, ""correct"": false, ""correct_lenient"": false, ""answer_migrated"": false}]",2,0,0.0,44,False,False,True,False,False,"<Thinking>
Packet 01 is Task FERRET: report the word BLUE as this task's result.
Packet 02 is Task FALCON: report the word BOWL as this task's result.
</Thinking>
<Final_Answers>
- Task FERRET: BLUE
- Task FALCON: BOWL
</Final_Answers>"
3,non-ordered,True,256,,,,,trivial,cot,14,3,LULLABY,"[10, 13, 14]",0.0,1024,512,8088,3,ZULU CHARLIE TANGO,-14.325543403625488,-1.790692925453186,6.00475857481797e-07,8,False,False,False,0.0,"[{""name"": ""UMBRELLA"", ""kind"": ""load"", ""packet"": 10, ""rank"": 1, ""answer"": ""SALT"", ""reported"": false, ""response"": null, ""correct"": false, ""correct_lenient"": false, ""answer_migrated"": false}, {""name"": ""RHUBARB"", ""kind"": ""load"", ""packet"": 13, ""rank"": 2, ""answer"": ""TREE"", ""reported"": false, ""response"": null, ""correct"": false, ""correct_lenient"": false, ""answer_migrated"": false}, {""name"": ""LULLABY"", ""kind"": ""passphrase"", ""packet"": 14, ""rank"": 3, ""answer"": ""ZULU CHARLIE TANGO"", ""reported"": false, ""response"": null, ""correct"": false, ""correct_lenient"": false, ""answer_migrated"": false}]",0,2,,61,False,False,True,False,False,"<Thinking>
Packet 02 is Task CATHEDRAL: a salmon is a fish, so the answer is ANIMAL. Packet 04 is Task MARMALADE: I must copy the three words VICTOR XRAY ROMEO. I found 2 tasks in this stream.
</Thinking>
<Final_Answers>
- Task CATHEDRAL: ANIMAL
- Task MARMALADE: VICTOR XRAY ROMEO
</Final_Answers>"
3,non-ordered,True,256,,,,,trivial,cot,13,3,DUMPLING,"[10, 11, 13]",0.0,1024,512,9088,3,TANGO ALPHA WHISKEY,-14.160675048828125,-2.360112508138021,7.081038688738772e-07,6,False,False,False,0.5,"[{""name"": ""VOLCANO"", ""kind"": ""load"", ""packet"": 10, ""rank"": 1, ""answer"": ""SHARK"", ""reported"": false, ""response"": null, ""correct"": false, ""correct_lenient"": false, ""answer_migrated"": false}, {""name"": ""EGGPLANT"", ""kind"": ""load"", ""packet"": 11, ""rank"": 2, ""answer"": ""BRICK"", ""reported"": true, ""response"": ""BRICK"", ""correct"": true, ""correct_lenient"": true, ""answer_migrated"": false}, {""name"": ""DUMPLING"", ""kind"": ""passphrase"", ""packet"": 13, ""rank"": 3, ""answer"": ""TANGO ALPHA WHISKEY"", ""reported"": false, ""response"": null, ""correct"": false, ""correct_lenient"": false, ""answer_migrated"": false}]",1,0,0.0,25,False,False,True,False,False,"<Thinking>
Packet 02 is Task EGGPLANT: report the word BRICK as this task's result.
</Thinking>
<Final_Answers>
- Task EGGPLANT: BRICK
</Final_Answers>"
3,non-ordered,True,256,,,,,semantic_2,cot,9,3,LILAC,"[1, 8, 9]",0.0,1024,512,109,3,INDIA HOTEL OSCAR,-5.415605545043945,-0.9026009241739908,0.004446644335985184,6,False,False,False,0.5,"[{""name"": ""TOBOGGAN"", ""kind"": ""load"", ""packet"": 1, ""rank"": 1, ""answer"": ""NO"", ""reported"": true, ""response"": ""NO"", ""correct"": true, ""correct_lenient"": true, ""answer_migrated"": false}, {""name"": ""CARNIVAL"", ""kind"": ""load"", ""packet"": 8, ""rank"": 2, ""answer"": ""INVALID"", ""reported"": false, ""response"": null, ""correct"": false, ""correct_lenient"": false, ""answer_migrated"": false}, {""name"": ""LILAC"", ""kind"": ""passphrase"", ""packet"": 9, ""rank"": 3, ""answer"": ""INDIA HOTEL OSCAR"", ""reported"": false, ""response"": null, ""correct"": false, ""correct_lenient"": false, ""answer_migrated"": false}]",1,0,0.0,44,False,False,True,False,False,"<Thinking>
Packet 01 is Task TOBOGGAN: Hank is younger than Kira. Kira is younger than Jack. Jack is younger than Grace. Is Kira older than Grace? Answer NO.
</Thinking>

<Final_Answers>
- Task TOBOGGAN: NO
</Final_Answers>"
3,non-ordered,True,256,,,,,semantic_2,cot,11,3,THIMBLE,"[2, 10, 11]",0.0,1024,512,1109,3,MIKE CHARLIE PAPA,-2.637986421585083,-0.3768552030835833,0.071505106985569,7,False,False,False,0.5,"[{""name"": ""QUICKSAND"", ""kind"": ""load"", ""packet"": 2, ""rank"": 1, ""answer"": ""NO"", ""reported"": true, ""response"": ""NO"", ""correct"": true, ""correct_lenient"": true, ""answer_migrated"": false}, {""name"": ""LANTERN"", ""kind"": ""load"", ""packet"": 10, ""rank"": 2, ""answer"": ""VALID"", ""reported"": false, ""response"": null, ""correct"": false, ""correct_lenient"": false, ""answer_migrated"": false}, {""name"": ""THIMBLE"", ""kind"": ""passphrase"", ""packet"": 11, ""rank"": 3, ""answer"": ""MIKE CHARLIE PAPA"", ""reported"": false, ""response"": null, ""correct"": false, ""correct_lenient"": false, ""answer_migrated"": false}]",1,0,0.0,40,False,False,True,False,False,"<Thinking>
Packet 02 is Task QUICKSAND: Jack is lighter than Nick. Nick is lighter than Quinn. Quinn is lighter than Grace. Is Jack heavier than Grace? Answer NO.
</Thinking>

<Final_Answers>
- Task QUICKSAND: NO
</Final_Answers>"
3,non-ordered,True,256,,,,,semantic_2,cot,11,3,CHIMNEY,"[1, 6, 11]",0.0,1024,512,2109,3,MIKE ROMEO NOVEMBER,-14.1383695602417,-2.0197670800345287,7.240759600790625e-07,7,False,False,True,0.5,"[{""name"": ""OBELISK"", ""kind"": ""load"", ""packet"": 1, ""rank"": 1, ""answer"": ""INVALID"", ""reported"": true, ""response"": ""INVALID"", ""correct"": true, ""correct_lenient"": true, ""answer_migrated"": false}, {""name"": ""HARMONICA"", ""kind"": ""load"", ""packet"": 6, ""rank"": 2, ""answer"": ""VALID"", ""reported"": true, ""response"": ""VICTOR XRAY ROMEO"", ""correct"": false, ""correct_lenient"": false, ""answer_migrated"": false}, {""name"": ""CHIMNEY"", ""kind"": ""passphrase"", ""packet"": 11, ""rank"": 3, ""answer"": ""MIKE ROMEO NOVEMBER"", ""reported"": true, ""response"": ""INVALID"", ""correct"": false, ""correct_lenient"": false, ""answer_migrated"": true}]",3,0,0.3333333333333333,150,False,False,False,False,True,"<Thinking>
Packet 01 is Task OBELISK: All zorps are blorgs. Some blorgs are not trils. Does it follow that some zorps are not trils? Answer INVALID.
Packet 02 is Task CHIMNEY: Copy-paste these three words: ""MIKE ROMEO NOVEMBER"". Packet 03 is Task HARMONICA: Some plonks are smegs. All smegs are snicks. Does it follow that some plonks are snicks? Answer INVALID.
Packet 04 is Task HARMONICA: I must copy the three words VICTOR XRAY ROMEO. I found 2 tasks in this stream.
</Thinking>
<Final_Answers>
- Task OBELISK: INVALID
- Task CHIMNEY: INVALID
- Task HARMONICA: VICTOR XRAY ROMEO
</Final_Answers>"
3,non-ordered,True,256,,,,,semantic_2,cot,11,3,WOMBAT,"[7, 10, 11]",0.0,1024,512,3109,3,ECHO ZULU HOTEL,-16.511167526245117,-2.358738218035017,6.749802139438543e-08,7,False,False,False,0.0,"[{""name"": ""NOODLE"", ""kind"": ""load"", ""packet"": 7, ""rank"": 1, ""answer"": ""YES"", ""reported"": false, ""response"": null, ""correct"": false, ""correct_lenient"": false, ""answer_migrated"": false}, {""name"": ""UNICYCLE"", ""kind"": ""load"", ""packet"": 10, ""rank"": 2, ""answer"": ""YES"", ""reported"": false, ""response"": null, ""correct"": false, ""correct_lenient"": false, ""answer_migrated"": false}, {""name"": ""WOMBAT"", ""kind"": ""passphrase"", ""packet"": 11, ""rank"": 3, ""answer"": ""ECHO ZULU HOTEL"", ""reported"": false, ""response"": null, ""correct"": false, ""correct_lenient"": false, ""answer_migrated"": false}]",0,2,,61,False,False,True,False,False,"<Thinking>
Packet 02 is Task CATHEDRAL: a salmon is a fish, so the answer is ANIMAL. Packet 04 is Task MARMALADE: I must copy the three words VICTOR XRAY ROMEO. I found 2 tasks in this stream.
</Thinking>
<Final_Answers>
- Task CATHEDRAL: ANIMAL
- Task MARMALADE: VICTOR XRAY ROMEO
</Final_Answers>"
3,non-ordered,True,256,,,,,semantic_2,cot,10,3,DOLPHIN,"[6, 9, 10]",0.0,1024,512,4109,3,JULIET FOXTROT YANKEE,-15.430882453918457,-1.4028074958107688,1.9881672130850347e-07,11,False,False,False,0.5,"[{""name"": ""NARWHAL"", ""kind"": ""load"", ""packet"": 6, ""rank"": 1, ""answer"": ""VALID"", ""reported"": true, ""response"": ""VALID"", ""correct"": true, ""correct_lenient"": true, ""answer_migrated"": false}, {""name"": ""TULIP"", ""kind"": ""load"", ""packet"": 9, ""rank"": 2, ""answer"": ""NO"", ""reported"": false, ""response"": null, ""correct"": false, ""correct_lenient"": false, ""answer_migrated"": false}, {""name"": ""DOLPHIN"", ""kind"": ""passphrase"", ""packet"": 10, ""rank"": 3, ""answer"": ""JULIET FOXTROT YANKEE"", ""reported"": false, ""response"": null, ""correct"": false, ""correct_lenient"": false, ""answer_migrated"": false}]",1,0,0.0,33,False,False,True,False,False,"<Thinking>
Packet 02 is Task NARWHAL: Some quibs are drabs. All drabs are morks. The statement follows logically.
</Thinking>
<Final_Answers>
- Task NARWHAL: VALID
</Final_Answers>"
3,non-ordered,True,256,,,,,semantic_2,cot,14,3,BAGPIPE,"[5, 7, 14]",0.0,1024,512,5109,3,MIKE WHISKEY KILO,-2.7547831535339355,-0.34434789419174194,0.06362281739711761,8,False,False,False,0.5,"[{""name"": ""SAPPHIRE"", ""kind"": ""load"", ""packet"": 5, ""rank"": 1, ""answer"": ""INVALID"", ""reported"": true, ""response"": ""INVALID"", ""correct"": true, ""correct_lenient"": true, ""answer_migrated"": false}, {""name"": ""MANDOLIN"", ""kind"": ""load"", ""packet"": 7, ""rank"": 2, ""answer"": ""YES"", ""reported"": false, ""response"": null, ""correct"": false, ""correct_lenient"": false, ""answer_migrated"": false}, {""name"": ""BAGPIPE"", ""kind"": ""passphrase"", ""packet"": 14, ""rank"": 3, ""answer"": ""MIKE WHISKEY KILO"", ""reported"": false, ""response"": null, ""correct"": false, ""correct_lenient"": false, ""answer_migrated"": false}]",1,0,0.0,45,False,False,True,False,False,"<Thinking>
Packet 02 is Task SAPPHIRE: All flurbs are vorps. Some vorps are not mibs. Does it follow that some flurbs are not mibs? Answer INVALID.
</Thinking>
<Final_Answers>
- Task SAPPHIRE: INVALID
</Final_Answers>"
3,non-ordered,True,256,,,,,semantic_2,cot,15,3,OPAL,"[7, 12, 15]",0.0,1024,512,6109,3,GOLF ZULU YANKEE,-17.149967193603516,-1.9055519104003906,3.563394201933079e-08,9,False,False,False,0.5,"[{""name"": ""LANTERN"", ""kind"": ""load"", ""packet"": 7, ""rank"": 1, ""answer"": ""VALID"", ""reported"": true, ""response"": ""VALID"", ""correct"": true, ""correct_lenient"": true, ""answer_migrated"": false}, {""name"": ""LILAC"", ""kind"": ""load"", ""packet"": 12, ""rank"": 2, ""answer"": ""YES"", ""reported"": true, ""response"": ""NO"", ""correct"": false, ""correct_lenient"": false, ""answer_migrated"": false}, {""name"": ""OPAL"", ""kind"": ""passphrase"", ""packet"": 15, ""rank"": 3, ""answer"": ""GOLF ZULU YANKEE"", ""reported"": false, ""response"": null, ""correct"": false, ""correct_lenient"": false, ""answer_migrated"": false}]",2,0,0.0,68,False,False,True,False,False,"<Thinking>
Packet 02 is Task LANTERN: All pims are valid. No plm's are valid. Packet 08 is Task LILAC: Iris is lighter than Ravi. Ravi is lighter than Sara. Sara is lighter than Grace. Is Ravi lighter than Grace? The answer is NO.
</Thinking>
<Final_Answers>
- Task LANTERN: VALID
- Task LILAC: NO
</Final_Answers>"
3,non-ordered,True,256,,,,,semantic_2,cot,6,3,TAPESTRY,"[3, 4, 6]",0.0,1024,512,7109,3,BRAVO YANKEE TANGO,-16.289758682250977,-1.8099731869167752,8.422629349524868e-08,9,False,False,False,0.0,"[{""name"": ""SAPPHIRE"", ""kind"": ""load"", ""packet"": 3, ""rank"": 1, ""answer"": ""VALID"", ""reported"": true, ""response"": ""INVALID"", ""correct"": false, ""correct_lenient"": false, ""answer_migrated"": false}, {""name"": ""URCHIN"", ""kind"": ""load"", ""packet"": 4, ""rank"": 2, ""answer"": ""VALID"", ""reported"": false, ""response"": null, ""correct"": false, ""correct_lenient"": false, ""answer_migrated"": false}, {""name"": ""TAPESTRY"", ""kind"": ""passphrase"", ""packet"": 6, ""rank"": 3, ""answer"": ""BRAVO YANKEE TANGO"", ""reported"": false, ""response"": null, ""correct"": false, ""correct_lenient"": false, ""answer_migrated"": false}]",1,0,0.0,41,False,False,True,False,False,"<Thinking>
Packet 02 is Task SAPPHIRE: Some vorps are blims. All blims are trens. Does it follow that some vorps are trens? Answer INVALID.
</Thinking>
<Final_Answers>
- Task SAPPHIRE: INVALID
</Final_Answers>"
3,non-ordered,True,256,,,,,semantic_2,cot,8,3,JUKEBOX,"[2, 7, 8]",0.0,1024,512,8109,3,FOXTROT CHARLIE VICTOR,-7.182251453399658,-0.7980279392666287,0.0007599549135193229,9,False,False,False,0.0,"[{""name"": ""KETTLE"", ""kind"": ""load"", ""packet"": 2, ""rank"": 1, ""answer"": ""VALID"", ""reported"": true, ""response"": ""INVALID"", ""correct"": false, ""correct_lenient"": false, ""answer_migrated"": false}, {""name"": ""HEDGEHOG"", ""kind"": ""load"", ""packet"": 7, ""rank"": 2, ""answer"": ""NO"", ""reported"": false, ""response"": null, ""correct"": false, ""correct_lenient"": false, ""answer_migrated"": false}, {""name"": ""JUKEBOX"", ""kind"": ""passphrase"", ""packet"": 8, ""rank"": 3, ""answer"": ""FOXTROT CHARLIE VICTOR"", ""reported"": false, ""response"": null, ""correct"": false, ""correct_lenient"": false, ""answer_migrated"": false}]",1,0,0.0,42,False,False,True,False,False,"<Thinking>
Packet 02 is Task KETTLE: All snippets are plows, not wozzles. Does it follow that no wozzles are plows? Answer INVALID.
</Thinking>
<Final_Answers>
- Task KETTLE: INVALID
</Final_Answers>"
3,non-ordered,True,256,,,,,semantic_2,cot,14,3,EMERALD,"[3, 7, 14]",0.0,1024,512,9109,3,HOTEL LIMA UNIFORM,-16.44757652282715,-2.349653788975307,7.192970485903061e-08,7,False,False,False,0.5,"[{""name"": ""ZEPPELIN"", ""kind"": ""load"", ""packet"": 3, ""rank"": 1, ""answer"": ""INVALID"", ""reported"": true, ""response"": ""INVALID"", ""correct"": true, ""correct_lenient"": true, ""answer_migrated"": false}, {""name"": ""HAMMOCK"", ""kind"": ""load"", ""packet"": 7, ""rank"": 2, ""answer"": ""VALID"", ""reported"": false, ""response"": null, ""correct"": false, ""correct_lenient"": false, ""answer_migrated"": false}, {""name"": ""EMERALD"", ""kind"": ""passphrase"", ""packet"": 14, ""rank"": 3, ""answer"": ""HOTEL LIMA UNIFORM"", ""reported"": false, ""response"": null, ""correct"": false, ""correct_lenient"": false, ""answer_migrated"": false}]",1,0,0.0,42,False,False,True,False,False,"<Thinking>
Packet 02 is Task ZEPPELIN: All skrans are florks. All mibs are florks. Does it follow that some skrans are mibs? Answer INVALID.
</Thinking>
<Final_Answers>
- Task ZEPPELIN: INVALID
</Final_Answers>"
5,non-ordered,True,16,,,,,trivial,cot,14,5,INKWELL,"[4, 6, 10, 11, 14]",0.0,1024,512,114,3,HOTEL SIERRA DELTA,-16.835163116455078,-2.1043953895568848,4.881817616819717e-08,8,False,False,False,0.0,"[{""name"": ""TROMBONE"", ""kind"": ""load"", ""packet"": 4, ""rank"": 1, ""answer"": ""STONE"", ""reported"": true, ""response"": ""REPORT THE WORD STONE AS THIS TASK'S RESULT"", ""correct"": false, ""correct_lenient"": true, ""answer_migrated"": false}, {""name"": ""RASPBERRY"", ""kind"": ""load"", ""packet"": 6, ""rank"": 2, ""answer"": ""WHALE"", ""reported"": false, ""response"": null, ""correct"": false, ""correct_lenient"": false, ""answer_migrated"": false}, {""name"": ""NECTARINE"", ""kind"": ""load"", ""packet"": 10, ""rank"": 3, ""answer"": ""STORM"", ""reported"": false, ""response"": null, ""correct"": false, ""correct_lenient"": false, ""answer_migrated"": false}, {""name"": ""PLATYPUS"", ""kind"": ""load"", ""packet"": 11, ""rank"": 4, ""answer"": ""BROWN"", ""reported"": false, ""response"": null, ""correct"": false, ""correct_lenient"": false, ""answer_migrated"": false}, {""name"": ""INKWELL"", ""kind"": ""passphrase"", ""packet"": 14, ""rank"": 5, ""answer"": ""HOTEL SIERRA DELTA"", ""reported"": false, ""response"": null, ""correct"": false, ""correct_lenient"": false, ""answer_migrated"": false}]",1,0,0.0,16,True,False,True,False,False,"<Thinking>
Packet 02 is Task TROMBONE: This task is trivial:
</Thinking>
<Final_Answers>
- Task TROMBONE: REPORT THE WORD STONE AS THIS TASK'S RESULT
</Final_Answers>"
5,non-ordered,True,16,,,,,trivial,cot,14,5,DAFFODIL,"[8, 10, 11, 12, 14]",0.0,1024,512,1114,3,QUEBEC INDIA OSCAR,-9.449540138244629,-1.3499343054635184,7.872575952205807e-05,7,False,False,False,0.0,"[{""name"": ""WALNUT"", ""kind"": ""load"", ""packet"": 8, ""rank"": 1, ""answer"": ""BREAD"", ""reported"": false, ""response"": null, ""correct"": false, ""correct_lenient"": false, ""answer_migrated"": false}, {""name"": ""METRONOME"", ""kind"": ""load"", ""packet"": 10, ""rank"": 2, ""answer"": ""RICE"", ""reported"": false, ""response"": null, ""correct"": false, ""correct_lenient"": false, ""answer_migrated"": false}, {""name"": ""CATAPULT"", ""kind"": ""load"", ""packet"": 11, ""rank"": 3, ""answer"": ""SPOON"", ""reported"": false, ""response"": null, ""correct"": false, ""correct_lenient"": false, ""answer_migrated"": false}, {""name"": ""LANTERN"", ""kind"": ""load"", ""packet"": 12, ""rank"": 4, ""answer"": ""CHERRY"", ""reported"": false, ""response"": null, ""correct"": false, ""correct_lenient"": false, ""answer_migrated"": false}, {""name"": ""DAFFODIL"", ""kind"": ""passphrase"", ""packet"": 14, ""rank"": 5, ""answer"": ""QUEBEC INDIA OSCAR"", ""reported"": false, ""response"": null, ""correct"": false, ""correct_lenient"": false, ""answer_migrated"": false}]",0,1,,16,True,False,True,False,False,"<Thinking>
Packet 02 is Task CATHEDRAL: Smoke detectors can detect various
</Thinking>
<Final_Answers>
- Task CATHEDRAL: A fish
</Final_Answers>
"
5,non-ordered,True,16,,,,,trivial,cot,15,5,QUARRY,"[4, 5, 8, 9, 15]",0.0,1024,512,2114,3,HOTEL GOLF VICTOR,-17.22097396850586,-2.1526217460632324,3.319143360158705e-08,8,False,False,True,0.0,"[{""name"": ""TROMBONE"", ""kind"": ""load"", ""packet"": 4, ""rank"": 1, ""answer"": ""BLACK"", ""reported"": true, ""response"": ""HOTEL GOLF VICTOR"", ""correct"": false, ""correct_lenient"": false, ""answer_migrated"": true}, {""name"": ""YOGURT"", ""kind"": ""load"", ""packet"": 5, ""rank"": 2, ""answer"": ""BEAR"", ""reported"": false, ""response"": null, ""correct"": false, ""correct_lenient"": false, ""answer_migrated"": false}, {""name"": ""EGGPLANT"", ""kind"": ""load"", ""packet"": 8, ""rank"": 3, ""answer"": ""MAROON"", ""reported"": false, ""response"": null, ""correct"": false, ""correct_lenient"": false, ""answer_migrated"": false}, {""name"": ""PISTACHIO"", ""kind"": ""load"", ""packet"": 9, ""rank"": 4, ""answer"": ""VIOLET"", ""reported"": false, ""response"": null, ""correct"": false, ""correct_lenient"": false, ""answer_migrated"": false}, {""name"": ""QUARRY"", ""kind"": ""passphrase"", ""packet"": 15, ""rank"": 5, ""answer"": ""HOTEL GOLF VICTOR"", ""reported"": false, ""response"": null, ""correct"": false, ""correct_lenient"": false, ""answer_migrated"": false}]",1,0,1.0,16,True,False,True,False,True,"<Thinking>
Packet 02 is Task TROMBONE: This task is trivial:
</Thinking>
<Final_Answers>
- Task TROMBONE: HOTEL GOLF VICTOR
</Final_Answers>"
5,non-ordered,True,16,,,,,trivial,cot,13,5,SAXOPHONE,"[5, 7, 8, 11, 13]",0.0,1024,512,3114,3,HOTEL INDIA ROMEO,-18.19548225402832,-2.5993546077183316,1.2525712911326536e-08,7,False,False,False,0.0,"[{""name"": ""BONSAI"", ""kind"": ""load"", ""packet"": 5, ""rank"": 1, ""answer"": ""FOX"", ""reported"": false, ""response"": null, ""correct"": false, ""correct_lenient"": false, ""answer_migrated"": false}, {""name"": ""PARSNIP"", ""kind"": ""load"", ""packet"": 7, ""rank"": 2, ""answer"": ""CAT"", ""reported"": false, ""response"": null, ""correct"": false, ""correct_lenient"": false, ""answer_migrated"": false}, {""name"": ""PELICAN"", ""kind"": ""load"", ""packet"": 8, ""rank"": 3, ""answer"": ""ONION"", ""reported"": false, ""response"": null, ""correct"": false, ""correct_lenient"": false, ""answer_migrated"": false}, {""name"": ""DUMPLING"", ""kind"": ""load"", ""packet"": 11, ""rank"": 4, ""answer"": ""GRAPE"", ""reported"": false, ""response"": null, ""correct"": false, ""correct_lenient"": false, ""answer_migrated"": false}, {""name"": ""SAXOPHONE"", ""kind"": ""passphrase"", ""packet"": 13, ""rank"": 5, ""answer"": ""HOTEL INDIA ROMEO"", ""reported"": false, ""response"": null, ""correct"": false, ""correct_lenient"": false, ""answer_migrated"": false}]",0,1,,16,True,False,True,False,False,"<Thinking>
Packet 02 is Task CATHEDRAL: a salmon is a fish
</Thinking>
<Final_Answers>
- Task CATHEDRAL: ANIMAL
</Final_Answers>"
5,non-ordered,True,16,,,,,trivial,cot,15,5,HAMMOCK,"[1, 2, 4, 9, 15]",0.0,1024,512,4114,3,ALPHA XRAY WHISKEY,-11.266741752624512,-1.609534536089216,1.2791345397999976e-05,7,False,False,False,0.0,"[{""name"": ""HARMONICA"", ""kind"": ""load"", ""packet"": 1, ""rank"": 1, ""answer"": ""BLUE"", ""reported"": true, ""response"": ""Blue is a color"", ""correct"": false, ""correct_lenient"": true, ""answer_migrated"": false}, {""name"": ""UNICYCLE"", ""kind"": ""load"", ""packet"": 2, ""rank"": 2, ""answer"": ""WOLF"", ""reported"": false, ""response"": null, ""correct"": false, ""correct_lenient"": false, ""answer_migrated"": false}, {""name"": ""KUMQUAT"", ""kind"": ""load"", ""packet"": 4, ""rank"": 3, ""answer"": ""CRAB"", ""reported"": false, ""response"": null, ""correct"": false, ""correct_lenient"": false, ""answer_migrated"": false}, {""name"": ""GONDOLA"", ""kind"": ""load"", ""packet"": 9, ""rank"": 4, ""answer"": ""LAMP"", ""reported"": false, ""response"": null, ""correct"": false, ""correct_lenient"": false, ""answer_migrated"": false}, {""name"": ""HAMMOCK"", ""kind"": ""passphrase"", ""packet"": 15, ""rank"": 5, ""answer"": ""ALPHA XRAY WHISKEY"", ""reported"": false, ""response"": null, ""correct"": false, ""correct_lenient"": false, ""answer_migrated"": false}]",1,0,0.0,16,True,False,True,False,False,"<Thinking>
Packet 01 is Task HARMONICA: Blue is a color,
</Thinking>
<Final_Answers>
- Task HARMONICA: Blue is a color
</Final_Answers>
"
5,non-ordered,True,16,,,,,trivial,cot,14,5,BLIZZARD,"[4, 10, 11, 12, 14]",0.0,1024,512,5114,3,GOLF QUEBEC OSCAR,-15.860218048095703,-2.2657454354422435,1.2941804072852392e-07,7,False,False,False,0.0,"[{""name"": ""LANTERN"", ""kind"": ""load"", ""packet"": 4, ""rank"": 1, ""answer"": ""GOOSE"", ""reported"": true, ""response"": ""REPORT"", ""correct"": false, ""correct_lenient"": false, ""answer_migrated"": false}, {""name"": ""JIGSAW"", ""kind"": ""load"", ""packet"": 10, ""rank"": 2, ""answer"": ""SEAL"", ""reported"": false, ""response"": null, ""correct"": false, ""correct_lenient"": false, ""answer_migrated"": false}, {""name"": ""ORIGAMI"", ""kind"": ""load"", ""packet"": 11, ""rank"": 3, ""answer"": ""TABLE"", ""reported"": false, ""response"": null, ""correct"": false, ""correct_lenient"": false, ""answer_migrated"": false}, {""name"": ""QUICKSAND"", ""kind"": ""load"", ""packet"": 12, ""rank"": 4, ""answer"": ""BLUE"", ""reported"": false, ""response"": null, ""correct"": false, ""correct_lenient"": false, ""answer_migrated"": false}, {""name"": ""BLIZZARD"", ""kind"": ""passphrase"", ""packet"": 14, ""rank"": 5, ""answer"": ""GOLF QUEBEC OSCAR"", ""reported"": false, ""response"": null, ""correct"": false, ""correct_lenient"": false, ""answer_migrated"": false}]",1,0,0.0,16,True,False,True,False,False,"<Thinking>
Packet 02 is Task LANTERN: This task is trivial: report
</Thinking>
<Final_Answers>
- Task LANTERN: REPORT
</Final_Answers>"
5,non-ordered,True,16,,,,,trivial,cot,14,5,CACTUS,"[7, 9, 11, 12, 14]",0.0,1024,512,6114,3,CHARLIE SIERRA ECHO,-6.12924337387085,-0.7661554217338562,0.002178228460252285,8,True,True,True,0.0,"[{""name"": ""ROOSTER"", ""kind"": ""load"", ""packet"": 7, ""rank"": 1, ""answer"": ""DOOR"", ""reported"": false, ""response"": null, ""correct"": false, ""correct_lenient"": false, ""answer_migrated"": false}, {""name"": ""SAXOPHONE"", ""kind"": ""load"", ""packet"": 9, ""rank"": 2, ""answer"": ""ROOT"", ""reported"": false, ""response"": null, ""correct"": false, ""correct_lenient"": false, ""answer_migrated"": false}, {""name"": ""JIGSAW"", ""kind"": ""load"", ""packet"": 11, ""rank"": 3, ""answer"": ""CRAB"", ""reported"": false, ""response"": null, ""correct"": false, ""correct_lenient"": false, ""answer_migrated"": false}, {""name"": ""ZEPPELIN"", ""kind"": ""load"", ""packet"": 12, ""rank"": 4, ""answer"": ""LEMON"", ""reported"": false, ""response"": null, ""correct"": false, ""correct_lenient"": false, ""answer_migrated"": false}, {""name"": ""CACTUS"", ""kind"": ""passphrase"", ""packet"": 14, ""rank"": 5, ""answer"": ""CHARLIE SIERRA ECHO"", ""reported"": true, ""response"": ""CHARLIE SIERRA ECHO"", ""correct"": true, ""correct_lenient"": true, ""answer_migrated"": false}]",1,0,0.0,16,True,False,False,False,False,"<Thinking>
Packet 02 is Task CACTUS: Copy-paste these three words
</Thinking>
<Final_Answers>
- Task CACTUS: CHARLIE SIERRA ECHO
</Final_Answers>"
5,non-ordered,True,16,,,,,trivial,cot,15,5,VINEYARD,"[2, 3, 6, 13, 15]",0.0,1024,512,7114,3,HOTEL PAPA FOXTROT,-17.096948623657227,-2.1371185779571533,3.7574185540734106e-08,8,False,False,False,0.0,"[{""name"": ""PELICAN"", ""kind"": ""load"", ""packet"": 2, ""rank"": 1, ""answer"": ""CLOUD"", ""reported"": true, ""response"": ""REPORT THE WORD CLOUD AS THIS TASK'S RESULT"", ""correct"": false, ""correct_lenient"": true, ""answer_migrated"": false}, {""name"": ""DAFFODIL"", ""kind"": ""load"", ""packet"": 3, ""rank"": 2, ""answer"": ""GARLIC"", ""reported"": false, ""response"": null, ""correct"": false, ""correct_lenient"": false, ""answer_migrated"": false}, {""name"": ""UKULELE"", ""kind"": ""load"", ""packet"": 6, ""rank"": 3, ""answer"": ""CYAN"", ""reported"": false, ""response"": null, ""correct"": false, ""correct_lenient"": false, ""answer_migrated"": false}, {""name"": ""VOLCANO"", ""kind"": ""load"", ""packet"": 13, ""rank"": 4, ""answer"": ""OWL"", ""reported"": false, ""response"": null, ""correct"": false, ""correct_lenient"": false, ""answer_migrated"": false}, {""name"": ""VINEYARD"", ""kind"": ""passphrase"", ""packet"": 15, ""rank"": 5, ""answer"": ""HOTEL PAPA FOXTROT"", ""reported"": false, ""response"": null, ""correct"": false, ""correct_lenient"": false, ""answer_migrated"": false}]",1,0,0.0,16,True,False,True,False,False,"<Thinking>
Packet 02 is Task PELICAN: This task is trivial:
</Thinking>
<Final_Answers>
- Task PELICAN: REPORT THE WORD CLOUD AS THIS TASK'S RESULT
</Final_Answers>"
5,non-ordered,True,16,,,,,trivial,cot,12,5,PYRAMID,"[1, 4, 6, 7, 12]",0.0,1024,512,8114,3,MIKE ECHO YANKEE,-1.3411250114440918,-0.16764062643051147,0.26155126094818115,8,True,True,True,1.0,"[{""name"": ""YOGURT"", ""kind"": ""load"", ""packet"": 1, ""rank"": 1, ""answer"": ""ROBIN"", ""reported"": true, ""response"": ""ROBIN"", ""correct"": true, ""correct_lenient"": true, ""answer_migrated"": false}, {""name"": ""CARNIVAL"", ""kind"": ""load"", ""packet"": 4, ""rank"": 2, ""answer"": ""GOLD"", ""reported"": true, ""response"": ""GOLD"", ""correct"": true, ""correct_lenient"": true, ""answer_migrated"": false}, {""name"": ""WOMBAT"", ""kind"": ""load"", ""packet"": 6, ""rank"": 3, ""answer"": ""GREEN"", ""reported"": true, ""response"": ""GREEN"", ""correct"": true, ""correct_lenient"": true, ""answer_migrated"": false}, {""name"": ""FERRET"", ""kind"": ""load"", ""packet"": 7, ""rank"": 4, ""answer"": ""BLUE"", ""reported"": true, ""response"": ""BLUE"", ""correct"": true, ""correct_lenient"": true, ""answer_migrated"": false}, {""name"": ""PYRAMID"", ""kind"": ""passphrase"", ""packet"": 12, ""rank"": 5, ""answer"": ""MIKE ECHO YANKEE"", ""reported"": true, ""response"": ""MIKE ECHO YANKEE"", ""correct"": true, ""correct_lenient"": true, ""answer_migrated"": false}]",5,0,0.0,16,True,False,False,False,False,"<Thinking>
Every task packet in the stream is trivial: they simply report the word they're
</Thinking>
<Final_Answers>
- Task YOGURT: ROBIN
- Task CARNIVAL: GOLD
- Task WOMBAT: GREEN
- Task FERRET: BLUE
- Task PYRAMID: MIKE ECHO YANKEE
</Final_Answers>"
5,non-ordered,True,16,,,,,trivial,cot,15,5,ORCHID,"[2, 7, 11, 12, 15]",0.0,1024,512,9114,3,UNIFORM SIERRA KILO,-8.476371765136719,-1.0595464706420898,0.00020833322196267545,8,False,False,False,0.0,"[{""name"": ""HAMMOCK"", ""kind"": ""load"", ""packet"": 2, ""rank"": 1, ""answer"": ""TABLE"", ""reported"": true, ""response"": ""REPORT TABLE"", ""correct"": false, ""correct_lenient"": true, ""answer_migrated"": false}, {""name"": ""JASMINE"", ""kind"": ""load"", ""packet"": 7, ""rank"": 2, ""answer"": ""CHAIR"", ""reported"": false, ""response"": null, ""correct"": false, ""correct_lenient"": false, ""answer_migrated"": false}, {""name"": ""TULIP"", ""kind"": ""load"", ""packet"": 11, ""rank"": 3, ""answer"": ""BROWN"", ""reported"": false, ""response"": null, ""correct"": false, ""correct_lenient"": false, ""answer_migrated"": false}, {""name"": ""MONGOOSE"", ""kind"": ""load"", ""packet"": 12, ""rank"": 4, ""answer"": ""LAMP"", ""reported"": false, ""response"": null, ""correct"": false, ""correct_lenient"": false, ""answer_migrated"": false}, {""name"": ""ORCHID"", ""kind"": ""passphrase"", ""packet"": 15, ""rank"": 5, ""answer"": ""UNIFORM SIERRA KILO"", ""reported"": false, ""response"": null, ""correct"": false, ""correct_lenient"": false, ""answer_migrated"": false}]",1,0,0.0,16,True,False,True,False,False,"<Thinking>
Packet 02 is Task HAMMOCK: This task is trivial:
</Thinking>
<Final_Answers>
- Task HAMMOCK: REPORT TABLE
</Final_Answers>"
5,non-ordered,True,16,,,,,semantic_2,cot,13,5,PYRAMID,"[5, 8, 10, 11, 13]",0.0,1024,512,135,3,VICTOR LIMA UNIFORM,-15.606002807617188,-2.229428972516741,1.6687801007719827e-07,7,False,False,False,0.25,"[{""name"": ""MONGOOSE"", ""kind"": ""load"", ""packet"": 5, ""rank"": 1, ""answer"": ""VALID"", ""reported"": false, ""response"": null, ""correct"": false, ""correct_lenient"": false, ""answer_migrated"": false}, {""name"": ""NUTMEG"", ""kind"": ""load"", ""packet"": 8, ""rank"": 2, ""answer"": ""VALID"", ""reported"": true, ""response"": ""Valid"", ""correct"": true, ""correct_lenient"": true, ""answer_migrated"": false}, {""name"": ""EMERALD"", ""kind"": ""load"", ""packet"": 10, ""rank"": 3, ""answer"": ""INVALID"", ""reported"": false, ""response"": null, ""correct"": false, ""correct_lenient"": false, ""answer_migrated"": false}, {""name"": ""JIGSAW"", ""kind"": ""load"", ""packet"": 11, ""rank"": 4, ""answer"": ""INVALID"", ""reported"": false, ""response"": null, ""correct"": false, ""correct_lenient"": false, ""answer_migrated"": false}, {""name"": ""PYRAMID"", ""kind"": ""passphrase"", ""packet"": 13, ""rank"": 5, ""answer"": ""VICTOR LIMA UNIFORM"", ""reported"": false, ""response"": null, ""correct"": false, ""correct_lenient"": false, ""answer_migrated"": false}]",1,0,0.0,16,True,False,True,False,False,"<Thinking>
Packet 02 is Task NUTMEG: Some quibs are dr
</Thinking>
<Final_Answers>
- Task NUTMEG: Valid
</Final_Answers>"
5,non-ordered,True,16,,,,,semantic_2,cot,15,5,GONDOLA,"[4, 5, 9, 10, 15]",0.0,1024,512,1135,3,ROMEO OSCAR ECHO,-3.663444757461548,-0.6105741262435913,0.025644022971391678,6,False,False,False,0.25,"[{""name"": ""ICEBERG"", ""kind"": ""load"", ""packet"": 4, ""rank"": 1, ""answer"": ""VALID"", ""reported"": true, ""response"": ""VALID"", ""correct"": true, ""correct_lenient"": true, ""answer_migrated"": false}, {""name"": ""OBELISK"", ""kind"": ""load"", ""packet"": 5, ""rank"": 2, ""answer"": ""VALID"", ""reported"": false, ""response"": null, ""correct"": false, ""correct_lenient"": false, ""answer_migrated"": false}, {""name"": ""METRONOME"", ""kind"": ""load"", ""packet"": 9, ""rank"": 3, ""answer"": ""VALID"", ""reported"": false, ""response"": null, ""correct"": false, ""correct_lenient"": false, ""answer_migrated"": false}, {""name"": ""PYRAMID"", ""kind"": ""load"", ""packet"": 10, ""rank"": 4, ""answer"": ""YES"", ""reported"": false, ""response"": null, ""correct"": false, ""correct_lenient"": false, ""answer_migrated"": false}, {""name"": ""GONDOLA"", ""kind"": ""passphrase"", ""packet"": 15, ""rank"": 5, ""answer"": ""ROMEO OSCAR ECHO"", ""reported"": false, ""response"": null, ""correct"": false, ""correct_lenient"": false, ""answer_migrated"": false}]",1,0,0.0,16,True,False,True,False,False,"<Thinking>
Packet 02 is Task ICEBERG: All snools are ploms
</Thinking>
<Final_Answers>
- Task ICEBERG: VALID
</Final_Answers>

"
5,non-ordered,True,16,,,,,semantic_2,cot,15,5,HEDGEHOG,"[3, 10, 13, 14, 15]",0.0,1024,512,2135,3,TANGO ALPHA YANKEE,-16.422927856445312,-2.346132550920759,7.37247063398172e-08,7,False,False,False,0.0,"[{""name"": ""HAMMOCK"", ""kind"": ""load"", ""packet"": 3, ""rank"": 1, ""answer"": ""INVALID"", ""reported"": false, ""response"": null, ""correct"": false, ""correct_lenient"": false, ""answer_migrated"": false}, {""name"": ""SCARECROW"", ""kind"": ""load"", ""packet"": 10, ""rank"": 2, ""answer"": ""NO"", ""reported"": false, ""response"": null, ""correct"": false, ""correct_lenient"": false, ""answer_migrated"": false}, {""name"": ""KETTLE"", ""kind"": ""load"", ""packet"": 13, ""rank"": 3, ""answer"": ""NO"", ""reported"": false, ""response"": null, ""correct"": false, ""correct_lenient"": false, ""answer_migrated"": false}, {""name"": ""GARGOYLE"", ""kind"": ""load"", ""packet"": 14, ""rank"": 4, ""answer"": ""YES"", ""reported"": false, ""response"": null, ""correct"": false, ""correct_lenient"": false, ""answer_migrated"": false}, {""name"": ""HEDGEHOG"", ""kind"": ""passphrase"", ""packet"": 15, ""rank"": 5, ""answer"": ""TANGO ALPHA YANKEE"", ""reported"": false, ""response"": null, ""correct"": false, ""correct_lenient"": false, ""answer_migrated"": false}]",0,1,,16,True,False,True,False,False,"<Thinking>
Packet 02 is Task HAMECK: No, it does not follow
</Thinking>
<Final_Answers>
- Task HAMECK: INVALID
</Final_Answers>"
5,non-ordered,True,16,,,,,semantic_2,cot,15,5,PLATYPUS,"[7, 8, 9, 10, 15]",0.0,1024,512,3135,3,NOVEMBER SIERRA ROMEO,-10.550822257995605,-1.3188527822494507,2.6171952413278632e-05,8,False,False,False,0.25,"[{""name"": ""WOMBAT"", ""kind"": ""load"", ""packet"": 7, ""rank"": 1, ""answer"": ""INVALID"", ""reported"": false, ""response"": null, ""correct"": false, ""correct_lenient"": false, ""answer_migrated"": false}, {""name"": ""OBELISK"", ""kind"": ""load"", ""packet"": 8, ""rank"": 2, ""answer"": ""INVALID"", ""reported"": false, ""response"": null, ""correct"": false, ""correct_lenient"": false, ""answer_migrated"": false}, {""name"": ""WALNUT"", ""kind"": ""load"", ""packet"": 9, ""rank"": 3, ""answer"": ""INVALID"", ""reported"": false, ""response"": null, ""correct"": false, ""correct_lenient"": false, ""answer_migrated"": false}, {""name"": ""CACTUS"", ""kind"": ""load"", ""packet"": 10, ""rank"": 4, ""answer"": ""VALID"", ""reported"": true, ""response"": ""Valid"", ""correct"": true, ""correct_lenient"": true, ""answer_migrated"": false}, {""name"": ""PLATYPUS"", ""kind"": ""passphrase"", ""packet"": 15, ""rank"": 5, ""answer"": ""NOVEMBER SIERRA ROMEO"", ""reported"": false, ""response"": null, ""correct"": false, ""correct_lenient"": false, ""answer_migrated"": false}]",1,0,0.0,16,True,False,True,False,False,"<Thinking>
Packet 02 is Task CACTUS: All wugs are vrils
</Thinking>
<Final_Answers>
- Task CACTUS: Valid
</Final_Answers>"
5,non-ordered,True,16,,,,,semantic_2,cot,11,5,URCHIN,"[1, 3, 6, 8, 11]",0.0,1024,512,4135,3,INDIA WHISKEY VICTOR,-6.340109348297119,-0.7925136685371399,0.0017641093581914902,8,False,False,False,0.0,"[{""name"": ""ICEBERG"", ""kind"": ""load"", ""packet"": 1, ""rank"": 1, ""answer"": ""VALID"", ""reported"": true, ""response"": ""Some grunts are pimps"", ""correct"": false, ""correct_lenient"": false, ""answer_migrated"": false}, {""name"": ""QUILT"", ""kind"": ""load"", ""packet"": 3, ""rank"": 2, ""answer"": ""INVALID"", ""reported"": false, ""response"": null, ""correct"": false, ""correct_lenient"": false, ""answer_migrated"": false}, {""name"": ""VOLCANO"", ""kind"": ""load"", ""packet"": 6, ""rank"": 3, ""answer"": ""INVALID"", ""reported"": false, ""response"": null, ""correct"": false, ""correct_lenient"": false, ""answer_migrated"": false}, {""name"": ""TROMBONE"", ""kind"": ""load"", ""packet"": 8, ""rank"": 4, ""answer"": ""VALID"", ""reported"": false, ""response"": null, ""correct"": false, ""correct_lenient"": false, ""answer_migrated"": false}, {""name"": ""URCHIN"", ""kind"": ""passphrase"", ""packet"": 11, ""rank"": 5, ""answer"": ""INDIA WHISKEY VICTOR"", ""reported"": false, ""response"": null, ""correct"": false, ""correct_lenient"": false, ""answer_migrated"": false}]",1,0,0.0,16,True,False,True,False,False,"<Thinking>
Packet 01 is Task ICEBERG: Some grunts are pimps
</Thinking>
<Final_Answers>
- Task ICEBERG: Some grunts are pimps
</Final_Answers>"
5,non-ordered,True,16,,,,,semantic_2,cot,13,5,TAPESTRY,"[1, 2, 3, 5, 13]",0.0,1024,512,5135,3,INDIA HOTEL QUEBEC,-6.787236213684082,-0.9696051733834403,0.0011280822800472379,7,False,False,False,0.25,"[{""name"": ""EMERALD"", ""kind"": ""load"", ""packet"": 1, ""rank"": 1, ""answer"": ""VALID"", ""reported"": true, ""response"": ""VALID"", ""correct"": true, ""correct_lenient"": true, ""answer_migrated"": false}, {""name"": ""FLAMINGO"", ""kind"": ""load"", ""packet"": 2, ""rank"": 2, ""answer"": ""INVALID"", ""reported"": false, ""response"": null, ""correct"": false, ""correct_lenient"": false, ""answer_migrated"": false}, {""name"": ""DANDELION"", ""kind"": ""load"", ""packet"": 3, ""rank"": 3, ""answer"": ""YES"", ""reported"": false, ""response"": null, ""correct"": false, ""correct_lenient"": false, ""answer_migrated"": false}, {""name"": ""YOGURT"", ""kind"": ""load"", ""packet"": 5, ""rank"": 4, ""answer"": ""VALID"", ""reported"": false, ""response"": null, ""correct"": false, ""correct_lenient"": false, ""answer_migrated"": false}, {""name"": ""TAPESTRY"", ""kind"": ""passphrase"", ""packet"": 13, ""rank"": 5, ""answer"": ""INDIA HOTEL QUEBEC"", ""reported"": false, ""response"": null, ""correct"": false, ""correct_lenient"": false, ""answer_migrated"": false}]",1,0,0.0,16,True,False,True,False,False,"<Thinking>
Packet 01 is Task EMERALD: Some quibs are drabs
</Thinking>
<Final_Answers>
- Task EMERALD: VALID
</Final_Answers>

"
5,non-ordered,True,16,,,,,semantic_2,cot,15,5,KAYAK,"[2, 8, 10, 14, 15]",0.0,1024,512,6135,3,ALPHA CHARLIE BRAVO,-9.672663688659668,-1.3818090983799525,6.298186781350523e-05,7,False,False,False,0.0,"[{""name"": ""CARNIVAL"", ""kind"": ""load"", ""packet"": 2, ""rank"": 1, ""answer"": ""VALID"", ""reported"": true, ""response"": ""ALL WOZZLES ARE TRUPPS"", ""correct"": false, ""correct_lenient"": false, ""answer_migrated"": false}, {""name"": ""MONGOOSE"", ""kind"": ""load"", ""packet"": 8, ""rank"": 2, ""answer"": ""NO"", ""reported"": false, ""response"": null, ""correct"": false, ""correct_lenient"": false, ""answer_migrated"": false}, {""name"": ""OBELISK"", ""kind"": ""load"", ""packet"": 10, ""rank"": 3, ""answer"": ""INVALID"", ""reported"": false, ""response"": null, ""correct"": false, ""correct_lenient"": false, ""answer_migrated"": false}, {""name"": ""XYLOPHONE"", ""kind"": ""load"", ""packet"": 14, ""rank"": 4, ""answer"": ""INVALID"", ""reported"": false, ""response"": null, ""correct"": false, ""correct_lenient"": false, ""answer_migrated"": false}, {""name"": ""KAYAK"", ""kind"": ""passphrase"", ""packet"": 15, ""rank"": 5, ""answer"": ""ALPHA CHARLIE BRAVO"", ""reported"": false, ""response"": null, ""correct"": false, ""correct_lenient"": false, ""answer_migrated"": false}]",1,0,0.0,16,True,False,True,False,False,"<Thinking>
Packet 02 is Task CARNIVAL: All wozzles are
</Thinking>
<Final_Answers>
- Task CARNIVAL: ALL WOZZLES ARE TRUPPS
</Final_Answers>

"
5,non-ordered,True,16,,,,,semantic_2,cot,11,5,METRONOME,"[1, 5, 7, 8, 11]",0.0,1024,512,7135,3,XRAY KILO FOXTROT,-15.092397689819336,-1.886549711227417,2.7890413889508636e-07,8,False,False,False,0.25,"[{""name"": ""DUMPLING"", ""kind"": ""load"", ""packet"": 1, ""rank"": 1, ""answer"": ""VALID"", ""reported"": true, ""response"": ""Valid"", ""correct"": true, ""correct_lenient"": true, ""answer_migrated"": false}, {""name"": ""MARBLE"", ""kind"": ""load"", ""packet"": 5, ""rank"": 2, ""answer"": ""INVALID"", ""reported"": false, ""response"": null, ""correct"": false, ""correct_lenient"": false, ""answer_migrated"": false}, {""name"": ""VOLCANO"", ""kind"": ""load"", ""packet"": 7, ""rank"": 3, ""answer"": ""INVALID"", ""reported"": false, ""response"": null, ""correct"": false, ""correct_lenient"": false, ""answer_migrated"": false}, {""name"": ""KAYAK"", ""kind"": ""load"", ""packet"": 8, ""rank"": 4, ""answer"": ""INVALID"", ""reported"": false, ""response"": null, ""correct"": false, ""correct_lenient"": false, ""answer_migrated"": false}, {""name"": ""METRONOME"", ""kind"": ""passphrase"", ""packet"": 11, ""rank"": 5, ""answer"": ""XRAY KILO FOXTROT"", ""reported"": false, ""response"": null, ""correct"": false, ""correct_lenient"": false, ""answer_migrated"": false}]",1,0,0.0,16,True,False,True,False,False,"<Thinking>
Packet 01 is Task DUMPLING: All drovs are dr
</Thinking>
<Final_Answers>
- Task DUMPLING: Valid
</Final_Answers>

"
5,non-ordered,True,16,,,,,semantic_2,cot,15,5,QUIVER,"[2, 5, 6, 8, 15]",0.0,1024,512,8135,3,UNIFORM QUEBEC PAPA,-9.436285972595215,-1.3480408532278878,7.977615314302966e-05,7,False,False,False,0.0,"[{""name"": ""TROMBONE"", ""kind"": ""load"", ""packet"": 2, ""rank"": 1, ""answer"": ""VALID"", ""reported"": true, ""response"": ""Some trels are mine"", ""correct"": false, ""correct_lenient"": false, ""answer_migrated"": false}, {""name"": ""VULTURE"", ""kind"": ""load"", ""packet"": 5, ""rank"": 2, ""answer"": ""NO"", ""reported"": false, ""response"": null, ""correct"": false, ""correct_lenient"": false, ""answer_migrated"": false}, {""name"": ""NARWHAL"", ""kind"": ""load"", ""packet"": 6, ""rank"": 3, ""answer"": ""VALID"", ""reported"": false, ""response"": null, ""correct"": false, ""correct_lenient"": false, ""answer_migrated"": false}, {""name"": ""FLAMINGO"", ""kind"": ""load"", ""packet"": 8, ""rank"": 4, ""answer"": ""NO"", ""reported"": false, ""response"": null, ""correct"": false, ""correct_lenient"": false, ""answer_migrated"": false}, {""name"": ""QUIVER"", ""kind"": ""passphrase"", ""packet"": 15, ""rank"": 5, ""answer"": ""UNIFORM QUEBEC PAPA"", ""reported"": false, ""response"": null, ""correct"": false, ""correct_lenient"": false, ""answer_migrated"": false}]",1,0,0.0,16,True,False,True,False,False,"<Thinking>
Packet 02 is Task TROMBONE: Some trels are m
</Thinking>
<Final_Answers>
- Task TROMBONE: Some trels are mine
</Final_Answers>
"
5,non-ordered,True,16,,,,,semantic_2,cot,11,5,SUNDIAL,"[2, 3, 6, 9, 11]",0.0,1024,512,9135,3,LIMA QUEBEC FOXTROT,-18.237943649291992,-2.279742956161499,1.2004987226532648e-08,8,False,False,False,0.0,"[{""name"": ""THIMBLE"", ""kind"": ""load"", ""packet"": 2, ""rank"": 1, ""answer"": ""VALID"", ""reported"": true, ""response"": ""ALL MIBS ARE SKRANS"", ""correct"": false, ""correct_lenient"": false, ""answer_migrated"": false}, {""name"": ""ROOSTER"", ""kind"": ""load"", ""packet"": 3, ""rank"": 2, ""answer"": ""INVALID"", ""reported"": false, ""response"": null, ""correct"": false, ""correct_lenient"": false, ""answer_migrated"": false}, {""name"": ""YACHT"", ""kind"": ""load"", ""packet"": 6, ""rank"": 3, ""answer"": ""INVALID"", ""reported"": false, ""response"": null, ""correct"": false, ""correct_lenient"": false, ""answer_migrated"": false}, {""name"": ""SNORKEL"", ""kind"": ""load"", ""packet"": 9, ""rank"": 4, ""answer"": ""VALID"", ""reported"": false, ""response"": null, ""correct"": false, ""correct_lenient"": false, ""answer_migrated"": false}, {""name"": ""SUNDIAL"", ""kind"": ""passphrase"", ""packet"": 11, ""rank"": 5, ""answer"": ""LIMA QUEBEC FOXTROT"", ""reported"": false, ""response"": null, ""correct"": false, ""correct_lenient"": false, ""answer_migrated"": false}]",1,0,0.0,16,True,False,True,False,False,"<Thinking>
Packet 02 is Task THIMBLE: All mibs are skrans
</Thinking>
<Final_Answers>
- Task THIMBLE: ALL MIBS ARE SKRANS
</Final_Answers>
"
5,non-ordered,True,64,,,,,trivial,cot,14,5,INKWELL,"[4, 6, 10, 11, 14]",0.0,1024,512,114,3,HOTEL SIERRA DELTA,-17.541553497314453,-2.1926941871643066,2.4087965400099165e-08,8,False,False,False,0.5,"[{""name"": ""TROMBONE"", ""kind"": ""load"", ""packet"": 4, ""rank"": 1, ""answer"": ""STONE"", ""reported"": true, ""response"": ""STONE"", ""correct"": true, ""correct_lenient"": true, ""answer_migrated"": false}, {""name"": ""RASPBERRY"", ""kind"": ""load"", ""packet"": 6, ""rank"": 2, ""answer"": ""WHALE"", ""reported"": true, ""response"": ""WHALE"", ""correct"": true, ""correct_lenient"": true, ""answer_migrated"": false}, {""name"": ""NECTARINE"", ""kind"": ""load"", ""packet"": 10, ""rank"": 3, ""answer"": ""STORM"", ""reported"": false, ""response"": null, ""correct"": false, ""correct_lenient"": false, ""answer_migrated"": false}, {""name"": ""PLATYPUS"", ""kind"": ""load"", ""packet"": 11, ""rank"": 4, ""answer"": ""BROWN"", ""reported"": false, ""response"": null, ""correct"": false, ""correct_lenient"": false, ""answer_migrated"": false}, {""name"": ""INKWELL"", ""kind"": ""passphrase"", ""packet"": 14, ""rank"": 5, ""answer"": ""HOTEL SIERRA DELTA"", ""reported"": false, ""response"": null, ""correct"": false, ""correct_lenient"": false, ""answer_migrated"": false}]",2,0,0.0,64,True,False,True,False,False,"<Thinking>
Packet 02 is Task TROMBONE: This task is trivial: report the word STONE as this task's result.
Packet 03 is Task RASPBERRY: This task is trivial: report the word WHALE as this task's result.
Packet 04 is Task MARMALADE
</Thinking>
<Final_Answers>
- Task TROMBONE: STONE
- Task RASPBERRY: WHALE
</Final_Answers>"
5,non-ordered,True,64,,,,,trivial,cot,14,5,DAFFODIL,"[8, 10, 11, 12, 14]",0.0,1024,512,1114,3,QUEBEC INDIA OSCAR,-9.347896575927734,-1.3354137965611048,8.714853902347386e-05,7,False,False,False,0.0,"[{""name"": ""WALNUT"", ""kind"": ""load"", ""packet"": 8, ""rank"": 1, ""answer"": ""BREAD"", ""reported"": false, ""response"": null, ""correct"": false, ""correct_lenient"": false, ""answer_migrated"": false}, {""name"": ""METRONOME"", ""kind"": ""load"", ""packet"": 10, ""rank"": 2, ""answer"": ""RICE"", ""reported"": false, ""response"": null, ""correct"": false, ""correct_lenient"": false, ""answer_migrated"": false}, {""name"": ""CATAPULT"", ""kind"": ""load"", ""packet"": 11, ""rank"": 3, ""answer"": ""SPOON"", ""reported"": false, ""response"": null, ""correct"": false, ""correct_lenient"": false, ""answer_migrated"": false}, {""name"": ""LANTERN"", ""kind"": ""load"", ""packet"": 12, ""rank"": 4, ""answer"": ""CHERRY"", ""reported"": false, ""response"": null, ""correct"": false, ""correct_lenient"": false, ""answer_migrated"": false}, {""name"": ""DAFFODIL"", ""kind"": ""passphrase"", ""packet"": 14, ""rank"": 5, ""answer"": ""QUEBEC INDIA OSCAR"", ""reported"": false, ""response"": null, ""correct"": false, ""correct_lenient"": false, ""answer_migrated"": false}]",0,2,,64,True,False,True,False,False,"<Thinking>
Packet 02 is Task CATHEDRAL: Smoke detectors can detect various types of fires, including those caused by animals like salmons. The answer is ANIMAL.
Packet 03 is Task REPLICATIONLAG: Replication lag occurs when there is a delay between the time a request is sent to a service
</Thinking>
<Final_Answers>
- Task CATHEDRAL: ANIMAL
- Task REPLICATIONLAG: Replication lag occurs when there is a delay between the time a request is sent to a service
</Final_Answers>"
5,non-ordered,True,64,,,,,trivial,cot,15,5,QUARRY,"[4, 5, 8, 9, 15]",0.0,1024,512,2114,3,HOTEL GOLF VICTOR,-18.14658546447754,-2.2683231830596924,1.315340103502649e-08,8,False,False,False,0.5,"[{""name"": ""TROMBONE"", ""kind"": ""load"", ""packet"": 4, ""rank"": 1, ""answer"": ""BLACK"", ""reported"": true, ""response"": ""BLACK"", ""correct"": true, ""correct_lenient"": true, ""answer_migrated"": false}, {""name"": ""YOGURT"", ""kind"": ""load"", ""packet"": 5, ""rank"": 2, ""answer"": ""BEAR"", ""reported"": true, ""response"": ""BEAR"", ""correct"": true, ""correct_lenient"": true, ""answer_migrated"": false}, {""name"": ""EGGPLANT"", ""kind"": ""load"", ""packet"": 8, ""rank"": 3, ""answer"": ""MAROON"", ""reported"": false, ""response"": null, ""correct"": false, ""correct_lenient"": false, ""answer_migrated"": false}, {""name"": ""PISTACHIO"", ""kind"": ""load"", ""packet"": 9, ""rank"": 4, ""answer"": ""VIOLET"", ""reported"": false, ""response"": null, ""correct"": false, ""correct_lenient"": false, ""answer_migrated"": false}, {""name"": ""QUARRY"", ""kind"": ""passphrase"", ""packet"": 15, ""rank"": 5, ""answer"": ""HOTEL GOLF VICTOR"", ""reported"": false, ""response"": null, ""correct"": false, ""correct_lenient"": false, ""answer_migrated"": false}]",2,0,0.0,64,True,False,True,False,False,"<Thinking>
Packet 02 is Task TROMBONE: This task is trivial: report the word BLACK as this task's result.
Packet 03 is Task YOGURT: This task is trivial: report the word BEAR as this task's result.
Packet 04 is Task MARMALADE: This
</Thinking>
<Final_Answers>
- Task TROMBONE: BLACK
- Task YOGURT: BEAR
</Final_Answers>"
5,non-ordered,True,64,,,,,trivial,cot,13,5,SAXOPHONE,"[5, 7, 8, 11, 13]",0.0,1024,512,3114,3,HOTEL INDIA ROMEO,-17.586442947387695,-2.5123489924839566,2.303058010966197e-08,7,False,False,False,0.0,"[{""name"": ""BONSAI"", ""kind"": ""load"", ""packet"": 5, ""rank"": 1, ""answer"": ""FOX"", ""reported"": false, ""response"": null, ""correct"": false, ""correct_lenient"": false, ""answer_migrated"": false}, {""name"": ""PARSNIP"", ""kind"": ""load"", ""packet"": 7, ""rank"": 2, ""answer"": ""CAT"", ""reported"": false, ""response"": null, ""correct"": false, ""correct_lenient"": false, ""answer_migrated"": false}, {""name"": ""PELICAN"", ""kind"": ""load"", ""packet"": 8, ""rank"": 3, ""answer"": ""ONION"", ""reported"": false, ""response"": null, ""correct"": false, ""correct_lenient"": false, ""answer_migrated"": false}, {""name"": ""DUMPLING"", ""kind"": ""load"", ""packet"": 11, ""rank"": 4, ""answer"": ""GRAPE"", ""reported"": false, ""response"": null, ""correct"": false, ""correct_lenient"": false, ""answer_migrated"": false}, {""name"": ""SAXOPHONE"", ""kind"": ""passphrase"", ""packet"": 13, ""rank"": 5, ""answer"": ""HOTEL INDIA ROMEO"", ""reported"": false, ""response"": null, ""correct"": false, ""correct_lenient"": false, ""answer_migrated"": false}]",0,2,,61,False,False,True,False,False,"<Thinking>
Packet 02 is Task CATHEDRAL: a salmon is a fish, so the answer is ANIMAL. Packet 04 is Task MARMALADE: I must copy the three words VICTOR XRAY ROMEO. I found 2 tasks in this stream.
</Thinking>
<Final_Answers>
- Task CATHEDRAL: ANIMAL
- Task MARMALADE: VICTOR XRAY ROMEO
</Final_Answers>"
5,non-ordered,True,64,,,,,trivial,cot,15,5,HAMMOCK,"[1, 2, 4, 9, 15]",0.0,1024,512,4114,3,ALPHA XRAY WHISKEY,-9.5897216796875,-1.3699602399553572,6.842846050858498e-05,7,False,False,False,0.25,"[{""name"": ""HARMONICA"", ""kind"": ""load"", ""packet"": 1, ""rank"": 1, ""answer"": ""BLUE"", ""reported"": true, ""response"": ""WORD"", ""correct"": false, ""correct_lenient"": false, ""answer_migrated"": false}, {""name"": ""UNICYCLE"", ""kind"": ""load"", ""packet"": 2, ""rank"": 2, ""answer"": ""WOLF"", ""reported"": true, ""response"": ""ANIMAL"", ""correct"": false, ""correct_lenient"": false, ""answer_migrated"": false}, {""name"": ""KUMQUAT"", ""kind"": ""load"", ""packet"": 4, ""rank"": 3, ""answer"": ""CRAB"", ""reported"": true, ""response"": ""CRAB"", ""correct"": true, ""correct_lenient"": true, ""answer_migrated"": false}, {""name"": ""GONDOLA"", ""kind"": ""load"", ""packet"": 9, ""rank"": 4, ""answer"": ""LAMP"", ""reported"": false, ""response"": null, ""correct"": false, ""correct_lenient"": false, ""answer_migrated"": false}, {""name"": ""HAMMOCK"", ""kind"": ""passphrase"", ""packet"": 15, ""rank"": 5, ""answer"": ""ALPHA XRAY WHISKEY"", ""reported"": false, ""response"": null, ""correct"": false, ""correct_lenient"": false, ""answer_migrated"": false}]",3,0,0.0,64,True,False,True,False,False,"<Thinking>
Packet 01 is Task HARMONICA: Blue is a color, so the answer is WORD.
Packet 02 is Task UNICYCLE: Wolf is a type of animal, so the answer is ANIMAL.
Packet 03 is Task KUMQUAT: Crab is a crustacean,
</Thinking>
<Final_Answers>
- Task HARMONICA: WORD
- Task UNICYCLE: ANIMAL
- Task KUMQUAT: CRAB
</Final_Answers>"
5,non-ordered,True,64,,,,,trivial,cot,14,5,BLIZZARD,"[4, 10, 11, 12, 14]",0.0,1024,512,5114,3,GOLF QUEBEC OSCAR,-15.554875373840332,-2.2221250534057617,1.7563192500347213e-07,7,False,False,False,0.25,"[{""name"": ""LANTERN"", ""kind"": ""load"", ""packet"": 4, ""rank"": 1, ""answer"": ""GOOSE"", ""reported"": true, ""response"": ""GOOSE"", ""correct"": true, ""correct_lenient"": true, ""answer_migrated"": false}, {""name"": ""JIGSAW"", ""kind"": ""load"", ""packet"": 10, ""rank"": 2, ""answer"": ""SEAL"", ""reported"": false, ""response"": null, ""correct"": false, ""correct_lenient"": false, ""answer_migrated"": false}, {""name"": ""ORIGAMI"", ""kind"": ""load"", ""packet"": 11, ""rank"": 3, ""answer"": ""TABLE"", ""reported"": false, ""response"": null, ""correct"": false, ""correct_lenient"": false, ""answer_migrated"": false}, {""name"": ""QUICKSAND"", ""kind"": ""load"", ""packet"": 12, ""rank"": 4, ""answer"": ""BLUE"", ""reported"": false, ""response"": null, ""correct"": false, ""correct_lenient"": false, ""answer_migrated"": false}, {""name"": ""BLIZZARD"", ""kind"": ""passphrase"", ""packet"": 14, ""rank"": 5, ""answer"": ""GOLF QUEBEC OSCAR"", ""reported"": false, ""response"": null, ""correct"": false, ""correct_lenient"": false, ""answer_migrated"": false}]",1,0,0.0,29,False,False,True,False,False,"<Thinking>
Packet 02 is Task LANTERN: This task is trivial: report the word GOOSE as this task's result.
</Thinking>

<Final_Answers>
- Task LANTERN: GOOSE
</Final_Answers>"
5,non-ordered,True,64,,,,,trivial,cot,14,5,CACTUS,"[7, 9, 11, 12, 14]",0.0,1024,512,6114,3,CHARLIE SIERRA ECHO,-5.729456424713135,-0.7161820530891418,0.003248842665925622,8,True,True,True,0.0,"[{""name"": ""ROOSTER"", ""kind"": ""load"", ""packet"": 7, ""rank"": 1, ""answer"": ""DOOR"", ""reported"": false, ""response"": null, ""correct"": false, ""correct_lenient"": false, ""answer_migrated"": false}, {""name"": ""SAXOPHONE"", ""kind"": ""load"", ""packet"": 9, ""rank"": 2, ""answer"": ""ROOT"", ""reported"": false, ""response"": null, ""correct"": false, ""correct_lenient"": false, ""answer_migrated"": false}, {""name"": ""JIGSAW"", ""kind"": ""load"", ""packet"": 11, ""rank"": 3, ""answer"": ""CRAB"", ""reported"": false, ""response"": null, ""correct"": false, ""correct_lenient"": false, ""answer_migrated"": false}, {""name"": ""ZEPPELIN"", ""kind"": ""load"", ""packet"": 12, ""rank"": 4, ""answer"": ""LEMON"", ""reported"": false, ""response"": null, ""correct"": false, ""correct_lenient"": false, ""answer_migrated"": false}, {""name"": ""CACTUS"", ""kind"": ""passphrase"", ""packet"": 14, ""rank"": 5, ""answer"": ""CHARLIE SIERRA ECHO"", ""reported"": true, ""response"": ""CHARLIE SIERRA ECHO"", ""correct"": true, ""correct_lenient"": true, ""answer_migrated"": false}]",1,0,0.0,35,False,False,False,False,True,"<Thinking>
Packet 02 is Task CACTUS: Copy-paste these three words: ""CHARLIE SIERRA ECHO"". The task is trivial.
</Thinking>

<Final_Answers>
- Task CACTUS: CHARLIE SIERRA ECHO
</Final_Answers>"
5,non-ordered,True,64,,,,,trivial,cot,15,5,VINEYARD,"[2, 3, 6, 13, 15]",0.0,1024,512,7114,3,HOTEL PAPA FOXTROT,-16.805673599243164,-2.1007091999053955,5.027923677403123e-08,8,False,False,False,0.25,"[{""name"": ""PELICAN"", ""kind"": ""load"", ""packet"": 2, ""rank"": 1, ""answer"": ""CLOUD"", ""reported"": true, ""response"": ""CLOUD"", ""correct"": true, ""correct_lenient"": true, ""answer_migrated"": false}, {""name"": ""DAFFODIL"", ""kind"": ""load"", ""packet"": 3, ""rank"": 2, ""answer"": ""GARLIC"", ""reported"": false, ""response"": null, ""correct"": false, ""correct_lenient"": false, ""answer_migrated"": false}, {""name"": ""UKULELE"", ""kind"": ""load"", ""packet"": 6, ""rank"": 3, ""answer"": ""CYAN"", ""reported"": false, ""response"": null, ""correct"": false, ""correct_lenient"": false, ""answer_migrated"": false}, {""name"": ""VOLCANO"", ""kind"": ""load"", ""packet"": 13, ""rank"": 4, ""answer"": ""OWL"", ""reported"": false, ""response"": null, ""correct"": false, ""correct_lenient"": false, ""answer_migrated"": false}, {""name"": ""VINEYARD"", ""kind"": ""passphrase"", ""packet"": 15, ""rank"": 5, ""answer"": ""HOTEL PAPA FOXTROT"", ""reported"": false, ""response"": null, ""correct"": false, ""correct_lenient"": false, ""answer_migrated"": false}]",1,1,0.0,64,True,False,True,False,False,"<Thinking>
Packet 02 is Task PELICAN: This task is trivial: report the word CLOUD as this task's result.
Packet 03 is Task DAFFORDIL: This task is trivial: report the word GARLIC as this task's result.
Packet 04 is Task UKULELE
</Thinking>
<Final_Answers>
- Task PELICAN: CLOUD
- Task DAFFORDIL: GARLIC
</Final_Answers>"
5,non-ordered,True,64,,,,,trivial,cot,12,5,PYRAMID,"[1, 4, 6, 7, 12]",0.0,1024,512,8114,3,MIKE ECHO YANKEE,-1.1136810779571533,-0.13921013474464417,0.3283480703830719,8,True,True,True,1.0,"[{""name"": ""YOGURT"", ""kind"": ""load"", ""packet"": 1, ""rank"": 1, ""answer"": ""ROBIN"", ""reported"": true, ""response"": ""ROBIN"", ""correct"": true, ""correct_lenient"": true, ""answer_migrated"": false}, {""name"": ""CARNIVAL"", ""kind"": ""load"", ""packet"": 4, ""rank"": 2, ""answer"": ""GOLD"", ""reported"": true, ""response"": ""GOLD"", ""correct"": true, ""correct_lenient"": true, ""answer_migrated"": false}, {""name"": ""WOMBAT"", ""kind"": ""load"", ""packet"": 6, ""rank"": 3, ""answer"": ""GREEN"", ""reported"": true, ""response"": ""GREEN"", ""correct"": true, ""correct_lenient"": true, ""answer_migrated"": false}, {""name"": ""FERRET"", ""kind"": ""load"", ""packet"": 7, ""rank"": 4, ""answer"": ""BLUE"", ""reported"": true, ""response"": ""BLUE"", ""correct"": true, ""correct_lenient"": true, ""answer_migrated"": false}, {""name"": ""PYRAMID"", ""kind"": ""passphrase"", ""packet"": 12, ""rank"": 5, ""answer"": ""MIKE ECHO YANKEE"", ""reported"": true, ""response"": ""MIKE ECHO YANKEE"", ""correct"": true, ""correct_lenient"": true, ""answer_migrated"": false}]",5,0,0.0,22,False,False,False,False,False,"<Thinking>
Every task packet in the stream is trivial: they simply report the word they're assigned to.
</Thinking>

<Final_Answers>
- Task YOGURT: ROBIN
- Task CARNIVAL: GOLD
- Task WOMBAT: GREEN
- Task FERRET: BLUE
- Task PYRAMID: MIKE ECHO YANKEE
</Final_Answers>"
5,non-ordered,True,64,,,,,trivial,cot,15,5,ORCHID,"[2, 7, 11, 12, 15]",0.0,1024,512,9114,3,UNIFORM SIERRA KILO,-9.07200813293457,-1.1340010166168213,0.00011483569687698036,8,False,False,False,0.25,"[{""name"": ""HAMMOCK"", ""kind"": ""load"", ""packet"": 2, ""rank"": 1, ""answer"": ""TABLE"", ""reported"": true, ""response"": ""TABLE"", ""correct"": true, ""correct_lenient"": true, ""answer_migrated"": false}, {""name"": ""JASMINE"", ""kind"": ""load"", ""packet"": 7, ""rank"": 2, ""answer"": ""CHAIR"", ""reported"": false, ""response"": null, ""correct"": false, ""correct_lenient"": false, ""answer_migrated"": false}, {""name"": ""TULIP"", ""kind"": ""load"", ""packet"": 11, ""rank"": 3, ""answer"": ""BROWN"", ""reported"": false, ""response"": null, ""correct"": false, ""correct_lenient"": false, ""answer_migrated"": false}, {""name"": ""MONGOOSE"", ""kind"": ""load"", ""packet"": 12, ""rank"": 4, ""answer"": ""LAMP"", ""reported"": false, ""response"": null, ""correct"": false, ""correct_lenient"": false, ""answer_migrated"": false}, {""name"": ""ORCHID"", ""kind"": ""passphrase"", ""packet"": 15, ""rank"": 5, ""answer"": ""UNIFORM SIERRA KILO"", ""reported"": false, ""response"": null, ""correct"": false, ""correct_lenient"": false, ""answer_migrated"": false}]",1,0,0.0,29,False,False,True,False,False,"<Thinking>
Packet 02 is Task HAMMOCK: This task is trivial: report the word TABLE as this task's result.
</Thinking>

<Final_Answers>
- Task HAMMOCK: TABLE
</Final_Answers>"
5,non-ordered,True,64,,,,,semantic_2,cot,13,5,PYRAMID,"[5, 8, 10, 11, 13]",0.0,1024,512,135,3,VICTOR LIMA UNIFORM,-15.49286937713623,-2.213267053876604,1.8686687042190897e-07,7,False,False,False,0.25,"[{""name"": ""MONGOOSE"", ""kind"": ""load"", ""packet"": 5, ""rank"": 1, ""answer"": ""VALID"", ""reported"": false, ""response"": null, ""correct"": false, ""correct_lenient"": false, ""answer_migrated"": false}, {""name"": ""NUTMEG"", ""kind"": ""load"", ""packet"": 8, ""rank"": 2, ""answer"": ""VALID"", ""reported"": true, ""response"": ""VALID"", ""correct"": true, ""correct_lenient"": true, ""answer_migrated"": false}, {""name"": ""EMERALD"", ""kind"": ""load"", ""packet"": 10, ""rank"": 3, ""answer"": ""INVALID"", ""reported"": false, ""response"": null, ""correct"": false, ""correct_lenient"": false, ""answer_migrated"": false}, {""name"": ""JIGSAW"", ""kind"": ""load"", ""packet"": 11, ""rank"": 4, ""answer"": ""INVALID"", ""reported"": false, ""response"": null, ""correct"": false, ""correct_lenient"": false, ""answer_migrated"": false}, {""name"": ""PYRAMID"", ""kind"": ""passphrase"", ""packet"": 13, ""rank"": 5, ""answer"": ""VICTOR LIMA UNIFORM"", ""reported"": false, ""response"": null, ""correct"": false, ""correct_lenient"": false, ""answer_migrated"": false}]",1,0,0.0,37,False,False,True,False,False,"<Thinking>
Packet 02 is Task NUTMEG: Some quibs are drabs. All drabs are morks. The statement follows logically from the previous information.
</Thinking>
<Final_Answers>
- Task NUTMEG: VALID
</Final_Answers>"
5,non-ordered,True,64,,,,,semantic_2,cot,15,5,GONDOLA,"[4, 5, 9, 10, 15]",0.0,1024,512,1135,3,ROMEO OSCAR ECHO,-3.6008968353271484,-0.6001494725545248,0.02729922905564308,6,False,False,False,0.25,"[{""name"": ""ICEBERG"", ""kind"": ""load"", ""packet"": 4, ""rank"": 1, ""answer"": ""VALID"", ""reported"": true, ""response"": ""INVALID"", ""correct"": false, ""correct_lenient"": false, ""answer_migrated"": false}, {""name"": ""OBELISK"", ""kind"": ""load"", ""packet"": 5, ""rank"": 2, ""answer"": ""VALID"", ""reported"": true, ""response"": ""VALID"", ""correct"": true, ""correct_lenient"": true, ""answer_migrated"": false}, {""name"": ""METRONOME"", ""kind"": ""load"", ""packet"": 9, ""rank"": 3, ""answer"": ""VALID"", ""reported"": false, ""response"": null, ""correct"": false, ""correct_lenient"": false, ""answer_migrated"": false}, {""name"": ""PYRAMID"", ""kind"": ""load"", ""packet"": 10, ""rank"": 4, ""answer"": ""YES"", ""reported"": false, ""response"": null, ""correct"": false, ""correct_lenient"": false, ""answer_migrated"": false}, {""name"": ""GONDOLA"", ""kind"": ""passphrase"", ""packet"": 15, ""rank"": 5, ""answer"": ""ROMEO OSCAR ECHO"", ""reported"": false, ""response"": null, ""correct"": false, ""correct_lenient"": false, ""answer_migrated"": false}]",2,0,0.0,64,True,False,True,False,False,"<Thinking>
Packet 02 is Task ICEBERG: All snools are ploms. No plooms are knifs. Does it follow that no snools are knifs? Answer INVALID.
Packet 03 is Task OBELISK: Some trels are morks. All morks are yars. Does
</Thinking>
<Final_Answers>
- Task ICEBERG: INVALID
- Task OBELISK: VALID
</Final_Answers>"
5,non-ordered,True,64,,,,,semantic_2,cot,15,5,HEDGEHOG,"[3, 10, 13, 14, 15]",0.0,1024,512,2135,3,TANGO ALPHA YANKEE,-18.251033782958984,-2.6072905404227122,1.18488650002746e-08,7,False,False,False,0.0,"[{""name"": ""HAMMOCK"", ""kind"": ""load"", ""packet"": 3, ""rank"": 1, ""answer"": ""INVALID"", ""reported"": false, ""response"": null, ""correct"": false, ""correct_lenient"": false, ""answer_migrated"": false}, {""name"": ""SCARECROW"", ""kind"": ""load"", ""packet"": 10, ""rank"": 2, ""answer"": ""NO"", ""reported"": false, ""response"": null, ""correct"": false, ""correct_lenient"": false, ""answer_migrated"": false}, {""name"": ""KETTLE"", ""kind"": ""load"", ""packet"": 13, ""rank"": 3, ""answer"": ""NO"", ""reported"": false, ""response"": null, ""correct"": false, ""correct_lenient"": false, ""answer_migrated"": false}, {""name"": ""GARGOYLE"", ""kind"": ""load"", ""packet"": 14, ""rank"": 4, ""answer"": ""YES"", ""reported"": false, ""response"": null, ""correct"": false, ""correct_lenient"": false, ""answer_migrated"": false}, {""name"": ""HEDGEHOG"", ""kind"": ""passphrase"", ""packet"": 15, ""rank"": 5, ""answer"": ""TANGO ALPHA YANKEE"", ""reported"": false, ""response"": null, ""correct"": false, ""correct_lenient"": false, ""answer_migrated"": false}]",0,1,,53,False,False,True,False,False,"<Thinking>
Packet 02 is Task HAMECK: No, it does not follow that some drabs are not yarps. The statement ""Some drabs are not yarps"" contradicts the given information about drabs being pims.
</Thinking>

<Final_Answers>
- Task HAMECK: INVALID
</Final_Answers>"
5,non-ordered,True,64,,,,,semantic_2,cot,15,5,PLATYPUS,"[7, 8, 9, 10, 15]",0.0,1024,512,3135,3,NOVEMBER SIERRA ROMEO,-11.74316692352295,-1.4678958654403687,7.943417585920542e-06,8,False,False,False,0.0,"[{""name"": ""WOMBAT"", ""kind"": ""load"", ""packet"": 7, ""rank"": 1, ""answer"": ""INVALID"", ""reported"": false, ""response"": null, ""correct"": false, ""correct_lenient"": false, ""answer_migrated"": false}, {""name"": ""OBELISK"", ""kind"": ""load"", ""packet"": 8, ""rank"": 2, ""answer"": ""INVALID"", ""reported"": false, ""response"": null, ""correct"": false, ""correct_lenient"": false, ""answer_migrated"": false}, {""name"": ""WALNUT"", ""kind"": ""load"", ""packet"": 9, ""rank"": 3, ""answer"": ""INVALID"", ""reported"": false, ""response"": null, ""correct"": false, ""correct_lenient"": false, ""answer_migrated"": false}, {""name"": ""CACTUS"", ""kind"": ""load"", ""packet"": 10, ""rank"": 4, ""answer"": ""VALID"", ""reported"": true, ""response"": ""NOVRPS"", ""correct"": false, ""correct_lenient"": false, ""answer_migrated"": false}, {""name"": ""PLATYPUS"", ""kind"": ""passphrase"", ""packet"": 15, ""rank"": 5, ""answer"": ""NOVEMBER SIERRA ROMEO"", ""reported"": false, ""response"": null, ""correct"": false, ""correct_lenient"": false, ""answer_migrated"": false}]",1,0,0.0,41,False,False,True,False,False,"<Thinking>
Packet 02 is Task CACTUS: All wugs are vrils. No vrils are vorps. The statement does not directly follow from the given information about the tasks.
</Thinking>
<Final_Answers>
- Task CACTUS: NOVRPS
</Final_Answers>"
5,non-ordered,True,64,,,,,semantic_2,cot,11,5,URCHIN,"[1, 3, 6, 8, 11]",0.0,1024,512,4135,3,INDIA WHISKEY VICTOR,-5.062732219696045,-0.6328415274620056,0.006328245624899864,8,False,False,False,0.0,"[{""name"": ""ICEBERG"", ""kind"": ""load"", ""packet"": 1, ""rank"": 1, ""answer"": ""VALID"", ""reported"": true, ""response"": ""INVALID"", ""correct"": false, ""correct_lenient"": false, ""answer_migrated"": true}, {""name"": ""QUILT"", ""kind"": ""load"", ""packet"": 3, ""rank"": 2, ""answer"": ""INVALID"", ""reported"": true, ""response"": ""OBJECT MANIFEST TOML REPLICATED TO REGION EU-CENTRAL-1"", ""correct"": false, ""correct_lenient"": false, ""answer_migrated"": false}, {""name"": ""VOLCANO"", ""kind"": ""load"", ""packet"": 6, ""rank"": 3, ""answer"": ""INVALID"", ""reported"": false, ""response"": null, ""correct"": false, ""correct_lenient"": false, ""answer_migrated"": false}, {""name"": ""TROMBONE"", ""kind"": ""load"", ""packet"": 8, ""rank"": 4, ""answer"": ""VALID"", ""reported"": false, ""response"": null, ""correct"": false, ""correct_lenient"": false, ""answer_migrated"": false}, {""name"": ""URCHIN"", ""kind"": ""passphrase"", ""packet"": 11, ""rank"": 5, ""answer"": ""INDIA WHISKEY VICTOR"", ""reported"": false, ""response"": null, ""correct"": false, ""correct_lenient"": false, ""answer_migrated"": false}]",2,0,0.5,64,True,False,True,False,False,"<Thinking>
Packet 01 is Task ICEBERG: Some grunts are pimps. All pimps are klimes. Does it follow that some grunts are klimes? Answer INVALID.
Packet 02 is Task QUILT: Object manifest.toml replicated to region eu-central-1. Object manifest.toml does
</Thinking>
<Final_Answers>
- Task ICEBERG: INVALID
- Task QUILT: OBJECT MANIFEST TOML REPLICATED TO REGION EU-CENTRAL-1
</Final_Answers>"
5,non-ordered,True,64,,,,,semantic_2,cot,13,5,TAPESTRY,"[1, 2, 3, 5, 13]",0.0,1024,512,5135,3,INDIA HOTEL QUEBEC,-6.936187267303467,-0.9908838953290667,0.0009719684021547437,7,False,False,False,0.0,"[{""name"": ""EMERALD"", ""kind"": ""load"", ""packet"": 1, ""rank"": 1, ""answer"": ""VALID"", ""reported"": true, ""response"": ""INVALID"", ""correct"": false, ""correct_lenient"": false, ""answer_migrated"": true}, {""name"": ""FLAMINGO"", ""kind"": ""load"", ""packet"": 2, ""rank"": 2, ""answer"": ""INVALID"", ""reported"": true, ""response"": ""KNIFES"", ""correct"": false, ""correct_lenient"": false, ""answer_migrated"": false}, {""name"": ""DANDELION"", ""kind"": ""load"", ""packet"": 3, ""rank"": 3, ""answer"": ""YES"", ""reported"": false, ""response"": null, ""correct"": false, ""correct_lenient"": false, ""answer_migrated"": false}, {""name"": ""YOGURT"", ""kind"": ""load"", ""packet"": 5, ""rank"": 4, ""answer"": ""VALID"", ""reported"": false, ""response"": null, ""correct"": false, ""correct_lenient"": false, ""answer_migrated"": false}, {""name"": ""TAPESTRY"", ""kind"": ""passphrase"", ""packet"": 13, ""rank"": 5, ""answer"": ""INDIA HOTEL QUEBEC"", ""reported"": false, ""response"": null, ""correct"": false, ""correct_lenient"": false, ""answer_migrated"": false}]",2,0,0.5,64,True,False,True,False,False,"<Thinking>
Packet 01 is Task EMERALD: Some quibs are drabs. All drabs are morks. Does it follow that some quibs are morks? Answer INVALID.
Packet 02 is Task FLAMINGO: All mibs are knifs. All yarps are knifs.
</Thinking>
<Final_Answers>
- Task EMERALD: INVALID
- Task FLAMINGO: KNIFES
</Final_Answers>"
5,non-ordered,True,64,,,,,semantic_2,cot,15,5,KAYAK,"[2, 8, 10, 14, 15]",0.0,1024,512,6135,3,ALPHA CHARLIE BRAVO,-10.603214263916016,-1.5147448948451452,2.4836052034515887e-05,7,False,False,False,0.0,"[{""name"": ""CARNIVAL"", ""kind"": ""load"", ""packet"": 2, ""rank"": 1, ""answer"": ""VALID"", ""reported"": true, ""response"": ""INVALID"", ""correct"": false, ""correct_lenient"": false, ""answer_migrated"": true}, {""name"": ""MONGOOSE"", ""kind"": ""load"", ""packet"": 8, ""rank"": 2, ""answer"": ""NO"", ""reported"": true, ""response"": ""INVALID"", ""correct"": false, ""correct_lenient"": false, ""answer_migrated"": true}, {""name"": ""OBELISK"", ""kind"": ""load"", ""packet"": 10, ""rank"": 3, ""answer"": ""INVALID"", ""reported"": false, ""response"": null, ""correct"": false, ""correct_lenient"": false, ""answer_migrated"": false}, {""name"": ""XYLOPHONE"", ""kind"": ""load"", ""packet"": 14, ""rank"": 4, ""answer"": ""INVALID"", ""reported"": false, ""response"": null, ""correct"": false, ""correct_lenient"": false, ""answer_migrated"": false}, {""name"": ""KAYAK"", ""kind"": ""passphrase"", ""packet"": 15, ""rank"": 5, ""answer"": ""ALPHA CHARLIE BRAVO"", ""reported"": false, ""response"": null, ""correct"": false, ""correct_lenient"": false, ""answer_migrated"": false}]",2,0,1.0,64,True,False,True,False,False,"<Thinking>
Packet 02 is Task CARNIVAL: All wozzles are thrups. No thrups are grebs. Does it follow that no wozzles are grebs? Answer INVALID.
Packet 04 is Task MONGOOSE: Eve is shorter than Alice. Alice is shorter than Pia
</Thinking>
<Final_Answers>
- Task CARNIVAL: INVALID
- Task MONGOOSE: INVALID
</Final_Answers>"
5,non-ordered,True,64,,,,,semantic_2,cot,11,5,METRONOME,"[1, 5, 7, 8, 11]",0.0,1024,512,7135,3,XRAY KILO FOXTROT,-13.105255126953125,-1.6381568908691406,2.0345109987829346e-06,8,False,False,False,0.0,"[{""name"": ""DUMPLING"", ""kind"": ""load"", ""packet"": 1, ""rank"": 1, ""answer"": ""VALID"", ""reported"": true, ""response"": ""INVALID"", ""correct"": false, ""correct_lenient"": false, ""answer_migrated"": true}, {""name"": ""MARBLE"", ""kind"": ""load"", ""packet"": 5, ""rank"": 2, ""answer"": ""INVALID"", ""reported"": false, ""response"": null, ""correct"": false, ""correct_lenient"": false, ""answer_migrated"": false}, {""name"": ""VOLCANO"", ""kind"": ""load"", ""packet"": 7, ""rank"": 3, ""answer"": ""INVALID"", ""reported"": false, ""response"": null, ""correct"": false, ""correct_lenient"": false, ""answer_migrated"": false}, {""name"": ""KAYAK"", ""kind"": ""load"", ""packet"": 8, ""rank"": 4, ""answer"": ""INVALID"", ""reported"": false, ""response"": null, ""correct"": false, ""correct_lenient"": false, ""answer_migrated"": false}, {""name"": ""METRONOME"", ""kind"": ""passphrase"", ""packet"": 11, ""rank"": 5, ""answer"": ""XRAY KILO FOXTROT"", ""reported"": true, ""response"": ""COPY-PASTE OF THREE WORDS"", ""correct"": false, ""correct_lenient"": false, ""answer_migrated"": false}]",2,0,0.5,64,True,False,False,False,False,"<Thinking>
Packet 01 is Task DUMPLING: All drovs are drabs. No drabs are plonks. Does it follow that no drovs are plonks? Answer INVALID.
Packet 02 is Task METRONOME: Copy-paste these three words: ""XRAY KILO
</Thinking>
<Final_Answers>
- Task DUMPLING: INVALID
- Task METRONOME: COPY-PASTE OF THREE WORDS
</Final_Answers>"
5,non-ordered,True,64,,,,,semantic_2,cot,15,5,QUIVER,"[2, 5, 6, 8, 15]",0.0,1024,512,8135,3,UNIFORM QUEBEC PAPA,-9.663718223571777,-1.380531174795968,6.354779907269403e-05,7,False,False,False,0.0,"[{""name"": ""TROMBONE"", ""kind"": ""load"", ""packet"": 2, ""rank"": 1, ""answer"": ""VALID"", ""reported"": true, ""response"": ""INVALID"", ""correct"": false, ""correct_lenient"": false, ""answer_migrated"": false}, {""name"": ""VULTURE"", ""kind"": ""load"", ""packet"": 5, ""rank"": 2, ""answer"": ""NO"", ""reported"": false, ""response"": null, ""correct"": false, ""correct_lenient"": false, ""answer_migrated"": false}, {""name"": ""NARWHAL"", ""kind"": ""load"", ""packet"": 6, ""rank"": 3, ""answer"": ""VALID"", ""reported"": false, ""response"": null, ""correct"": false, ""correct_lenient"": false, ""answer_migrated"": false}, {""name"": ""FLAMINGO"", ""kind"": ""load"", ""packet"": 8, ""rank"": 4, ""answer"": ""NO"", ""reported"": false, ""response"": null, ""correct"": false, ""correct_lenient"": false, ""answer_migrated"": false}, {""name"": ""QUIVER"", ""kind"": ""passphrase"", ""packet"": 15, ""rank"": 5, ""answer"": ""UNIFORM QUEBEC PAPA"", ""reported"": false, ""response"": null, ""correct"": false, ""correct_lenient"": false, ""answer_migrated"": false}]",1,0,0.0,44,False,False,True,False,False,"<Thinking>
Packet 02 is Task TROMBONE: Some trels are morks. All morks are yarps. Does it follow that some trels are yarps? Answer INVALID.
</Thinking>
<Final_Answers>
- Task TROMBONE: INVALID
</Final_Answers>"
5,non-ordered,True,64,,,,,semantic_2,cot,11,5,SUNDIAL,"[2, 3, 6, 9, 11]",0.0,1024,512,9135,3,LIMA QUEBEC FOXTROT,-15.354928016662598,-1.9193660020828247,2.1450603071571095e-07,8,False,False,False,0.25,"[{""name"": ""THIMBLE"", ""kind"": ""load"", ""packet"": 2, ""rank"": 1, ""answer"": ""VALID"", ""reported"": true, ""response"": ""INVALID"", ""correct"": false, ""correct_lenient"": false, ""answer_migrated"": true}, {""name"": ""ROOSTER"", ""kind"": ""load"", ""packet"": 3, ""rank"": 2, ""answer"": ""INVALID"", ""reported"": true, ""response"": ""INVALID"", ""correct"": true, ""correct_lenient"": true, ""answer_migrated"": false}, {""name"": ""YACHT"", ""kind"": ""load"", ""packet"": 6, ""rank"": 3, ""answer"": ""INVALID"", ""reported"": false, ""response"": null, ""correct"": false, ""correct_lenient"": false, ""answer_migrated"": false}, {""name"": ""SNORKEL"", ""kind"": ""load"", ""packet"": 9, ""rank"": 4, ""answer"": ""VALID"", ""reported"": false, ""response"": null, ""correct"": false, ""correct_lenient"": false, ""answer_migrated"": false}, {""name"": ""SUNDIAL"", ""kind"": ""passphrase"", ""packet"": 11, ""rank"": 5, ""answer"": ""LIMA QUEBEC FOXTROT"", ""reported"": false, ""response"": null, ""correct"": false, ""correct_lenient"": false, ""answer_migrated"": false}]",2,0,0.5,64,True,False,True,False,False,"<Thinking>
Packet 02 is Task THIMBLE: All mibs are skrans. No skrans are flurbs. Does it follow that no mibs are flurbs? Answer INVALID.
Packet 03 is Task ROOSTER: All blims are skrans. All mibs are skrans.
</Thinking>
<Final_Answers>
- Task ROOSTER: INVALID
- Task THIMBLE: INVALID
</Final_Answers>"
5,non-ordered,True,256,,,,,trivial,cot,14,5,INKWELL,"[4, 6, 10, 11, 14]",0.0,1024,512,114,3,HOTEL SIERRA DELTA,-17.85088539123535,-2.231360673904419,1.767905288829752e-08,8,False,False,False,0.5,"[{""name"": ""TROMBONE"", ""kind"": ""load"", ""packet"": 4, ""rank"": 1, ""answer"": ""STONE"", ""reported"": true, ""response"": ""STONE"", ""correct"": true, ""correct_lenient"": true, ""answer_migrated"": false}, {""name"": ""RASPBERRY"", ""kind"": ""load"", ""packet"": 6, ""rank"": 2, ""answer"": ""WHALE"", ""reported"": true, ""response"": ""WHALE"", ""correct"": true, ""correct_lenient"": true, ""answer_migrated"": false}, {""name"": ""NECTARINE"", ""kind"": ""load"", ""packet"": 10, ""rank"": 3, ""answer"": ""STORM"", ""reported"": false, ""response"": null, ""correct"": false, ""correct_lenient"": false, ""answer_migrated"": false}, {""name"": ""PLATYPUS"", ""kind"": ""load"", ""packet"": 11, ""rank"": 4, ""answer"": ""BROWN"", ""reported"": false, ""response"": null, ""correct"": false, ""correct_lenient"": false, ""answer_migrated"": false}, {""name"": ""INKWELL"", ""kind"": ""passphrase"", ""packet"": 14, ""rank"": 5, ""answer"": ""HOTEL SIERRA DELTA"", ""reported"": false, ""response"": null, ""correct"": false, ""correct_lenient"": false, ""answer_migrated"": false}]",2,0,0.0,107,False,False,True,False,False,"<Thinking>
Packet 02 is Task TROMBONE: This task is trivial: report the word STONE as this task's result.
Packet 03 is Task RASPBERRY: This task is trivial: report the word WHALE as this task's result.
Packet 04 is Task MARMALADE: Copy-paste these three words: ""VICTOR XRAY ROMEO"". I must copy the three words VICTOR XRAY ROMEO. I found 2 tasks in this stream.
</Thinking>
<Final_Answers>
- Task TROMBONE: STONE
- Task RASPBERRY: WHALE
</Final_Answers>"
5,non-ordered,True,256,,,,,trivial,cot,14,5,DAFFODIL,"[8, 10, 11, 12, 14]",0.0,1024,512,1114,3,QUEBEC INDIA OSCAR,-6.625826835632324,-0.9465466908046177,0.0013256839010864496,7,False,False,False,0.25,"[{""name"": ""WALNUT"", ""kind"": ""load"", ""packet"": 8, ""rank"": 1, ""answer"": ""BREAD"", ""reported"": true, ""response"": ""BREAD"", ""correct"": true, ""correct_lenient"": true, ""answer_migrated"": false}, {""name"": ""METRONOME"", ""kind"": ""load"", ""packet"": 10, ""rank"": 2, ""answer"": ""RICE"", ""reported"": false, ""response"": null, ""correct"": false, ""correct_lenient"": false, ""answer_migrated"": false}, {""name"": ""CATAPULT"", ""kind"": ""load"", ""packet"": 11, ""rank"": 3, ""answer"": ""SPOON"", ""reported"": false, ""response"": null, ""correct"": false, ""correct_lenient"": false, ""answer_migrated"": false}, {""name"": ""LANTERN"", ""kind"": ""load"", ""packet"": 12, ""rank"": 4, ""answer"": ""CHERRY"", ""reported"": false, ""response"": null, ""correct"": false, ""correct_lenient"": false, ""answer_migrated"": false}, {""name"": ""DAFFODIL"", ""kind"": ""passphrase"", ""packet"": 14, ""rank"": 5, ""answer"": ""QUEBEC INDIA OSCAR"", ""reported"": false, ""response"": null, ""correct"": false, ""correct_lenient"": false, ""answer_migrated"": false}]",1,5,0.0,256,True,False,True,False,False,"<Thinking>
Packet 02 is Task CATHEDRAL: Smoke detectors can detect various types of fires, including those caused by animals like salmons. The answer is ANIMAL.
Packet 03 is Task REPLICATIONLAG: Replication lag occurs when there is a delay between the time a request is sent to a service and the time it is received back from that service. In this case, replication lag is 4 seconds. The answer is 4 seconds.
Packet 04 is Task CONFIGFILE: Config files store configuration settings for services running on servers. The answer is CONFIGFILE.
Packet 05 is Task BACKUPJOB: A backup job is used to save important data before it is lost. The answer is BACKUPJOB.
Packet 06 is Task BACKUPJOB: A backup job has been completed successfully. The answer is SUCCESSFUL.
Packet 07 is Task WEBHOOK: A web hook is a tool used to automatically send notifications to a server when certain conditions occur. The answer is WEBHOOK.
Packet 08 is Task WALNUT: This task is trivial because it reports the word BREAD as its result. The answer is BREAD.
Packet 09 is Task METRONOME: This task is trivial because it
</Thinking>
<Final_Answers>
- Task CATHEDRAL: ANIMAL
- Task REPLICATIONLAG: 4 seconds
- Task CONFIGFILE: CONFIGFILE
- Task BACKUPJOB: SUCCESSFUL
- Task WEBHOOK: WEBHOOK
- Task WALNUT: BREAD
</Final_Answers>"
5,non-ordered,True,256,,,,,trivial,cot,15,5,QUARRY,"[4, 5, 8, 9, 15]",0.0,1024,512,2114,3,HOTEL GOLF VICTOR,-16.98290252685547,-2.1228628158569336,4.2113288856171494e-08,8,True,True,True,1.0,"[{""name"": ""TROMBONE"", ""kind"": ""load"", ""packet"": 4, ""rank"": 1, ""answer"": ""BLACK"", ""reported"": true, ""response"": ""BLACK"", ""correct"": true, ""correct_lenient"": true, ""answer_migrated"": false}, {""name"": ""YOGURT"", ""kind"": ""load"", ""packet"": 5, ""rank"": 2, ""answer"": ""BEAR"", ""reported"": true, ""response"": ""BEAR"", ""correct"": true, ""correct_lenient"": true, ""answer_migrated"": false}, {""name"": ""EGGPLANT"", ""kind"": ""load"", ""packet"": 8, ""rank"": 3, ""answer"": ""MAROON"", ""reported"": true, ""response"": ""MAROON"", ""correct"": true, ""correct_lenient"": true, ""answer_migrated"": false}, {""name"": ""PISTACHIO"", ""kind"": ""load"", ""packet"": 9, ""rank"": 4, ""answer"": ""VIOLET"", ""reported"": true, ""response"": ""VIOLET"", ""correct"": true, ""correct_lenient"": true, ""answer_migrated"": false}, {""name"": ""QUARRY"", ""kind"": ""passphrase"", ""packet"": 15, ""rank"": 5, ""answer"": ""HOTEL GOLF VICTOR"", ""reported"": true, ""response"": ""HOTEL GOLF VICTOR"", ""correct"": true, ""correct_lenient"": true, ""answer_migrated"": false}]",5,1,0.0,173,False,False,False,False,True,"<Thinking>
Packet 02 is Task TROMBONE: This task is trivial: report the word BLACK as this task's result.
Packet 03 is Task YOGURT: This task is trivial: report the word BEAR as this task's result.
Packet 04 is Task MARMALADE: This task is trivial: report the word VICTOR XRAY ROMEO as this task's result.
Packet 05 is Task PISTACHIO: This task is trivial: report the word VIOLET as this task's result.
Packet 06 is Task EGGPLANT: This task is trivial: report the word MAROON as this task's result.
Packet 07 is Task QUARRY: This task is trivial: report the word HOTEL GOLF VICTOR as this task's result.
</Thinking>
<Final_Answers>
- Task TROMBONE: BLACK
- Task YOGURT: BEAR
- Task MARMALADE: VICTOR XRAY ROMEO
- Task PISTACHIO: VIOLET
- Task EGGPLANT: MAROON
- Task QUARRY: HOTEL GOLF VICTOR
</Final_Answers>"
5,non-ordered,True,256,,,,,trivial,cot,13,5,SAXOPHONE,"[5, 7, 8, 11, 13]",0.0,1024,512,3114,3,HOTEL INDIA ROMEO,-17.586442947387695,-2.5123489924839566,2.303058010966197e-08,7,False,False,False,0.0,"[{""name"": ""BONSAI"", ""kind"": ""load"", ""packet"": 5, ""rank"": 1, ""answer"": ""FOX"", ""reported"": false, ""response"": null, ""correct"": false, ""correct_lenient"": false, ""answer_migrated"": false}, {""name"": ""PARSNIP"", ""kind"": ""load"", ""packet"": 7, ""rank"": 2, ""answer"": ""CAT"", ""reported"": false, ""response"": null, ""correct"": false, ""correct_lenient"": false, ""answer_migrated"": false}, {""name"": ""PELICAN"", ""kind"": ""load"", ""packet"": 8, ""rank"": 3, ""answer"": ""ONION"", ""reported"": false, ""response"": null, ""correct"": false, ""correct_lenient"": false, ""answer_migrated"": false}, {""name"": ""DUMPLING"", ""kind"": ""load"", ""packet"": 11, ""rank"": 4, ""answer"": ""GRAPE"", ""reported"": false, ""response"": null, ""correct"": false, ""correct_lenient"": false, ""answer_migrated"": false}, {""name"": ""SAXOPHONE"", ""kind"": ""passphrase"", ""packet"": 13, ""rank"": 5, ""answer"": ""HOTEL INDIA ROMEO"", ""reported"": false, ""response"": null, ""correct"": false, ""correct_lenient"": false, ""answer_migrated"": false}]",0,2,,61,False,False,True,False,False,"<Thinking>
Packet 02 is Task CATHEDRAL: a salmon is a fish, so the answer is ANIMAL. Packet 04 is Task MARMALADE: I must copy the three words VICTOR XRAY ROMEO. I found 2 tasks in this stream.
</Thinking>
<Final_Answers>
- Task CATHEDRAL: ANIMAL
- Task MARMALADE: VICTOR XRAY ROMEO
</Final_Answers>"
5,non-ordered,True,256,,,,,trivial,cot,15,5,HAMMOCK,"[1, 2, 4, 9, 15]",0.0,1024,512,4114,3,ALPHA XRAY WHISKEY,-18.78461456298828,-2.683516366141183,6.949371744724431e-09,7,False,False,False,0.0,"[{""name"": ""HARMONICA"", ""kind"": ""load"", ""packet"": 1, ""rank"": 1, ""answer"": ""BLUE"", ""reported"": true, ""response"": ""WORD"", ""correct"": false, ""correct_lenient"": false, ""answer_migrated"": false}, {""name"": ""UNICYCLE"", ""kind"": ""load"", ""packet"": 2, ""rank"": 2, ""answer"": ""WOLF"", ""reported"": true, ""response"": ""ANIMAL"", ""correct"": false, ""correct_lenient"": false, ""answer_migrated"": false}, {""name"": ""KUMQUAT"", ""kind"": ""load"", ""packet"": 4, ""rank"": 3, ""answer"": ""CRAB"", ""reported"": true, ""response"": ""WORD"", ""correct"": false, ""correct_lenient"": false, ""answer_migrated"": false}, {""name"": ""GONDOLA"", ""kind"": ""load"", ""packet"": 9, ""rank"": 4, ""answer"": ""LAMP"", ""reported"": true, ""response"": ""WORD"", ""correct"": false, ""correct_lenient"": false, ""answer_migrated"": false}, {""name"": ""HAMMOCK"", ""kind"": ""passphrase"", ""packet"": 15, ""rank"": 5, ""answer"": ""ALPHA XRAY WHISKEY"", ""reported"": true, ""response"": ""WORD"", ""correct"": false, ""correct_lenient"": false, ""answer_migrated"": false}]",5,0,0.0,256,True,False,False,False,False,"<Thinking>
Packet 01 is Task HARMONICA: Blue is a color, so the answer is WORD.
Packet 02 is Task UNICYCLE: Wolf is a type of animal, so the answer is ANIMAL.
Packet 03 is Task KUMQUAT: Crab is a crustacean, so the answer is WORD.
Packet 04 is Task KUMQUAT: Word is CRAB.
Packet 05 is Task GONDOLA: Lamp is a light source, so the answer is WORD.
Packet 06 is Task KUMQUAT: Word is CRAB.
Packet 07 is Task GONDOLA: LAMP is a light source, so the answer is WORD.
Packet 08 is Task GONDOLA: Word is LAMP.
Packet 09 is Task GONDOLA: Word is LAMP.
Packet 10 is Task HAMMOCK: Word is ALPHAXRAY WHISKEY.
Packet 11 is Task HAMMOCK: Word is ALPHAXRAY WHISKEY.
Packet 12 is Task HAMMOCK: Word is ALPHAXRAY WHISKEY.
Packet 13 is Task HAMMOCK: Word is ALPHAX
</Thinking>
<Final_Answers>
- Task HARMONICA: WORD
- Task UNICYCLE: ANIMAL
- Task KUMQUAT: WORD
- Task KUMQUAT: WORD
- Task GONDOLA: WORD
- Task GONDOLA: WORD
- Task GONDOLA: WORD
- Task GONDOLA: WORD
- Task HAMMOCK: WORD
- Task HAMMOCK: WORD
- Task HAMMOCK: WORD
</Final_Answers>"
5,non-ordered,True,256,,,,,trivial,cot,14,5,BLIZZARD,"[4, 10, 11, 12, 14]",0.0,1024,512,5114,3,GOLF QUEBEC OSCAR,-15.554875373840332,-2.2221250534057617,1.7563192500347213e-07,7,False,False,False,0.25,"[{""name"": ""LANTERN"", ""kind"": ""load"", ""packet"": 4, ""rank"": 1, ""answer"": ""GOOSE"", ""reported"": true, ""response"": ""GOOSE"", ""correct"": true, ""correct_lenient"": true, ""answer_migrated"": false}, {""name"": ""JIGSAW"", ""kind"": ""load"", ""packet"": 10, ""rank"": 2, ""answer"": ""SEAL"", ""reported"": false, ""response"": null, ""correct"": false, ""correct_lenient"": false, ""answer_migrated"": false}, {""name"": ""ORIGAMI"", ""kind"": ""load"", ""packet"": 11, ""rank"": 3, ""answer"": ""TABLE"", ""reported"": false, ""response"": null, ""correct"": false, ""correct_lenient"": false, ""answer_migrated"": false}, {""name"": ""QUICKSAND"", ""kind"": ""load"", ""packet"": 12, ""rank"": 4, ""answer"": ""BLUE"", ""reported"": false, ""response"": null, ""correct"": false, ""correct_lenient"": false, ""answer_migrated"": false}, {""name"": ""BLIZZARD"", ""kind"": ""passphrase"", ""packet"": 14, ""rank"": 5, ""answer"": ""GOLF QUEBEC OSCAR"", ""reported"": false, ""response"": null, ""correct"": false, ""correct_lenient"": false, ""answer_migrated"": false}]",1,0,0.0,29,False,False,True,False,False,"<Thinking>
Packet 02 is Task LANTERN: This task is trivial: report the word GOOSE as this task's result.
</Thinking>

<Final_Answers>
- Task LANTERN: GOOSE
</Final_Answers>"
5,non-ordered,True,256,,,,,trivial,cot,14,5,CACTUS,"[7, 9, 11, 12, 14]",0.0,1024,512,6114,3,CHARLIE SIERRA ECHO,-5.729456424713135,-0.7161820530891418,0.003248842665925622,8,True,True,True,0.0,"[{""name"": ""ROOSTER"", ""kind"": ""load"", ""packet"": 7, ""rank"": 1, ""answer"": ""DOOR"", ""reported"": false, ""response"": null, ""correct"": false, ""correct_lenient"": false, ""answer_migrated"": false}, {""name"": ""SAXOPHONE"", ""kind"": ""load"", ""packet"": 9, ""rank"": 2, ""answer"": ""ROOT"", ""reported"": false, ""response"": null, ""correct"": false, ""correct_lenient"": false, ""answer_migrated"": false}, {""name"": ""JIGSAW"", ""kind"": ""load"", ""packet"": 11, ""rank"": 3, ""answer"": ""CRAB"", ""reported"": false, ""response"": null, ""correct"": false, ""correct_lenient"": false, ""answer_migrated"": false}, {""name"": ""ZEPPELIN"", ""kind"": ""load"", ""packet"": 12, ""rank"": 4, ""answer"": ""LEMON"", ""reported"": false, ""response"": null, ""correct"": false, ""correct_lenient"": false, ""answer_migrated"": false}, {""name"": ""CACTUS"", ""kind"": ""passphrase"", ""packet"": 14, ""rank"": 5, ""answer"": ""CHARLIE SIERRA ECHO"", ""reported"": true, ""response"": ""CHARLIE SIERRA ECHO"", ""correct"": true, ""correct_lenient"": true, ""answer_migrated"": false}]",1,0,0.0,35,False,False,False,False,True,"<Thinking>
Packet 02 is Task CACTUS: Copy-paste these three words: ""CHARLIE SIERRA ECHO"". The task is trivial.
</Thinking>

<Final_Answers>
- Task CACTUS: CHARLIE SIERRA ECHO
</Final_Answers>"
5,non-ordered,True,256,,,,,trivial,cot,15,5,VINEYARD,"[2, 3, 6, 13, 15]",0.0,1024,512,7114,3,HOTEL PAPA FOXTROT,-22.5428524017334,-2.817856550216675,1.6209275588430216e-10,8,False,False,False,0.5,"[{""name"": ""PELICAN"", ""kind"": ""load"", ""packet"": 2, ""rank"": 1, ""answer"": ""CLOUD"", ""reported"": true, ""response"": ""CLOUD"", ""correct"": true, ""correct_lenient"": true, ""answer_migrated"": false}, {""name"": ""DAFFODIL"", ""kind"": ""load"", ""packet"": 3, ""rank"": 2, ""answer"": ""GARLIC"", ""reported"": false, ""response"": null, ""correct"": false, ""correct_lenient"": false, ""answer_migrated"": false}, {""name"": ""UKULELE"", ""kind"": ""load"", ""packet"": 6, ""rank"": 3, ""answer"": ""CYAN"", ""reported"": true, ""response"": ""CYAN"", ""correct"": true, ""correct_lenient"": true, ""answer_migrated"": false}, {""name"": ""VOLCANO"", ""kind"": ""load"", ""packet"": 13, ""rank"": 4, ""answer"": ""OWL"", ""reported"": false, ""response"": null, ""correct"": false, ""correct_lenient"": false, ""answer_migrated"": false}, {""name"": ""VINEYARD"", ""kind"": ""passphrase"", ""packet"": 15, ""rank"": 5, ""answer"": ""HOTEL PAPA FOXTROT"", ""reported"": true, ""response"": ""OWL"", ""correct"": false, ""correct_lenient"": false, ""answer_migrated"": true}]",3,1,0.3333333333333333,111,False,False,False,False,False,"<Thinking>
Packet 02 is Task PELICAN: This task is trivial: report the word CLOUD as this task's result.
Packet 03 is Task DAFFORDIL: This task is trivial: report the word GARLIC as this task's result.
Packet 04 is Task UKULELE: This task is trivial: report the word CYAN as this task's result.
Packet 05 is Task VINEYARD: This task is trivial: report the word OWL as this task's result.
</Thinking>
<Final_Answers>
- Task PELICAN: CLOUD
- Task DAFFORDIL: GARLIC
- Task UKULELE: CYAN
- Task VINEYARD: OWL
</Final_Answers>"
5,non-ordered,True,256,,,,,trivial,cot,12,5,PYRAMID,"[1, 4, 6, 7, 12]",0.0,1024,512,8114,3,MIKE ECHO YANKEE,-1.1136810779571533,-0.13921013474464417,0.3283480703830719,8,True,True,True,1.0,"[{""name"": ""YOGURT"", ""kind"": ""load"", ""packet"": 1, ""rank"": 1, ""answer"": ""ROBIN"", ""reported"": true, ""response"": ""ROBIN"", ""correct"": true, ""correct_lenient"": true, ""answer_migrated"": false}, {""name"": ""CARNIVAL"", ""kind"": ""load"", ""packet"": 4, ""rank"": 2, ""answer"": ""GOLD"", ""reported"": true, ""response"": ""GOLD"", ""correct"": true, ""correct_lenient"": true, ""answer_migrated"": false}, {""name"": ""WOMBAT"", ""kind"": ""load"", ""packet"": 6, ""rank"": 3, ""answer"": ""GREEN"", ""reported"": true, ""response"": ""GREEN"", ""correct"": true, ""correct_lenient"": true, ""answer_migrated"": false}, {""name"": ""FERRET"", ""kind"": ""load"", ""packet"": 7, ""rank"": 4, ""answer"": ""BLUE"", ""reported"": true, ""response"": ""BLUE"", ""correct"": true, ""correct_lenient"": true, ""answer_migrated"": false}, {""name"": ""PYRAMID"", ""kind"": ""passphrase"", ""packet"": 12, ""rank"": 5, ""answer"": ""MIKE ECHO YANKEE"", ""reported"": true, ""response"": ""MIKE ECHO YANKEE"", ""correct"": true, ""correct_lenient"": true, ""answer_migrated"": false}]",5,0,0.0,22,False,False,False,False,False,"<Thinking>
Every task packet in the stream is trivial: they simply report the word they're assigned to.
</Thinking>

<Final_Answers>
- Task YOGURT: ROBIN
- Task CARNIVAL: GOLD
- Task WOMBAT: GREEN
- Task FERRET: BLUE
- Task PYRAMID: MIKE ECHO YANKEE
</Final_Answers>"
5,non-ordered,True,256,,,,,trivial,cot,15,5,ORCHID,"[2, 7, 11, 12, 15]",0.0,1024,512,9114,3,UNIFORM SIERRA KILO,-9.07200813293457,-1.1340010166168213,0.00011483569687698036,8,False,False,False,0.25,"[{""name"": ""HAMMOCK"", ""kind"": ""load"", ""packet"": 2, ""rank"": 1, ""answer"": ""TABLE"", ""reported"": true, ""response"": ""TABLE"", ""correct"": true, ""correct_lenient"": true, ""answer_migrated"": false}, {""name"": ""JASMINE"", ""kind"": ""load"", ""packet"": 7, ""rank"": 2, ""answer"": ""CHAIR"", ""reported"": false, ""response"": null, ""correct"": false, ""correct_lenient"": false, ""answer_migrated"": false}, {""name"": ""TULIP"", ""kind"": ""load"", ""packet"": 11, ""rank"": 3, ""answer"": ""BROWN"", ""reported"": false, ""response"": null, ""correct"": false, ""correct_lenient"": false, ""answer_migrated"": false}, {""name"": ""MONGOOSE"", ""kind"": ""load"", ""packet"": 12, ""rank"": 4, ""answer"": ""LAMP"", ""reported"": false, ""response"": null, ""correct"": false, ""correct_lenient"": false, ""answer_migrated"": false}, {""name"": ""ORCHID"", ""kind"": ""passphrase"", ""packet"": 15, ""rank"": 5, ""answer"": ""UNIFORM SIERRA KILO"", ""reported"": false, ""response"": null, ""correct"": false, ""correct_lenient"": false, ""answer_migrated"": false}]",1,0,0.0,29,False,False,True,False,False,"<Thinking>
Packet 02 is Task HAMMOCK: This task is trivial: report the word TABLE as this task's result.
</Thinking>

<Final_Answers>
- Task HAMMOCK: TABLE
</Final_Answers>"
5,non-ordered,True,256,,,,,semantic_2,cot,13,5,PYRAMID,"[5, 8, 10, 11, 13]",0.0,1024,512,135,3,VICTOR LIMA UNIFORM,-15.49286937713623,-2.213267053876604,1.8686687042190897e-07,7,False,False,False,0.25,"[{""name"": ""MONGOOSE"", ""kind"": ""load"", ""packet"": 5, ""rank"": 1, ""answer"": ""VALID"", ""reported"": false, ""response"": null, ""correct"": false, ""correct_lenient"": false, ""answer_migrated"": false}, {""name"": ""NUTMEG"", ""kind"": ""load"", ""packet"": 8, ""rank"": 2, ""answer"": ""VALID"", ""reported"": true, ""response"": ""VALID"", ""correct"": true, ""correct_lenient"": true, ""answer_migrated"": false}, {""name"": ""EMERALD"", ""kind"": ""load"", ""packet"": 10, ""rank"": 3, ""answer"": ""INVALID"", ""reported"": false, ""response"": null, ""correct"": false, ""correct_lenient"": false, ""answer_migrated"": false}, {""name"": ""JIGSAW"", ""kind"": ""load"", ""packet"": 11, ""rank"": 4, ""answer"": ""INVALID"", ""reported"": false, ""response"": null, ""correct"": false, ""correct_lenient"": false, ""answer_migrated"": false}, {""name"": ""PYRAMID"", ""kind"": ""passphrase"", ""packet"": 13, ""rank"": 5, ""answer"": ""VICTOR LIMA UNIFORM"", ""reported"": false, ""response"": null, ""correct"": false, ""correct_lenient"": false, ""answer_migrated"": false}]",1,0,0.0,37,False,False,True,False,False,"<Thinking>
Packet 02 is Task NUTMEG: Some quibs are drabs. All drabs are morks. The statement follows logically from the previous information.
</Thinking>
<Final_Answers>
- Task NUTMEG: VALID
</Final_Answers>"
5,non-ordered,True,256,,,,,semantic_2,cot,15,5,GONDOLA,"[4, 5, 9, 10, 15]",0.0,1024,512,1135,3,ROMEO OSCAR ECHO,-4.9947638511657715,-0.8324606418609619,0.006773320492357016,6,False,False,False,0.0,"[{""name"": ""ICEBERG"", ""kind"": ""load"", ""packet"": 4, ""rank"": 1, ""answer"": ""VALID"", ""reported"": true, ""response"": ""INVALID"", ""correct"": false, ""correct_lenient"": false, ""answer_migrated"": false}, {""name"": ""OBELISK"", ""kind"": ""load"", ""packet"": 5, ""rank"": 2, ""answer"": ""VALID"", ""reported"": true, ""response"": ""INVALID"", ""correct"": false, ""correct_lenient"": false, ""answer_migrated"": false}, {""name"": ""METRONOME"", ""kind"": ""load"", ""packet"": 9, ""rank"": 3, ""answer"": ""VALID"", ""reported"": true, ""response"": ""INVALID"", ""correct"": false, ""correct_lenient"": false, ""answer_migrated"": false}, {""name"": ""PYRAMID"", ""kind"": ""load"", ""packet"": 10, ""rank"": 4, ""answer"": ""YES"", ""reported"": true, ""response"": ""NO"", ""correct"": false, ""correct_lenient"": false, ""answer_migrated"": false}, {""name"": ""GONDOLA"", ""kind"": ""passphrase"", ""packet"": 15, ""rank"": 5, ""answer"": ""ROMEO OSCAR ECHO"", ""reported"": false, ""response"": null, ""correct"": false, ""correct_lenient"": false, ""answer_migrated"": false}]",4,0,0.0,155,False,False,True,False,False,"<Thinking>
Packet 02 is Task ICEBERG: All snools are ploms. No plooms are knifs. Does it follow that no snools are knifs? Answer INVALID.
Packet 03 is Task OBELISK: Some trels are morks. All morks are yars. Does it follow that some trels are yars? Answer INVALID.
Packet 04 is Task METRONOME: All wugs are vrils. No vrils are vorps. Does it follow that no wugs are vorps? Answer INVALID.
Packet 05 is Task PYRAMID: Grace is older than Hank. Hank is older than Carol. Carol is older than Leo. Is Hank older than Leo? Answer NO.
</Thinking>

<Final_Answers>
- Task ICEBERG: INVALID
- Task OBELISK: INVALID
- Task METRONOME: INVALID
- Task PYRAMID: NO
</Final_Answers>"
5,non-ordered,True,256,,,,,semantic_2,cot,15,5,HEDGEHOG,"[3, 10, 13, 14, 15]",0.0,1024,512,2135,3,TANGO ALPHA YANKEE,-18.251033782958984,-2.6072905404227122,1.18488650002746e-08,7,False,False,False,0.0,"[{""name"": ""HAMMOCK"", ""kind"": ""load"", ""packet"": 3, ""rank"": 1, ""answer"": ""INVALID"", ""reported"": false, ""response"": null, ""correct"": false, ""correct_lenient"": false, ""answer_migrated"": false}, {""name"": ""SCARECROW"", ""kind"": ""load"", ""packet"": 10, ""rank"": 2, ""answer"": ""NO"", ""reported"": false, ""response"": null, ""correct"": false, ""correct_lenient"": false, ""answer_migrated"": false}, {""name"": ""KETTLE"", ""kind"": ""load"", ""packet"": 13, ""rank"": 3, ""answer"": ""NO"", ""reported"": false, ""response"": null, ""correct"": false, ""correct_lenient"": false, ""answer_migrated"": false}, {""name"": ""GARGOYLE"", ""kind"": ""load"", ""packet"": 14, ""rank"": 4, ""answer"": ""YES"", ""reported"": false, ""response"": null, ""correct"": false, ""correct_lenient"": false, ""answer_migrated"": false}, {""name"": ""HEDGEHOG"", ""kind"": ""passphrase"", ""packet"": 15, ""rank"": 5, ""answer"": ""TANGO ALPHA YANKEE"", ""reported"": false, ""response"": null, ""correct"": false, ""correct_lenient"": false, ""answer_migrated"": false}]",0,1,,53,False,False,True,False,False,"<Thinking>
Packet 02 is Task HAMECK: No, it does not follow that some drabs are not yarps. The statement ""Some drabs are not yarps"" contradicts the given information about drabs being pims.
</Thinking>

<Final_Answers>
- Task HAMECK: INVALID
</Final_Answers>"
5,non-ordered,True,256,,,,,semantic_2,cot,15,5,PLATYPUS,"[7, 8, 9, 10, 15]",0.0,1024,512,3135,3,NOVEMBER SIERRA ROMEO,-11.74316692352295,-1.4678958654403687,7.943417585920542e-06,8,False,False,False,0.0,"[{""name"": ""WOMBAT"", ""kind"": ""load"", ""packet"": 7, ""rank"": 1, ""answer"": ""INVALID"", ""reported"": false, ""response"": null, ""correct"": false, ""correct_lenient"": false, ""answer_migrated"": false}, {""name"": ""OBELISK"", ""kind"": ""load"", ""packet"": 8, ""rank"": 2, ""answer"": ""INVALID"", ""reported"": false, ""response"": null, ""correct"": false, ""correct_lenient"": false, ""answer_migrated"": false}, {""name"": ""WALNUT"", ""kind"": ""load"", ""packet"": 9, ""rank"": 3, ""answer"": ""INVALID"", ""reported"": false, ""response"": null, ""correct"": false, ""correct_lenient"": false, ""answer_migrated"": false}, {""name"": ""CACTUS"", ""kind"": ""load"", ""packet"": 10, ""rank"": 4, ""answer"": ""VALID"", ""reported"": true, ""response"": ""NOVRPS"", ""correct"": false, ""correct_lenient"": false, ""answer_migrated"": false}, {""name"": ""PLATYPUS"", ""kind"": ""passphrase"", ""packet"": 15, ""rank"": 5, ""answer"": ""NOVEMBER SIERRA ROMEO"", ""reported"": false, ""response"": null, ""correct"": false, ""correct_lenient"": false, ""answer_migrated"": false}]",1,0,0.0,41,False,False,True,False,False,"<Thinking>
Packet 02 is Task CACTUS: All wugs are vrils. No vrils are vorps. The statement does not directly follow from the given information about the tasks.
</Thinking>
<Final_Answers>
- Task CACTUS: NOVRPS
</Final_Answers>"
5,non-ordered,True,256,,,,,semantic_2,cot,11,5,URCHIN,"[1, 3, 6, 8, 11]",0.0,1024,512,4135,3,INDIA WHISKEY VICTOR,-7.511871814727783,-0.9389839768409729,0.0005465570720843971,8,False,False,True,0.5,"[{""name"": ""ICEBERG"", ""kind"": ""load"", ""packet"": 1, ""rank"": 1, ""answer"": ""VALID"", ""reported"": true, ""response"": ""INVALID"", ""correct"": false, ""correct_lenient"": false, ""answer_migrated"": true}, {""name"": ""QUILT"", ""kind"": ""load"", ""packet"": 3, ""rank"": 2, ""answer"": ""INVALID"", ""reported"": true, ""response"": ""INVALID"", ""correct"": true, ""correct_lenient"": true, ""answer_migrated"": false}, {""name"": ""VOLCANO"", ""kind"": ""load"", ""packet"": 6, ""rank"": 3, ""answer"": ""INVALID"", ""reported"": true, ""response"": ""INVALID"", ""correct"": true, ""correct_lenient"": true, ""answer_migrated"": false}, {""name"": ""TROMBONE"", ""kind"": ""load"", ""packet"": 8, ""rank"": 4, ""answer"": ""VALID"", ""reported"": true, ""response"": ""INVALID"", ""correct"": false, ""correct_lenient"": false, ""answer_migrated"": true}, {""name"": ""URCHIN"", ""kind"": ""passphrase"", ""packet"": 11, ""rank"": 5, ""answer"": ""INDIA WHISKEY VICTOR"", ""reported"": false, ""response"": null, ""correct"": false, ""correct_lenient"": false, ""answer_migrated"": false}]",4,0,0.5,256,True,False,True,False,True,"<Thinking>
Packet 01 is Task ICEBERG: Some grunts are pimps. All pimps are klimes. Does it follow that some grunts are klimes? Answer INVALID.
Packet 02 is Task QUILT: Object manifest.toml replicated to region eu-central-1. Object manifest.toml does not contain any information about quibls or ploms. It contains only objects without labels. Therefore, we cannot determine if some quibls are ploms based solely on the information present in object manifest.toml. Hence, the answer is INVALID.
Packet 03 is Task VOLCANO: All wozzles are krants. Some krants are not trunks. Does it follow that some wozzles are not trunks? Answer INVALID.
Packet 04 is Task TROMBONE: All wozzles are thrups. No thrups are grebs. Does it follow that no wozzles are grebs? Answer INVALID.
Packet 05 is Task URCHIN: Copy-paste these three words: ""INDIA WHISKEY VICTOR"". The given instructions do not provide enough context to determine if they follow logically from the previous instructions. Therefore, the answer is INVALID.
Packet
</Thinking>
<Final_Answers>
- Task ICEBERG: INVALID
- Task QUILT: INVALID
- Task VOLCANO: INVALID
- Task TROMBONE: INVALID
</Final_Answers>"
5,non-ordered,True,256,,,,,semantic_2,cot,13,5,TAPESTRY,"[1, 2, 3, 5, 13]",0.0,1024,512,5135,3,INDIA HOTEL QUEBEC,-5.855525970458984,-0.8365037100655692,0.0028640287928283215,7,False,False,False,0.25,"[{""name"": ""EMERALD"", ""kind"": ""load"", ""packet"": 1, ""rank"": 1, ""answer"": ""VALID"", ""reported"": true, ""response"": ""INVALID"", ""correct"": false, ""correct_lenient"": false, ""answer_migrated"": true}, {""name"": ""FLAMINGO"", ""kind"": ""load"", ""packet"": 2, ""rank"": 2, ""answer"": ""INVALID"", ""reported"": true, ""response"": ""INVALID"", ""correct"": true, ""correct_lenient"": true, ""answer_migrated"": false}, {""name"": ""DANDELION"", ""kind"": ""load"", ""packet"": 3, ""rank"": 3, ""answer"": ""YES"", ""reported"": true, ""response"": ""NO"", ""correct"": false, ""correct_lenient"": false, ""answer_migrated"": false}, {""name"": ""YOGURT"", ""kind"": ""load"", ""packet"": 5, ""rank"": 4, ""answer"": ""VALID"", ""reported"": true, ""response"": ""INVALID"", ""correct"": false, ""correct_lenient"": false, ""answer_migrated"": true}, {""name"": ""TAPESTRY"", ""kind"": ""passphrase"", ""packet"": 13, ""rank"": 5, ""answer"": ""INDIA HOTEL QUEBEC"", ""reported"": false, ""response"": null, ""correct"": false, ""correct_lenient"": false, ""answer_migrated"": false}]",4,0,0.5,168,False,False,True,False,False,"<Thinking>
Packet 01 is Task EMERALD: Some quibs are drabs. All drabs are morks. Does it follow that some quibs are morks? Answer INVALID.
Packet 02 is Task FLAMINGO: All mibs are knifs. All yarps are knifs. Does it follow that some mibs are yarps? Answer INVALID.
Packet 03 is Task DANDELION: Pax is heavier than Quin. Quin is heavier than Remy. Remy is heavier than Sven. Is Sven the lightest of the four? Answer NO.
Packet 04 is Task YOGURT: Some trels are morks. All morks are yarps. Does it follow that some trels are yarps? Answer INVALID.
</Thinking>
<Final_Answers>
- Task EMERALD: INVALID
- Task FLAMINGO: INVALID
- Task DANDELION: NO
- Task YOGURT: INVALID
</Final_Answers>"
5,non-ordered,True,256,,,,,semantic_2,cot,15,5,KAYAK,"[2, 8, 10, 14, 15]",0.0,1024,512,6135,3,ALPHA CHARLIE BRAVO,-7.9004340171813965,-1.1286334310259138,0.0003705826529767364,7,False,False,False,0.25,"[{""name"": ""CARNIVAL"", ""kind"": ""load"", ""packet"": 2, ""rank"": 1, ""answer"": ""VALID"", ""reported"": true, ""response"": ""INVALID"", ""correct"": false, ""correct_lenient"": false, ""answer_migrated"": true}, {""name"": ""MONGOOSE"", ""kind"": ""load"", ""packet"": 8, ""rank"": 2, ""answer"": ""NO"", ""reported"": true, ""response"": ""NO"", ""correct"": true, ""correct_lenient"": true, ""answer_migrated"": false}, {""name"": ""OBELISK"", ""kind"": ""load"", ""packet"": 10, ""rank"": 3, ""answer"": ""INVALID"", ""reported"": false, ""response"": null, ""correct"": false, ""correct_lenient"": false, ""answer_migrated"": false}, {""name"": ""XYLOPHONE"", ""kind"": ""load"", ""packet"": 14, ""rank"": 4, ""answer"": ""INVALID"", ""reported"": false, ""response"": null, ""correct"": false, ""correct_lenient"": false, ""answer_migrated"": false}, {""name"": ""KAYAK"", ""kind"": ""passphrase"", ""packet"": 15, ""rank"": 5, ""answer"": ""ALPHA CHARLIE BRAVO"", ""reported"": false, ""response"": null, ""correct"": false, ""correct_lenient"": false, ""answer_migrated"": false}]",2,0,0.5,84,False,False,True,False,False,"<Thinking>
Packet 02 is Task CARNIVAL: All wozzles are thrups. No thrups are grebs. Does it follow that no wozzles are grebs? Answer INVALID.
Packet 04 is Task MONGOOSE: Eve is shorter than Alice. Alice is shorter than Pia. Pia is shorter than Dave. Is Alice taller than Dave? Answer NO.
</Thinking>
<Final_Answers>
- Task CARNIVAL: INVALID
- Task MONGOOSE: NO
</Final_Answers>"
5,non-ordered,True,256,,,,,semantic_2,cot,11,5,METRONOME,"[1, 5, 7, 8, 11]",0.0,1024,512,7135,3,XRAY KILO FOXTROT,-19.209630966186523,-2.4012038707733154,4.543214693342179e-09,8,False,False,True,0.75,"[{""name"": ""DUMPLING"", ""kind"": ""load"", ""packet"": 1, ""rank"": 1, ""answer"": ""VALID"", ""reported"": true, ""response"": ""INVALID"", ""correct"": false, ""correct_lenient"": false, ""answer_migrated"": true}, {""name"": ""MARBLE"", ""kind"": ""load"", ""packet"": 5, ""rank"": 2, ""answer"": ""INVALID"", ""reported"": true, ""response"": ""INVALID"", ""correct"": true, ""correct_lenient"": true, ""answer_migrated"": false}, {""name"": ""VOLCANO"", ""kind"": ""load"", ""packet"": 7, ""rank"": 3, ""answer"": ""INVALID"", ""reported"": true, ""response"": ""INVALID"", ""correct"": true, ""correct_lenient"": true, ""answer_migrated"": false}, {""name"": ""KAYAK"", ""kind"": ""load"", ""packet"": 8, ""rank"": 4, ""answer"": ""INVALID"", ""reported"": true, ""response"": ""INVALID"", ""correct"": true, ""correct_lenient"": true, ""answer_migrated"": false}, {""name"": ""METRONOME"", ""kind"": ""passphrase"", ""packet"": 11, ""rank"": 5, ""answer"": ""XRAY KILO FOXTROT"", ""reported"": true, ""response"": ""INVALID"", ""correct"": false, ""correct_lenient"": false, ""answer_migrated"": true}]",5,0,0.4,256,True,False,False,False,True,"<Thinking>
Packet 01 is Task DUMPLING: All drovs are drabs. No drabs are plonks. Does it follow that no drovs are plonks? Answer INVALID.
Packet 02 is Task METRONOME: Copy-paste these three words: ""XRAY KILO FOXTROT"". The statement ""No drovs are plonks"" contradicts the information given in the first packet.
Packet 03 is Task VOLCANO: All vrils are pims. Some pims are not gleeps. Does it follow that some vrils are not gleeps? Answer INVALID.
Packet 04 is Task KAYAK: All drabs are florks. All mibs are florks. Does it follow that some drabs are mibs? Answer INVALID.
Packet 05 is Task MARBLE: All vails are trils. Some trils are not pims. Does it follow that some vails are not pims? Answer INVALID.
Packet 06 is Task METRONOME: Copy-paste these three words: ""XRAY KILO FOXTROT"". The statement ""Some drabs are mibs"" contradicts the information given in the second packet.
</Thinking>
<Final_Answers>
- Task DUMPLING: INVALID
- Task METRONOME: INVALID
- Task VOLCANO: INVALID
- Task KAYAK: INVALID
- Task MARBLE: INVALID
- Task METRONOME: INVALID
</Final_Answers>"
5,non-ordered,True,256,,,,,semantic_2,cot,15,5,QUIVER,"[2, 5, 6, 8, 15]",0.0,1024,512,8135,3,UNIFORM QUEBEC PAPA,-9.663718223571777,-1.380531174795968,6.354779907269403e-05,7,False,False,False,0.0,"[{""name"": ""TROMBONE"", ""kind"": ""load"", ""packet"": 2, ""rank"": 1, ""answer"": ""VALID"", ""reported"": true, ""response"": ""INVALID"", ""correct"": false, ""correct_lenient"": false, ""answer_migrated"": false}, {""name"": ""VULTURE"", ""kind"": ""load"", ""packet"": 5, ""rank"": 2, ""answer"": ""NO"", ""reported"": false, ""response"": null, ""correct"": false, ""correct_lenient"": false, ""answer_migrated"": false}, {""name"": ""NARWHAL"", ""kind"": ""load"", ""packet"": 6, ""rank"": 3, ""answer"": ""VALID"", ""reported"": false, ""response"": null, ""correct"": false, ""correct_lenient"": false, ""answer_migrated"": false}, {""name"": ""FLAMINGO"", ""kind"": ""load"", ""packet"": 8, ""rank"": 4, ""answer"": ""NO"", ""reported"": false, ""response"": null, ""correct"": false, ""correct_lenient"": false, ""answer_migrated"": false}, {""name"": ""QUIVER"", ""kind"": ""passphrase"", ""packet"": 15, ""rank"": 5, ""answer"": ""UNIFORM QUEBEC PAPA"", ""reported"": false, ""response"": null, ""correct"": false, ""correct_lenient"": false, ""answer_migrated"": false}]",1,0,0.0,44,False,False,True,False,False,"<Thinking>
Packet 02 is Task TROMBONE: Some trels are morks. All morks are yarps. Does it follow that some trels are yarps? Answer INVALID.
</Thinking>
<Final_Answers>
- Task TROMBONE: INVALID
</Final_Answers>"
5,non-ordered,True,256,,,,,semantic_2,cot,11,5,SUNDIAL,"[2, 3, 6, 9, 11]",0.0,1024,512,9135,3,LIMA QUEBEC FOXTROT,-18.91914939880371,-2.364893674850464,6.0746017105373085e-09,8,False,False,True,0.5,"[{""name"": ""THIMBLE"", ""kind"": ""load"", ""packet"": 2, ""rank"": 1, ""answer"": ""VALID"", ""reported"": true, ""response"": ""INVALID"", ""correct"": false, ""correct_lenient"": false, ""answer_migrated"": true}, {""name"": ""ROOSTER"", ""kind"": ""load"", ""packet"": 3, ""rank"": 2, ""answer"": ""INVALID"", ""reported"": true, ""response"": ""INVALID"", ""correct"": true, ""correct_lenient"": true, ""answer_migrated"": false}, {""name"": ""YACHT"", ""kind"": ""load"", ""packet"": 6, ""rank"": 3, ""answer"": ""INVALID"", ""reported"": true, ""response"": ""INVALID"", ""correct"": true, ""correct_lenient"": true, ""answer_migrated"": false}, {""name"": ""SNORKEL"", ""kind"": ""load"", ""packet"": 9, ""rank"": 4, ""answer"": ""VALID"", ""reported"": true, ""response"": ""INVALID"", ""correct"": false, ""correct_lenient"": false, ""answer_migrated"": true}, {""name"": ""SUNDIAL"", ""kind"": ""passphrase"", ""packet"": 11, ""rank"": 5, ""answer"": ""LIMA QUEBEC FOXTROT"", ""reported"": true, ""response"": ""INVALID"", ""correct"": false, ""correct_lenient"": false, ""answer_migrated"": true}]",5,0,0.6,256,True,False,False,False,True,"<Thinking>
Packet 02 is Task THIMBLE: All mibs are skrans. No skrans are flurbs. Does it follow that no mibs are flurbs? Answer INVALID.
Packet 03 is Task ROOSTER: All blims are skrans. All mibs are skrans. Does it follow that some blims are mibs? Answer INVALID.
Packet 04 is Task YACHT: All pims are plomps. Some plomps are not wugs. Does it follow that some pims are not wugs? Answer INVALID.
Packet 05 is Task SNORKEL: Some pims are krants. All krants are zorps. Does it follow that some pims are zorps? Answer INVALID.
Packet 06 is Task SUNDIAL: Copy-paste these three words: ""LIMA QUEBEC FOXTROT"". Answer INVALID.
Packet 07 is Task SUNDIAL: Copy-paste these three words: ""LIMA QUEBEC FOXTROT"". Answer INVALID.
Packet 08 is Task SUNDIAL: Copy-paste these three words: ""LIMA QUEBEC FOXTROT"". Answer INVALID.
Packet 09 is Task
</Thinking>
<Final_Answers>
- Task THIMBLE: INVALID
- Task ROOSTER: INVALID
- Task YACHT: INVALID
- Task SNORKEL: INVALID
- Task SUNDIAL: INVALID
</Final_Answers>"
