lag,t1_load,regime,mask,n_pre,n_post,t2_abs_index,temperature,max_new_tokens,seed,t2_words,t2_phrase,t2_total_logprob,t2_mean_logprob,t2_joint_prob,t2_n_tokens,report_correct,t1_correct,output_truncated,t2_slot_missing,thinking_is_placeholder,raw_output
0,none,cot,False,9,3,11,0.0,1024,28,6,DELTA XRAY ECHO ROMEO TANGO FOXTROT,-41.4236813680327,-3.4519734473360586,1.023113374006989e-18,12,True,,False,False,False,"DATA STREAM:
[Packet 01]: Component rate limiter reloaded configuration successfully.
[Packet 02]: Service gateway restarted on node-e (qa).
[Packet 03]: Network latency to us-west-1 is 323 ms.
[Packet 04]: Dead-letter queue 'batch' has 32 stale entries.
[Packet 05]: Suspicious request blocked by smtp (code 502).
[Packet 06]: Queue 'priority' depth is 639 messages.
[Packet 07]: smoke detector in lab 2A reads 71 units.
[Packet 08]: Humidity in hot aisle is 95 percent.
[Packet 09]: Dead-letter queue 'indexer' has 59 stale entries.
[Packet 10]: Service nginx restarted on rack-12 (production).
[Packet 11 - T2]: The secure operational passphrase is ""DELTA XRAY ECHO ROMEO TANGO FOXTROT"".
[Packet 12]: Dead-letter queue 'low' has 16 stale entries.
[Packet 13]: Migration 3.3.9 applied to users on canary.
[Packet 14]: Door contact in hot aisle reports closed.
[Packet 15]: End of stream.
OUTPUT TEMPLATE:
<Thinking>
The T2 packet contains the passphrase ""DELTA XRAY ECHO ROMEO TANGO FOXTROT"".
</Thinking>
<Final_Answers>
Target 1 Result: [Empty]
Target 2 Result: DELTA XRAY ECHO ROMEO TANGO FOXTROT
"
0,none,cot,False,6,6,8,0.0,1024,1028,6,OSCAR TANGO MIKE UNIFORM INDIA GOLF,-17.00776809156025,-1.3082898531969425,4.1079028893662325e-08,13,True,,False,False,False,"DATA STREAM:
[Packet 01]: Backup job 287 for users finished successfully.
[Packet 02]: Disk usage on lima-14 is 85 percent.
[Packet 03]: Backup job 387 for events finished successfully.
[Packet 04]: Garbage collection on storage freed 154 megabytes.
[Packet 05]: Dead-letter queue 'batch' has 5 stale entries.
[Packet 06]: Object schema.json replicated to region us-east-2.
[Packet 07]: Leader election completed for smtp: new leader delta-06.
[Packet 08 - T2]: The secure operational passphrase is ""OSCAR TANGO MIKE UNIFORM INDIA GOLF"".
[Packet 09]: Heartbeat from oauth received after 453 ms.
[Packet 10]: Service metrics returned to nominal state.
[Packet 11]: Power draw on rack rack-14 is 518 watts.
[Packet 12]: Service cron returned to nominal state.
[Packet 13]: Login from internal node alpha-02.
[Packet 14]: Index rebuild on table audit completed in 334 ms.
[Packet 15]: End of stream.
OUTPUT TEMPLATE:
<Thinking>
The T2 packet contains the passphrase ""OSCAR TANGO MIKE UNIFORM INDIA GOLF"".
</Thinking>
<Final_Answers>
Target 1 Result: [Empty]
Target 2 Result: OSCAR TANGO MIKE UNIFORM INDIA GOLF
"
0,none,cot,False,9,3,11,0.0,1024,2028,6,LIMA FOXTROT WHISKEY ALPHA ZULU VICTOR,-10.477928023683944,-0.8059944633603033,2.8150990325823432e-05,13,True,,False,False,False,"DATA STREAM:
[Packet 01]: Firewall rule 810 updated on india-11.
[Packet 02]: Door contact in lab 3B reports closed.
[Packet 03]: Secret checksums.sha256 rotated by credential manager.
[Packet 04]: Heartbeat from router received after 379 ms.
[Packet 05]: Cache hit ratio for oauth is 91 percent.
[Packet 06]: Failover triggered for scheduler in region sa-east-1.
[Packet 07]: Service logger reports status 404 on host alpha-02.
[Packet 08]: Query against orders returned 269 rows in 101 ms.
[Packet 09]: Packet loss to edge-ap is 48 percent.
[Packet 10]: Inventory check on rack rack-13 marked complete.
[Packet 11 - T2]: The secure operational passphrase is ""LIMA FOXTROT WHISKEY ALPHA ZULU VICTOR"".
[Packet 12]: CPU temperature on node-d stable at 14C.
[Packet 13]: Replication lag on telemetry is 25 seconds.
[Packet 14]: Secret config.yaml rotated by audit logger.
[Packet 15]: End of stream.
OUTPUT TEMPLATE:
<Thinking>
The T2 packet contains the passphrase ""LIMA FOXTROT WHISKEY ALPHA ZULU VICTOR"".
</Thinking>
<Final_Answers>
Target 1 Result: [Empty - No numerical result]
Target 2 Result: LIMA FOXTROT WHISKEY ALPHA ZULU VICTOR
"
0,none,cot,False,6,6,8,0.0,1024,3028,6,VICTOR UNIFORM GOLF XRAY MIKE ZULU,-223.88804149627686,-22.388804149627685,5.843311168879213e-98,10,False,,False,False,False,"DATA STREAM:
[Packet 01]: Deployment of version 1.3.12 started on staging.
[Packet 02]: Background worker audit logger finished cycle 403.
[Packet 03]: Background worker health probe finished cycle 823.
[Packet 04]: Packet loss to edge-ap is 50 percent.
[Packet 05]: Login from internal node mike-15.
[Packet 06]: Calibration of humidity probe in lobby completed.
[Packet 07]: Leader election completed for sync: new leader bravo-03.
[Packet 08 - T2]: The secure operational passphrase is ""VICTOR UNIFORM GOLF XRAY MIKE ZULU"".
[Packet 09]: Volume node-d mounted read-only for maintenance.
[Packet 10]: Vacuum on billing reclaimed 336 pages.
[Packet 11]: Service auth reports status 400 on host edge-us.
[Packet 12]: Query against catalog returned 745 rows in 401 ms.
[Packet 13]: Humidity in cold aisle is 23 percent.
[Packet 14]: Queue 'ingest' drained in 489 ms.
[Packet 15]: End of stream.
OUTPUT TEMPLATE:
<Thinking>
The T2 packet contains the passphrase ""VICTOR UNIFORM GOLF XRAY MIKE ZULU"".
</Thinking>
<Final_Answers>
Target 1 Result: VICTOR UNIFORM GOLF XRAY MIKE ZULU
Target 2 Result: 401 ms
"
0,none,cot,False,1,11,3,0.0,1024,4028,6,WHISKEY INDIA PAPA MIKE OSCAR TANGO,-216.4030466079712,-21.64030466079712,1.0407609553836435e-94,10,False,,False,False,False,"DATA STREAM:
[Packet 01]: Calibration of humidity probe in lobby completed.
[Packet 02]: Door contact in lab 3B reports closed.
[Packet 03 - T2]: The secure operational passphrase is ""WHISKEY INDIA PAPA MIKE OSCAR TANGO"".
[Packet 04]: Background worker metrics exporter finished cycle 846.
[Packet 05]: Power draw on rack hotel-10 is 692 watts.
[Packet 06]: Backup job 692 for telemetry finished successfully.
[Packet 07]: Service mailer reports status 504 on host node-a.
[Packet 08]: Door contact in operations center reports closed.
[Packet 09]: Garbage collection on ldap freed 125 megabytes.
[Packet 10]: Humidity in hot aisle is 83 percent.
[Packet 11]: Feature flag 'oauth_beta' set to enabled.
[Packet 12]: DNS lookup for router.internal resolved in 223 ms.
[Packet 13]: Leader election completed for sync: new leader bravo-04.
[Packet 14]: Threshold for discovery client adjusted to 7 percent.
[Packet 15]: End of stream.
OUTPUT TEMPLATE:
<Thinking>
The T2 packet contains the passphrase ""WHISKEY INDIA PAPA MIKE OSCAR TANGO"".
</Thinking>
<Final_Answers>
Target 1 Result: WHISKEY INDIA PAPA MIKE OSCAR TANGO
Target 2 Result: 223 ms
"
0,none,cot,False,3,9,5,0.0,1024,5028,6,CHARLIE LIMA GOLF ZULU FOXTROT VICTOR,-209.048357963562,-19.004396178505637,1.6272402779031527e-91,11,False,,False,False,False,"DATA STREAM:
[Packet 01]: Garbage collection on gateway freed 739 megabytes.
[Packet 02]: Ambient temperature in lab 3B measured at 54C.
[Packet 03]: Service ingest drained 47 connections before shutdown.
[Packet 04]: Deployment of version 5.5.0 started on production.
[Packet 05 - T2]: The secure operational passphrase is ""CHARLIE LIMA GOLF ZULU FOXTROT VICTOR"".
[Packet 06]: Dead-letter queue 'notifier' has 73 stale entries.
[Packet 07]: Secret secrets.env rotated by credential manager.
[Packet 08]: Service billing returned to nominal state.
[Packet 09]: Service kafka restarted on node-d (qa).
[Packet 10]: Index rebuild on table events completed in 374 ms.
[Packet 11]: Service edge drained 56 connections before shutdown.
[Packet 12]: Service dns restarted on golf-09 (qa).
[Packet 13]: Snapshot of telemetry written to volume foxtrot-08.
[Packet 14]: Session 635 closed by sync.
[Packet 15]: End of stream.
OUTPUT TEMPLATE:
<Thinking>
The T2 packet contains the passphrase ""CHARLIE LIMA GOLF ZULU FOXTROT VICTOR"".
</Thinking>
<Final_Answers>
Target 1 Result: 739
Target 2 Result: CHARLIE LIMA GOLF"
0,none,cot,False,5,7,7,0.0,1024,6028,6,XRAY FOXTROT INDIA GOLF OSCAR JULIET,-12.757719656834524,-0.9112656897738945,2.880001748108389e-06,14,False,,False,False,False,"DATA STREAM:
[Packet 01]: Deployment of version 3.2.4 completed on production.
[Packet 02]: Object checksums.sha256 replicated to region us-east-2.
[Packet 03]: Component task scheduler reloaded configuration successfully.
[Packet 04]: Slow query log recorded 72 entries.
[Packet 05]: Service storage restarted on golf-09 (staging).
[Packet 06]: Cache hit ratio for session is 14 percent.
[Packet 07 - T2]: The secure operational passphrase is ""XRAY FOXTROT INDIA GOLF OSCAR JULIET"".
[Packet 08]: Volume india-11 mounted read-only for maintenance.
[Packet 09]: Read replica alpha-01 caught up to primary.
[Packet 10]: Replication lag on billing is 52 seconds.
[Packet 11]: Leader election completed for postgres: new leader edge-us.
[Packet 12]: Calibration of fan controller in server room completed.
[Packet 13]: On-call rotation for logger handed over.
[Packet 14]: Routine inspection of health probe completed without findings.
[Packet 15]: End of stream.
OUTPUT TEMPLATE:
<Thinking>
The T2 packet contains the passphrase ""XRAY FOXTROT INDIA GOLF OSCAR JULIET"".
</Thinking>
<Final_Answers>
Target 1 Result: [Empty]
Target 2 Result: XRAY FOXTROT INDIA GOLF"
0,none,cot,False,9,3,11,0.0,1024,7028,6,XRAY NOVEMBER FOXTROT KILO GOLF MIKE,-13.162615107592615,-1.0125088544302012,1.9210952197700858e-06,13,True,,False,False,False,"DATA STREAM:
[Packet 01]: Leader election completed for ldap: new leader edge-us.
[Packet 02]: Ambient temperature in break room measured at 36C.
[Packet 03]: Packet loss to edge-ap is 48 percent.
[Packet 04]: Rate limit reached for endpoint /v1/postgres.
[Packet 05]: Configuration file secrets.env reloaded on juliet-12.
[Packet 06]: Cache hit ratio for smtp is 30 percent.
[Packet 07]: Replication lag on users is 57 seconds.
[Packet 08]: Fan speed on node-a set to 69 percent.
[Packet 09]: Suspicious request blocked by logger (code 400).
[Packet 10]: Read replica india-11 caught up to primary.
[Packet 11 - T2]: The secure operational passphrase is ""XRAY NOVEMBER FOXTROT KILO GOLF MIKE"".
[Packet 12]: Service metrics returned to nominal state.
[Packet 13]: TLS certificate for router renewed for 17 days.
[Packet 14]: Secret config.yaml rotated by discovery client.
[Packet 15]: End of stream.
OUTPUT TEMPLATE:
<Thinking>
The T2 packet contains the passphrase ""XRAY NOVEMBER FOXTROT KILO GOLF MIKE"".
</Thinking>
<Final_Answers>
Target 1 Result: [empty string]
Target 2 Result: XRAY NOVEMBER FOXTROT KILO GOLF MIKE
"
0,none,cot,False,6,6,8,0.0,1024,8028,6,WHISKEY DELTA PAPA NOVEMBER MIKE ZULU,-196.9640703201294,-21.8848967022366,2.8813175649398294e-86,9,True,,False,False,False,"DATA STREAM:
[Packet 01]: Leader election completed for sync: new leader bravo-04.
[Packet 02]: Connection pool for ingest resized to 40 workers.
[Packet 03]: Read replica hotel-10 caught up to primary.
[Packet 04]: Deployment of version 4.4.15 completed on qa.
[Packet 05]: Component task scheduler reloaded configuration successfully.
[Packet 06]: Query against orders returned 412 rows in 65 ms.
[Packet 07]: Feature flag 'storage_beta' set to enabled.
[Packet 08 - T2]: The secure operational passphrase is ""WHISKEY DELTA PAPA NOVEMBER MIKE ZULU"".
[Packet 09]: Packet loss to india-11 is 49 percent.
[Packet 10]: Deployment of version 1.9.1 completed on canary.
[Packet 11]: Service webhook drained 68 connections before shutdown.
[Packet 12]: Connection pool for mailer resized to 3 workers.
[Packet 13]: Garbage collection on search freed 254 megabytes.
[Packet 14]: Failover triggered for etl in region ca-central-1.
[Packet 15]: End of stream.
OUTPUT TEMPLATE:
<Thinking>
The T2 packet contains the passphrase ""WHISKEY DELTA PAPA NOVEMBER MIKE ZULU"".
</Thinking>
<Final_Answers>
Target 1 Result: WHISKEY DELTA PAPA NOVEMBER MIKE ZULU
Target 2 Result: WHISKEY DELTA PAPA NOVEMBER MIKE ZULU
"
0,none,cot,False,2,10,4,0.0,1024,9028,6,MIKE TANGO LIMA BRAVO QUEBEC VICTOR,-76.06644058227539,-25.355480194091797,9.220714964532262e-34,3,False,,False,False,False,"DATA STREAM:
[Packet 01]: Packet loss to edge-eu is 68 percent.
[Packet 02]: Heartbeat from oauth received after 453 ms.
[Packet 03]: Queue 'low' depth is 965 messages.
[Packet 04 - T2]: The secure operational passphrase is ""MIKE TANGO LIMA BRAVO QUEBEC VICTOR"".
[Packet 05]: Background worker health probe finished cycle 417.
[Packet 06]: Failover triggered for scheduler in region sa-east-1.
[Packet 07]: Humidity in lab 2A is 63 percent.
[Packet 08]: Failover triggered for smtp in region us-west-2.
[Packet 09]: Query against audit returned 170 rows in 428 ms.
[Packet 10]: Deployment of version 6.4.8 completed on staging.
[Packet 11]: Queue 'priority' depth is 314 messages.
[Packet 12]: TLS certificate for router renewed for 17 days.
[Packet 13]: Deployment of version 1.7.3 completed on production.
[Packet 14]: Snapshot of telemetry written to volume foxtrot-08.
[Packet 15]: End of stream.
OUTPUT TEMPLATE:
<Thinking>
The T2 packet contains the passphrase ""MIKE TANGO LIMA BRAVO QUEBEC VICTOR"".
</Thinking>
<Final_Answers>
Target 1 Result: 68
Target 2 Result: MIKE TANGO LIMA"
0,none,direct,False,9,3,11,0.0,1024,28,6,DELTA XRAY ECHO ROMEO TANGO FOXTROT,-468.3714260025299,-26.02063477791833,3.8803795392884044e-204,18,True,,False,False,,"<Final_Answers>
Target 2 Result: DELTA XRAY ECHO ROMEO TANGO FOXTROT
Target 1 Result: 95
"
0,none,direct,False,6,6,8,0.0,1024,1028,6,OSCAR TANGO MIKE UNIFORM INDIA GOLF,-551.6150044206588,-27.58075022103294,2.7330491697530025e-240,20,True,,False,False,,"<Final_Answers>
Target 2 Result: OSCAR TANGO MIKE UNIFORM INDIA GOLF
Target 1 Result: 518
"
0,none,direct,False,9,3,11,0.0,1024,2028,6,LIMA FOXTROT WHISKEY ALPHA ZULU VICTOR,-501.42107009887695,-26.390582636782998,1.7202681396580524e-218,19,True,,False,False,,"<Final_Answers>
Target 2 Result: LIMA FOXTROT WHISKEY ALPHA ZULU VICTOR
Target 1 Result: 25
"
0,none,direct,False,6,6,8,0.0,1024,3028,6,VICTOR UNIFORM GOLF XRAY MIKE ZULU,-532.9477462768555,-26.647387313842774,3.497314183480434e-232,20,True,,False,False,,"<Final_Answers>
Target 2 Result: VICTOR UNIFORM GOLF XRAY MIKE ZULU
Target 1 Result: 23
"
0,none,direct,False,1,11,3,0.0,1024,4028,6,WHISKEY INDIA PAPA MIKE OSCAR TANGO,-428.061803817749,-28.537453587849935,1.244860504602799e-186,15,True,,False,False,,"<Final_Answers>
Target 2 Result: WHISKEY INDIA PAPA MIKE OSCAR TANGO
Target 1 Result: 83
"
0,none,direct,False,3,9,5,0.0,1024,5028,6,CHARLIE LIMA GOLF ZULU FOXTROT VICTOR,-541.6865886458763,-27.084329432293817,5.604071015703623e-236,20,True,,False,False,,"<Final_Answers>
Target 2 Result: CHARLIE LIMA GOLF ZULU FOXTROT VICTOR
Target 1 Result: 374
"
0,none,direct,False,5,7,7,0.0,1024,6028,6,XRAY FOXTROT INDIA GOLF OSCAR JULIET,-474.960620881091,-26.38670116006061,5.336091033273304e-207,18,True,,False,False,,"<Final_Answers>
Target 2 Result: XRAY FOXTROT INDIA GOLF OSCAR JULIET
Target 1 Result: 52
"
0,none,direct,False,9,3,11,0.0,1024,7028,6,XRAY NOVEMBER FOXTROT KILO GOLF MIKE,-14.221640694116104,-1.093972361085854,6.662234620256484e-07,13,True,,False,False,,"<Final_Answers>
Target 2 Result: XRAY NOVEMBER FOXTROT KILO GOLF MIKE
Target 1 Result: 57
"
0,none,direct,False,6,6,8,0.0,1024,8028,6,WHISKEY DELTA PAPA NOVEMBER MIKE ZULU,-538.4935054779507,-28.341763446207935,1.3653438240308754e-234,19,True,,False,False,,"<Final_Answers>
Target 2 Result: WHISKEY DELTA PAPA NOVEMBER MIKE ZULU
Target 1 Result: 49
"
0,none,direct,False,2,10,4,0.0,1024,9028,6,MIKE TANGO LIMA BRAVO QUEBEC VICTOR,-458.0455074310303,-26.9438533782959,1.1840326058233892e-199,17,True,,False,False,,"<Final_Answers>
Target 2 Result: MIKE TANGO LIMA BRAVO QUEBEC VICTOR
Target 1 Result: 170
"
0,easy,cot,False,9,3,11,0.0,1024,28,6,DELTA XRAY ECHO ROMEO TANGO FOXTROT,-41.33554092203951,-3.4446284101699596,1.1173845730702324e-18,12,True,True,False,False,False,"DATA STREAM:
[Packet 01]: Component rate limiter reloaded configuration successfully.
[Packet 02]: Service gateway restarted on node-e (qa).
[Packet 03]: Network latency to us-west-1 is 323 ms.
[Packet 04]: Dead-letter queue 'batch' has 32 stale entries.
[Packet 05]: Suspicious request blocked by smtp (code 502).
[Packet 06]: Queue 'priority' depth is 639 messages.
[Packet 07]: smoke detector in lab 2A reads 71 units.
[Packet 08]: Humidity in hot aisle is 95 percent.
[Packet 09]: Dead-letter queue 'indexer' has 59 stale entries.
[Packet 10 - T1]: LOGIC OVERRIDE. Decide whether GANGES is a CEREAL or a RIVER. Answer CEREAL or RIVER.
[Packet 11 - T2]: The secure operational passphrase is ""DELTA XRAY ECHO ROMEO TANGO FOXTROT"".
[Packet 12]: Dead-letter queue 'low' has 16 stale entries.
[Packet 13]: Migration 3.3.9 applied to users on canary.
[Packet 14]: Door contact in hot aisle reports closed.
[Packet 15]: End of stream.
OUTPUT TEMPLATE:
<Thinking>
The T1 packet asks whether GANGES is a CEREAL or a RIVER; Ganges is a river, so the answer is RIVER. The T2 packet contains the passphrase ""DELTA XRAY ECHO ROMEO TANGO FOXTROT"".
</Thinking>
<Final_Answers>
Target 1 Result: RIVER
Target 2 Result: DELTA XRAY ECHO ROMEO TANGO FOXTROT
"
0,easy,cot,False,6,6,8,0.0,1024,1028,6,OSCAR TANGO MIKE UNIFORM INDIA GOLF,-192.4223222732544,-19.242232227325438,2.704252511484603e-84,10,True,True,False,False,False,"DATA STREAM:
[Packet 01]: Backup job 287 for users finished successfully.
[Packet 02]: Disk usage on lima-14 is 85 percent.
[Packet 03]: Backup job 387 for events finished successfully.
[Packet 04]: Garbage collection on storage freed 154 megabytes.
[Packet 05]: Dead-letter queue 'batch' has 5 stale entries.
[Packet 06]: Object schema.json replicated to region us-east-2.
[Packet 07 - T1]: LOGIC OVERRIDE. Decide whether DRILL is a TOOL or an ANIMAL. Answer TOOL or ANIMAL.
[Packet 08 - T2]: The secure operational passphrase is ""OSCAR TANGO MIKE UNIFORM INDIA GOLF"".
[Packet 09]: Heartbeat from oauth received after 453 ms.
[Packet 10]: Service metrics returned to nominal state.
[Packet 11]: Power draw on rack rack-14 is 518 watts.
[Packet 12]: Service cron returned to nominal state.
[Packet 13]: Login from internal node alpha-02.
[Packet 14]: Index rebuild on table audit completed in 334 ms.
[Packet 15]: End of stream.
OUTPUT TEMPLATE:
<Thinking>
The T1 packet asks whether DRILL is a TOOL or an ANIMAL; a drill is a tool, so the answer is TOOL. The T2 packet contains the passphrase ""OSCAR TANGO MIKE UNIFORM INDIA GOLF"".
</Thinking>
<Final_Answers>
Target 1 Result: TOOL
Target 2 Result: OSCAR TANGO MIKE UNIFORM INDIA GOLF
"
0,easy,cot,False,9,3,11,0.0,1024,2028,6,LIMA FOXTROT WHISKEY ALPHA ZULU VICTOR,-12.613701804316406,-1.4015224227018228,3.326127630638103e-06,9,False,True,False,False,False,"DATA STREAM:
[Packet 01]: Firewall rule 810 updated on india-11.
[Packet 02]: Door contact in lab 3B reports closed.
[Packet 03]: Secret checksums.sha256 rotated by credential manager.
[Packet 04]: Heartbeat from router received after 379 ms.
[Packet 05]: Cache hit ratio for oauth is 91 percent.
[Packet 06]: Failover triggered for scheduler in region sa-east-1.
[Packet 07]: Service logger reports status 404 on host alpha-02.
[Packet 08]: Query against orders returned 269 rows in 101 ms.
[Packet 09]: Packet loss to edge-ap is 48 percent.
[Packet 10 - T1]: LOGIC OVERRIDE. Decide whether RUBY is a GEMSTONE or a VEGETABLE. Answer GEMSTONE or VEGETABLE.
[Packet 11 - T2]: The secure operational passphrase is ""LIMA FOXTROT WHISKEY ALPHA ZULU VICTOR"".
[Packet 12]: CPU temperature on node-d stable at 14C.
[Packet 13]: Replication lag on telemetry is 25 seconds.
[Packet 14]: Secret config.yaml rotated by audit logger.
[Packet 15]: End of stream.
OUTPUT TEMPLATE:
<Thinking>
The T1 packet asks whether RUBY is a GEMSTONE or a VEGETABLE; ruby is a gemstone, so the answer is GEMSTONE. The T2 packet contains the passphrase ""LIMA FOXTROT WHISKEY ALPHA ZULU VICTOR"".
</Thinking>
<Final_Answers>
Target 1 Result: GEMSTONE
Target 2 Result: LIMA FOXTROT WHISKEY"
0,easy,cot,False,2,10,4,0.0,1024,3028,6,VICTOR UNIFORM GOLF XRAY MIKE ZULU,-143.1822371482849,-14.318223714828491,6.557593625906268e-63,10,False,True,False,False,False,"DATA STREAM:
[Packet 01]: Background worker audit logger finished cycle 403.
[Packet 02]: Background worker health probe finished cycle 823.
[Packet 03 - T1]: LOGIC OVERRIDE. Decide whether CABBAGE is a VEGETABLE or a GEMSTONE. Answer VEGETABLE or GEMSTONE.
[Packet 04 - T2]: The secure operational passphrase is ""VICTOR UNIFORM GOLF XRAY MIKE ZULU"".
[Packet 05]: Packet loss to edge-ap is 50 percent.
[Packet 06]: Login from internal node mike-15.
[Packet 07]: Calibration of humidity probe in lobby completed.
[Packet 08]: Volume node-d mounted read-only for maintenance.
[Packet 09]: Vacuum on billing reclaimed 336 pages.
[Packet 10]: Service auth reports status 400 on host edge-us.
[Packet 11]: Query against catalog returned 745 rows in 401 ms.
[Packet 12]: Humidity in cold aisle is 23 percent.
[Packet 13]: Queue 'ingest' drained in 489 ms.
[Packet 14]: Heartbeat from webhook received after 333 ms.
[Packet 15]: End of stream.
OUTPUT TEMPLATE:
<Thinking>
The T1 packet asks whether CABBAGE is a VEGETABLE or a GEMSTONE; cabbage is a vegetable, so the answer is VEGETABLE. The T2 packet contains the passphrase ""VICTOR UNIFORM GOLF XRAY MIKE ZULU"".
</Thinking>
<Final_Answers>
Target 1 Result: VEGETABLE
Target 2 Result: VICTOR UNIFORM GOLF
"
0,easy,cot,False,1,11,3,0.0,1024,4028,6,WHISKEY INDIA PAPA MIKE OSCAR TANGO,-15.60893905699433,-1.2006876197687946,1.6638872704227834e-07,13,True,True,False,False,False,"DATA STREAM:
[Packet 01]: Calibration of humidity probe in lobby completed.
[Packet 02 - T1]: LOGIC OVERRIDE. Decide whether HAMMER is an ANIMAL or a TOOL. Answer ANIMAL or TOOL.
[Packet 03 - T2]: The secure operational passphrase is ""WHISKEY INDIA PAPA MIKE OSCAR TANGO"".
[Packet 04]: Background worker metrics exporter finished cycle 846.
[Packet 05]: Power draw on rack hotel-10 is 692 watts.
[Packet 06]: Backup job 692 for telemetry finished successfully.
[Packet 07]: Service mailer reports status 504 on host node-a.
[Packet 08]: Door contact in operations center reports closed.
[Packet 09]: Garbage collection on ldap freed 125 megabytes.
[Packet 10]: Humidity in hot aisle is 83 percent.
[Packet 11]: Feature flag 'oauth_beta' set to enabled.
[Packet 12]: DNS lookup for router.internal resolved in 223 ms.
[Packet 13]: Leader election completed for sync: new leader bravo-04.
[Packet 14]: Threshold for discovery client adjusted to 7 percent.
[Packet 15]: End of stream.
OUTPUT TEMPLATE:
<Thinking>
The T1 packet asks whether HAMMER is an ANIMAL or a TOOL; a hammer is a tool, so the answer is TOOL. The T2 packet contains the passphrase ""WHISKEY INDIA PAPA MIKE OSCAR TANGO"".
</Thinking>
<Final_Answers>
Target 1 Result: TOOL
Target 2 Result: WHISKEY INDIA PAPA MIKE OSCAR TANGO
"
0,easy,cot,False,3,9,5,0.0,1024,5028,6,CHARLIE LIMA GOLF ZULU FOXTROT VICTOR,-220.5906138420105,-20.053692167455498,1.580205790039429e-96,11,False,True,False,False,False,"DATA STREAM:
[Packet 01]: Garbage collection on gateway freed 739 megabytes.
[Packet 02]: Ambient temperature in lab 3B measured at 54C.
[Packet 03]: Service ingest drained 47 connections before shutdown.
[Packet 04 - T1]: LOGIC OVERRIDE. Decide whether KIWI is a METAL or a FRUIT. Answer METAL or FRUIT.
[Packet 05 - T2]: The secure operational passphrase is ""CHARLIE LIMA GOLF ZULU FOXTROT VICTOR"".
[Packet 06]: Dead-letter queue 'notifier' has 73 stale entries.
[Packet 07]: Secret secrets.env rotated by credential manager.
[Packet 08]: Service billing returned to nominal state.
[Packet 09]: Service kafka restarted on node-d (qa).
[Packet 10]: Index rebuild on table events completed in 374 ms.
[Packet 11]: Service edge drained 56 connections before shutdown.
[Packet 12]: Service dns restarted on golf-09 (qa).
[Packet 13]: Snapshot of telemetry written to volume foxtrot-08.
[Packet 14]: Session 635 closed by sync.
[Packet 15]: End of stream.
OUTPUT TEMPLATE:
<Thinking>
The T1 packet asks whether KIWI is a METAL or a FRUIT; a kiwi is a fruit, so the answer is FRUIT. The T2 packet contains the passphrase ""CHARLIE LIMA GOLF ZULU FOXTROT VICTOR"".
</Thinking>
<Final_Answers>
Target 1 Result: FRUIT
Target 2 Result: CHARLIE LIMA GOLF ZULU"
0,easy,cot,False,5,7,7,0.0,1024,6028,6,XRAY FOXTROT INDIA GOLF OSCAR JULIET,-11.570608231519145,-0.8264720165370818,9.439493522543393e-06,14,True,True,False,False,False,"DATA STREAM:
[Packet 01]: Deployment of version 3.2.4 completed on production.
[Packet 02]: Object checksums.sha256 replicated to region us-east-2.
[Packet 03]: Component task scheduler reloaded configuration successfully.
[Packet 04]: Slow query log recorded 72 entries.
[Packet 05]: Service storage restarted on golf-09 (staging).
[Packet 06 - T1]: LOGIC OVERRIDE. Decide whether CHURCH is a BUILDING or a BIRD. Answer BUILDING or BIRD.
[Packet 07 - T2]: The secure operational passphrase is ""XRAY FOXTROT INDIA GOLF OSCAR JULIET"".
[Packet 08]: Volume india-11 mounted read-only for maintenance.
[Packet 09]: Read replica alpha-01 caught up to primary.
[Packet 10]: Replication lag on billing is 52 seconds.
[Packet 11]: Leader election completed for postgres: new leader edge-us.
[Packet 12]: Calibration of fan controller in server room completed.
[Packet 13]: On-call rotation for logger handed over.
[Packet 14]: Routine inspection of health probe completed without findings.
[Packet 15]: End of stream.
OUTPUT TEMPLATE:
<Thinking>
The T1 packet asks whether CHURCH is a BUILDING or a BIRD; a church is a building, so the answer is BUILDING. The T2 packet contains the passphrase ""XRAY FOXTROT INDIA GOLF OSCAR JULIET"".
</Thinking>
<Final_Answers>
Target 1 Result: BUILDING
Target 2 Result: XRAY FOXTROT INDIA GOLF OSCAR JULIET
"
0,easy,cot,False,9,3,11,0.0,1024,7028,6,XRAY NOVEMBER FOXTROT KILO GOLF MIKE,-11.265761251390131,-0.8665970193377024,1.2803893528352087e-05,13,True,True,False,False,False,"DATA STREAM:
[Packet 01]: Leader election completed for ldap: new leader edge-us.
[Packet 02]: Ambient temperature in break room measured at 36C.
[Packet 03]: Packet loss to edge-ap is 48 percent.
[Packet 04]: Rate limit reached for endpoint /v1/postgres.
[Packet 05]: Configuration file secrets.env reloaded on juliet-12.
[Packet 06]: Cache hit ratio for smtp is 30 percent.
[Packet 07]: Replication lag on users is 57 seconds.
[Packet 08]: Fan speed on node-a set to 69 percent.
[Packet 09]: Suspicious request blocked by logger (code 400).
[Packet 10 - T1]: LOGIC OVERRIDE. Decide whether WHEAT is a CEREAL or a RIVER. Answer CEREAL or RIVER.
[Packet 11 - T2]: The secure operational passphrase is ""XRAY NOVEMBER FOXTROT KILO GOLF MIKE"".
[Packet 12]: Service metrics returned to nominal state.
[Packet 13]: TLS certificate for router renewed for 17 days.
[Packet 14]: Secret config.yaml rotated by discovery client.
[Packet 15]: End of stream.
OUTPUT TEMPLATE:
<Thinking>
The T1 packet asks whether WHEAT is a CEREAL or a RIVER; wheat is a grain, so the answer is CEREAL. The T2 packet contains the passphrase ""XRAY NOVEMBER FOXTROT KILO GOLF MIKE"".
</Thinking>
<Final_Answers>
Target 1 Result: CEREAL
Target 2 Result: XRAY NOVEMBER FOXTROT KILO GOLF MIKE
"
0,easy,cot,False,6,6,8,0.0,1024,8028,6,WHISKEY DELTA PAPA NOVEMBER MIKE ZULU,-18.47303069019489,-1.4210023607842222,9.489967108947712e-09,13,True,True,False,False,False,"DATA STREAM:
[Packet 01]: Leader election completed for sync: new leader bravo-04.
[Packet 02]: Connection pool for ingest resized to 40 workers.
[Packet 03]: Read replica hotel-10 caught up to primary.
[Packet 04]: Deployment of version 4.4.15 completed on qa.
[Packet 05]: Component task scheduler reloaded configuration successfully.
[Packet 06]: Query against orders returned 412 rows in 65 ms.
[Packet 07 - T1]: LOGIC OVERRIDE. Decide whether HARP is a VEHICLE or an INSTRUMENT. Answer VEHICLE or INSTRUMENT.
[Packet 08 - T2]: The secure operational passphrase is ""WHISKEY DELTA PAPA NOVEMBER MIKE ZULU"".
[Packet 09]: Packet loss to india-11 is 49 percent.
[Packet 10]: Deployment of version 1.9.1 completed on canary.
[Packet 11]: Service webhook drained 68 connections before shutdown.
[Packet 12]: Connection pool for mailer resized to 3 workers.
[Packet 13]: Garbage collection on search freed 254 megabytes.
[Packet 14]: Failover triggered for etl in region ca-central-1.
[Packet 15]: End of stream.
OUTPUT TEMPLATE:
<Thinking>
The T1 packet asks whether HARP is a VEHICLE or an INSTRUMENT; a harp is a musical instrument, so the answer is INSTRUMENT. The T2 packet contains the passphrase ""WHISKEY DELTA PAPA NOVEMBER MIKE ZULU"".
</Thinking>
<Final_Answers>
Target 1 Result: INSTRUMENT
Target 2 Result: WHISKEY DELTA PAPA NOVEMBER MIKE ZULU
"
0,easy,cot,False,3,9,5,0.0,1024,9028,6,MIKE TANGO LIMA BRAVO QUEBEC VICTOR,-158.9821605682373,-15.898216056823731,9.014153393241163e-70,10,False,True,False,False,False,"DATA STREAM:
[Packet 01]: Heartbeat from oauth received after 453 ms.
[Packet 02]: Background worker health probe finished cycle 417.
[Packet 03]: Failover triggered for scheduler in region sa-east-1.
[Packet 04 - T1]: LOGIC OVERRIDE. Decide whether MOTORCYCLE is an INSTRUMENT or a VEHICLE. Answer INSTRUMENT or VEHICLE.
[Packet 05 - T2]: The secure operational passphrase is ""MIKE TANGO LIMA BRAVO QUEBEC VICTOR"".
[Packet 06]: Humidity in lab 2A is 63 percent.
[Packet 07]: Failover triggered for smtp in region us-west-2.
[Packet 08]: Query against audit returned 170 rows in 428 ms.
[Packet 09]: Deployment of version 6.4.8 completed on staging.
[Packet 10]: Queue 'priority' depth is 314 messages.
[Packet 11]: TLS certificate for router renewed for 17 days.
[Packet 12]: Deployment of version 1.7.3 completed on production.
[Packet 13]: Snapshot of telemetry written to volume foxtrot-08.
[Packet 14]: Feature flag 'metrics_beta' set to disabled.
[Packet 15]: End of stream.
OUTPUT TEMPLATE:
<Thinking>
The T1 packet asks whether MOTORCYCLE is an INSTRUMENT or a VEHICLE; a motorcycle is a vehicle, so the answer is VEHICLE. The T2 packet contains the passphrase ""MIKE TANGO LIMA BRAVO QUEBEC VICTOR"".
</Thinking>
<Final_Answers>
Target 1 Result: VEHICLE
Target 2 Result: MIKE TANGO LIMA"
0,easy,direct,False,9,3,11,0.0,1024,28,6,DELTA XRAY ECHO ROMEO TANGO FOXTROT,-520.4104423522949,-32.52565264701843,9.741291996351414e-227,16,True,False,False,False,,"<Final_Answers>
Target 2 Result: DELTA XRAY ECHO ROMEO TANGO FOXTROT
Target 1 Result: 95
"
0,easy,direct,False,6,6,8,0.0,1024,1028,6,OSCAR TANGO MIKE UNIFORM INDIA GOLF,-523.6686888558907,-26.183434442794532,3.746088941321939e-228,20,True,False,False,False,,"<Final_Answers>
Target 2 Result: OSCAR TANGO MIKE UNIFORM INDIA GOLF
Target 1 Result: 518
"
0,easy,direct,False,9,3,11,0.0,1024,2028,6,LIMA FOXTROT WHISKEY ALPHA ZULU VICTOR,-443.95723724365234,-29.597149149576822,1.5553268309140694e-193,15,True,False,False,False,,"<Final_Answers>
Target 2 Result: LIMA FOXTROT WHISKEY ALPHA ZULU VICTOR
Target 1 Result: 25
"
0,easy,direct,False,2,10,4,0.0,1024,3028,6,VICTOR UNIFORM GOLF XRAY MIKE ZULU,-491.48419666290283,-27.30467759238349,3.557340580759187e-214,18,True,False,False,False,,"<Final_Answers>
Target 2 Result: VICTOR UNIFORM GOLF XRAY MIKE ZULU
Target 1 Result: 745
"
0,easy,direct,False,1,11,3,0.0,1024,4028,6,WHISKEY INDIA PAPA MIKE OSCAR TANGO,-431.9170112609863,-28.794467417399087,2.6352715241276325e-188,15,True,False,False,False,,"<Final_Answers>
Target 2 Result: WHISKEY INDIA PAPA MIKE OSCAR TANGO
Target 1 Result: 83
"
0,easy,direct,False,3,9,5,0.0,1024,5028,6,CHARLIE LIMA GOLF ZULU FOXTROT VICTOR,-490.0546872590203,-25.792351961001067,1.4857765259953932e-213,19,True,False,False,False,,"<Final_Answers>
Target 2 Result: CHARLIE LIMA GOLF ZULU FOXTROT VICTOR
Target 1 Result: 374
"
0,easy,direct,False,5,7,7,0.0,1024,6028,6,XRAY FOXTROT INDIA GOLF OSCAR JULIET,-501.3038787841797,-27.850215488009983,1.9341568373029205e-218,18,True,False,False,False,,"<Final_Answers>
Target 2 Result: XRAY FOXTROT INDIA GOLF OSCAR JULIET
Target 1 Result: 52
"
0,easy,direct,False,9,3,11,0.0,1024,7028,6,XRAY NOVEMBER FOXTROT KILO GOLF MIKE,-583.7017230987549,-29.185086154937743,3.1736759499639664e-254,20,True,False,False,False,,"<Final_Answers>
Target 2 Result: XRAY NOVEMBER FOXTROT KILO GOLF MIKE
Target 1 Result: 57
"
0,easy,direct,False,6,6,8,0.0,1024,8028,6,WHISKEY DELTA PAPA NOVEMBER MIKE ZULU,-545.7475815656071,-27.287379078280356,9.656879539246264e-238,20,True,False,False,False,,"<Final_Answers>
Target 2 Result: WHISKEY DELTA PAPA NOVEMBER MIKE ZULU
Target 1 Result: 49
"
0,easy,direct,False,3,9,5,0.0,1024,9028,6,MIKE TANGO LIMA BRAVO QUEBEC VICTOR,-513.9526329040527,-25.697631645202637,6.211658481871878e-224,20,True,True,False,False,,"<Final_Answers>
Target 2 Result: MIKE TANGO LIMA BRAVO QUEBEC VICTOR
Target 1 Result: VEHICLE
"
0,hard,cot,False,9,3,11,0.0,1024,28,6,DELTA XRAY ECHO ROMEO TANGO FOXTROT,-146.81732320785522,-14.681732320785523,1.7300023099909824e-64,10,True,True,False,False,False,"DATA STREAM:
[Packet 01]: Component rate limiter reloaded configuration successfully.
[Packet 02]: Service gateway restarted on node-e (qa).
[Packet 03]: Network latency to us-west-1 is 323 ms.
[Packet 04]: Dead-letter queue 'batch' has 32 stale entries.
[Packet 05]: Suspicious request blocked by smtp (code 502).
[Packet 06]: Queue 'priority' depth is 639 messages.
[Packet 07]: smoke detector in lab 2A reads 71 units.
[Packet 08]: Humidity in hot aisle is 95 percent.
[Packet 09]: Dead-letter queue 'indexer' has 59 stale entries.
[Packet 10 - T1]: LOGIC OVERRIDE. All drabs are morks. All morks are snorfs. Does it follow that all drabs are snorfs? Answer VALID or INVALID.
[Packet 11 - T2]: The secure operational passphrase is ""DELTA XRAY ECHO ROMEO TANGO FOXTROT"".
[Packet 12]: Dead-letter queue 'low' has 16 stale entries.
[Packet 13]: Migration 3.3.9 applied to users on canary.
[Packet 14]: Door contact in hot aisle reports closed.
[Packet 15]: End of stream.
OUTPUT TEMPLATE:
<Thinking>
The T1 packet asks whether all drabs are snorfs given the premises; this is a valid syllogism, so the answer is VALID. The T2 packet contains the passphrase ""DELTA XRAY ECHO ROMEO TANGO FOXTROT"".
</Thinking>
<Final_Answers>
Target 1 Result: VALID
Target 2 Result: DELTA XRAY ECHO ROMEO TANGO FOXTROT
"
0,hard,cot,False,6,6,8,0.0,1024,1028,6,OSCAR TANGO MIKE UNIFORM INDIA GOLF,-15.27006340360441,-1.174620261815724,2.3350475322879557e-07,13,True,True,False,False,False,"DATA STREAM:
[Packet 01]: Backup job 287 for users finished successfully.
[Packet 02]: Disk usage on lima-14 is 85 percent.
[Packet 03]: Backup job 387 for events finished successfully.
[Packet 04]: Garbage collection on storage freed 154 megabytes.
[Packet 05]: Dead-letter queue 'batch' has 5 stale entries.
[Packet 06]: Object schema.json replicated to region us-east-2.
[Packet 07 - T1]: LOGIC OVERRIDE. All smegs are plonks. All plonks are snigs. Does it follow that all smegs are snigs? Answer VALID or INVALID.
[Packet 08 - T2]: The secure operational passphrase is ""OSCAR TANGO MIKE UNIFORM INDIA GOLF"".
[Packet 09]: Heartbeat from oauth received after 453 ms.
[Packet 10]: Service metrics returned to nominal state.
[Packet 11]: Power draw on rack rack-14 is 518 watts.
[Packet 12]: Service cron returned to nominal state.
[Packet 13]: Login from internal node alpha-02.
[Packet 14]: Index rebuild on table audit completed in 334 ms.
[Packet 15]: End of stream.
OUTPUT TEMPLATE:
<Thinking>
The T1 packet asks whether all smegs are snigs based on the given statements; this is a valid syllogism, so the answer is VALID. The T2 packet contains the passphrase ""OSCAR TANGO MIKE UNIFORM INDIA GOLF"".
</Thinking>
<Final_Answers>
Target 1 Result: VALID
Target 2 Result: OSCAR TANGO MIKE UNIFORM INDIA GOLF
"
0,hard,cot,False,9,3,11,0.0,1024,2028,6,LIMA FOXTROT WHISKEY ALPHA ZULU VICTOR,-12.324573720215085,-1.3693970800238984,4.441254305332469e-06,9,False,True,False,False,False,"DATA STREAM:
[Packet 01]: Firewall rule 810 updated on india-11.
[Packet 02]: Door contact in lab 3B reports closed.
[Packet 03]: Secret checksums.sha256 rotated by credential manager.
[Packet 04]: Heartbeat from router received after 379 ms.
[Packet 05]: Cache hit ratio for oauth is 91 percent.
[Packet 06]: Failover triggered for scheduler in region sa-east-1.
[Packet 07]: Service logger reports status 404 on host alpha-02.
[Packet 08]: Query against orders returned 269 rows in 101 ms.
[Packet 09]: Packet loss to edge-ap is 48 percent.
[Packet 10 - T1]: LOGIC OVERRIDE. All drabs are pims. Some pims are grints. Does it follow that some drabs are grints? Answer VALID or INVALID.
[Packet 11 - T2]: The secure operational passphrase is ""LIMA FOXTROT WHISKEY ALPHA ZULU VICTOR"".
[Packet 12]: CPU temperature on node-d stable at 14C.
[Packet 13]: Replication lag on telemetry is 25 seconds.
[Packet 14]: Secret config.yaml rotated by audit logger.
[Packet 15]: End of stream.
OUTPUT TEMPLATE:
<Thinking>
The T1 packet asks whether the statements ""All drabs are pims"" and ""Some pims are grints"" imply that ""Some drabs are grints"". This is a classic logic puzzle. The answer is INVALID. The T2 packet contains the passphrase ""LIMA FOXTROT WHISKEY ALPHA ZULU VICTOR"".
</Thinking>
<Final_Answers>
Target 1 Result: INVALID
Target 2 Result: LIMA FOXTROT WHISKEY"
0,hard,cot,False,2,10,4,0.0,1024,3028,6,VICTOR UNIFORM GOLF XRAY MIKE ZULU,-15.007004307693137,-1.0719288791209383,3.037671728697253e-07,14,False,True,False,False,False,"DATA STREAM:
[Packet 01]: Background worker audit logger finished cycle 403.
[Packet 02]: Background worker health probe finished cycle 823.
[Packet 03 - T1]: LOGIC OVERRIDE. Eve is lighter than Frank. Frank is lighter than Quinn. Is Eve lighter than Quinn? Answer YES or NO.
[Packet 04 - T2]: The secure operational passphrase is ""VICTOR UNIFORM GOLF XRAY MIKE ZULU"".
[Packet 05]: Packet loss to edge-ap is 50 percent.
[Packet 06]: Login from internal node mike-15.
[Packet 07]: Calibration of humidity probe in lobby completed.
[Packet 08]: Volume node-d mounted read-only for maintenance.
[Packet 09]: Vacuum on billing reclaimed 336 pages.
[Packet 10]: Service auth reports status 400 on host edge-us.
[Packet 11]: Query against catalog returned 745 rows in 401 ms.
[Packet 12]: Humidity in cold aisle is 23 percent.
[Packet 13]: Queue 'ingest' drained in 489 ms.
[Packet 14]: Heartbeat from webhook received after 333 ms.
[Packet 15]: End of stream.
OUTPUT TEMPLATE:
<Thinking>
The T1 packet requires a logical deduction based on the provided statements. Eve is lighter than Frank, and Frank is lighter than Quinn, therefore Eve must be lighter than Quinn. The T2 packet contains the passphrase ""VICTOR UNIFORM GOLF XRAY MIKE ZULU"".
</Thinking>
<Final_Answers>
Target 1 Result: YES
Target 2 Result: VICTOR UNIFORM GOLF"
0,hard,cot,False,1,11,3,0.0,1024,4028,6,WHISKEY INDIA PAPA MIKE OSCAR TANGO,-106.75883133084443,-8.21221779468034,4.3174633395594817e-47,13,True,True,False,False,False,"DATA STREAM:
[Packet 01]: Calibration of humidity probe in lobby completed.
[Packet 02 - T1]: LOGIC OVERRIDE. All gleeps are morks. Some morks are florks. Does it follow that some gleeps are florks? Answer VALID or INVALID.
[Packet 03 - T2]: The secure operational passphrase is ""WHISKEY INDIA PAPA MIKE OSCAR TANGO"".
[Packet 04]: Background worker metrics exporter finished cycle 846.
[Packet 05]: Power draw on rack hotel-10 is 692 watts.
[Packet 06]: Backup job 692 for telemetry finished successfully.
[Packet 07]: Service mailer reports status 504 on host node-a.
[Packet 08]: Door contact in operations center reports closed.
[Packet 09]: Garbage collection on ldap freed 125 megabytes.
[Packet 10]: Humidity in hot aisle is 83 percent.
[Packet 11]: Feature flag 'oauth_beta' set to enabled.
[Packet 12]: DNS lookup for router.internal resolved in 223 ms.
[Packet 13]: Leader election completed for sync: new leader bravo-04.
[Packet 14]: Threshold for discovery client adjusted to 7 percent.
[Packet 15]: End of stream.
OUTPUT TEMPLATE:
<Thinking>
The T1 packet is a logical deduction problem. We are given that all gleeps are morks and some morks are florks. The question asks if it follows that some gleeps are florks. This is not necessarily true, so the answer must be INVALID. The passphrase is ""WHISKEY INDIA PAPA MIKE OSCAR TANGO"".
</Thinking>
<Final_Answers>
Target 1 Result: INVALID
Target 2 Result: WHISKEY INDIA PAPA MIKE OSCAR TANGO
"
0,hard,cot,False,3,9,5,0.0,1024,5028,6,CHARLIE LIMA GOLF ZULU FOXTROT VICTOR,-136.34293270111084,-13.634293270111083,6.123739127666628e-60,10,False,True,False,False,False,"DATA STREAM:
[Packet 01]: Garbage collection on gateway freed 739 megabytes.
[Packet 02]: Ambient temperature in lab 3B measured at 54C.
[Packet 03]: Service ingest drained 47 connections before shutdown.
[Packet 04 - T1]: LOGIC OVERRIDE. Carol is taller than Leo. Leo is taller than Pia. Is Carol taller than Pia? Answer YES or NO.
[Packet 05 - T2]: The secure operational passphrase is ""CHARLIE LIMA GOLF ZULU FOXTROT VICTOR"".
[Packet 06]: Dead-letter queue 'notifier' has 73 stale entries.
[Packet 07]: Secret secrets.env rotated by credential manager.
[Packet 08]: Service billing returned to nominal state.
[Packet 09]: Service kafka restarted on node-d (qa).
[Packet 10]: Index rebuild on table events completed in 374 ms.
[Packet 11]: Service edge drained 56 connections before shutdown.
[Packet 12]: Service dns restarted on golf-09 (qa).
[Packet 13]: Snapshot of telemetry written to volume foxtrot-08.
[Packet 14]: Session 635 closed by sync.
[Packet 15]: End of stream.
OUTPUT TEMPLATE:
<Thinking>
The T1 packet requires a logical deduction based on the given height comparisons. Carol is taller than Leo, and Leo is taller than Pia. Therefore, Carol must be taller than Pia. The T2 packet contains the passphrase ""CHARLIE LIMA GOLF ZULU FOXTROT VICTOR"".
</Thinking>
<Final_Answers>
Target 1 Result: YES
Target 2 Result: CHARLIE LIMA GOLF"
0,hard,cot,False,5,7,7,0.0,1024,6028,6,XRAY FOXTROT INDIA GOLF OSCAR JULIET,-10.058293708920246,-0.7184495506371604,4.282906020947009e-05,14,False,True,False,False,False,"DATA STREAM:
[Packet 01]: Deployment of version 3.2.4 completed on production.
[Packet 02]: Object checksums.sha256 replicated to region us-east-2.
[Packet 03]: Component task scheduler reloaded configuration successfully.
[Packet 04]: Slow query log recorded 72 entries.
[Packet 05]: Service storage restarted on golf-09 (staging).
[Packet 06 - T1]: LOGIC OVERRIDE. All snicks are vrils. All vrils are snools. Does it follow that all snicks are snools? Answer VALID or INVALID.
[Packet 07 - T2]: The secure operational passphrase is ""XRAY FOXTROT INDIA GOLF OSCAR JULIET"".
[Packet 08]: Volume india-11 mounted read-only for maintenance.
[Packet 09]: Read replica alpha-01 caught up to primary.
[Packet 10]: Replication lag on billing is 52 seconds.
[Packet 11]: Leader election completed for postgres: new leader edge-us.
[Packet 12]: Calibration of fan controller in server room completed.
[Packet 13]: On-call rotation for logger handed over.
[Packet 14]: Routine inspection of health probe completed without findings.
[Packet 15]: End of stream.
OUTPUT TEMPLATE:
<Thinking>
The T1 packet presents a logical deduction problem. If all snicks are vrils and all vrils are snools, then it logically follows that all snicks are snools. Therefore the answer is VALID. The T2 packet contains the passphrase ""XRAY FOXTROT INDIA GOLF OSCAR JULIET"".
</Thinking>
<Final_Answers>
Target 1 Result: VALID
Target 2 Result: XRAY FOXTROT INDIA GOLF"
0,hard,cot,False,9,3,11,0.0,1024,7028,6,XRAY NOVEMBER FOXTROT KILO GOLF MIKE,-10.672938311513462,-0.8209952547318048,2.3163372196637173e-05,13,True,False,False,False,False,"DATA STREAM:
[Packet 01]: Leader election completed for ldap: new leader edge-us.
[Packet 02]: Ambient temperature in break room measured at 36C.
[Packet 03]: Packet loss to edge-ap is 48 percent.
[Packet 04]: Rate limit reached for endpoint /v1/postgres.
[Packet 05]: Configuration file secrets.env reloaded on juliet-12.
[Packet 06]: Cache hit ratio for smtp is 30 percent.
[Packet 07]: Replication lag on users is 57 seconds.
[Packet 08]: Fan speed on node-a set to 69 percent.
[Packet 09]: Suspicious request blocked by logger (code 400).
[Packet 10 - T1]: LOGIC OVERRIDE. Carol is taller than Eve. Eve is taller than Dave. Is Carol shorter than Dave? Answer YES or NO.
[Packet 11 - T2]: The secure operational passphrase is ""XRAY NOVEMBER FOXTROT KILO GOLF MIKE"".
[Packet 12]: Service metrics returned to nominal state.
[Packet 13]: TLS certificate for router renewed for 17 days.
[Packet 14]: Secret config.yaml rotated by discovery client.
[Packet 15]: End of stream.
OUTPUT TEMPLATE:
<Thinking>
The T1 packet asks whether Carol is shorter than Dave, given the height relationships Carol > Eve and Eve > Dave; therefore, the answer is YES. The T2 packet contains the passphrase ""XRAY NOVEMBER FOXTROT KILO GOLF MIKE"".
</Thinking>
<Final_Answers>
Target 1 Result: YES
Target 2 Result: XRAY NOVEMBER FOXTROT KILO GOLF MIKE
"
0,hard,cot,False,6,6,8,0.0,1024,8028,6,WHISKEY DELTA PAPA NOVEMBER MIKE ZULU,-16.4386589297294,-1.2645122253638,7.25740127912204e-08,13,True,False,False,False,False,"DATA STREAM:
[Packet 01]: Leader election completed for sync: new leader bravo-04.
[Packet 02]: Connection pool for ingest resized to 40 workers.
[Packet 03]: Read replica hotel-10 caught up to primary.
[Packet 04]: Deployment of version 4.4.15 completed on qa.
[Packet 05]: Component task scheduler reloaded configuration successfully.
[Packet 06]: Query against orders returned 412 rows in 65 ms.
[Packet 07 - T1]: LOGIC OVERRIDE. All vrils are drovs. All drovs are grebs. Does it follow that all vrils are grebs? Answer VALID or INVALID.
[Packet 08 - T2]: The secure operational passphrase is ""WHISKEY DELTA PAPA NOVEMBER MIKE ZULU"".
[Packet 09]: Packet loss to india-11 is 49 percent.
[Packet 10]: Deployment of version 1.9.1 completed on canary.
[Packet 11]: Service webhook drained 68 connections before shutdown.
[Packet 12]: Connection pool for mailer resized to 3 workers.
[Packet 13]: Garbage collection on search freed 254 megabytes.
[Packet 14]: Failover triggered for etl in region ca-central-1.
[Packet 15]: End of stream.
OUTPUT TEMPLATE:
<Thinking>
The T1 packet is a logic puzzle; the answer is INVALID. The T2 packet contains the passphrase ""WHISKEY DELTA PAPA NOVEMBER MIKE ZULU"".
</Thinking>
<Final_Answers>
Target 1 Result: INVALID
Target 2 Result: WHISKEY DELTA PAPA NOVEMBER MIKE ZULU
"
0,hard,cot,False,3,9,5,0.0,1024,9028,6,MIKE TANGO LIMA BRAVO QUEBEC VICTOR,-58.8491153717041,-14.712278842926025,2.7679225202959115e-26,4,False,True,False,False,False,"DATA STREAM:
[Packet 01]: Heartbeat from oauth received after 453 ms.
[Packet 02]: Background worker health probe finished cycle 417.
[Packet 03]: Failover triggered for scheduler in region sa-east-1.
[Packet 04 - T1]: LOGIC OVERRIDE. All florks are wumps. Some wumps are morks. Does it follow that some florks are morks? Answer VALID or INVALID.
[Packet 05 - T2]: The secure operational passphrase is ""MIKE TANGO LIMA BRAVO QUEBEC VICTOR"".
[Packet 06]: Humidity in lab 2A is 63 percent.
[Packet 07]: Failover triggered for smtp in region us-west-2.
[Packet 08]: Query against audit returned 170 rows in 428 ms.
[Packet 09]: Deployment of version 6.4.8 completed on staging.
[Packet 10]: Queue 'priority' depth is 314 messages.
[Packet 11]: TLS certificate for router renewed for 17 days.
[Packet 12]: Deployment of version 1.7.3 completed on production.
[Packet 13]: Snapshot of telemetry written to volume foxtrot-08.
[Packet 14]: Feature flag 'metrics_beta' set to disabled.
[Packet 15]: End of stream.
OUTPUT TEMPLATE:
<Thinking>
Packet 04 asks about logical deduction; the statements provided do not allow a definitive conclusion, so the answer is INVALID. Packet 05 provides the passphrase ""MIKE TANGO LIMA BRAVO QUEBEC VICTOR"".
</Thinking>
<Final_Answers>
Target 1 Result: INVALID
Target 2 Result: MIKE TANGO LIMA"
0,hard,direct,False,9,3,11,0.0,1024,28,6,DELTA XRAY ECHO ROMEO TANGO FOXTROT,-365.90161514282227,-28.146278087909405,1.2329561294676415e-159,13,True,False,False,False,,"<Final_Answers>
Target 2 Result: DELTA XRAY ECHO ROMEO TANGO FOXTROT
Target 1 Result: INVALID
"
0,hard,direct,False,6,6,8,0.0,1024,1028,6,OSCAR TANGO MIKE UNIFORM INDIA GOLF,-392.9945945739746,-28.071042469569615,2.111621905936234e-171,14,True,True,False,False,,"<Final_Answers>
Target 2 Result: OSCAR TANGO MIKE UNIFORM INDIA GOLF
Target 1 Result: VALID
"
0,hard,direct,False,9,3,11,0.0,1024,2028,6,LIMA FOXTROT WHISKEY ALPHA ZULU VICTOR,-423.04829597473145,-28.203219731648762,1.8726623523454247e-184,15,True,False,False,False,,"<Final_Answers>
Target 2 Result: LIMA FOXTROT WHISKEY ALPHA ZULU VICTOR
Target 1 Result: 25
"
0,hard,direct,False,2,10,4,0.0,1024,3028,6,VICTOR UNIFORM GOLF XRAY MIKE ZULU,-475.8813762664795,-26.437854237026638,2.124928135652317e-207,18,False,True,False,False,,"<Final_Answers>
Target 2 Result: VICTOR UNIFORM GOLF XRAY
Target 1 Result: YES
"
0,hard,direct,False,1,11,3,0.0,1024,4028,6,WHISKEY INDIA PAPA MIKE OSCAR TANGO,-433.06089210510254,-28.87072614034017,8.39545485545853e-189,15,True,False,False,False,,"<Final_Answers>
Target 2 Result: WHISKEY INDIA PAPA MIKE OSCAR TANGO
Target 1 Result: 83
"
0,hard,direct,False,3,9,5,0.0,1024,5028,6,CHARLIE LIMA GOLF ZULU FOXTROT VICTOR,-516.6404047012329,-25.832020235061645,4.225937891921182e-225,20,True,False,False,False,,"<Final_Answers>
Target 2 Result: CHARLIE LIMA GOLF ZULU FOXTROT VICTOR
Target 1 Result: 374
"
0,hard,direct,False,5,7,7,0.0,1024,6028,6,XRAY FOXTROT INDIA GOLF OSCAR JULIET,-450.77099895477295,-28.17318743467331,1.7086084581455873e-196,16,True,False,False,False,,"<Final_Answers>
Target 2 Result: XRAY FOXTROT INDIA GOLF OSCAR JULIET
Target 1 Result: 52
"
0,hard,direct,False,9,3,11,0.0,1024,7028,6,XRAY NOVEMBER FOXTROT KILO GOLF MIKE,-485.6442279815674,-26.980234887864853,1.2229018991200122e-211,18,True,False,False,False,,"<Final_Answers>
Target 2 Result: XRAY NOVEMBER FOXTROT KILO GOLF MIKE
Target 1 Result: 57
"
0,hard,direct,False,6,6,8,0.0,1024,8028,6,WHISKEY DELTA PAPA NOVEMBER MIKE ZULU,-415.3464756011963,-27.689765040079752,4.143025138270317e-181,15,True,False,False,False,,"<Final_Answers>
Target 2 Result: WHISKEY DELTA PAPA NOVEMBER MIKE ZULU
Target 1 Result: 68
"
0,hard,direct,False,3,9,5,0.0,1024,9028,6,MIKE TANGO LIMA BRAVO QUEBEC VICTOR,-522.9795513153076,-26.14897756576538,7.462197092945234e-228,20,True,False,False,False,,"<Final_Answers>
Target 2 Result: MIKE TANGO LIMA BRAVO QUEBEC VICTOR
Target 1 Result: 314
"
2,none,cot,False,6,4,10,0.0,1024,30,6,ROMEO JULIET TANGO ALPHA XRAY UNIFORM,-11.262428447605998,-0.8044591748289999,1.2846637582362244e-05,14,False,,False,False,False,"DATA STREAM:
[Packet 01]: Backup job 292 for inventory finished successfully.
[Packet 02]: DNS lookup for router.internal resolved in 223 ms.
[Packet 03]: Service storage returned to nominal state.
[Packet 04]: Replication lag on audit is 30 seconds.
[Packet 05]: Background worker task scheduler finished cycle 202.
[Packet 06]: Object config.yaml replicated to region ap-northeast-1.
[Packet 07]: vibration monitor on alpha-01 reports nominal range.
[Packet 08]: Ambient temperature in lab 3B measured at 25C.
[Packet 09]: On-call rotation for mailer handed over.
[Packet 10 - T2]: The secure operational passphrase is ""ROMEO JULIET TANGO ALPHA XRAY UNIFORM"".
[Packet 11]: Rotation policy updated for config.yaml.
[Packet 12]: Vacuum on orders reclaimed 309 pages.
[Packet 13]: Slow query log recorded 91 entries.
[Packet 14]: Rotation policy updated for checksums.sha256.
[Packet 15]: End of stream.
OUTPUT TEMPLATE:
<Thinking>
The T2 packet contains the passphrase ""ROMEO JULIET TANGO ALPHA XRAY UNIFORM"".
</Thinking>
<Final_Answers>
Target 1 Result: [Empty]
Target 2 Result: ROMEO JULIET TANGO ALPHA"
2,none,cot,False,2,8,6,0.0,1024,1030,6,BRAVO NOVEMBER TANGO FOXTROT UNIFORM GOLF,-233.71615743637085,-19.476346453030903,3.1503767505089583e-102,12,False,,False,False,False,"<Thinking>
Packet 03 reports garbage collection of 788 megabytes. Packet 06 contains the passphrase ""BRAVO NOVEMBER TANGO FOXTROT UNIFORM GOLF"". Packet 14 indicates leader election completed with bravo-04 as the new leader.
</Thinking>
<Final_Answers>
Target 1 Result: 788
Target 2 Result: BRAVO NOVEMBER TANGO
"
2,none,cot,False,2,8,6,0.0,1024,2030,6,JULIET MIKE LIMA QUEBEC ALPHA PAPA,-114.08480548858643,-19.014134248097736,2.8418327004795677e-50,6,False,,False,False,False,"DATA STREAM:
[Packet 01]: Disk usage on bravo-03 is 8 percent.
[Packet 02]: Network latency to sa-east-1 is 294 ms.
[Packet 03]: DNS lookup for cron.internal resolved in 247 ms.
[Packet 04]: Threshold for health probe adjusted to 80 percent.
[Packet 05]: Query against events returned 322 rows in 323 ms.
[Packet 06 - T2]: The secure operational passphrase is ""JULIET MIKE LIMA QUEBEC ALPHA PAPA"".
[Packet 07]: Vacuum on events reclaimed 313 pages.
[Packet 08]: Volume edge-us mounted read-only for maintenance.
[Packet 09]: On-call rotation for queue handed over.
[Packet 10]: Deployment of version 3.4.9 started on qa.
[Packet 11]: Object schema.json replicated to region us-east-1.
[Packet 12]: vibration monitor on node-d reports nominal range.
[Packet 13]: Suspicious request blocked by webhook (code 400).
[Packet 14]: Disk usage on alpha-02 is 36 percent.
[Packet 15]: End of stream.
OUTPUT TEMPLATE:
<Thinking>
The T2 packet contains the passphrase ""JULIET MIKE LIMA QUEBEC ALPHA PAPA"".
</Thinking>
<Final_Answers>
Target 1 Result: 8
Target 2 Result: JULIET MIKE LIMA"
2,none,cot,False,4,6,8,0.0,1024,3030,6,HOTEL JULIET TANGO CHARLIE ALPHA KILO,-10.65984102835597,-0.8199877714119977,2.3468744851986994e-05,13,True,,False,False,False,"DATA STREAM:
[Packet 01]: Deployment of version 1.8.17 started on qa.
[Packet 02]: Garbage collection on logger freed 160 megabytes.
[Packet 03]: Power draw on rack rack-14 is 484 watts.
[Packet 04]: CPU temperature on echo-07 stable at 93C.
[Packet 05]: Leader election completed for smtp: new leader delta-06.
[Packet 06]: Failover triggered for search in region sa-east-1.
[Packet 07]: Failover triggered for nginx in region ca-central-1.
[Packet 08 - T2]: The secure operational passphrase is ""HOTEL JULIET TANGO CHARLIE ALPHA KILO"".
[Packet 09]: Garbage collection on smtp freed 242 megabytes.
[Packet 10]: Connection pool for sync resized to 17 workers.
[Packet 11]: TLS certificate for session renewed for 89 days.
[Packet 12]: Disk usage on rack-13 is 55 percent.
[Packet 13]: Deployment of version 2.8.7 completed on qa.
[Packet 14]: Fan speed on edge-eu set to 41 percent.
[Packet 15]: End of stream.
OUTPUT TEMPLATE:
<Thinking>
The T2 packet contains the passphrase ""HOTEL JULIET TANGO CHARLIE ALPHA KILO"".
</Thinking>
<Final_Answers>
Target 1 Result: [Empty]
Target 2 Result: HOTEL JULIET TANGO CHARLIE ALPHA KILO
"
2,none,cot,False,6,4,10,0.0,1024,4030,6,PAPA WHISKEY VICTOR QUEBEC CHARLIE ECHO,-103.02435111999512,-25.75608777999878,1.8075603528653028e-45,4,False,,False,False,False,"DATA STREAM:
[Packet 01]: smoke detector on foxtrot-08 reports nominal range.
[Packet 02]: Ambient temperature in operations center measured at 80C.
[Packet 03]: Heartbeat from queue received after 383 ms.
[Packet 04]: Backup job 269 for events finished successfully.
[Packet 05]: Snapshot of billing written to volume node-d.
[Packet 06]: Queue 'deadletter' depth is 213 messages.
[Packet 07]: Configuration file secrets.env reloaded on echo-07.
[Packet 08]: Secret state.db rotated by metrics exporter.
[Packet 09]: Connection pool for scheduler resized to 86 workers.
[Packet 10 - T2]: The secure operational passphrase is ""PAPA WHISKEY VICTOR QUEBEC CHARLIE ECHO"".
[Packet 11]: Failover triggered for scheduler in region sa-east-1.
[Packet 12]: Configuration file state.db reloaded on mike-15.
[Packet 13]: Disk usage on rack-13 is 55 percent.
[Packet 14]: Maintenance window scheduled for Sunday.
[Packet 15]: End of stream.
OUTPUT TEMPLATE:
<Thinking>
The T2 packet contains the passphrase ""PAPA WHISKEY VICTOR QUEBEC CHARLIE ECHO"".
</Thinking>
<Final_Answers>
Target 1 Result: 80
Target 2 Result: PAPA WHISKEY VICTOR"
2,none,cot,False,8,2,12,0.0,1024,5030,6,INDIA SIERRA QUEBEC HOTEL MIKE DELTA,-175.10412693023682,-17.51041269302368,8.979329649977325e-77,10,False,,False,False,False,"DATA STREAM:
[Packet 01]: Index rebuild on table audit completed in 280 ms.
[Packet 02]: fan controller threshold exceeded in lab 4C.
[Packet 03]: Maintenance window scheduled for Sunday.
[Packet 04]: CPU temperature on alpha-01 stable at 9C.
[Packet 05]: Object schema.json replicated to region us-west-2.
[Packet 06]: Connection pool for etl resized to 44 workers.
[Packet 07]: Service metrics returned to nominal state.
[Packet 08]: Feature flag 'graphql_beta' set to disabled.
[Packet 09]: Humidity in hot aisle is 95 percent.
[Packet 10]: Failover triggered for ssh in region ca-central-1.
[Packet 11]: Power draw on rack india-11 is 735 watts.
[Packet 12 - T2]: The secure operational passphrase is ""INDIA SIERRA QUEBEC HOTEL MIKE DELTA"".
[Packet 13]: Queue 'ingest' depth is 242 messages.
[Packet 14]: Network latency to us-east-2 is 365 ms.
[Packet 15]: End of stream.
OUTPUT TEMPLATE:
<Thinking>
The T2 packet contains the passphrase ""INDIA SIERRA QUEBEC HOTEL MIKE DELTA"".
</Thinking>
<Final_Answers>
Target 1 Result: 280
Target 2 Result: INDIA SIERRA QUEBEC
"
2,none,cot,False,9,1,13,0.0,1024,6030,6,CHARLIE LIMA PAPA KILO SIERRA BRAVO,-10.724446191483821,-0.7660318708202729,2.2000482093969088e-05,14,False,,False,False,False,"DATA STREAM:
[Packet 01]: Service logger reports status 504 on host india-11.
[Packet 02]: Heartbeat from router received after 348 ms.
[Packet 03]: Deployment of version 1.4.18 started on production.
[Packet 04]: Read replica hotel-10 caught up to primary.
[Packet 05]: Backup job 741 for users finished successfully.
[Packet 06]: Suspicious request blocked by edge (code 422).
[Packet 07]: Read replica bravo-03 caught up to primary.
[Packet 08]: Ambient temperature in operations center measured at 61C.
[Packet 09]: Backup job 817 for telemetry encountered warning code 204.
[Packet 10]: Audit event 267 recorded by config loader.
[Packet 11]: Backup job 319 for events encountered warning code 500.
[Packet 12]: Rotation policy updated for metrics.tsv.
[Packet 13 - T2]: The secure operational passphrase is ""CHARLIE LIMA PAPA KILO SIERRA BRAVO"".
[Packet 14]: Background worker ingestion pipeline finished cycle 211.
[Packet 15]: End of stream.
OUTPUT TEMPLATE:
<Thinking>
The T2 packet contains the passphrase ""CHARLIE LIMA PAPA KILO SIERRA BRAVO"".
</Thinking>
<Final_Answers>
Target 1 Result: 504
Target 2 Result: CHARLIE LIMA PAPA KILO"
2,none,cot,False,8,2,12,0.0,1024,7030,6,HOTEL KILO BRAVO WHISKEY XRAY ZULU,-65.16417503356934,-21.721391677856445,5.0067783445666664e-29,3,True,,False,False,False,"DATA STREAM:
[Packet 01]: CPU temperature on rack-12 stable at 36C.
[Packet 02]: Volume rack-13 mounted read-only for maintenance.
[Packet 03]: Query against orders returned 223 rows in 122 ms.
[Packet 04]: Service storage drained 49 connections before shutdown.
[Packet 05]: Cache hit ratio for oauth is 91 percent.
[Packet 06]: Slow query log recorded 28 entries.
[Packet 07]: Service webhook reports status 403 on host india-11.
[Packet 08]: Replication lag on events is 27 seconds.
[Packet 09]: On-call rotation for smtp handed over.
[Packet 10]: Routine inspection of task scheduler completed without findings.
[Packet 11]: Feature flag 'oauth_beta' set to enabled.
[Packet 12 - T2]: The secure operational passphrase is ""HOTEL KILO BRAVO WHISKEY XRAY ZULU"".
[Packet 13]: Threshold for config loader adjusted to 88 percent.
[Packet 14]: Deployment of version 3.1.5 started on production.
[Packet 15]: End of stream.
OUTPUT TEMPLATE:
<Thinking>
The T2 packet contains the passphrase ""HOTEL KILO BRAVO WHISKEY XRAY ZULU"".
</Thinking>
<Final_Answers>
Target 1 Result: 36
Target 2 Result: HOTEL KILO BRAVO WHISKEY XRAY ZULU
"
2,none,cot,False,5,5,9,0.0,1024,8030,6,OSCAR CHARLIE PAPA WHISKEY NOVEMBER KILO,-59.69534683227539,-19.898448944091797,1.1875182029032389e-26,3,False,,False,False,False,"DATA STREAM:
[Packet 01]: CPU temperature on bravo-03 stable at 31C.
[Packet 02]: Background worker ingestion pipeline finished cycle 285.
[Packet 03]: Disk usage on foxtrot-08 is 61 percent.
[Packet 04]: Queue 'indexer' depth is 347 messages.
[Packet 05]: Connection pool for gateway resized to 64 workers.
[Packet 06]: On-call rotation for webhook handed over.
[Packet 07]: Fan speed on bravo-03 set to 82 percent.
[Packet 08]: Backup job 630 for telemetry finished successfully.
[Packet 09 - T2]: The secure operational passphrase is ""OSCAR CHARLIE PAPA WHISKEY NOVEMBER KILO"".
[Packet 10]: Firewall rule 781 updated on bravo-04.
[Packet 11]: Backup job 747 for audit finished successfully.
[Packet 12]: Network latency to us-east-2 is 201 ms.
[Packet 13]: Queue 'deadletter' depth is 213 messages.
[Packet 14]: Service mailer reports status 404 on host alpha-02.
[Packet 15]: End of stream.
OUTPUT TEMPLATE:
<Thinking>
The T2 packet contains the passphrase ""OSCAR CHARLIE PAPA WHISKEY NOVEMBER KILO"".
</Thinking>
<Final_Answers>
Target 1 Result: 31
Target 2 Result: OSCAR CHARLIE PAPA"
2,none,cot,False,3,7,7,0.0,1024,9030,6,JULIET MIKE LIMA PAPA BRAVO VICTOR,-56.73023796081543,-18.91007932027181,2.303407075555927e-25,3,False,,False,False,False,"DATA STREAM:
[Packet 01]: TLS certificate for nginx renewed for 32 days.
[Packet 02]: Login from internal node node-a.
[Packet 03]: Ambient temperature in break room measured at 36C.
[Packet 04]: Service storage restarted on golf-09 (staging).
[Packet 05]: Routine inspection of discovery client completed without findings.
[Packet 06]: Migration 4.8.9 applied to telemetry on production.
[Packet 07 - T2]: The secure operational passphrase is ""JULIET MIKE LIMA PAPA BRAVO VICTOR"".
[Packet 08]: Door contact in break room reports closed.
[Packet 09]: Garbage collection on search freed 254 megabytes.
[Packet 10]: Dead-letter queue 'retry' has 44 stale entries.
[Packet 11]: Audit event 311 recorded by background worker.
[Packet 12]: Vacuum on metrics reclaimed 230 pages.
[Packet 13]: Routine inspection of background worker completed without findings.
[Packet 14]: Humidity in hot aisle is 95 percent.
[Packet 15]: End of stream.
OUTPUT TEMPLATE:
<Thinking>
The T2 packet contains the passphrase ""JULIET MIKE LIMA PAPA BRAVO VICTOR"".
</Thinking>
<Final_Answers>
Target 1 Result: [Empty]
Target 2 Result: JULIET MIKE LIMA"
2,none,direct,False,6,4,10,0.0,1024,30,6,ROMEO JULIET TANGO ALPHA XRAY UNIFORM,-462.8240919113159,-25.712449550628662,9.955218374928197e-202,18,True,,False,False,,"<Final_Answers>
Target 2 Result: ROMEO JULIET TANGO ALPHA XRAY UNIFORM
Target 1 Result: 91
"
2,none,direct,False,2,8,6,0.0,1024,1030,6,BRAVO NOVEMBER TANGO FOXTROT UNIFORM GOLF,-488.0505313873291,-28.708854787489948,1.1024206218320509e-212,17,True,,False,False,,"<Final_Answers>
Target 2 Result: BRAVO NOVEMBER TANGO FOXTROT UNIFORM GOLF
Target 1 Result: 93
"
2,none,direct,False,2,8,6,0.0,1024,2030,6,JULIET MIKE LIMA QUEBEC ALPHA PAPA,-504.1344413757324,-28.007468965318466,1.1407591820913648e-219,18,True,,False,False,,"<Final_Answers>
Target 2 Result: JULIET MIKE LIMA QUEBEC ALPHA PAPA
Target 1 Result: 8
"
2,none,direct,False,4,6,8,0.0,1024,3030,6,HOTEL JULIET TANGO CHARLIE ALPHA KILO,-445.20503901690245,-26.188531706876613,4.4658922390623055e-194,17,True,,False,False,,"<Final_Answers>
Target 2 Result: HOTEL JULIET TANGO CHARLIE ALPHA KILO
Target 1 Result: 55
"
2,none,direct,False,6,4,10,0.0,1024,4030,6,PAPA WHISKEY VICTOR QUEBEC CHARLIE ECHO,-521.9595794677734,-27.47155681409334,2.0693543323353688e-227,19,True,,False,False,,"<Final_Answers>
Target 2 Result: PAPA WHISKEY VICTOR QUEBEC CHARLIE ECHO
Target 1 Result: 55
"
2,none,direct,False,8,2,12,0.0,1024,5030,6,INDIA SIERRA QUEBEC HOTEL MIKE DELTA,-434.6823453903198,-25.569549728842343,1.6590367876487174e-189,17,True,,False,False,,"<Final_Answers>
Target 2 Result: INDIA SIERRA QUEBEC HOTEL MIKE DELTA
Target 1 Result: 365
"
2,none,direct,False,9,1,13,0.0,1024,6030,6,CHARLIE LIMA PAPA KILO SIERRA BRAVO,-511.5943946838379,-26.926020772833574,6.567157259372312e-223,19,True,,False,False,,"<Final_Answers>
Target 2 Result: CHARLIE LIMA PAPA KILO SIERRA BRAVO
Target 1 Result: 61
"
2,none,direct,False,8,2,12,0.0,1024,7030,6,HOTEL KILO BRAVO WHISKEY XRAY ZULU,-503.30278301239014,-27.961265722910564,2.620466494621177e-219,18,True,,False,False,,"<Final_Answers>
Target 2 Result: HOTEL KILO BRAVO WHISKEY XRAY ZULU
Target 1 Result: 88
"
2,none,direct,False,5,5,9,0.0,1024,8030,6,OSCAR CHARLIE PAPA WHISKEY NOVEMBER KILO,-543.5918941497803,-27.179594707489013,8.337579027925326e-237,20,True,,False,False,,"<Final_Answers>
Target 2 Result: OSCAR CHARLIE PAPA WHISKEY NOVEMBER KILO
Target 1 Result: 201
"
2,none,direct,False,3,7,7,0.0,1024,9030,6,JULIET MIKE LIMA PAPA BRAVO VICTOR,-542.9917411804199,-28.578512693706312,1.519438359390128e-236,19,True,,False,False,,"<Final_Answers>
Target 2 Result: JULIET MIKE LIMA PAPA BRAVO VICTOR
Target 1 Result: 95
"
2,easy,cot,False,5,5,9,0.0,1024,30,6,ROMEO JULIET TANGO ALPHA XRAY UNIFORM,-151.78652906417847,-16.86516989601983,1.202120491292031e-66,9,False,True,False,False,False,"DATA STREAM:
[Packet 01]: DNS lookup for router.internal resolved in 223 ms.
[Packet 02]: Service storage returned to nominal state.
[Packet 03]: Replication lag on audit is 30 seconds.
[Packet 04]: Background worker task scheduler finished cycle 202.
[Packet 05]: Object config.yaml replicated to region ap-northeast-1.
[Packet 06 - T1]: LOGIC OVERRIDE. Decide whether LEMON is a METAL or a FRUIT. Answer METAL or FRUIT.
[Packet 07]: Ambient temperature in lab 3B measured at 25C.
[Packet 08]: On-call rotation for mailer handed over.
[Packet 09 - T2]: The secure operational passphrase is ""ROMEO JULIET TANGO ALPHA XRAY UNIFORM"".
[Packet 10]: Rotation policy updated for config.yaml.
[Packet 11]: Vacuum on orders reclaimed 309 pages.
[Packet 12]: Slow query log recorded 91 entries.
[Packet 13]: Rotation policy updated for checksums.sha256.
[Packet 14]: Object schema.json replicated to region us-east-2.
[Packet 15]: End of stream.
OUTPUT TEMPLATE:
<Thinking>
The T1 packet asks whether LEMON is a METAL or a FRUIT; a lemon is a fruit, so the answer is FRUIT. The T2 packet contains the passphrase ""ROMEO JULIET TANGO ALPHA XRAY UNIFORM"".
</Thinking>
<Final_Answers>
Target 1 Result: FRUIT
Target 2 Result: ROMEO JULIET TANGO
"
2,easy,cot,False,1,9,5,0.0,1024,1030,6,BRAVO NOVEMBER TANGO FOXTROT UNIFORM GOLF,-155.50158739089966,-17.277954154544407,2.9276467188686906e-68,9,False,True,False,False,False,"DATA STREAM:
[Packet 01]: Slow query log recorded 47 entries.
[Packet 02 - T1]: LOGIC OVERRIDE. Decide whether EAGLE is an ANIMAL or a TOOL. Answer ANIMAL or TOOL.
[Packet 03]: Backup job 319 for events encountered warning code 500.
[Packet 04]: Vibration on node-b within tolerance.
[Packet 05 - T2]: The secure operational passphrase is ""BRAVO NOVEMBER TANGO FOXTROT UNIFORM GOLF"".
[Packet 06]: Service metrics restarted on echo-07 (canary).
[Packet 07]: Maintenance window scheduled for Friday.
[Packet 08]: Feature flag 'sync_beta' set to disabled.
[Packet 09]: Fan speed on hotel-10 set to 93 percent.
[Packet 10]: Component config loader reloaded configuration successfully.
[Packet 11]: Leader election completed for sync: new leader bravo-04.
[Packet 12]: Secret checksums.sha256 rotated by credential manager.
[Packet 13]: Backup job 761 for catalog finished successfully.
[Packet 14]: Garbage collection on metrics freed 555 megabytes.
[Packet 15]: End of stream.
OUTPUT TEMPLATE:
<Thinking>
The T1 packet asks whether EAGLE is an ANIMAL or a TOOL; an eagle is a bird, so the answer is ANIMAL. The T2 packet contains the passphrase ""BRAVO NOVEMBER TANGO FOXTROT UNIFORM GOLF"".
</Thinking>
<Final_Answers>
Target 1 Result: ANIMAL
Target 2 Result: BRAVO NOVEMBER TANGO
"
2,easy,cot,False,2,8,6,0.0,1024,2030,6,JULIET MIKE LIMA QUEBEC ALPHA PAPA,-59.286757469177246,-19.76225248972575,1.7868511714186597e-26,3,False,True,False,False,False,"DATA STREAM:
[Packet 01]: Disk usage on bravo-03 is 8 percent.
[Packet 02]: Network latency to sa-east-1 is 294 ms.
[Packet 03 - T1]: LOGIC OVERRIDE. Decide whether CHURCH is a BUILDING or a BIRD. Answer BUILDING or BIRD.
[Packet 04]: Threshold for health probe adjusted to 80 percent.
[Packet 05]: Query against events returned 322 rows in 323 ms.
[Packet 06 - T2]: The secure operational passphrase is ""JULIET MIKE LIMA QUEBEC ALPHA PAPA"".
[Packet 07]: Vacuum on events reclaimed 313 pages.
[Packet 08]: Volume edge-us mounted read-only for maintenance.
[Packet 09]: On-call rotation for queue handed over.
[Packet 10]: Deployment of version 3.4.9 started on qa.
[Packet 11]: Object schema.json replicated to region us-east-1.
[Packet 12]: vibration monitor on node-d reports nominal range.
[Packet 13]: Suspicious request blocked by webhook (code 400).
[Packet 14]: Disk usage on alpha-02 is 36 percent.
[Packet 15]: End of stream.
OUTPUT TEMPLATE:
<Thinking>
The T1 packet asks whether CHURCH is a BUILDING or a BIRD; a church is a building, so the answer is BUILDING. The T2 packet contains the passphrase ""JULIET MIKE LIMA QUEBEC ALPHA PAPA"".
</Thinking>
<Final_Answers>
Target 1 Result: BUILDING
Target 2 Result: JULIET MIKE LIMA QUEBEC
"
2,easy,cot,False,4,6,8,0.0,1024,3030,6,HOTEL JULIET TANGO CHARLIE ALPHA KILO,-160.20345449447632,-16.020345449447632,2.65780877657935e-70,10,True,True,False,False,False,"DATA STREAM:
[Packet 01]: Deployment of version 1.8.17 started on qa.
[Packet 02]: Garbage collection on logger freed 160 megabytes.
[Packet 03]: Power draw on rack rack-14 is 484 watts.
[Packet 04]: CPU temperature on echo-07 stable at 93C.
[Packet 05 - T1]: LOGIC OVERRIDE. Decide whether DRILL is a TOOL or an ANIMAL. Answer TOOL or ANIMAL.
[Packet 06]: Failover triggered for search in region sa-east-1.
[Packet 07]: Failover triggered for nginx in region ca-central-1.
[Packet 08 - T2]: The secure operational passphrase is ""HOTEL JULIET TANGO CHARLIE ALPHA KILO"".
[Packet 09]: Garbage collection on smtp freed 242 megabytes.
[Packet 10]: Connection pool for sync resized to 17 workers.
[Packet 11]: TLS certificate for session renewed for 89 days.
[Packet 12]: Disk usage on rack-13 is 55 percent.
[Packet 13]: Deployment of version 2.8.7 completed on qa.
[Packet 14]: Fan speed on edge-eu set to 41 percent.
[Packet 15]: End of stream.
OUTPUT TEMPLATE:
<Thinking>
The T1 packet asks whether DRILL is a TOOL or an ANIMAL; a drill is a tool, so the answer is TOOL. The T2 packet contains the passphrase ""HOTEL JULIET TANGO CHARLIE ALPHA KILO"".
</Thinking>
<Final_Answers>
Target 1 Result: TOOL
Target 2 Result: HOTEL JULIET TANGO CHARLIE ALPHA KILO
"
2,easy,cot,False,6,4,10,0.0,1024,4030,6,PAPA WHISKEY VICTOR QUEBEC CHARLIE ECHO,-175.71607637405396,-17.571607637405396,4.869424640534427e-77,10,False,True,False,False,False,"DATA STREAM:
[Packet 01]: smoke detector on foxtrot-08 reports nominal range.
[Packet 02]: Ambient temperature in operations center measured at 80C.
[Packet 03]: Heartbeat from queue received after 383 ms.
[Packet 04]: Backup job 269 for events finished successfully.
[Packet 05]: Snapshot of billing written to volume node-d.
[Packet 06]: Queue 'deadletter' depth is 213 messages.
[Packet 07 - T1]: LOGIC OVERRIDE. Decide whether TRUCK is an INSTRUMENT or a VEHICLE. Answer INSTRUMENT or VEHICLE.
[Packet 08]: Secret state.db rotated by metrics exporter.
[Packet 09]: Connection pool for scheduler resized to 86 workers.
[Packet 10 - T2]: The secure operational passphrase is ""PAPA WHISKEY VICTOR QUEBEC CHARLIE ECHO"".
[Packet 11]: Failover triggered for scheduler in region sa-east-1.
[Packet 12]: Configuration file state.db reloaded on mike-15.
[Packet 13]: Disk usage on rack-13 is 55 percent.
[Packet 14]: Maintenance window scheduled for Sunday.
[Packet 15]: End of stream.
OUTPUT TEMPLATE:
<Thinking>
The T1 packet asks whether TRUCK is an INSTRUMENT or a VEHICLE; a truck is a vehicle, so the answer is VEHICLE. The T2 packet contains the passphrase ""PAPA WHISKEY VICTOR QUEBEC CHARLIE ECHO"".
</Thinking>
<Final_Answers>
Target 1 Result: VEHICLE
Target 2 Result: PAPA WHISKEY VICTOR
"
2,easy,cot,False,8,2,12,0.0,1024,5030,6,INDIA SIERRA QUEBEC HOTEL MIKE DELTA,-157.94396209716797,-15.794396209716798,2.5457093124978456e-69,10,True,True,False,False,False,"DATA STREAM:
[Packet 01]: Index rebuild on table audit completed in 280 ms.
[Packet 02]: fan controller threshold exceeded in lab 4C.
[Packet 03]: Maintenance window scheduled for Sunday.
[Packet 04]: CPU temperature on alpha-01 stable at 9C.
[Packet 05]: Object schema.json replicated to region us-west-2.
[Packet 06]: Connection pool for etl resized to 44 workers.
[Packet 07]: Service metrics returned to nominal state.
[Packet 08]: Feature flag 'graphql_beta' set to disabled.
[Packet 09 - T1]: LOGIC OVERRIDE. Decide whether PORTUGAL is a PLANET or a COUNTRY. Answer PLANET or COUNTRY.
[Packet 10]: Failover triggered for ssh in region ca-central-1.
[Packet 11]: Power draw on rack india-11 is 735 watts.
[Packet 12 - T2]: The secure operational passphrase is ""INDIA SIERRA QUEBEC HOTEL MIKE DELTA"".
[Packet 13]: Queue 'ingest' depth is 242 messages.
[Packet 14]: Network latency to us-east-2 is 365 ms.
[Packet 15]: End of stream.
OUTPUT TEMPLATE:
<Thinking>
The T1 packet asks whether PORTUGAL is a PLANET or a COUNTRY; Portugal is a country, so the answer is COUNTRY. The T2 packet contains the passphrase ""INDIA SIERRA QUEBEC HOTEL MIKE DELTA"".
</Thinking>
<Final_Answers>
Target 1 Result: COUNTRY
Target 2 Result: INDIA SIERRA QUEBEC HOTEL MIKE DELTA
"
2,easy,cot,False,9,1,13,0.0,1024,6030,6,CHARLIE LIMA PAPA KILO SIERRA BRAVO,-11.410107702834239,-0.8150076930595885,1.1082894183750793e-05,14,True,True,False,False,False,"DATA STREAM:
[Packet 01]: Service logger reports status 504 on host india-11.
[Packet 02]: Heartbeat from router received after 348 ms.
[Packet 03]: Deployment of version 1.4.18 started on production.
[Packet 04]: Read replica hotel-10 caught up to primary.
[Packet 05]: Backup job 741 for users finished successfully.
[Packet 06]: Suspicious request blocked by edge (code 422).
[Packet 07]: Read replica bravo-03 caught up to primary.
[Packet 08]: Ambient temperature in operations center measured at 61C.
[Packet 09]: Backup job 817 for telemetry encountered warning code 204.
[Packet 10 - T1]: LOGIC OVERRIDE. Decide whether MERCURY is a PLANET or a COUNTRY. Answer PLANET or COUNTRY.
[Packet 11]: Backup job 319 for events encountered warning code 500.
[Packet 12]: Rotation policy updated for metrics.tsv.
[Packet 13 - T2]: The secure operational passphrase is ""CHARLIE LIMA PAPA KILO SIERRA BRAVO"".
[Packet 14]: Background worker ingestion pipeline finished cycle 211.
[Packet 15]: End of stream.
OUTPUT TEMPLATE:
<Thinking>
The T1 packet asks whether MERCURY is a PLANET or a COUNTRY; mercury is a planet, so the answer is PLANET. The T2 packet contains the passphrase ""CHARLIE LIMA PAPA KILO SIERRA BRAVO"".
</Thinking>
<Final_Answers>
Target 1 Result: PLANET
Target 2 Result: CHARLIE LIMA PAPA KILO SIERRA BRAVO
"
2,easy,cot,False,8,2,12,0.0,1024,7030,6,HOTEL KILO BRAVO WHISKEY XRAY ZULU,-149.84133434295654,-16.649037149217392,8.408825378834888e-66,9,True,True,False,False,False,"DATA STREAM:
[Packet 01]: CPU temperature on rack-12 stable at 36C.
[Packet 02]: Volume rack-13 mounted read-only for maintenance.
[Packet 03]: Query against orders returned 223 rows in 122 ms.
[Packet 04]: Service storage drained 49 connections before shutdown.
[Packet 05]: Cache hit ratio for oauth is 91 percent.
[Packet 06]: Slow query log recorded 28 entries.
[Packet 07]: Service webhook reports status 403 on host india-11.
[Packet 08]: Replication lag on events is 27 seconds.
[Packet 09 - T1]: LOGIC OVERRIDE. Decide whether BOAT is an INSTRUMENT or a VEHICLE. Answer INSTRUMENT or VEHICLE.
[Packet 10]: Routine inspection of task scheduler completed without findings.
[Packet 11]: Feature flag 'oauth_beta' set to enabled.
[Packet 12 - T2]: The secure operational passphrase is ""HOTEL KILO BRAVO WHISKEY XRAY ZULU"".
[Packet 13]: Threshold for config loader adjusted to 88 percent.
[Packet 14]: Deployment of version 3.1.5 started on production.
[Packet 15]: End of stream.
OUTPUT TEMPLATE:
<Thinking>
The T1 packet asks whether BOAT is an INSTRUMENT or a VEHICLE; a boat is a vehicle, so the answer is VEHICLE. The T2 packet contains the passphrase ""HOTEL KILO BRAVO WHISKEY XRAY ZULU"".
</Thinking>
<Final_Answers>
Target 1 Result: VEHICLE
Target 2 Result: HOTEL KILO BRAVO WHISKEY XRAY ZULU
"
2,easy,cot,False,5,5,9,0.0,1024,8030,6,OSCAR CHARLIE PAPA WHISKEY NOVEMBER KILO,-235.75450253486633,-18.134961733451256,4.1031790180427624e-103,13,False,True,False,False,False,"DATA STREAM:
[Packet 01]: CPU temperature on bravo-03 stable at 31C.
[Packet 02]: Background worker ingestion pipeline finished cycle 285.
[Packet 03]: Disk usage on foxtrot-08 is 61 percent.
[Packet 04]: Queue 'indexer' depth is 347 messages.
[Packet 05]: Connection pool for gateway resized to 64 workers.
[Packet 06 - T1]: LOGIC OVERRIDE. Decide whether MANGO is a METAL or a FRUIT. Answer METAL or FRUIT.
[Packet 07]: Fan speed on bravo-03 set to 82 percent.
[Packet 08]: Backup job 630 for telemetry finished successfully.
[Packet 09 - T2]: The secure operational passphrase is ""OSCAR CHARLIE PAPA WHISKEY NOVEMBER KILO"".
[Packet 10]: Firewall rule 781 updated on bravo-04.
[Packet 11]: Backup job 747 for audit finished successfully.
[Packet 12]: Network latency to us-east-2 is 201 ms.
[Packet 13]: Queue 'deadletter' depth is 213 messages.
[Packet 14]: Service mailer reports status 404 on host alpha-02.
[Packet 15]: End of stream.
OUTPUT TEMPLATE:
<Thinking>
The T1 packet asks whether MANGO is a METAL or a FRUIT; a mango is a fruit, so the answer is FRUIT. The T2 packet contains the passphrase ""OSCAR CHARLIE PAPA WHISKEY NOVEMBER KILO"".
</Thinking>
<Final_Answers>
Target 1 Result: FRUIT
Target 2 Result: OSCAR CHARLIE PAPA
"
2,easy,cot,False,3,7,7,0.0,1024,9030,6,JULIET MIKE LIMA PAPA BRAVO VICTOR,-68.47625923156738,-22.825419743855793,1.8244773423313202e-30,3,False,True,False,False,False,"DATA STREAM:
[Packet 01]: TLS certificate for nginx renewed for 32 days.
[Packet 02]: Login from internal node node-a.
[Packet 03]: Ambient temperature in break room measured at 36C.
[Packet 04 - T1]: LOGIC OVERRIDE. Decide whether LEMON is a METAL or a FRUIT. Answer METAL or FRUIT.
[Packet 05]: Routine inspection of discovery client completed without findings.
[Packet 06]: Migration 4.8.9 applied to telemetry on production.
[Packet 07 - T2]: The secure operational passphrase is ""JULIET MIKE LIMA PAPA BRAVO VICTOR"".
[Packet 08]: Door contact in break room reports closed.
[Packet 09]: Garbage collection on search freed 254 megabytes.
[Packet 10]: Dead-letter queue 'retry' has 44 stale entries.
[Packet 11]: Audit event 311 recorded by background worker.
[Packet 12]: Vacuum on metrics reclaimed 230 pages.
[Packet 13]: Routine inspection of background worker completed without findings.
[Packet 14]: Humidity in hot aisle is 95 percent.
[Packet 15]: End of stream.
OUTPUT TEMPLATE:
<Thinking>
The T1 packet asks whether LEMON is a METAL or a FRUIT; a lemon is a fruit, so the answer is FRUIT. The T2 packet contains the passphrase ""JULIET MIKE LIMA PAPA BRAVO VICTOR"".
</Thinking>
<Final_Answers>
Target 1 Result: FRUIT
Target 2 Result: JULIET MIKE LIMA"
2,easy,direct,False,5,5,9,0.0,1024,30,6,ROMEO JULIET TANGO ALPHA XRAY UNIFORM,-477.7556028366089,-25.14503172824257,3.261204175467038e-208,19,True,False,False,False,,"<Final_Answers>
Target 2 Result: ROMEO JULIET TANGO ALPHA XRAY UNIFORM
Target 1 Result: 91
"
2,easy,direct,False,1,9,5,0.0,1024,1030,6,BRAVO NOVEMBER TANGO FOXTROT UNIFORM GOLF,-589.4875812530518,-29.474379062652588,9.745324645060177e-257,20,True,False,False,False,,"<Final_Answers>
Target 2 Result: BRAVO NOVEMBER TANGO FOXTROT UNIFORM GOLF
Target 1 Result: 93
"
2,easy,direct,False,2,8,6,0.0,1024,2030,6,JULIET MIKE LIMA QUEBEC ALPHA PAPA,-395.6017713546753,-24.725110709667206,1.5571615431573314e-172,16,True,False,False,False,,"<Final_Answers>
Target 2 Result: JULIET MIKE LIMA QUEBEC ALPHA PAPA
Target 1 Result: 80
"
2,easy,direct,False,4,6,8,0.0,1024,3030,6,HOTEL JULIET TANGO CHARLIE ALPHA KILO,-413.6720724105835,-29.548005172184535,2.2105565763948885e-180,14,True,False,False,False,,"<Final_Answers>
Target 2 Result: HOTEL JULIET TANGO CHARLIE ALPHA KILO
Target 1 Result: 41
"
2,easy,direct,False,6,4,10,0.0,1024,4030,6,PAPA WHISKEY VICTOR QUEBEC CHARLIE ECHO,-437.15198516845703,-29.143465677897137,1.4037995158259045e-190,15,True,False,False,False,,"<Final_Answers>
Target 2 Result: PAPA WHISKEY VICTOR QUEBEC CHARLIE ECHO
Target 1 Result: 55
"
2,easy,direct,False,8,2,12,0.0,1024,5030,6,INDIA SIERRA QUEBEC HOTEL MIKE DELTA,-423.18150424957275,-28.21210028330485,1.6391090980439917e-184,15,True,False,False,False,,"<Final_Answers>
Target 2 Result: INDIA SIERRA QUEBEC HOTEL MIKE DELTA
Target 1 Result: 365
"
2,easy,direct,False,9,1,13,0.0,1024,6030,6,CHARLIE LIMA PAPA KILO SIERRA BRAVO,-508.1654815673828,-28.231415642632378,2.0255149900531561e-221,18,True,True,False,False,,"<Final_Answers>
Target 2 Result: CHARLIE LIMA PAPA KILO SIERRA BRAVO
Target 1 Result: PLANET
"
2,easy,direct,False,8,2,12,0.0,1024,7030,6,HOTEL KILO BRAVO WHISKEY XRAY ZULU,-292.965051651001,-26.633186513727363,5.846482815049036e-128,11,True,False,False,False,,"<Final_Answers>
Target 2 Result: HOTEL KILO BRAVO WHISKEY XRAY ZULU
Target 1 Result: 88
"
2,easy,direct,False,5,5,9,0.0,1024,8030,6,OSCAR CHARLIE PAPA WHISKEY NOVEMBER KILO,-546.6673908233643,-30.370410601298016,3.8491845059176586e-238,18,True,False,False,False,,"<Final_Answers>
Target 2 Result: OSCAR CHARLIE PAPA WHISKEY NOVEMBER KILO
Target 1 Result: 201
"
2,easy,direct,False,3,7,7,0.0,1024,9030,6,JULIET MIKE LIMA PAPA BRAVO VICTOR,-532.0141849517822,-28.00074657640959,8.89559866893221e-232,19,True,False,False,False,,"<Final_Answers>
Target 2 Result: JULIET MIKE LIMA PAPA BRAVO VICTOR
Target 1 Result: 95
"
2,hard,cot,False,5,5,9,0.0,1024,30,6,ROMEO JULIET TANGO ALPHA XRAY UNIFORM,-69.43309211730957,-17.358273029327393,7.007953830549349e-31,4,True,True,False,False,False,"DATA STREAM:
[Packet 01]: DNS lookup for router.internal resolved in 223 ms.
[Packet 02]: Service storage returned to nominal state.
[Packet 03]: Replication lag on audit is 30 seconds.
[Packet 04]: Background worker task scheduler finished cycle 202.
[Packet 05]: Object config.yaml replicated to region ap-northeast-1.
[Packet 06 - T1]: LOGIC OVERRIDE. Pia is younger than Olive. Olive is younger than Quinn. Is Pia younger than Quinn? Answer YES or NO.
[Packet 07]: Ambient temperature in lab 3B measured at 25C.
[Packet 08]: On-call rotation for mailer handed over.
[Packet 09 - T2]: The secure operational passphrase is ""ROMEO JULIET TANGO ALPHA XRAY UNIFORM"".
[Packet 10]: Rotation policy updated for config.yaml.
[Packet 11]: Vacuum on orders reclaimed 309 pages.
[Packet 12]: Slow query log recorded 91 entries.
[Packet 13]: Rotation policy updated for checksums.sha256.
[Packet 14]: Object schema.json replicated to region us-east-2.
[Packet 15]: End of stream.
OUTPUT TEMPLATE:
<Thinking>
The T1 packet presents a logical deduction problem regarding age comparisons. Pia is younger than Olive, and Olive is younger than Quinn, therefore Pia must be younger than Quinn. The T2 packet contains the passphrase ""ROMEO JULIET TANGO ALPHA XRAY UNIFORM"".
</Thinking>
<Final_Answers>
Target 1 Result: YES
Target 2 Result: ROMEO JULIET TANGO ALPHA XRAY UNIFORM
"
2,hard,cot,False,1,9,5,0.0,1024,1030,6,BRAVO NOVEMBER TANGO FOXTROT UNIFORM GOLF,-55.2658805847168,-11.053176116943359,9.961690042006293e-25,5,False,False,False,False,False,"DATA STREAM:
[Packet 01]: Slow query log recorded 47 entries.
[Packet 02 - T1]: LOGIC OVERRIDE. All plurms are quibs. Some quibs are snorfs. Does it follow that some plurms are snorfs? Answer VALID or INVALID.
[Packet 03]: Backup job 319 for events encountered warning code 500.
[Packet 04]: Vibration on node-b within tolerance.
[Packet 05 - T2]: The secure operational passphrase is ""BRAVO NOVEMBER TANGO FOXTROT UNIFORM GOLF"".
[Packet 06]: Service metrics restarted on echo-07 (canary).
[Packet 07]: Maintenance window scheduled for Friday.
[Packet 08]: Feature flag 'sync_beta' set to disabled.
[Packet 09]: Fan speed on hotel-10 set to 93 percent.
[Packet 10]: Component config loader reloaded configuration successfully.
[Packet 11]: Leader election completed for sync: new leader bravo-04.
[Packet 12]: Secret checksums.sha256 rotated by credential manager.
[Packet 13]: Backup job 761 for catalog finished successfully.
[Packet 14]: Garbage collection on metrics freed 555 megabytes.
[Packet 15]: End of stream.
OUTPUT TEMPLATE:
<Thinking>
The T1 packet asks if some plurms are snorfs given that all plurms are quibs and some quibs are snorfs; this is a valid syllogism, so the answer is VALID. The T2 packet contains the passphrase ""BRAVO NOVEMBER TANGO FOXTROT UNIFORM GOLF"".
</Thinking>
<Final_Answers>
Target 1 Result: VALID
Target 2 Result: BRAVO NOVEMBER TANGO"
2,hard,cot,False,2,8,6,0.0,1024,2030,6,JULIET MIKE LIMA QUEBEC ALPHA PAPA,-57.48186779022217,-19.160622596740723,1.0862805642804692e-25,3,True,True,False,False,False,"DATA STREAM:
[Packet 01]: Disk usage on bravo-03 is 8 percent.
[Packet 02]: Network latency to sa-east-1 is 294 ms.
[Packet 03 - T1]: LOGIC OVERRIDE. All snicks are vrils. All vrils are snools. Does it follow that all snicks are snools? Answer VALID or INVALID.
[Packet 04]: Threshold for health probe adjusted to 80 percent.
[Packet 05]: Query against events returned 322 rows in 323 ms.
[Packet 06 - T2]: The secure operational passphrase is ""JULIET MIKE LIMA QUEBEC ALPHA PAPA"".
[Packet 07]: Vacuum on events reclaimed 313 pages.
[Packet 08]: Volume edge-us mounted read-only for maintenance.
[Packet 09]: On-call rotation for queue handed over.
[Packet 10]: Deployment of version 3.4.9 started on qa.
[Packet 11]: Object schema.json replicated to region us-east-1.
[Packet 12]: vibration monitor on node-d reports nominal range.
[Packet 13]: Suspicious request blocked by webhook (code 400).
[Packet 14]: Disk usage on alpha-02 is 36 percent.
[Packet 15]: End of stream.
OUTPUT TEMPLATE:
<Thinking>
The T1 packet presents a logical deduction problem. The statements ""All snicks are vrils"" and ""All vrils are snools"" imply that all snicks are snools. Therefore, the answer is VALID. The T2 packet contains the passphrase ""JULIET MIKE LIMA QUEBEC ALPHA PAPA"".
</Thinking>
<Final_Answers>
Target 1 Result: VALID
Target 2 Result: JULIET MIKE LIMA QUEBEC ALPHA PAPA
"
2,hard,cot,False,4,6,8,0.0,1024,3030,6,HOTEL JULIET TANGO CHARLIE ALPHA KILO,-11.069127755130921,-0.8514713657793016,1.5586151612180573e-05,13,True,True,False,False,False,"DATA STREAM:
[Packet 01]: Deployment of version 1.8.17 started on qa.
[Packet 02]: Garbage collection on logger freed 160 megabytes.
[Packet 03]: Power draw on rack rack-14 is 484 watts.
[Packet 04]: CPU temperature on echo-07 stable at 93C.
[Packet 05 - T1]: LOGIC OVERRIDE. All smegs are plonks. All plonks are snigs. Does it follow that all smegs are snigs? Answer VALID or INVALID.
[Packet 06]: Failover triggered for search in region sa-east-1.
[Packet 07]: Failover triggered for nginx in region ca-central-1.
[Packet 08 - T2]: The secure operational passphrase is ""HOTEL JULIET TANGO CHARLIE ALPHA KILO"".
[Packet 09]: Garbage collection on smtp freed 242 megabytes.
[Packet 10]: Connection pool for sync resized to 17 workers.
[Packet 11]: TLS certificate for session renewed for 89 days.
[Packet 12]: Disk usage on rack-13 is 55 percent.
[Packet 13]: Deployment of version 2.8.7 completed on qa.
[Packet 14]: Fan speed on edge-eu set to 41 percent.
[Packet 15]: End of stream.
OUTPUT TEMPLATE:
<Thinking>
The T1 packet asks whether the statements ""All smegs are plonks"" and ""All plonks are snigs"" imply ""All smegs are snigs"". This is a valid logical deduction, therefore the answer is VALID. The T2 packet contains the passphrase ""HOTEL JULIET TANGO CHARLIE ALPHA KILO"".
</Thinking>
<Final_Answers>
Target 1 Result: VALID
Target 2 Result: HOTEL JULIET TANGO CHARLIE ALPHA KILO
"
2,hard,cot,False,6,4,10,0.0,1024,4030,6,PAPA WHISKEY VICTOR QUEBEC CHARLIE ECHO,-58.29252910614014,-14.573132276535034,4.829212020999435e-26,4,False,False,False,False,False,"DATA STREAM:
[Packet 01]: smoke detector on foxtrot-08 reports nominal range.
[Packet 02]: Ambient temperature in operations center measured at 80C.
[Packet 03]: Heartbeat from queue received after 383 ms.
[Packet 04]: Backup job 269 for events finished successfully.
[Packet 05]: Snapshot of billing written to volume node-d.
[Packet 06]: Queue 'deadletter' depth is 213 messages.
[Packet 07 - T1]: LOGIC OVERRIDE. All zorps are trens. Some trens are snools. Does it follow that some zorps are snools? Answer VALID or INVALID.
[Packet 08]: Secret state.db rotated by metrics exporter.
[Packet 09]: Connection pool for scheduler resized to 86 workers.
[Packet 10 - T2]: The secure operational passphrase is ""PAPA WHISKEY VICTOR QUEBEC CHARLIE ECHO"".
[Packet 11]: Failover triggered for scheduler in region sa-east-1.
[Packet 12]: Configuration file state.db reloaded on mike-15.
[Packet 13]: Disk usage on rack-13 is 55 percent.
[Packet 14]: Maintenance window scheduled for Sunday.
[Packet 15]: End of stream.
OUTPUT TEMPLATE:
<Thinking>
The T1 packet asks whether all zorps are trens and some trens are snools, which implies that some zorps are snools. This is a valid syllogism. The T2 packet contains the passphrase ""PAPA WHISKEY VICTOR QUEBEC CHARLIE ECHO"".
</Thinking>
<Final_Answers>
Target 1 Result: VALID
Target 2 Result: PAPA WHISKEY VICTOR"
2,hard,cot,False,8,2,12,0.0,1024,5030,6,INDIA SIERRA QUEBEC HOTEL MIKE DELTA,-59.192182660102844,-14.798045665025711,1.9640914220267075e-26,4,True,True,False,False,False,"DATA STREAM:
[Packet 01]: Index rebuild on table audit completed in 280 ms.
[Packet 02]: fan controller threshold exceeded in lab 4C.
[Packet 03]: Maintenance window scheduled for Sunday.
[Packet 04]: CPU temperature on alpha-01 stable at 9C.
[Packet 05]: Object schema.json replicated to region us-west-2.
[Packet 06]: Connection pool for etl resized to 44 workers.
[Packet 07]: Service metrics returned to nominal state.
[Packet 08]: Feature flag 'graphql_beta' set to disabled.
[Packet 09 - T1]: LOGIC OVERRIDE. Dave is younger than Mona. Mona is younger than Nick. Is Dave younger than Nick? Answer YES or NO.
[Packet 10]: Failover triggered for ssh in region ca-central-1.
[Packet 11]: Power draw on rack india-11 is 735 watts.
[Packet 12 - T2]: The secure operational passphrase is ""INDIA SIERRA QUEBEC HOTEL MIKE DELTA"".
[Packet 13]: Queue 'ingest' depth is 242 messages.
[Packet 14]: Network latency to us-east-2 is 365 ms.
[Packet 15]: End of stream.
OUTPUT TEMPLATE:
<Thinking>
The T1 packet asks whether Dave is younger than Nick based on the given relationships; YES is the correct answer. The T2 packet contains the passphrase ""INDIA SIERRA QUEBEC HOTEL MIKE DELTA"".
</Thinking>
<Final_Answers>
Target 1 Result: YES
Target 2 Result: INDIA SIERRA QUEBEC HOTEL MIKE DELTA
"
2,hard,cot,False,9,1,13,0.0,1024,6030,6,CHARLIE LIMA PAPA KILO SIERRA BRAVO,-12.412136157618079,-0.886581154115577,4.068906948432095e-06,14,True,True,False,False,False,"DATA STREAM:
[Packet 01]: Service logger reports status 504 on host india-11.
[Packet 02]: Heartbeat from router received after 348 ms.
[Packet 03]: Deployment of version 1.4.18 started on production.
[Packet 04]: Read replica hotel-10 caught up to primary.
[Packet 05]: Backup job 741 for users finished successfully.
[Packet 06]: Suspicious request blocked by edge (code 422).
[Packet 07]: Read replica bravo-03 caught up to primary.
[Packet 08]: Ambient temperature in operations center measured at 61C.
[Packet 09]: Backup job 817 for telemetry encountered warning code 204.
[Packet 10 - T1]: LOGIC OVERRIDE. All drovs are vrils. Some vrils are quibs. Does it follow that some drovs are quibs? Answer VALID or INVALID.
[Packet 11]: Backup job 319 for events encountered warning code 500.
[Packet 12]: Rotation policy updated for metrics.tsv.
[Packet 13 - T2]: The secure operational passphrase is ""CHARLIE LIMA PAPA KILO SIERRA BRAVO"".
[Packet 14]: Background worker ingestion pipeline finished cycle 211.
[Packet 15]: End of stream.
OUTPUT TEMPLATE:
<Thinking>
The T1 packet asks whether all drovs are vrils and some vrils are quibs; this is a syllogism that can be evaluated as INVALID. The T2 packet contains the passphrase ""CHARLIE LIMA PAPA KILO SIERRA BRAVO"".
</Thinking>
<Final_Answers>
Target 1 Result: INVALID
Target 2 Result: CHARLIE LIMA PAPA KILO SIERRA BRAVO
"
2,hard,cot,False,8,2,12,0.0,1024,7030,6,HOTEL KILO BRAVO WHISKEY XRAY ZULU,-100.90865325927734,-16.818108876546223,1.499438691577342e-44,6,True,False,False,False,False,"DATA STREAM:
[Packet 01]: CPU temperature on rack-12 stable at 36C.
[Packet 02]: Volume rack-13 mounted read-only for maintenance.
[Packet 03]: Query against orders returned 223 rows in 122 ms.
[Packet 04]: Service storage drained 49 connections before shutdown.
[Packet 05]: Cache hit ratio for oauth is 91 percent.
[Packet 06]: Slow query log recorded 28 entries.
[Packet 07]: Service webhook reports status 403 on host india-11.
[Packet 08]: Replication lag on events is 27 seconds.
[Packet 09 - T1]: LOGIC OVERRIDE. All flurbs are pims. Some pims are wugs. Does it follow that some flurbs are wugs? Answer VALID or INVALID.
[Packet 10]: Routine inspection of task scheduler completed without findings.
[Packet 11]: Feature flag 'oauth_beta' set to enabled.
[Packet 12 - T2]: The secure operational passphrase is ""HOTEL KILO BRAVO WHISKEY XRAY ZULU"".
[Packet 13]: Threshold for config loader adjusted to 88 percent.
[Packet 14]: Deployment of version 3.1.5 started on production.
[Packet 15]: End of stream.
OUTPUT TEMPLATE:
<Thinking>
The T1 packet asks whether some flurbs are wugs based on the given statements; this is a valid syllogism, so the answer is VALID. The T2 packet contains the passphrase ""HOTEL KILO BRAVO WHISKEY XRAY ZULU"".
</Thinking>
<Final_Answers>
Target 1 Result: VALID
Target 2 Result: HOTEL KILO BRAVO WHISKEY XRAY ZULU
"
2,hard,cot,False,5,5,9,0.0,1024,8030,6,OSCAR CHARLIE PAPA WHISKEY NOVEMBER KILO,-12.828035095729433,-0.9867719304407256,2.684448918086774e-06,13,True,False,False,False,False,"DATA STREAM:
[Packet 01]: CPU temperature on bravo-03 stable at 31C.
[Packet 02]: Background worker ingestion pipeline finished cycle 285.
[Packet 03]: Disk usage on foxtrot-08 is 61 percent.
[Packet 04]: Queue 'indexer' depth is 347 messages.
[Packet 05]: Connection pool for gateway resized to 64 workers.
[Packet 06 - T1]: LOGIC OVERRIDE. Tom finished before Sara. Sara finished before Leo. Did Leo finish before Tom? Answer YES or NO.
[Packet 07]: Fan speed on bravo-03 set to 82 percent.
[Packet 08]: Backup job 630 for telemetry finished successfully.
[Packet 09 - T2]: The secure operational passphrase is ""OSCAR CHARLIE PAPA WHISKEY NOVEMBER KILO"".
[Packet 10]: Firewall rule 781 updated on bravo-04.
[Packet 11]: Backup job 747 for audit finished successfully.
[Packet 12]: Network latency to us-east-2 is 201 ms.
[Packet 13]: Queue 'deadletter' depth is 213 messages.
[Packet 14]: Service mailer reports status 404 on host alpha-02.
[Packet 15]: End of stream.
OUTPUT TEMPLATE:
<Thinking>
The T1 packet requires a logical deduction based on the provided statements. Tom finished before Sara, and Sara finished before Leo. Therefore, Leo did not finish before Tom. The answer is YES. The T2 packet contains the passphrase ""OSCAR CHARLIE PAPA WHISKEY NOVEMBER KILO"".
</Thinking>
<Final_Answers>
Target 1 Result: YES
Target 2 Result: OSCAR CHARLIE PAPA WHISKEY NOVEMBER KILO
"
2,hard,cot,False,3,7,7,0.0,1024,9030,6,JULIET MIKE LIMA PAPA BRAVO VICTOR,-279.97876246485976,-18.66525083099065,2.551340431352608e-122,15,False,True,False,False,False,"DATA STREAM:
[Packet 01]: TLS certificate for nginx renewed for 32 days.
[Packet 02]: Login from internal node node-a.
[Packet 03]: Ambient temperature in break room measured at 36C.
[Packet 04 - T1]: LOGIC OVERRIDE. Pia is younger than Olive. Olive is younger than Quinn. Is Pia younger than Quinn? Answer YES or NO.
[Packet 05]: Routine inspection of discovery client completed without findings.
[Packet 06]: Migration 4.8.9 applied to telemetry on production.
[Packet 07 - T2]: The secure operational passphrase is ""JULIET MIKE LIMA PAPA BRAVO VICTOR"".
[Packet 08]: Door contact in break room reports closed.
[Packet 09]: Garbage collection on search freed 254 megabytes.
[Packet 10]: Dead-letter queue 'retry' has 44 stale entries.
[Packet 11]: Audit event 311 recorded by background worker.
[Packet 12]: Vacuum on metrics reclaimed 230 pages.
[Packet 13]: Routine inspection of background worker completed without findings.
[Packet 14]: Humidity in hot aisle is 95 percent.
[Packet 15]: End of stream.
OUTPUT TEMPLATE:
<Thinking>
The T1 packet requires a logical deduction based on the provided relationships. Pia is younger than Olive, and Olive is younger than Quinn, therefore Pia must be younger than Quinn. The T2 packet contains the passphrase ""JULIET MIKE LIMA PAPA BRAVO VICTOR"".
</Thinking>
<Final_Answers>
Target 1 Result: YES
Target 2 Result: JULIET MIKE LIMA"
2,hard,direct,False,5,5,9,0.0,1024,30,6,ROMEO JULIET TANGO ALPHA XRAY UNIFORM,-513.4750547409058,-27.025002881100303,1.0014220068607211e-223,19,True,False,False,False,,"<Final_Answers>
Target 2 Result: ROMEO JULIET TANGO ALPHA XRAY UNIFORM
Target 1 Result: 91
"
2,hard,direct,False,1,9,5,0.0,1024,1030,6,BRAVO NOVEMBER TANGO FOXTROT UNIFORM GOLF,-401.89180755615234,-28.70655768258231,2.888056307235308e-175,14,True,False,False,False,,"<Final_Answers>
Target 2 Result: BRAVO NOVEMBER TANGO FOXTROT UNIFORM GOLF
Target 1 Result: 555
"
2,hard,direct,False,2,8,6,0.0,1024,2030,6,JULIET MIKE LIMA QUEBEC ALPHA PAPA,-491.79492950439453,-27.32194052802192,2.6072092498145754e-214,18,True,False,False,False,,"<Final_Answers>
Target 2 Result: JULIET MIKE LIMA QUEBEC ALPHA PAPA
Target 1 Result: 36
"
2,hard,direct,False,4,6,8,0.0,1024,3030,6,HOTEL JULIET TANGO CHARLIE ALPHA KILO,-502.44947814941406,-27.91385989718967,6.151261706355926e-219,18,True,False,False,False,,"<Final_Answers>
Target 2 Result: HOTEL JULIET TANGO CHARLIE ALPHA KILO
Target 1 Result: 93
"
2,hard,direct,False,6,4,10,0.0,1024,4030,6,PAPA WHISKEY VICTOR QUEBEC CHARLIE ECHO,-440.83564376831055,-29.38904291788737,3.527869284382752e-192,15,True,False,False,False,,"<Final_Answers>
Target 2 Result: PAPA WHISKEY VICTOR QUEBEC CHARLIE ECHO
Target 1 Result: 55
"
2,hard,direct,False,8,2,12,0.0,1024,5030,6,INDIA SIERRA QUEBEC HOTEL MIKE DELTA,-440.54602432250977,-29.369734954833984,4.712947612493866e-192,15,True,False,False,False,,"<Final_Answers>
Target 2 Result: INDIA SIERRA QUEBEC HOTEL MIKE DELTA
Target 1 Result: 365
"
2,hard,direct,False,9,1,13,0.0,1024,6030,6,CHARLIE LIMA PAPA KILO SIERRA BRAVO,-439.6777458190918,-27.479859113693237,1.1230036688634144e-191,16,True,True,False,False,,"<Final_Answers>
Target 2 Result: CHARLIE LIMA PAPA KILO SIERRA BRAVO
Target 1 Result: INVALID
"
2,hard,direct,False,8,2,12,0.0,1024,7030,6,HOTEL KILO BRAVO WHISKEY XRAY ZULU,-351.4665756225586,-27.03589043250451,2.2908973702160735e-153,13,True,False,False,False,,"<Final_Answers>
Target 2 Result: HOTEL KILO BRAVO WHISKEY XRAY ZULU
Target 1 Result: VALID
"
2,hard,direct,False,5,5,9,0.0,1024,8030,6,OSCAR CHARLIE PAPA WHISKEY NOVEMBER KILO,-498.05715465545654,-29.29747968561509,4.9719420795350175e-217,17,True,False,False,False,,"<Final_Answers>
Target 2 Result: OSCAR CHARLIE PAPA WHISKEY NOVEMBER KILO
Target 1 Result: YES
"
2,hard,direct,False,3,7,7,0.0,1024,9030,6,JULIET MIKE LIMA PAPA BRAVO VICTOR,-396.7751363100542,-26.451675754003613,4.816679440605706e-173,15,True,False,False,False,,"<Final_Answers>
Target 2 Result: JULIET MIKE LIMA PAPA BRAVO VICTOR
Target 1 Result: 95
"
4,none,cot,False,2,6,8,0.0,1024,32,6,CHARLIE GOLF ECHO JULIET HOTEL PAPA,-184.38445806503296,-20.487162007225884,8.372348809073221e-81,9,False,,False,False,False,"DATA STREAM:
[Packet 01]: Service oauth restarted on bravo-04 (shadow).
[Packet 02]: Fan speed on kilo-13 set to 50 percent.
[Packet 03]: TLS certificate for nginx renewed for 32 days.
[Packet 04]: Rotation policy updated for secrets.env.
[Packet 05]: Background worker background worker finished cycle 139.
[Packet 06]: Deployment of version 5.7.0 completed on qa.
[Packet 07]: Replication lag on events is 27 seconds.
[Packet 08 - T2]: The secure operational passphrase is ""CHARLIE GOLF ECHO JULIET HOTEL PAPA"".
[Packet 09]: Volume node-b mounted read-only for maintenance.
[Packet 10]: Feature flag 'smtp_beta' set to disabled.
[Packet 11]: Failover triggered for billing in region us-west-1.
[Packet 12]: Disk usage on alpha-02 is 36 percent.
[Packet 13]: Connection pool for postgres resized to 6 workers.
[Packet 14]: Failover triggered for edge in region us-west-2.
[Packet 15]: End of stream.
OUTPUT TEMPLATE:
<Thinking>
Packet 01 indicates oauth service restart on bravo-04. Packet 02 sets fan speed on kilo-13 to 50%. Packet 03 renews nginx TLS certificate for 32 days. Packet 04 updates rotation policy for secrets.env. Packet 05 completes background worker cycle 139. Packet 06 completes deployment of version 5.7.0 on qa. Packet 07 reports replication lag of 27 seconds. Packet 08 provides the passphrase ""CHARLIE GOLF ECHO JULIET HOTEL PAPA"". Packet 09 mounts node-b read-only for maintenance. Packet 10 disables the smtp_beta feature flag. Packet 11 triggers billing failover in us-west-1. Packet 12 reports disk usage of 36% on alpha-02. Packet 13 resizes postgres connection pool to 6 workers. Packet 14 triggers edge failover in us-west-2. Packet 15 marks the end of the stream.
</Thinking>
<Final_Answers>
Target 1 Result: CHARLIE GOLF ECHO JULIET HOTEL PAPA
Target 2 Result: 36 percent
"
4,none,cot,False,4,4,10,0.0,1024,1032,6,MIKE UNIFORM ROMEO NOVEMBER FOXTROT KILO,-151.55150151252747,-15.155150151252746,1.5206146453756593e-66,10,False,,False,False,False,"DATA STREAM:
[Packet 01]: Garbage collection on smtp freed 242 megabytes.
[Packet 02]: Service webhook reports status 500 on host lima-14.
[Packet 03]: Deployment of version 3.2.4 completed on production.
[Packet 04]: Dead-letter queue 'priority' has 8 stale entries.
[Packet 05]: Queue 'priority' depth is 639 messages.
[Packet 06]: Network latency to us-east-2 is 365 ms.
[Packet 07]: Network latency to ap-northeast-1 is 346 ms.
[Packet 08]: Configuration file metrics.tsv reloaded on alpha-01.
[Packet 09]: Backup job 521 for orders finished successfully.
[Packet 10 - T2]: The secure operational passphrase is ""MIKE UNIFORM ROMEO NOVEMBER FOXTROT KILO"".
[Packet 11]: ambient light sensor on mike-15 reports nominal range.
[Packet 12]: Power draw on rack lima-14 is 573 watts.
[Packet 13]: Routine inspection of task scheduler completed without findings.
[Packet 14]: Connection pool for gateway resized to 64 workers.
[Packet 15]: End of stream.
OUTPUT TEMPLATE:
<Thinking>
The T2 packet contains the passphrase ""MIKE UNIFORM ROMEO NOVEMBER FOXTROT KILO"".
</Thinking>
<Final_Answers>
Target 1 Result: 64
Target 2 Result: MIKE UNIFORM ROMEO"
4,none,cot,False,4,4,10,0.0,1024,2032,6,BRAVO SIERRA VICTOR XRAY OSCAR DELTA,-11.877921029717328,-0.913686233055179,6.941997298225162e-06,13,True,,False,False,False,"DATA STREAM:
[Packet 01]: Configuration file schema.json reloaded on golf-09.
[Packet 02]: Door contact in break room reports closed.
[Packet 03]: Backup job 407 for users encountered warning code 500.
[Packet 04]: Network latency to sa-east-1 is 14 ms.
[Packet 05]: Firewall rule 296 updated on rack-12.
[Packet 06]: Backup job 282 for billing finished successfully.
[Packet 07]: Secret config.yaml rotated by metrics exporter.
[Packet 08]: Firewall rule 810 updated on india-11.
[Packet 09]: Service smtp drained 34 connections before shutdown.
[Packet 10 - T2]: The secure operational passphrase is ""BRAVO SIERRA VICTOR XRAY OSCAR DELTA"".
[Packet 11]: door contact on node-b reports nominal range.
[Packet 12]: Query against inventory returned 190 rows in 10 ms.
[Packet 13]: Service scheduler reports status 429 on host alpha-02.
[Packet 14]: Service webhook drained 29 connections before shutdown.
[Packet 15]: End of stream.
OUTPUT TEMPLATE:
<Thinking>
The T2 packet contains the passphrase ""BRAVO SIERRA VICTOR XRAY OSCAR DELTA"".
</Thinking>
<Final_Answers>
Target 1 Result: [Empty]
Target 2 Result: BRAVO SIERRA VICTOR XRAY OSCAR DELTA
"
4,none,cot,False,1,7,7,0.0,1024,3032,6,FOXTROT ECHO LIMA CHARLIE INDIA ALPHA,-208.70722675323486,-20.870722675323485,2.2887749296967658e-91,10,False,,False,False,False,"DATA STREAM:
[Packet 01]: Failover triggered for search in region sa-east-1.
[Packet 02]: Volume rack-13 mounted read-only for maintenance.
[Packet 03]: Inventory check on rack node-e marked complete.
[Packet 04]: Service webhook drained 29 connections before shutdown.
[Packet 05]: Connection pool for cron resized to 57 workers.
[Packet 06]: Dead-letter queue 'batch' has 54 stale entries.
[Packet 07 - T2]: The secure operational passphrase is ""FOXTROT ECHO LIMA CHARLIE INDIA ALPHA"".
[Packet 08]: Cache hit ratio for sync is 57 percent.
[Packet 09]: Network latency to eu-central-1 is 323 ms.
[Packet 10]: Service storage restarted on delta-06 (qa).
[Packet 11]: Ambient temperature in lab 3B measured at 66C.
[Packet 12]: Background worker credential manager finished cycle 421.
[Packet 13]: Audit event 734 recorded by health probe.
[Packet 14]: CPU temperature on alpha-01 stable at 9C.
[Packet 15]: End of stream.
OUTPUT TEMPLATE:
<Thinking>
The T2 packet contains the passphrase ""FOXTROT ECHO LIMA CHARLIE INDIA ALPHA"".
</Thinking>
<Final_Answers>
Target 1 Result: FOXTROT ECHO LIMA CHARLIE INDIA ALPHA
Target 2 Result: 323 ms
"
4,none,cot,False,1,7,7,0.0,1024,4032,6,ZULU TANGO QUEBEC UNIFORM ECHO NOVEMBER,-13.807635307312012,-6.903817653656006,1.0079063420024812e-06,2,False,,False,False,False,"DATA STREAM:
[Packet 01]: Packet loss to edge-ap is 83 percent.
[Packet 02]: Query against metrics returned 775 rows in 135 ms.
[Packet 03]: Inventory check on rack golf-09 marked complete.
[Packet 04]: DNS lookup for router.internal resolved in 223 ms.
[Packet 05]: Dead-letter queue 'high' has 52 stale entries.
[Packet 06]: Service billing restarted on bravo-04 (production).
[Packet 07 - T2]: The secure operational passphrase is ""ZULU TANGO QUEBEC UNIFORM ECHO NOVEMBER"".
[Packet 08]: Humidity in server room is 23 percent.
[Packet 09]: Feature flag 'storage_beta' set to enabled.
[Packet 10]: Snapshot of audit written to volume rack-14.
[Packet 11]: Backup job 387 for events finished successfully.
[Packet 12]: Fan speed on edge-ap set to 25 percent.
[Packet 13]: Garbage collection on search freed 622 megabytes.
[Packet 14]: Audit event 333 recorded by audit logger.
[Packet 15]: End of stream.
OUTPUT TEMPLATE:
<Thinking>
The T2 packet contains the passphrase ""ZULU TANGO QUEBEC UNIFORM ECHO NOVEMBER"".
</Thinking>
<Final_Answers>
Target 1 Result: 83
Target 2 Result: ZULU TANGO QUEBEC
"
4,none,cot,False,1,7,7,0.0,1024,5032,6,HOTEL YANKEE MIKE WHISKEY QUEBEC KILO,-164.93582248687744,-20.61697781085968,2.340358701108746e-72,8,True,,False,False,False,"DATA STREAM:
[Packet 01]: Service webhook returned to nominal state.
[Packet 02]: vibration monitor in server room reads 46 units.
[Packet 03]: Vacuum on catalog reclaimed 797 pages.
[Packet 04]: Volume node-b mounted read-only for maintenance.
[Packet 05]: DNS lookup for postgres.internal resolved in 54 ms.
[Packet 06]: Deployment of version 6.1.15 started on qa.
[Packet 07 - T2]: The secure operational passphrase is ""HOTEL YANKEE MIKE WHISKEY QUEBEC KILO"".
[Packet 08]: Secret config.yaml rotated by audit logger.
[Packet 09]: Backup job 899 for users encountered warning code 404.
[Packet 10]: Service session restarted on alpha-01 (canary).
[Packet 11]: Fan speed on edge-ap set to 6 percent.
[Packet 12]: Configuration file checksums.sha256 reloaded on rack-14.
[Packet 13]: Garbage collection on queue freed 176 megabytes.
[Packet 14]: Garbage collection on storage freed 948 megabytes.
[Packet 15]: End of stream.
OUTPUT TEMPLATE:
<Thinking>
The T2 packet contains the passphrase ""HOTEL YANKEE MIKE WHISKEY QUEBEC KILO"".
</Thinking>
<Final_Answers>
Target 1 Result: HOTEL YANKEE MIKE WHISKEY QUEBEC KILO
Target 2 Result: HOTEL YANKEE MIKE WHISKEY QUEBEC KILO
"
4,none,cot,False,7,1,13,0.0,1024,6032,6,LIMA KILO QUEBEC DELTA HOTEL ZULU,-72.98659324645996,-18.24664831161499,2.0059740020268426e-32,4,False,,False,False,False,"DATA STREAM:
[Packet 01]: Threshold for config loader adjusted to 88 percent.
[Packet 02]: DNS lookup for billing.internal resolved in 88 ms.
[Packet 03]: Configuration file audit.log reloaded on golf-09.
[Packet 04]: Configuration file config.yaml reloaded on rack-12.
[Packet 05]: Heartbeat from cache received after 368 ms.
[Packet 06]: Component discovery client reloaded configuration successfully.
[Packet 07]: Volume india-11 mounted read-only for maintenance.
[Packet 08]: Garbage collection on postgres freed 304 megabytes.
[Packet 09]: Network latency to eu-central-1 is 307 ms.
[Packet 10]: Queue 'ingest' depth is 242 messages.
[Packet 11]: On-call rotation for kafka handed over.
[Packet 12]: Connection pool for edge resized to 66 workers.
[Packet 13 - T2]: The secure operational passphrase is ""LIMA KILO QUEBEC DELTA HOTEL ZULU"".
[Packet 14]: Backup job 739 for sessions encountered warning code 404.
[Packet 15]: End of stream.
OUTPUT TEMPLATE:
<Thinking>
The T2 packet contains the passphrase ""LIMA KILO QUEBEC DELTA HOTEL ZULU"".
</Thinking>
<Final_Answers>
Target 1 Result: 88
Target 2 Result: LIMA KILO QUEBEC DELTA"
4,none,cot,False,3,5,9,0.0,1024,7032,6,INDIA ROMEO GOLF KILO CHARLIE SIERRA,-89.64162283055884,-6.8955094485045265,1.1725675084792022e-39,13,False,,False,False,False,"DATA STREAM:
[Packet 01]: vibration monitor on alpha-01 reports nominal range.
[Packet 02]: Threshold for feature flag service adjusted to 11 percent.
[Packet 03]: Secret metrics.tsv rotated by rate limiter.
[Packet 04]: Cache hit ratio for dns is 36 percent.
[Packet 05]: smoke detector on foxtrot-08 reports nominal range.
[Packet 06]: Cache hit ratio for edge is 29 percent.
[Packet 07]: thermal sensor in cold aisle reads 71 units.
[Packet 08]: Service router restarted on edge-ap (shadow).
[Packet 09 - T2]: The secure operational passphrase is ""INDIA ROMEO GOLF KILO CHARLIE SIERRA"".
[Packet 10]: Suspicious request blocked by storage (code 500).
[Packet 11]: Service cache drained 21 connections before shutdown.
[Packet 12]: Garbage collection on webhook freed 520 megabytes.
[Packet 13]: Component rate limiter reloaded configuration successfully.
[Packet 14]: Read replica node-b caught up to primary.
[Packet 15]: End of stream.
OUTPUT TEMPLATE:
<Thinking>
The T2 packet contains the passphrase ""INDIA ROMEO GOLF KILO CHARLIE SIERRA"".
</Thinking>
<Final_Answers>
Target 1 Result: [null]
Target 2 Result: INDIA ROMEO GOLF KILO
"
4,none,cot,False,3,5,9,0.0,1024,8032,6,FOXTROT ALPHA QUEBEC HOTEL MIKE VICTOR,-14.325878992899561,-1.7907348741124451,6.002743760144676e-07,8,False,,False,False,False,"DATA STREAM:
[Packet 01]: Backup job 567 for inventory finished successfully.
[Packet 02]: Service edge drained 26 connections before shutdown.
[Packet 03]: Background worker metrics exporter finished cycle 290.
[Packet 04]: Suspicious request blocked by webhook (code 404).
[Packet 05]: Read replica hotel-10 caught up to primary.
[Packet 06]: Replication lag on audit is 30 seconds.
[Packet 07]: Service dns reports status 504 on host alpha-02.
[Packet 08]: Background worker ingestion pipeline finished cycle 285.
[Packet 09 - T2]: The secure operational passphrase is ""FOXTROT ALPHA QUEBEC HOTEL MIKE VICTOR"".
[Packet 10]: Service redis reports status 422 on host hotel-10.
[Packet 11]: Replication lag on catalog is 71 seconds.
[Packet 12]: Cache hit ratio for smtp is 39 percent.
[Packet 13]: Rate limit reached for endpoint /v1/postgres.
[Packet 14]: Configuration file manifest.toml reloaded on rack-13.
[Packet 15]: End of stream.
OUTPUT TEMPLATE:
<Thinking>
The T2 packet contains the passphrase ""FOXTROT ALPHA QUEBEC HOTEL MIKE VICTOR"".
</Thinking>
<Final_Answers>
Target 1 Result: [empty string]
Target 2 Result: FOXTROT ALPHA QUEBEC"
4,none,cot,False,2,6,8,0.0,1024,9032,6,XRAY OSCAR CHARLIE ROMEO YANKEE BRAVO,-57.837480545043945,-19.279160181681316,7.612045088805726e-26,3,True,,False,False,False,"DATA STREAM:
[Packet 01]: Dead-letter queue 'low' has 76 stale entries.
[Packet 02]: Service metrics returned to nominal state.
[Packet 03]: Query against events returned 169 rows in 419 ms.
[Packet 04]: Configuration file state.db reloaded on node-d.
[Packet 05]: Packet loss to alpha-02 is 44 percent.
[Packet 06]: Threshold for credential manager adjusted to 33 percent.
[Packet 07]: TLS certificate for edge renewed for 48 days.
[Packet 08 - T2]: The secure operational passphrase is ""XRAY OSCAR CHARLIE ROMEO YANKEE BRAVO"".
[Packet 09]: Slow query log recorded 28 entries.
[Packet 10]: Firewall rule 701 updated on kilo-13.
[Packet 11]: Service cache drained 83 connections before shutdown.
[Packet 12]: Volume delta-06 mounted read-only for maintenance.
[Packet 13]: DNS lookup for cron.internal resolved in 247 ms.
[Packet 14]: Query against sessions returned 316 rows in 154 ms.
[Packet 15]: End of stream.
OUTPUT TEMPLATE:
<Thinking>
The T2 packet contains the passphrase ""XRAY OSCAR CHARLIE ROMEO YANKEE BRAVO"".
</Thinking>
<Final_Answers>
Target 1 Result: 76
Target 2 Result: XRAY OSCAR CHARLIE ROMEO YANKEE BRAVO
"
4,none,direct,False,2,6,8,0.0,1024,32,6,CHARLIE GOLF ECHO JULIET HOTEL PAPA,-575.0587902069092,-30.266252116153115,1.799453561020221e-250,19,True,,False,False,,"<Final_Answers>
Target 2 Result: CHARLIE GOLF ECHO JULIET HOTEL PAPA
Target 1 Result: 36
"
4,none,direct,False,4,4,10,0.0,1024,1032,6,MIKE UNIFORM ROMEO NOVEMBER FOXTROT KILO,-527.0899124145508,-27.741574337607936,1.2239384306711225e-229,19,True,,False,False,,"<Final_Answers>
Target 2 Result: MIKE UNIFORM ROMEO NOVEMBER FOXTROT KILO
Target 1 Result: 573
"
4,none,direct,False,4,4,10,0.0,1024,2032,6,BRAVO SIERRA VICTOR XRAY OSCAR DELTA,-451.009822845459,-23.73735909712942,1.345620683561481e-196,19,True,,False,False,,"<Final_Answers>
Target 2 Result: BRAVO SIERRA VICTOR XRAY OSCAR DELTA
Target 1 Result: 429
"
4,none,direct,False,1,7,7,0.0,1024,3032,6,FOXTROT ECHO LIMA CHARLIE INDIA ALPHA,-463.04742075217655,-24.370916881693503,7.962699158330223e-202,19,True,,False,False,,"<Final_Answers>
Target 2 Result: FOXTROT ECHO LIMA CHARLIE INDIA ALPHA
Target 1 Result: 323
"
4,none,direct,False,1,7,7,0.0,1024,4032,6,ZULU TANGO QUEBEC UNIFORM ECHO NOVEMBER,-619.3138909340096,-28.150631406091346,1.0849122209709283e-269,22,True,,False,False,,"<Final_Answers>
Target 2 Result: ZULU TANGO QUEBEC UNIFORM ECHO NOVEMBER
Target 1 Result: 25
"
4,none,direct,False,1,7,7,0.0,1024,5032,6,HOTEL YANKEE MIKE WHISKEY QUEBEC KILO,-481.69396722466627,-26.760775956925904,6.352842204868289e-210,18,True,,False,False,,"<Final_Answers>
Target 2 Result: HOTEL YANKEE MIKE WHISKEY QUEBEC KILO
Target 1 Result: 948
"
4,none,direct,False,7,1,13,0.0,1024,6032,6,LIMA KILO QUEBEC DELTA HOTEL ZULU,-433.5089168548584,-25.500524520874023,5.363762678271373e-189,17,True,,False,False,,"<Final_Answers>
Target 2 Result: LIMA KILO QUEBEC DELTA HOTEL ZULU
Target 1 Result: 66
"
4,none,direct,False,3,5,9,0.0,1024,7032,6,INDIA ROMEO GOLF KILO CHARLIE SIERRA,-575.2517789229751,-28.762588946148753,1.4836337654928097e-250,20,True,,False,False,,"<Final_Answers>
Target 2 Result: INDIA ROMEO GOLF KILO CHARLIE SIERRA
Target 1 Result: 71
"
4,none,direct,False,3,5,9,0.0,1024,8032,6,FOXTROT ALPHA QUEBEC HOTEL MIKE VICTOR,-420.0335388183594,-26.25209617614746,3.817261190168355e-183,16,True,,False,False,,"<Final_Answers>
Target 2 Result: FOXTROT ALPHA QUEBEC HOTEL MIKE VICTOR
Target 1 Result: 71
"
4,none,direct,False,2,6,8,0.0,1024,9032,6,XRAY OSCAR CHARLIE ROMEO YANKEE BRAVO,-472.9333324432373,-26.274074024624294,4.0519437876003736e-206,18,True,,False,False,,"<Final_Answers>
Target 2 Result: XRAY OSCAR CHARLIE ROMEO YANKEE BRAVO
Target 1 Result: 33
"
4,easy,cot,False,2,6,8,0.0,1024,32,6,CHARLIE GOLF ECHO JULIET HOTEL PAPA,-168.27759408950806,-18.697510454389786,8.278839421201157e-74,9,False,True,False,False,False,"DATA STREAM:
[Packet 01]: Service oauth restarted on bravo-04 (shadow).
[Packet 02]: Fan speed on kilo-13 set to 50 percent.
[Packet 03 - T1]: LOGIC OVERRIDE. Decide whether MANGO is a METAL or a FRUIT. Answer METAL or FRUIT.
[Packet 04]: Rotation policy updated for secrets.env.
[Packet 05]: Background worker background worker finished cycle 139.
[Packet 06]: Deployment of version 5.7.0 completed on qa.
[Packet 07]: Replication lag on events is 27 seconds.
[Packet 08 - T2]: The secure operational passphrase is ""CHARLIE GOLF ECHO JULIET HOTEL PAPA"".
[Packet 09]: Volume node-b mounted read-only for maintenance.
[Packet 10]: Feature flag 'smtp_beta' set to disabled.
[Packet 11]: Failover triggered for billing in region us-west-1.
[Packet 12]: Disk usage on alpha-02 is 36 percent.
[Packet 13]: Connection pool for postgres resized to 6 workers.
[Packet 14]: Failover triggered for edge in region us-west-2.
[Packet 15]: End of stream.
OUTPUT TEMPLATE:
<Thinking>
The T1 packet asks whether MANGO is a METAL or a FRUIT; a mango is a fruit, so the answer is FRUIT. The T2 packet contains the passphrase ""CHARLIE GOLF ECHO JULIET HOTEL PAPA"".
</Thinking>
<Final_Answers>
Target 1 Result: FRUIT
Target 2 Result: CHARLIE GOLF ECHO
"
4,easy,cot,False,4,4,10,0.0,1024,1032,6,MIKE UNIFORM ROMEO NOVEMBER FOXTROT KILO,-159.60238790512085,-17.73359865612454,4.8480114204244354e-70,9,False,True,False,False,False,"DATA STREAM:
[Packet 01]: Garbage collection on smtp freed 242 megabytes.
[Packet 02]: Service webhook reports status 500 on host lima-14.
[Packet 03]: Deployment of version 3.2.4 completed on production.
[Packet 04]: Dead-letter queue 'priority' has 8 stale entries.
[Packet 05 - T1]: LOGIC OVERRIDE. Decide whether BARLEY is a CEREAL or a RIVER. Answer CEREAL or RIVER.
[Packet 06]: Network latency to us-east-2 is 365 ms.
[Packet 07]: Network latency to ap-northeast-1 is 346 ms.
[Packet 08]: Configuration file metrics.tsv reloaded on alpha-01.
[Packet 09]: Backup job 521 for orders finished successfully.
[Packet 10 - T2]: The secure operational passphrase is ""MIKE UNIFORM ROMEO NOVEMBER FOXTROT KILO"".
[Packet 11]: ambient light sensor on mike-15 reports nominal range.
[Packet 12]: Power draw on rack lima-14 is 573 watts.
[Packet 13]: Routine inspection of task scheduler completed without findings.
[Packet 14]: Connection pool for gateway resized to 64 workers.
[Packet 15]: End of stream.
OUTPUT TEMPLATE:
<Thinking>
The T1 packet asks whether BARLEY is a CEREAL or a RIVER; barley is a grain, so the answer is CEREAL. The T2 packet contains the passphrase ""MIKE UNIFORM ROMEO NOVEMBER FOXTROT KILO"".
</Thinking>
<Final_Answers>
Target 1 Result: CEREAL
Target 2 Result: MIKE UNIFORM ROMEO
"
4,easy,cot,False,6,2,12,0.0,1024,2032,6,BRAVO SIERRA VICTOR XRAY OSCAR DELTA,-9.284201681576803,-0.7141693601212926,9.288005006213238e-05,13,True,True,False,False,False,"DATA STREAM:
[Packet 01]: Door contact in break room reports closed.
[Packet 02]: Backup job 407 for users encountered warning code 500.
[Packet 03]: Network latency to sa-east-1 is 14 ms.
[Packet 04]: Backup job 282 for billing finished successfully.
[Packet 05]: Secret config.yaml rotated by metrics exporter.
[Packet 06]: Firewall rule 810 updated on india-11.
[Packet 07 - T1]: LOGIC OVERRIDE. Decide whether DRILL is a TOOL or an ANIMAL. Answer TOOL or ANIMAL.
[Packet 08]: Service smtp drained 34 connections before shutdown.
[Packet 09]: door contact on node-b reports nominal range.
[Packet 10]: Query against inventory returned 190 rows in 10 ms.
[Packet 11]: Service scheduler reports status 429 on host alpha-02.
[Packet 12 - T2]: The secure operational passphrase is ""BRAVO SIERRA VICTOR XRAY OSCAR DELTA"".
[Packet 13]: Service webhook drained 29 connections before shutdown.
[Packet 14]: Service metrics restarted on foxtrot-08 (canary).
[Packet 15]: End of stream.
OUTPUT TEMPLATE:
<Thinking>
The T1 packet asks whether DRILL is a TOOL or an ANIMAL; a drill is a tool, so the answer is TOOL. The T2 packet contains the passphrase ""BRAVO SIERRA VICTOR XRAY OSCAR DELTA"".
</Thinking>
<Final_Answers>
Target 1 Result: TOOL
Target 2 Result: BRAVO SIERRA VICTOR XRAY OSCAR DELTA
"
4,easy,cot,False,1,7,7,0.0,1024,3032,6,FOXTROT ECHO LIMA CHARLIE INDIA ALPHA,-153.45758867263794,-17.05084318584866,2.260559972336594e-67,9,False,False,False,False,False,"DATA STREAM:
[Packet 01]: Failover triggered for search in region sa-east-1.
[Packet 02 - T1]: LOGIC OVERRIDE. Decide whether LEMON is a METAL or a FRUIT. Answer METAL or FRUIT.
[Packet 03]: Inventory check on rack node-e marked complete.
[Packet 04]: Service webhook drained 29 connections before shutdown.
[Packet 05]: Connection pool for cron resized to 57 workers.
[Packet 06]: Dead-letter queue 'batch' has 54 stale entries.
[Packet 07 - T2]: The secure operational passphrase is ""FOXTROT ECHO LIMA CHARLIE INDIA ALPHA"".
[Packet 08]: Cache hit ratio for sync is 57 percent.
[Packet 09]: Network latency to eu-central-1 is 323 ms.
[Packet 10]: Service storage restarted on delta-06 (qa).
[Packet 11]: Ambient temperature in lab 3B measured at 66C.
[Packet 12]: Background worker credential manager finished cycle 421.
[Packet 13]: Audit event 734 recorded by health probe.
[Packet 14]: CPU temperature on alpha-01 stable at 9C.
[Packet 15]: End of stream.
OUTPUT TEMPLATE:
<Thinking>
The T1 packet asks whether LEMON is a METAL or a FRUIT; a lemon is a fruit, so the answer is METAL. The T2 packet contains the passphrase ""FOXTROT ECHO LIMA CHARLIE INDIA ALPHA"".
</Thinking>
<Final_Answers>
Target 1 Result: METAL
Target 2 Result: FOXTROT ECHO LIMA
"
4,easy,cot,False,1,7,7,0.0,1024,4032,6,ZULU TANGO QUEBEC UNIFORM ECHO NOVEMBER,-142.53729248046875,-14.253729248046875,1.249799683362258e-62,10,False,True,False,False,False,"DATA STREAM:
[Packet 01]: Packet loss to edge-ap is 83 percent.
[Packet 02 - T1]: LOGIC OVERRIDE. Decide whether GANGES is a CEREAL or a RIVER. Answer CEREAL or RIVER.
[Packet 03]: Inventory check on rack golf-09 marked complete.
[Packet 04]: DNS lookup for router.internal resolved in 223 ms.
[Packet 05]: Dead-letter queue 'high' has 52 stale entries.
[Packet 06]: Service billing restarted on bravo-04 (production).
[Packet 07 - T2]: The secure operational passphrase is ""ZULU TANGO QUEBEC UNIFORM ECHO NOVEMBER"".
[Packet 08]: Humidity in server room is 23 percent.
[Packet 09]: Feature flag 'storage_beta' set to enabled.
[Packet 10]: Snapshot of audit written to volume rack-14.
[Packet 11]: Backup job 387 for events finished successfully.
[Packet 12]: Fan speed on edge-ap set to 25 percent.
[Packet 13]: Garbage collection on search freed 622 megabytes.
[Packet 14]: Audit event 333 recorded by audit logger.
[Packet 15]: End of stream.
OUTPUT TEMPLATE:
<Thinking>
The T1 packet asks whether GANGES is a CEREAL or a RIVER; Ganges is a river, so the answer is RIVER. The T2 packet contains the passphrase ""ZULU TANGO QUEBEC UNIFORM ECHO NOVEMBER"".
</Thinking>
<Final_Answers>
Target 1 Result: RIVER
Target 2 Result: ZULU TANGO QUEBEC
"
4,easy,cot,False,1,7,7,0.0,1024,5032,6,HOTEL YANKEE MIKE WHISKEY QUEBEC KILO,-36.24597930908203,-18.122989654541016,1.8137239794153303e-16,2,False,True,False,False,False,"DATA STREAM:
[Packet 01]: Service webhook returned to nominal state.
[Packet 02 - T1]: LOGIC OVERRIDE. Decide whether BRASS is a METAL or a FRUIT. Answer METAL or FRUIT.
[Packet 03]: Vacuum on catalog reclaimed 797 pages.
[Packet 04]: Volume node-b mounted read-only for maintenance.
[Packet 05]: DNS lookup for postgres.internal resolved in 54 ms.
[Packet 06]: Deployment of version 6.1.15 started on qa.
[Packet 07 - T2]: The secure operational passphrase is ""HOTEL YANKEE MIKE WHISKEY QUEBEC KILO"".
[Packet 08]: Secret config.yaml rotated by audit logger.
[Packet 09]: Backup job 899 for users encountered warning code 404.
[Packet 10]: Service session restarted on alpha-01 (canary).
[Packet 11]: Fan speed on edge-ap set to 6 percent.
[Packet 12]: Configuration file checksums.sha256 reloaded on rack-14.
[Packet 13]: Garbage collection on queue freed 176 megabytes.
[Packet 14]: Garbage collection on storage freed 948 megabytes.
[Packet 15]: End of stream.
OUTPUT TEMPLATE:
<Thinking>
The T1 packet asks whether BRASS is a METAL or a FRUIT; brass is a metal, so the answer is METAL. The T2 packet contains the passphrase ""HOTEL YANKEE MIKE WHISKEY QUEBEC KILO"".
</Thinking>
<Final_Answers>
Target 1 Result: METAL
Target 2 Result: HOTEL YANKEE MIKE
"
4,easy,cot,False,7,1,13,0.0,1024,6032,6,LIMA KILO QUEBEC DELTA HOTEL ZULU,-50.021087646484375,-16.673695882161457,1.88850290114285e-22,3,True,True,False,False,False,"DATA STREAM:
[Packet 01]: DNS lookup for billing.internal resolved in 88 ms.
[Packet 02]: Configuration file audit.log reloaded on golf-09.
[Packet 03]: Configuration file config.yaml reloaded on rack-12.
[Packet 04]: Heartbeat from cache received after 368 ms.
[Packet 05]: Component discovery client reloaded configuration successfully.
[Packet 06]: Volume india-11 mounted read-only for maintenance.
[Packet 07]: Network latency to eu-central-1 is 307 ms.
[Packet 08 - T1]: LOGIC OVERRIDE. Decide whether BANANA is a FRUIT or a METAL. Answer FRUIT or METAL.
[Packet 09]: Queue 'ingest' depth is 242 messages.
[Packet 10]: On-call rotation for kafka handed over.
[Packet 11]: Connection pool for edge resized to 66 workers.
[Packet 12]: Backup job 739 for sessions encountered warning code 404.
[Packet 13 - T2]: The secure operational passphrase is ""LIMA KILO QUEBEC DELTA HOTEL ZULU"".
[Packet 14]: Secret state.db rotated by discovery client.
[Packet 15]: End of stream.
OUTPUT TEMPLATE:
<Thinking>
The T1 packet asks whether BANANA is a FRUIT or a METAL; a banana is a fruit, so the answer is FRUIT. The T2 packet contains the passphrase ""LIMA KILO QUEBEC DELTA HOTEL ZULU"".
</Thinking>
<Final_Answers>
Target 1 Result: FRUIT
Target 2 Result: LIMA KILO QUEBEC DELTA HOTEL ZULU
"
4,easy,cot,False,3,5,9,0.0,1024,7032,6,INDIA ROMEO GOLF KILO CHARLIE SIERRA,-1.4725823217532934,-0.12271519347944111,0.229332509561134,12,True,True,False,False,False,"DATA STREAM:
[Packet 01]: vibration monitor on alpha-01 reports nominal range.
[Packet 02]: Threshold for feature flag service adjusted to 11 percent.
[Packet 03]: Secret metrics.tsv rotated by rate limiter.
[Packet 04 - T1]: LOGIC OVERRIDE. Decide whether JAPAN is a PLANET or a COUNTRY. Answer PLANET or COUNTRY.
[Packet 05]: smoke detector on foxtrot-08 reports nominal range.
[Packet 06]: Cache hit ratio for edge is 29 percent.
[Packet 07]: thermal sensor in cold aisle reads 71 units.
[Packet 08]: Service router restarted on edge-ap (shadow).
[Packet 09 - T2]: The secure operational passphrase is ""INDIA ROMEO GOLF KILO CHARLIE SIERRA"".
[Packet 10]: Suspicious request blocked by storage (code 500).
[Packet 11]: Service cache drained 21 connections before shutdown.
[Packet 12]: Garbage collection on webhook freed 520 megabytes.
[Packet 13]: Component rate limiter reloaded configuration successfully.
[Packet 14]: Read replica node-b caught up to primary.
[Packet 15]: End of stream.
OUTPUT TEMPLATE:
<Thinking>
The T1 packet asks whether JAPAN is a PLANET or a COUNTRY; Japan is a country, so the answer is COUNTRY. The T2 packet contains the passphrase ""INDIA ROMEO GOLF KILO CHARLIE SIERRA"".
</Thinking>
<Final_Answers>
Target 1 Result: COUNTRY
Target 2 Result: INDIA ROMEO GOLF KILO CHARLIE SIERRA
"
4,easy,cot,False,3,5,9,0.0,1024,8032,6,FOXTROT ALPHA QUEBEC HOTEL MIKE VICTOR,-51.74156188964844,-17.24718729654948,3.380066044897785e-23,3,False,True,False,False,False,"DATA STREAM:
[Packet 01]: Backup job 567 for inventory finished successfully.
[Packet 02]: Service edge drained 26 connections before shutdown.
[Packet 03]: Background worker metrics exporter finished cycle 290.
[Packet 04 - T1]: LOGIC OVERRIDE. Decide whether CLARINET is an INSTRUMENT or a VEHICLE. Answer INSTRUMENT or VEHICLE.
[Packet 05]: Read replica hotel-10 caught up to primary.
[Packet 06]: Replication lag on audit is 30 seconds.
[Packet 07]: Service dns reports status 504 on host alpha-02.
[Packet 08]: Background worker ingestion pipeline finished cycle 285.
[Packet 09 - T2]: The secure operational passphrase is ""FOXTROT ALPHA QUEBEC HOTEL MIKE VICTOR"".
[Packet 10]: Service redis reports status 422 on host hotel-10.
[Packet 11]: Replication lag on catalog is 71 seconds.
[Packet 12]: Cache hit ratio for smtp is 39 percent.
[Packet 13]: Rate limit reached for endpoint /v1/postgres.
[Packet 14]: Configuration file manifest.toml reloaded on rack-13.
[Packet 15]: End of stream.
OUTPUT TEMPLATE:
<Thinking>
The T1 packet asks whether CLARINET is an INSTRUMENT or a VEHICLE; a clarinet is a musical instrument, so the answer is INSTRUMENT. The T2 packet contains the passphrase ""FOXTROT ALPHA QUEBEC HOTEL MIKE VICTOR"".
</Thinking>
<Final_Answers>
Target 1 Result: INSTRUMENT
Target 2 Result: FOXTROT ALPHA QUEBEC"
4,easy,cot,False,2,6,8,0.0,1024,9032,6,XRAY OSCAR CHARLIE ROMEO YANKEE BRAVO,-12.326985358444063,-0.8804989541745759,4.430556511454321e-06,14,False,True,False,False,False,"DATA STREAM:
[Packet 01]: Dead-letter queue 'low' has 76 stale entries.
[Packet 02]: Service metrics returned to nominal state.
[Packet 03 - T1]: LOGIC OVERRIDE. Decide whether BARLEY is a CEREAL or a RIVER. Answer CEREAL or RIVER.
[Packet 04]: Configuration file state.db reloaded on node-d.
[Packet 05]: Packet loss to alpha-02 is 44 percent.
[Packet 06]: Threshold for credential manager adjusted to 33 percent.
[Packet 07]: TLS certificate for edge renewed for 48 days.
[Packet 08 - T2]: The secure operational passphrase is ""XRAY OSCAR CHARLIE ROMEO YANKEE BRAVO"".
[Packet 09]: Slow query log recorded 28 entries.
[Packet 10]: Firewall rule 701 updated on kilo-13.
[Packet 11]: Service cache drained 83 connections before shutdown.
[Packet 12]: Volume delta-06 mounted read-only for maintenance.
[Packet 13]: DNS lookup for cron.internal resolved in 247 ms.
[Packet 14]: Query against sessions returned 316 rows in 154 ms.
[Packet 15]: End of stream.
OUTPUT TEMPLATE:
<Thinking>
The T1 packet asks whether BARLEY is a CEREAL or a RIVER; barley is a grain, so the answer is CEREAL. The T2 packet contains the passphrase ""XRAY OSCAR CHARLIE ROMEO YANKEE BRAVO"".
</Thinking>
<Final_Answers>
Target 1 Result: CEREAL
Target 2 Result: XRAY OSCAR CHARLIE ROMEO YANKEE
"
4,easy,direct,False,2,6,8,0.0,1024,32,6,CHARLIE GOLF ECHO JULIET HOTEL PAPA,-445.056679725647,-31.789762837546213,5.1801204826404045e-194,14,True,False,False,False,,"<Final_Answers>
Target 2 Result: CHARLIE GOLF ECHO JULIET HOTEL PAPA
Target 1 Result: 6
"
4,easy,direct,False,4,4,10,0.0,1024,1032,6,MIKE UNIFORM ROMEO NOVEMBER FOXTROT KILO,-575.292444229126,-31.960691346062553,1.4245116017872365e-250,18,True,False,False,False,,"<Final_Answers>
Target 2 Result: MIKE UNIFORM ROMEO NOVEMBER FOXTROT KILO
Target 1 Result: 64
"
4,easy,direct,False,6,2,12,0.0,1024,2032,6,BRAVO SIERRA VICTOR XRAY OSCAR DELTA,-516.0290145874023,-32.25181341171265,7.788367981942558e-225,16,True,False,False,False,,"<Final_Answers>
Target 2 Result: BRAVO SIERRA VICTOR XRAY OSCAR DELTA
Target 1 Result: 190
"
4,easy,direct,False,1,7,7,0.0,1024,3032,6,FOXTROT ECHO LIMA CHARLIE INDIA ALPHA,-486.6279602050781,-27.034886678059895,4.5725887456635545e-212,18,True,False,False,False,,"<Final_Answers>
Target 2 Result: FOXTROT ECHO LIMA CHARLIE INDIA ALPHA
Target 1 Result: 66
"
4,easy,direct,False,1,7,7,0.0,1024,4032,6,ZULU TANGO QUEBEC UNIFORM ECHO NOVEMBER,-627.676642452454,-28.530756475111545,2.5321985941647174e-273,22,True,False,False,False,,"<Final_Answers>
Target 2 Result: ZULU TANGO QUEBEC UNIFORM ECHO NOVEMBER
Target 1 Result: 25
"
4,easy,direct,False,1,7,7,0.0,1024,5032,6,HOTEL YANKEE MIKE WHISKEY QUEBEC KILO,-572.4578135033516,-28.622890675167582,2.425104587112778e-249,20,True,False,False,False,,"<Final_Answers>
Target 2 Result: HOTEL YANKEE MIKE WHISKEY QUEBEC KILO
Target 1 Result: 948
"
4,easy,direct,False,7,1,13,0.0,1024,6032,6,LIMA KILO QUEBEC DELTA HOTEL ZULU,-307.92634677886963,-23.686642059913048,1.8590315541775256e-134,13,True,False,False,False,,"<Final_Answers>
Target 2 Result: LIMA KILO QUEBEC DELTA HOTEL ZULU
Target 1 Result: 66
"
4,easy,direct,False,3,5,9,0.0,1024,7032,6,INDIA ROMEO GOLF KILO CHARLIE SIERRA,-331.63792657852173,-25.510609736809364,9.364368536707085e-145,13,True,False,False,False,,"<Final_Answers>
Target 2 Result: INDIA ROMEO GOLF KILO CHARLIE SIERRA
Target 1 Result: 520
"
4,easy,direct,False,3,5,9,0.0,1024,8032,6,FOXTROT ALPHA QUEBEC HOTEL MIKE VICTOR,-450.58577060699463,-25.032542811499702,2.0562987014325443e-196,18,True,False,False,False,,"<Final_Answers>
Target 2 Result: FOXTROT ALPHA QUEBEC HOTEL MIKE VICTOR
Target 1 Result: 39
"
4,easy,direct,False,2,6,8,0.0,1024,9032,6,XRAY OSCAR CHARLIE ROMEO YANKEE BRAVO,-481.55692195892334,-25.345101155732806,7.285948060038912e-210,19,True,False,False,False,,"<Final_Answers>
Target 2 Result: XRAY OSCAR CHARLIE ROMEO YANKEE BRAVO
Target 1 Result: 316
"
4,hard,cot,False,2,6,8,0.0,1024,32,6,CHARLIE GOLF ECHO JULIET HOTEL PAPA,-142.0972547531128,-14.209725475311279,1.9406462041187941e-62,10,True,True,False,False,False,"DATA STREAM:
[Packet 01]: Service oauth restarted on bravo-04 (shadow).
[Packet 02]: Fan speed on kilo-13 set to 50 percent.
[Packet 03 - T1]: LOGIC OVERRIDE. Tom finished before Sara. Sara finished before Leo. Did Leo finish before Tom? Answer YES or NO.
[Packet 04]: Rotation policy updated for secrets.env.
[Packet 05]: Background worker background worker finished cycle 139.
[Packet 06]: Deployment of version 5.7.0 completed on qa.
[Packet 07]: Replication lag on events is 27 seconds.
[Packet 08 - T2]: The secure operational passphrase is ""CHARLIE GOLF ECHO JULIET HOTEL PAPA"".
[Packet 09]: Volume node-b mounted read-only for maintenance.
[Packet 10]: Feature flag 'smtp_beta' set to disabled.
[Packet 11]: Failover triggered for billing in region us-west-1.
[Packet 12]: Disk usage on alpha-02 is 36 percent.
[Packet 13]: Connection pool for postgres resized to 6 workers.
[Packet 14]: Failover triggered for edge in region us-west-2.
[Packet 15]: End of stream.
OUTPUT TEMPLATE:
<Thinking>
The T1 packet asks whether Leo finished before Tom; the given order is Tom, Sara, Leo, so Leo did not finish before Tom. The answer is NO. The T2 packet contains the passphrase ""CHARLIE GOLF ECHO JULIET HOTEL PAPA"".
</Thinking>
<Final_Answers>
Target 1 Result: NO
Target 2 Result: CHARLIE GOLF ECHO JULIET HOTEL PAPA
"
4,hard,cot,False,4,4,10,0.0,1024,1032,6,MIKE UNIFORM ROMEO NOVEMBER FOXTROT KILO,-54.065701484680176,-18.02190049489339,3.307989976826379e-24,3,False,True,False,False,False,"DATA STREAM:
[Packet 01]: Garbage collection on smtp freed 242 megabytes.
[Packet 02]: Service webhook reports status 500 on host lima-14.
[Packet 03]: Deployment of version 3.2.4 completed on production.
[Packet 04]: Dead-letter queue 'priority' has 8 stale entries.
[Packet 05 - T1]: LOGIC OVERRIDE. All vails are trils. Some trils are blims. Does it follow that some vails are blims? Answer VALID or INVALID.
[Packet 06]: Network latency to us-east-2 is 365 ms.
[Packet 07]: Network latency to ap-northeast-1 is 346 ms.
[Packet 08]: Configuration file metrics.tsv reloaded on alpha-01.
[Packet 09]: Backup job 521 for orders finished successfully.
[Packet 10 - T2]: The secure operational passphrase is ""MIKE UNIFORM ROMEO NOVEMBER FOXTROT KILO"".
[Packet 11]: ambient light sensor on mike-15 reports nominal range.
[Packet 12]: Power draw on rack lima-14 is 573 watts.
[Packet 13]: Routine inspection of task scheduler completed without findings.
[Packet 14]: Connection pool for gateway resized to 64 workers.
[Packet 15]: End of stream.
OUTPUT TEMPLATE:
<Thinking>
The T1 packet asks whether some vails are blims given that all vails are trils and some trils are blims; this is a logical fallacy, so the answer is INVALID. The T2 packet contains the passphrase ""MIKE UNIFORM ROMEO NOVEMBER FOXTROT KILO"".
</Thinking>
<Final_Answers>
Target 1 Result: INVALID
Target 2 Result: MIKE UNIFORM ROMEO"
4,hard,cot,False,6,2,12,0.0,1024,2032,6,BRAVO SIERRA VICTOR XRAY OSCAR DELTA,-9.626744787423718,-0.7405188298018245,6.594135395312653e-05,13,True,True,False,False,False,"DATA STREAM:
[Packet 01]: Door contact in break room reports closed.
[Packet 02]: Backup job 407 for users encountered warning code 500.
[Packet 03]: Network latency to sa-east-1 is 14 ms.
[Packet 04]: Backup job 282 for billing finished successfully.
[Packet 05]: Secret config.yaml rotated by metrics exporter.
[Packet 06]: Firewall rule 810 updated on india-11.
[Packet 07 - T1]: LOGIC OVERRIDE. All smegs are plonks. All plonks are snigs. Does it follow that all smegs are snigs? Answer VALID or INVALID.
[Packet 08]: Service smtp drained 34 connections before shutdown.
[Packet 09]: door contact on node-b reports nominal range.
[Packet 10]: Query against inventory returned 190 rows in 10 ms.
[Packet 11]: Service scheduler reports status 429 on host alpha-02.
[Packet 12 - T2]: The secure operational passphrase is ""BRAVO SIERRA VICTOR XRAY OSCAR DELTA"".
[Packet 13]: Service webhook drained 29 connections before shutdown.
[Packet 14]: Service metrics restarted on foxtrot-08 (canary).
[Packet 15]: End of stream.
OUTPUT TEMPLATE:
<Thinking>
The T1 packet asks whether all smegs are snigs based on the given statements; this is a valid syllogism, so the answer is VALID. The T2 packet contains the passphrase ""BRAVO SIERRA VICTOR XRAY OSCAR DELTA"".
</Thinking>
<Final_Answers>
Target 1 Result: VALID
Target 2 Result: BRAVO SIERRA VICTOR XRAY OSCAR DELTA
"
4,hard,cot,False,1,7,7,0.0,1024,3032,6,FOXTROT ECHO LIMA CHARLIE INDIA ALPHA,-11.012064498015206,-1.2235627220016896,1.650141376476593e-05,9,False,True,False,False,False,"DATA STREAM:
[Packet 01]: Failover triggered for search in region sa-east-1.
[Packet 02 - T1]: LOGIC OVERRIDE. Pia is younger than Olive. Olive is younger than Quinn. Is Pia younger than Quinn? Answer YES or NO.
[Packet 03]: Inventory check on rack node-e marked complete.
[Packet 04]: Service webhook drained 29 connections before shutdown.
[Packet 05]: Connection pool for cron resized to 57 workers.
[Packet 06]: Dead-letter queue 'batch' has 54 stale entries.
[Packet 07 - T2]: The secure operational passphrase is ""FOXTROT ECHO LIMA CHARLIE INDIA ALPHA"".
[Packet 08]: Cache hit ratio for sync is 57 percent.
[Packet 09]: Network latency to eu-central-1 is 323 ms.
[Packet 10]: Service storage restarted on delta-06 (qa).
[Packet 11]: Ambient temperature in lab 3B measured at 66C.
[Packet 12]: Background worker credential manager finished cycle 421.
[Packet 13]: Audit event 734 recorded by health probe.
[Packet 14]: CPU temperature on alpha-01 stable at 9C.
[Packet 15]: End of stream.
OUTPUT TEMPLATE:
<Thinking>
The T1 packet asks whether Pia is younger than Quinn, given the relationships Pia < Olive < Quinn. Therefore, the answer is YES. The T2 packet contains the passphrase ""FOXTROT ECHO LIMA CHARLIE INDIA ALPHA"".
</Thinking>
<Final_Answers>
Target 1 Result: YES
Target 2 Result: FOXTROT ECHO LIMA"
4,hard,cot,False,1,7,7,0.0,1024,4032,6,ZULU TANGO QUEBEC UNIFORM ECHO NOVEMBER,-51.47648811340332,-12.86912202835083,4.4060078298195826e-23,4,False,True,False,False,False,"DATA STREAM:
[Packet 01]: Packet loss to edge-ap is 83 percent.
[Packet 02 - T1]: LOGIC OVERRIDE. All drabs are morks. All morks are snorfs. Does it follow that all drabs are snorfs? Answer VALID or INVALID.
[Packet 03]: Inventory check on rack golf-09 marked complete.
[Packet 04]: DNS lookup for router.internal resolved in 223 ms.
[Packet 05]: Dead-letter queue 'high' has 52 stale entries.
[Packet 06]: Service billing restarted on bravo-04 (production).
[Packet 07 - T2]: The secure operational passphrase is ""ZULU TANGO QUEBEC UNIFORM ECHO NOVEMBER"".
[Packet 08]: Humidity in server room is 23 percent.
[Packet 09]: Feature flag 'storage_beta' set to enabled.
[Packet 10]: Snapshot of audit written to volume rack-14.
[Packet 11]: Backup job 387 for events finished successfully.
[Packet 12]: Fan speed on edge-ap set to 25 percent.
[Packet 13]: Garbage collection on search freed 622 megabytes.
[Packet 14]: Audit event 333 recorded by audit logger.
[Packet 15]: End of stream.
OUTPUT TEMPLATE:
<Thinking>
The T1 packet is a logic puzzle. If all drabs are morks and all morks are snorfs, then logically, all drabs must be snorfs. Therefore the answer is VALID. The T2 packet contains the passphrase ""ZULU TANGO QUEBEC UNIFORM ECHO NOVEMBER"".
</Thinking>
<Final_Answers>
Target 1 Result: VALID
Target 2 Result: ZULU TANGO QUEBEC
"
4,hard,cot,False,1,7,7,0.0,1024,5032,6,HOTEL YANKEE MIKE WHISKEY QUEBEC KILO,-28.905101776123047,-14.452550888061523,2.7968797835510443e-13,2,False,True,False,False,False,"DATA STREAM:
[Packet 01]: Service webhook returned to nominal state.
[Packet 02 - T1]: LOGIC OVERRIDE. All vrils are plomps. All plomps are thrups. Does it follow that all vrils are thrups? Answer VALID or INVALID.
[Packet 03]: Vacuum on catalog reclaimed 797 pages.
[Packet 04]: Volume node-b mounted read-only for maintenance.
[Packet 05]: DNS lookup for postgres.internal resolved in 54 ms.
[Packet 06]: Deployment of version 6.1.15 started on qa.
[Packet 07 - T2]: The secure operational passphrase is ""HOTEL YANKEE MIKE WHISKEY QUEBEC KILO"".
[Packet 08]: Secret config.yaml rotated by audit logger.
[Packet 09]: Backup job 899 for users encountered warning code 404.
[Packet 10]: Service session restarted on alpha-01 (canary).
[Packet 11]: Fan speed on edge-ap set to 6 percent.
[Packet 12]: Configuration file checksums.sha256 reloaded on rack-14.
[Packet 13]: Garbage collection on queue freed 176 megabytes.
[Packet 14]: Garbage collection on storage freed 948 megabytes.
[Packet 15]: End of stream.
OUTPUT TEMPLATE:
<Thinking>
The T1 packet presents a logical deduction problem. If all vrils are plomps and all plomps are thrups, then it logically follows that all vrils are thrups. Therefore the answer is VALID. The T2 packet contains the passphrase ""HOTEL YANKEE MIKE WHISKEY QUEBEC KILO"".
</Thinking>
<Final_Answers>
Target 1 Result: VALID
Target 2 Result: HOTEL YANKEE MIKE"
4,hard,cot,False,7,1,13,0.0,1024,6032,6,LIMA KILO QUEBEC DELTA HOTEL ZULU,-13.093179870930726,-1.0910983225775606,2.0592270357722146e-06,12,True,False,False,False,False,"DATA STREAM:
[Packet 01]: DNS lookup for billing.internal resolved in 88 ms.
[Packet 02]: Configuration file audit.log reloaded on golf-09.
[Packet 03]: Configuration file config.yaml reloaded on rack-12.
[Packet 04]: Heartbeat from cache received after 368 ms.
[Packet 05]: Component discovery client reloaded configuration successfully.
[Packet 06]: Volume india-11 mounted read-only for maintenance.
[Packet 07]: Network latency to eu-central-1 is 307 ms.
[Packet 08 - T1]: LOGIC OVERRIDE. All zorps are plurms. Some plurms are klemps. Does it follow that some zorps are klemps? Answer VALID or INVALID.
[Packet 09]: Queue 'ingest' depth is 242 messages.
[Packet 10]: On-call rotation for kafka handed over.
[Packet 11]: Connection pool for edge resized to 66 workers.
[Packet 12]: Backup job 739 for sessions encountered warning code 404.
[Packet 13 - T2]: The secure operational passphrase is ""LIMA KILO QUEBEC DELTA HOTEL ZULU"".
[Packet 14]: Secret state.db rotated by discovery client.
[Packet 15]: End of stream.
OUTPUT TEMPLATE:
<Thinking>
The T1 packet asks whether all zorps are plurms and some plurms are klemps implies that some zorps are klemps; this is a valid syllogism, so the answer is VALID. The T2 packet contains the passphrase ""LIMA KILO QUEBEC DELTA HOTEL ZULU"".
</Thinking>
<Final_Answers>
Target 1 Result: VALID
Target 2 Result: LIMA KILO QUEBEC DELTA HOTEL ZULU
"
4,hard,cot,False,3,5,9,0.0,1024,7032,6,INDIA ROMEO GOLF KILO CHARLIE SIERRA,-79.01532209437937,-9.876915261797421,4.831496047617206e-35,8,False,True,False,False,False,"DATA STREAM:
[Packet 01]: vibration monitor on alpha-01 reports nominal range.
[Packet 02]: Threshold for feature flag service adjusted to 11 percent.
[Packet 03]: Secret metrics.tsv rotated by rate limiter.
[Packet 04 - T1]: LOGIC OVERRIDE. Pia is taller than Tom. Tom is taller than Dave. Is Pia taller than Dave? Answer YES or NO.
[Packet 05]: smoke detector on foxtrot-08 reports nominal range.
[Packet 06]: Cache hit ratio for edge is 29 percent.
[Packet 07]: thermal sensor in cold aisle reads 71 units.
[Packet 08]: Service router restarted on edge-ap (shadow).
[Packet 09 - T2]: The secure operational passphrase is ""INDIA ROMEO GOLF KILO CHARLIE SIERRA"".
[Packet 10]: Suspicious request blocked by storage (code 500).
[Packet 11]: Service cache drained 21 connections before shutdown.
[Packet 12]: Garbage collection on webhook freed 520 megabytes.
[Packet 13]: Component rate limiter reloaded configuration successfully.
[Packet 14]: Read replica node-b caught up to primary.
[Packet 15]: End of stream.
OUTPUT TEMPLATE:
<Thinking>
The T1 packet requires a logical deduction based on the provided statements. Pia is taller than Tom, and Tom is taller than Dave, therefore Pia is taller than Dave. The T2 packet contains the passphrase ""INDIA ROMEO GOLF KILO CHARLIE SIERRA"".
</Thinking>
<Final_Answers>
Target 1 Result: YES
Target 2 Result: INDIA ROMEO GOLF KILO"
4,hard,cot,False,3,5,9,0.0,1024,8032,6,FOXTROT ALPHA QUEBEC HOTEL MIKE VICTOR,-51.47409629821777,-17.158032099405926,4.4165587992090067e-23,3,False,False,False,False,False,"DATA STREAM:
[Packet 01]: Backup job 567 for inventory finished successfully.
[Packet 02]: Service edge drained 26 connections before shutdown.
[Packet 03]: Background worker metrics exporter finished cycle 290.
[Packet 04 - T1]: LOGIC OVERRIDE. Mona is faster than Sara. Sara is faster than Jack. Is Mona slower than Jack? Answer YES or NO.
[Packet 05]: Read replica hotel-10 caught up to primary.
[Packet 06]: Replication lag on audit is 30 seconds.
[Packet 07]: Service dns reports status 504 on host alpha-02.
[Packet 08]: Background worker ingestion pipeline finished cycle 285.
[Packet 09 - T2]: The secure operational passphrase is ""FOXTROT ALPHA QUEBEC HOTEL MIKE VICTOR"".
[Packet 10]: Service redis reports status 422 on host hotel-10.
[Packet 11]: Replication lag on catalog is 71 seconds.
[Packet 12]: Cache hit ratio for smtp is 39 percent.
[Packet 13]: Rate limit reached for endpoint /v1/postgres.
[Packet 14]: Configuration file manifest.toml reloaded on rack-13.
[Packet 15]: End of stream.
OUTPUT TEMPLATE:
<Thinking>
The T1 packet asks whether Mona is slower than Jack, given the relationships provided. We can deduce that Mona > Jack because Sara > Jack and Mona > Sara. Therefore, the answer is YES. The T2 packet contains the passphrase ""FOXTROT ALPHA QUEBEC HOTEL MIKE VICTOR"".
</Thinking>
<Final_Answers>
Target 1 Result: YES
Target 2 Result: FOXTROT ALPHA QUEBEC"
4,hard,cot,False,2,6,8,0.0,1024,9032,6,XRAY OSCAR CHARLIE ROMEO YANKEE BRAVO,-12.05240428917682,-0.8608860206554871,5.830520458147951e-06,14,True,True,False,False,False,"DATA STREAM:
[Packet 01]: Dead-letter queue 'low' has 76 stale entries.
[Packet 02]: Service metrics returned to nominal state.
[Packet 03 - T1]: LOGIC OVERRIDE. All vails are trils. Some trils are blims. Does it follow that some vails are blims? Answer VALID or INVALID.
[Packet 04]: Configuration file state.db reloaded on node-d.
[Packet 05]: Packet loss to alpha-02 is 44 percent.
[Packet 06]: Threshold for credential manager adjusted to 33 percent.
[Packet 07]: TLS certificate for edge renewed for 48 days.
[Packet 08 - T2]: The secure operational passphrase is ""XRAY OSCAR CHARLIE ROMEO YANKEE BRAVO"".
[Packet 09]: Slow query log recorded 28 entries.
[Packet 10]: Firewall rule 701 updated on kilo-13.
[Packet 11]: Service cache drained 83 connections before shutdown.
[Packet 12]: Volume delta-06 mounted read-only for maintenance.
[Packet 13]: DNS lookup for cron.internal resolved in 247 ms.
[Packet 14]: Query against sessions returned 316 rows in 154 ms.
[Packet 15]: End of stream.
OUTPUT TEMPLATE:
<Thinking>
The T1 packet asks if some vails are blims given that all vails are trils and some trils are blims; this is a logical fallacy, so the answer is INVALID. The T2 packet contains the passphrase ""XRAY OSCAR CHARLIE ROMEO YANKEE BRAVO"".
</Thinking>
<Final_Answers>
Target 1 Result: INVALID
Target 2 Result: XRAY OSCAR CHARLIE ROMEO YANKEE BRAVO
"
4,hard,direct,False,2,6,8,0.0,1024,32,6,CHARLIE GOLF ECHO JULIET HOTEL PAPA,-527.9670009613037,-27.787736892700195,5.091489535436615e-230,19,True,False,False,False,,"<Final_Answers>
Target 2 Result: CHARLIE GOLF ECHO JULIET HOTEL PAPA
Target 1 Result: 6
"
4,hard,direct,False,4,4,10,0.0,1024,1032,6,MIKE UNIFORM ROMEO NOVEMBER FOXTROT KILO,-533.6610584259033,-26.683052921295165,1.7137486235523552e-232,20,True,False,False,False,,"<Final_Answers>
Target 2 Result: MIKE UNIFORM ROMEO NOVEMBER FOXTROT KILO
Target 1 Result: 64
"
4,hard,direct,False,6,2,12,0.0,1024,2032,6,BRAVO SIERRA VICTOR XRAY OSCAR DELTA,-515.9334030151367,-32.245837688446045,8.569787260222427e-225,16,True,False,False,False,,"<Final_Answers>
Target 2 Result: BRAVO SIERRA VICTOR XRAY OSCAR DELTA
Target 1 Result: 429
"
4,hard,direct,False,1,7,7,0.0,1024,3032,6,FOXTROT ECHO LIMA CHARLIE INDIA ALPHA,-489.11203384399414,-25.742738623368112,3.813666123931953e-213,19,True,False,False,False,,"<Final_Answers>
Target 2 Result: FOXTROT ECHO LIMA CHARLIE INDIA ALPHA
Target 1 Result: 323
"
4,hard,direct,False,1,7,7,0.0,1024,4032,6,ZULU TANGO QUEBEC UNIFORM ECHO NOVEMBER,-620.745111174765,-28.21568687158023,2.5931255744350687e-270,22,True,False,False,False,,"<Final_Answers>
Target 2 Result: ZULU TANGO QUEBEC UNIFORM ECHO NOVEMBER
Target 1 Result: 622
"
4,hard,direct,False,1,7,7,0.0,1024,5032,6,HOTEL YANKEE MIKE WHISKEY QUEBEC KILO,-488.4657564163208,-28.73327978919534,7.278089463334011e-213,17,True,False,False,False,,"<Final_Answers>
Target 2 Result: HOTEL YANKEE MIKE WHISKEY QUEBEC KILO
Target 1 Result: 948
"
4,hard,direct,False,7,1,13,0.0,1024,6032,6,LIMA KILO QUEBEC DELTA HOTEL ZULU,-203.8302879333496,-20.38302879333496,3.003521228249494e-89,10,True,False,False,False,,"<Final_Answers>
Target 2 Result: LIMA KILO QUEBEC DELTA HOTEL ZULU
Target 1 Result: VALID
"
4,hard,direct,False,3,5,9,0.0,1024,7032,6,INDIA ROMEO GOLF KILO CHARLIE SIERRA,-425.97962284088135,-28.398641522725423,9.986203156578757e-186,15,True,False,False,False,,"<Final_Answers>
Target 2 Result: INDIA ROMEO GOLF KILO CHARLIE SIERRA
Target 1 Result: 520
"
4,hard,direct,False,3,5,9,0.0,1024,8032,6,FOXTROT ALPHA QUEBEC HOTEL MIKE VICTOR,-439.77465057373047,-27.485915660858154,1.0192858022080505e-191,16,True,False,False,False,,"<Final_Answers>
Target 2 Result: FOXTROT ALPHA QUEBEC HOTEL MIKE VICTOR
Target 1 Result: YES
"
4,hard,direct,False,2,6,8,0.0,1024,9032,6,XRAY OSCAR CHARLIE ROMEO YANKEE BRAVO,-484.4145317077637,-25.495501668829668,4.182557552018917e-211,19,True,False,False,False,,"<Final_Answers>
Target 2 Result: XRAY OSCAR CHARLIE ROMEO YANKEE BRAVO
Target 1 Result: 316
"
6,none,cot,False,2,4,10,0.0,1024,34,6,QUEBEC LIMA SIERRA ALPHA HOTEL WHISKEY,-10.579622995186583,-0.813817153475891,2.5428931538876098e-05,13,True,,False,False,False,"DATA STREAM:
[Packet 01]: Feature flag 'storage_beta' set to enabled.
[Packet 02]: Secret rollback.sql rotated by task scheduler.
[Packet 03]: Service cron restarted on foxtrot-08 (shadow).
[Packet 04]: Session 236 closed by dns.
[Packet 05]: Audit event 257 recorded by discovery client.
[Packet 06]: ambient light sensor threshold exceeded in cold aisle.
[Packet 07]: Migration 3.3.9 applied to users on canary.
[Packet 08]: Feature flag 'oauth_beta' set to enabled.
[Packet 09]: Deployment of version 1.5.9 completed on canary.
[Packet 10 - T2]: The secure operational passphrase is ""QUEBEC LIMA SIERRA ALPHA HOTEL WHISKEY"".
[Packet 11]: Service router returned to nominal state.
[Packet 12]: Feature flag 'search_beta' set to enabled.
[Packet 13]: Service edge restarted on mike-15 (canary).
[Packet 14]: Leader election completed for sync: new leader bravo-03.
[Packet 15]: End of stream.
OUTPUT TEMPLATE:
<Thinking>
The T2 packet contains the passphrase ""QUEBEC LIMA SIERRA ALPHA HOTEL WHISKEY"".
</Thinking>
<Final_Answers>
Target 1 Result: [empty string]
Target 2 Result: QUEBEC LIMA SIERRA ALPHA HOTEL WHISKEY
"
6,none,cot,False,4,2,12,0.0,1024,1034,6,BRAVO UNIFORM CHARLIE XRAY DELTA MIKE,-10.128504396004757,-0.7234645997146255,3.9925138454488314e-05,14,True,,False,False,False,"DATA STREAM:
[Packet 01]: Queue 'priority' drained in 454 ms.
[Packet 02]: Power draw on rack lima-14 is 573 watts.
[Packet 03]: Queue 'priority' drained in 454 ms.
[Packet 04]: Humidity in lab 3B is 17 percent.
[Packet 05]: voltage rail threshold exceeded in server room.
[Packet 06]: Service postgres restarted on rack-13 (shadow).
[Packet 07]: Service stream drained 16 connections before shutdown.
[Packet 08]: Service logger restarted on rack-13 (qa).
[Packet 09]: Configuration file metrics.tsv reloaded on alpha-01.
[Packet 10]: Feature flag 'scheduler_beta' set to disabled.
[Packet 11]: Calibration of humidity probe in lab 2A completed.
[Packet 12 - T2]: The secure operational passphrase is ""BRAVO UNIFORM CHARLIE XRAY DELTA MIKE"".
[Packet 13]: Calibration of humidity probe in lobby completed.
[Packet 14]: Deployment of version 4.4.12 completed on staging.
[Packet 15]: End of stream.
OUTPUT TEMPLATE:
<Thinking>
The T2 packet contains the passphrase ""BRAVO UNIFORM CHARLIE XRAY DELTA MIKE"".
</Thinking>
<Final_Answers>
Target 1 Result: [blank]
Target 2 Result: BRAVO UNIFORM CHARLIE XRAY DELTA MIKE
"
6,none,cot,False,5,1,13,0.0,1024,2034,6,CHARLIE LIMA YANKEE QUEBEC SIERRA BRAVO,-11.566764332302796,-0.7711176221535198,9.475847810644295e-06,15,True,,False,False,False,"DATA STREAM:
[Packet 01]: Heartbeat from kafka received after 159 ms.
[Packet 02]: Configuration file audit.log reloaded on edge-eu.
[Packet 03]: TLS certificate for nginx renewed for 32 days.
[Packet 04]: Service kafka returned to nominal state.
[Packet 05]: Heartbeat from oauth received after 370 ms.
[Packet 06]: Read replica india-11 caught up to primary.
[Packet 07]: Disk usage on node-e is 75 percent.
[Packet 08]: Queue 'deadletter' depth is 213 messages.
[Packet 09]: Secret state.db rotated by discovery client.
[Packet 10]: Deployment of version 1.9.1 completed on canary.
[Packet 11]: Service storage restarted on delta-06 (qa).
[Packet 12]: Inventory check on rack rack-13 marked complete.
[Packet 13 - T2]: The secure operational passphrase is ""CHARLIE LIMA YANKEE QUEBEC SIERRA BRAVO"".
[Packet 14]: Deployment of version 1.5.20 started on qa.
[Packet 15]: End of stream.
OUTPUT TEMPLATE:
<Thinking>
The T2 packet contains the passphrase ""CHARLIE LIMA YANKEE QUEBEC SIERRA BRAVO"".
</Thinking>
<Final_Answers>
Target 1 Result: [blank]
Target 2 Result: CHARLIE LIMA YANKEE QUEBEC SIERRA BRAVO
"
6,none,cot,False,3,3,11,0.0,1024,3034,6,SIERRA XRAY WHISKEY KILO JULIET BRAVO,-180.80249977111816,-20.08916664123535,3.009345386111426e-79,9,True,,False,False,False,"<Thinking>
Packet 03 reports humidity in lab 3B is 63 percent. Packet 11 contains the passphrase ""SIERRA XRAY WHISKEY KILO JULIET BRAVO"".
</Thinking>
<Final_Answers>
Target 1 Result: 63
Target 2 Result: SIERRA XRAY WHISKEY KILO JULIET BRAVO
"
6,none,cot,False,3,3,11,0.0,1024,4034,6,KILO BRAVO DELTA YANKEE VICTOR WHISKEY,-172.96143913269043,-19.21793768141005,7.652465893033587e-76,9,True,,False,False,False,"DATA STREAM:
[Packet 01]: Login from internal node alpha-02.
[Packet 02]: Network latency to us-east-1 is 418 ms.
[Packet 03]: Audit event 791 recorded by ingestion pipeline.
[Packet 04]: Deployment of version 1.3.12 started on staging.
[Packet 05]: Query against metrics returned 775 rows in 135 ms.
[Packet 06]: Secret metrics.tsv rotated by feature flag service.
[Packet 07]: Index rebuild on table sessions completed in 223 ms.
[Packet 08]: Background worker metrics exporter finished cycle 600.
[Packet 09]: Service storage reports status 418 on host edge-eu.
[Packet 10]: Backup job 747 for audit finished successfully.
[Packet 11 - T2]: The secure operational passphrase is ""KILO BRAVO DELTA YANKEE VICTOR WHISKEY"".
[Packet 12]: Deployment of version 3.2.4 completed on production.
[Packet 13]: Network latency to eu-central-1 is 323 ms.
[Packet 14]: Calibration of vibration monitor in lobby completed.
[Packet 15]: End of stream.
OUTPUT TEMPLATE:
<Thinking>
The T2 packet contains the passphrase ""KILO BRAVO DELTA YANKEE VICTOR WHISKEY"".
</Thinking>
<Final_Answers>
Target 1 Result: [blank]
Target 2 Result: KILO BRAVO DELTA YANKEE VICTOR WHISKEY
"
6,none,cot,False,5,1,13,0.0,1024,5034,6,OSCAR YANKEE ALPHA ZULU INDIA JULIET,-126.56118881713383,-9.735476062856447,1.0843614599120457e-55,13,False,,False,False,False,"DATA STREAM:
[Packet 01]: DNS lookup for gateway.internal resolved in 256 ms.
[Packet 02]: Connection pool for ingest resized to 75 workers.
[Packet 03]: Feature flag 'search_beta' set to disabled.
[Packet 04]: Fan speed on node-c set to 32 percent.
[Packet 05]: Connection pool for cron resized to 57 workers.
[Packet 06]: Replication lag on events is 27 seconds.
[Packet 07]: Slow query log recorded 28 entries.
[Packet 08]: Rate limit reached for endpoint /v1/router.
[Packet 09]: Audit event 112 recorded by telemetry agent.
[Packet 10]: Volume edge-us mounted read-only for maintenance.
[Packet 11]: Heartbeat from webhook received after 412 ms.
[Packet 12]: Vacuum on sessions reclaimed 447 pages.
[Packet 13 - T2]: The secure operational passphrase is ""OSCAR YANKEE ALPHA ZULU INDIA JULIET"".
[Packet 14]: Replication lag on billing is 20 seconds.
[Packet 15]: End of stream.
OUTPUT TEMPLATE:
<Thinking>
The T2 packet contains the passphrase ""OSCAR YANKEE ALPHA ZULU INDIA JULIET"".
</Thinking>
<Final_Answers>
Target 1 Result: 412
Target 2 Result: OSCAR YANKEE ALPHA
"
6,none,cot,False,3,3,11,0.0,1024,6034,6,CHARLIE VICTOR GOLF HOTEL FOXTROT BRAVO,-11.45808690378908,-0.9548405753157567,1.0563700617738916e-05,12,True,,False,False,False,"DATA STREAM:
[Packet 01]: Migration 3.7.4 applied to orders on qa.
[Packet 02]: Routine inspection of task scheduler completed without findings.
[Packet 03]: Rotation policy updated for snapshot.bin.
[Packet 04]: Background worker health probe finished cycle 823.
[Packet 05]: Background worker health probe finished cycle 823.
[Packet 06]: Session 683 closed by redis.
[Packet 07]: Backup job 287 for users finished successfully.
[Packet 08]: ambient light sensor on mike-15 reports nominal range.
[Packet 09]: Leader election completed for smtp: new leader delta-06.
[Packet 10]: vibration monitor threshold exceeded in lobby.
[Packet 11 - T2]: The secure operational passphrase is ""CHARLIE VICTOR GOLF HOTEL FOXTROT BRAVO"".
[Packet 12]: Object schema.json replicated to region us-east-1.
[Packet 13]: Query against orders returned 269 rows in 101 ms.
[Packet 14]: Configuration file audit.log reloaded on edge-eu.
[Packet 15]: End of stream.
OUTPUT TEMPLATE:
<Thinking>
The T2 packet contains the passphrase ""CHARLIE VICTOR GOLF HOTEL FOXTROT BRAVO"".
</Thinking>
<Final_Answers>
Target 1 Result: [N/A]
Target 2 Result: CHARLIE VICTOR GOLF HOTEL FOXTROT BRAVO
"
6,none,cot,False,2,4,10,0.0,1024,7034,6,VICTOR TANGO WHISKEY NOVEMBER XRAY UNIFORM,-215.16228485107422,-21.516228485107423,3.5992082487324954e-94,10,True,,False,False,False,"DATA STREAM:
[Packet 01]: Routine inspection of audit logger completed without findings.
[Packet 02]: Failover triggered for etl in region ca-central-1.
[Packet 03]: Read replica bravo-03 caught up to primary.
[Packet 04]: Configuration file secrets.env reloaded on echo-07.
[Packet 05]: Rotation policy updated for schema.json.
[Packet 06]: Component ingestion pipeline reloaded configuration successfully.
[Packet 07]: DNS lookup for mailer.internal resolved in 292 ms.
[Packet 08]: Calibration of fan controller in operations center completed.
[Packet 09]: Fan speed on edge-eu set to 41 percent.
[Packet 10 - T2]: The secure operational passphrase is ""VICTOR TANGO WHISKEY NOVEMBER XRAY UNIFORM"".
[Packet 11]: Background worker health probe finished cycle 417.
[Packet 12]: Login from internal node kilo-13.
[Packet 13]: Archive of state.db uploaded to cold storage.
[Packet 14]: smoke detector on foxtrot-08 reports nominal range.
[Packet 15]: End of stream.
OUTPUT TEMPLATE:
<Thinking>
The T2 packet contains the passphrase ""VICTOR TANGO WHISKEY NOVEMBER XRAY UNIFORM"".
</Thinking>
<Final_Answers>
Target 1 Result: VICTOR TANGO WHISKEY NOVEMBER XRAY UNIFORM
Target 2 Result: VICTOR TANGO WHISKEY NOVEMBER XRAY UNIFORM
"
6,none,cot,False,5,1,13,0.0,1024,8034,6,WHISKEY PAPA JULIET LIMA VICTOR GOLF,-15.40865171036421,-1.1006179793117294,2.032860553074749e-07,14,True,,False,False,False,"DATA STREAM:
[Packet 01]: Calibration of fan controller in operations center completed.
[Packet 02]: Connection pool for cron resized to 6 workers.
[Packet 03]: Connection pool for postgres resized to 6 workers.
[Packet 04]: Secret metrics.tsv rotated by rate limiter.
[Packet 05]: vibration monitor threshold exceeded in break room.
[Packet 06]: Leader election completed for metrics: new leader edge-ap.
[Packet 07]: Threshold for telemetry agent adjusted to 70 percent.
[Packet 08]: Queue 'priority' drained in 454 ms.
[Packet 09]: Background worker discovery client finished cycle 433.
[Packet 10]: Service oauth restarted on bravo-04 (shadow).
[Packet 11]: On-call rotation for gateway handed over.
[Packet 12]: DNS lookup for postgres.internal resolved in 351 ms.
[Packet 13 - T2]: The secure operational passphrase is ""WHISKEY PAPA JULIET LIMA VICTOR GOLF"".
[Packet 14]: Read replica lima-14 caught up to primary.
[Packet 15]: End of stream.
OUTPUT TEMPLATE:
<Thinking>
The T2 packet contains the passphrase ""WHISKEY PAPA JULIET LIMA VICTOR GOLF"".
</Thinking>
<Final_Answers>
Target 1 Result: [empty string]
Target 2 Result: WHISKEY PAPA JULIET LIMA VICTOR GOLF
"
6,none,cot,False,3,3,11,0.0,1024,9034,6,ECHO DELTA SIERRA PAPA YANKEE XRAY,-159.71341562271118,-19.964176952838898,4.3385530194864764e-70,8,False,,False,True,False,"<Thinking>
The T2 packet contains the passphrase ""ECHO DELTA SIERRA PAPA YANKEE XRAY"".
</Thinking>
<Final_Answers>
Target 1 Result: ECHO DELTA SIERRA PAPA YANKEE XRAY
"
6,none,direct,False,2,4,10,0.0,1024,34,6,QUEBEC LIMA SIERRA ALPHA HOTEL WHISKEY,-508.6168460845947,-25.430842304229735,1.2897642723837859e-221,20,True,,False,False,,"<Final_Answers>
Target 2 Result: QUEBEC LIMA SIERRA ALPHA HOTEL WHISKEY
Target 1 Result: 1.5.9
"
6,none,direct,False,4,2,12,0.0,1024,1034,6,BRAVO UNIFORM CHARLIE XRAY DELTA MIKE,-517.3126163482666,-24.63393411182222,2.157671380091226e-225,21,True,,False,False,,"<Final_Answers>
Target 2 Result: BRAVO UNIFORM CHARLIE XRAY DELTA MIKE
Target 1 Result: 4.4.12
"
6,none,direct,False,5,1,13,0.0,1024,2034,6,CHARLIE LIMA YANKEE QUEBEC SIERRA BRAVO,-427.1787395477295,-30.512767110552108,3.010444520731154e-186,14,True,,False,False,,"<Final_Answers>
Target 2 Result: CHARLIE LIMA YANKEE QUEBEC SIERRA BRAVO
Target 1 Result: 75
"
6,none,direct,False,3,3,11,0.0,1024,3034,6,SIERRA XRAY WHISKEY KILO JULIET BRAVO,-480.0690734513919,-28.239357261846582,3.225896784686451e-209,17,True,,False,False,,"<Final_Answers>
Target 2 Result: SIERRA XRAY WHISKEY KILO JULIET BRAVO
Target 1 Result: 71
"
6,none,direct,False,3,3,11,0.0,1024,4034,6,KILO BRAVO DELTA YANKEE VICTOR WHISKEY,-527.1716423034668,-26.35858211517334,1.1278847683839871e-229,20,True,,False,False,,"<Final_Answers>
Target 2 Result: KILO BRAVO DELTA YANKEE VICTOR WHISKEY
Target 1 Result: 323
"
6,none,direct,False,5,1,13,0.0,1024,5034,6,OSCAR YANKEE ALPHA ZULU INDIA JULIET,-568.4057426452637,-28.420287132263184,1.3948338779362533e-247,20,True,,False,False,,"<Final_Answers>
Target 2 Result: OSCAR YANKEE ALPHA ZULU INDIA JULIET
Target 1 Result: 27
"
6,none,direct,False,3,3,11,0.0,1024,6034,6,CHARLIE VICTOR GOLF HOTEL FOXTROT BRAVO,-633.8798294067383,-28.812719518488105,5.122569966079571e-276,22,True,,False,False,,"<Final_Answers>
Target 2 Result: CHARLIE VICTOR GOLF HOTEL FOXTROT BRAVO
Target 1 Result: 269
"
6,none,direct,False,2,4,10,0.0,1024,7034,6,VICTOR TANGO WHISKEY NOVEMBER XRAY UNIFORM,-489.0683345794678,-30.566770911216736,3.984015491979877e-213,16,True,,False,False,,"<Final_Answers>
Target 2 Result: VICTOR TANGO WHISKEY NOVEMBER XRAY UNIFORM
Target 1 Result: 41
"
6,none,direct,False,5,1,13,0.0,1024,8034,6,WHISKEY PAPA JULIET LIMA VICTOR GOLF,-480.9785957336426,-32.06523971557617,1.2991220655222536e-209,15,True,,False,False,,"<Final_Answers>
Target 2 Result: WHISKEY PAPA JULIET LIMA VICTOR GOLF
Target 1 Result: 70
"
6,none,direct,False,3,3,11,0.0,1024,9034,6,ECHO DELTA SIERRA PAPA YANKEE XRAY,-525.581184387207,-29.19895468817817,5.5333969766332386e-229,18,True,,False,False,,"<Final_Answers>
Target 2 Result: ECHO DELTA SIERRA PAPA YANKEE XRAY
Target 1 Result: 83
"
6,easy,cot,False,3,3,11,0.0,1024,34,6,QUEBEC LIMA SIERRA ALPHA HOTEL WHISKEY,-11.739784559859572,-0.9030603507584286,7.970330804126564e-06,13,True,True,False,False,False,"DATA STREAM:
[Packet 01]: Secret rollback.sql rotated by task scheduler.
[Packet 02]: Session 236 closed by dns.
[Packet 03]: Audit event 257 recorded by discovery client.
[Packet 04 - T1]: LOGIC OVERRIDE. Decide whether SWEDEN is a COUNTRY or a PLANET. Answer COUNTRY or PLANET.
[Packet 05]: ambient light sensor threshold exceeded in cold aisle.
[Packet 06]: Migration 3.3.9 applied to users on canary.
[Packet 07]: Feature flag 'oauth_beta' set to enabled.
[Packet 08]: Deployment of version 1.5.9 completed on canary.
[Packet 09]: Service router returned to nominal state.
[Packet 10]: Feature flag 'search_beta' set to enabled.
[Packet 11 - T2]: The secure operational passphrase is ""QUEBEC LIMA SIERRA ALPHA HOTEL WHISKEY"".
[Packet 12]: Service edge restarted on mike-15 (canary).
[Packet 13]: Leader election completed for sync: new leader bravo-03.
[Packet 14]: Feature flag 'kafka_beta' set to enabled.
[Packet 15]: End of stream.
OUTPUT TEMPLATE:
<Thinking>
The T1 packet asks whether SWEDEN is a COUNTRY or a PLANET; Sweden is a country, so the answer is COUNTRY. The T2 packet contains the passphrase ""QUEBEC LIMA SIERRA ALPHA HOTEL WHISKEY"".
</Thinking>
<Final_Answers>
Target 1 Result: COUNTRY
Target 2 Result: QUEBEC LIMA SIERRA ALPHA HOTEL WHISKEY
"
6,easy,cot,False,4,2,12,0.0,1024,1034,6,BRAVO UNIFORM CHARLIE XRAY DELTA MIKE,-145.50160121917725,-14.550160121917724,6.448481859230216e-64,10,True,True,False,False,False,"DATA STREAM:
[Packet 01]: Queue 'priority' drained in 454 ms.
[Packet 02]: Power draw on rack lima-14 is 573 watts.
[Packet 03]: Queue 'priority' drained in 454 ms.
[Packet 04]: Humidity in lab 3B is 17 percent.
[Packet 05 - T1]: LOGIC OVERRIDE. Decide whether SORGHUM is a CEREAL or a RIVER. Answer CEREAL or RIVER.
[Packet 06]: Service postgres restarted on rack-13 (shadow).
[Packet 07]: Service stream drained 16 connections before shutdown.
[Packet 08]: Service logger restarted on rack-13 (qa).
[Packet 09]: Configuration file metrics.tsv reloaded on alpha-01.
[Packet 10]: Feature flag 'scheduler_beta' set to disabled.
[Packet 11]: Calibration of humidity probe in lab 2A completed.
[Packet 12 - T2]: The secure operational passphrase is ""BRAVO UNIFORM CHARLIE XRAY DELTA MIKE"".
[Packet 13]: Calibration of humidity probe in lobby completed.
[Packet 14]: Deployment of version 4.4.12 completed on staging.
[Packet 15]: End of stream.
OUTPUT TEMPLATE:
<Thinking>
The T1 packet asks whether SORGHUM is a CEREAL or a RIVER; sorghum is a cereal grain, so the answer is CEREAL. The T2 packet contains the passphrase ""BRAVO UNIFORM CHARLIE XRAY DELTA MIKE"".
</Thinking>
<Final_Answers>
Target 1 Result: CEREAL
Target 2 Result: BRAVO UNIFORM CHARLIE XRAY DELTA MIKE
"
6,easy,cot,False,5,1,13,0.0,1024,2034,6,CHARLIE LIMA YANKEE QUEBEC SIERRA BRAVO,-53.77316379547119,-17.92438793182373,4.432121823796442e-24,3,False,True,False,False,False,"DATA STREAM:
[Packet 01]: Heartbeat from kafka received after 159 ms.
[Packet 02]: Configuration file audit.log reloaded on edge-eu.
[Packet 03]: TLS certificate for nginx renewed for 32 days.
[Packet 04]: Service kafka returned to nominal state.
[Packet 05]: Heartbeat from oauth received after 370 ms.
[Packet 06 - T1]: LOGIC OVERRIDE. Decide whether WHEAT is a CEREAL or a RIVER. Answer CEREAL or RIVER.
[Packet 07]: Disk usage on node-e is 75 percent.
[Packet 08]: Queue 'deadletter' depth is 213 messages.
[Packet 09]: Secret state.db rotated by discovery client.
[Packet 10]: Deployment of version 1.9.1 completed on canary.
[Packet 11]: Service storage restarted on delta-06 (qa).
[Packet 12]: Inventory check on rack rack-13 marked complete.
[Packet 13 - T2]: The secure operational passphrase is ""CHARLIE LIMA YANKEE QUEBEC SIERRA BRAVO"".
[Packet 14]: Deployment of version 1.5.20 started on qa.
[Packet 15]: End of stream.
OUTPUT TEMPLATE:
<Thinking>
The T1 packet asks whether WHEAT is a CEREAL or a RIVER; wheat is a grain, so the answer is CEREAL. The T2 packet contains the passphrase ""CHARLIE LIMA YANKEE QUEBEC SIERRA BRAVO"".
</Thinking>
<Final_Answers>
Target 1 Result: CEREAL
Target 2 Result: CHARLIE LIMA YANKEE
"
6,easy,cot,False,3,3,11,0.0,1024,3034,6,SIERRA XRAY WHISKEY KILO JULIET BRAVO,-14.2609931566069,-0.8913120722879313,6.405150897189917e-07,16,False,True,False,False,False,"DATA STREAM:
[Packet 01]: Garbage collection on oauth freed 842 megabytes.
[Packet 02]: Service oauth restarted on bravo-04 (shadow).
[Packet 03]: Humidity in lab 3B is 63 percent.
[Packet 04 - T1]: LOGIC OVERRIDE. Decide whether CABBAGE is a VEGETABLE or a GEMSTONE. Answer VEGETABLE or GEMSTONE.
[Packet 05]: Component config loader reloaded configuration successfully.
[Packet 06]: Threshold for health probe adjusted to 71 percent.
[Packet 07]: Fan speed on lima-14 set to 73 percent.
[Packet 08]: Component feature flag service reloaded configuration successfully.
[Packet 09]: Slow query log recorded 18 entries.
[Packet 10]: Queue 'priority' drained in 454 ms.
[Packet 11 - T2]: The secure operational passphrase is ""SIERRA XRAY WHISKEY KILO JULIET BRAVO"".
[Packet 12]: Service metrics restarted on foxtrot-08 (canary).
[Packet 13]: Leader election completed for scheduler: new leader foxtrot-08.
[Packet 14]: Inventory check on rack delta-06 marked complete.
[Packet 15]: End of stream.
OUTPUT TEMPLATE:
<Thinking>
The T1 packet asks whether CABBAGE is a VEGETABLE or a GEMSTONE; cabbage is a vegetable, so the answer is VEGETABLE. The T2 packet contains the passphrase ""SIERRA XRAY WHISKEY KILO JULIET BRAVO"".
</Thinking>
<Final_Answers>
Target 1 Result: VEGETABLE
Target 2 Result: SIERRA XRAY WHISKEY KILO
"
6,easy,cot,False,3,3,11,0.0,1024,4034,6,KILO BRAVO DELTA YANKEE VICTOR WHISKEY,-103.0979700088501,-17.182995001475017,1.67927000119084e-45,6,True,True,False,False,False,"DATA STREAM:
[Packet 01]: Login from internal node alpha-02.
[Packet 02]: Network latency to us-east-1 is 418 ms.
[Packet 03]: Audit event 791 recorded by ingestion pipeline.
[Packet 04 - T1]: LOGIC OVERRIDE. Decide whether ZINC is a METAL or a FRUIT. Answer METAL or FRUIT.
[Packet 05]: Query against metrics returned 775 rows in 135 ms.
[Packet 06]: Secret metrics.tsv rotated by feature flag service.
[Packet 07]: Index rebuild on table sessions completed in 223 ms.
[Packet 08]: Background worker metrics exporter finished cycle 600.
[Packet 09]: Service storage reports status 418 on host edge-eu.
[Packet 10]: Backup job 747 for audit finished successfully.
[Packet 11 - T2]: The secure operational passphrase is ""KILO BRAVO DELTA YANKEE VICTOR WHISKEY"".
[Packet 12]: Deployment of version 3.2.4 completed on production.
[Packet 13]: Network latency to eu-central-1 is 323 ms.
[Packet 14]: Calibration of vibration monitor in lobby completed.
[Packet 15]: End of stream.
OUTPUT TEMPLATE:
<Thinking>
The T1 packet asks whether ZINC is a METAL or a FRUIT; zinc is a metal, so the answer is METAL. The T2 packet contains the passphrase ""KILO BRAVO DELTA YANKEE VICTOR WHISKEY"".
</Thinking>
<Final_Answers>
Target 1 Result: METAL
Target 2 Result: KILO BRAVO DELTA YANKEE VICTOR WHISKEY
"
6,easy,cot,False,1,5,9,0.0,1024,5034,6,OSCAR YANKEE ALPHA ZULU INDIA JULIET,-13.27834278831051,-1.021410983716193,1.7111536114815954e-06,13,True,False,False,False,False,"DATA STREAM:
[Packet 01]: Connection pool for ingest resized to 75 workers.
[Packet 02 - T1]: LOGIC OVERRIDE. Decide whether PENGUIN is a BUILDING or a BIRD. Answer BUILDING or BIRD.
[Packet 03]: Feature flag 'search_beta' set to disabled.
[Packet 04]: Fan speed on node-c set to 32 percent.
[Packet 05]: Connection pool for cron resized to 57 workers.
[Packet 06]: Slow query log recorded 28 entries.
[Packet 07]: Rate limit reached for endpoint /v1/router.
[Packet 08]: Audit event 112 recorded by telemetry agent.
[Packet 09 - T2]: The secure operational passphrase is ""OSCAR YANKEE ALPHA ZULU INDIA JULIET"".
[Packet 10]: Volume edge-us mounted read-only for maintenance.
[Packet 11]: Heartbeat from webhook received after 412 ms.
[Packet 12]: Vacuum on sessions reclaimed 447 pages.
[Packet 13]: Replication lag on billing is 20 seconds.
[Packet 14]: Service storage reports status 418 on host edge-eu.
[Packet 15]: End of stream.
OUTPUT TEMPLATE:
<Thinking>
The T1 packet asks whether PENGUIN is a BUILDING or a BIRD; a penguin is a bird, so the answer is BUILDING. The T2 packet contains the passphrase ""OSCAR YANKEE ALPHA ZULU INDIA JULIET"".
</Thinking>
<Final_Answers>
Target 1 Result: BUILDING
Target 2 Result: OSCAR YANKEE ALPHA ZULU INDIA JULIET
"
6,easy,cot,False,3,3,11,0.0,1024,6034,6,CHARLIE VICTOR GOLF HOTEL FOXTROT BRAVO,-84.42467498779297,-21.106168746948242,2.1618697083362355e-37,4,False,True,False,False,False,"DATA STREAM:
[Packet 01]: Migration 3.7.4 applied to orders on qa.
[Packet 02]: Routine inspection of task scheduler completed without findings.
[Packet 03]: Rotation policy updated for snapshot.bin.
[Packet 04 - T1]: LOGIC OVERRIDE. Decide whether NILE is a CEREAL or a RIVER. Answer CEREAL or RIVER.
[Packet 05]: Background worker health probe finished cycle 823.
[Packet 06]: Session 683 closed by redis.
[Packet 07]: Backup job 287 for users finished successfully.
[Packet 08]: ambient light sensor on mike-15 reports nominal range.
[Packet 09]: Leader election completed for smtp: new leader delta-06.
[Packet 10]: vibration monitor threshold exceeded in lobby.
[Packet 11 - T2]: The secure operational passphrase is ""CHARLIE VICTOR GOLF HOTEL FOXTROT BRAVO"".
[Packet 12]: Object schema.json replicated to region us-east-1.
[Packet 13]: Query against orders returned 269 rows in 101 ms.
[Packet 14]: Configuration file audit.log reloaded on edge-eu.
[Packet 15]: End of stream.
OUTPUT TEMPLATE:
<Thinking>
The T1 packet asks whether NILE is a CEREAL or a RIVER; the Nile is a river, so the answer is RIVER. The T2 packet contains the passphrase ""CHARLIE VICTOR GOLF HOTEL FOXTROT BRAVO"".
</Thinking>
<Final_Answers>
Target 1 Result: RIVER
Target 2 Result: CHARLIE VICTOR GOLF HOTEL"
6,easy,cot,False,2,4,10,0.0,1024,7034,6,VICTOR TANGO WHISKEY NOVEMBER XRAY UNIFORM,-14.310576939416364,-1.0221840671011688,6.095304444373375e-07,14,False,True,False,False,False,"DATA STREAM:
[Packet 01]: Routine inspection of audit logger completed without findings.
[Packet 02]: Failover triggered for etl in region ca-central-1.
[Packet 03 - T1]: LOGIC OVERRIDE. Decide whether DIAMOND is a VEGETABLE or a GEMSTONE. Answer VEGETABLE or GEMSTONE.
[Packet 04]: Configuration file secrets.env reloaded on echo-07.
[Packet 05]: Rotation policy updated for schema.json.
[Packet 06]: Component ingestion pipeline reloaded configuration successfully.
[Packet 07]: DNS lookup for mailer.internal resolved in 292 ms.
[Packet 08]: Calibration of fan controller in operations center completed.
[Packet 09]: Fan speed on edge-eu set to 41 percent.
[Packet 10 - T2]: The secure operational passphrase is ""VICTOR TANGO WHISKEY NOVEMBER XRAY UNIFORM"".
[Packet 11]: Background worker health probe finished cycle 417.
[Packet 12]: Login from internal node kilo-13.
[Packet 13]: Archive of state.db uploaded to cold storage.
[Packet 14]: smoke detector on foxtrot-08 reports nominal range.
[Packet 15]: End of stream.
OUTPUT TEMPLATE:
<Thinking>
The T1 packet asks whether DIAMOND is a VEGETABLE or a GEMSTONE; a diamond is a gemstone, so the answer is GEMSTONE. The T2 packet contains the passphrase ""VICTOR TANGO WHISKEY NOVEMBER XRAY UNIFORM"".
</Thinking>
<Final_Answers>
Target 1 Result: GEMSTONE
Target 2 Result: VICTOR TANGO WHISKEY
"
6,easy,cot,False,5,1,13,0.0,1024,8034,6,WHISKEY PAPA JULIET LIMA VICTOR GOLF,-16.536798873072428,-1.1811999195051734,6.5789941629564e-08,14,True,True,False,False,False,"DATA STREAM:
[Packet 01]: Calibration of fan controller in operations center completed.
[Packet 02]: Connection pool for cron resized to 6 workers.
[Packet 03]: Connection pool for postgres resized to 6 workers.
[Packet 04]: Secret metrics.tsv rotated by rate limiter.
[Packet 05]: vibration monitor threshold exceeded in break room.
[Packet 06 - T1]: LOGIC OVERRIDE. Decide whether EMERALD is a GEMSTONE or a VEGETABLE. Answer GEMSTONE or VEGETABLE.
[Packet 07]: Threshold for telemetry agent adjusted to 70 percent.
[Packet 08]: Queue 'priority' drained in 454 ms.
[Packet 09]: Background worker discovery client finished cycle 433.
[Packet 10]: Service oauth restarted on bravo-04 (shadow).
[Packet 11]: On-call rotation for gateway handed over.
[Packet 12]: DNS lookup for postgres.internal resolved in 351 ms.
[Packet 13 - T2]: The secure operational passphrase is ""WHISKEY PAPA JULIET LIMA VICTOR GOLF"".
[Packet 14]: Read replica lima-14 caught up to primary.
[Packet 15]: End of stream.
OUTPUT TEMPLATE:
<Thinking>
The T1 packet asks whether EMERALD is a GEMSTONE or a VEGETABLE; an emerald is a gemstone, so the answer is GEMSTONE. The T2 packet contains the passphrase ""WHISKEY PAPA JULIET LIMA VICTOR GOLF"".
</Thinking>
<Final_Answers>
Target 1 Result: GEMSTONE
Target 2 Result: WHISKEY PAPA JULIET LIMA VICTOR GOLF
"
6,easy,cot,False,3,3,11,0.0,1024,9034,6,ECHO DELTA SIERRA PAPA YANKEE XRAY,-129.86899280548096,-16.23362410068512,3.9683781912654737e-57,8,False,True,False,False,False,"DATA STREAM:
[Packet 01]: Garbage collection on logger freed 160 megabytes.
[Packet 02]: Login from internal node node-a.
[Packet 03]: Slow query log recorded 95 entries.
[Packet 04 - T1]: LOGIC OVERRIDE. Decide whether LIBRARY is a BUILDING or a BIRD. Answer BUILDING or BIRD.
[Packet 05]: Vibration on node-e within tolerance.
[Packet 06]: Threshold for feature flag service adjusted to 83 percent.
[Packet 07]: Connection pool for metrics resized to 67 workers.
[Packet 08]: Disk usage on charlie-05 is 82 percent.
[Packet 09]: TLS certificate for logger renewed for 9 days.
[Packet 10]: Network latency to sa-east-1 is 483 ms.
[Packet 11 - T2]: The secure operational passphrase is ""ECHO DELTA SIERRA PAPA YANKEE XRAY"".
[Packet 12]: CPU temperature on node-d stable at 14C.
[Packet 13]: Power draw on rack lima-14 is 573 watts.
[Packet 14]: Rate limit reached for endpoint /v1/etl.
[Packet 15]: End of stream.
OUTPUT TEMPLATE:
<Thinking>
The T1 packet asks whether LIBRARY is a BUILDING or a BIRD; a library is a building, so the answer is BUILDING. The T2 packet contains the passphrase ""ECHO DELTA SIERRA PAPA YANKEE XRAY"".
</Thinking>
<Final_Answers>
Target 1 Result: BUILDING
Target 2 Result: ECHO DELTA SIERRA
"
6,easy,direct,False,3,3,11,0.0,1024,34,6,QUEBEC LIMA SIERRA ALPHA HOTEL WHISKEY,-423.19646549224854,-24.89390973483815,1.6147685256896508e-184,17,True,False,False,False,,"<Final_Answers>
Target 2 Result: QUEBEC LIMA SIERRA ALPHA HOTEL WHISKEY
Target 1 Result: bravo-03
"
6,easy,direct,False,4,2,12,0.0,1024,1034,6,BRAVO UNIFORM CHARLIE XRAY DELTA MIKE,-556.9976243972778,-27.849881219863892,1.2560452660951047e-242,20,True,True,False,False,,"<Final_Answers>
Target 2 Result: BRAVO UNIFORM CHARLIE XRAY DELTA MIKE
Target 1 Result: CEREAL
"
6,easy,direct,False,5,1,13,0.0,1024,2034,6,CHARLIE LIMA YANKEE QUEBEC SIERRA BRAVO,-424.9518852233887,-30.353706087384904,2.790880062019193e-185,14,True,False,False,False,,"<Final_Answers>
Target 2 Result: CHARLIE LIMA YANKEE QUEBEC SIERRA BRAVO
Target 1 Result: 75
"
6,easy,direct,False,3,3,11,0.0,1024,3034,6,SIERRA XRAY WHISKEY KILO JULIET BRAVO,-498.56889724731445,-33.2379264831543,2.980431034160807e-217,15,True,False,False,False,,"<Final_Answers>
Target 2 Result: SIERRA XRAY WHISKEY KILO JULIET BRAVO
Target 1 Result: 71
"
6,easy,direct,False,3,3,11,0.0,1024,4034,6,KILO BRAVO DELTA YANKEE VICTOR WHISKEY,-552.305097579956,-29.068689346313477,1.370704359325988e-240,19,True,False,False,False,,"<Final_Answers>
Target 2 Result: KILO BRAVO DELTA YANKEE VICTOR WHISKEY
Target 1 Result: 418
"
6,easy,direct,False,1,5,9,0.0,1024,5034,6,OSCAR YANKEE ALPHA ZULU INDIA JULIET,-510.5886535644531,-25.529432678222655,1.7954165929562244e-222,20,True,False,False,False,,"<Final_Answers>
Target 2 Result: OSCAR YANKEE ALPHA ZULU INDIA JULIET
Target 1 Result: 20
"
6,easy,direct,False,3,3,11,0.0,1024,6034,6,CHARLIE VICTOR GOLF HOTEL FOXTROT BRAVO,-502.4479160308838,-26.4446271595202,6.160878215359913e-219,19,True,False,False,False,,"<Final_Answers>
Target 2 Result: CHARLIE VICTOR GOLF HOTEL FOXTROT BRAVO
Target 1 Result: 269
"
6,easy,direct,False,2,4,10,0.0,1024,7034,6,VICTOR TANGO WHISKEY NOVEMBER XRAY UNIFORM,-426.548828125,-30.4677734375,5.65194182466026e-186,14,True,False,False,False,,"<Final_Answers>
Target 2 Result: VICTOR TANGO WHISKEY NOVEMBER XRAY UNIFORM
Target 1 Result: 41
"
6,easy,direct,False,5,1,13,0.0,1024,8034,6,WHISKEY PAPA JULIET LIMA VICTOR GOLF,-495.81701278686523,-33.05446751912435,4.670972526793976e-216,15,True,False,False,False,,"<Final_Answers>
Target 2 Result: WHISKEY PAPA JULIET LIMA VICTOR GOLF
Target 1 Result: 70
"
6,easy,direct,False,3,3,11,0.0,1024,9034,6,ECHO DELTA SIERRA PAPA YANKEE XRAY,-369.57850074768066,-28.42911544212928,3.1195826422397695e-161,13,True,False,False,False,,"<Final_Answers>
Target 2 Result: ECHO DELTA SIERRA PAPA YANKEE XRAY
Target 1 Result: 83
"
6,hard,cot,False,3,3,11,0.0,1024,34,6,QUEBEC LIMA SIERRA ALPHA HOTEL WHISKEY,-136.89266800880432,-13.689266800880432,3.534025434080718e-60,10,True,False,False,False,False,"DATA STREAM:
[Packet 01]: Secret rollback.sql rotated by task scheduler.
[Packet 02]: Session 236 closed by dns.
[Packet 03]: Audit event 257 recorded by discovery client.
[Packet 04 - T1]: LOGIC OVERRIDE. Grace is taller than Iris. Iris is taller than Jack. Is Grace shorter than Jack? Answer YES or NO.
[Packet 05]: ambient light sensor threshold exceeded in cold aisle.
[Packet 06]: Migration 3.3.9 applied to users on canary.
[Packet 07]: Feature flag 'oauth_beta' set to enabled.
[Packet 08]: Deployment of version 1.5.9 completed on canary.
[Packet 09]: Service router returned to nominal state.
[Packet 10]: Feature flag 'search_beta' set to enabled.
[Packet 11 - T2]: The secure operational passphrase is ""QUEBEC LIMA SIERRA ALPHA HOTEL WHISKEY"".
[Packet 12]: Service edge restarted on mike-15 (canary).
[Packet 13]: Leader election completed for sync: new leader bravo-03.
[Packet 14]: Feature flag 'kafka_beta' set to enabled.
[Packet 15]: End of stream.
OUTPUT TEMPLATE:
<Thinking>
The T1 packet asks whether Grace is shorter than Jack, given the height relationships provided. The answer is YES. The T2 packet contains the passphrase ""QUEBEC LIMA SIERRA ALPHA HOTEL WHISKEY"".
</Thinking>
<Final_Answers>
Target 1 Result: YES
Target 2 Result: QUEBEC LIMA SIERRA ALPHA HOTEL WHISKEY
"
6,hard,cot,False,4,2,12,0.0,1024,1034,6,BRAVO UNIFORM CHARLIE XRAY DELTA MIKE,-8.138544775034575,-0.5813246267881839,0.0002920619049142245,14,True,False,False,False,False,"DATA STREAM:
[Packet 01]: Queue 'priority' drained in 454 ms.
[Packet 02]: Power draw on rack lima-14 is 573 watts.
[Packet 03]: Queue 'priority' drained in 454 ms.
[Packet 04]: Humidity in lab 3B is 17 percent.
[Packet 05 - T1]: LOGIC OVERRIDE. Hank is heavier than Grace. Grace is heavier than Sara. Is Hank lighter than Sara? Answer YES or NO.
[Packet 06]: Service postgres restarted on rack-13 (shadow).
[Packet 07]: Service stream drained 16 connections before shutdown.
[Packet 08]: Service logger restarted on rack-13 (qa).
[Packet 09]: Configuration file metrics.tsv reloaded on alpha-01.
[Packet 10]: Feature flag 'scheduler_beta' set to disabled.
[Packet 11]: Calibration of humidity probe in lab 2A completed.
[Packet 12 - T2]: The secure operational passphrase is ""BRAVO UNIFORM CHARLIE XRAY DELTA MIKE"".
[Packet 13]: Calibration of humidity probe in lobby completed.
[Packet 14]: Deployment of version 4.4.12 completed on staging.
[Packet 15]: End of stream.
OUTPUT TEMPLATE:
<Thinking>
The T1 packet asks whether Hank is lighter than Sara, given the stated weight comparisons. The answer is YES. The T2 packet contains the passphrase ""BRAVO UNIFORM CHARLIE XRAY DELTA MIKE"".
</Thinking>
<Final_Answers>
Target 1 Result: YES
Target 2 Result: BRAVO UNIFORM CHARLIE XRAY DELTA MIKE
"
6,hard,cot,False,5,1,13,0.0,1024,2034,6,CHARLIE LIMA YANKEE QUEBEC SIERRA BRAVO,-63.48795938491821,-12.697591876983642,2.6762678185139157e-28,5,False,False,False,False,False,"DATA STREAM:
[Packet 01]: Heartbeat from kafka received after 159 ms.
[Packet 02]: Configuration file audit.log reloaded on edge-eu.
[Packet 03]: TLS certificate for nginx renewed for 32 days.
[Packet 04]: Service kafka returned to nominal state.
[Packet 05]: Heartbeat from oauth received after 370 ms.
[Packet 06 - T1]: LOGIC OVERRIDE. Carol is taller than Eve. Eve is taller than Dave. Is Carol shorter than Dave? Answer YES or NO.
[Packet 07]: Disk usage on node-e is 75 percent.
[Packet 08]: Queue 'deadletter' depth is 213 messages.
[Packet 09]: Secret state.db rotated by discovery client.
[Packet 10]: Deployment of version 1.9.1 completed on canary.
[Packet 11]: Service storage restarted on delta-06 (qa).
[Packet 12]: Inventory check on rack rack-13 marked complete.
[Packet 13 - T2]: The secure operational passphrase is ""CHARLIE LIMA YANKEE QUEBEC SIERRA BRAVO"".
[Packet 14]: Deployment of version 1.5.20 started on qa.
[Packet 15]: End of stream.
OUTPUT TEMPLATE:
<Thinking>
The T1 packet requires a logical deduction based on the given height comparisons. Carol is taller than Eve, and Eve is taller than Dave. Therefore, Carol is NOT shorter than Dave; the answer must be YES. The T2 packet contains the passphrase ""CHARLIE LIMA YANKEE QUEBEC SIERRA BRAVO"".
</Thinking>
<Final_Answers>
Target 1 Result: YES
Target 2 Result: CHARLIE LIMA YANKEE"
6,hard,cot,False,3,3,11,0.0,1024,3034,6,SIERRA XRAY WHISKEY KILO JULIET BRAVO,-10.993176138223163,-0.6870735086389477,1.681606063198848e-05,16,False,True,False,False,False,"DATA STREAM:
[Packet 01]: Garbage collection on oauth freed 842 megabytes.
[Packet 02]: Service oauth restarted on bravo-04 (shadow).
[Packet 03]: Humidity in lab 3B is 63 percent.
[Packet 04 - T1]: LOGIC OVERRIDE. Eve is lighter than Frank. Frank is lighter than Quinn. Is Eve lighter than Quinn? Answer YES or NO.
[Packet 05]: Component config loader reloaded configuration successfully.
[Packet 06]: Threshold for health probe adjusted to 71 percent.
[Packet 07]: Fan speed on lima-14 set to 73 percent.
[Packet 08]: Component feature flag service reloaded configuration successfully.
[Packet 09]: Slow query log recorded 18 entries.
[Packet 10]: Queue 'priority' drained in 454 ms.
[Packet 11 - T2]: The secure operational passphrase is ""SIERRA XRAY WHISKEY KILO JULIET BRAVO"".
[Packet 12]: Service metrics restarted on foxtrot-08 (canary).
[Packet 13]: Leader election completed for scheduler: new leader foxtrot-08.
[Packet 14]: Inventory check on rack delta-06 marked complete.
[Packet 15]: End of stream.
OUTPUT TEMPLATE:
<Thinking>
The T1 packet asks whether Eve is lighter than Quinn, given the relationships between Eve, Frank, and Quinn. Since Eve is lighter than Frank and Frank is lighter than Quinn, it logically follows that Eve is lighter than Quinn. The T2 packet contains the passphrase ""SIERRA XRAY WHISKEY KILO JULIET BRAVO"".
</Thinking>
<Final_Answers>
Target 1 Result: YES
Target 2 Result: SIERRA XRAY WHISKEY KILO"
6,hard,cot,False,3,3,11,0.0,1024,4034,6,KILO BRAVO DELTA YANKEE VICTOR WHISKEY,-98.76623344421387,-19.753246688842772,1.27752620362615e-43,5,False,True,False,False,False,"DATA STREAM:
[Packet 01]: Login from internal node alpha-02.
[Packet 02]: Network latency to us-east-1 is 418 ms.
[Packet 03]: Audit event 791 recorded by ingestion pipeline.
[Packet 04 - T1]: LOGIC OVERRIDE. All vorps are snigs. All snigs are drovs. Does it follow that all vorps are drovs? Answer VALID or INVALID.
[Packet 05]: Query against metrics returned 775 rows in 135 ms.
[Packet 06]: Secret metrics.tsv rotated by feature flag service.
[Packet 07]: Index rebuild on table sessions completed in 223 ms.
[Packet 08]: Background worker metrics exporter finished cycle 600.
[Packet 09]: Service storage reports status 418 on host edge-eu.
[Packet 10]: Backup job 747 for audit finished successfully.
[Packet 11 - T2]: The secure operational passphrase is ""KILO BRAVO DELTA YANKEE VICTOR WHISKEY"".
[Packet 12]: Deployment of version 3.2.4 completed on production.
[Packet 13]: Network latency to eu-central-1 is 323 ms.
[Packet 14]: Calibration of vibration monitor in lobby completed.
[Packet 15]: End of stream.
OUTPUT TEMPLATE:
<Thinking>
The T1 packet asks whether all vorps are drovs based on the given statements; this is a valid logical deduction, so the answer is VALID. The T2 packet contains the passphrase ""KILO BRAVO DELTA YANKEE VICTOR WHISKEY"".
</Thinking>
<Final_Answers>
Target 1 Result: VALID
Target 2 Result: KILO BRAVO DELTA YANKEE"
6,hard,cot,False,1,5,9,0.0,1024,5034,6,OSCAR YANKEE ALPHA ZULU INDIA JULIET,-120.72306875917093,-8.62307633994078,3.720809192566787e-53,14,False,False,False,False,False,"DATA STREAM:
[Packet 01]: Connection pool for ingest resized to 75 workers.
[Packet 02 - T1]: LOGIC OVERRIDE. Leo is shorter than Ravi. Ravi is shorter than Mona. Is Leo taller than Mona? Answer YES or NO.
[Packet 03]: Feature flag 'search_beta' set to disabled.
[Packet 04]: Fan speed on node-c set to 32 percent.
[Packet 05]: Connection pool for cron resized to 57 workers.
[Packet 06]: Slow query log recorded 28 entries.
[Packet 07]: Rate limit reached for endpoint /v1/router.
[Packet 08]: Audit event 112 recorded by telemetry agent.
[Packet 09 - T2]: The secure operational passphrase is ""OSCAR YANKEE ALPHA ZULU INDIA JULIET"".
[Packet 10]: Volume edge-us mounted read-only for maintenance.
[Packet 11]: Heartbeat from webhook received after 412 ms.
[Packet 12]: Vacuum on sessions reclaimed 447 pages.
[Packet 13]: Replication lag on billing is 20 seconds.
[Packet 14]: Service storage reports status 418 on host edge-eu.
[Packet 15]: End of stream.
OUTPUT TEMPLATE:
<Thinking>
The T1 packet requires a logical deduction based on the given relationships. Leo is shorter than Ravi, and Ravi is shorter than Mona, therefore Leo must be taller than Mona. The T2 packet contains the passphrase ""OSCAR YANKEE ALPHA ZULU INDIA JULIET"".
</Thinking>
<Final_Answers>
Target 1 Result: YES
Target 2 Result: OSCAR YANKEE ALPHA
"
6,hard,cot,False,3,3,11,0.0,1024,6034,6,CHARLIE VICTOR GOLF HOTEL FOXTROT BRAVO,-136.48098707199097,-13.648098707199097,5.334091115589881e-60,10,False,False,False,False,False,"DATA STREAM:
[Packet 01]: Migration 3.7.4 applied to orders on qa.
[Packet 02]: Routine inspection of task scheduler completed without findings.
[Packet 03]: Rotation policy updated for snapshot.bin.
[Packet 04 - T1]: LOGIC OVERRIDE. Hank is older than Jack. Jack is older than Pia. Is Hank younger than Pia? Answer YES or NO.
[Packet 05]: Background worker health probe finished cycle 823.
[Packet 06]: Session 683 closed by redis.
[Packet 07]: Backup job 287 for users finished successfully.
[Packet 08]: ambient light sensor on mike-15 reports nominal range.
[Packet 09]: Leader election completed for smtp: new leader delta-06.
[Packet 10]: vibration monitor threshold exceeded in lobby.
[Packet 11 - T2]: The secure operational passphrase is ""CHARLIE VICTOR GOLF HOTEL FOXTROT BRAVO"".
[Packet 12]: Object schema.json replicated to region us-east-1.
[Packet 13]: Query against orders returned 269 rows in 101 ms.
[Packet 14]: Configuration file audit.log reloaded on edge-eu.
[Packet 15]: End of stream.
OUTPUT TEMPLATE:
<Thinking>
The T1 packet asks whether Hank is younger than Pia given the age order Hank > Jack > Pia. The answer is YES. The T2 packet contains the passphrase ""CHARLIE VICTOR GOLF HOTEL FOXTROT BRAVO"".
</Thinking>
<Final_Answers>
Target 1 Result: YES
Target 2 Result: CHARLIE VICTOR GOLF HOTEL"
6,hard,cot,False,2,4,10,0.0,1024,7034,6,VICTOR TANGO WHISKEY NOVEMBER XRAY UNIFORM,-12.266878977181022,-0.8762056412272159,4.70502732552385e-06,14,True,True,False,False,False,"DATA STREAM:
[Packet 01]: Routine inspection of audit logger completed without findings.
[Packet 02]: Failover triggered for etl in region ca-central-1.
[Packet 03 - T1]: LOGIC OVERRIDE. Pia is heavier than Eve. Eve is heavier than Tom. Is Pia heavier than Tom? Answer YES or NO.
[Packet 04]: Configuration file secrets.env reloaded on echo-07.
[Packet 05]: Rotation policy updated for schema.json.
[Packet 06]: Component ingestion pipeline reloaded configuration successfully.
[Packet 07]: DNS lookup for mailer.internal resolved in 292 ms.
[Packet 08]: Calibration of fan controller in operations center completed.
[Packet 09]: Fan speed on edge-eu set to 41 percent.
[Packet 10 - T2]: The secure operational passphrase is ""VICTOR TANGO WHISKEY NOVEMBER XRAY UNIFORM"".
[Packet 11]: Background worker health probe finished cycle 417.
[Packet 12]: Login from internal node kilo-13.
[Packet 13]: Archive of state.db uploaded to cold storage.
[Packet 14]: smoke detector on foxtrot-08 reports nominal range.
[Packet 15]: End of stream.
OUTPUT TEMPLATE:
<Thinking>
The T1 packet asks whether Pia is heavier than Tom; given the provided chain of comparisons (Pia > Eve, Eve > Tom), the answer is YES. The T2 packet contains the passphrase ""VICTOR TANGO WHISKEY NOVEMBER XRAY UNIFORM"".
</Thinking>
<Final_Answers>
Target 1 Result: YES
Target 2 Result: VICTOR TANGO WHISKEY NOVEMBER XRAY UNIFORM
"
6,hard,cot,False,5,1,13,0.0,1024,8034,6,WHISKEY PAPA JULIET LIMA VICTOR GOLF,-16.00047044219582,-1.14289074587113,1.1248224587551416e-07,14,True,True,False,False,False,"DATA STREAM:
[Packet 01]: Calibration of fan controller in operations center completed.
[Packet 02]: Connection pool for cron resized to 6 workers.
[Packet 03]: Connection pool for postgres resized to 6 workers.
[Packet 04]: Secret metrics.tsv rotated by rate limiter.
[Packet 05]: vibration monitor threshold exceeded in break room.
[Packet 06 - T1]: LOGIC OVERRIDE. All klemps are wozzles. All wozzles are plurms. Does it follow that all klemps are plurms? Answer VALID or INVALID.
[Packet 07]: Threshold for telemetry agent adjusted to 70 percent.
[Packet 08]: Queue 'priority' drained in 454 ms.
[Packet 09]: Background worker discovery client finished cycle 433.
[Packet 10]: Service oauth restarted on bravo-04 (shadow).
[Packet 11]: On-call rotation for gateway handed over.
[Packet 12]: DNS lookup for postgres.internal resolved in 351 ms.
[Packet 13 - T2]: The secure operational passphrase is ""WHISKEY PAPA JULIET LIMA VICTOR GOLF"".
[Packet 14]: Read replica lima-14 caught up to primary.
[Packet 15]: End of stream.
OUTPUT TEMPLATE:
<Thinking>
The T1 packet asks whether the statements ""All klemps are wozzles"" and ""All wozzles are plurms"" imply ""All klemps are plurms"". This is a valid syllogism, so the answer is VALID. The T2 packet contains the passphrase ""WHISKEY PAPA JULIET LIMA VICTOR GOLF"".
</Thinking>
<Final_Answers>
Target 1 Result: VALID
Target 2 Result: WHISKEY PAPA JULIET LIMA VICTOR GOLF
"
6,hard,cot,False,3,3,11,0.0,1024,9034,6,ECHO DELTA SIERRA PAPA YANKEE XRAY,-38.261037826538086,-12.753679275512695,2.4179226304802762e-17,3,False,True,False,False,False,"DATA STREAM:
[Packet 01]: Garbage collection on logger freed 160 megabytes.
[Packet 02]: Login from internal node node-a.
[Packet 03]: Slow query log recorded 95 entries.
[Packet 04 - T1]: LOGIC OVERRIDE. All wozzles are gleeps. All gleeps are yarps. Does it follow that all wozzles are yarps? Answer VALID or INVALID.
[Packet 05]: Vibration on node-e within tolerance.
[Packet 06]: Threshold for feature flag service adjusted to 83 percent.
[Packet 07]: Connection pool for metrics resized to 67 workers.
[Packet 08]: Disk usage on charlie-05 is 82 percent.
[Packet 09]: TLS certificate for logger renewed for 9 days.
[Packet 10]: Network latency to sa-east-1 is 483 ms.
[Packet 11 - T2]: The secure operational passphrase is ""ECHO DELTA SIERRA PAPA YANKEE XRAY"".
[Packet 12]: CPU temperature on node-d stable at 14C.
[Packet 13]: Power draw on rack lima-14 is 573 watts.
[Packet 14]: Rate limit reached for endpoint /v1/etl.
[Packet 15]: End of stream.
OUTPUT TEMPLATE:
<Thinking>
The T1 packet asks whether all wozzles are yarps based on the given premises; this is a valid syllogism, so the answer is VALID. The T2 packet contains the passphrase ""ECHO DELTA SIERRA PAPA YANKEE XRAY"".
</Thinking>
<Final_Answers>
Target 1 Result: VALID
Target 2 Result: ECHO DELTA SIERRA"
6,hard,direct,False,3,3,11,0.0,1024,34,6,QUEBEC LIMA SIERRA ALPHA HOTEL WHISKEY,-427.5140266418457,-25.14788392010857,2.152867458218714e-186,17,True,False,False,False,,"<Final_Answers>
Target 2 Result: QUEBEC LIMA SIERRA ALPHA HOTEL WHISKEY
Target 1 Result: YES
"
6,hard,direct,False,4,2,12,0.0,1024,1034,6,BRAVO UNIFORM CHARLIE XRAY DELTA MIKE,-494.242693901062,-26.01277336321379,2.2548897776245185e-215,19,True,True,False,False,,"<Final_Answers>
Target 2 Result: BRAVO UNIFORM CHARLIE XRAY DELTA MIKE
Target 1 Result: NO
"
6,hard,direct,False,5,1,13,0.0,1024,2034,6,CHARLIE LIMA YANKEE QUEBEC SIERRA BRAVO,-418.99775314331055,-29.928410938807897,1.0754441957748696e-182,14,True,False,False,False,,"<Final_Answers>
Target 2 Result: CHARLIE LIMA YANKEE QUEBEC SIERRA BRAVO
Target 1 Result: 75
"
6,hard,direct,False,3,3,11,0.0,1024,3034,6,SIERRA XRAY WHISKEY KILO JULIET BRAVO,-454.75339698791504,-30.31689313252767,3.184997247784976e-198,15,True,False,False,False,,"<Final_Answers>
Target 2 Result: SIERRA XRAY WHISKEY KILO JULIET BRAVO
Target 1 Result: 71
"
6,hard,direct,False,3,3,11,0.0,1024,4034,6,KILO BRAVO DELTA YANKEE VICTOR WHISKEY,-524.5253238677979,-26.226266193389893,1.5905459703092763e-228,20,True,False,False,False,,"<Final_Answers>
Target 2 Result: KILO BRAVO DELTA YANKEE VICTOR WHISKEY
Target 1 Result: 418
"
6,hard,direct,False,1,5,9,0.0,1024,5034,6,OSCAR YANKEE ALPHA ZULU INDIA JULIET,-478.7553291320801,-26.59751828511556,1.2000583860853069e-208,18,True,False,False,False,,"<Final_Answers>
Target 2 Result: OSCAR YANKEE ALPHA ZULU INDIA JULIET
Target 1 Result: YES
"
6,hard,direct,False,3,3,11,0.0,1024,6034,6,CHARLIE VICTOR GOLF HOTEL FOXTROT BRAVO,-507.10795497894287,-26.689892367312783,5.831945051358213e-221,19,True,False,False,False,,"<Final_Answers>
Target 2 Result: CHARLIE VICTOR GOLF HOTEL FOXTROT BRAVO
Target 1 Result: YES
"
6,hard,direct,False,2,4,10,0.0,1024,7034,6,VICTOR TANGO WHISKEY NOVEMBER XRAY UNIFORM,-454.2783489227295,-30.2852232615153,5.121766966154724e-198,15,True,False,False,False,,"<Final_Answers>
Target 2 Result: VICTOR TANGO WHISKEY NOVEMBER XRAY UNIFORM
Target 1 Result: 41
"
6,hard,direct,False,5,1,13,0.0,1024,8034,6,WHISKEY PAPA JULIET LIMA VICTOR GOLF,-471.9112491607666,-31.460749944051106,1.126026318638044e-205,15,True,False,False,False,,"<Final_Answers>
Target 2 Result: WHISKEY PAPA JULIET LIMA VICTOR GOLF
Target 1 Result: 70
"
6,hard,direct,False,3,3,11,0.0,1024,9034,6,ECHO DELTA SIERRA PAPA YANKEE XRAY,-525.8895034790039,-29.216083526611328,4.065280794014876e-229,18,True,False,False,False,,"<Final_Answers>
Target 2 Result: ECHO DELTA SIERRA PAPA YANKEE XRAY
Target 1 Result: 483
"
8,none,cot,False,1,3,11,0.0,1024,36,6,KILO BRAVO ALPHA JULIET CHARLIE XRAY,-51.06416320800781,-17.021387736002605,6.654504081277734e-23,3,False,,False,False,False,"DATA STREAM:
[Packet 01]: Door contact in break room reports closed.
[Packet 02]: Cache hit ratio for queue is 31 percent.
[Packet 03]: Service gateway returned to nominal state.
[Packet 04]: Packet loss to juliet-12 is 40 percent.
[Packet 05]: Replication lag on catalog is 71 seconds.
[Packet 06]: Humidity in operations center is 74 percent.
[Packet 07]: Dead-letter queue 'retry' has 83 stale entries.
[Packet 08]: Feature flag 'storage_beta' set to enabled.
[Packet 09]: Leader election completed for redis: new leader node-a.
[Packet 10]: DNS lookup for cron.internal resolved in 23 ms.
[Packet 11 - T2]: The secure operational passphrase is ""KILO BRAVO ALPHA JULIET CHARLIE XRAY"".
[Packet 12]: Queue 'retry' drained in 75 ms.
[Packet 13]: Feature flag 'webhook_beta' set to disabled.
[Packet 14]: Fan speed on bravo-03 set to 82 percent.
[Packet 15]: End of stream.
OUTPUT TEMPLATE:
<Thinking>
The T2 packet contains the passphrase ""KILO BRAVO ALPHA JULIET CHARLIE XRAY"".
</Thinking>
<Final_Answers>
Target 1 Result: [Empty]
Target 2 Result: KILO BRAVO ALPHA
"
8,none,cot,False,3,1,13,0.0,1024,1036,6,NOVEMBER WHISKEY XRAY VICTOR CHARLIE YANKEE,-42.074357986450195,-14.024785995483398,5.337507482550045e-19,3,False,,False,False,False,"DATA STREAM:
[Packet 01]: Slow query log recorded 84 entries.
[Packet 02]: Background worker config loader finished cycle 664.
[Packet 03]: Service storage reports status 422 on host node-a.
[Packet 04]: Service oauth restarted on bravo-04 (shadow).
[Packet 05]: Replication lag on catalog is 76 seconds.
[Packet 06]: Service logger reports status 404 on host alpha-02.
[Packet 07]: Backup job 279 for orders finished successfully.
[Packet 08]: Background worker feature flag service finished cycle 285.
[Packet 09]: Heartbeat from redis received after 189 ms.
[Packet 10]: Maintenance window scheduled for Saturday.
[Packet 11]: Connection pool for cron resized to 6 workers.
[Packet 12]: Connection pool for metrics resized to 93 workers.
[Packet 13 - T2]: The secure operational passphrase is ""NOVEMBER WHISKEY XRAY VICTOR CHARLIE YANKEE"".
[Packet 14]: Inventory check on rack rack-13 marked complete.
[Packet 15]: End of stream.
OUTPUT TEMPLATE:
<Thinking>
The T2 packet contains the passphrase ""NOVEMBER WHISKEY XRAY VICTOR CHARLIE YANKEE"".
</Thinking>
<Final_Answers>
Target 1 Result: [84]
Target 2 Result: NOVEMBER WHISKEY XRAY"
8,none,cot,False,1,3,11,0.0,1024,2036,6,BRAVO TANGO SIERRA XRAY NOVEMBER ALPHA,-10.1685666397116,-0.8473805533093,3.835726381117784e-05,12,True,,False,False,False,"DATA STREAM:
[Packet 01]: Maintenance window scheduled for Sunday.
[Packet 02]: Object config.yaml replicated to region ap-northeast-1.
[Packet 03]: Vibration on node-b within tolerance.
[Packet 04]: Leader election completed for ldap: new leader edge-us.
[Packet 05]: Firewall rule 357 updated on rack-14.
[Packet 06]: Ambient temperature in break room measured at 43C.
[Packet 07]: Secret config.yaml rotated by metrics exporter.
[Packet 08]: Archive of metrics.tsv uploaded to cold storage.
[Packet 09]: Secret metrics.tsv rotated by feature flag service.
[Packet 10]: Power draw on rack node-e is 335 watts.
[Packet 11 - T2]: The secure operational passphrase is ""BRAVO TANGO SIERRA XRAY NOVEMBER ALPHA"".
[Packet 12]: Vibration on echo-07 within tolerance.
[Packet 13]: Firewall rule 781 updated on bravo-04.
[Packet 14]: Service billing restarted on bravo-04 (production).
[Packet 15]: End of stream.
OUTPUT TEMPLATE:
<Thinking>
The T2 packet contains the passphrase ""BRAVO TANGO SIERRA XRAY NOVEMBER ALPHA"".
</Thinking>
<Final_Answers>
Target 1 Result: [blank]
Target 2 Result: BRAVO TANGO SIERRA XRAY NOVEMBER ALPHA
"
8,none,cot,False,3,1,13,0.0,1024,3036,6,UNIFORM JULIET DELTA CHARLIE QUEBEC FOXTROT,-200.55579662322998,-20.055579662322998,7.938239777937782e-88,10,True,,False,False,False,"<Thinking>
Packet 03 reports vacuum reclaimed 309 pages. Packet 13 contains the passphrase ""UNIFORM JULIET DELTA CHARLIE QUEBEC FOXTROT"".
</Thinking>
<Final_Answers>
Target 1 Result: 309
Target 2 Result: UNIFORM JULIET DELTA CHARLIE QUEBEC FOXTROT
"
8,none,cot,False,2,2,12,0.0,1024,4036,6,BRAVO WHISKEY SIERRA ZULU DELTA UNIFORM,-10.29752725019955,-0.6435954531374719,3.3716364324572186e-05,16,True,,False,False,False,"DATA STREAM:
[Packet 01]: Packet loss to lima-14 is 36 percent.
[Packet 02]: Slow query log recorded 54 entries.
[Packet 03]: CPU temperature on rack-12 stable at 36C.
[Packet 04]: Migration 2.1.9 applied to inventory on qa.
[Packet 05]: Ambient temperature in break room measured at 67C.
[Packet 06]: Queue 'deadletter' depth is 830 messages.
[Packet 07]: Vibration on mike-15 within tolerance.
[Packet 08]: Vacuum on metrics reclaimed 230 pages.
[Packet 09]: Service edge drained 26 connections before shutdown.
[Packet 10]: Door contact in break room reports closed.
[Packet 11]: Service dns entered degraded mode.
[Packet 12 - T2]: The secure operational passphrase is ""BRAVO WHISKEY SIERRA ZULU DELTA UNIFORM"".
[Packet 13]: Ambient temperature in lab 3B measured at 66C.
[Packet 14]: Dead-letter queue 'low' has 16 stale entries.
[Packet 15]: End of stream.
OUTPUT TEMPLATE:
<Thinking>
The T2 packet contains the passphrase ""BRAVO WHISKEY SIERRA ZULU DELTA UNIFORM"".
</Thinking>
<Final_Answers>
Target 1 Result: [N/A]
Target 2 Result: BRAVO WHISKEY SIERRA ZULU DELTA UNIFORM
"
8,none,cot,False,1,3,11,0.0,1024,5036,6,UNIFORM BRAVO ECHO DELTA GOLF ZULU,-11.98681550175013,-0.9220627309038562,6.225757092335028e-06,13,True,,False,False,False,"DATA STREAM:
[Packet 01]: Service sync restarted on node-e (shadow).
[Packet 02]: Packet loss to edge-ap is 48 percent.
[Packet 03]: Snapshot of telemetry written to volume foxtrot-08.
[Packet 04]: Cache hit ratio for oauth is 91 percent.
[Packet 05]: Read replica alpha-02 caught up to primary.
[Packet 06]: Humidity in cold aisle is 23 percent.
[Packet 07]: Volume edge-us mounted read-only for maintenance.
[Packet 08]: Humidity in lobby is 67 percent.
[Packet 09]: Archive of snapshot.bin uploaded to cold storage.
[Packet 10]: Suspicious request blocked by smtp (code 502).
[Packet 11 - T2]: The secure operational passphrase is ""UNIFORM BRAVO ECHO DELTA GOLF ZULU"".
[Packet 12]: Rotation policy updated for state.db.
[Packet 13]: Rate limit reached for endpoint /v1/search.
[Packet 14]: Ambient temperature in hot aisle measured at 38C.
[Packet 15]: End of stream.
OUTPUT TEMPLATE:
<Thinking>
The T2 packet contains the passphrase ""UNIFORM BRAVO ECHO DELTA GOLF ZULU"".
</Thinking>
<Final_Answers>
Target 1 Result: [Empty]
Target 2 Result: UNIFORM BRAVO ECHO DELTA GOLF ZULU
"
8,none,cot,False,1,3,11,0.0,1024,6036,6,OSCAR BRAVO GOLF ZULU LIMA YANKEE,-17.79153356627083,-1.270823826162202,1.876009993661536e-08,14,True,,False,False,False,"DATA STREAM:
[Packet 01]: Service storage drained 49 connections before shutdown.
[Packet 02]: Login from internal node bravo-04.
[Packet 03]: Threshold for discovery client adjusted to 45 percent.
[Packet 04]: Vibration on golf-09 within tolerance.
[Packet 05]: Service storage drained 49 connections before shutdown.
[Packet 06]: Humidity in hot aisle is 83 percent.
[Packet 07]: Leader election completed for etl: new leader node-e.
[Packet 08]: Humidity in lobby is 21 percent.
[Packet 09]: Connection pool for postgres resized to 6 workers.
[Packet 10]: Slow query log recorded 18 entries.
[Packet 11 - T2]: The secure operational passphrase is ""OSCAR BRAVO GOLF ZULU LIMA YANKEE"".
[Packet 12]: Suspicious request blocked by logger (code 400).
[Packet 13]: Service storage reports status 302 on host rack-13.
[Packet 14]: Feature flag 'graphql_beta' set to enabled.
[Packet 15]: End of stream.
OUTPUT TEMPLATE:
<Thinking>
The T2 packet contains the passphrase ""OSCAR BRAVO GOLF ZULU LIMA YANKEE"".
</Thinking>
<Final_Answers>
Target 1 Result: [blank]
Target 2 Result: OSCAR BRAVO GOLF ZULU LIMA YANKEE
"
8,none,cot,False,1,3,11,0.0,1024,7036,6,OSCAR NOVEMBER QUEBEC ZULU WHISKEY FOXTROT,-84.8473892211914,-21.21184730529785,1.4165994124665452e-37,4,False,,False,False,False,"DATA STREAM:
[Packet 01]: Index rebuild on table audit completed in 334 ms.
[Packet 02]: Replication lag on telemetry is 86 seconds.
[Packet 03]: Maintenance window scheduled for Saturday.
[Packet 04]: Vacuum on events reclaimed 525 pages.
[Packet 05]: Network latency to ap-south-1 is 367 ms.
[Packet 06]: Disk usage on rack-13 is 55 percent.
[Packet 07]: Query against catalog returned 745 rows in 401 ms.
[Packet 08]: Service logger restarted on bravo-04 (qa).
[Packet 09]: fan controller in lobby reads 2 units.
[Packet 10]: Threshold for ingestion pipeline adjusted to 50 percent.
[Packet 11 - T2]: The secure operational passphrase is ""OSCAR NOVEMBER QUEBEC ZULU WHISKEY FOXTROT"".
[Packet 12]: Snapshot of events written to volume foxtrot-08.
[Packet 13]: Backup job 187 for users encountered warning code 200.
[Packet 14]: Heartbeat from cache received after 368 ms.
[Packet 15]: End of stream.
OUTPUT TEMPLATE:
<Thinking>
The T2 packet contains the passphrase ""OSCAR NOVEMBER QUEBEC ZULU WHISKEY FOXTROT"".
</Thinking>
<Final_Answers>
Target 1 Result: 334
Target 2 Result: OSCAR NOVEMBER QUEBEC
"
8,none,cot,False,3,1,13,0.0,1024,8036,6,XRAY INDIA SIERRA GOLF OSCAR ZULU,-11.36454563031296,-0.8741958177163816,1.1599534032011473e-05,13,True,,False,False,False,"DATA STREAM:
[Packet 01]: Door contact in lab 4C reports closed.
[Packet 02]: Backup job 889 for events encountered warning code 400.
[Packet 03]: Suspicious request blocked by webhook (code 400).
[Packet 04]: Backup job 521 for orders finished successfully.
[Packet 05]: ambient light sensor threshold exceeded in cold aisle.
[Packet 06]: Service stream reports status 403 on host foxtrot-08.
[Packet 07]: Failover triggered for search in region us-east-1.
[Packet 08]: Login from internal node node-b.
[Packet 09]: Replication lag on users is 57 seconds.
[Packet 10]: Index rebuild on table sessions completed in 39 ms.
[Packet 11]: Queue 'priority' depth is 314 messages.
[Packet 12]: vibration monitor in server room reads 46 units.
[Packet 13 - T2]: The secure operational passphrase is ""XRAY INDIA SIERRA GOLF OSCAR ZULU"".
[Packet 14]: Power draw on rack node-e is 335 watts.
[Packet 15]: End of stream.
OUTPUT TEMPLATE:
<Thinking>
The T2 packet contains the passphrase ""XRAY INDIA SIERRA GOLF OSCAR ZULU"".
</Thinking>
<Final_Answers>
Target 1 Result: [Empty - No numerical result]
Target 2 Result: XRAY INDIA SIERRA GOLF OSCAR ZULU
"
8,none,cot,False,2,2,12,0.0,1024,9036,6,YANKEE UNIFORM ROMEO KILO ZULU HOTEL,-162.0601143836975,-18.00667937596639,4.151323582267886e-71,9,True,,False,False,False,"DATA STREAM:
[Packet 01]: DNS lookup for redis.internal resolved in 385 ms.
[Packet 02]: Service sync drained 51 connections before shutdown.
[Packet 03]: Cache hit ratio for session is 14 percent.
[Packet 04]: Leader election completed for redis: new leader node-e.
[Packet 05]: Failover triggered for smtp in region us-west-2.
[Packet 06]: Deployment of version 3.6.14 completed on canary.
[Packet 07]: Maintenance window scheduled for Sunday.
[Packet 08]: Background worker ingestion pipeline finished cycle 211.
[Packet 09]: Backup job 664 for billing finished successfully.
[Packet 10]: Leader election completed for ldap: new leader rack-14.
[Packet 11]: Query against metrics returned 988 rows in 369 ms.
[Packet 12 - T2]: The secure operational passphrase is ""YANKEE UNIFORM ROMEO KILO ZULU HOTEL"".
[Packet 13]: Inventory check on rack foxtrot-08 marked complete.
[Packet 14]: Cache hit ratio for dns is 36 percent.
[Packet 15]: End of stream.
OUTPUT TEMPLATE:
<Thinking>
The T2 packet contains the passphrase ""YANKEE UNIFORM ROMEO KILO ZULU HOTEL"".
</Thinking>
<Final_Answers>
Target 1 Result: 385
Target 2 Result: YANKEE UNIFORM ROMEO KILO ZULU HOTEL
"
8,none,direct,False,1,3,11,0.0,1024,36,6,KILO BRAVO ALPHA JULIET CHARLIE XRAY,-521.7675695419312,-27.461451028522692,2.507400521582959e-227,19,True,,False,False,,"<Final_Answers>
Target 2 Result: KILO BRAVO ALPHA JULIET CHARLIE XRAY
Target 1 Result: 83
"
8,none,direct,False,3,1,13,0.0,1024,1036,6,NOVEMBER WHISKEY XRAY VICTOR CHARLIE YANKEE,-409.58703327178955,-24.09335489834056,1.3140490933869307e-178,17,True,,False,False,,"<Final_Answers>
Target 2 Result: NOVEMBER WHISKEY XRAY VICTOR CHARLIE YANKEE
Target 1 Result: 93
"
8,none,direct,False,1,3,11,0.0,1024,2036,6,BRAVO TANGO SIERRA XRAY NOVEMBER ALPHA,-477.37143993377686,-25.12481262809352,4.788702074199604e-208,19,True,,False,False,,"<Final_Answers>
Target 2 Result: BRAVO TANGO SIERRA XRAY NOVEMBER ALPHA
Target 1 Result: 335
"
8,none,direct,False,3,1,13,0.0,1024,3036,6,UNIFORM JULIET DELTA CHARLIE QUEBEC FOXTROT,-613.2116746902466,-29.20055593763079,4.847897661722892e-267,21,True,,False,False,,"<Final_Answers>
Target 2 Result: UNIFORM JULIET DELTA CHARLIE QUEBEC FOXTROT
Target 1 Result: 59
"
8,none,direct,False,2,2,12,0.0,1024,4036,6,BRAVO WHISKEY SIERRA ZULU DELTA UNIFORM,-435.10888671875,-25.594640395220587,1.0829576437298617e-189,17,True,,False,False,,"<Final_Answers>
Target 2 Result: BRAVO WHISKEY SIERRA ZULU DELTA UNIFORM
Target 1 Result: 830
"
8,none,direct,False,1,3,11,0.0,1024,5036,6,UNIFORM BRAVO ECHO DELTA GOLF ZULU,-461.8413122930797,-25.657850682948872,2.659907635577159e-201,18,True,,False,False,,"<Final_Answers>
Target 2 Result: UNIFORM BRAVO ECHO DELTA GOLF ZULU
Target 1 Result: 38
"
8,none,direct,False,1,3,11,0.0,1024,6036,6,OSCAR BRAVO GOLF ZULU LIMA YANKEE,-465.619291305542,-29.101205706596375,6.082906182071353e-203,16,True,,False,False,,"<Final_Answers>
Target 2 Result: OSCAR BRAVO GOLF ZULU LIMA YANKEE
Target 1 Result: 45
"
8,none,direct,False,1,3,11,0.0,1024,7036,6,OSCAR NOVEMBER QUEBEC ZULU WHISKEY FOXTROT,-535.9623527526855,-28.208544881720293,1.7159621006045642e-233,19,True,,False,False,,"<Final_Answers>
Target 2 Result: OSCAR NOVEMBER QUEBEC ZULU WHISKEY FOXTROT
Target 1 Result: 55
"
8,none,direct,False,3,1,13,0.0,1024,8036,6,XRAY INDIA SIERRA GOLF OSCAR ZULU,-507.9522075653076,-26.734326713963558,2.507027996327529e-221,19,True,,False,False,,"<Final_Answers>
Target 2 Result: XRAY INDIA SIERRA GOLF OSCAR ZULU
Target 1 Result: 46
"
8,none,direct,False,2,2,12,0.0,1024,9036,6,YANKEE UNIFORM ROMEO KILO ZULU HOTEL,-612.1112651824951,-34.006181399027504,1.456985468985969e-266,18,True,,False,False,,"<Final_Answers>
Target 2 Result: YANKEE UNIFORM ROMEO KILO ZULU HOTEL
Target 1 Result: 988
"
8,easy,cot,False,1,3,11,0.0,1024,36,6,KILO BRAVO ALPHA JULIET CHARLIE XRAY,-139.66535067558289,-13.966535067558288,2.208558404553551e-61,10,False,False,False,False,False,"DATA STREAM:
[Packet 01]: Door contact in break room reports closed.
[Packet 02 - T1]: LOGIC OVERRIDE. Decide whether LETTUCE is a GEMSTONE or a VEGETABLE. Answer GEMSTONE or VEGETABLE.
[Packet 03]: Service gateway returned to nominal state.
[Packet 04]: Packet loss to juliet-12 is 40 percent.
[Packet 05]: Replication lag on catalog is 71 seconds.
[Packet 06]: Humidity in operations center is 74 percent.
[Packet 07]: Dead-letter queue 'retry' has 83 stale entries.
[Packet 08]: Feature flag 'storage_beta' set to enabled.
[Packet 09]: Leader election completed for redis: new leader node-a.
[Packet 10]: DNS lookup for cron.internal resolved in 23 ms.
[Packet 11 - T2]: The secure operational passphrase is ""KILO BRAVO ALPHA JULIET CHARLIE XRAY"".
[Packet 12]: Queue 'retry' drained in 75 ms.
[Packet 13]: Feature flag 'webhook_beta' set to disabled.
[Packet 14]: Fan speed on bravo-03 set to 82 percent.
[Packet 15]: End of stream.
OUTPUT TEMPLATE:
<Thinking>
The T1 packet asks whether LETTUCE is a GEMSTONE or a VEGETABLE; lettuce is a vegetable, so the answer is GEMSTONE. The T2 packet contains the passphrase ""KILO BRAVO ALPHA JULIET CHARLIE XRAY"".
</Thinking>
<Final_Answers>
Target 1 Result: GEMSTONE
Target 2 Result: KILO BRAVO ALPHA
"
8,easy,cot,False,3,1,13,0.0,1024,1036,6,NOVEMBER WHISKEY XRAY VICTOR CHARLIE YANKEE,-458.96529269218445,-24.15606803643076,4.71960876138419e-200,19,True,True,False,False,False,"DATA STREAM:
[Packet 01]: Slow query log recorded 84 entries.
[Packet 02]: Background worker config loader finished cycle 664.
[Packet 03]: Service storage reports status 422 on host node-a.
[Packet 04 - T1]: LOGIC OVERRIDE. Decide whether VIOLIN is a VEHICLE or an INSTRUMENT. Answer VEHICLE or INSTRUMENT.
[Packet 05]: Replication lag on catalog is 76 seconds.
[Packet 06]: Service logger reports status 404 on host alpha-02.
[Packet 07]: Backup job 279 for orders finished successfully.
[Packet 08]: Background worker feature flag service finished cycle 285.
[Packet 09]: Heartbeat from redis received after 189 ms.
[Packet 10]: Maintenance window scheduled for Saturday.
[Packet 11]: Connection pool for cron resized to 6 workers.
[Packet 12]: Connection pool for metrics resized to 93 workers.
[Packet 13 - T2]: The secure operational passphrase is ""NOVEMBER WHISKEY XRAY VICTOR CHARLIE YANKEE"".
[Packet 14]: Inventory check on rack rack-13 marked complete.
[Packet 15]: End of stream.
OUTPUT TEMPLATE:
<Thinking>
The T1 packet asks whether VIOLIN is a VEHICLE or an INSTRUMENT; a violin is a musical instrument, so the answer is INSTRUMENT. The T2 packet contains the passphrase ""NOVEMBER WHISKEY XRAY VICTOR CHARLIE YANKEE"".
</Thinking>
<Final_Answers>
Target 1 Result: INSTRUMENT
Target 2 Result: NOVEMBER WHISKEY XRAY VICTOR CHARLIE YANKEE
"
8,easy,cot,False,1,3,11,0.0,1024,2036,6,BRAVO TANGO SIERRA XRAY NOVEMBER ALPHA,-140.08515214920044,-14.008515214920044,1.4514143915361035e-61,10,False,True,False,False,False,"DATA STREAM:
[Packet 01]: Maintenance window scheduled for Sunday.
[Packet 02 - T1]: LOGIC OVERRIDE. Decide whether PEACH is a FRUIT or a METAL. Answer FRUIT or METAL.
[Packet 03]: Vibration on node-b within tolerance.
[Packet 04]: Leader election completed for ldap: new leader edge-us.
[Packet 05]: Firewall rule 357 updated on rack-14.
[Packet 06]: Ambient temperature in break room measured at 43C.
[Packet 07]: Secret config.yaml rotated by metrics exporter.
[Packet 08]: Archive of metrics.tsv uploaded to cold storage.
[Packet 09]: Secret metrics.tsv rotated by feature flag service.
[Packet 10]: Power draw on rack node-e is 335 watts.
[Packet 11 - T2]: The secure operational passphrase is ""BRAVO TANGO SIERRA XRAY NOVEMBER ALPHA"".
[Packet 12]: Vibration on echo-07 within tolerance.
[Packet 13]: Firewall rule 781 updated on bravo-04.
[Packet 14]: Service billing restarted on bravo-04 (production).
[Packet 15]: End of stream.
OUTPUT TEMPLATE:
<Thinking>
The T1 packet asks whether PEACH is a FRUIT or a METAL; a peach is a fruit, so the answer is FRUIT. The T2 packet contains the passphrase ""BRAVO TANGO SIERRA XRAY NOVEMBER ALPHA"".
</Thinking>
<Final_Answers>
Target 1 Result: FRUIT
Target 2 Result: BRAVO TANGO SIERRA
"
8,easy,cot,False,3,1,13,0.0,1024,3036,6,UNIFORM JULIET DELTA CHARLIE QUEBEC FOXTROT,-12.514728791095877,-0.7821705494434923,3.6721663237391977e-06,16,True,True,False,False,False,"<Thinking>
The T1 packet asks whether RYE is a CEREAL or a RIVER; rye is a grain, so the answer is CEREAL. The T2 packet contains the passphrase ""UNIFORM JULIET DELTA CHARLIE QUEBEC FOXTROT"".
</Thinking>
<Final_Answers>
Target 1 Result: CEREAL
Target 2 Result: UNIFORM JULIET DELTA CHARLIE QUEBEC FOXTROT
"
8,easy,cot,False,2,2,12,0.0,1024,4036,6,BRAVO WHISKEY SIERRA ZULU DELTA UNIFORM,-194.98004913330078,-21.66444990370009,2.0952728240937004e-85,9,True,True,False,False,False,"DATA STREAM:
[Packet 01]: Packet loss to lima-14 is 36 percent.
[Packet 02]: Slow query log recorded 54 entries.
[Packet 03 - T1]: LOGIC OVERRIDE. Decide whether HARP is a VEHICLE or an INSTRUMENT. Answer VEHICLE or INSTRUMENT.
[Packet 04]: Migration 2.1.9 applied to inventory on qa.
[Packet 05]: Ambient temperature in break room measured at 67C.
[Packet 06]: Queue 'deadletter' depth is 830 messages.
[Packet 07]: Vibration on mike-15 within tolerance.
[Packet 08]: Vacuum on metrics reclaimed 230 pages.
[Packet 09]: Service edge drained 26 connections before shutdown.
[Packet 10]: Door contact in break room reports closed.
[Packet 11]: Service dns entered degraded mode.
[Packet 12 - T2]: The secure operational passphrase is ""BRAVO WHISKEY SIERRA ZULU DELTA UNIFORM"".
[Packet 13]: Ambient temperature in lab 3B measured at 66C.
[Packet 14]: Dead-letter queue 'low' has 16 stale entries.
[Packet 15]: End of stream.
OUTPUT TEMPLATE:
<Thinking>
The T1 packet asks whether HARP is a VEHICLE or an INSTRUMENT; a harp is a musical instrument, so the answer is INSTRUMENT. The T2 packet contains the passphrase ""BRAVO WHISKEY SIERRA ZULU DELTA UNIFORM"".
</Thinking>
<Final_Answers>
Target 1 Result: INSTRUMENT
Target 2 Result: BRAVO WHISKEY SIERRA ZULU DELTA UNIFORM
"
8,easy,cot,False,1,3,11,0.0,1024,5036,6,UNIFORM BRAVO ECHO DELTA GOLF ZULU,-9.163507261771912,-0.7048851739824548,0.00010479471028071032,13,True,True,False,False,False,"DATA STREAM:
[Packet 01]: Service sync restarted on node-e (shadow).
[Packet 02 - T1]: LOGIC OVERRIDE. Decide whether DOLPHIN is an ANIMAL or a TOOL. Answer ANIMAL or TOOL.
[Packet 03]: Snapshot of telemetry written to volume foxtrot-08.
[Packet 04]: Cache hit ratio for oauth is 91 percent.
[Packet 05]: Read replica alpha-02 caught up to primary.
[Packet 06]: Humidity in cold aisle is 23 percent.
[Packet 07]: Volume edge-us mounted read-only for maintenance.
[Packet 08]: Humidity in lobby is 67 percent.
[Packet 09]: Archive of snapshot.bin uploaded to cold storage.
[Packet 10]: Suspicious request blocked by smtp (code 502).
[Packet 11 - T2]: The secure operational passphrase is ""UNIFORM BRAVO ECHO DELTA GOLF ZULU"".
[Packet 12]: Rotation policy updated for state.db.
[Packet 13]: Rate limit reached for endpoint /v1/search.
[Packet 14]: Ambient temperature in hot aisle measured at 38C.
[Packet 15]: End of stream.
OUTPUT TEMPLATE:
<Thinking>
The T1 packet asks whether DOLPHIN is an ANIMAL or a TOOL; a dolphin is a mammal, so the answer is ANIMAL. The T2 packet contains the passphrase ""UNIFORM BRAVO ECHO DELTA GOLF ZULU"".
</Thinking>
<Final_Answers>
Target 1 Result: ANIMAL
Target 2 Result: UNIFORM BRAVO ECHO DELTA GOLF ZULU
"
8,easy,cot,False,1,3,11,0.0,1024,6036,6,OSCAR BRAVO GOLF ZULU LIMA YANKEE,-13.568923499549328,-0.9692088213963805,1.279650582719817e-06,14,True,True,False,False,False,"DATA STREAM:
[Packet 01]: Service storage drained 49 connections before shutdown.
[Packet 02 - T1]: LOGIC OVERRIDE. Decide whether AMAZON is a CEREAL or a RIVER. Answer CEREAL or RIVER.
[Packet 03]: Threshold for discovery client adjusted to 45 percent.
[Packet 04]: Vibration on golf-09 within tolerance.
[Packet 05]: Service storage drained 49 connections before shutdown.
[Packet 06]: Humidity in hot aisle is 83 percent.
[Packet 07]: Leader election completed for etl: new leader node-e.
[Packet 08]: Humidity in lobby is 21 percent.
[Packet 09]: Connection pool for postgres resized to 6 workers.
[Packet 10]: Slow query log recorded 18 entries.
[Packet 11 - T2]: The secure operational passphrase is ""OSCAR BRAVO GOLF ZULU LIMA YANKEE"".
[Packet 12]: Suspicious request blocked by logger (code 400).
[Packet 13]: Service storage reports status 302 on host rack-13.
[Packet 14]: Feature flag 'graphql_beta' set to enabled.
[Packet 15]: End of stream.
OUTPUT TEMPLATE:
<Thinking>
The T1 packet asks whether AMAZON is a CEREAL or a RIVER; Amazon is a river, so the answer is RIVER. The T2 packet contains the passphrase ""OSCAR BRAVO GOLF ZULU LIMA YANKEE"".
</Thinking>
<Final_Answers>
Target 1 Result: RIVER
Target 2 Result: OSCAR BRAVO GOLF ZULU LIMA YANKEE
"
8,easy,cot,False,1,3,11,0.0,1024,7036,6,OSCAR NOVEMBER QUEBEC ZULU WHISKEY FOXTROT,-183.97328424453735,-18.397328424453736,1.2630421237959118e-80,10,True,True,False,False,False,"DATA STREAM:
[Packet 01]: Index rebuild on table audit completed in 334 ms.
[Packet 02 - T1]: LOGIC OVERRIDE. Decide whether ZINC is a METAL or a FRUIT. Answer METAL or FRUIT.
[Packet 03]: Maintenance window scheduled for Saturday.
[Packet 04]: Vacuum on events reclaimed 525 pages.
[Packet 05]: Network latency to ap-south-1 is 367 ms.
[Packet 06]: Disk usage on rack-13 is 55 percent.
[Packet 07]: Query against catalog returned 745 rows in 401 ms.
[Packet 08]: Service logger restarted on bravo-04 (qa).
[Packet 09]: fan controller in lobby reads 2 units.
[Packet 10]: Threshold for ingestion pipeline adjusted to 50 percent.
[Packet 11 - T2]: The secure operational passphrase is ""OSCAR NOVEMBER QUEBEC ZULU WHISKEY FOXTROT"".
[Packet 12]: Snapshot of events written to volume foxtrot-08.
[Packet 13]: Backup job 187 for users encountered warning code 200.
[Packet 14]: Heartbeat from cache received after 368 ms.
[Packet 15]: End of stream.
OUTPUT TEMPLATE:
<Thinking>
The T1 packet asks whether ZINC is a METAL or a FRUIT; zinc is a metal, so the answer is METAL. The T2 packet contains the passphrase ""OSCAR NOVEMBER QUEBEC ZULU WHISKEY FOXTROT"".
</Thinking>
<Final_Answers>
Target 1 Result: METAL
Target 2 Result: OSCAR NOVEMBER QUEBEC ZULU WHISKEY FOXTROT
"
8,easy,cot,False,3,1,13,0.0,1024,8036,6,XRAY INDIA SIERRA GOLF OSCAR ZULU,-11.480997545903051,-0.8831536573771578,1.0324430831624213e-05,13,False,False,False,False,False,"DATA STREAM:
[Packet 01]: Door contact in lab 4C reports closed.
[Packet 02]: Backup job 889 for events encountered warning code 400.
[Packet 03]: Suspicious request blocked by webhook (code 400).
[Packet 04 - T1]: LOGIC OVERRIDE. Decide whether HAWK is a BUILDING or a BIRD. Answer BUILDING or BIRD.
[Packet 05]: ambient light sensor threshold exceeded in cold aisle.
[Packet 06]: Service stream reports status 403 on host foxtrot-08.
[Packet 07]: Failover triggered for search in region us-east-1.
[Packet 08]: Login from internal node node-b.
[Packet 09]: Replication lag on users is 57 seconds.
[Packet 10]: Index rebuild on table sessions completed in 39 ms.
[Packet 11]: Queue 'priority' depth is 314 messages.
[Packet 12]: vibration monitor in server room reads 46 units.
[Packet 13 - T2]: The secure operational passphrase is ""XRAY INDIA SIERRA GOLF OSCAR ZULU"".
[Packet 14]: Power draw on rack node-e is 335 watts.
[Packet 15]: End of stream.
OUTPUT TEMPLATE:
<Thinking>
The T1 packet asks whether HAWK is a BUILDING or a BIRD; a hawk is a bird, so the answer is BUILDING. The T2 packet contains the passphrase ""XRAY INDIA SIERRA GOLF OSCAR ZULU"".
</Thinking>
<Final_Answers>
Target 1 Result: BUILDING
Target 2 Result: XRAY INDIA SIERRA
"
8,easy,cot,False,2,2,12,0.0,1024,9036,6,YANKEE UNIFORM ROMEO KILO ZULU HOTEL,-179.20074653625488,-19.911194059583877,1.4931540836448565e-78,9,True,True,False,False,False,"DATA STREAM:
[Packet 01]: DNS lookup for redis.internal resolved in 385 ms.
[Packet 02]: Service sync drained 51 connections before shutdown.
[Packet 03 - T1]: LOGIC OVERRIDE. Decide whether CHURCH is a BUILDING or a BIRD. Answer BUILDING or BIRD.
[Packet 04]: Leader election completed for redis: new leader node-e.
[Packet 05]: Failover triggered for smtp in region us-west-2.
[Packet 06]: Deployment of version 3.6.14 completed on canary.
[Packet 07]: Maintenance window scheduled for Sunday.
[Packet 08]: Background worker ingestion pipeline finished cycle 211.
[Packet 09]: Backup job 664 for billing finished successfully.
[Packet 10]: Leader election completed for ldap: new leader rack-14.
[Packet 11]: Query against metrics returned 988 rows in 369 ms.
[Packet 12 - T2]: The secure operational passphrase is ""YANKEE UNIFORM ROMEO KILO ZULU HOTEL"".
[Packet 13]: Inventory check on rack foxtrot-08 marked complete.
[Packet 14]: Cache hit ratio for dns is 36 percent.
[Packet 15]: End of stream.
OUTPUT TEMPLATE:
<Thinking>
The T1 packet asks whether CHURCH is a BUILDING or a BIRD; a church is a building, so the answer is BUILDING. The T2 packet contains the passphrase ""YANKEE UNIFORM ROMEO KILO ZULU HOTEL"".
</Thinking>
<Final_Answers>
Target 1 Result: BUILDING
Target 2 Result: YANKEE UNIFORM ROMEO KILO ZULU HOTEL
"
8,easy,direct,False,1,3,11,0.0,1024,36,6,KILO BRAVO ALPHA JULIET CHARLIE XRAY,-504.25173366998206,-26.539564929999056,1.0145058997711064e-219,19,True,False,False,False,,"<Final_Answers>
Target 2 Result: KILO BRAVO ALPHA JULIET CHARLIE XRAY
Target 1 Result: 82
"
8,easy,direct,False,3,1,13,0.0,1024,1036,6,NOVEMBER WHISKEY XRAY VICTOR CHARLIE YANKEE,-407.9341058731079,-23.9961238748887,6.86228639426345e-178,17,True,False,False,False,,"<Final_Answers>
Target 2 Result: NOVEMBER WHISKEY XRAY VICTOR CHARLIE YANKEE
Target 1 Result: 93
"
8,easy,direct,False,1,3,11,0.0,1024,2036,6,BRAVO TANGO SIERRA XRAY NOVEMBER ALPHA,-491.16654872894287,-25.850870985733835,4.8874034555826206e-214,19,True,False,False,False,,"<Final_Answers>
Target 2 Result: BRAVO TANGO SIERRA XRAY NOVEMBER ALPHA
Target 1 Result: 43
"
8,easy,direct,False,3,1,13,0.0,1024,3036,6,UNIFORM JULIET DELTA CHARLIE QUEBEC FOXTROT,-650.066255569458,-34.21401345102411,4.784233135782344e-283,19,True,False,False,False,,"<Final_Answers>
Target 2 Result: UNIFORM JULIET DELTA CHARLIE QUEBEC FOXTROT
Target 1 Result: 59
"
8,easy,direct,False,2,2,12,0.0,1024,4036,6,BRAVO WHISKEY SIERRA ZULU DELTA UNIFORM,-413.52626514434814,-22.97368139690823,2.5575546690302233e-180,18,True,False,False,False,,"<Final_Answers>
Target 2 Result: BRAVO WHISKEY SIERRA ZULU DELTA UNIFORM
Target 1 Result: 67
"
8,easy,direct,False,1,3,11,0.0,1024,5036,6,UNIFORM BRAVO ECHO DELTA GOLF ZULU,-496.45509751333157,-27.580838750740643,2.46769020483816e-216,18,True,False,False,False,,"<Final_Answers>
Target 2 Result: UNIFORM BRAVO ECHO DELTA GOLF ZULU
Target 1 Result: 38
"
8,easy,direct,False,1,3,11,0.0,1024,6036,6,OSCAR BRAVO GOLF ZULU LIMA YANKEE,-541.0236120223999,-30.056867334577774,1.087503640107985e-235,18,True,False,False,False,,"<Final_Answers>
Target 2 Result: OSCAR BRAVO GOLF ZULU LIMA YANKEE
Target 1 Result: 45
"
8,easy,direct,False,1,3,11,0.0,1024,7036,6,OSCAR NOVEMBER QUEBEC ZULU WHISKEY FOXTROT,-457.9970169067383,-30.53313446044922,1.2428617693661526e-199,15,True,False,False,False,,"<Final_Answers>
Target 2 Result: OSCAR NOVEMBER QUEBEC ZULU WHISKEY FOXTROT
Target 1 Result: 50
"
8,easy,direct,False,3,1,13,0.0,1024,8036,6,XRAY INDIA SIERRA GOLF OSCAR ZULU,-495.188325881958,-33.0125550587972,8.758758794255848e-216,15,True,False,False,False,,"<Final_Answers>
Target 2 Result: XRAY INDIA SIERRA GOLF OSCAR ZULU
Target 1 Result: 46
"
8,easy,direct,False,2,2,12,0.0,1024,9036,6,YANKEE UNIFORM ROMEO KILO ZULU HOTEL,-372.40865993499756,-28.646819994999813,1.8406617064411156e-162,13,True,False,False,False,,"<Final_Answers>
Target 2 Result: YANKEE UNIFORM ROMEO KILO ZULU HOTEL
Target 1 Result: 36
"
8,hard,cot,False,1,3,11,0.0,1024,36,6,KILO BRAVO ALPHA JULIET CHARLIE XRAY,-80.71402835845947,-16.142805671691896,8.837773596474504e-36,5,True,True,False,False,False,"DATA STREAM:
[Packet 01]: Door contact in break room reports closed.
[Packet 02 - T1]: LOGIC OVERRIDE. Hank is slower than Sara. Sara is slower than Mona. Is Hank slower than Mona? Answer YES or NO.
[Packet 03]: Service gateway returned to nominal state.
[Packet 04]: Packet loss to juliet-12 is 40 percent.
[Packet 05]: Replication lag on catalog is 71 seconds.
[Packet 06]: Humidity in operations center is 74 percent.
[Packet 07]: Dead-letter queue 'retry' has 83 stale entries.
[Packet 08]: Feature flag 'storage_beta' set to enabled.
[Packet 09]: Leader election completed for redis: new leader node-a.
[Packet 10]: DNS lookup for cron.internal resolved in 23 ms.
[Packet 11 - T2]: The secure operational passphrase is ""KILO BRAVO ALPHA JULIET CHARLIE XRAY"".
[Packet 12]: Queue 'retry' drained in 75 ms.
[Packet 13]: Feature flag 'webhook_beta' set to disabled.
[Packet 14]: Fan speed on bravo-03 set to 82 percent.
[Packet 15]: End of stream.
OUTPUT TEMPLATE:
<Thinking>
The T1 packet asks whether Hank is slower than Mona, given the relationships provided. Since Hank is slower than Sara and Sara is slower than Mona, it logically follows that Hank is slower than Mona. The T2 packet contains the passphrase ""KILO BRAVO ALPHA JULIET CHARLIE XRAY"".
</Thinking>
<Final_Answers>
Target 1 Result: YES
Target 2 Result: KILO BRAVO ALPHA JULIET CHARLIE XRAY
"
8,hard,cot,False,3,1,13,0.0,1024,1036,6,NOVEMBER WHISKEY XRAY VICTOR CHARLIE YANKEE,-413.24683475494385,-22.95815748638577,3.3820498290910896e-180,18,False,False,False,False,False,"DATA STREAM:
[Packet 01]: Slow query log recorded 84 entries.
[Packet 02]: Background worker config loader finished cycle 664.
[Packet 03]: Service storage reports status 422 on host node-a.
[Packet 04 - T1]: LOGIC OVERRIDE. No wugs are zors. All zors are blims. Does it follow that no wugs are blims? Answer VALID or INVALID.
[Packet 05]: Replication lag on catalog is 76 seconds.
[Packet 06]: Service logger reports status 404 on host alpha-02.
[Packet 07]: Backup job 279 for orders finished successfully.
[Packet 08]: Background worker feature flag service finished cycle 285.
[Packet 09]: Heartbeat from redis received after 189 ms.
[Packet 10]: Maintenance window scheduled for Saturday.
[Packet 11]: Connection pool for cron resized to 6 workers.
[Packet 12]: Connection pool for metrics resized to 93 workers.
[Packet 13 - T2]: The secure operational passphrase is ""NOVEMBER WHISKEY XRAY VICTOR CHARLIE YANKEE"".
[Packet 14]: Inventory check on rack rack-13 marked complete.
[Packet 15]: End of stream.
OUTPUT TEMPLATE:
<Thinking>
The T1 packet asks whether no wugs are zors and all zors are blims implies no wugs are blims; this is a valid deduction. The T2 packet contains the passphrase ""NOVEMBER WHISKEY XRAY VICTOR CHARLIE YANKEE"".
</Thinking>
<Final_Answers>
Target 1 Result: VALID
Target 2 Result: NOVEMBER WHISKEY XRAY"
8,hard,cot,False,1,3,11,0.0,1024,2036,6,BRAVO TANGO SIERRA XRAY NOVEMBER ALPHA,-64.8578634262085,-16.214465856552124,6.801235389576093e-29,4,True,False,False,False,False,"DATA STREAM:
[Packet 01]: Maintenance window scheduled for Sunday.
[Packet 02 - T1]: LOGIC OVERRIDE. All trens are pims. Some pims are snools. Does it follow that some trens are snools? Answer VALID or INVALID.
[Packet 03]: Vibration on node-b within tolerance.
[Packet 04]: Leader election completed for ldap: new leader edge-us.
[Packet 05]: Firewall rule 357 updated on rack-14.
[Packet 06]: Ambient temperature in break room measured at 43C.
[Packet 07]: Secret config.yaml rotated by metrics exporter.
[Packet 08]: Archive of metrics.tsv uploaded to cold storage.
[Packet 09]: Secret metrics.tsv rotated by feature flag service.
[Packet 10]: Power draw on rack node-e is 335 watts.
[Packet 11 - T2]: The secure operational passphrase is ""BRAVO TANGO SIERRA XRAY NOVEMBER ALPHA"".
[Packet 12]: Vibration on echo-07 within tolerance.
[Packet 13]: Firewall rule 781 updated on bravo-04.
[Packet 14]: Service billing restarted on bravo-04 (production).
[Packet 15]: End of stream.
OUTPUT TEMPLATE:
<Thinking>
The T1 packet presents a logical deduction problem. We are given that all trens are pims and some pims are snools. The question asks if it follows that some trens are snools. This is a valid syllogism, therefore the answer is VALID. The T2 packet contains the passphrase ""BRAVO TANGO SIERRA XRAY NOVEMBER ALPHA"".
</Thinking>
<Final_Answers>
Target 1 Result: VALID
Target 2 Result: BRAVO TANGO SIERRA XRAY NOVEMBER ALPHA
"
8,hard,cot,False,3,1,13,0.0,1024,3036,6,UNIFORM JULIET DELTA CHARLIE QUEBEC FOXTROT,-12.574706839352984,-0.7859191774595615,3.4583919220170664e-06,16,True,False,False,False,False,"<Thinking>
The T1 packet asks whether all grints are plurms and some plurms are blorgs, which implies that some grints are blorgs. This is a valid logical deduction. The T2 packet contains the passphrase ""UNIFORM JULIET DELTA CHARLIE QUEBEC FOXTROT"".
</Thinking>
<Final_Answers>
Target 1 Result: VALID
Target 2 Result: UNIFORM JULIET DELTA CHARLIE QUEBEC FOXTROT
"
8,hard,cot,False,2,2,12,0.0,1024,4036,6,BRAVO WHISKEY SIERRA ZULU DELTA UNIFORM,-50.645915031433105,-16.881971677144367,1.0110172623633102e-22,3,True,True,False,False,False,"DATA STREAM:
[Packet 01]: Packet loss to lima-14 is 36 percent.
[Packet 02]: Slow query log recorded 54 entries.
[Packet 03 - T1]: LOGIC OVERRIDE. All vrils are drovs. All drovs are grebs. Does it follow that all vrils are grebs? Answer VALID or INVALID.
[Packet 04]: Migration 2.1.9 applied to inventory on qa.
[Packet 05]: Ambient temperature in break room measured at 67C.
[Packet 06]: Queue 'deadletter' depth is 830 messages.
[Packet 07]: Vibration on mike-15 within tolerance.
[Packet 08]: Vacuum on metrics reclaimed 230 pages.
[Packet 09]: Service edge drained 26 connections before shutdown.
[Packet 10]: Door contact in break room reports closed.
[Packet 11]: Service dns entered degraded mode.
[Packet 12 - T2]: The secure operational passphrase is ""BRAVO WHISKEY SIERRA ZULU DELTA UNIFORM"".
[Packet 13]: Ambient temperature in lab 3B measured at 66C.
[Packet 14]: Dead-letter queue 'low' has 16 stale entries.
[Packet 15]: End of stream.
OUTPUT TEMPLATE:
<Thinking>
The T1 packet asks if all vrils are grebs given the statements ""All vrils are drovs"" and ""All drovs are grebs"". This is a valid syllogism, so the answer is VALID. The T2 packet contains the passphrase ""BRAVO WHISKEY SIERRA ZULU DELTA UNIFORM"".
</Thinking>
<Final_Answers>
Target 1 Result: VALID
Target 2 Result: BRAVO WHISKEY SIERRA ZULU DELTA UNIFORM
"
8,hard,cot,False,1,3,11,0.0,1024,5036,6,UNIFORM BRAVO ECHO DELTA GOLF ZULU,-9.191539412638463,-0.7070414932798817,0.00010189788102142983,13,True,True,False,False,False,"DATA STREAM:
[Packet 01]: Service sync restarted on node-e (shadow).
[Packet 02 - T1]: LOGIC OVERRIDE. All gleeps are morks. All morks are florks. Does it follow that all gleeps are florks? Answer VALID or INVALID.
[Packet 03]: Snapshot of telemetry written to volume foxtrot-08.
[Packet 04]: Cache hit ratio for oauth is 91 percent.
[Packet 05]: Read replica alpha-02 caught up to primary.
[Packet 06]: Humidity in cold aisle is 23 percent.
[Packet 07]: Volume edge-us mounted read-only for maintenance.
[Packet 08]: Humidity in lobby is 67 percent.
[Packet 09]: Archive of snapshot.bin uploaded to cold storage.
[Packet 10]: Suspicious request blocked by smtp (code 502).
[Packet 11 - T2]: The secure operational passphrase is ""UNIFORM BRAVO ECHO DELTA GOLF ZULU"".
[Packet 12]: Rotation policy updated for state.db.
[Packet 13]: Rate limit reached for endpoint /v1/search.
[Packet 14]: Ambient temperature in hot aisle measured at 38C.
[Packet 15]: End of stream.
OUTPUT TEMPLATE:
<Thinking>
The T1 packet is a logic puzzle; if all gleeps are morks and all morks are florks, then logically, all gleeps must be florks. The answer is VALID. The T2 packet contains the passphrase ""UNIFORM BRAVO ECHO DELTA GOLF ZULU"".
</Thinking>
<Final_Answers>
Target 1 Result: VALID
Target 2 Result: UNIFORM BRAVO ECHO DELTA GOLF ZULU
"
8,hard,cot,False,1,3,11,0.0,1024,6036,6,OSCAR BRAVO GOLF ZULU LIMA YANKEE,-14.996686098530063,-1.0711918641807188,3.0691773220930304e-07,14,True,True,False,False,False,"DATA STREAM:
[Packet 01]: Service storage drained 49 connections before shutdown.
[Packet 02 - T1]: LOGIC OVERRIDE. Eve is taller than Ravi. Ravi is taller than Mona. Is Eve taller than Mona? Answer YES or NO.
[Packet 03]: Threshold for discovery client adjusted to 45 percent.
[Packet 04]: Vibration on golf-09 within tolerance.
[Packet 05]: Service storage drained 49 connections before shutdown.
[Packet 06]: Humidity in hot aisle is 83 percent.
[Packet 07]: Leader election completed for etl: new leader node-e.
[Packet 08]: Humidity in lobby is 21 percent.
[Packet 09]: Connection pool for postgres resized to 6 workers.
[Packet 10]: Slow query log recorded 18 entries.
[Packet 11 - T2]: The secure operational passphrase is ""OSCAR BRAVO GOLF ZULU LIMA YANKEE"".
[Packet 12]: Suspicious request blocked by logger (code 400).
[Packet 13]: Service storage reports status 302 on host rack-13.
[Packet 14]: Feature flag 'graphql_beta' set to enabled.
[Packet 15]: End of stream.
OUTPUT TEMPLATE:
<Thinking>
The T1 packet asks whether Eve is taller than Mona based on the given height comparisons; the answer is YES. The T2 packet contains the passphrase ""OSCAR BRAVO GOLF ZULU LIMA YANKEE"".
</Thinking>
<Final_Answers>
Target 1 Result: YES
Target 2 Result: OSCAR BRAVO GOLF ZULU LIMA YANKEE
"
8,hard,cot,False,1,3,11,0.0,1024,7036,6,OSCAR NOVEMBER QUEBEC ZULU WHISKEY FOXTROT,-14.012281661599218,-1.0008772615428012,8.213786223778275e-07,14,True,True,False,False,False,"DATA STREAM:
[Packet 01]: Index rebuild on table audit completed in 334 ms.
[Packet 02 - T1]: LOGIC OVERRIDE. All vorps are snigs. All snigs are drovs. Does it follow that all vorps are drovs? Answer VALID or INVALID.
[Packet 03]: Maintenance window scheduled for Saturday.
[Packet 04]: Vacuum on events reclaimed 525 pages.
[Packet 05]: Network latency to ap-south-1 is 367 ms.
[Packet 06]: Disk usage on rack-13 is 55 percent.
[Packet 07]: Query against catalog returned 745 rows in 401 ms.
[Packet 08]: Service logger restarted on bravo-04 (qa).
[Packet 09]: fan controller in lobby reads 2 units.
[Packet 10]: Threshold for ingestion pipeline adjusted to 50 percent.
[Packet 11 - T2]: The secure operational passphrase is ""OSCAR NOVEMBER QUEBEC ZULU WHISKEY FOXTROT"".
[Packet 12]: Snapshot of events written to volume foxtrot-08.
[Packet 13]: Backup job 187 for users encountered warning code 200.
[Packet 14]: Heartbeat from cache received after 368 ms.
[Packet 15]: End of stream.
OUTPUT TEMPLATE:
<Thinking>
The T1 packet is a logic puzzle; the answer is VALID. The T2 packet contains the passphrase ""OSCAR NOVEMBER QUEBEC ZULU WHISKEY FOXTROT"".
</Thinking>
<Final_Answers>
Target 1 Result: VALID
Target 2 Result: OSCAR NOVEMBER QUEBEC ZULU WHISKEY FOXTROT
"
8,hard,cot,False,3,1,13,0.0,1024,8036,6,XRAY INDIA SIERRA GOLF OSCAR ZULU,-68.44492721557617,-17.111231803894043,1.88254686269735e-30,4,False,True,False,False,False,"DATA STREAM:
[Packet 01]: Door contact in lab 4C reports closed.
[Packet 02]: Backup job 889 for events encountered warning code 400.
[Packet 03]: Suspicious request blocked by webhook (code 400).
[Packet 04 - T1]: LOGIC OVERRIDE. All trels are quibs. All quibs are vrils. Does it follow that all trels are vrils? Answer VALID or INVALID.
[Packet 05]: ambient light sensor threshold exceeded in cold aisle.
[Packet 06]: Service stream reports status 403 on host foxtrot-08.
[Packet 07]: Failover triggered for search in region us-east-1.
[Packet 08]: Login from internal node node-b.
[Packet 09]: Replication lag on users is 57 seconds.
[Packet 10]: Index rebuild on table sessions completed in 39 ms.
[Packet 11]: Queue 'priority' depth is 314 messages.
[Packet 12]: vibration monitor in server room reads 46 units.
[Packet 13 - T2]: The secure operational passphrase is ""XRAY INDIA SIERRA GOLF OSCAR ZULU"".
[Packet 14]: Power draw on rack node-e is 335 watts.
[Packet 15]: End of stream.
OUTPUT TEMPLATE:
<Thinking>
The T1 packet asks whether the statements ""All trels are quibs"" and ""All quibs are vrils"" imply ""All trels are vrils"". This is a valid logical deduction, so the answer is VALID. The T2 packet contains the passphrase ""XRAY INDIA SIERRA GOLF OSCAR ZULU"".
</Thinking>
<Final_Answers>
Target 1 Result: VALID
Target 2 Result: XRAY INDIA SIERRA GOLF"
8,hard,cot,False,2,2,12,0.0,1024,9036,6,YANKEE UNIFORM ROMEO KILO ZULU HOTEL,-165.54092454910278,-18.39343606101142,1.2778796059470422e-72,9,True,True,False,False,False,"DATA STREAM:
[Packet 01]: DNS lookup for redis.internal resolved in 385 ms.
[Packet 02]: Service sync drained 51 connections before shutdown.
[Packet 03 - T1]: LOGIC OVERRIDE. All snicks are vrils. All vrils are snools. Does it follow that all snicks are snools? Answer VALID or INVALID.
[Packet 04]: Leader election completed for redis: new leader node-e.
[Packet 05]: Failover triggered for smtp in region us-west-2.
[Packet 06]: Deployment of version 3.6.14 completed on canary.
[Packet 07]: Maintenance window scheduled for Sunday.
[Packet 08]: Background worker ingestion pipeline finished cycle 211.
[Packet 09]: Backup job 664 for billing finished successfully.
[Packet 10]: Leader election completed for ldap: new leader rack-14.
[Packet 11]: Query against metrics returned 988 rows in 369 ms.
[Packet 12 - T2]: The secure operational passphrase is ""YANKEE UNIFORM ROMEO KILO ZULU HOTEL"".
[Packet 13]: Inventory check on rack foxtrot-08 marked complete.
[Packet 14]: Cache hit ratio for dns is 36 percent.
[Packet 15]: End of stream.
OUTPUT TEMPLATE:
<Thinking>
The T1 packet asks if all snicks are snools given the statements ""All snicks are vrils"" and ""All vrils are snools"". This is a valid logical deduction, so the answer is VALID. The T2 packet contains the passphrase ""YANKEE UNIFORM ROMEO KILO ZULU HOTEL"".
</Thinking>
<Final_Answers>
Target 1 Result: VALID
Target 2 Result: YANKEE UNIFORM ROMEO KILO ZULU HOTEL
"
8,hard,direct,False,1,3,11,0.0,1024,36,6,KILO BRAVO ALPHA JULIET CHARLIE XRAY,-522.1267094728537,-27.480353130150196,1.7508591963542246e-227,19,True,False,False,False,,"<Final_Answers>
Target 2 Result: KILO BRAVO ALPHA JULIET CHARLIE XRAY
Target 1 Result: 83
"
8,hard,direct,False,3,1,13,0.0,1024,1036,6,NOVEMBER WHISKEY XRAY VICTOR CHARLIE YANKEE,-418.1520051956177,-24.597176776212805,2.505483498533177e-182,17,True,False,False,False,,"<Final_Answers>
Target 2 Result: NOVEMBER WHISKEY XRAY VICTOR CHARLIE YANKEE
Target 1 Result: 93
"
8,hard,direct,False,1,3,11,0.0,1024,2036,6,BRAVO TANGO SIERRA XRAY NOVEMBER ALPHA,-349.41441345214844,-24.958172389439174,1.7833982669424155e-152,14,True,False,False,False,,"<Final_Answers>
Target 2 Result: BRAVO TANGO SIERRA XRAY NOVEMBER ALPHA
Target 1 Result: 335
"
8,hard,direct,False,3,1,13,0.0,1024,3036,6,UNIFORM JULIET DELTA CHARLIE QUEBEC FOXTROT,-520.9707651138306,-30.645339124342975,5.562518625091471e-227,17,True,False,False,False,,"<Final_Answers>
Target 2 Result: UNIFORM JULIET DELTA CHARLIE QUEBEC FOXTROT
Target 1 Result: 59
"
8,hard,direct,False,2,2,12,0.0,1024,4036,6,BRAVO WHISKEY SIERRA ZULU DELTA UNIFORM,-469.3933458328247,-24.70491293856972,1.3965614914238458e-204,19,True,False,False,False,,"<Final_Answers>
Target 2 Result: BRAVO WHISKEY SIERRA ZULU DELTA UNIFORM
Target 1 Result: 830
"
8,hard,direct,False,1,3,11,0.0,1024,5036,6,UNIFORM BRAVO ECHO DELTA GOLF ZULU,-503.931264998173,-27.996181388787388,1.3977591784930427e-219,18,True,False,False,False,,"<Final_Answers>
Target 2 Result: UNIFORM BRAVO ECHO DELTA GOLF ZULU
Target 1 Result: 38
"
8,hard,direct,False,1,3,11,0.0,1024,6036,6,OSCAR BRAVO GOLF ZULU LIMA YANKEE,-451.2095489501953,-30.08063659667969,1.1020028276330523e-196,15,True,False,False,False,,"<Final_Answers>
Target 2 Result: OSCAR BRAVO GOLF ZULU LIMA YANKEE
Target 1 Result: 83
"
8,hard,direct,False,1,3,11,0.0,1024,7036,6,OSCAR NOVEMBER QUEBEC ZULU WHISKEY FOXTROT,-548.8672122955322,-28.887748015554326,4.265779496139916e-239,19,True,False,False,False,,"<Final_Answers>
Target 2 Result: OSCAR NOVEMBER QUEBEC ZULU WHISKEY FOXTROT
Target 1 Result: 55
"
8,hard,direct,False,3,1,13,0.0,1024,8036,6,XRAY INDIA SIERRA GOLF OSCAR ZULU,-497.18475341796875,-33.145650227864586,1.1896113638050024e-216,15,True,False,False,False,,"<Final_Answers>
Target 2 Result: XRAY INDIA SIERRA GOLF OSCAR ZULU
Target 1 Result: 46
"
8,hard,direct,False,2,2,12,0.0,1024,9036,6,YANKEE UNIFORM ROMEO KILO ZULU HOTEL,-525.2830753326416,-29.182393074035645,7.455193942693848e-229,18,True,False,False,False,,"<Final_Answers>
Target 2 Result: YANKEE UNIFORM ROMEO KILO ZULU HOTEL
Target 1 Result: 36
"
10,none,cot,False,1,1,13,0.0,1024,38,6,UNIFORM NOVEMBER YANKEE DELTA CHARLIE LIMA,-58.38308238983154,-19.46102746327718,4.411126186800402e-26,3,True,,False,False,False,"DATA STREAM:
[Packet 01]: Firewall rule 170 updated on rack-12.
[Packet 02]: Rotation policy updated for state.db.
[Packet 03]: Snapshot of billing written to volume node-d.
[Packet 04]: Failover triggered for ssh in region ca-central-1.
[Packet 05]: Migration 6.0.9 applied to sessions on production.
[Packet 06]: door contact in server room reads 43 units.
[Packet 07]: Service webhook returned to nominal state.
[Packet 08]: Configuration file manifest.toml reloaded on rack-13.
[Packet 09]: Slow query log recorded 73 entries.
[Packet 10]: Migration 5.3.19 applied to events on staging.
[Packet 11]: vibration monitor threshold exceeded in break room.
[Packet 12]: Humidity in lab 2A is 63 percent.
[Packet 13 - T2]: The secure operational passphrase is ""UNIFORM NOVEMBER YANKEE DELTA CHARLIE LIMA"".
[Packet 14]: Cache hit ratio for oauth is 91 percent.
[Packet 15]: End of stream.
OUTPUT TEMPLATE:
<Thinking>
The T2 packet contains the passphrase ""UNIFORM NOVEMBER YANKEE DELTA CHARLIE LIMA"".
</Thinking>
<Final_Answers>
Target 1 Result: [Empty]
Target 2 Result: UNIFORM NOVEMBER YANKEE DELTA CHARLIE LIMA
"
10,none,cot,False,1,1,13,0.0,1024,1038,6,DELTA CHARLIE INDIA ECHO ZULU LIMA,-155.17186879785731,-17.24131875531748,4.071117475354144e-68,9,True,,False,False,False,"DATA STREAM:
[Packet 01]: Background worker config loader finished cycle 664.
[Packet 02]: Ambient temperature in hot aisle measured at 82C.
[Packet 03]: Feature flag 'metrics_beta' set to disabled.
[Packet 04]: ambient light sensor on node-d reports nominal range.
[Packet 05]: Queue 'deadletter' depth is 213 messages.
[Packet 06]: Object schema.json replicated to region us-west-2.
[Packet 07]: Fan speed on golf-09 set to 84 percent.
[Packet 08]: DNS lookup for nginx.internal resolved in 428 ms.
[Packet 09]: Failover triggered for ssh in region ca-central-1.
[Packet 10]: Firewall rule 357 updated on rack-14.
[Packet 11]: Garbage collection on session freed 397 megabytes.
[Packet 12]: fan controller threshold exceeded in lab 4C.
[Packet 13 - T2]: The secure operational passphrase is ""DELTA CHARLIE INDIA ECHO ZULU LIMA"".
[Packet 14]: Configuration file config.yaml reloaded on rack-12.
[Packet 15]: End of stream.
OUTPUT TEMPLATE:
<Thinking>
The T2 packet contains the passphrase ""DELTA CHARLIE INDIA ECHO ZULU LIMA"".
</Thinking>
<Final_Answers>
Target 1 Result: DELTA CHARLIE INDIA ECHO ZULU LIMA
Target 2 Result: DELTA CHARLIE INDIA ECHO ZULU LIMA
"
10,none,cot,False,1,1,13,0.0,1024,2038,6,CHARLIE PAPA ZULU DELTA ROMEO VICTOR,-11.163421047068596,-0.9302850872557163,1.4183644583536586e-05,12,False,,False,False,False,"DATA STREAM:
[Packet 01]: Heartbeat from kafka received after 159 ms.
[Packet 02]: Threshold for health probe adjusted to 19 percent.
[Packet 03]: Query against metrics returned 775 rows in 135 ms.
[Packet 04]: DNS lookup for storage.internal resolved in 306 ms.
[Packet 05]: Configuration file manifest.toml reloaded on rack-13.
[Packet 06]: Volume node-b mounted read-only for maintenance.
[Packet 07]: Heartbeat from dns received after 194 ms.
[Packet 08]: Service storage drained 49 connections before shutdown.
[Packet 09]: Fan speed on kilo-13 set to 72 percent.
[Packet 10]: Heartbeat from scheduler received after 388 ms.
[Packet 11]: Firewall rule 281 updated on delta-06.
[Packet 12]: Queue 'high' depth is 324 messages.
[Packet 13 - T2]: The secure operational passphrase is ""CHARLIE PAPA ZULU DELTA ROMEO VICTOR"".
[Packet 14]: Service postgres reports status 404 on host golf-09.
[Packet 15]: End of stream.
OUTPUT TEMPLATE:
<Thinking>
The T2 packet contains the passphrase ""CHARLIE PAPA ZULU DELTA ROMEO VICTOR"".
</Thinking>
<Final_Answers>
Target 1 Result: [Unknown]
Target 2 Result: CHARLIE PAPA ZULU DELTA"
10,none,cot,False,1,1,13,0.0,1024,3038,6,ECHO CHARLIE QUEBEC BRAVO KILO ROMEO,-12.905475245864181,-0.9927288650664755,2.4844102615797023e-06,13,False,,False,False,False,"DATA STREAM:
[Packet 01]: Garbage collection on session freed 397 megabytes.
[Packet 02]: Slow query log recorded 54 entries.
[Packet 03]: CPU temperature on hotel-10 stable at 48C.
[Packet 04]: CPU temperature on node-d stable at 15C.
[Packet 05]: Index rebuild on table sessions completed in 39 ms.
[Packet 06]: Index rebuild on table audit completed in 334 ms.
[Packet 07]: Replication lag on telemetry is 38 seconds.
[Packet 08]: Network latency to ap-northeast-1 is 346 ms.
[Packet 09]: Deployment of version 2.1.17 completed on qa.
[Packet 10]: Service etl drained 93 connections before shutdown.
[Packet 11]: DNS lookup for search.internal resolved in 320 ms.
[Packet 12]: Rate limit reached for endpoint /v1/postgres.
[Packet 13 - T2]: The secure operational passphrase is ""ECHO CHARLIE QUEBEC BRAVO KILO ROMEO"".
[Packet 14]: Threshold for config loader adjusted to 88 percent.
[Packet 15]: End of stream.
OUTPUT TEMPLATE:
<Thinking>
The T2 packet contains the passphrase ""ECHO CHARLIE QUEBEC BRAVO KILO ROMEO"".
</Thinking>
<Final_Answers>
Target 1 Result: [Empty]
Target 2 Result: ECHO CHARLIE QUEBEC"
10,none,cot,False,1,1,13,0.0,1024,4038,6,INDIA LIMA ECHO GOLF XRAY HOTEL,-49.376845836639404,-9.87536916732788,3.5967339919609593e-22,5,False,,False,False,False,"DATA STREAM:
[Packet 01]: Service edge reports status 304 on host charlie-05.
[Packet 02]: Service webhook reports status 403 on host node-b.
[Packet 03]: Deployment of version 2.7.20 completed on staging.
[Packet 04]: Queue 'notifier' drained in 322 ms.
[Packet 05]: Suspicious request blocked by stream (code 503).
[Packet 06]: Failover triggered for router in region ap-northeast-1.
[Packet 07]: Service dns reports status 500 on host alpha-02.
[Packet 08]: Power draw on rack lima-14 is 573 watts.
[Packet 09]: Suspicious request blocked by smtp (code 502).
[Packet 10]: Backup job 739 for sessions encountered warning code 404.
[Packet 11]: Object manifest.toml replicated to region eu-central-1.
[Packet 12]: Cache hit ratio for search is 71 percent.
[Packet 13 - T2]: The secure operational passphrase is ""INDIA LIMA ECHO GOLF XRAY HOTEL"".
[Packet 14]: Rate limit reached for endpoint /v1/metrics.
[Packet 15]: End of stream.
OUTPUT TEMPLATE:
<Thinking>
The T2 packet contains the passphrase ""INDIA LIMA ECHO GOLF XRAY HOTEL"".
</Thinking>
<Final_Answers>
Target 1 Result: 573
Target 2 Result: INDIA LIMA ECHO
"
10,none,cot,False,1,1,13,0.0,1024,5038,6,ZULU WHISKEY TANGO DELTA OSCAR MIKE,-58.115577697753906,-19.371859232584637,5.764017533849559e-26,3,True,,False,False,False,"DATA STREAM:
[Packet 01]: Feature flag 'oauth_beta' set to disabled.
[Packet 02]: Rate limit reached for endpoint /v1/logger.
[Packet 03]: Humidity in hot aisle is 96 percent.
[Packet 04]: Leader election completed for edge: new leader golf-09.
[Packet 05]: Index rebuild on table billing completed in 21 ms.
[Packet 06]: Background worker telemetry agent finished cycle 189.
[Packet 07]: Service stream returned to nominal state.
[Packet 08]: Power draw on rack alpha-02 is 629 watts.
[Packet 09]: Query against orders returned 107 rows in 388 ms.
[Packet 10]: Index rebuild on table orders completed in 49 ms.
[Packet 11]: DNS lookup for search.internal resolved in 320 ms.
[Packet 12]: Leader election completed for edge: new leader golf-09.
[Packet 13 - T2]: The secure operational passphrase is ""ZULU WHISKEY TANGO DELTA OSCAR MIKE"".
[Packet 14]: Secret rollback.sql rotated by task scheduler.
[Packet 15]: End of stream.
OUTPUT TEMPLATE:
<Thinking>
The T2 packet contains the passphrase ""ZULU WHISKEY TANGO DELTA OSCAR MIKE"".
</Thinking>
<Final_Answers>
Target 1 Result: Disabled
Target 2 Result: ZULU WHISKEY TANGO DELTA OSCAR MIKE
"
10,none,cot,False,1,1,13,0.0,1024,6038,6,HOTEL QUEBEC CHARLIE ALPHA NOVEMBER YANKEE,-223.42796850204468,-18.61899737517039,9.25691288543712e-98,12,True,,False,False,False,"DATA STREAM:
[Packet 01]: Humidity in lobby is 21 percent.
[Packet 02]: Leader election completed for smtp: new leader delta-06.
[Packet 03]: DNS lookup for cron.internal resolved in 23 ms.
[Packet 04]: Power draw on rack node-a is 741 watts.
[Packet 05]: Firewall rule 296 updated on rack-12.
[Packet 06]: CPU temperature on node-d stable at 15C.
[Packet 07]: Migration 4.9.8 applied to audit on production.
[Packet 08]: Service ldap entered degraded mode.
[Packet 09]: humidity probe threshold exceeded in lab 3B.
[Packet 10]: Deployment of version 6.2.18 started on production.
[Packet 11]: Slow query log recorded 47 entries.
[Packet 12]: Network latency to sa-east-1 is 294 ms.
[Packet 13 - T2]: The secure operational passphrase is ""HOTEL QUEBEC CHARLIE ALPHA NOVEMBER YANKEE"".
[Packet 14]: Firewall rule 810 updated on india-11.
[Packet 15]: End of stream.
OUTPUT TEMPLATE:
<Thinking>
The T2 packet contains the passphrase ""HOTEL QUEBEC CHARLIE ALPHA NOVEMBER YANKEE"".
</Thinking>
<Final_Answers>
Target 1 Result: 21
Target 2 Result: HOTEL QUEBEC CHARLIE ALPHA NOVEMBER YANKEE
"
10,none,cot,False,1,1,13,0.0,1024,7038,6,INDIA BRAVO LIMA WHISKEY UNIFORM TANGO,-44.868571758270264,-14.956190586090088,3.264576683894977e-20,3,False,,False,False,False,"DATA STREAM:
[Packet 01]: Fan speed on echo-07 set to 12 percent.
[Packet 02]: Routine inspection of task scheduler completed without findings.
[Packet 03]: Queue 'ingest' drained in 217 ms.
[Packet 04]: Deployment of version 6.4.8 completed on staging.
[Packet 05]: Humidity in lobby is 59 percent.
[Packet 06]: Humidity in server room is 71 percent.
[Packet 07]: Deployment of version 4.4.15 completed on qa.
[Packet 08]: Maintenance window scheduled for Friday.
[Packet 09]: Inventory check on rack kilo-13 marked complete.
[Packet 10]: Secret config.yaml rotated by metrics exporter.
[Packet 11]: Disk usage on rack-14 is 39 percent.
[Packet 12]: Packet loss to kilo-13 is 95 percent.
[Packet 13 - T2]: The secure operational passphrase is ""INDIA BRAVO LIMA WHISKEY UNIFORM TANGO"".
[Packet 14]: Query against events returned 373 rows in 69 ms.
[Packet 15]: End of stream.
OUTPUT TEMPLATE:
<Thinking>
The T2 packet contains the passphrase ""INDIA BRAVO LIMA WHISKEY UNIFORM TANGO"".
</Thinking>
<Final_Answers>
Target 1 Result: 12
Target 2 Result: INDIA BRAVO LIMA
"
10,none,cot,False,1,1,13,0.0,1024,8038,6,ALPHA MIKE ZULU UNIFORM ECHO FOXTROT,-168.6112847328186,-18.7345871925354,5.929928459317222e-74,9,False,,False,False,False,"DATA STREAM:
[Packet 01]: Humidity in cold aisle is 23 percent.
[Packet 02]: Disk usage on rack-12 is 35 percent.
[Packet 03]: Deployment of version 1.4.18 started on production.
[Packet 04]: Feature flag 'search_beta' set to disabled.
[Packet 05]: Cache hit ratio for queue is 31 percent.
[Packet 06]: Service auth reports status 400 on host edge-us.
[Packet 07]: Secret config.yaml rotated by discovery client.
[Packet 08]: Query against inventory returned 585 rows in 326 ms.
[Packet 09]: Threshold for ingestion pipeline adjusted to 50 percent.
[Packet 10]: Humidity in lobby is 21 percent.
[Packet 11]: Slow query log recorded 46 entries.
[Packet 12]: Service oauth reports status 304 on host node-b.
[Packet 13 - T2]: The secure operational passphrase is ""ALPHA MIKE ZULU UNIFORM ECHO FOXTROT"".
[Packet 14]: Fan speed on rack-13 set to 79 percent.
[Packet 15]: End of stream.
OUTPUT TEMPLATE:
<Thinking>
The T2 packet contains the passphrase ""ALPHA MIKE ZULU UNIFORM ECHO FOXTROT"".
</Thinking>
<Final_Answers>
Target 1 Result: 31
Target 2 Result: ALPHA MIKE ZULU
"
10,none,cot,False,1,1,13,0.0,1024,9038,6,ALPHA TANGO FOXTROT GOLF ROMEO BRAVO,-161.0605959892273,-16.10605959892273,1.1279034104275533e-70,10,False,,False,False,False,"DATA STREAM:
[Packet 01]: Service search reports status 401 on host hotel-10.
[Packet 02]: door contact threshold exceeded in operations center.
[Packet 03]: Service stream entered degraded mode.
[Packet 04]: Ambient temperature in break room measured at 43C.
[Packet 05]: Power draw on rack rack-14 is 518 watts.
[Packet 06]: Deployment of version 1.7.3 completed on production.
[Packet 07]: Deployment of version 2.6.14 completed on canary.
[Packet 08]: Connection pool for stream resized to 2 workers.
[Packet 09]: Index rebuild on table events completed in 374 ms.
[Packet 10]: Queue 'indexer' drained in 276 ms.
[Packet 11]: Threshold for discovery client adjusted to 45 percent.
[Packet 12]: Session 260 closed by stream.
[Packet 13 - T2]: The secure operational passphrase is ""ALPHA TANGO FOXTROT GOLF ROMEO BRAVO"".
[Packet 14]: Audit event 668 recorded by telemetry agent.
[Packet 15]: End of stream.
OUTPUT TEMPLATE:
<Thinking>
Packet 03 indicates degraded mode. Packet 13 provides the passphrase. The index rebuild took 374ms and the queue drain took 276ms.
</Thinking>
<Final_Answers>
Target 1 Result: 374
Target 2 Result: ALPHA TANGO FOXTROT
"
10,none,direct,False,1,1,13,0.0,1024,38,6,UNIFORM NOVEMBER YANKEE DELTA CHARLIE LIMA,-458.23702188457537,-25.457612326920852,9.77664828569532e-200,18,True,,False,False,,"<Final_Answers>
Target 2 Result: UNIFORM NOVEMBER YANKEE DELTA CHARLIE LIMA
Target 1 Result: 63
"
10,none,direct,False,1,1,13,0.0,1024,1038,6,DELTA CHARLIE INDIA ECHO ZULU LIMA,-453.8684034347534,-25.214911301930744,7.717148866935571e-198,18,True,,False,False,,"<Final_Answers>
Target 2 Result: DELTA CHARLIE INDIA ECHO ZULU LIMA
Target 1 Result: 428
"
10,none,direct,False,1,1,13,0.0,1024,2038,6,CHARLIE PAPA ZULU DELTA ROMEO VICTOR,-514.6860139440978,-27.088737576005148,2.983350168181022e-224,19,True,,False,False,,"<Final_Answers>
Target 2 Result: CHARLIE PAPA ZULU DELTA ROMEO VICTOR
Target 1 Result: 324
"
10,none,direct,False,1,1,13,0.0,1024,3038,6,ECHO CHARLIE QUEBEC BRAVO KILO ROMEO,-335.6495952606201,-27.970799605051678,1.695246768735773e-146,12,True,,False,False,,"<Final_Answers>
Target 2 Result: ECHO CHARLIE QUEBEC BRAVO KILO ROMEO
Target 1 Result: 88
"
10,none,direct,False,1,1,13,0.0,1024,4038,6,INDIA LIMA ECHO GOLF XRAY HOTEL,-267.3957290649414,-26.73957290649414,7.438928468056112e-117,10,True,,False,False,,"<Final_Answers>
Target 2 Result: INDIA LIMA ECHO GOLF XRAY HOTEL
Target 1 Result: 71
"
10,none,direct,False,1,1,13,0.0,1024,5038,6,ZULU WHISKEY TANGO DELTA OSCAR MIKE,-493.8932399749756,-27.43851333194309,3.198094036437783e-215,18,True,,False,False,,"<Final_Answers>
Target 2 Result: ZULU WHISKEY TANGO DELTA OSCAR MIKE
Target 1 Result: 629
"
10,none,direct,False,1,1,13,0.0,1024,6038,6,HOTEL QUEBEC CHARLIE ALPHA NOVEMBER YANKEE,-496.40127086639404,-26.126382677178633,2.6041575362801064e-216,19,True,,False,False,,"<Final_Answers>
Target 2 Result: HOTEL QUEBEC CHARLIE ALPHA NOVEMBER YANKEE
Target 1 Result: 294
"
10,none,direct,False,1,1,13,0.0,1024,7038,6,INDIA BRAVO LIMA WHISKEY UNIFORM TANGO,-505.0142421722412,-26.579696956433747,4.732616810651112e-220,19,True,,False,False,,"<Final_Answers>
Target 2 Result: INDIA BRAVO LIMA WHISKEY UNIFORM TANGO
Target 1 Result: 39
"
10,none,direct,False,1,1,13,0.0,1024,8038,6,ALPHA MIKE ZULU UNIFORM ECHO FOXTROT,-490.13055336491925,-25.79634491394312,1.3772261537311506e-213,19,True,,False,False,,"<Final_Answers>
Target 2 Result: ALPHA MIKE ZULU UNIFORM ECHO FOXTROT
Target 1 Result: 585
"
10,none,direct,False,1,1,13,0.0,1024,9038,6,ALPHA TANGO FOXTROT GOLF ROMEO BRAVO,-343.43554496765137,-26.41811884366549,7.044301424995893e-150,13,True,,False,False,,"<Final_Answers>
Target 2 Result: ALPHA TANGO FOXTROT GOLF ROMEO BRAVO
Target 1 Result: 45
"
10,easy,cot,False,1,1,13,0.0,1024,38,6,UNIFORM NOVEMBER YANKEE DELTA CHARLIE LIMA,-171.8074450492859,-19.089716116587322,2.426468541612709e-75,9,False,True,False,False,False,"DATA STREAM:
[Packet 01]: Firewall rule 170 updated on rack-12.
[Packet 02 - T1]: LOGIC OVERRIDE. Decide whether SHOVEL is a TOOL or an ANIMAL. Answer TOOL or ANIMAL.
[Packet 03]: Snapshot of billing written to volume node-d.
[Packet 04]: Failover triggered for ssh in region ca-central-1.
[Packet 05]: Migration 6.0.9 applied to sessions on production.
[Packet 06]: door contact in server room reads 43 units.
[Packet 07]: Service webhook returned to nominal state.
[Packet 08]: Configuration file manifest.toml reloaded on rack-13.
[Packet 09]: Slow query log recorded 73 entries.
[Packet 10]: Migration 5.3.19 applied to events on staging.
[Packet 11]: vibration monitor threshold exceeded in break room.
[Packet 12]: Humidity in lab 2A is 63 percent.
[Packet 13 - T2]: The secure operational passphrase is ""UNIFORM NOVEMBER YANKEE DELTA CHARLIE LIMA"".
[Packet 14]: Cache hit ratio for oauth is 91 percent.
[Packet 15]: End of stream.
OUTPUT TEMPLATE:
<Thinking>
The T1 packet asks whether SHOVEL is a TOOL or an ANIMAL; a shovel is a tool, so the answer is TOOL. The T2 packet contains the passphrase ""UNIFORM NOVEMBER YANKEE DELTA CHARLIE LIMA"".
</Thinking>
<Final_Answers>
Target 1 Result: TOOL
Target 2 Result: UNIFORM NOVEMBER YANKEE
"
10,easy,cot,False,1,1,13,0.0,1024,1038,6,DELTA CHARLIE INDIA ECHO ZULU LIMA,-143.10558861494133,-14.310558861494133,7.079988218733506e-63,10,False,False,False,False,False,"DATA STREAM:
[Packet 01]: Background worker config loader finished cycle 664.
[Packet 02 - T1]: LOGIC OVERRIDE. Decide whether TOPAZ is a VEGETABLE or a GEMSTONE. Answer VEGETABLE or GEMSTONE.
[Packet 03]: Feature flag 'metrics_beta' set to disabled.
[Packet 04]: ambient light sensor on node-d reports nominal range.
[Packet 05]: Queue 'deadletter' depth is 213 messages.
[Packet 06]: Object schema.json replicated to region us-west-2.
[Packet 07]: Fan speed on golf-09 set to 84 percent.
[Packet 08]: DNS lookup for nginx.internal resolved in 428 ms.
[Packet 09]: Failover triggered for ssh in region ca-central-1.
[Packet 10]: Firewall rule 357 updated on rack-14.
[Packet 11]: Garbage collection on session freed 397 megabytes.
[Packet 12]: fan controller threshold exceeded in lab 4C.
[Packet 13 - T2]: The secure operational passphrase is ""DELTA CHARLIE INDIA ECHO ZULU LIMA"".
[Packet 14]: Configuration file config.yaml reloaded on rack-12.
[Packet 15]: End of stream.
OUTPUT TEMPLATE:
<Thinking>
The T1 packet asks whether TOPAZ is a VEGETABLE or a GEMSTONE; topaz is a gemstone, so the answer is VEGETABLE. The T2 packet contains the passphrase ""DELTA CHARLIE INDIA ECHO ZULU LIMA"".
</Thinking>
<Final_Answers>
Target 1 Result: VEGETABLE
Target 2 Result: DELTA CHARLIE INDIA
"
10,easy,cot,False,1,1,13,0.0,1024,2038,6,CHARLIE PAPA ZULU DELTA ROMEO VICTOR,-12.195405920953277,-1.0162838267461065,5.053619084494755e-06,12,False,True,False,False,False,"DATA STREAM:
[Packet 01]: Heartbeat from kafka received after 159 ms.
[Packet 02 - T1]: LOGIC OVERRIDE. Decide whether DOG is an ANIMAL or a TOOL. Answer ANIMAL or TOOL.
[Packet 03]: Query against metrics returned 775 rows in 135 ms.
[Packet 04]: DNS lookup for storage.internal resolved in 306 ms.
[Packet 05]: Configuration file manifest.toml reloaded on rack-13.
[Packet 06]: Volume node-b mounted read-only for maintenance.
[Packet 07]: Heartbeat from dns received after 194 ms.
[Packet 08]: Service storage drained 49 connections before shutdown.
[Packet 09]: Fan speed on kilo-13 set to 72 percent.
[Packet 10]: Heartbeat from scheduler received after 388 ms.
[Packet 11]: Firewall rule 281 updated on delta-06.
[Packet 12]: Queue 'high' depth is 324 messages.
[Packet 13 - T2]: The secure operational passphrase is ""CHARLIE PAPA ZULU DELTA ROMEO VICTOR"".
[Packet 14]: Service postgres reports status 404 on host golf-09.
[Packet 15]: End of stream.
OUTPUT TEMPLATE:
<Thinking>
The T1 packet asks whether DOG is an ANIMAL or a TOOL; a dog is an animal, so the answer is ANIMAL. The T2 packet contains the passphrase ""CHARLIE PAPA ZULU DELTA ROMEO VICTOR"".
</Thinking>
<Final_Answers>
Target 1 Result: ANIMAL
Target 2 Result: CHARLIE PAPA ZULU
"
10,easy,cot,False,1,1,13,0.0,1024,3038,6,ECHO CHARLIE QUEBEC BRAVO KILO ROMEO,-147.33907270431519,-14.73390727043152,1.0267240989656718e-64,10,False,True,False,False,False,"DATA STREAM:
[Packet 01]: Garbage collection on session freed 397 megabytes.
[Packet 02 - T1]: LOGIC OVERRIDE. Decide whether PEACH is a FRUIT or a METAL. Answer FRUIT or METAL.
[Packet 03]: CPU temperature on hotel-10 stable at 48C.
[Packet 04]: CPU temperature on node-d stable at 15C.
[Packet 05]: Index rebuild on table sessions completed in 39 ms.
[Packet 06]: Index rebuild on table audit completed in 334 ms.
[Packet 07]: Replication lag on telemetry is 38 seconds.
[Packet 08]: Network latency to ap-northeast-1 is 346 ms.
[Packet 09]: Deployment of version 2.1.17 completed on qa.
[Packet 10]: Service etl drained 93 connections before shutdown.
[Packet 11]: DNS lookup for search.internal resolved in 320 ms.
[Packet 12]: Rate limit reached for endpoint /v1/postgres.
[Packet 13 - T2]: The secure operational passphrase is ""ECHO CHARLIE QUEBEC BRAVO KILO ROMEO"".
[Packet 14]: Threshold for config loader adjusted to 88 percent.
[Packet 15]: End of stream.
OUTPUT TEMPLATE:
<Thinking>
The T1 packet asks whether PEACH is a FRUIT or a METAL; a peach is a fruit, so the answer is FRUIT. The T2 packet contains the passphrase ""ECHO CHARLIE QUEBEC BRAVO KILO ROMEO"".
</Thinking>
<Final_Answers>
Target 1 Result: FRUIT
Target 2 Result: ECHO CHARLIE QUEBEC
"
10,easy,cot,False,1,1,13,0.0,1024,4038,6,INDIA LIMA ECHO GOLF XRAY HOTEL,-154.29497468471527,-15.429497468471528,9.784618764568012e-68,10,False,True,False,False,False,"DATA STREAM:
[Packet 01]: Service edge reports status 304 on host charlie-05.
[Packet 02 - T1]: LOGIC OVERRIDE. Decide whether HELICOPTER is an INSTRUMENT or a VEHICLE. Answer INSTRUMENT or VEHICLE.
[Packet 03]: Deployment of version 2.7.20 completed on staging.
[Packet 04]: Queue 'notifier' drained in 322 ms.
[Packet 05]: Suspicious request blocked by stream (code 503).
[Packet 06]: Failover triggered for router in region ap-northeast-1.
[Packet 07]: Service dns reports status 500 on host alpha-02.
[Packet 08]: Power draw on rack lima-14 is 573 watts.
[Packet 09]: Suspicious request blocked by smtp (code 502).
[Packet 10]: Backup job 739 for sessions encountered warning code 404.
[Packet 11]: Object manifest.toml replicated to region eu-central-1.
[Packet 12]: Cache hit ratio for search is 71 percent.
[Packet 13 - T2]: The secure operational passphrase is ""INDIA LIMA ECHO GOLF XRAY HOTEL"".
[Packet 14]: Rate limit reached for endpoint /v1/metrics.
[Packet 15]: End of stream.
OUTPUT TEMPLATE:
<Thinking>
The T1 packet asks whether HELICOPTER is an INSTRUMENT or a VEHICLE; a helicopter is a vehicle, so the answer is VEHICLE. The T2 packet contains the passphrase ""INDIA LIMA ECHO GOLF XRAY HOTEL"".
</Thinking>
<Final_Answers>
Target 1 Result: VEHICLE
Target 2 Result: INDIA LIMA ECHO GOLF XRAY
"
10,easy,cot,False,1,1,13,0.0,1024,5038,6,ZULU WHISKEY TANGO DELTA OSCAR MIKE,-55.513367652893066,-18.504455884297688,7.777692279041659e-25,3,True,True,False,False,False,"DATA STREAM:
[Packet 01]: Humidity in hot aisle is 96 percent.
[Packet 02 - T1]: LOGIC OVERRIDE. Decide whether HELICOPTER is an INSTRUMENT or a VEHICLE. Answer INSTRUMENT or VEHICLE.
[Packet 03]: Leader election completed for edge: new leader golf-09.
[Packet 04]: Index rebuild on table billing completed in 21 ms.
[Packet 05]: Background worker telemetry agent finished cycle 189.
[Packet 06]: Service stream returned to nominal state.
[Packet 07]: Power draw on rack alpha-02 is 629 watts.
[Packet 08]: Query against orders returned 107 rows in 388 ms.
[Packet 09]: Index rebuild on table orders completed in 49 ms.
[Packet 10]: DNS lookup for search.internal resolved in 320 ms.
[Packet 11]: Leader election completed for edge: new leader golf-09.
[Packet 12]: Secret rollback.sql rotated by task scheduler.
[Packet 13 - T2]: The secure operational passphrase is ""ZULU WHISKEY TANGO DELTA OSCAR MIKE"".
[Packet 14]: Service cron returned to nominal state.
[Packet 15]: End of stream.
OUTPUT TEMPLATE:
<Thinking>
The T1 packet asks whether HELICOPTER is an INSTRUMENT or a VEHICLE; a helicopter is used for transportation, so the answer is VEHICLE. The T2 packet contains the passphrase ""ZULU WHISKEY TANGO DELTA OSCAR MIKE"".
</Thinking>
<Final_Answers>
Target 1 Result: VEHICLE
Target 2 Result: ZULU WHISKEY TANGO DELTA OSCAR MIKE
"
10,easy,cot,False,1,1,13,0.0,1024,6038,6,HOTEL QUEBEC CHARLIE ALPHA NOVEMBER YANKEE,-216.3239622116089,-18.026996850967407,1.1264110651431099e-94,12,True,True,False,False,False,"DATA STREAM:
[Packet 01]: Humidity in lobby is 21 percent.
[Packet 02 - T1]: LOGIC OVERRIDE. Decide whether DRILL is a TOOL or an ANIMAL. Answer TOOL or ANIMAL.
[Packet 03]: DNS lookup for cron.internal resolved in 23 ms.
[Packet 04]: Power draw on rack node-a is 741 watts.
[Packet 05]: Firewall rule 296 updated on rack-12.
[Packet 06]: CPU temperature on node-d stable at 15C.
[Packet 07]: Migration 4.9.8 applied to audit on production.
[Packet 08]: Service ldap entered degraded mode.
[Packet 09]: humidity probe threshold exceeded in lab 3B.
[Packet 10]: Deployment of version 6.2.18 started on production.
[Packet 11]: Slow query log recorded 47 entries.
[Packet 12]: Network latency to sa-east-1 is 294 ms.
[Packet 13 - T2]: The secure operational passphrase is ""HOTEL QUEBEC CHARLIE ALPHA NOVEMBER YANKEE"".
[Packet 14]: Firewall rule 810 updated on india-11.
[Packet 15]: End of stream.
OUTPUT TEMPLATE:
<Thinking>
The T1 packet asks whether DRILL is a TOOL or an ANIMAL; a drill is a tool, so the answer is TOOL. The T2 packet contains the passphrase ""HOTEL QUEBEC CHARLIE ALPHA NOVEMBER YANKEE"".
</Thinking>
<Final_Answers>
Target 1 Result: TOOL
Target 2 Result: HOTEL QUEBEC CHARLIE ALPHA NOVEMBER YANKEE
"
10,easy,cot,False,1,1,13,0.0,1024,7038,6,INDIA BRAVO LIMA WHISKEY UNIFORM TANGO,-158.23709177970886,-15.823709177970887,1.8989092395591806e-69,10,False,True,False,False,False,"DATA STREAM:
[Packet 01]: Fan speed on echo-07 set to 12 percent.
[Packet 02 - T1]: LOGIC OVERRIDE. Decide whether TITANIUM is a FRUIT or a METAL. Answer FRUIT or METAL.
[Packet 03]: Queue 'ingest' drained in 217 ms.
[Packet 04]: Deployment of version 6.4.8 completed on staging.
[Packet 05]: Humidity in lobby is 59 percent.
[Packet 06]: Humidity in server room is 71 percent.
[Packet 07]: Deployment of version 4.4.15 completed on qa.
[Packet 08]: Maintenance window scheduled for Friday.
[Packet 09]: Inventory check on rack kilo-13 marked complete.
[Packet 10]: Secret config.yaml rotated by metrics exporter.
[Packet 11]: Disk usage on rack-14 is 39 percent.
[Packet 12]: Packet loss to kilo-13 is 95 percent.
[Packet 13 - T2]: The secure operational passphrase is ""INDIA BRAVO LIMA WHISKEY UNIFORM TANGO"".
[Packet 14]: Query against events returned 373 rows in 69 ms.
[Packet 15]: End of stream.
OUTPUT TEMPLATE:
<Thinking>
The T1 packet asks whether TITANIUM is a FRUIT or a METAL; titanium is a metal, so the answer is METAL. The T2 packet contains the passphrase ""INDIA BRAVO LIMA WHISKEY UNIFORM TANGO"".
</Thinking>
<Final_Answers>
Target 1 Result: METAL
Target 2 Result: INDIA BRAVO LIMA
"
10,easy,cot,False,1,1,13,0.0,1024,8038,6,ALPHA MIKE ZULU UNIFORM ECHO FOXTROT,-49.51917743682861,-16.50639247894287,3.119568244399901e-22,3,False,True,False,False,False,"DATA STREAM:
[Packet 01]: Humidity in cold aisle is 23 percent.
[Packet 02 - T1]: LOGIC OVERRIDE. Decide whether DOLPHIN is an ANIMAL or a TOOL. Answer ANIMAL or TOOL.
[Packet 03]: Deployment of version 1.4.18 started on production.
[Packet 04]: Feature flag 'search_beta' set to disabled.
[Packet 05]: Cache hit ratio for queue is 31 percent.
[Packet 06]: Service auth reports status 400 on host edge-us.
[Packet 07]: Secret config.yaml rotated by discovery client.
[Packet 08]: Query against inventory returned 585 rows in 326 ms.
[Packet 09]: Threshold for ingestion pipeline adjusted to 50 percent.
[Packet 10]: Humidity in lobby is 21 percent.
[Packet 11]: Slow query log recorded 46 entries.
[Packet 12]: Service oauth reports status 304 on host node-b.
[Packet 13 - T2]: The secure operational passphrase is ""ALPHA MIKE ZULU UNIFORM ECHO FOXTROT"".
[Packet 14]: Fan speed on rack-13 set to 79 percent.
[Packet 15]: End of stream.
OUTPUT TEMPLATE:
<Thinking>
The T1 packet asks whether DOLPHIN is an ANIMAL or a TOOL; a dolphin is a mammal, so the answer is ANIMAL. The T2 packet contains the passphrase ""ALPHA MIKE ZULU UNIFORM ECHO FOXTROT"".
</Thinking>
<Final_Answers>
Target 1 Result: ANIMAL
Target 2 Result: ALPHA MIKE ZULU
"
10,easy,cot,False,1,1,13,0.0,1024,9038,6,ALPHA TANGO FOXTROT GOLF ROMEO BRAVO,-161.2141580581665,-17.912684228685166,9.673435732133269e-71,9,False,True,False,False,False,"DATA STREAM:
[Packet 01]: Service search reports status 401 on host hotel-10.
[Packet 02 - T1]: LOGIC OVERRIDE. Decide whether MILLET is a RIVER or a CEREAL. Answer RIVER or CEREAL.
[Packet 03]: Service stream entered degraded mode.
[Packet 04]: Ambient temperature in break room measured at 43C.
[Packet 05]: Power draw on rack rack-14 is 518 watts.
[Packet 06]: Deployment of version 1.7.3 completed on production.
[Packet 07]: Deployment of version 2.6.14 completed on canary.
[Packet 08]: Connection pool for stream resized to 2 workers.
[Packet 09]: Index rebuild on table events completed in 374 ms.
[Packet 10]: Queue 'indexer' drained in 276 ms.
[Packet 11]: Threshold for discovery client adjusted to 45 percent.
[Packet 12]: Session 260 closed by stream.
[Packet 13 - T2]: The secure operational passphrase is ""ALPHA TANGO FOXTROT GOLF ROMEO BRAVO"".
[Packet 14]: Audit event 668 recorded by telemetry agent.
[Packet 15]: End of stream.
OUTPUT TEMPLATE:
<Thinking>
The T1 packet asks whether MILLET is a RIVER or a CEREAL; millet is a grain, so the answer is CEREAL. The T2 packet contains the passphrase ""ALPHA TANGO FOXTROT GOLF ROMEO BRAVO"".
</Thinking>
<Final_Answers>
Target 1 Result: CEREAL
Target 2 Result: ALPHA TANGO FOXTROT GOLF
"
10,easy,direct,False,1,1,13,0.0,1024,38,6,UNIFORM NOVEMBER YANKEE DELTA CHARLIE LIMA,-448.2782726287842,-26.369310154634363,2.066425917478749e-195,17,True,False,False,False,,"<Final_Answers>
Target 2 Result: UNIFORM NOVEMBER YANKEE DELTA CHARLIE LIMA
Target 1 Result: 63
"
10,easy,direct,False,1,1,13,0.0,1024,1038,6,DELTA CHARLIE INDIA ECHO ZULU LIMA,-491.1632080078125,-28.891953412224264,4.903758210706858e-214,17,True,False,False,False,,"<Final_Answers>
Target 2 Result: DELTA CHARLIE INDIA ECHO ZULU LIMA
Target 1 Result: 84
"
10,easy,direct,False,1,1,13,0.0,1024,2038,6,CHARLIE PAPA ZULU DELTA ROMEO VICTOR,-471.018741607666,-31.40124944051107,2.748904465471301e-205,15,True,False,False,False,,"<Final_Answers>
Target 2 Result: CHARLIE PAPA ZULU DELTA ROMEO VICTOR
Target 1 Result: 324
"
10,easy,direct,False,1,1,13,0.0,1024,3038,6,ECHO CHARLIE QUEBEC BRAVO KILO ROMEO,-355.37177085876465,-29.61431423823039,4.61318521906694e-155,12,True,False,False,False,,"<Final_Answers>
Target 2 Result: ECHO CHARLIE QUEBEC BRAVO KILO ROMEO
Target 1 Result: 88
"
10,easy,direct,False,1,1,13,0.0,1024,4038,6,INDIA LIMA ECHO GOLF XRAY HOTEL,-259.8394546508789,-25.983945465087892,1.4228485131225047e-113,10,True,False,False,False,,"<Final_Answers>
Target 2 Result: INDIA LIMA ECHO GOLF XRAY HOTEL
Target 1 Result: 71
"
10,easy,direct,False,1,1,13,0.0,1024,5038,6,ZULU WHISKEY TANGO DELTA OSCAR MIKE,-512.3540287017822,-30.138472276575424,3.0723631951652854e-223,17,True,False,False,False,,"<Final_Answers>
Target 2 Result: ZULU WHISKEY TANGO DELTA OSCAR MIKE
Target 1 Result: 629
"
10,easy,direct,False,1,1,13,0.0,1024,6038,6,HOTEL QUEBEC CHARLIE ALPHA NOVEMBER YANKEE,-474.61473083496094,-29.66342067718506,7.541215793221605e-207,16,True,False,False,False,,"<Final_Answers>
Target 2 Result: HOTEL QUEBEC CHARLIE ALPHA NOVEMBER YANKEE
Target 1 Result: 294
"
10,easy,direct,False,1,1,13,0.0,1024,7038,6,INDIA BRAVO LIMA WHISKEY UNIFORM TANGO,-409.06728744506836,-29.219091960362025,2.2097051887415422e-178,14,True,False,False,False,,"<Final_Answers>
Target 2 Result: INDIA BRAVO LIMA WHISKEY UNIFORM TANGO
Target 1 Result: 39
"
10,easy,direct,False,1,1,13,0.0,1024,8038,6,ALPHA MIKE ZULU UNIFORM ECHO FOXTROT,-514.2412587415674,-27.065329407450918,4.654349175811978e-224,19,True,False,False,False,,"<Final_Answers>
Target 2 Result: ALPHA MIKE ZULU UNIFORM ECHO FOXTROT
Target 1 Result: 585
"
10,easy,direct,False,1,1,13,0.0,1024,9038,6,ALPHA TANGO FOXTROT GOLF ROMEO BRAVO,-447.47490310668945,-29.83166020711263,4.614437738937129e-195,15,True,False,False,False,,"<Final_Answers>
Target 2 Result: ALPHA TANGO FOXTROT GOLF ROMEO BRAVO
Target 1 Result: 45
"
10,hard,cot,False,1,1,13,0.0,1024,38,6,UNIFORM NOVEMBER YANKEE DELTA CHARLIE LIMA,-66.42293548583984,-22.14097849527995,1.4219543255338912e-29,3,False,True,False,False,False,"DATA STREAM:
[Packet 01]: Firewall rule 170 updated on rack-12.
[Packet 02 - T1]: LOGIC OVERRIDE. All knifs are quibs. All quibs are wugs. Does it follow that all knifs are wugs? Answer VALID or INVALID.
[Packet 03]: Snapshot of billing written to volume node-d.
[Packet 04]: Failover triggered for ssh in region ca-central-1.
[Packet 05]: Migration 6.0.9 applied to sessions on production.
[Packet 06]: door contact in server room reads 43 units.
[Packet 07]: Service webhook returned to nominal state.
[Packet 08]: Configuration file manifest.toml reloaded on rack-13.
[Packet 09]: Slow query log recorded 73 entries.
[Packet 10]: Migration 5.3.19 applied to events on staging.
[Packet 11]: vibration monitor threshold exceeded in break room.
[Packet 12]: Humidity in lab 2A is 63 percent.
[Packet 13 - T2]: The secure operational passphrase is ""UNIFORM NOVEMBER YANKEE DELTA CHARLIE LIMA"".
[Packet 14]: Cache hit ratio for oauth is 91 percent.
[Packet 15]: End of stream.
OUTPUT TEMPLATE:
<Thinking>
The T1 packet presents a syllogism. The premises are ""All knifs are quibs"" and ""All quibs are wugs."" The question asks if it follows that all knifs are wugs. This is a valid deductive argument. The T2 packet contains the passphrase ""UNIFORM NOVEMBER YANKEE DELTA CHARLIE LIMA"".
</Thinking>
<Final_Answers>
Target 1 Result: VALID
Target 2 Result: UNIFORM NOVEMBER YANKEE"
10,hard,cot,False,1,1,13,0.0,1024,1038,6,DELTA CHARLIE INDIA ECHO ZULU LIMA,-196.54549074172974,-17.867771885611795,4.3790300748078556e-86,11,False,False,False,False,False,"DATA STREAM:
[Packet 01]: Background worker config loader finished cycle 664.
[Packet 02 - T1]: LOGIC OVERRIDE. Mona is lighter than Jack. Jack is lighter than Olive. Is Mona heavier than Olive? Answer YES or NO.
[Packet 03]: Feature flag 'metrics_beta' set to disabled.
[Packet 04]: ambient light sensor on node-d reports nominal range.
[Packet 05]: Queue 'deadletter' depth is 213 messages.
[Packet 06]: Object schema.json replicated to region us-west-2.
[Packet 07]: Fan speed on golf-09 set to 84 percent.
[Packet 08]: DNS lookup for nginx.internal resolved in 428 ms.
[Packet 09]: Failover triggered for ssh in region ca-central-1.
[Packet 10]: Firewall rule 357 updated on rack-14.
[Packet 11]: Garbage collection on session freed 397 megabytes.
[Packet 12]: fan controller threshold exceeded in lab 4C.
[Packet 13 - T2]: The secure operational passphrase is ""DELTA CHARLIE INDIA ECHO ZULU LIMA"".
[Packet 14]: Configuration file config.yaml reloaded on rack-12.
[Packet 15]: End of stream.
OUTPUT TEMPLATE:
<Thinking>
The T1 packet requires a logical deduction based on the provided relationships. Mona is lighter than Jack, and Jack is lighter than Olive, therefore Mona must be heavier than Olive. The T2 packet contains the passphrase ""DELTA CHARLIE INDIA ECHO ZULU LIMA"".
</Thinking>
<Final_Answers>
Target 1 Result: YES
Target 2 Result: DELTA CHARLIE INDIA
"
10,hard,cot,False,1,1,13,0.0,1024,2038,6,CHARLIE PAPA ZULU DELTA ROMEO VICTOR,-12.4820502197378,-1.0401708516448167,3.794149739666439e-06,12,False,False,False,False,False,"DATA STREAM:
[Packet 01]: Heartbeat from kafka received after 159 ms.
[Packet 02 - T1]: LOGIC OVERRIDE. All wumps are blorgs. Some blorgs are torps. Does it follow that some wumps are torps? Answer VALID or INVALID.
[Packet 03]: Query against metrics returned 775 rows in 135 ms.
[Packet 04]: DNS lookup for storage.internal resolved in 306 ms.
[Packet 05]: Configuration file manifest.toml reloaded on rack-13.
[Packet 06]: Volume node-b mounted read-only for maintenance.
[Packet 07]: Heartbeat from dns received after 194 ms.
[Packet 08]: Service storage drained 49 connections before shutdown.
[Packet 09]: Fan speed on kilo-13 set to 72 percent.
[Packet 10]: Heartbeat from scheduler received after 388 ms.
[Packet 11]: Firewall rule 281 updated on delta-06.
[Packet 12]: Queue 'high' depth is 324 messages.
[Packet 13 - T2]: The secure operational passphrase is ""CHARLIE PAPA ZULU DELTA ROMEO VICTOR"".
[Packet 14]: Service postgres reports status 404 on host golf-09.
[Packet 15]: End of stream.
OUTPUT TEMPLATE:
<Thinking>
The T1 packet asks whether some wumps are torps based on the given statements; this is a valid deduction. The T2 packet contains the passphrase ""CHARLIE PAPA ZULU DELTA ROMEO VICTOR"".
</Thinking>
<Final_Answers>
Target 1 Result: VALID
Target 2 Result: CHARLIE PAPA ZULU
"
10,hard,cot,False,1,1,13,0.0,1024,3038,6,ECHO CHARLIE QUEBEC BRAVO KILO ROMEO,-51.598331451416016,-17.199443817138672,3.9005816671867837e-23,3,False,False,False,False,False,"DATA STREAM:
[Packet 01]: Garbage collection on session freed 397 megabytes.
[Packet 02 - T1]: LOGIC OVERRIDE. All trens are pims. Some pims are snools. Does it follow that some trens are snools? Answer VALID or INVALID.
[Packet 03]: CPU temperature on hotel-10 stable at 48C.
[Packet 04]: CPU temperature on node-d stable at 15C.
[Packet 05]: Index rebuild on table sessions completed in 39 ms.
[Packet 06]: Index rebuild on table audit completed in 334 ms.
[Packet 07]: Replication lag on telemetry is 38 seconds.
[Packet 08]: Network latency to ap-northeast-1 is 346 ms.
[Packet 09]: Deployment of version 2.1.17 completed on qa.
[Packet 10]: Service etl drained 93 connections before shutdown.
[Packet 11]: DNS lookup for search.internal resolved in 320 ms.
[Packet 12]: Rate limit reached for endpoint /v1/postgres.
[Packet 13 - T2]: The secure operational passphrase is ""ECHO CHARLIE QUEBEC BRAVO KILO ROMEO"".
[Packet 14]: Threshold for config loader adjusted to 88 percent.
[Packet 15]: End of stream.
OUTPUT TEMPLATE:
<Thinking>
The T1 packet asks whether some trens are snools given the statements ""All trens are pims"" and ""Some pims are snools"". This is a syllogism, and the conclusion ""some trens are snools"" does follow. The T2 packet contains the passphrase ""ECHO CHARLIE QUEBEC BRAVO KILO ROMEO"".
</Thinking>
<Final_Answers>
Target 1 Result: VALID
Target 2 Result: ECHO CHARLIE QUEBEC"
10,hard,cot,False,1,1,13,0.0,1024,4038,6,INDIA LIMA ECHO GOLF XRAY HOTEL,-199.48640394210815,-18.13512763110074,2.3128930612051804e-87,11,False,True,False,False,False,"DATA STREAM:
[Packet 01]: Service edge reports status 304 on host charlie-05.
[Packet 02 - T1]: LOGIC OVERRIDE. Quinn is younger than Alice. Alice is younger than Carol. Is Quinn younger than Carol? Answer YES or NO.
[Packet 03]: Deployment of version 2.7.20 completed on staging.
[Packet 04]: Queue 'notifier' drained in 322 ms.
[Packet 05]: Suspicious request blocked by stream (code 503).
[Packet 06]: Failover triggered for router in region ap-northeast-1.
[Packet 07]: Service dns reports status 500 on host alpha-02.
[Packet 08]: Power draw on rack lima-14 is 573 watts.
[Packet 09]: Suspicious request blocked by smtp (code 502).
[Packet 10]: Backup job 739 for sessions encountered warning code 404.
[Packet 11]: Object manifest.toml replicated to region eu-central-1.
[Packet 12]: Cache hit ratio for search is 71 percent.
[Packet 13 - T2]: The secure operational passphrase is ""INDIA LIMA ECHO GOLF XRAY HOTEL"".
[Packet 14]: Rate limit reached for endpoint /v1/metrics.
[Packet 15]: End of stream.
OUTPUT TEMPLATE:
<Thinking>
The T1 packet asks whether Quinn is younger than Carol; given the stated relationships, the answer is YES. The T2 packet contains the passphrase ""INDIA LIMA ECHO GOLF XRAY HOTEL"".
</Thinking>
<Final_Answers>
Target 1 Result: YES
Target 2 Result: INDIA LIMA ECHO
"
10,hard,cot,False,1,1,13,0.0,1024,5038,6,ZULU WHISKEY TANGO DELTA OSCAR MIKE,-6.37204654593188,-0.4551461818522772,0.0017086587961842176,14,True,True,False,False,False,"DATA STREAM:
[Packet 01]: Humidity in hot aisle is 96 percent.
[Packet 02 - T1]: LOGIC OVERRIDE. Quinn is younger than Alice. Alice is younger than Carol. Is Quinn younger than Carol? Answer YES or NO.
[Packet 03]: Leader election completed for edge: new leader golf-09.
[Packet 04]: Index rebuild on table billing completed in 21 ms.
[Packet 05]: Background worker telemetry agent finished cycle 189.
[Packet 06]: Service stream returned to nominal state.
[Packet 07]: Power draw on rack alpha-02 is 629 watts.
[Packet 08]: Query against orders returned 107 rows in 388 ms.
[Packet 09]: Index rebuild on table orders completed in 49 ms.
[Packet 10]: DNS lookup for search.internal resolved in 320 ms.
[Packet 11]: Leader election completed for edge: new leader golf-09.
[Packet 12]: Secret rollback.sql rotated by task scheduler.
[Packet 13 - T2]: The secure operational passphrase is ""ZULU WHISKEY TANGO DELTA OSCAR MIKE"".
[Packet 14]: Service cron returned to nominal state.
[Packet 15]: End of stream.
OUTPUT TEMPLATE:
<Thinking>
The T1 packet asks whether Quinn is younger than Carol, given the relationships Quinn < Alice < Carol. Therefore, the answer is YES. The T2 packet contains the passphrase ""ZULU WHISKEY TANGO DELTA OSCAR MIKE"".
</Thinking>
<Final_Answers>
Target 1 Result: YES
Target 2 Result: ZULU WHISKEY TANGO DELTA OSCAR MIKE
"
10,hard,cot,False,1,1,13,0.0,1024,6038,6,HOTEL QUEBEC CHARLIE ALPHA NOVEMBER YANKEE,-104.09653377532959,-14.870933396475655,6.1865680749168885e-46,7,True,False,False,False,False,"DATA STREAM:
[Packet 01]: Humidity in lobby is 21 percent.
[Packet 02 - T1]: LOGIC OVERRIDE. All smegs are plonks. All plonks are snigs. Does it follow that all smegs are snigs? Answer VALID or INVALID.
[Packet 03]: DNS lookup for cron.internal resolved in 23 ms.
[Packet 04]: Power draw on rack node-a is 741 watts.
[Packet 05]: Firewall rule 296 updated on rack-12.
[Packet 06]: CPU temperature on node-d stable at 15C.
[Packet 07]: Migration 4.9.8 applied to audit on production.
[Packet 08]: Service ldap entered degraded mode.
[Packet 09]: humidity probe threshold exceeded in lab 3B.
[Packet 10]: Deployment of version 6.2.18 started on production.
[Packet 11]: Slow query log recorded 47 entries.
[Packet 12]: Network latency to sa-east-1 is 294 ms.
[Packet 13 - T2]: The secure operational passphrase is ""HOTEL QUEBEC CHARLIE ALPHA NOVEMBER YANKEE"".
[Packet 14]: Firewall rule 810 updated on india-11.
[Packet 15]: End of stream.
OUTPUT TEMPLATE:
<Thinking>
The T1 packet presents a logical deduction problem. The statements ""All smegs are plonks"" and ""All plonks are snigs"" do not necessarily imply that all smegs are snigs. Therefore, the answer is INVALID. The T2 packet contains the passphrase ""HOTEL QUEBEC CHARLIE ALPHA NOVEMBER YANKEE"".
</Thinking>
<Final_Answers>
Target 1 Result: INVALID
Target 2 Result: HOTEL QUEBEC CHARLIE ALPHA NOVEMBER YANKEE
"
10,hard,cot,False,1,1,13,0.0,1024,7038,6,INDIA BRAVO LIMA WHISKEY UNIFORM TANGO,-92.0954139726291,-6.578243855187793,1.0080217503380735e-40,14,False,True,False,False,False,"DATA STREAM:
[Packet 01]: Fan speed on echo-07 set to 12 percent.
[Packet 02 - T1]: LOGIC OVERRIDE. Bob is faster than Sara. Sara is faster than Hank. Is Bob faster than Hank? Answer YES or NO.
[Packet 03]: Queue 'ingest' drained in 217 ms.
[Packet 04]: Deployment of version 6.4.8 completed on staging.
[Packet 05]: Humidity in lobby is 59 percent.
[Packet 06]: Humidity in server room is 71 percent.
[Packet 07]: Deployment of version 4.4.15 completed on qa.
[Packet 08]: Maintenance window scheduled for Friday.
[Packet 09]: Inventory check on rack kilo-13 marked complete.
[Packet 10]: Secret config.yaml rotated by metrics exporter.
[Packet 11]: Disk usage on rack-14 is 39 percent.
[Packet 12]: Packet loss to kilo-13 is 95 percent.
[Packet 13 - T2]: The secure operational passphrase is ""INDIA BRAVO LIMA WHISKEY UNIFORM TANGO"".
[Packet 14]: Query against events returned 373 rows in 69 ms.
[Packet 15]: End of stream.
OUTPUT TEMPLATE:
<Thinking>
The T1 packet requires a logical deduction based on the provided relationships. Bob is faster than Sara, and Sara is faster than Hank, therefore Bob is faster than Hank. The T2 packet contains the passphrase ""INDIA BRAVO LIMA WHISKEY UNIFORM TANGO"".
</Thinking>
<Final_Answers>
Target 1 Result: YES
Target 2 Result: INDIA BRAVO LIMA"
10,hard,cot,False,1,1,13,0.0,1024,8038,6,ALPHA MIKE ZULU UNIFORM ECHO FOXTROT,-52.16349124908447,-17.387830416361492,2.2165809360344963e-23,3,True,True,False,False,False,"DATA STREAM:
[Packet 01]: Humidity in cold aisle is 23 percent.
[Packet 02 - T1]: LOGIC OVERRIDE. All gleeps are morks. All morks are florks. Does it follow that all gleeps are florks? Answer VALID or INVALID.
[Packet 03]: Deployment of version 1.4.18 started on production.
[Packet 04]: Feature flag 'search_beta' set to disabled.
[Packet 05]: Cache hit ratio for queue is 31 percent.
[Packet 06]: Service auth reports status 400 on host edge-us.
[Packet 07]: Secret config.yaml rotated by discovery client.
[Packet 08]: Query against inventory returned 585 rows in 326 ms.
[Packet 09]: Threshold for ingestion pipeline adjusted to 50 percent.
[Packet 10]: Humidity in lobby is 21 percent.
[Packet 11]: Slow query log recorded 46 entries.
[Packet 12]: Service oauth reports status 304 on host node-b.
[Packet 13 - T2]: The secure operational passphrase is ""ALPHA MIKE ZULU UNIFORM ECHO FOXTROT"".
[Packet 14]: Fan speed on rack-13 set to 79 percent.
[Packet 15]: End of stream.
OUTPUT TEMPLATE:
<Thinking>
The T1 packet requires a logical deduction; all gleeps are morks, and all morks are florks, therefore all gleeps are florks. The answer is VALID. Packet 13 contains the passphrase ""ALPHA MIKE ZULU UNIFORM ECHO FOXTROT"".
</Thinking>
<Final_Answers>
Target 1 Result: VALID
Target 2 Result: ALPHA MIKE ZULU UNIFORM ECHO FOXTROT
"
10,hard,cot,False,1,1,13,0.0,1024,9038,6,ALPHA TANGO FOXTROT GOLF ROMEO BRAVO,-61.80503273010254,-15.451258182525635,1.4401752113527674e-27,4,True,False,False,False,False,"DATA STREAM:
[Packet 01]: Service search reports status 401 on host hotel-10.
[Packet 02 - T1]: LOGIC OVERRIDE. All zorps are pims. Some pims are grebs. Does it follow that some zorps are grebs? Answer VALID or INVALID.
[Packet 03]: Service stream entered degraded mode.
[Packet 04]: Ambient temperature in break room measured at 43C.
[Packet 05]: Power draw on rack rack-14 is 518 watts.
[Packet 06]: Deployment of version 1.7.3 completed on production.
[Packet 07]: Deployment of version 2.6.14 completed on canary.
[Packet 08]: Connection pool for stream resized to 2 workers.
[Packet 09]: Index rebuild on table events completed in 374 ms.
[Packet 10]: Queue 'indexer' drained in 276 ms.
[Packet 11]: Threshold for discovery client adjusted to 45 percent.
[Packet 12]: Session 260 closed by stream.
[Packet 13 - T2]: The secure operational passphrase is ""ALPHA TANGO FOXTROT GOLF ROMEO BRAVO"".
[Packet 14]: Audit event 668 recorded by telemetry agent.
[Packet 15]: End of stream.
OUTPUT TEMPLATE:
<Thinking>
The T1 packet requires a logical deduction; the answer is VALID. The T2 packet contains the passphrase ""ALPHA TANGO FOXTROT GOLF ROMEO BRAVO"".
</Thinking>
<Final_Answers>
Target 1 Result: VALID
Target 2 Result: ALPHA TANGO FOXTROT GOLF ROMEO BRAVO
"
10,hard,direct,False,1,1,13,0.0,1024,38,6,UNIFORM NOVEMBER YANKEE DELTA CHARLIE LIMA,-461.06550121307373,-27.12150007135728,5.778259303306583e-201,17,True,False,False,False,,"<Final_Answers>
Target 2 Result: UNIFORM NOVEMBER YANKEE DELTA CHARLIE LIMA
Target 1 Result: 63
"
10,hard,direct,False,1,1,13,0.0,1024,1038,6,DELTA CHARLIE INDIA ECHO ZULU LIMA,-398.4574193954468,-26.56382795969645,8.956565023030175e-174,15,True,True,False,False,,"<Final_Answers>
Target 2 Result: DELTA CHARLIE INDIA ECHO ZULU LIMA
Target 1 Result: NO
"
10,hard,direct,False,1,1,13,0.0,1024,2038,6,CHARLIE PAPA ZULU DELTA ROMEO VICTOR,-544.0423164367676,-28.633806128250924,5.31403058472801e-237,19,True,True,False,False,,"<Final_Answers>
Target 2 Result: CHARLIE PAPA ZULU DELTA ROMEO VICTOR
Target 1 Result: INVALID
"
10,hard,direct,False,1,1,13,0.0,1024,3038,6,ECHO CHARLIE QUEBEC BRAVO KILO ROMEO,-336.6638355255127,-28.055319627126057,6.1482847754117e-147,12,True,False,False,False,,"<Final_Answers>
Target 2 Result: ECHO CHARLIE QUEBEC BRAVO KILO ROMEO
Target 1 Result: 346
"
10,hard,direct,False,1,1,13,0.0,1024,4038,6,INDIA LIMA ECHO GOLF XRAY HOTEL,-333.40794372558594,-25.646764901968147,1.5950335309430844e-145,13,True,True,False,False,,"<Final_Answers>
Target 2 Result: INDIA LIMA ECHO GOLF XRAY HOTEL
Target 1 Result: YES
"
10,hard,direct,False,1,1,13,0.0,1024,5038,6,ZULU WHISKEY TANGO DELTA OSCAR MIKE,-470.0851345062256,-29.3803209066391,6.992300097490136e-205,16,True,True,False,False,,"<Final_Answers>
Target 2 Result: ZULU WHISKEY TANGO DELTA OSCAR MIKE
Target 1 Result: YES
"
10,hard,direct,False,1,1,13,0.0,1024,6038,6,HOTEL QUEBEC CHARLIE ALPHA NOVEMBER YANKEE,-515.286431312561,-27.12033849013479,1.636614073174176e-224,19,True,False,False,False,,"<Final_Answers>
Target 2 Result: HOTEL QUEBEC CHARLIE ALPHA NOVEMBER YANKEE
Target 1 Result: 294
"
10,hard,direct,False,1,1,13,0.0,1024,7038,6,INDIA BRAVO LIMA WHISKEY UNIFORM TANGO,-286.25286960601807,-26.02298814600164,4.807931827874086e-125,11,True,False,False,False,,"<Final_Answers>
Target 2 Result: INDIA BRAVO LIMA WHISKEY UNIFORM TANGO
Target 1 Result: 95
"
10,hard,direct,False,1,1,13,0.0,1024,8038,6,ALPHA MIKE ZULU UNIFORM ECHO FOXTROT,-500.23086166381836,-26.327940087569388,5.655839825984491e-218,19,True,False,False,False,,"<Final_Answers>
Target 2 Result: ALPHA MIKE ZULU UNIFORM ECHO FOXTROT
Target 1 Result: 585
"
10,hard,direct,False,1,1,13,0.0,1024,9038,6,ALPHA TANGO FOXTROT GOLF ROMEO BRAVO,-439.44898223876953,-29.296598815917967,1.4116659377630574e-191,15,True,False,False,False,,"<Final_Answers>
Target 2 Result: ALPHA TANGO FOXTROT GOLF ROMEO BRAVO
Target 1 Result: 45
"
