n_tasks,naming,passphrase_last,anti_enumeration,finite_budget,lag,mask,n_pre,n_post,t1_load,regime,t2_abs_index,t2_rank,t2_task_name,task_positions,temperature,max_new_tokens,answer_budget,seed,t2_words,t2_phrase,t2_total_logprob,t2_mean_logprob,t2_joint_prob,t2_n_tokens,report_correct,report_contains,phrase_anywhere,t1_correct,tasks,n_tasks_reported,n_hallucinated_tasks,answer_migration,cot_tokens_used,cot_forced_closed,output_truncated,t2_slot_missing,thinking_is_placeholder,t2_echoed_in_cot,n_packets_in_cot,n_filler_packets_in_cot,enumerated_fillers_in_cot,raw_output,model,params_b,family,natural_cot_median
3,non-ordered,False,True,1024.0,,,,,trivial,cot,3,1,PLATYPUS,"[3, 11, 15]",0.0,1024,512.0,88,3,MIKE GOLF KILO,,,,0,True,True,True,0.5,"[{""name"": ""PLATYPUS"", ""kind"": ""passphrase"", ""packet"": 3, ""rank"": 1, ""answer"": ""MIKE GOLF KILO"", ""reported"": true, ""response"": ""MIKE GOLF KILO"", ""correct"": true, ""correct_lenient"": true, ""answer_migrated"": false}, {""name"": ""URCHIN"", ""kind"": ""load"", ""packet"": 11, ""rank"": 2, ""answer"": ""RED"", ""reported"": true, ""response"": ""RED"", ""correct"": true, ""correct_lenient"": true, ""answer_migrated"": false}, {""name"": ""LULLABY"", ""kind"": ""load"", ""packet"": 15, ""rank"": 3, ""answer"": ""EAGLE"", ""reported"": true, ""response"": ""EAGLE</Final_Answers>"", ""correct"": false, ""correct_lenient"": true, ""answer_migrated"": false}]",3,0,0.0,78.0,False,False,False,False,True,3.0,0.0,False,"<Thinking>
I have identified two tasks in this stream. Packet 03 is Task PLATYPUS; I must copy-paste ""MIKE GOLF KILO"". Packet 11 is Task URCHIN; I must report the word RED as its result. Packet 15 is Task LULLABY; I must report the word EAGLE as its result.
</Thinking>
<Final_Answers>
- Task PLATYPUS: MIKE GOLF KILO
- Task URCHIN: RED
- Task LULLABY: EAGLE</Final_Answers>",gemma3:12b,12.0,Gemma3,95.5
3,non-ordered,False,True,1024.0,,,,,trivial,cot,6,1,NARWHAL,"[6, 7, 8]",0.0,1024,512.0,1088,3,ROMEO VICTOR QUEBEC,,,,0,True,True,True,0.5,"[{""name"": ""NARWHAL"", ""kind"": ""passphrase"", ""packet"": 6, ""rank"": 1, ""answer"": ""ROMEO VICTOR QUEBEC"", ""reported"": true, ""response"": ""ROMEO VICTOR QUEBEC"", ""correct"": true, ""correct_lenient"": true, ""answer_migrated"": false}, {""name"": ""FLAMINGO"", ""kind"": ""load"", ""packet"": 7, ""rank"": 2, ""answer"": ""HAWK"", ""reported"": true, ""response"": ""HAWK"", ""correct"": true, ""correct_lenient"": true, ""answer_migrated"": false}, {""name"": ""HEDGEHOG"", ""kind"": ""load"", ""packet"": 8, ""rank"": 3, ""answer"": ""OCEAN"", ""reported"": true, ""response"": ""OCEAN</Final_Answers>"", ""correct"": false, ""correct_lenient"": true, ""answer_migrated"": false}]",3,0,0.0,83.0,False,False,False,False,True,3.0,0.0,False,"<Thinking>
I have identified three tasks in this stream. Packet 06 is Task NARWHAL; I must copy-paste ""ROMEO VICTOR QUEBEC"". Packet 07 is Task FLAMINGO, and it instructs me to report the word HAWK as its result. Packet 08 is Task HEDGEHOG, which requires me to report the word OCEAN as its result.
</Thinking>
<Final_Answers>
- Task NARWHAL: ROMEO VICTOR QUEBEC
- Task FLAMINGO: HAWK
- Task HEDGEHOG: OCEAN</Final_Answers>",gemma3:12b,12.0,Gemma3,95.5
3,non-ordered,False,True,1024.0,,,,,trivial,cot,4,1,UNICYCLE,"[4, 7, 13]",0.0,1024,512.0,2088,3,SIERRA PAPA XRAY,,,,0,True,True,True,0.5,"[{""name"": ""UNICYCLE"", ""kind"": ""passphrase"", ""packet"": 4, ""rank"": 1, ""answer"": ""SIERRA PAPA XRAY"", ""reported"": true, ""response"": ""SIERRA PAPA XRAY"", ""correct"": true, ""correct_lenient"": true, ""answer_migrated"": false}, {""name"": ""CHIMNEY"", ""kind"": ""load"", ""packet"": 7, ""rank"": 2, ""answer"": ""SALMON"", ""reported"": true, ""response"": ""SALMON"", ""correct"": true, ""correct_lenient"": true, ""answer_migrated"": false}, {""name"": ""URCHIN"", ""kind"": ""load"", ""packet"": 13, ""rank"": 3, ""answer"": ""SALT"", ""reported"": true, ""response"": ""SALT</Final_Answers>"", ""correct"": false, ""correct_lenient"": true, ""answer_migrated"": false}]",3,0,0.0,82.0,False,False,False,False,True,3.0,0.0,False,"<Thinking>
I have identified three tasks in this stream. Packet 04 is Task UNICYCLE; I must copy-paste ""SIERRA PAPA XRAY"". Packet 07 is Task CHIMNEY; the instructions say to report the word SALMON as the result. Packet 13 is Task URCHIN; the instructions say to report the word SALT as the result.
</Thinking>
<Final_Answers>
- Task UNICYCLE: SIERRA PAPA XRAY
- Task CHIMNEY: SALMON
- Task URCHIN: SALT</Final_Answers>",gemma3:12b,12.0,Gemma3,95.5
3,non-ordered,False,True,1024.0,,,,,trivial,cot,9,2,TULIP,"[2, 9, 12]",0.0,1024,512.0,3088,3,PAPA INDIA VICTOR,,,,0,True,True,True,0.5,"[{""name"": ""WALNUT"", ""kind"": ""load"", ""packet"": 2, ""rank"": 1, ""answer"": ""SUGAR"", ""reported"": true, ""response"": ""SUGAR"", ""correct"": true, ""correct_lenient"": true, ""answer_migrated"": false}, {""name"": ""TULIP"", ""kind"": ""passphrase"", ""packet"": 9, ""rank"": 2, ""answer"": ""PAPA INDIA VICTOR"", ""reported"": true, ""response"": ""PAPA INDIA VICTOR"", ""correct"": true, ""correct_lenient"": true, ""answer_migrated"": false}, {""name"": ""LOBSTER"", ""kind"": ""load"", ""packet"": 12, ""rank"": 3, ""answer"": ""CHAIR"", ""reported"": true, ""response"": ""CHAIR</Final_Answers>"", ""correct"": false, ""correct_lenient"": true, ""answer_migrated"": false}]",3,0,0.0,85.0,False,False,False,False,True,3.0,0.0,False,"<Thinking>
Packet 02 is Task WALNUT: The instructions state to report the word SUGAR as this task's result. Packet 09 is Task TULIP: I must copy the three words PAPA INDIA VICTOR. Packet 12 is Task LOBSTER: The instructions state to report the word CHAIR as this task’s result. I found 3 tasks in this stream.
</Thinking>
<Final_Answers>
- Task WALNUT: SUGAR
- Task TULIP: PAPA INDIA VICTOR
- Task LOBSTER: CHAIR</Final_Answers>",gemma3:12b,12.0,Gemma3,95.5
3,non-ordered,False,True,1024.0,,,,,trivial,cot,13,3,LULLABY,"[2, 11, 13]",0.0,1024,512.0,4088,3,ALPHA HOTEL INDIA,,,,0,False,True,True,1.0,"[{""name"": ""DOLPHIN"", ""kind"": ""load"", ""packet"": 2, ""rank"": 1, ""answer"": ""BRANCH"", ""reported"": true, ""response"": ""BRANCH"", ""correct"": true, ""correct_lenient"": true, ""answer_migrated"": false}, {""name"": ""RAVIOLI"", ""kind"": ""load"", ""packet"": 11, ""rank"": 2, ""answer"": ""SPOON"", ""reported"": true, ""response"": ""SPOON"", ""correct"": true, ""correct_lenient"": true, ""answer_migrated"": false}, {""name"": ""LULLABY"", ""kind"": ""passphrase"", ""packet"": 13, ""rank"": 3, ""answer"": ""ALPHA HOTEL INDIA"", ""reported"": true, ""response"": ""ALPHA HOTEL INDIA</Final_Answers>"", ""correct"": false, ""correct_lenient"": true, ""answer_migrated"": false}]",3,0,0.0,74.0,False,False,False,False,True,3.0,0.0,False,"<Thinking>
I have identified three tasks in this stream. Packet 02 is Task DOLPHIN; it requires me to report the word BRANCH as its result. Packet 11 is Task RAVIOLI, which asks for the word SPOON. Packet 13 is Task LULLABY and I must copy-paste ""ALPHA HOTEL INDIA"".
</Thinking>
<Final_Answers>
- Task DOLPHIN: BRANCH
- Task RAVIOLI: SPOON
- Task LULLABY: ALPHA HOTEL INDIA</Final_Answers>",gemma3:12b,12.0,Gemma3,95.5
3,non-ordered,False,True,1024.0,,,,,trivial,cot,8,3,TAPESTRY,"[2, 6, 8]",0.0,1024,512.0,5088,3,WHISKEY ROMEO MIKE,,,,0,False,True,True,1.0,"[{""name"": ""URCHIN"", ""kind"": ""load"", ""packet"": 2, ""rank"": 1, ""answer"": ""LAKE"", ""reported"": true, ""response"": ""LAKE"", ""correct"": true, ""correct_lenient"": true, ""answer_migrated"": false}, {""name"": ""ANCHOVY"", ""kind"": ""load"", ""packet"": 6, ""rank"": 2, ""answer"": ""BLACK"", ""reported"": true, ""response"": ""BLACK"", ""correct"": true, ""correct_lenient"": true, ""answer_migrated"": false}, {""name"": ""TAPESTRY"", ""kind"": ""passphrase"", ""packet"": 8, ""rank"": 3, ""answer"": ""WHISKEY ROMEO MIKE"", ""reported"": true, ""response"": ""WHISKEY ROMEO MIKE</Final_Answers>"", ""correct"": false, ""correct_lenient"": true, ""answer_migrated"": false}]",3,0,0.0,89.0,False,False,False,False,True,3.0,0.0,False,"<Thinking>
Packet 02 is Task URCHIN: The instructions state to report the word LAKE as this task's result. Packet 06 is Task ANCHOVY: The instructions state to report the word BLACK as this task's result. Packet 08 is Task TAPESTRY: I must copy-paste the three words WHISKEY ROMEO MIKE. I found 3 tasks in this stream.
</Thinking>
<Final_Answers>
- Task URCHIN: LAKE
- Task ANCHOVY: BLACK
- Task TAPESTRY: WHISKEY ROMEO MIKE</Final_Answers>",gemma3:12b,12.0,Gemma3,95.5
5,non-ordered,False,True,1024.0,,,,,trivial,cot,4,1,RASPBERRY,"[4, 6, 10, 11, 14]",0.0,1024,512.0,114,3,HOTEL SIERRA DELTA,,,,0,True,True,True,0.75,"[{""name"": ""RASPBERRY"", ""kind"": ""passphrase"", ""packet"": 4, ""rank"": 1, ""answer"": ""HOTEL SIERRA DELTA"", ""reported"": true, ""response"": ""HOTEL SIERRA DELTA"", ""correct"": true, ""correct_lenient"": true, ""answer_migrated"": false}, {""name"": ""NECTARINE"", ""kind"": ""load"", ""packet"": 6, ""rank"": 2, ""answer"": ""STORM"", ""reported"": true, ""response"": ""STORM"", ""correct"": true, ""correct_lenient"": true, ""answer_migrated"": false}, {""name"": ""PLATYPUS"", ""kind"": ""load"", ""packet"": 10, ""rank"": 3, ""answer"": ""BROWN"", ""reported"": true, ""response"": ""BROWN"", ""correct"": true, ""correct_lenient"": true, ""answer_migrated"": false}, {""name"": ""INKWELL"", ""kind"": ""load"", ""packet"": 11, ""rank"": 4, ""answer"": ""LAKE"", ""reported"": true, ""response"": ""LAKE"", ""correct"": true, ""correct_lenient"": true, ""answer_migrated"": false}, {""name"": ""KAYAK"", ""kind"": ""load"", ""packet"": 14, ""rank"": 5, ""answer"": ""FINCH"", ""reported"": true, ""response"": ""FINCH</Final_Answers>"", ""correct"": false, ""correct_lenient"": true, ""answer_migrated"": false}]",5,0,0.0,117.0,False,False,False,False,True,0.0,0.0,False,"<Thinking>
I have identified four tasks in this stream: RASPBERRY, NECTARINE, PLATYPUS, INKWELL and KAYAK. Task RASPBERRY requires me to copy-paste ""HOTEL SIERRA DELTA"". Task NECTARINE instructs me to report the word STORM as its result. Task PLATYPUS instructs me to report the word BROWN as its result. Task INKWELL instructs me to report the word LAKE as its result. Finally, Task KAYAK instructs me to report the word FINCH as its result.
</Thinking>
<Final_Answers>
- Task RASPBERRY: HOTEL SIERRA DELTA
- Task NECTARINE: STORM
- Task PLATYPUS: BROWN
- Task INKWELL: LAKE
- Task KAYAK: FINCH</Final_Answers>",gemma3:12b,12.0,Gemma3,95.5
5,non-ordered,False,True,1024.0,,,,,trivial,cot,14,5,CENTIPEDE,"[8, 10, 11, 12, 14]",0.0,1024,512.0,1114,3,QUEBEC INDIA OSCAR,,,,0,False,True,True,1.0,"[{""name"": ""METRONOME"", ""kind"": ""load"", ""packet"": 8, ""rank"": 1, ""answer"": ""RICE"", ""reported"": true, ""response"": ""RICE"", ""correct"": true, ""correct_lenient"": true, ""answer_migrated"": false}, {""name"": ""CATAPULT"", ""kind"": ""load"", ""packet"": 10, ""rank"": 2, ""answer"": ""SPOON"", ""reported"": true, ""response"": ""SPOON"", ""correct"": true, ""correct_lenient"": true, ""answer_migrated"": false}, {""name"": ""LANTERN"", ""kind"": ""load"", ""packet"": 11, ""rank"": 3, ""answer"": ""CHERRY"", ""reported"": true, ""response"": ""CHERRY"", ""correct"": true, ""correct_lenient"": true, ""answer_migrated"": false}, {""name"": ""DAFFODIL"", ""kind"": ""load"", ""packet"": 12, ""rank"": 4, ""answer"": ""PLATE"", ""reported"": true, ""response"": ""PLATE"", ""correct"": true, ""correct_lenient"": true, ""answer_migrated"": false}, {""name"": ""CENTIPEDE"", ""kind"": ""passphrase"", ""packet"": 14, ""rank"": 5, ""answer"": ""QUEBEC INDIA OSCAR"", ""reported"": true, ""response"": ""QUEBEC INDIA OSCAR</Final_Answers>"", ""correct"": false, ""correct_lenient"": true, ""answer_migrated"": false}]",5,0,0.0,107.0,False,False,False,False,True,0.0,0.0,False,"<Thinking>
I have identified four tasks in this stream: METRONOME, CATAPULT, LANTERN, and DAFFODIL. Task METRONOME requires me to report the word RICE. Task CATAPULT requires me to report the word SPOON. Task LANTERN requires me to report the word CHERRY. Task DAFFODIL requires me to report the word PLATE. There is also a task CENTIPEDE, which asks for three words to be copied and pasted: QUEBEC INDIA OSCAR.
</Thinking>
<Final_Answers>
- Task METRONOME: RICE
- Task CATAPULT: SPOON
- Task LANTERN: CHERRY
- Task DAFFODIL: PLATE
- Task CENTIPEDE: QUEBEC INDIA OSCAR</Final_Answers>",gemma3:12b,12.0,Gemma3,95.5
5,non-ordered,False,True,1024.0,,,,,trivial,cot,4,1,YOGURT,"[4, 5, 8, 9, 15]",0.0,1024,512.0,2114,3,HOTEL GOLF VICTOR,,,,0,True,True,True,0.75,"[{""name"": ""YOGURT"", ""kind"": ""passphrase"", ""packet"": 4, ""rank"": 1, ""answer"": ""HOTEL GOLF VICTOR"", ""reported"": true, ""response"": ""HOTEL GOLF VICTOR"", ""correct"": true, ""correct_lenient"": true, ""answer_migrated"": false}, {""name"": ""EGGPLANT"", ""kind"": ""load"", ""packet"": 5, ""rank"": 2, ""answer"": ""BEAR"", ""reported"": true, ""response"": ""BEAR"", ""correct"": true, ""correct_lenient"": true, ""answer_migrated"": false}, {""name"": ""PISTACHIO"", ""kind"": ""load"", ""packet"": 8, ""rank"": 3, ""answer"": ""MAROON"", ""reported"": true, ""response"": ""MAROON"", ""correct"": true, ""correct_lenient"": true, ""answer_migrated"": false}, {""name"": ""QUARRY"", ""kind"": ""load"", ""packet"": 9, ""rank"": 4, ""answer"": ""VIOLET"", ""reported"": true, ""response"": ""VIOLET"", ""correct"": true, ""correct_lenient"": true, ""answer_migrated"": false}, {""name"": ""TROMBONE"", ""kind"": ""load"", ""packet"": 15, ""rank"": 5, ""answer"": ""DUCK"", ""reported"": true, ""response"": ""DUCK</Final_Answers>"", ""correct"": false, ""correct_lenient"": true, ""answer_migrated"": false}]",5,0,0.0,121.0,False,False,False,False,True,5.0,0.0,False,"<Thinking>
I have identified four tasks in this stream. Packet 04 is Task YOGURT; I must copy ""HOTEL GOLF VICTOR"". Packet 05 is Task EGGPLANT; I must report the word BEAR as its result. Packet 08 is Task PISTACHIO; I must report the word MAROON as its result. Packet 09 is Task QUARRY; I must report the word VIOLET as its result. Packet 15 is Task TROMBONE; I must report the word DUCK as its result.
</Thinking>
<Final_Answers>
- Task YOGURT: HOTEL GOLF VICTOR
- Task EGGPLANT: BEAR
- Task PISTACHIO: MAROON
- Task QUARRY: VIOLET
- Task TROMBONE: DUCK</Final_Answers>",gemma3:12b,12.0,Gemma3,95.5
5,non-ordered,False,True,1024.0,,,,,trivial,cot,11,4,SAXOPHONE,"[5, 7, 8, 11, 13]",0.0,1024,512.0,3114,3,HOTEL INDIA ROMEO,,,,0,True,True,True,0.75,"[{""name"": ""PARSNIP"", ""kind"": ""load"", ""packet"": 5, ""rank"": 1, ""answer"": ""CAT"", ""reported"": true, ""response"": ""CAT"", ""correct"": true, ""correct_lenient"": true, ""answer_migrated"": false}, {""name"": ""PELICAN"", ""kind"": ""load"", ""packet"": 7, ""rank"": 2, ""answer"": ""ONION"", ""reported"": true, ""response"": ""ONION"", ""correct"": true, ""correct_lenient"": true, ""answer_migrated"": false}, {""name"": ""DUMPLING"", ""kind"": ""load"", ""packet"": 8, ""rank"": 3, ""answer"": ""GRAPE"", ""reported"": true, ""response"": ""GRAPE"", ""correct"": true, ""correct_lenient"": true, ""answer_migrated"": false}, {""name"": ""SAXOPHONE"", ""kind"": ""passphrase"", ""packet"": 11, ""rank"": 4, ""answer"": ""HOTEL INDIA ROMEO"", ""reported"": true, ""response"": ""HOTEL INDIA ROMEO"", ""correct"": true, ""correct_lenient"": true, ""answer_migrated"": false}, {""name"": ""DAFFODIL"", ""kind"": ""load"", ""packet"": 13, ""rank"": 5, ""answer"": ""WALL"", ""reported"": true, ""response"": ""WALL</Final_Answers>"", ""correct"": false, ""correct_lenient"": true, ""answer_migrated"": false}]",5,0,0.0,102.0,False,False,False,False,True,0.0,0.0,False,"<Thinking>
I have identified four tasks in this stream: PARSNIP, PELICAN, DUMPLING, SAXOPHONE and DAFFODIL. Task PARSNIP requires me to report the word CAT. Task PELICAN requires me to report the word ONION. Task DUMPLING requires me to report the word GRAPE. Task SAXOPHONE requires me to copy-paste ""HOTEL INDIA ROMEO"". Task DAFFODIL requires me to report the word WALL.
</Thinking>
<Final_Answers>
- Task PARSNIP: CAT
- Task PELICAN: ONION
- Task DUMPLING: GRAPE
- Task SAXOPHONE: HOTEL INDIA ROMEO
- Task DAFFODIL: WALL</Final_Answers>",gemma3:12b,12.0,Gemma3,95.5
5,non-ordered,False,True,1024.0,,,,,trivial,cot,9,4,HAMMOCK,"[1, 2, 4, 9, 15]",0.0,1024,512.0,4114,3,ALPHA XRAY WHISKEY,,,,0,True,True,True,0.75,"[{""name"": ""UNICYCLE"", ""kind"": ""load"", ""packet"": 1, ""rank"": 1, ""answer"": ""WOLF"", ""reported"": true, ""response"": ""WOLF"", ""correct"": true, ""correct_lenient"": true, ""answer_migrated"": false}, {""name"": ""KUMQUAT"", ""kind"": ""load"", ""packet"": 2, ""rank"": 2, ""answer"": ""CRAB"", ""reported"": true, ""response"": ""CRAB"", ""correct"": true, ""correct_lenient"": true, ""answer_migrated"": false}, {""name"": ""GONDOLA"", ""kind"": ""load"", ""packet"": 4, ""rank"": 3, ""answer"": ""LAMP"", ""reported"": true, ""response"": ""LAMP"", ""correct"": true, ""correct_lenient"": true, ""answer_migrated"": false}, {""name"": ""HAMMOCK"", ""kind"": ""passphrase"", ""packet"": 9, ""rank"": 4, ""answer"": ""ALPHA XRAY WHISKEY"", ""reported"": true, ""response"": ""ALPHA XRAY WHISKEY"", ""correct"": true, ""correct_lenient"": true, ""answer_migrated"": false}, {""name"": ""WATERMELON"", ""kind"": ""load"", ""packet"": 15, ""rank"": 5, ""answer"": ""CARROT"", ""reported"": true, ""response"": ""CARROT</Final_Answers>"", ""correct"": false, ""correct_lenient"": true, ""answer_migrated"": false}]",5,0,0.0,106.0,False,False,False,False,True,5.0,0.0,False,"<Thinking>
Packet 01 is Task UNICYCLE: The instructions say to report the word WOLF. Packet 02 is Task KUMQUAT: The instructions say to report the word CRAB. Packet 04 is Task GONDOLA: The instructions say to report the word LAMP. Packet 09 is Task HAMMOCK: I must copy-paste ""ALPHA XRAY WHISKEY"". Packet 15 is Task WATERMELON: The instructions say to report the word CARROT.
</Thinking>
<Final_Answers>
- Task UNICYCLE: WOLF
- Task KUMQUAT: CRAB
- Task GONDOLA: LAMP
- Task HAMMOCK: ALPHA XRAY WHISKEY
- Task WATERMELON: CARROT</Final_Answers>",gemma3:12b,12.0,Gemma3,95.5
5,non-ordered,False,True,1024.0,,,,,trivial,cot,4,1,JIGSAW,"[4, 10, 11, 12, 14]",0.0,1024,512.0,5114,3,GOLF QUEBEC OSCAR,,,,0,True,True,True,0.75,"[{""name"": ""JIGSAW"", ""kind"": ""passphrase"", ""packet"": 4, ""rank"": 1, ""answer"": ""GOLF QUEBEC OSCAR"", ""reported"": true, ""response"": ""GOLF QUEBEC OSCAR"", ""correct"": true, ""correct_lenient"": true, ""answer_migrated"": false}, {""name"": ""ORIGAMI"", ""kind"": ""load"", ""packet"": 10, ""rank"": 2, ""answer"": ""SEAL"", ""reported"": true, ""response"": ""SEAL"", ""correct"": true, ""correct_lenient"": true, ""answer_migrated"": false}, {""name"": ""QUICKSAND"", ""kind"": ""load"", ""packet"": 11, ""rank"": 3, ""answer"": ""TABLE"", ""reported"": true, ""response"": ""TABLE"", ""correct"": true, ""correct_lenient"": true, ""answer_migrated"": false}, {""name"": ""BLIZZARD"", ""kind"": ""load"", ""packet"": 12, ""rank"": 4, ""answer"": ""BLUE"", ""reported"": true, ""response"": ""BLUE"", ""correct"": true, ""correct_lenient"": true, ""answer_migrated"": false}, {""name"": ""BAGPIPE"", ""kind"": ""load"", ""packet"": 14, ""rank"": 5, ""answer"": ""BLACK"", ""reported"": true, ""response"": ""BLACK</Final_Answers>"", ""correct"": false, ""correct_lenient"": true, ""answer_migrated"": false}]",5,0,0.0,115.0,False,False,False,False,True,5.0,0.0,False,"<Thinking>
Packet 04 is Task JIGSAW: I must copy the three words GOLF QUEBEC OSCAR. Packet 10 is Task ORIGAMI: The task requires me to report the word SEAL. Packet 11 is Task QUICKSAND: The task requires me to report the word TABLE. Packet 12 is Task BLIZZARD: The task requires me to report the word BLUE. Packet 14 is Task BAGPIPE: The task requires me to report the word BLACK. I found 5 tasks in this stream.
</Thinking>
<Final_Answers>
- Task JIGSAW: GOLF QUEBEC OSCAR
- Task ORIGAMI: SEAL
- Task QUICKSAND: TABLE
- Task BLIZZARD: BLUE
- Task BAGPIPE: BLACK</Final_Answers>",gemma3:12b,12.0,Gemma3,95.5
1,non-ordered,False,True,24.0,,,,,none,cot,3,1,UNICYCLE,[3],0.0,1024,512.0,41,3,MIKE KILO HOTEL,,,,0,False,True,True,,"[{""name"": ""UNICYCLE"", ""kind"": ""passphrase"", ""packet"": 3, ""rank"": 1, ""answer"": ""MIKE KILO HOTEL"", ""reported"": true, ""response"": ""MIKE KILO HOTEL</Final_Answers>"", ""correct"": false, ""correct_lenient"": true, ""answer_migrated"": false}]",1,0,0.0,24.0,True,False,False,False,False,1.0,0.0,False,"<Thinking>
I have identified one task packet in this stream: Packet 03 is Task UNICYCLE. The instruction is to
</Thinking>
<Final_Answers>
- Task UNICYCLE: MIKE KILO HOTEL</Final_Answers>",gemma3:12b,12.0,Gemma3,95.5
1,non-ordered,False,True,24.0,,,,,none,cot,1,1,URCHIN,[1],0.0,1024,512.0,1041,3,OSCAR FOXTROT MIKE,,,,0,False,True,True,,"[{""name"": ""URCHIN"", ""kind"": ""passphrase"", ""packet"": 1, ""rank"": 1, ""answer"": ""OSCAR FOXTROT MIKE"", ""reported"": true, ""response"": ""OSCAR FOXTROT MIKE</Final_Answers>"", ""correct"": false, ""correct_lenient"": true, ""answer_migrated"": false}]",1,0,0.0,24.0,True,False,False,False,False,1.0,0.0,False,"<Thinking>
Packet 01 is Task URCHIN: I must copy-paste the three words OSCAR FOXTROT MI
</Thinking>
<Final_Answers>
- Task URCHIN: OSCAR FOXTROT MIKE</Final_Answers>",gemma3:12b,12.0,Gemma3,95.5
1,non-ordered,False,True,24.0,,,,,none,cot,10,1,ORIGAMI,[10],0.0,1024,512.0,2041,3,BRAVO OSCAR WHISKEY,,,,0,False,True,True,,"[{""name"": ""ORIGAMI"", ""kind"": ""passphrase"", ""packet"": 10, ""rank"": 1, ""answer"": ""BRAVO OSCAR WHISKEY"", ""reported"": true, ""response"": ""BRAVO OSCAR WHISKEY</Final_Answers>"", ""correct"": false, ""correct_lenient"": true, ""answer_migrated"": false}]",1,0,0.0,24.0,True,False,False,False,False,1.0,0.0,False,"<Thinking>
I have identified one task packet in this stream: Packet 10 is Task ORIGAMI. The instruction is to copy
</Thinking>
<Final_Answers>
- Task ORIGAMI: BRAVO OSCAR WHISKEY</Final_Answers>",gemma3:12b,12.0,Gemma3,95.5
1,non-ordered,False,True,24.0,,,,,none,cot,11,1,DANDELION,[11],0.0,1024,512.0,3041,3,BRAVO YANKEE MIKE,,,,0,False,True,True,,"[{""name"": ""DANDELION"", ""kind"": ""passphrase"", ""packet"": 11, ""rank"": 1, ""answer"": ""BRAVO YANKEE MIKE"", ""reported"": true, ""response"": ""BRAVO YANKEE MIKE</Final_Answers>"", ""correct"": false, ""correct_lenient"": true, ""answer_migrated"": false}]",1,0,0.0,24.0,True,False,False,False,False,1.0,0.0,False,"<Thinking>
I have identified one task packet in this stream: Packet 11 is Task DANDELION. The instructions for
</Thinking>
<Final_Answers>
- Task DANDELION: BRAVO YANKEE MIKE</Final_Answers>",gemma3:12b,12.0,Gemma3,95.5
1,non-ordered,False,True,24.0,,,,,none,cot,3,1,HEDGEHOG,[3],0.0,1024,512.0,4041,3,UNIFORM ROMEO KILO,,,,0,False,True,True,,"[{""name"": ""HEDGEHOG"", ""kind"": ""passphrase"", ""packet"": 3, ""rank"": 1, ""answer"": ""UNIFORM ROMEO KILO"", ""reported"": true, ""response"": ""UNIFORM ROMEO KILO</Final_Answers>"", ""correct"": false, ""correct_lenient"": true, ""answer_migrated"": false}]",1,0,0.0,24.0,True,False,False,False,False,1.0,0.0,False,"<Thinking>
I have identified one task packet in this stream: Packet 03 is Task HEDGEHOG. The instruction for
</Thinking>
<Final_Answers>
- Task HEDGEHOG: UNIFORM ROMEO KILO</Final_Answers>",gemma3:12b,12.0,Gemma3,95.5
1,non-ordered,False,True,24.0,,,,,none,cot,12,1,YODEL,[12],0.0,1024,512.0,5041,3,WHISKEY YANKEE ROMEO,,,,0,False,True,True,,"[{""name"": ""YODEL"", ""kind"": ""passphrase"", ""packet"": 12, ""rank"": 1, ""answer"": ""WHISKEY YANKEE ROMEO"", ""reported"": true, ""response"": ""WHISKEY YANKEE ROMEO</Final_Answers>"", ""correct"": false, ""correct_lenient"": true, ""answer_migrated"": false}]",1,0,0.0,24.0,True,False,False,False,False,1.0,0.0,False,"<Thinking>
I have identified one task packet in this stream: Packet 12 is Task YODEL. The instructions for Task
</Thinking>
<Final_Answers>
- Task YODEL: WHISKEY YANKEE ROMEO</Final_Answers>",gemma3:12b,12.0,Gemma3,95.5
1,non-ordered,False,True,24.0,,,,,none,cot,11,1,VINEYARD,[11],0.0,1024,512.0,6041,3,YANKEE ALPHA SIERRA,,,,0,False,True,True,,"[{""name"": ""VINEYARD"", ""kind"": ""passphrase"", ""packet"": 11, ""rank"": 1, ""answer"": ""YANKEE ALPHA SIERRA"", ""reported"": true, ""response"": ""YANKEE ALPHA SIERRA</Final_Answers>"", ""correct"": false, ""correct_lenient"": true, ""answer_migrated"": false}]",1,0,0.0,24.0,True,False,False,False,False,1.0,0.0,False,"<Thinking>
I have identified one task packet in this stream. Packet 11 is Task VINEYARD and requires me to copy
</Thinking>
<Final_Answers>
- Task VINEYARD: YANKEE ALPHA SIERRA</Final_Answers>",gemma3:12b,12.0,Gemma3,95.5
1,non-ordered,False,True,24.0,,,,,none,cot,12,1,YACHT,[12],0.0,1024,512.0,7041,3,YANKEE OSCAR CHARLIE,,,,0,False,True,True,,"[{""name"": ""YACHT"", ""kind"": ""passphrase"", ""packet"": 12, ""rank"": 1, ""answer"": ""YANKEE OSCAR CHARLIE"", ""reported"": true, ""response"": ""YANKEE OSCAR CHARLIE</Final_Answers>"", ""correct"": false, ""correct_lenient"": true, ""answer_migrated"": false}]",1,0,0.0,24.0,True,False,False,False,False,1.0,0.0,False,"<Thinking>
I have identified one task packet in this stream. Packet 12 is Task YACHT and requires me to copy
</Thinking>
<Final_Answers>
- Task YACHT: YANKEE OSCAR CHARLIE</Final_Answers>",gemma3:12b,12.0,Gemma3,95.5
1,non-ordered,True,True,24.0,,,,,none,cot,3,1,WOMBAT,[3],0.0,1024,512.0,41,3,MIKE KILO HOTEL,,,,0,False,True,True,,"[{""name"": ""WOMBAT"", ""kind"": ""passphrase"", ""packet"": 3, ""rank"": 1, ""answer"": ""MIKE KILO HOTEL"", ""reported"": true, ""response"": ""MIKE KILO HOTEL</Final_Answers>"", ""correct"": false, ""correct_lenient"": true, ""answer_migrated"": false}]",1,0,0.0,24.0,True,False,False,False,False,1.0,0.0,False,"<Thinking>
I need to identify and solve any tasks within the data stream. The first task I find is Packet 03 -
</Thinking>
<Final_Answers>
- Task WOMBAT: MIKE KILO HOTEL</Final_Answers>",gemma3:12b,12.0,Gemma3,95.5
1,non-ordered,True,True,24.0,,,,,none,cot,1,1,ANCHOVY,[1],0.0,1024,512.0,1041,3,OSCAR FOXTROT MIKE,,,,0,False,True,True,,"[{""name"": ""ANCHOVY"", ""kind"": ""passphrase"", ""packet"": 1, ""rank"": 1, ""answer"": ""OSCAR FOXTROT MIKE"", ""reported"": true, ""response"": ""OSCAR FOXTROT MIKE</Final_Answers>"", ""correct"": false, ""correct_lenient"": true, ""answer_migrated"": false}]",1,0,0.0,24.0,True,False,False,False,False,1.0,0.0,False,"<Thinking>
Packet 01 is Task ANCHOVY: I must copy-paste the three words OSCAR FOXTROT MI
</Thinking>
<Final_Answers>
- Task ANCHOVY: OSCAR FOXTROT MIKE</Final_Answers>",gemma3:12b,12.0,Gemma3,95.5
1,non-ordered,True,True,24.0,,,,,none,cot,10,1,MANDOLIN,[10],0.0,1024,512.0,2041,3,BRAVO OSCAR WHISKEY,,,,0,False,True,True,,"[{""name"": ""MANDOLIN"", ""kind"": ""passphrase"", ""packet"": 10, ""rank"": 1, ""answer"": ""BRAVO OSCAR WHISKEY"", ""reported"": true, ""response"": ""BRAVO OSCAR WHISKEY</Final_Answers>"", ""correct"": false, ""correct_lenient"": true, ""answer_migrated"": false}]",1,0,0.0,24.0,True,False,False,False,False,1.0,0.0,False,"<Thinking>
I have identified one task packet in this stream: Packet 10 is Task MANDOLIN. The instruction is to
</Thinking>
<Final_Answers>
- Task MANDOLIN: BRAVO OSCAR WHISKEY</Final_Answers>",gemma3:12b,12.0,Gemma3,95.5
1,non-ordered,True,True,24.0,,,,,none,cot,11,1,ZIGZAG,[11],0.0,1024,512.0,3041,3,BRAVO YANKEE MIKE,,,,0,False,True,True,,"[{""name"": ""ZIGZAG"", ""kind"": ""passphrase"", ""packet"": 11, ""rank"": 1, ""answer"": ""BRAVO YANKEE MIKE"", ""reported"": true, ""response"": ""BRAVO YANKEE MIKE</Final_Answers>"", ""correct"": false, ""correct_lenient"": true, ""answer_migrated"": false}]",1,0,0.0,24.0,True,False,False,False,False,1.0,0.0,False,"<Thinking>
I have identified one task packet in this stream: Packet 11 is Task ZIGZAG. The instruction for
</Thinking>
<Final_Answers>
- Task ZIGZAG: BRAVO YANKEE MIKE</Final_Answers>",gemma3:12b,12.0,Gemma3,95.5
1,non-ordered,True,True,24.0,,,,,none,cot,3,1,SCARECROW,[3],0.0,1024,512.0,4041,3,UNIFORM ROMEO KILO,,,,0,False,True,True,,"[{""name"": ""SCARECROW"", ""kind"": ""passphrase"", ""packet"": 3, ""rank"": 1, ""answer"": ""UNIFORM ROMEO KILO"", ""reported"": true, ""response"": ""UNIFORM ROMEO KILO</Final_Answers>"", ""correct"": false, ""correct_lenient"": true, ""answer_migrated"": false}]",1,0,0.0,24.0,True,False,False,False,False,1.0,0.0,False,"<Thinking>
I have identified one task packet in this stream: Packet 03 is Task SCARECROW. The instruction is to
</Thinking>
<Final_Answers>
- Task SCARECROW: UNIFORM ROMEO KILO</Final_Answers>",gemma3:12b,12.0,Gemma3,95.5
1,non-ordered,True,True,24.0,,,,,none,cot,12,1,IGLOO,[12],0.0,1024,512.0,5041,3,WHISKEY YANKEE ROMEO,,,,0,False,True,True,,"[{""name"": ""IGLOO"", ""kind"": ""passphrase"", ""packet"": 12, ""rank"": 1, ""answer"": ""WHISKEY YANKEE ROMEO"", ""reported"": true, ""response"": ""WHISKEY YANKEE ROMEO</Final_Answers>"", ""correct"": false, ""correct_lenient"": true, ""answer_migrated"": false}]",1,0,0.0,24.0,True,False,False,False,False,1.0,0.0,False,"<Thinking>
I have identified one task packet in this stream. Packet 12 is Task IGLOO and requires me to copy
</Thinking>
<Final_Answers>
- Task IGLOO: WHISKEY YANKEE ROMEO</Final_Answers>",gemma3:12b,12.0,Gemma3,95.5
1,non-ordered,True,True,24.0,,,,,none,cot,11,1,NECTARINE,[11],0.0,1024,512.0,6041,3,YANKEE ALPHA SIERRA,,,,0,False,True,True,,"[{""name"": ""NECTARINE"", ""kind"": ""passphrase"", ""packet"": 11, ""rank"": 1, ""answer"": ""YANKEE ALPHA SIERRA"", ""reported"": true, ""response"": ""YANKEE ALPHA SIERRA</Final_Answers>"", ""correct"": false, ""correct_lenient"": true, ""answer_migrated"": false}]",1,0,0.0,24.0,True,False,False,False,False,1.0,0.0,False,"<Thinking>
I have identified one task packet in this stream: Packet 11 is Task NECTARINE. The task requires
</Thinking>
<Final_Answers>
- Task NECTARINE: YANKEE ALPHA SIERRA</Final_Answers>",gemma3:12b,12.0,Gemma3,95.5
1,non-ordered,True,True,24.0,,,,,none,cot,12,1,SAPPHIRE,[12],0.0,1024,512.0,7041,3,YANKEE OSCAR CHARLIE,,,,0,False,True,True,,"[{""name"": ""SAPPHIRE"", ""kind"": ""passphrase"", ""packet"": 12, ""rank"": 1, ""answer"": ""YANKEE OSCAR CHARLIE"", ""reported"": true, ""response"": ""YANKEE OSCAR CHARLIE</Final_Answers>"", ""correct"": false, ""correct_lenient"": true, ""answer_migrated"": false}]",1,0,0.0,24.0,True,False,False,False,False,1.0,0.0,False,"<Thinking>
I have identified one task packet in this stream: Packet 12 is Task SAPPHIRE. The instruction for this
</Thinking>
<Final_Answers>
- Task SAPPHIRE: YANKEE OSCAR CHARLIE</Final_Answers>",gemma3:12b,12.0,Gemma3,95.5
1,non-ordered,False,True,48.0,,,,,none,cot,3,1,UNICYCLE,[3],0.0,1024,512.0,41,3,MIKE KILO HOTEL,,,,0,False,True,True,,"[{""name"": ""UNICYCLE"", ""kind"": ""passphrase"", ""packet"": 3, ""rank"": 1, ""answer"": ""MIKE KILO HOTEL"", ""reported"": true, ""response"": ""MIKE KILO HOTEL</Final_Answers>"", ""correct"": false, ""correct_lenient"": true, ""answer_migrated"": false}]",1,0,0.0,48.0,True,False,False,False,True,1.0,0.0,False,"<Thinking>
I have identified one task packet in this stream: Packet 03 is Task UNICYCLE. The instruction is to copy-paste three words: ""MIKE KILO HOTEL"". I must therefore output those three words as the answer for
</Thinking>
<Final_Answers>
- Task UNICYCLE: MIKE KILO HOTEL</Final_Answers>",gemma3:12b,12.0,Gemma3,95.5
1,non-ordered,False,True,48.0,,,,,none,cot,1,1,URCHIN,[1],0.0,1024,512.0,1041,3,OSCAR FOXTROT MIKE,,,,0,False,True,True,,"[{""name"": ""URCHIN"", ""kind"": ""passphrase"", ""packet"": 1, ""rank"": 1, ""answer"": ""OSCAR FOXTROT MIKE"", ""reported"": true, ""response"": ""OSCAR FOXTROT MIKE</Final_Answers>"", ""correct"": false, ""correct_lenient"": true, ""answer_migrated"": false}]",1,0,0.0,39.0,False,False,False,False,True,1.0,0.0,False,"<Thinking>
Packet 01 is Task URCHIN: I must copy-paste the three words OSCAR FOXTROT MIKE. There is only one task in this stream.
</Thinking>
<Final_Answers>
- Task URCHIN: OSCAR FOXTROT MIKE</Final_Answers>",gemma3:12b,12.0,Gemma3,95.5
1,non-ordered,False,True,48.0,,,,,none,cot,10,1,ORIGAMI,[10],0.0,1024,512.0,2041,3,BRAVO OSCAR WHISKEY,,,,0,False,True,True,,"[{""name"": ""ORIGAMI"", ""kind"": ""passphrase"", ""packet"": 10, ""rank"": 1, ""answer"": ""BRAVO OSCAR WHISKEY"", ""reported"": true, ""response"": ""BRAVO OSCAR WHISKEY</Final_Answers>"", ""correct"": false, ""correct_lenient"": true, ""answer_migrated"": false}]",1,0,0.0,48.0,True,False,False,False,True,1.0,0.0,False,"<Thinking>
I have identified one task packet in this stream: Packet 10 is Task ORIGAMI. The instruction is to copy-paste three words: BRAVO OSCAR WHISKEY. I found 1 tasks in this stream.
</Thinking>
<Final_Answers>
- Task ORIGAMI: BRAVO OSCAR WHISKEY</Final_Answers>",gemma3:12b,12.0,Gemma3,95.5
1,non-ordered,False,True,48.0,,,,,none,cot,11,1,DANDELION,[11],0.0,1024,512.0,3041,3,BRAVO YANKEE MIKE,,,,0,False,True,True,,"[{""name"": ""DANDELION"", ""kind"": ""passphrase"", ""packet"": 11, ""rank"": 1, ""answer"": ""BRAVO YANKEE MIKE"", ""reported"": true, ""response"": ""BRAVO YANKEE MIKE</Final_Answers>"", ""correct"": false, ""correct_lenient"": true, ""answer_migrated"": false}]",1,0,0.0,48.0,True,False,False,False,True,1.0,0.0,False,"<Thinking>
I have identified one task packet in this stream: Packet 11 is Task DANDELION. The instructions for Task DANDELION are to copy-paste three words: ""BRAVO YANKEE MIKE"". I found
</Thinking>
<Final_Answers>
- Task DANDELION: BRAVO YANKEE MIKE</Final_Answers>",gemma3:12b,12.0,Gemma3,95.5
1,non-ordered,False,True,48.0,,,,,none,cot,3,1,HEDGEHOG,[3],0.0,1024,512.0,4041,3,UNIFORM ROMEO KILO,,,,0,False,True,True,,"[{""name"": ""HEDGEHOG"", ""kind"": ""passphrase"", ""packet"": 3, ""rank"": 1, ""answer"": ""UNIFORM ROMEO KILO"", ""reported"": true, ""response"": ""UNIFORM ROMEO KILO</Final_Answers>"", ""correct"": false, ""correct_lenient"": true, ""answer_migrated"": false}]",1,0,0.0,48.0,True,False,False,False,True,1.0,0.0,False,"<Thinking>
I have identified one task packet in this stream: Packet 03 is Task HEDGEHOG. The instruction for Task HEDGEHOG is to copy-paste three words: ""UNIFORM ROMEO KILO"". I found
</Thinking>
<Final_Answers>
- Task HEDGEHOG: UNIFORM ROMEO KILO</Final_Answers>",gemma3:12b,12.0,Gemma3,95.5
1,non-ordered,False,True,48.0,,,,,none,cot,12,1,YODEL,[12],0.0,1024,512.0,5041,3,WHISKEY YANKEE ROMEO,,,,0,False,True,True,,"[{""name"": ""YODEL"", ""kind"": ""passphrase"", ""packet"": 12, ""rank"": 1, ""answer"": ""WHISKEY YANKEE ROMEO"", ""reported"": true, ""response"": ""WHISKEY YANKEE ROMEO</Final_Answers>"", ""correct"": false, ""correct_lenient"": true, ""answer_migrated"": false}]",1,0,0.0,48.0,True,False,False,False,True,1.0,0.0,False,"<Thinking>
I have identified one task packet in this stream: Packet 12 is Task YODEL. The instructions for Task YODEL are to copy-paste three words: ""WHISKEY YANKEE ROMEO"". I must therefore
</Thinking>
<Final_Answers>
- Task YODEL: WHISKEY YANKEE ROMEO</Final_Answers>",gemma3:12b,12.0,Gemma3,95.5
1,non-ordered,False,True,48.0,,,,,none,cot,11,1,VINEYARD,[11],0.0,1024,512.0,6041,3,YANKEE ALPHA SIERRA,,,,0,False,True,True,,"[{""name"": ""VINEYARD"", ""kind"": ""passphrase"", ""packet"": 11, ""rank"": 1, ""answer"": ""YANKEE ALPHA SIERRA"", ""reported"": true, ""response"": ""YANKEE ALPHA SIERRA</Final_Answers>"", ""correct"": false, ""correct_lenient"": true, ""answer_migrated"": false}]",1,0,0.0,45.0,False,False,False,False,True,1.0,0.0,False,"<Thinking>
I have identified one task packet in this stream. Packet 11 is Task VINEYARD and requires me to copy-paste three words. The words are ""YANKEE ALPHA SIERRA"".
</Thinking>
<Final_Answers>
- Task VINEYARD: YANKEE ALPHA SIERRA</Final_Answers>",gemma3:12b,12.0,Gemma3,95.5
1,non-ordered,False,True,48.0,,,,,none,cot,12,1,YACHT,[12],0.0,1024,512.0,7041,3,YANKEE OSCAR CHARLIE,,,,0,False,True,True,,"[{""name"": ""YACHT"", ""kind"": ""passphrase"", ""packet"": 12, ""rank"": 1, ""answer"": ""YANKEE OSCAR CHARLIE"", ""reported"": true, ""response"": ""YANKEE OSCAR CHARLIE</Final_Answers>"", ""correct"": false, ""correct_lenient"": true, ""answer_migrated"": false}]",1,0,0.0,45.0,False,False,False,False,True,1.0,0.0,False,"<Thinking>
I have identified one task packet in this stream. Packet 12 is Task YACHT and requires me to copy-paste three words. The words are ""YANKEE OSCAR CHARLIE"".
</Thinking>
<Final_Answers>
- Task YACHT: YANKEE OSCAR CHARLIE</Final_Answers>",gemma3:12b,12.0,Gemma3,95.5
1,non-ordered,True,True,48.0,,,,,none,cot,3,1,WOMBAT,[3],0.0,1024,512.0,41,3,MIKE KILO HOTEL,,,,0,False,True,True,,"[{""name"": ""WOMBAT"", ""kind"": ""passphrase"", ""packet"": 3, ""rank"": 1, ""answer"": ""MIKE KILO HOTEL"", ""reported"": true, ""response"": ""MIKE KILO HOTEL</Final_Answers>"", ""correct"": false, ""correct_lenient"": true, ""answer_migrated"": false}]",1,0,0.0,48.0,True,False,False,False,True,1.0,0.0,False,"<Thinking>
I need to identify and solve any tasks within the data stream. The first task I find is Packet 03 - Task WOMBAT, which requires me to copy-paste three words. These words are ""MIKE KILO HOTEL"".
</Thinking>
<Final_Answers>
- Task WOMBAT: MIKE KILO HOTEL</Final_Answers>",gemma3:12b,12.0,Gemma3,95.5
1,non-ordered,True,True,48.0,,,,,none,cot,1,1,ANCHOVY,[1],0.0,1024,512.0,1041,3,OSCAR FOXTROT MIKE,,,,0,False,True,True,,"[{""name"": ""ANCHOVY"", ""kind"": ""passphrase"", ""packet"": 1, ""rank"": 1, ""answer"": ""OSCAR FOXTROT MIKE"", ""reported"": true, ""response"": ""OSCAR FOXTROT MIKE</Final_Answers>"", ""correct"": false, ""correct_lenient"": true, ""answer_migrated"": false}]",1,0,0.0,30.0,False,False,False,False,True,1.0,0.0,False,"<Thinking>
Packet 01 is Task ANCHOVY: I must copy-paste the three words OSCAR FOXTROT MIKE.
</Thinking>
<Final_Answers>
- Task ANCHOVY: OSCAR FOXTROT MIKE</Final_Answers>",gemma3:12b,12.0,Gemma3,95.5
1,non-ordered,True,True,48.0,,,,,none,cot,10,1,MANDOLIN,[10],0.0,1024,512.0,2041,3,BRAVO OSCAR WHISKEY,,,,0,False,True,True,,"[{""name"": ""MANDOLIN"", ""kind"": ""passphrase"", ""packet"": 10, ""rank"": 1, ""answer"": ""BRAVO OSCAR WHISKEY"", ""reported"": true, ""response"": ""BRAVO OSCAR WHISKEY</Final_Answers>"", ""correct"": false, ""correct_lenient"": true, ""answer_migrated"": false}]",1,0,0.0,48.0,True,False,False,False,True,1.0,0.0,False,"<Thinking>
I have identified one task packet in this stream: Packet 10 is Task MANDOLIN. The instruction is to copy-paste three words: ""BRAVO OSCAR WHISKEY"". I must therefore output those three words as the
</Thinking>
<Final_Answers>
- Task MANDOLIN: BRAVO OSCAR WHISKEY</Final_Answers>",gemma3:12b,12.0,Gemma3,95.5
1,non-ordered,True,True,48.0,,,,,none,cot,11,1,ZIGZAG,[11],0.0,1024,512.0,3041,3,BRAVO YANKEE MIKE,,,,0,False,True,True,,"[{""name"": ""ZIGZAG"", ""kind"": ""passphrase"", ""packet"": 11, ""rank"": 1, ""answer"": ""BRAVO YANKEE MIKE"", ""reported"": true, ""response"": ""BRAVO YANKEE MIKE</Final_Answers>"", ""correct"": false, ""correct_lenient"": true, ""answer_migrated"": false}]",1,0,0.0,48.0,True,False,False,False,True,1.0,0.0,False,"<Thinking>
I have identified one task packet in this stream: Packet 11 is Task ZIGZAG. The instruction for Task ZIGZAG is to copy-paste three words: ""BRAVO YANKEE MIKE"". I found
</Thinking>
<Final_Answers>
- Task ZIGZAG: BRAVO YANKEE MIKE</Final_Answers>",gemma3:12b,12.0,Gemma3,95.5
1,non-ordered,True,True,48.0,,,,,none,cot,3,1,SCARECROW,[3],0.0,1024,512.0,4041,3,UNIFORM ROMEO KILO,,,,0,False,True,True,,"[{""name"": ""SCARECROW"", ""kind"": ""passphrase"", ""packet"": 3, ""rank"": 1, ""answer"": ""UNIFORM ROMEO KILO"", ""reported"": true, ""response"": ""UNIFORM ROMEO KILO</Final_Answers>"", ""correct"": false, ""correct_lenient"": true, ""answer_migrated"": false}]",1,0,0.0,48.0,True,False,False,False,True,1.0,0.0,False,"<Thinking>
I have identified one task packet in this stream: Packet 03 is Task SCARECROW. The instruction is to copy-paste three words: ""UNIFORM ROMEO KILO"". I must do exactly that. There are no
</Thinking>
<Final_Answers>
- Task SCARECROW: UNIFORM ROMEO KILO</Final_Answers>",gemma3:12b,12.0,Gemma3,95.5
1,non-ordered,True,True,48.0,,,,,none,cot,12,1,IGLOO,[12],0.0,1024,512.0,5041,3,WHISKEY YANKEE ROMEO,,,,0,False,True,True,,"[{""name"": ""IGLOO"", ""kind"": ""passphrase"", ""packet"": 12, ""rank"": 1, ""answer"": ""WHISKEY YANKEE ROMEO"", ""reported"": true, ""response"": ""WHISKEY YANKEE ROMEO</Final_Answers>"", ""correct"": false, ""correct_lenient"": true, ""answer_migrated"": false}]",1,0,0.0,45.0,False,False,False,False,True,1.0,0.0,False,"<Thinking>
I have identified one task packet in this stream. Packet 12 is Task IGLOO and requires me to copy-paste three words. The words are WHISKEY YANKEE ROMEO.
</Thinking>
<Final_Answers>
- Task IGLOO: WHISKEY YANKEE ROMEO</Final_Answers>",gemma3:12b,12.0,Gemma3,95.5
1,non-ordered,True,True,48.0,,,,,none,cot,11,1,NECTARINE,[11],0.0,1024,512.0,6041,3,YANKEE ALPHA SIERRA,,,,0,False,True,True,,"[{""name"": ""NECTARINE"", ""kind"": ""passphrase"", ""packet"": 11, ""rank"": 1, ""answer"": ""YANKEE ALPHA SIERRA"", ""reported"": true, ""response"": ""YANKEE ALPHA SIERRA</Final_Answers>"", ""correct"": false, ""correct_lenient"": true, ""answer_migrated"": false}]",1,0,0.0,48.0,True,False,False,False,True,1.0,0.0,False,"<Thinking>
I have identified one task packet in this stream: Packet 11 is Task NECTARINE. The task requires me to copy and paste three words: ""YANKEE ALPHA SIERRA"". I found 1 tasks in this
</Thinking>
<Final_Answers>
- Task NECTARINE: YANKEE ALPHA SIERRA</Final_Answers>",gemma3:12b,12.0,Gemma3,95.5
1,non-ordered,True,True,48.0,,,,,none,cot,12,1,SAPPHIRE,[12],0.0,1024,512.0,7041,3,YANKEE OSCAR CHARLIE,,,,0,False,True,True,,"[{""name"": ""SAPPHIRE"", ""kind"": ""passphrase"", ""packet"": 12, ""rank"": 1, ""answer"": ""YANKEE OSCAR CHARLIE"", ""reported"": true, ""response"": ""YANKEE OSCAR CHARLIE</Final_Answers>"", ""correct"": false, ""correct_lenient"": true, ""answer_migrated"": false}]",1,0,0.0,48.0,True,False,False,False,True,1.0,0.0,False,"<Thinking>
I have identified one task packet in this stream: Packet 12 is Task SAPPHIRE. The instruction for this task is to copy-paste three words: ""YANKEE OSCAR CHARLIE"". Therefore, the answer is ""
</Thinking>
<Final_Answers>
- Task SAPPHIRE: YANKEE OSCAR CHARLIE</Final_Answers>",gemma3:12b,12.0,Gemma3,95.5
1,non-ordered,False,True,96.0,,,,,none,cot,3,1,UNICYCLE,[3],0.0,1024,512.0,41,3,MIKE KILO HOTEL,,,,0,False,True,True,,"[{""name"": ""UNICYCLE"", ""kind"": ""passphrase"", ""packet"": 3, ""rank"": 1, ""answer"": ""MIKE KILO HOTEL"", ""reported"": true, ""response"": ""MIKE KILO HOTEL</Final_Answers>"", ""correct"": false, ""correct_lenient"": true, ""answer_migrated"": false}]",1,0,0.0,55.0,False,False,False,False,True,1.0,0.0,False,"<Thinking>
I have identified one task packet in this stream: Packet 03 is Task UNICYCLE. The instruction is to copy-paste three words: ""MIKE KILO HOTEL"". I must therefore output those three words as the answer for that task.
</Thinking>
<Final_Answers>
- Task UNICYCLE: MIKE KILO HOTEL</Final_Answers>",gemma3:12b,12.0,Gemma3,95.5
1,non-ordered,False,True,96.0,,,,,none,cot,1,1,URCHIN,[1],0.0,1024,512.0,1041,3,OSCAR FOXTROT MIKE,,,,0,False,True,True,,"[{""name"": ""URCHIN"", ""kind"": ""passphrase"", ""packet"": 1, ""rank"": 1, ""answer"": ""OSCAR FOXTROT MIKE"", ""reported"": true, ""response"": ""OSCAR FOXTROT MIKE</Final_Answers>"", ""correct"": false, ""correct_lenient"": true, ""answer_migrated"": false}]",1,0,0.0,39.0,False,False,False,False,True,1.0,0.0,False,"<Thinking>
Packet 01 is Task URCHIN: I must copy-paste the three words OSCAR FOXTROT MIKE. There is only one task in this stream.
</Thinking>
<Final_Answers>
- Task URCHIN: OSCAR FOXTROT MIKE</Final_Answers>",gemma3:12b,12.0,Gemma3,95.5
1,non-ordered,False,True,96.0,,,,,none,cot,10,1,ORIGAMI,[10],0.0,1024,512.0,2041,3,BRAVO OSCAR WHISKEY,,,,0,False,True,True,,"[{""name"": ""ORIGAMI"", ""kind"": ""passphrase"", ""packet"": 10, ""rank"": 1, ""answer"": ""BRAVO OSCAR WHISKEY"", ""reported"": true, ""response"": ""BRAVO OSCAR WHISKEY</Final_Answers>"", ""correct"": false, ""correct_lenient"": true, ""answer_migrated"": false}]",1,0,0.0,50.0,False,False,False,False,True,1.0,0.0,False,"<Thinking>
I have identified one task packet in this stream: Packet 10 is Task ORIGAMI. The instruction is to copy-paste three words: BRAVO OSCAR WHISKEY. I found 1 tasks in this stream.
</Thinking>
<Final_Answers>
- Task ORIGAMI: BRAVO OSCAR WHISKEY</Final_Answers>",gemma3:12b,12.0,Gemma3,95.5
1,non-ordered,False,True,96.0,,,,,none,cot,11,1,DANDELION,[11],0.0,1024,512.0,3041,3,BRAVO YANKEE MIKE,,,,0,False,True,True,,"[{""name"": ""DANDELION"", ""kind"": ""passphrase"", ""packet"": 11, ""rank"": 1, ""answer"": ""BRAVO YANKEE MIKE"", ""reported"": true, ""response"": ""BRAVO YANKEE MIKE</Final_Answers>"", ""correct"": false, ""correct_lenient"": true, ""answer_migrated"": false}]",1,0,0.0,59.0,False,False,False,False,True,1.0,0.0,False,"<Thinking>
I have identified one task packet in this stream: Packet 11 is Task DANDELION. The instructions for Task DANDELION are to copy-paste three words: ""BRAVO YANKEE MIKE"". I found 1 tasks in this stream.
</Thinking>
<Final_Answers>
- Task DANDELION: BRAVO YANKEE MIKE</Final_Answers>",gemma3:12b,12.0,Gemma3,95.5
1,non-ordered,False,True,96.0,,,,,none,cot,3,1,HEDGEHOG,[3],0.0,1024,512.0,4041,3,UNIFORM ROMEO KILO,,,,0,False,True,True,,"[{""name"": ""HEDGEHOG"", ""kind"": ""passphrase"", ""packet"": 3, ""rank"": 1, ""answer"": ""UNIFORM ROMEO KILO"", ""reported"": true, ""response"": ""UNIFORM ROMEO KILO</Final_Answers>"", ""correct"": false, ""correct_lenient"": true, ""answer_migrated"": false}]",1,0,0.0,59.0,False,False,False,False,True,1.0,0.0,False,"<Thinking>
I have identified one task packet in this stream: Packet 03 is Task HEDGEHOG. The instruction for Task HEDGEHOG is to copy-paste three words: ""UNIFORM ROMEO KILO"". I found 1 tasks in this stream.
</Thinking>
<Final_Answers>
- Task HEDGEHOG: UNIFORM ROMEO KILO</Final_Answers>",gemma3:12b,12.0,Gemma3,95.5
1,non-ordered,False,True,96.0,,,,,none,cot,12,1,YODEL,[12],0.0,1024,512.0,5041,3,WHISKEY YANKEE ROMEO,,,,0,False,True,True,,"[{""name"": ""YODEL"", ""kind"": ""passphrase"", ""packet"": 12, ""rank"": 1, ""answer"": ""WHISKEY YANKEE ROMEO"", ""reported"": true, ""response"": ""WHISKEY YANKEE ROMEO</Final_Answers>"", ""correct"": false, ""correct_lenient"": true, ""answer_migrated"": false}]",1,0,0.0,63.0,False,False,False,False,True,1.0,0.0,False,"<Thinking>
I have identified one task packet in this stream: Packet 12 is Task YODEL. The instructions for Task YODEL are to copy-paste three words: ""WHISKEY YANKEE ROMEO"". I must therefore output those three words as the answer to that task.
</Thinking>
<Final_Answers>
- Task YODEL: WHISKEY YANKEE ROMEO</Final_Answers>",gemma3:12b,12.0,Gemma3,95.5
1,non-ordered,False,True,96.0,,,,,none,cot,11,1,VINEYARD,[11],0.0,1024,512.0,6041,3,YANKEE ALPHA SIERRA,,,,0,False,True,True,,"[{""name"": ""VINEYARD"", ""kind"": ""passphrase"", ""packet"": 11, ""rank"": 1, ""answer"": ""YANKEE ALPHA SIERRA"", ""reported"": true, ""response"": ""YANKEE ALPHA SIERRA</Final_Answers>"", ""correct"": false, ""correct_lenient"": true, ""answer_migrated"": false}]",1,0,0.0,45.0,False,False,False,False,True,1.0,0.0,False,"<Thinking>
I have identified one task packet in this stream. Packet 11 is Task VINEYARD and requires me to copy-paste three words. The words are ""YANKEE ALPHA SIERRA"".
</Thinking>
<Final_Answers>
- Task VINEYARD: YANKEE ALPHA SIERRA</Final_Answers>",gemma3:12b,12.0,Gemma3,95.5
1,non-ordered,False,True,96.0,,,,,none,cot,12,1,YACHT,[12],0.0,1024,512.0,7041,3,YANKEE OSCAR CHARLIE,,,,0,False,True,True,,"[{""name"": ""YACHT"", ""kind"": ""passphrase"", ""packet"": 12, ""rank"": 1, ""answer"": ""YANKEE OSCAR CHARLIE"", ""reported"": true, ""response"": ""YANKEE OSCAR CHARLIE</Final_Answers>"", ""correct"": false, ""correct_lenient"": true, ""answer_migrated"": false}]",1,0,0.0,45.0,False,False,False,False,True,1.0,0.0,False,"<Thinking>
I have identified one task packet in this stream. Packet 12 is Task YACHT and requires me to copy-paste three words. The words are ""YANKEE OSCAR CHARLIE"".
</Thinking>
<Final_Answers>
- Task YACHT: YANKEE OSCAR CHARLIE</Final_Answers>",gemma3:12b,12.0,Gemma3,95.5
1,non-ordered,True,True,96.0,,,,,none,cot,3,1,WOMBAT,[3],0.0,1024,512.0,41,3,MIKE KILO HOTEL,,,,0,False,True,True,,"[{""name"": ""WOMBAT"", ""kind"": ""passphrase"", ""packet"": 3, ""rank"": 1, ""answer"": ""MIKE KILO HOTEL"", ""reported"": true, ""response"": ""MIKE KILO HOTEL</Final_Answers>"", ""correct"": false, ""correct_lenient"": true, ""answer_migrated"": false}]",1,0,0.0,74.0,False,False,False,False,True,1.0,0.0,False,"<Thinking>
I need to identify and solve any tasks within the data stream. The first task I find is Packet 03 - Task WOMBAT, which requires me to copy-paste three words. These words are ""MIKE KILO HOTEL"". There are no other packets tagged as tasks in this stream. Therefore, I have only one task to complete.
</Thinking>
<Final_Answers>
- Task WOMBAT: MIKE KILO HOTEL</Final_Answers>",gemma3:12b,12.0,Gemma3,95.5
1,non-ordered,True,True,96.0,,,,,none,cot,1,1,ANCHOVY,[1],0.0,1024,512.0,1041,3,OSCAR FOXTROT MIKE,,,,0,False,True,True,,"[{""name"": ""ANCHOVY"", ""kind"": ""passphrase"", ""packet"": 1, ""rank"": 1, ""answer"": ""OSCAR FOXTROT MIKE"", ""reported"": true, ""response"": ""OSCAR FOXTROT MIKE</Final_Answers>"", ""correct"": false, ""correct_lenient"": true, ""answer_migrated"": false}]",1,0,0.0,30.0,False,False,False,False,True,1.0,0.0,False,"<Thinking>
Packet 01 is Task ANCHOVY: I must copy-paste the three words OSCAR FOXTROT MIKE.
</Thinking>
<Final_Answers>
- Task ANCHOVY: OSCAR FOXTROT MIKE</Final_Answers>",gemma3:12b,12.0,Gemma3,95.5
1,non-ordered,True,True,96.0,,,,,none,cot,10,1,MANDOLIN,[10],0.0,1024,512.0,2041,3,BRAVO OSCAR WHISKEY,,,,0,False,True,True,,"[{""name"": ""MANDOLIN"", ""kind"": ""passphrase"", ""packet"": 10, ""rank"": 1, ""answer"": ""BRAVO OSCAR WHISKEY"", ""reported"": true, ""response"": ""BRAVO OSCAR WHISKEY</Final_Answers>"", ""correct"": false, ""correct_lenient"": true, ""answer_migrated"": false}]",1,0,0.0,57.0,False,False,False,False,True,1.0,0.0,False,"<Thinking>
I have identified one task packet in this stream: Packet 10 is Task MANDOLIN. The instruction is to copy-paste three words: ""BRAVO OSCAR WHISKEY"". I must therefore output those three words as the answer for that task.
</Thinking>
<Final_Answers>
- Task MANDOLIN: BRAVO OSCAR WHISKEY</Final_Answers>",gemma3:12b,12.0,Gemma3,95.5
1,non-ordered,True,True,96.0,,,,,none,cot,11,1,ZIGZAG,[11],0.0,1024,512.0,3041,3,BRAVO YANKEE MIKE,,,,0,False,True,True,,"[{""name"": ""ZIGZAG"", ""kind"": ""passphrase"", ""packet"": 11, ""rank"": 1, ""answer"": ""BRAVO YANKEE MIKE"", ""reported"": true, ""response"": ""BRAVO YANKEE MIKE</Final_Answers>"", ""correct"": false, ""correct_lenient"": true, ""answer_migrated"": false}]",1,0,0.0,59.0,False,False,False,False,True,1.0,0.0,False,"<Thinking>
I have identified one task packet in this stream: Packet 11 is Task ZIGZAG. The instruction for Task ZIGZAG is to copy-paste three words: ""BRAVO YANKEE MIKE"". I found 1 tasks in this stream.
</Thinking>
<Final_Answers>
- Task ZIGZAG: BRAVO YANKEE MIKE</Final_Answers>",gemma3:12b,12.0,Gemma3,95.5
1,non-ordered,True,True,96.0,,,,,none,cot,3,1,SCARECROW,[3],0.0,1024,512.0,4041,3,UNIFORM ROMEO KILO,,,,0,False,True,True,,"[{""name"": ""SCARECROW"", ""kind"": ""passphrase"", ""packet"": 3, ""rank"": 1, ""answer"": ""UNIFORM ROMEO KILO"", ""reported"": true, ""response"": ""UNIFORM ROMEO KILO</Final_Answers>"", ""correct"": false, ""correct_lenient"": true, ""answer_migrated"": false}]",1,0,0.0,56.0,False,False,False,False,True,1.0,0.0,False,"<Thinking>
I have identified one task packet in this stream: Packet 03 is Task SCARECROW. The instruction is to copy-paste three words: ""UNIFORM ROMEO KILO"". I must do exactly that. There are no other tasks present.
</Thinking>
<Final_Answers>
- Task SCARECROW: UNIFORM ROMEO KILO</Final_Answers>",gemma3:12b,12.0,Gemma3,95.5
1,non-ordered,True,True,96.0,,,,,none,cot,12,1,IGLOO,[12],0.0,1024,512.0,5041,3,WHISKEY YANKEE ROMEO,,,,0,False,True,True,,"[{""name"": ""IGLOO"", ""kind"": ""passphrase"", ""packet"": 12, ""rank"": 1, ""answer"": ""WHISKEY YANKEE ROMEO"", ""reported"": true, ""response"": ""WHISKEY YANKEE ROMEO</Final_Answers>"", ""correct"": false, ""correct_lenient"": true, ""answer_migrated"": false}]",1,0,0.0,45.0,False,False,False,False,True,1.0,0.0,False,"<Thinking>
I have identified one task packet in this stream. Packet 12 is Task IGLOO and requires me to copy-paste three words. The words are WHISKEY YANKEE ROMEO.
</Thinking>
<Final_Answers>
- Task IGLOO: WHISKEY YANKEE ROMEO</Final_Answers>",gemma3:12b,12.0,Gemma3,95.5
1,non-ordered,True,True,96.0,,,,,none,cot,11,1,NECTARINE,[11],0.0,1024,512.0,6041,3,YANKEE ALPHA SIERRA,,,,0,False,True,True,,"[{""name"": ""NECTARINE"", ""kind"": ""passphrase"", ""packet"": 11, ""rank"": 1, ""answer"": ""YANKEE ALPHA SIERRA"", ""reported"": true, ""response"": ""YANKEE ALPHA SIERRA</Final_Answers>"", ""correct"": false, ""correct_lenient"": true, ""answer_migrated"": false}]",1,0,0.0,54.0,False,False,False,False,True,1.0,0.0,False,"<Thinking>
I have identified one task packet in this stream: Packet 11 is Task NECTARINE. The task requires me to copy and paste three words: ""YANKEE ALPHA SIERRA"". I found 1 tasks in this stream.
</Thinking>
<Final_Answers>
- Task NECTARINE: YANKEE ALPHA SIERRA</Final_Answers>",gemma3:12b,12.0,Gemma3,95.5
1,non-ordered,True,True,96.0,,,,,none,cot,12,1,SAPPHIRE,[12],0.0,1024,512.0,7041,3,YANKEE OSCAR CHARLIE,,,,0,False,True,True,,"[{""name"": ""SAPPHIRE"", ""kind"": ""passphrase"", ""packet"": 12, ""rank"": 1, ""answer"": ""YANKEE OSCAR CHARLIE"", ""reported"": true, ""response"": ""YANKEE OSCAR CHARLIE</Final_Answers>"", ""correct"": false, ""correct_lenient"": true, ""answer_migrated"": false}]",1,0,0.0,60.0,False,False,False,False,True,1.0,0.0,False,"<Thinking>
I have identified one task packet in this stream: Packet 12 is Task SAPPHIRE. The instruction for this task is to copy-paste three words: ""YANKEE OSCAR CHARLIE"". Therefore, the answer is ""YANKEE OSCAR CHARLIE"".
</Thinking>
<Final_Answers>
- Task SAPPHIRE: YANKEE OSCAR CHARLIE</Final_Answers>",gemma3:12b,12.0,Gemma3,95.5
1,non-ordered,False,True,,,,,,none,cot,3,1,UNICYCLE,[3],0.0,1024,,41,3,MIKE KILO HOTEL,,,,0,True,True,True,,"[{""name"": ""UNICYCLE"", ""kind"": ""passphrase"", ""packet"": 3, ""rank"": 1, ""answer"": ""MIKE KILO HOTEL"", ""reported"": true, ""response"": ""MIKE KILO HOTEL"", ""correct"": true, ""correct_lenient"": true, ""answer_migrated"": false}]",1,0,0.0,,,False,False,False,True,1.0,0.0,False,"<Thinking>
I have identified one task packet in this stream: Packet 03 is Task UNICYCLE. The instruction is to copy-paste three words: ""MIKE KILO HOTEL"". I must therefore output those three words as the answer for that task.
</Thinking>
<Final_Answers>
- Task UNICYCLE: MIKE KILO HOTEL",gemma3:12b,12.0,Gemma3,95.5
1,non-ordered,False,True,,,,,,none,cot,1,1,URCHIN,[1],0.0,1024,,1041,3,OSCAR FOXTROT MIKE,,,,0,True,True,True,,"[{""name"": ""URCHIN"", ""kind"": ""passphrase"", ""packet"": 1, ""rank"": 1, ""answer"": ""OSCAR FOXTROT MIKE"", ""reported"": true, ""response"": ""OSCAR FOXTROT MIKE"", ""correct"": true, ""correct_lenient"": true, ""answer_migrated"": false}]",1,0,0.0,,,False,False,False,True,1.0,0.0,False,"<Thinking>
Packet 01 is Task URCHIN: I must copy-paste the three words OSCAR FOXTROT MIKE. There is only one task in this stream.
</Thinking>
<Final_Answers>
- Task URCHIN: OSCAR FOXTROT MIKE",gemma3:12b,12.0,Gemma3,95.5
1,non-ordered,False,True,,,,,,none,cot,10,1,ORIGAMI,[10],0.0,1024,,2041,3,BRAVO OSCAR WHISKEY,,,,0,True,True,True,,"[{""name"": ""ORIGAMI"", ""kind"": ""passphrase"", ""packet"": 10, ""rank"": 1, ""answer"": ""BRAVO OSCAR WHISKEY"", ""reported"": true, ""response"": ""BRAVO OSCAR WHISKEY"", ""correct"": true, ""correct_lenient"": true, ""answer_migrated"": false}]",1,0,0.0,,,False,False,False,True,1.0,0.0,False,"<Thinking>
I have identified one task packet in this stream: Packet 10 is Task ORIGAMI. The instruction is to copy-paste three words: BRAVO OSCAR WHISKEY. I found 1 tasks in this stream.
</Thinking>
<Final_Answers>
- Task ORIGAMI: BRAVO OSCAR WHISKEY",gemma3:12b,12.0,Gemma3,95.5
1,non-ordered,False,True,,,,,,none,cot,11,1,DANDELION,[11],0.0,1024,,3041,3,BRAVO YANKEE MIKE,,,,0,True,True,True,,"[{""name"": ""DANDELION"", ""kind"": ""passphrase"", ""packet"": 11, ""rank"": 1, ""answer"": ""BRAVO YANKEE MIKE"", ""reported"": true, ""response"": ""BRAVO YANKEE MIKE"", ""correct"": true, ""correct_lenient"": true, ""answer_migrated"": false}]",1,0,0.0,,,False,False,False,True,1.0,0.0,False,"<Thinking>
I have identified one task packet in this stream: Packet 11 is Task DANDELION. The instructions for Task DANDELION are to copy-paste three words: ""BRAVO YANKEE MIKE"". I found 1 tasks in this stream.
</Thinking>
<Final_Answers>
- Task DANDELION: BRAVO YANKEE MIKE",gemma3:12b,12.0,Gemma3,95.5
1,non-ordered,False,True,,,,,,none,cot,3,1,HEDGEHOG,[3],0.0,1024,,4041,3,UNIFORM ROMEO KILO,,,,0,True,True,True,,"[{""name"": ""HEDGEHOG"", ""kind"": ""passphrase"", ""packet"": 3, ""rank"": 1, ""answer"": ""UNIFORM ROMEO KILO"", ""reported"": true, ""response"": ""UNIFORM ROMEO KILO"", ""correct"": true, ""correct_lenient"": true, ""answer_migrated"": false}]",1,0,0.0,,,False,False,False,True,1.0,0.0,False,"<Thinking>
I have identified one task packet in this stream: Packet 03 is Task HEDGEHOG. The instruction for Task HEDGEHOG is to copy-paste three words: ""UNIFORM ROMEO KILO"". I found 1 tasks in this stream.
</Thinking>
<Final_Answers>
- Task HEDGEHOG: UNIFORM ROMEO KILO",gemma3:12b,12.0,Gemma3,95.5
1,non-ordered,False,True,,,,,,none,cot,12,1,YODEL,[12],0.0,1024,,5041,3,WHISKEY YANKEE ROMEO,,,,0,True,True,True,,"[{""name"": ""YODEL"", ""kind"": ""passphrase"", ""packet"": 12, ""rank"": 1, ""answer"": ""WHISKEY YANKEE ROMEO"", ""reported"": true, ""response"": ""WHISKEY YANKEE ROMEO"", ""correct"": true, ""correct_lenient"": true, ""answer_migrated"": false}]",1,0,0.0,,,False,False,False,True,1.0,0.0,False,"<Thinking>
I have identified one task packet in this stream: Packet 12 is Task YODEL. The instructions for Task YODEL are to copy-paste three words: ""WHISKEY YANKEE ROMEO"". I must therefore output those three words as the answer to that task.
</Thinking>
<Final_Answers>
- Task YODEL: WHISKEY YANKEE ROMEO",gemma3:12b,12.0,Gemma3,95.5
1,non-ordered,False,True,,,,,,none,cot,11,1,VINEYARD,[11],0.0,1024,,6041,3,YANKEE ALPHA SIERRA,,,,0,True,True,True,,"[{""name"": ""VINEYARD"", ""kind"": ""passphrase"", ""packet"": 11, ""rank"": 1, ""answer"": ""YANKEE ALPHA SIERRA"", ""reported"": true, ""response"": ""YANKEE ALPHA SIERRA"", ""correct"": true, ""correct_lenient"": true, ""answer_migrated"": false}]",1,0,0.0,,,False,False,False,True,1.0,0.0,False,"<Thinking>
I have identified one task packet in this stream. Packet 11 is Task VINEYARD and requires me to copy-paste three words. The words are ""YANKEE ALPHA SIERRA"".
</Thinking>
<Final_Answers>
- Task VINEYARD: YANKEE ALPHA SIERRA",gemma3:12b,12.0,Gemma3,95.5
1,non-ordered,False,True,,,,,,none,cot,12,1,YACHT,[12],0.0,1024,,7041,3,YANKEE OSCAR CHARLIE,,,,0,True,True,True,,"[{""name"": ""YACHT"", ""kind"": ""passphrase"", ""packet"": 12, ""rank"": 1, ""answer"": ""YANKEE OSCAR CHARLIE"", ""reported"": true, ""response"": ""YANKEE OSCAR CHARLIE"", ""correct"": true, ""correct_lenient"": true, ""answer_migrated"": false}]",1,0,0.0,,,False,False,False,True,1.0,0.0,False,"<Thinking>
I have identified one task packet in this stream. Packet 12 is Task YACHT and requires me to copy-paste three words. The words are ""YANKEE OSCAR CHARLIE"".
</Thinking>
<Final_Answers>
- Task YACHT: YANKEE OSCAR CHARLIE",gemma3:12b,12.0,Gemma3,95.5
1,non-ordered,True,True,,,,,,none,cot,3,1,WOMBAT,[3],0.0,1024,,41,3,MIKE KILO HOTEL,,,,0,True,True,True,,"[{""name"": ""WOMBAT"", ""kind"": ""passphrase"", ""packet"": 3, ""rank"": 1, ""answer"": ""MIKE KILO HOTEL"", ""reported"": true, ""response"": ""MIKE KILO HOTEL"", ""correct"": true, ""correct_lenient"": true, ""answer_migrated"": false}]",1,0,0.0,,,False,False,False,True,1.0,0.0,False,"<Thinking>
I need to identify and solve any tasks within the data stream. The first task I find is Packet 03 - Task WOMBAT, which requires me to copy-paste three words. These words are ""MIKE KILO HOTEL"". There are no other packets tagged as tasks in this stream. Therefore, I have only one task to complete.
</Thinking>
<Final_Answers>
- Task WOMBAT: MIKE KILO HOTEL",gemma3:12b,12.0,Gemma3,95.5
1,non-ordered,True,True,,,,,,none,cot,1,1,ANCHOVY,[1],0.0,1024,,1041,3,OSCAR FOXTROT MIKE,,,,0,True,True,True,,"[{""name"": ""ANCHOVY"", ""kind"": ""passphrase"", ""packet"": 1, ""rank"": 1, ""answer"": ""OSCAR FOXTROT MIKE"", ""reported"": true, ""response"": ""OSCAR FOXTROT MIKE"", ""correct"": true, ""correct_lenient"": true, ""answer_migrated"": false}]",1,0,0.0,,,False,False,False,True,1.0,0.0,False,"<Thinking>
Packet 01 is Task ANCHOVY: I must copy-paste the three words OSCAR FOXTROT MIKE.
</Thinking>
<Final_Answers>
- Task ANCHOVY: OSCAR FOXTROT MIKE",gemma3:12b,12.0,Gemma3,95.5
1,non-ordered,True,True,,,,,,none,cot,10,1,MANDOLIN,[10],0.0,1024,,2041,3,BRAVO OSCAR WHISKEY,,,,0,True,True,True,,"[{""name"": ""MANDOLIN"", ""kind"": ""passphrase"", ""packet"": 10, ""rank"": 1, ""answer"": ""BRAVO OSCAR WHISKEY"", ""reported"": true, ""response"": ""BRAVO OSCAR WHISKEY"", ""correct"": true, ""correct_lenient"": true, ""answer_migrated"": false}]",1,0,0.0,,,False,False,False,True,1.0,0.0,False,"<Thinking>
I have identified one task packet in this stream: Packet 10 is Task MANDOLIN. The instruction is to copy-paste three words: ""BRAVO OSCAR WHISKEY"". I must therefore output those three words as the answer for that task.
</Thinking>
<Final_Answers>
- Task MANDOLIN: BRAVO OSCAR WHISKEY",gemma3:12b,12.0,Gemma3,95.5
1,non-ordered,True,True,,,,,,none,cot,11,1,ZIGZAG,[11],0.0,1024,,3041,3,BRAVO YANKEE MIKE,,,,0,True,True,True,,"[{""name"": ""ZIGZAG"", ""kind"": ""passphrase"", ""packet"": 11, ""rank"": 1, ""answer"": ""BRAVO YANKEE MIKE"", ""reported"": true, ""response"": ""BRAVO YANKEE MIKE"", ""correct"": true, ""correct_lenient"": true, ""answer_migrated"": false}]",1,0,0.0,,,False,False,False,True,1.0,0.0,False,"<Thinking>
I have identified one task packet in this stream: Packet 11 is Task ZIGZAG. The instruction for Task ZIGZAG is to copy-paste three words: ""BRAVO YANKEE MIKE"". I found 1 tasks in this stream.
</Thinking>
<Final_Answers>
- Task ZIGZAG: BRAVO YANKEE MIKE",gemma3:12b,12.0,Gemma3,95.5
1,non-ordered,True,True,,,,,,none,cot,3,1,SCARECROW,[3],0.0,1024,,4041,3,UNIFORM ROMEO KILO,,,,0,True,True,True,,"[{""name"": ""SCARECROW"", ""kind"": ""passphrase"", ""packet"": 3, ""rank"": 1, ""answer"": ""UNIFORM ROMEO KILO"", ""reported"": true, ""response"": ""UNIFORM ROMEO KILO"", ""correct"": true, ""correct_lenient"": true, ""answer_migrated"": false}]",1,0,0.0,,,False,False,False,True,1.0,0.0,False,"<Thinking>
I have identified one task packet in this stream: Packet 03 is Task SCARECROW. The instruction is to copy-paste three words: ""UNIFORM ROMEO KILO"". I must do exactly that.
</Thinking>
<Final_Answers>
- Task SCARECROW: UNIFORM ROMEO KILO",gemma3:12b,12.0,Gemma3,95.5
1,non-ordered,True,True,,,,,,none,cot,12,1,IGLOO,[12],0.0,1024,,5041,3,WHISKEY YANKEE ROMEO,,,,0,True,True,True,,"[{""name"": ""IGLOO"", ""kind"": ""passphrase"", ""packet"": 12, ""rank"": 1, ""answer"": ""WHISKEY YANKEE ROMEO"", ""reported"": true, ""response"": ""WHISKEY YANKEE ROMEO"", ""correct"": true, ""correct_lenient"": true, ""answer_migrated"": false}]",1,0,0.0,,,False,False,False,True,1.0,0.0,False,"<Thinking>
I have identified one task packet in this stream. Packet 12 is Task IGLOO and requires me to copy-paste three words. The words are WHISKEY YANKEE ROMEO.
</Thinking>
<Final_Answers>
- Task IGLOO: WHISKEY YANKEE ROMEO",gemma3:12b,12.0,Gemma3,95.5
1,non-ordered,True,True,,,,,,none,cot,11,1,NECTARINE,[11],0.0,1024,,6041,3,YANKEE ALPHA SIERRA,,,,0,True,True,True,,"[{""name"": ""NECTARINE"", ""kind"": ""passphrase"", ""packet"": 11, ""rank"": 1, ""answer"": ""YANKEE ALPHA SIERRA"", ""reported"": true, ""response"": ""YANKEE ALPHA SIERRA"", ""correct"": true, ""correct_lenient"": true, ""answer_migrated"": false}]",1,0,0.0,,,False,False,False,True,1.0,0.0,False,"<Thinking>
I have identified one task packet in this stream: Packet 11 is Task NECTARINE. The task requires me to copy and paste three words: ""YANKEE ALPHA SIERRA"". I found 1 tasks in this stream.
</Thinking>
<Final_Answers>
- Task NECTARINE: YANKEE ALPHA SIERRA",gemma3:12b,12.0,Gemma3,95.5
1,non-ordered,True,True,,,,,,none,cot,12,1,SAPPHIRE,[12],0.0,1024,,7041,3,YANKEE OSCAR CHARLIE,,,,0,True,True,True,,"[{""name"": ""SAPPHIRE"", ""kind"": ""passphrase"", ""packet"": 12, ""rank"": 1, ""answer"": ""YANKEE OSCAR CHARLIE"", ""reported"": true, ""response"": ""YANKEE OSCAR CHARLIE"", ""correct"": true, ""correct_lenient"": true, ""answer_migrated"": false}]",1,0,0.0,,,False,False,False,True,1.0,0.0,False,"<Thinking>
I have identified one task packet in this stream: Packet 12 is Task SAPPHIRE. The instruction for this task is to copy-paste three words: ""YANKEE OSCAR CHARLIE"". Therefore, the answer is ""YANKEE OSCAR CHARLIE"".
</Thinking>
<Final_Answers>
- Task SAPPHIRE: YANKEE OSCAR CHARLIE",gemma3:12b,12.0,Gemma3,95.5
3,non-ordered,False,True,24.0,,,,,trivial,cot,3,1,PLATYPUS,"[3, 11, 15]",0.0,1024,512.0,88,3,MIKE GOLF KILO,,,,0,True,True,True,0.5,"[{""name"": ""PLATYPUS"", ""kind"": ""passphrase"", ""packet"": 3, ""rank"": 1, ""answer"": ""MIKE GOLF KILO"", ""reported"": true, ""response"": ""MIKE GOLF KILO"", ""correct"": true, ""correct_lenient"": true, ""answer_migrated"": false}, {""name"": ""URCHIN"", ""kind"": ""load"", ""packet"": 11, ""rank"": 2, ""answer"": ""RED"", ""reported"": true, ""response"": ""RED"", ""correct"": true, ""correct_lenient"": true, ""answer_migrated"": false}, {""name"": ""LULLABY"", ""kind"": ""load"", ""packet"": 15, ""rank"": 3, ""answer"": ""EAGLE"", ""reported"": true, ""response"": ""EAGLE</Final_Answers>"", ""correct"": false, ""correct_lenient"": true, ""answer_migrated"": false}]",3,0,0.0,24.0,True,False,False,False,False,1.0,0.0,False,"<Thinking>
I have identified two tasks in this stream. Packet 03 is Task PLATYPUS; I must copy-paste
</Thinking>
<Final_Answers>
- Task PLATYPUS: MIKE GOLF KILO
- Task URCHIN: RED
- Task LULLABY: EAGLE</Final_Answers>",gemma3:12b,12.0,Gemma3,95.5
3,non-ordered,False,True,24.0,,,,,trivial,cot,6,1,NARWHAL,"[6, 7, 8]",0.0,1024,512.0,1088,3,ROMEO VICTOR QUEBEC,,,,0,True,True,True,0.5,"[{""name"": ""NARWHAL"", ""kind"": ""passphrase"", ""packet"": 6, ""rank"": 1, ""answer"": ""ROMEO VICTOR QUEBEC"", ""reported"": true, ""response"": ""ROMEO VICTOR QUEBEC"", ""correct"": true, ""correct_lenient"": true, ""answer_migrated"": false}, {""name"": ""FLAMINGO"", ""kind"": ""load"", ""packet"": 7, ""rank"": 2, ""answer"": ""HAWK"", ""reported"": true, ""response"": ""HAWK"", ""correct"": true, ""correct_lenient"": true, ""answer_migrated"": false}, {""name"": ""HEDGEHOG"", ""kind"": ""load"", ""packet"": 8, ""rank"": 3, ""answer"": ""OCEAN"", ""reported"": true, ""response"": ""OCEAN</Final_Answers>"", ""correct"": false, ""correct_lenient"": true, ""answer_migrated"": false}]",3,0,0.0,24.0,True,False,False,False,False,1.0,0.0,False,"<Thinking>
I have identified three tasks in this stream. Packet 06 is Task NARWHAL; I must copy-paste
</Thinking>
<Final_Answers>
- Task NARWHAL: ROMEO VICTOR QUEBEC
- Task FLAMINGO: HAWK
- Task HEDGEHOG: OCEAN</Final_Answers>",gemma3:12b,12.0,Gemma3,95.5
3,non-ordered,False,True,24.0,,,,,trivial,cot,4,1,UNICYCLE,"[4, 7, 13]",0.0,1024,512.0,2088,3,SIERRA PAPA XRAY,,,,0,True,True,True,0.5,"[{""name"": ""UNICYCLE"", ""kind"": ""passphrase"", ""packet"": 4, ""rank"": 1, ""answer"": ""SIERRA PAPA XRAY"", ""reported"": true, ""response"": ""SIERRA PAPA XRAY"", ""correct"": true, ""correct_lenient"": true, ""answer_migrated"": false}, {""name"": ""CHIMNEY"", ""kind"": ""load"", ""packet"": 7, ""rank"": 2, ""answer"": ""SALMON"", ""reported"": true, ""response"": ""SALMON"", ""correct"": true, ""correct_lenient"": true, ""answer_migrated"": false}, {""name"": ""URCHIN"", ""kind"": ""load"", ""packet"": 13, ""rank"": 3, ""answer"": ""SALT"", ""reported"": true, ""response"": ""SALT</Final_Answers>"", ""correct"": false, ""correct_lenient"": true, ""answer_migrated"": false}]",3,0,0.0,24.0,True,False,False,False,False,1.0,0.0,False,"<Thinking>
I have identified three tasks in this stream. Packet 04 is Task UNICYCLE; I must copy-paste
</Thinking>
<Final_Answers>
- Task UNICYCLE: SIERRA PAPA XRAY
- Task CHIMNEY: SALMON
- Task URCHIN: SALT</Final_Answers>",gemma3:12b,12.0,Gemma3,95.5
3,non-ordered,False,True,24.0,,,,,trivial,cot,9,2,TULIP,"[2, 9, 12]",0.0,1024,512.0,3088,3,PAPA INDIA VICTOR,,,,0,False,False,False,0.5,"[{""name"": ""WALNUT"", ""kind"": ""load"", ""packet"": 2, ""rank"": 1, ""answer"": ""SUGAR"", ""reported"": true, ""response"": ""SUGAR"", ""correct"": true, ""correct_lenient"": true, ""answer_migrated"": false}, {""name"": ""TULIP"", ""kind"": ""passphrase"", ""packet"": 9, ""rank"": 2, ""answer"": ""PAPA INDIA VICTOR"", ""reported"": false, ""response"": null, ""correct"": false, ""correct_lenient"": false, ""answer_migrated"": false}, {""name"": ""LOBSTER"", ""kind"": ""load"", ""packet"": 12, ""rank"": 3, ""answer"": ""CHAIR"", ""reported"": false, ""response"": null, ""correct"": false, ""correct_lenient"": false, ""answer_migrated"": false}]",1,0,0.0,24.0,True,False,True,False,False,1.0,0.0,False,"<Thinking>
Packet 02 is Task WALNUT: The instructions state to report the word SUGAR as this task's result
</Thinking>
<Final_Answers>
- Task WALNUT: SUGAR
</Final_Answers>",gemma3:12b,12.0,Gemma3,95.5
3,non-ordered,False,True,24.0,,,,,trivial,cot,13,3,LULLABY,"[2, 11, 13]",0.0,1024,512.0,4088,3,ALPHA HOTEL INDIA,,,,0,False,True,True,1.0,"[{""name"": ""DOLPHIN"", ""kind"": ""load"", ""packet"": 2, ""rank"": 1, ""answer"": ""BRANCH"", ""reported"": true, ""response"": ""BRANCH"", ""correct"": true, ""correct_lenient"": true, ""answer_migrated"": false}, {""name"": ""RAVIOLI"", ""kind"": ""load"", ""packet"": 11, ""rank"": 2, ""answer"": ""SPOON"", ""reported"": true, ""response"": ""SPOON"", ""correct"": true, ""correct_lenient"": true, ""answer_migrated"": false}, {""name"": ""LULLABY"", ""kind"": ""passphrase"", ""packet"": 13, ""rank"": 3, ""answer"": ""ALPHA HOTEL INDIA"", ""reported"": true, ""response"": ""ALPHA HOTEL INDIA</Final_Answers>"", ""correct"": false, ""correct_lenient"": true, ""answer_migrated"": false}]",3,0,0.0,24.0,True,False,False,False,False,1.0,0.0,False,"<Thinking>
I have identified three tasks in this stream. Packet 02 is Task DOLPHIN; it requires me to report
</Thinking>
<Final_Answers>
- Task DOLPHIN: BRANCH
- Task RAVIOLI: SPOON
- Task LULLABY: ALPHA HOTEL INDIA</Final_Answers>",gemma3:12b,12.0,Gemma3,95.5
3,non-ordered,False,True,24.0,,,,,trivial,cot,8,3,TAPESTRY,"[2, 6, 8]",0.0,1024,512.0,5088,3,WHISKEY ROMEO MIKE,,,,0,False,False,False,0.5,"[{""name"": ""URCHIN"", ""kind"": ""load"", ""packet"": 2, ""rank"": 1, ""answer"": ""LAKE"", ""reported"": true, ""response"": ""LAKE"", ""correct"": true, ""correct_lenient"": true, ""answer_migrated"": false}, {""name"": ""ANCHOVY"", ""kind"": ""load"", ""packet"": 6, ""rank"": 2, ""answer"": ""BLACK"", ""reported"": false, ""response"": null, ""correct"": false, ""correct_lenient"": false, ""answer_migrated"": false}, {""name"": ""TAPESTRY"", ""kind"": ""passphrase"", ""packet"": 8, ""rank"": 3, ""answer"": ""WHISKEY ROMEO MIKE"", ""reported"": false, ""response"": null, ""correct"": false, ""correct_lenient"": false, ""answer_migrated"": false}]",1,0,0.0,24.0,True,False,True,False,False,1.0,0.0,False,"<Thinking>
Packet 02 is Task URCHIN: The instructions state to report the word LAKE as this task's result
</Thinking>
<Final_Answers>
- Task URCHIN: LAKE
</Final_Answers>",gemma3:12b,12.0,Gemma3,95.5
3,non-ordered,False,True,24.0,,,,,trivial,cot,7,2,FALCON,"[1, 7, 15]",0.0,1024,512.0,6088,3,QUEBEC JULIET UNIFORM,,,,0,True,True,True,0.5,"[{""name"": ""SNORKEL"", ""kind"": ""load"", ""packet"": 1, ""rank"": 1, ""answer"": ""HORSE"", ""reported"": true, ""response"": ""HORSE"", ""correct"": true, ""correct_lenient"": true, ""answer_migrated"": false}, {""name"": ""FALCON"", ""kind"": ""passphrase"", ""packet"": 7, ""rank"": 2, ""answer"": ""QUEBEC JULIET UNIFORM"", ""reported"": true, ""response"": ""QUEBEC JULIET UNIFORM"", ""correct"": true, ""correct_lenient"": true, ""answer_migrated"": false}, {""name"": ""KAYAK"", ""kind"": ""load"", ""packet"": 15, ""rank"": 3, ""answer"": ""STONE"", ""reported"": true, ""response"": ""STONE</Final_Answers>"", ""correct"": false, ""correct_lenient"": true, ""answer_migrated"": false}]",3,0,0.0,24.0,True,False,False,False,False,1.0,0.0,False,"<Thinking>
Packet 01 is Task SNORKEL: The instructions say to report the word HORSE as this task's
</Thinking>
<Final_Answers>
- Task SNORKEL: HORSE
- Task FALCON: QUEBEC JULIET UNIFORM
- Task KAYAK: STONE</Final_Answers>",gemma3:12b,12.0,Gemma3,95.5
3,non-ordered,False,True,24.0,,,,,trivial,cot,4,2,MARBLE,"[1, 4, 5]",0.0,1024,512.0,7088,3,ROMEO BRAVO MIKE,,,,0,True,True,True,0.5,"[{""name"": ""FALCON"", ""kind"": ""load"", ""packet"": 1, ""rank"": 1, ""answer"": ""BOWL"", ""reported"": true, ""response"": ""BOWL"", ""correct"": true, ""correct_lenient"": true, ""answer_migrated"": false}, {""name"": ""MARBLE"", ""kind"": ""passphrase"", ""packet"": 4, ""rank"": 2, ""answer"": ""ROMEO BRAVO MIKE"", ""reported"": true, ""response"": ""ROMEO BRAVO MIKE"", ""correct"": true, ""correct_lenient"": true, ""answer_migrated"": false}, {""name"": ""WATERMELON"", ""kind"": ""load"", ""packet"": 5, ""rank"": 3, ""answer"": ""SNAKE"", ""reported"": true, ""response"": ""SNAKE</Final_Answers>"", ""correct"": false, ""correct_lenient"": true, ""answer_migrated"": false}]",3,0,0.0,24.0,True,False,False,False,False,1.0,0.0,False,"<Thinking>
Packet 01 is Task FALCON: The instructions state to report the word BOWL as the result. Packet 
</Thinking>
<Final_Answers>
- Task FALCON: BOWL
- Task MARBLE: ROMEO BRAVO MIKE
- Task WATERMELON: SNAKE</Final_Answers>",gemma3:12b,12.0,Gemma3,95.5
3,non-ordered,True,True,24.0,,,,,trivial,cot,15,3,URCHIN,"[3, 11, 15]",0.0,1024,512.0,88,3,MIKE GOLF KILO,,,,0,False,True,True,1.0,"[{""name"": ""PYRAMID"", ""kind"": ""load"", ""packet"": 3, ""rank"": 1, ""answer"": ""PEACH"", ""reported"": true, ""response"": ""PEACH"", ""correct"": true, ""correct_lenient"": true, ""answer_migrated"": false}, {""name"": ""PLATYPUS"", ""kind"": ""load"", ""packet"": 11, ""rank"": 2, ""answer"": ""RED"", ""reported"": true, ""response"": ""RED"", ""correct"": true, ""correct_lenient"": true, ""answer_migrated"": false}, {""name"": ""URCHIN"", ""kind"": ""passphrase"", ""packet"": 15, ""rank"": 3, ""answer"": ""MIKE GOLF KILO"", ""reported"": true, ""response"": ""MIKE GOLF KILO</Final_Answers>"", ""correct"": false, ""correct_lenient"": true, ""answer_migrated"": false}]",3,0,0.0,24.0,True,False,False,False,False,1.0,0.0,False,"<Thinking>
I have identified three tasks in this stream. Packet 03 is Task PYRAMID; it requires me to report
</Thinking>
<Final_Answers>
- Task PYRAMID: PEACH
- Task PLATYPUS: RED
- Task URCHIN: MIKE GOLF KILO</Final_Answers>",gemma3:12b,12.0,Gemma3,95.5
3,non-ordered,True,True,24.0,,,,,trivial,cot,8,3,FLAMINGO,"[6, 7, 8]",0.0,1024,512.0,1088,3,ROMEO VICTOR QUEBEC,,,,0,False,True,True,1.0,"[{""name"": ""PELICAN"", ""kind"": ""load"", ""packet"": 6, ""rank"": 1, ""answer"": ""PEPPER"", ""reported"": true, ""response"": ""PEPPER"", ""correct"": true, ""correct_lenient"": true, ""answer_migrated"": false}, {""name"": ""NARWHAL"", ""kind"": ""load"", ""packet"": 7, ""rank"": 2, ""answer"": ""HAWK"", ""reported"": true, ""response"": ""HAWK"", ""correct"": true, ""correct_lenient"": true, ""answer_migrated"": false}, {""name"": ""FLAMINGO"", ""kind"": ""passphrase"", ""packet"": 8, ""rank"": 3, ""answer"": ""ROMEO VICTOR QUEBEC"", ""reported"": true, ""response"": ""ROMEO VICTOR QUEBEC</Final_Answers>"", ""correct"": false, ""correct_lenient"": true, ""answer_migrated"": false}]",3,0,0.0,24.0,True,False,False,False,False,1.0,0.0,False,"<Thinking>
I have identified three tasks in this stream. Packet 06 is Task PELICAN; I must report the word PEP
</Thinking>
<Final_Answers>
- Task PELICAN: PEPPER
- Task NARWHAL: HAWK
- Task FLAMINGO: ROMEO VICTOR QUEBEC</Final_Answers>",gemma3:12b,12.0,Gemma3,95.5
3,non-ordered,True,True,24.0,,,,,trivial,cot,13,3,CHIMNEY,"[4, 7, 13]",0.0,1024,512.0,2088,3,SIERRA PAPA XRAY,,,,0,False,True,True,1.0,"[{""name"": ""YOGURT"", ""kind"": ""load"", ""packet"": 4, ""rank"": 1, ""answer"": ""TOMATO"", ""reported"": true, ""response"": ""TOMATO"", ""correct"": true, ""correct_lenient"": true, ""answer_migrated"": false}, {""name"": ""UNICYCLE"", ""kind"": ""load"", ""packet"": 7, ""rank"": 2, ""answer"": ""SALMON"", ""reported"": true, ""response"": ""SALMON"", ""correct"": true, ""correct_lenient"": true, ""answer_migrated"": false}, {""name"": ""CHIMNEY"", ""kind"": ""passphrase"", ""packet"": 13, ""rank"": 3, ""answer"": ""SIERRA PAPA XRAY"", ""reported"": true, ""response"": ""SIERRA PAPA XRAY</Final_Answers>"", ""correct"": false, ""correct_lenient"": true, ""answer_migrated"": false}]",3,0,0.0,24.0,True,False,False,False,False,1.0,0.0,False,"<Thinking>
Packet 04 is Task YOGURT: The instructions state I must report the word TOMATO. Packet 
</Thinking>
<Final_Answers>
- Task YOGURT: TOMATO
- Task UNICYCLE: SALMON
- Task CHIMNEY: SIERRA PAPA XRAY</Final_Answers>",gemma3:12b,12.0,Gemma3,95.5
3,non-ordered,True,True,24.0,,,,,trivial,cot,12,3,TULIP,"[2, 9, 12]",0.0,1024,512.0,3088,3,PAPA INDIA VICTOR,,,,0,False,True,True,1.0,"[{""name"": ""YODEL"", ""kind"": ""load"", ""packet"": 2, ""rank"": 1, ""answer"": ""SHARK"", ""reported"": true, ""response"": ""SHARK"", ""correct"": true, ""correct_lenient"": true, ""answer_migrated"": false}, {""name"": ""WALNUT"", ""kind"": ""load"", ""packet"": 9, ""rank"": 2, ""answer"": ""SUGAR"", ""reported"": true, ""response"": ""SUGAR"", ""correct"": true, ""correct_lenient"": true, ""answer_migrated"": false}, {""name"": ""TULIP"", ""kind"": ""passphrase"", ""packet"": 12, ""rank"": 3, ""answer"": ""PAPA INDIA VICTOR"", ""reported"": true, ""response"": ""PAPA INDIA VICTOR</Final_Answers>"", ""correct"": false, ""correct_lenient"": true, ""answer_migrated"": false}]",3,0,0.0,24.0,True,False,False,False,False,1.0,0.0,False,"<Thinking>
Packet 02 is Task YODEL: The instructions state to report the word SHARK as this task's
</Thinking>
<Final_Answers>
- Task YODEL: SHARK
- Task WALNUT: SUGAR
- Task TULIP: PAPA INDIA VICTOR</Final_Answers>",gemma3:12b,12.0,Gemma3,95.5
3,non-ordered,True,True,24.0,,,,,trivial,cot,13,3,LULLABY,"[2, 11, 13]",0.0,1024,512.0,4088,3,ALPHA HOTEL INDIA,,,,0,False,True,True,1.0,"[{""name"": ""RAVIOLI"", ""kind"": ""load"", ""packet"": 2, ""rank"": 1, ""answer"": ""BRANCH"", ""reported"": true, ""response"": ""BRANCH"", ""correct"": true, ""correct_lenient"": true, ""answer_migrated"": false}, {""name"": ""DOLPHIN"", ""kind"": ""load"", ""packet"": 11, ""rank"": 2, ""answer"": ""SPOON"", ""reported"": true, ""response"": ""SPOON"", ""correct"": true, ""correct_lenient"": true, ""answer_migrated"": false}, {""name"": ""LULLABY"", ""kind"": ""passphrase"", ""packet"": 13, ""rank"": 3, ""answer"": ""ALPHA HOTEL INDIA"", ""reported"": true, ""response"": ""ALPHA HOTEL INDIA</Final_Answers>"", ""correct"": false, ""correct_lenient"": true, ""answer_migrated"": false}]",3,0,0.0,24.0,True,False,False,False,False,1.0,0.0,False,"<Thinking>
I have identified three tasks in this stream. Packet 02 is Task RAVIOLI; it requires me to report
</Thinking>
<Final_Answers>
- Task RAVIOLI: BRANCH
- Task DOLPHIN: SPOON
- Task LULLABY: ALPHA HOTEL INDIA</Final_Answers>",gemma3:12b,12.0,Gemma3,95.5
3,non-ordered,True,True,24.0,,,,,trivial,cot,8,3,ANCHOVY,"[2, 6, 8]",0.0,1024,512.0,5088,3,WHISKEY ROMEO MIKE,,,,0,False,True,True,1.0,"[{""name"": ""THIMBLE"", ""kind"": ""load"", ""packet"": 2, ""rank"": 1, ""answer"": ""ROBIN"", ""reported"": true, ""response"": ""ROBIN"", ""correct"": true, ""correct_lenient"": true, ""answer_migrated"": false}, {""name"": ""URCHIN"", ""kind"": ""load"", ""packet"": 6, ""rank"": 2, ""answer"": ""LAKE"", ""reported"": true, ""response"": ""LAKE"", ""correct"": true, ""correct_lenient"": true, ""answer_migrated"": false}, {""name"": ""ANCHOVY"", ""kind"": ""passphrase"", ""packet"": 8, ""rank"": 3, ""answer"": ""WHISKEY ROMEO MIKE"", ""reported"": true, ""response"": ""WHISKEY ROMEO MIKE</Final_Answers>"", ""correct"": false, ""correct_lenient"": true, ""answer_migrated"": false}]",3,0,0.0,24.0,True,False,False,False,False,1.0,0.0,False,"<Thinking>
Packet 02 is Task THIMBLE: The instructions state to report the word ROBIN as the result. Packet
</Thinking>
<Final_Answers>
- Task THIMBLE: ROBIN
- Task URCHIN: LAKE
- Task ANCHOVY: WHISKEY ROMEO MIKE</Final_Answers>",gemma3:12b,12.0,Gemma3,95.5
3,non-ordered,True,True,24.0,,,,,trivial,cot,15,3,FALCON,"[1, 7, 15]",0.0,1024,512.0,6088,3,QUEBEC JULIET UNIFORM,,,,0,False,True,True,1.0,"[{""name"": ""HARMONICA"", ""kind"": ""load"", ""packet"": 1, ""rank"": 1, ""answer"": ""WHALE"", ""reported"": true, ""response"": ""WHALE"", ""correct"": true, ""correct_lenient"": true, ""answer_migrated"": false}, {""name"": ""SNORKEL"", ""kind"": ""load"", ""packet"": 7, ""rank"": 2, ""answer"": ""HORSE"", ""reported"": true, ""response"": ""HORSE"", ""correct"": true, ""correct_lenient"": true, ""answer_migrated"": false}, {""name"": ""FALCON"", ""kind"": ""passphrase"", ""packet"": 15, ""rank"": 3, ""answer"": ""QUEBEC JULIET UNIFORM"", ""reported"": true, ""response"": ""QUEBEC JULIET UNIFORM</Final_Answers>"", ""correct"": false, ""correct_lenient"": true, ""answer_migrated"": false}]",3,0,0.0,24.0,True,False,False,False,False,1.0,0.0,False,"<Thinking>
Packet 01 is Task HARMONICA: The instructions state to report the word WHALE as the result. Packet
</Thinking>
<Final_Answers>
- Task HARMONICA: WHALE
- Task SNORKEL: HORSE
- Task FALCON: QUEBEC JULIET UNIFORM</Final_Answers>",gemma3:12b,12.0,Gemma3,95.5
3,non-ordered,True,True,24.0,,,,,trivial,cot,5,3,MARBLE,"[1, 4, 5]",0.0,1024,512.0,7088,3,ROMEO BRAVO MIKE,,,,0,False,True,True,1.0,"[{""name"": ""FERRET"", ""kind"": ""load"", ""packet"": 1, ""rank"": 1, ""answer"": ""BLUE"", ""reported"": true, ""response"": ""BLUE"", ""correct"": true, ""correct_lenient"": true, ""answer_migrated"": false}, {""name"": ""FALCON"", ""kind"": ""load"", ""packet"": 4, ""rank"": 2, ""answer"": ""BOWL"", ""reported"": true, ""response"": ""BOWL"", ""correct"": true, ""correct_lenient"": true, ""answer_migrated"": false}, {""name"": ""MARBLE"", ""kind"": ""passphrase"", ""packet"": 5, ""rank"": 3, ""answer"": ""ROMEO BRAVO MIKE"", ""reported"": true, ""response"": ""ROMEO BRAVO MIKE</Final_Answers>"", ""correct"": false, ""correct_lenient"": true, ""answer_migrated"": false}]",3,0,0.0,24.0,True,False,False,False,False,2.0,1.0,False,"<Thinking>
Packet 01 is Task FERRET: The instructions state to report ""BLUE"" as the result. Packet 0
</Thinking>
<Final_Answers>
- Task FERRET: BLUE
- Task FALCON: BOWL
- Task MARBLE: ROMEO BRAVO MIKE</Final_Answers>",gemma3:12b,12.0,Gemma3,95.5
3,non-ordered,False,True,24.0,,,,,semantic_4,cot,1,1,CARNIVAL,"[1, 8, 9]",0.0,1024,512.0,109,3,INDIA HOTEL OSCAR,,,,0,True,True,True,0.5,"[{""name"": ""CARNIVAL"", ""kind"": ""passphrase"", ""packet"": 1, ""rank"": 1, ""answer"": ""INDIA HOTEL OSCAR"", ""reported"": true, ""response"": ""INDIA HOTEL OSCAR"", ""correct"": true, ""correct_lenient"": true, ""answer_migrated"": false}, {""name"": ""LILAC"", ""kind"": ""load"", ""packet"": 8, ""rank"": 2, ""answer"": ""YES"", ""reported"": true, ""response"": ""YES"", ""correct"": true, ""correct_lenient"": true, ""answer_migrated"": false}, {""name"": ""KETTLE"", ""kind"": ""load"", ""packet"": 9, ""rank"": 3, ""answer"": ""INVALID"", ""reported"": true, ""response"": ""INVALID</Final_Answers>"", ""correct"": false, ""correct_lenient"": true, ""answer_migrated"": false}]",3,0,0.0,24.0,True,False,False,False,True,2.0,1.0,False,"<Thinking>
Packet 01 is Task CARNIVAL: I must copy the three words INDIA HOTEL OSCAR. Packet 0
</Thinking>
<Final_Answers>
- Task CARNIVAL: INDIA HOTEL OSCAR
- Task LILAC: YES
- Task KETTLE: INVALID</Final_Answers>",gemma3:12b,12.0,Gemma3,95.5
3,non-ordered,False,True,24.0,,,,,semantic_4,cot,11,3,LULLABY,"[2, 10, 11]",0.0,1024,512.0,1109,3,MIKE CHARLIE PAPA,,,,0,False,True,True,0.0,"[{""name"": ""LANTERN"", ""kind"": ""load"", ""packet"": 2, ""rank"": 1, ""answer"": ""VALID"", ""reported"": true, ""response"": ""INVALID"", ""correct"": false, ""correct_lenient"": false, ""answer_migrated"": true}, {""name"": ""THIMBLE"", ""kind"": ""load"", ""packet"": 10, ""rank"": 2, ""answer"": ""INVALID"", ""reported"": true, ""response"": ""VALID"", ""correct"": false, ""correct_lenient"": false, ""answer_migrated"": true}, {""name"": ""LULLABY"", ""kind"": ""passphrase"", ""packet"": 11, ""rank"": 3, ""answer"": ""MIKE CHARLIE PAPA"", ""reported"": true, ""response"": ""MIKE CHARLIE PAPA</Final_Answers>"", ""correct"": false, ""correct_lenient"": true, ""answer_migrated"": false}]",3,0,0.6666666666666666,24.0,True,False,False,False,False,1.0,0.0,False,"<Thinking>
Packet 02 is Task LANTERN. The premises state that all blims are drovs, all drovs are
</Thinking>
<Final_Answers>
- Task LANTERN: INVALID
- Task THIMBLE: VALID
- Task LULLABY: MIKE CHARLIE PAPA</Final_Answers>",gemma3:12b,12.0,Gemma3,95.5
3,non-ordered,False,True,24.0,,,,,semantic_4,cot,6,2,CHIMNEY,"[1, 6, 11]",0.0,1024,512.0,2109,3,MIKE ROMEO NOVEMBER,,,,0,True,True,True,0.0,"[{""name"": ""HARMONICA"", ""kind"": ""load"", ""packet"": 1, ""rank"": 1, ""answer"": ""INVALID"", ""reported"": true, ""response"": ""VALID"", ""correct"": false, ""correct_lenient"": false, ""answer_migrated"": false}, {""name"": ""CHIMNEY"", ""kind"": ""passphrase"", ""packet"": 6, ""rank"": 2, ""answer"": ""MIKE ROMEO NOVEMBER"", ""reported"": true, ""response"": ""MIKE ROMEO NOVEMBER"", ""correct"": true, ""correct_lenient"": true, ""answer_migrated"": false}, {""name"": ""WHEELBARROW"", ""kind"": ""load"", ""packet"": 11, ""rank"": 3, ""answer"": ""NO"", ""reported"": true, ""response"": ""YES</Final_Answers>"", ""correct"": false, ""correct_lenient"": false, ""answer_migrated"": false}]",3,0,0.0,24.0,True,False,False,False,False,1.0,0.0,False,"<Thinking>
Packet 01 is Task HARMONICA. This is a logic puzzle. Let's analyze the statements: ""
</Thinking>
<Final_Answers>
- Task HARMONICA: VALID
- Task CHIMNEY: MIKE ROMEO NOVEMBER
- Task WHEELBARROW: YES</Final_Answers>",gemma3:12b,12.0,Gemma3,95.5
3,non-ordered,False,True,24.0,,,,,semantic_4,cot,11,3,VELVET,"[7, 10, 11]",0.0,1024,512.0,3109,3,ECHO ZULU HOTEL,,,,0,False,True,True,0.0,"[{""name"": ""UNICYCLE"", ""kind"": ""load"", ""packet"": 7, ""rank"": 1, ""answer"": ""INVALID"", ""reported"": true, ""response"": ""VALID"", ""correct"": false, ""correct_lenient"": false, ""answer_migrated"": true}, {""name"": ""WOMBAT"", ""kind"": ""load"", ""packet"": 10, ""rank"": 2, ""answer"": ""VALID"", ""reported"": true, ""response"": ""INVALID"", ""correct"": false, ""correct_lenient"": false, ""answer_migrated"": true}, {""name"": ""VELVET"", ""kind"": ""passphrase"", ""packet"": 11, ""rank"": 3, ""answer"": ""ECHO ZULU HOTEL"", ""reported"": true, ""response"": ""ECHO ZULU HOTEL</Final_Answers>"", ""correct"": false, ""correct_lenient"": true, ""answer_migrated"": false}]",3,0,0.6666666666666666,24.0,True,False,False,False,False,1.0,0.0,False,"<Thinking>
Packet 07 is Task UNICYCLE. The premises state that all torps are plonks and some pl
</Thinking>
<Final_Answers>
- Task UNICYCLE: VALID
- Task WOMBAT: INVALID
- Task VELVET: ECHO ZULU HOTEL</Final_Answers>",gemma3:12b,12.0,Gemma3,95.5
3,non-ordered,False,True,24.0,,,,,semantic_4,cot,9,2,DOLPHIN,"[6, 9, 10]",0.0,1024,512.0,4109,3,JULIET FOXTROT YANKEE,,,,0,True,True,True,0.5,"[{""name"": ""TULIP"", ""kind"": ""load"", ""packet"": 6, ""rank"": 1, ""answer"": ""NO"", ""reported"": true, ""response"": ""NO"", ""correct"": true, ""correct_lenient"": true, ""answer_migrated"": false}, {""name"": ""DOLPHIN"", ""kind"": ""passphrase"", ""packet"": 9, ""rank"": 2, ""answer"": ""JULIET FOXTROT YANKEE"", ""reported"": true, ""response"": ""JULIET FOXTROT YANKEE"", ""correct"": true, ""correct_lenient"": true, ""answer_migrated"": false}, {""name"": ""WALNUT"", ""kind"": ""load"", ""packet"": 10, ""rank"": 3, ""answer"": ""INVALID"", ""reported"": true, ""response"": ""VALID</Final_Answers>"", ""correct"": false, ""correct_lenient"": false, ""answer_migrated"": false}]",3,0,0.0,24.0,True,False,False,False,False,1.0,0.0,False,"<Thinking>
Packet 06 is Task TULIP. The order of height from shortest to tallest is Frank, Eve, Ravi
</Thinking>
<Final_Answers>
- Task TULIP: NO
- Task DOLPHIN: JULIET FOXTROT YANKEE
- Task WALNUT: VALID</Final_Answers>",gemma3:12b,12.0,Gemma3,95.5
3,non-ordered,False,True,24.0,,,,,semantic_4,cot,5,1,MANDOLIN,"[5, 7, 14]",0.0,1024,512.0,5109,3,MIKE WHISKEY KILO,,,,0,False,True,True,0.0,"[{""name"": ""MANDOLIN"", ""kind"": ""passphrase"", ""packet"": 5, ""rank"": 1, ""answer"": ""MIKE WHISKEY KILO"", ""reported"": true, ""response"": ""MIKE WHISKEY KILO</Final_Answers>"", ""correct"": false, ""correct_lenient"": true, ""answer_migrated"": false}, {""name"": ""BAGPIPE"", ""kind"": ""load"", ""packet"": 7, ""rank"": 2, ""answer"": ""INVALID"", ""reported"": false, ""response"": null, ""correct"": false, ""correct_lenient"": false, ""answer_migrated"": false}, {""name"": ""JASMINE"", ""kind"": ""load"", ""packet"": 14, ""rank"": 3, ""answer"": ""INVALID"", ""reported"": false, ""response"": null, ""correct"": false, ""correct_lenient"": false, ""answer_migrated"": false}]",1,0,0.0,24.0,True,False,False,False,True,1.0,0.0,False,"<Thinking>
Packet 05 is Task MANDOLIN: I must copy the three words MIKE WHISKEY KILO.
</Thinking>
<Final_Answers>
- Task MANDOLIN: MIKE WHISKEY KILO</Final_Answers>",gemma3:12b,12.0,Gemma3,95.5
3,non-ordered,False,True,24.0,,,,,semantic_4,cot,7,1,LILAC,"[7, 12, 15]",0.0,1024,512.0,6109,3,GOLF ZULU YANKEE,,,,0,False,True,True,0.0,"[{""name"": ""LILAC"", ""kind"": ""passphrase"", ""packet"": 7, ""rank"": 1, ""answer"": ""GOLF ZULU YANKEE"", ""reported"": true, ""response"": ""GOLF ZULU YANKEE</Final_Answers>"", ""correct"": false, ""correct_lenient"": true, ""answer_migrated"": false}, {""name"": ""OPAL"", ""kind"": ""load"", ""packet"": 12, ""rank"": 2, ""answer"": ""NO"", ""reported"": false, ""response"": null, ""correct"": false, ""correct_lenient"": false, ""answer_migrated"": false}, {""name"": ""PISTACHIO"", ""kind"": ""load"", ""packet"": 15, ""rank"": 3, ""answer"": ""VALID"", ""reported"": false, ""response"": null, ""correct"": false, ""correct_lenient"": false, ""answer_migrated"": false}]",1,0,0.0,24.0,True,False,False,False,True,1.0,0.0,False,"<Thinking>
Packet 07 is Task LILAC: I must copy the three words GOLF ZULU YANKEE.
</Thinking>
<Final_Answers>
- Task LILAC: GOLF ZULU YANKEE</Final_Answers>",gemma3:12b,12.0,Gemma3,95.5
3,non-ordered,False,True,24.0,,,,,semantic_4,cot,3,1,URCHIN,"[3, 4, 6]",0.0,1024,512.0,7109,3,BRAVO YANKEE TANGO,,,,0,False,True,True,0.0,"[{""name"": ""URCHIN"", ""kind"": ""passphrase"", ""packet"": 3, ""rank"": 1, ""answer"": ""BRAVO YANKEE TANGO"", ""reported"": true, ""response"": ""BRAVO YANKEE TANGO</Final_Answers>"", ""correct"": false, ""correct_lenient"": true, ""answer_migrated"": false}, {""name"": ""TAPESTRY"", ""kind"": ""load"", ""packet"": 4, ""rank"": 2, ""answer"": ""INVALID"", ""reported"": false, ""response"": null, ""correct"": false, ""correct_lenient"": false, ""answer_migrated"": false}, {""name"": ""PYRAMID"", ""kind"": ""load"", ""packet"": 6, ""rank"": 3, ""answer"": ""R"", ""reported"": false, ""response"": null, ""correct"": false, ""correct_lenient"": false, ""answer_migrated"": false}]",1,0,0.0,24.0,True,False,False,False,True,1.0,0.0,False,"<Thinking>
Packet 03 is Task URCHIN: I must copy the three words BRAVO YANKEE TANGO.
</Thinking>
<Final_Answers>
- Task URCHIN: BRAVO YANKEE TANGO</Final_Answers>",gemma3:12b,12.0,Gemma3,95.5
3,non-ordered,True,True,24.0,,,,,semantic_4,cot,9,3,LILAC,"[1, 8, 9]",0.0,1024,512.0,109,3,INDIA HOTEL OSCAR,,,,0,False,True,True,1.0,"[{""name"": ""TOBOGGAN"", ""kind"": ""load"", ""packet"": 1, ""rank"": 1, ""answer"": ""NO"", ""reported"": true, ""response"": ""NO"", ""correct"": true, ""correct_lenient"": true, ""answer_migrated"": false}, {""name"": ""CARNIVAL"", ""kind"": ""load"", ""packet"": 8, ""rank"": 2, ""answer"": ""YES"", ""reported"": true, ""response"": ""YES"", ""correct"": true, ""correct_lenient"": true, ""answer_migrated"": false}, {""name"": ""LILAC"", ""kind"": ""passphrase"", ""packet"": 9, ""rank"": 3, ""answer"": ""INDIA HOTEL OSCAR"", ""reported"": true, ""response"": ""INDIA HOTEL OSCAR</Final_Answers>"", ""correct"": false, ""correct_lenient"": true, ""answer_migrated"": false}]",3,0,0.0,24.0,True,False,False,False,False,1.0,0.0,False,"<Thinking>
Packet 01 is Task TOBOGGAN. We have the following height order: Frank < Eve < Ravi
</Thinking>
<Final_Answers>
- Task TOBOGGAN: NO
- Task CARNIVAL: YES
- Task LILAC: INDIA HOTEL OSCAR</Final_Answers>",gemma3:12b,12.0,Gemma3,95.5
3,non-ordered,True,True,24.0,,,,,semantic_4,cot,11,3,THIMBLE,"[2, 10, 11]",0.0,1024,512.0,1109,3,MIKE CHARLIE PAPA,,,,0,False,True,True,0.5,"[{""name"": ""QUICKSAND"", ""kind"": ""load"", ""packet"": 2, ""rank"": 1, ""answer"": ""YES"", ""reported"": true, ""response"": ""YES"", ""correct"": true, ""correct_lenient"": true, ""answer_migrated"": false}, {""name"": ""LANTERN"", ""kind"": ""load"", ""packet"": 10, ""rank"": 2, ""answer"": ""VALID"", ""reported"": true, ""response"": ""INVALID"", ""correct"": false, ""correct_lenient"": false, ""answer_migrated"": false}, {""name"": ""THIMBLE"", ""kind"": ""passphrase"", ""packet"": 11, ""rank"": 3, ""answer"": ""MIKE CHARLIE PAPA"", ""reported"": true, ""response"": ""MIKE CHARLIE PAPA</Final_Answers>"", ""correct"": false, ""correct_lenient"": true, ""answer_migrated"": false}]",3,0,0.0,24.0,True,False,False,False,False,1.0,0.0,False,"<Thinking>
Packet 02 is Task QUICKSAND: We are given a series of comparisons. Carol > Eve > Tom >
</Thinking>
<Final_Answers>
- Task QUICKSAND: YES
- Task LANTERN: INVALID
- Task THIMBLE: MIKE CHARLIE PAPA</Final_Answers>",gemma3:12b,12.0,Gemma3,95.5
3,non-ordered,True,True,24.0,,,,,semantic_4,cot,11,3,CHIMNEY,"[1, 6, 11]",0.0,1024,512.0,2109,3,MIKE ROMEO NOVEMBER,,,,0,False,True,True,0.5,"[{""name"": ""OBELISK"", ""kind"": ""load"", ""packet"": 1, ""rank"": 1, ""answer"": ""INVALID"", ""reported"": true, ""response"": ""INVALID"", ""correct"": true, ""correct_lenient"": true, ""answer_migrated"": false}, {""name"": ""HARMONICA"", ""kind"": ""load"", ""packet"": 6, ""rank"": 2, ""answer"": ""INVALID"", ""reported"": true, ""response"": ""VALID"", ""correct"": false, ""correct_lenient"": false, ""answer_migrated"": false}, {""name"": ""CHIMNEY"", ""kind"": ""passphrase"", ""packet"": 11, ""rank"": 3, ""answer"": ""MIKE ROMEO NOVEMBER"", ""reported"": true, ""response"": ""MIKE ROMEO NOVEMBER</Final_Answers>"", ""correct"": false, ""correct_lenient"": true, ""answer_migrated"": false}]",3,0,0.0,24.0,True,False,False,False,False,1.0,0.0,False,"<Thinking>
Packet 01 is Task OBELISK. The premises state that all blims are florks and some florks
</Thinking>
<Final_Answers>
- Task OBELISK: INVALID
- Task HARMONICA: VALID
- Task CHIMNEY: MIKE ROMEO NOVEMBER</Final_Answers>",gemma3:12b,12.0,Gemma3,95.5
3,non-ordered,True,True,24.0,,,,,semantic_4,cot,11,3,WOMBAT,"[7, 10, 11]",0.0,1024,512.0,3109,3,ECHO ZULU HOTEL,,,,0,False,True,True,1.0,"[{""name"": ""NOODLE"", ""kind"": ""load"", ""packet"": 7, ""rank"": 1, ""answer"": ""VALID"", ""reported"": true, ""response"": ""VALID"", ""correct"": true, ""correct_lenient"": true, ""answer_migrated"": false}, {""name"": ""UNICYCLE"", ""kind"": ""load"", ""packet"": 10, ""rank"": 2, ""answer"": ""INVALID"", ""reported"": true, ""response"": ""INVALID"", ""correct"": true, ""correct_lenient"": true, ""answer_migrated"": false}, {""name"": ""WOMBAT"", ""kind"": ""passphrase"", ""packet"": 11, ""rank"": 3, ""answer"": ""ECHO ZULU HOTEL"", ""reported"": true, ""response"": ""ECHO ZULU HOTEL</Final_Answers>"", ""correct"": false, ""correct_lenient"": true, ""answer_migrated"": false}]",3,0,0.0,24.0,True,False,False,False,False,1.0,0.0,False,"<Thinking>
Packet 07 is Task NOODLE. The argument states ""Some torps are vails"", ""All v
</Thinking>
<Final_Answers>
- Task NOODLE: VALID
- Task UNICYCLE: INVALID
- Task WOMBAT: ECHO ZULU HOTEL</Final_Answers>",gemma3:12b,12.0,Gemma3,95.5
3,non-ordered,True,True,24.0,,,,,semantic_4,cot,10,3,DOLPHIN,"[6, 9, 10]",0.0,1024,512.0,4109,3,JULIET FOXTROT YANKEE,,,,0,False,True,True,0.0,"[{""name"": ""NARWHAL"", ""kind"": ""load"", ""packet"": 6, ""rank"": 1, ""answer"": ""VALID"", ""reported"": true, ""response"": ""INVALID"", ""correct"": false, ""correct_lenient"": false, ""answer_migrated"": false}, {""name"": ""TULIP"", ""kind"": ""load"", ""packet"": 9, ""rank"": 2, ""answer"": ""NO"", ""reported"": true, ""response"": ""YES"", ""correct"": false, ""correct_lenient"": false, ""answer_migrated"": false}, {""name"": ""DOLPHIN"", ""kind"": ""passphrase"", ""packet"": 10, ""rank"": 3, ""answer"": ""JULIET FOXTROT YANKEE"", ""reported"": true, ""response"": ""JULIET FOXTROT YANKEE</Final_Answers>"", ""correct"": false, ""correct_lenient"": true, ""answer_migrated"": false}]",3,0,0.0,24.0,True,False,False,False,False,1.0,0.0,False,"<Thinking>
Packet 06 is Task NARWHAL. The logic puzzle states ""All trils are frans,"" ""All frans
</Thinking>
<Final_Answers>
- Task NARWHAL: INVALID
- Task TULIP: YES
- Task DOLPHIN: JULIET FOXTROT YANKEE</Final_Answers>",gemma3:12b,12.0,Gemma3,95.5
3,non-ordered,True,True,24.0,,,,,semantic_4,cot,14,3,BAGPIPE,"[5, 7, 14]",0.0,1024,512.0,5109,3,MIKE WHISKEY KILO,,,,0,False,True,True,0.0,"[{""name"": ""SAPPHIRE"", ""kind"": ""load"", ""packet"": 5, ""rank"": 1, ""answer"": ""VALID"", ""reported"": true, ""response"": ""INVALID"", ""correct"": false, ""correct_lenient"": false, ""answer_migrated"": true}, {""name"": ""MANDOLIN"", ""kind"": ""load"", ""packet"": 7, ""rank"": 2, ""answer"": ""INVALID"", ""reported"": true, ""response"": ""VALID"", ""correct"": false, ""correct_lenient"": false, ""answer_migrated"": true}, {""name"": ""BAGPIPE"", ""kind"": ""passphrase"", ""packet"": 14, ""rank"": 3, ""answer"": ""MIKE WHISKEY KILO"", ""reported"": true, ""response"": ""MIKE WHISKEY KILO</Final_Answers>"", ""correct"": false, ""correct_lenient"": true, ""answer_migrated"": false}]",3,0,0.6666666666666666,24.0,True,False,False,False,False,1.0,0.0,False,"<Thinking>
Packet 05 is Task SAPPHIRE. The statements establish that zorps are wugs, and wugs are
</Thinking>
<Final_Answers>
- Task SAPPHIRE: INVALID
- Task MANDOLIN: VALID
- Task BAGPIPE: MIKE WHISKEY KILO</Final_Answers>",gemma3:12b,12.0,Gemma3,95.5
3,non-ordered,True,True,24.0,,,,,semantic_4,cot,15,3,OPAL,"[7, 12, 15]",0.0,1024,512.0,6109,3,GOLF ZULU YANKEE,,,,0,False,True,True,1.0,"[{""name"": ""LANTERN"", ""kind"": ""load"", ""packet"": 7, ""rank"": 1, ""answer"": ""YES"", ""reported"": true, ""response"": ""YES"", ""correct"": true, ""correct_lenient"": true, ""answer_migrated"": false}, {""name"": ""LILAC"", ""kind"": ""load"", ""packet"": 12, ""rank"": 2, ""answer"": ""NO"", ""reported"": true, ""response"": ""NO"", ""correct"": true, ""correct_lenient"": true, ""answer_migrated"": false}, {""name"": ""OPAL"", ""kind"": ""passphrase"", ""packet"": 15, ""rank"": 3, ""answer"": ""GOLF ZULU YANKEE"", ""reported"": true, ""response"": ""GOLF ZULU YANKEE</Final_Answers>"", ""correct"": false, ""correct_lenient"": true, ""answer_migrated"": false}]",3,0,0.0,24.0,True,False,False,False,False,1.0,0.0,False,"<Thinking>
Packet 07 is Task LANTERN: The problem states Jack < Alice < Dave < Hank < Kira < Grace.
</Thinking>
<Final_Answers>
- Task LANTERN: YES
- Task LILAC: NO
- Task OPAL: GOLF ZULU YANKEE</Final_Answers>",gemma3:12b,12.0,Gemma3,95.5
3,non-ordered,True,True,24.0,,,,,semantic_4,cot,6,3,TAPESTRY,"[3, 4, 6]",0.0,1024,512.0,7109,3,BRAVO YANKEE TANGO,,,,0,False,False,False,0.0,"[{""name"": ""SAPPHIRE"", ""kind"": ""load"", ""packet"": 3, ""rank"": 1, ""answer"": ""VALID"", ""reported"": true, ""response"": ""INVALID"", ""correct"": false, ""correct_lenient"": false, ""answer_migrated"": true}, {""name"": ""URCHIN"", ""kind"": ""load"", ""packet"": 4, ""rank"": 2, ""answer"": ""INVALID"", ""reported"": false, ""response"": null, ""correct"": false, ""correct_lenient"": false, ""answer_migrated"": false}, {""name"": ""TAPESTRY"", ""kind"": ""passphrase"", ""packet"": 6, ""rank"": 3, ""answer"": ""BRAVO YANKEE TANGO"", ""reported"": false, ""response"": null, ""correct"": false, ""correct_lenient"": false, ""answer_migrated"": false}]",1,0,1.0,24.0,True,False,True,False,False,1.0,0.0,False,"<Thinking>
Packet 03 is Task SAPPHIRE. This is a logic puzzle involving sets and relationships. Let's analyze
</Thinking>
<Final_Answers>
- Task SAPPHIRE: INVALID
</Final_Answers>",gemma3:12b,12.0,Gemma3,95.5
3,non-ordered,False,True,48.0,,,,,trivial,cot,3,1,PLATYPUS,"[3, 11, 15]",0.0,1024,512.0,88,3,MIKE GOLF KILO,,,,0,True,True,True,0.0,"[{""name"": ""PLATYPUS"", ""kind"": ""passphrase"", ""packet"": 3, ""rank"": 1, ""answer"": ""MIKE GOLF KILO"", ""reported"": true, ""response"": ""MIKE GOLF KILO"", ""correct"": true, ""correct_lenient"": true, ""answer_migrated"": false}, {""name"": ""URCHIN"", ""kind"": ""load"", ""packet"": 11, ""rank"": 2, ""answer"": ""RED"", ""reported"": true, ""response"": ""RED</Final_Answers>"", ""correct"": false, ""correct_lenient"": true, ""answer_migrated"": false}, {""name"": ""LULLABY"", ""kind"": ""load"", ""packet"": 15, ""rank"": 3, ""answer"": ""EAGLE"", ""reported"": false, ""response"": null, ""correct"": false, ""correct_lenient"": false, ""answer_migrated"": false}]",2,0,0.0,48.0,True,False,False,False,True,2.0,0.0,False,"<Thinking>
I have identified two tasks in this stream. Packet 03 is Task PLATYPUS; I must copy-paste ""MIKE GOLF KILO"". Packet 11 is Task URCHIN; I must report the word RED
</Thinking>
<Final_Answers>
- Task PLATYPUS: MIKE GOLF KILO
- Task URCHIN: RED</Final_Answers>",gemma3:12b,12.0,Gemma3,95.5
3,non-ordered,False,True,48.0,,,,,trivial,cot,6,1,NARWHAL,"[6, 7, 8]",0.0,1024,512.0,1088,3,ROMEO VICTOR QUEBEC,,,,0,True,True,True,0.5,"[{""name"": ""NARWHAL"", ""kind"": ""passphrase"", ""packet"": 6, ""rank"": 1, ""answer"": ""ROMEO VICTOR QUEBEC"", ""reported"": true, ""response"": ""ROMEO VICTOR QUEBEC"", ""correct"": true, ""correct_lenient"": true, ""answer_migrated"": false}, {""name"": ""FLAMINGO"", ""kind"": ""load"", ""packet"": 7, ""rank"": 2, ""answer"": ""HAWK"", ""reported"": true, ""response"": ""HAWK"", ""correct"": true, ""correct_lenient"": true, ""answer_migrated"": false}, {""name"": ""HEDGEHOG"", ""kind"": ""load"", ""packet"": 8, ""rank"": 3, ""answer"": ""OCEAN"", ""reported"": true, ""response"": ""OCEAN</Final_Answers>"", ""correct"": false, ""correct_lenient"": true, ""answer_migrated"": false}]",3,0,0.0,48.0,True,False,False,False,True,2.0,0.0,False,"<Thinking>
I have identified three tasks in this stream. Packet 06 is Task NARWHAL; I must copy-paste ""ROMEO VICTOR QUEBEC"". Packet 07 is Task FLAMINGO, and it instructs me to report the
</Thinking>
<Final_Answers>
- Task NARWHAL: ROMEO VICTOR QUEBEC
- Task FLAMINGO: HAWK
- Task HEDGEHOG: OCEAN</Final_Answers>",gemma3:12b,12.0,Gemma3,95.5
3,non-ordered,False,True,48.0,,,,,trivial,cot,4,1,UNICYCLE,"[4, 7, 13]",0.0,1024,512.0,2088,3,SIERRA PAPA XRAY,,,,0,True,True,True,0.5,"[{""name"": ""UNICYCLE"", ""kind"": ""passphrase"", ""packet"": 4, ""rank"": 1, ""answer"": ""SIERRA PAPA XRAY"", ""reported"": true, ""response"": ""SIERRA PAPA XRAY"", ""correct"": true, ""correct_lenient"": true, ""answer_migrated"": false}, {""name"": ""CHIMNEY"", ""kind"": ""load"", ""packet"": 7, ""rank"": 2, ""answer"": ""SALMON"", ""reported"": true, ""response"": ""SALMON"", ""correct"": true, ""correct_lenient"": true, ""answer_migrated"": false}, {""name"": ""URCHIN"", ""kind"": ""load"", ""packet"": 13, ""rank"": 3, ""answer"": ""SALT"", ""reported"": true, ""response"": ""SALT</Final_Answers>"", ""correct"": false, ""correct_lenient"": true, ""answer_migrated"": false}]",3,0,0.0,48.0,True,False,False,False,True,2.0,0.0,False,"<Thinking>
I have identified three tasks in this stream. Packet 04 is Task UNICYCLE; I must copy-paste ""SIERRA PAPA XRAY"". Packet 07 is Task CHIMNEY; the instructions say to report
</Thinking>
<Final_Answers>
- Task UNICYCLE: SIERRA PAPA XRAY
- Task CHIMNEY: SALMON
- Task URCHIN: SALT</Final_Answers>",gemma3:12b,12.0,Gemma3,95.5
3,non-ordered,False,True,48.0,,,,,trivial,cot,9,2,TULIP,"[2, 9, 12]",0.0,1024,512.0,3088,3,PAPA INDIA VICTOR,,,,0,False,True,True,0.5,"[{""name"": ""WALNUT"", ""kind"": ""load"", ""packet"": 2, ""rank"": 1, ""answer"": ""SUGAR"", ""reported"": true, ""response"": ""SUGAR"", ""correct"": true, ""correct_lenient"": true, ""answer_migrated"": false}, {""name"": ""TULIP"", ""kind"": ""passphrase"", ""packet"": 9, ""rank"": 2, ""answer"": ""PAPA INDIA VICTOR"", ""reported"": true, ""response"": ""PAPA INDIA VICTOR</Final_Answers>"", ""correct"": false, ""correct_lenient"": true, ""answer_migrated"": false}, {""name"": ""LOBSTER"", ""kind"": ""load"", ""packet"": 12, ""rank"": 3, ""answer"": ""CHAIR"", ""reported"": false, ""response"": null, ""correct"": false, ""correct_lenient"": false, ""answer_migrated"": false}]",2,0,0.0,48.0,True,False,False,False,True,2.0,0.0,False,"<Thinking>
Packet 02 is Task WALNUT: The instructions state to report the word SUGAR as this task's result. Packet 09 is Task TULIP: I must copy the three words PAPA INDIA VICTOR. Packet 
</Thinking>
<Final_Answers>
- Task WALNUT: SUGAR
- Task TULIP: PAPA INDIA VICTOR</Final_Answers>",gemma3:12b,12.0,Gemma3,95.5
3,non-ordered,False,True,48.0,,,,,trivial,cot,13,3,LULLABY,"[2, 11, 13]",0.0,1024,512.0,4088,3,ALPHA HOTEL INDIA,,,,0,False,True,True,1.0,"[{""name"": ""DOLPHIN"", ""kind"": ""load"", ""packet"": 2, ""rank"": 1, ""answer"": ""BRANCH"", ""reported"": true, ""response"": ""BRANCH"", ""correct"": true, ""correct_lenient"": true, ""answer_migrated"": false}, {""name"": ""RAVIOLI"", ""kind"": ""load"", ""packet"": 11, ""rank"": 2, ""answer"": ""SPOON"", ""reported"": true, ""response"": ""SPOON"", ""correct"": true, ""correct_lenient"": true, ""answer_migrated"": false}, {""name"": ""LULLABY"", ""kind"": ""passphrase"", ""packet"": 13, ""rank"": 3, ""answer"": ""ALPHA HOTEL INDIA"", ""reported"": true, ""response"": ""ALPHA HOTEL INDIA</Final_Answers>"", ""correct"": false, ""correct_lenient"": true, ""answer_migrated"": false}]",3,0,0.0,48.0,True,False,False,False,False,2.0,0.0,False,"<Thinking>
I have identified three tasks in this stream. Packet 02 is Task DOLPHIN; it requires me to report the word BRANCH as its result. Packet 11 is Task RAVIOLI, which asks for the word SPOON
</Thinking>
<Final_Answers>
- Task DOLPHIN: BRANCH
- Task RAVIOLI: SPOON
- Task LULLABY: ALPHA HOTEL INDIA</Final_Answers>",gemma3:12b,12.0,Gemma3,95.5
3,non-ordered,False,True,48.0,,,,,trivial,cot,8,3,TAPESTRY,"[2, 6, 8]",0.0,1024,512.0,5088,3,WHISKEY ROMEO MIKE,,,,0,False,False,False,0.5,"[{""name"": ""URCHIN"", ""kind"": ""load"", ""packet"": 2, ""rank"": 1, ""answer"": ""LAKE"", ""reported"": true, ""response"": ""LAKE"", ""correct"": true, ""correct_lenient"": true, ""answer_migrated"": false}, {""name"": ""ANCHOVY"", ""kind"": ""load"", ""packet"": 6, ""rank"": 2, ""answer"": ""BLACK"", ""reported"": true, ""response"": ""BLACK</Final_Answers>"", ""correct"": false, ""correct_lenient"": true, ""answer_migrated"": false}, {""name"": ""TAPESTRY"", ""kind"": ""passphrase"", ""packet"": 8, ""rank"": 3, ""answer"": ""WHISKEY ROMEO MIKE"", ""reported"": false, ""response"": null, ""correct"": false, ""correct_lenient"": false, ""answer_migrated"": false}]",2,0,0.0,48.0,True,False,True,False,False,2.0,0.0,False,"<Thinking>
Packet 02 is Task URCHIN: The instructions state to report the word LAKE as this task's result. Packet 06 is Task ANCHOVY: The instructions state to report the word BLACK as this task's
</Thinking>
<Final_Answers>
- Task URCHIN: LAKE
- Task ANCHOVY: BLACK</Final_Answers>",gemma3:12b,12.0,Gemma3,95.5
3,non-ordered,False,True,48.0,,,,,trivial,cot,7,2,FALCON,"[1, 7, 15]",0.0,1024,512.0,6088,3,QUEBEC JULIET UNIFORM,,,,0,True,True,True,0.5,"[{""name"": ""SNORKEL"", ""kind"": ""load"", ""packet"": 1, ""rank"": 1, ""answer"": ""HORSE"", ""reported"": true, ""response"": ""HORSE"", ""correct"": true, ""correct_lenient"": true, ""answer_migrated"": false}, {""name"": ""FALCON"", ""kind"": ""passphrase"", ""packet"": 7, ""rank"": 2, ""answer"": ""QUEBEC JULIET UNIFORM"", ""reported"": true, ""response"": ""QUEBEC JULIET UNIFORM"", ""correct"": true, ""correct_lenient"": true, ""answer_migrated"": false}, {""name"": ""KAYAK"", ""kind"": ""load"", ""packet"": 15, ""rank"": 3, ""answer"": ""STONE"", ""reported"": false, ""response"": null, ""correct"": false, ""correct_lenient"": false, ""answer_migrated"": false}]",2,0,0.0,48.0,True,False,False,False,False,2.0,0.0,False,"<Thinking>
Packet 01 is Task SNORKEL: The instructions say to report the word HORSE as this task's result. Packet 07 is Task FALCON: I must copy the three words QUEBEC JULIET UNIF
</Thinking>
<Final_Answers>
- Task SNORKEL: HORSE
- Task FALCON: QUEBEC JULIET UNIFORM
</Final_Answers>",gemma3:12b,12.0,Gemma3,95.5
3,non-ordered,False,True,48.0,,,,,trivial,cot,4,2,MARBLE,"[1, 4, 5]",0.0,1024,512.0,7088,3,ROMEO BRAVO MIKE,,,,0,False,True,True,0.5,"[{""name"": ""FALCON"", ""kind"": ""load"", ""packet"": 1, ""rank"": 1, ""answer"": ""BOWL"", ""reported"": true, ""response"": ""BOWL"", ""correct"": true, ""correct_lenient"": true, ""answer_migrated"": false}, {""name"": ""MARBLE"", ""kind"": ""passphrase"", ""packet"": 4, ""rank"": 2, ""answer"": ""ROMEO BRAVO MIKE"", ""reported"": true, ""response"": ""ROMEO BRAVO MIKE</Final_Answers>"", ""correct"": false, ""correct_lenient"": true, ""answer_migrated"": false}, {""name"": ""WATERMELON"", ""kind"": ""load"", ""packet"": 5, ""rank"": 3, ""answer"": ""SNAKE"", ""reported"": false, ""response"": null, ""correct"": false, ""correct_lenient"": false, ""answer_migrated"": false}]",2,0,0.0,48.0,True,False,False,False,True,2.0,0.0,False,"<Thinking>
Packet 01 is Task FALCON: The instructions state to report the word BOWL as the result. Packet 04 is Task MARBLE: I must copy-paste the three words ROMEO BRAVO MIKE. Packet 
</Thinking>
<Final_Answers>
- Task FALCON: BOWL
- Task MARBLE: ROMEO BRAVO MIKE</Final_Answers>",gemma3:12b,12.0,Gemma3,95.5
3,non-ordered,True,True,48.0,,,,,trivial,cot,15,3,URCHIN,"[3, 11, 15]",0.0,1024,512.0,88,3,MIKE GOLF KILO,,,,0,False,False,False,0.5,"[{""name"": ""PYRAMID"", ""kind"": ""load"", ""packet"": 3, ""rank"": 1, ""answer"": ""PEACH"", ""reported"": true, ""response"": ""PEACH"", ""correct"": true, ""correct_lenient"": true, ""answer_migrated"": false}, {""name"": ""PLATYPUS"", ""kind"": ""load"", ""packet"": 11, ""rank"": 2, ""answer"": ""RED"", ""reported"": true, ""response"": ""RED</Final_Answers>"", ""correct"": false, ""correct_lenient"": true, ""answer_migrated"": false}, {""name"": ""URCHIN"", ""kind"": ""passphrase"", ""packet"": 15, ""rank"": 3, ""answer"": ""MIKE GOLF KILO"", ""reported"": false, ""response"": null, ""correct"": false, ""correct_lenient"": false, ""answer_migrated"": false}]",2,0,0.0,48.0,True,False,True,False,False,2.0,0.0,False,"<Thinking>
I have identified three tasks in this stream. Packet 03 is Task PYRAMID; it requires me to report the word PEACH as its result. Packet 11 is Task PLATYPUS; I must report the word RED
</Thinking>
<Final_Answers>
- Task PYRAMID: PEACH
- Task PLATYPUS: RED</Final_Answers>",gemma3:12b,12.0,Gemma3,95.5
3,non-ordered,True,True,48.0,,,,,trivial,cot,8,3,FLAMINGO,"[6, 7, 8]",0.0,1024,512.0,1088,3,ROMEO VICTOR QUEBEC,,,,0,False,True,True,1.0,"[{""name"": ""PELICAN"", ""kind"": ""load"", ""packet"": 6, ""rank"": 1, ""answer"": ""PEPPER"", ""reported"": true, ""response"": ""PEPPER"", ""correct"": true, ""correct_lenient"": true, ""answer_migrated"": false}, {""name"": ""NARWHAL"", ""kind"": ""load"", ""packet"": 7, ""rank"": 2, ""answer"": ""HAWK"", ""reported"": true, ""response"": ""HAWK"", ""correct"": true, ""correct_lenient"": true, ""answer_migrated"": false}, {""name"": ""FLAMINGO"", ""kind"": ""passphrase"", ""packet"": 8, ""rank"": 3, ""answer"": ""ROMEO VICTOR QUEBEC"", ""reported"": true, ""response"": ""ROMEO VICTOR QUEBEC</Final_Answers>"", ""correct"": false, ""correct_lenient"": true, ""answer_migrated"": false}]",3,0,0.0,48.0,True,False,False,False,False,2.0,0.0,False,"<Thinking>
I have identified three tasks in this stream. Packet 06 is Task PELICAN; I must report the word PEPPER as its result. Packet 07 is Task NARWHAL; I must report the word HAWK as
</Thinking>
<Final_Answers>
- Task PELICAN: PEPPER
- Task NARWHAL: HAWK
- Task FLAMINGO: ROMEO VICTOR QUEBEC</Final_Answers>",gemma3:12b,12.0,Gemma3,95.5
3,non-ordered,True,True,48.0,,,,,trivial,cot,13,3,CHIMNEY,"[4, 7, 13]",0.0,1024,512.0,2088,3,SIERRA PAPA XRAY,,,,0,False,True,True,1.0,"[{""name"": ""YOGURT"", ""kind"": ""load"", ""packet"": 4, ""rank"": 1, ""answer"": ""TOMATO"", ""reported"": true, ""response"": ""TOMATO"", ""correct"": true, ""correct_lenient"": true, ""answer_migrated"": false}, {""name"": ""UNICYCLE"", ""kind"": ""load"", ""packet"": 7, ""rank"": 2, ""answer"": ""SALMON"", ""reported"": true, ""response"": ""SALMON"", ""correct"": true, ""correct_lenient"": true, ""answer_migrated"": false}, {""name"": ""CHIMNEY"", ""kind"": ""passphrase"", ""packet"": 13, ""rank"": 3, ""answer"": ""SIERRA PAPA XRAY"", ""reported"": true, ""response"": ""SIERRA PAPA XRAY</Final_Answers>"", ""correct"": false, ""correct_lenient"": true, ""answer_migrated"": false}]",3,0,0.0,48.0,True,False,False,False,False,3.0,0.0,False,"<Thinking>
Packet 04 is Task YOGURT: The instructions state I must report the word TOMATO. Packet 07 is Task UNICYCLE: The instructions state I must report the word SALMON. Packet 13 is
</Thinking>
<Final_Answers>
- Task YOGURT: TOMATO
- Task UNICYCLE: SALMON
- Task CHIMNEY: SIERRA PAPA XRAY</Final_Answers>",gemma3:12b,12.0,Gemma3,95.5
3,non-ordered,True,True,48.0,,,,,trivial,cot,12,3,TULIP,"[2, 9, 12]",0.0,1024,512.0,3088,3,PAPA INDIA VICTOR,,,,0,False,True,True,1.0,"[{""name"": ""YODEL"", ""kind"": ""load"", ""packet"": 2, ""rank"": 1, ""answer"": ""SHARK"", ""reported"": true, ""response"": ""SHARK"", ""correct"": true, ""correct_lenient"": true, ""answer_migrated"": false}, {""name"": ""WALNUT"", ""kind"": ""load"", ""packet"": 9, ""rank"": 2, ""answer"": ""SUGAR"", ""reported"": true, ""response"": ""SUGAR"", ""correct"": true, ""correct_lenient"": true, ""answer_migrated"": false}, {""name"": ""TULIP"", ""kind"": ""passphrase"", ""packet"": 12, ""rank"": 3, ""answer"": ""PAPA INDIA VICTOR"", ""reported"": true, ""response"": ""PAPA INDIA VICTOR</Final_Answers>"", ""correct"": false, ""correct_lenient"": true, ""answer_migrated"": false}]",3,0,0.0,48.0,True,False,False,False,False,2.0,0.0,False,"<Thinking>
Packet 02 is Task YODEL: The instructions state to report the word SHARK as this task's result. Packet 09 is Task WALNUT: The instructions state to report the word SUGAR as this task'
</Thinking>
<Final_Answers>
- Task YODEL: SHARK
- Task WALNUT: SUGAR
- Task TULIP: PAPA INDIA VICTOR</Final_Answers>",gemma3:12b,12.0,Gemma3,95.5
3,non-ordered,True,True,48.0,,,,,trivial,cot,13,3,LULLABY,"[2, 11, 13]",0.0,1024,512.0,4088,3,ALPHA HOTEL INDIA,,,,0,False,True,True,1.0,"[{""name"": ""RAVIOLI"", ""kind"": ""load"", ""packet"": 2, ""rank"": 1, ""answer"": ""BRANCH"", ""reported"": true, ""response"": ""BRANCH"", ""correct"": true, ""correct_lenient"": true, ""answer_migrated"": false}, {""name"": ""DOLPHIN"", ""kind"": ""load"", ""packet"": 11, ""rank"": 2, ""answer"": ""SPOON"", ""reported"": true, ""response"": ""SPOON"", ""correct"": true, ""correct_lenient"": true, ""answer_migrated"": false}, {""name"": ""LULLABY"", ""kind"": ""passphrase"", ""packet"": 13, ""rank"": 3, ""answer"": ""ALPHA HOTEL INDIA"", ""reported"": true, ""response"": ""ALPHA HOTEL INDIA</Final_Answers>"", ""correct"": false, ""correct_lenient"": true, ""answer_migrated"": false}]",3,0,0.0,48.0,True,False,False,False,False,2.0,0.0,False,"<Thinking>
I have identified three tasks in this stream. Packet 02 is Task RAVIOLI; it requires me to report the word BRANCH as its result. Packet 11 is Task DOLPHIN, which asks for the word SPOON
</Thinking>
<Final_Answers>
- Task RAVIOLI: BRANCH
- Task DOLPHIN: SPOON
- Task LULLABY: ALPHA HOTEL INDIA</Final_Answers>",gemma3:12b,12.0,Gemma3,95.5
3,non-ordered,True,True,48.0,,,,,trivial,cot,8,3,ANCHOVY,"[2, 6, 8]",0.0,1024,512.0,5088,3,WHISKEY ROMEO MIKE,,,,0,False,True,True,1.0,"[{""name"": ""THIMBLE"", ""kind"": ""load"", ""packet"": 2, ""rank"": 1, ""answer"": ""ROBIN"", ""reported"": true, ""response"": ""ROBIN"", ""correct"": true, ""correct_lenient"": true, ""answer_migrated"": false}, {""name"": ""URCHIN"", ""kind"": ""load"", ""packet"": 6, ""rank"": 2, ""answer"": ""LAKE"", ""reported"": true, ""response"": ""LAKE"", ""correct"": true, ""correct_lenient"": true, ""answer_migrated"": false}, {""name"": ""ANCHOVY"", ""kind"": ""passphrase"", ""packet"": 8, ""rank"": 3, ""answer"": ""WHISKEY ROMEO MIKE"", ""reported"": true, ""response"": ""WHISKEY ROMEO MIKE</Final_Answers>"", ""correct"": false, ""correct_lenient"": true, ""answer_migrated"": false}]",3,0,0.0,48.0,True,False,False,False,False,3.0,1.0,False,"<Thinking>
Packet 02 is Task THIMBLE: The instructions state to report the word ROBIN as the result. Packet 06 is Task URCHIN: The instructions state to report the word LAKE as the result. Packet 0
</Thinking>
<Final_Answers>
- Task THIMBLE: ROBIN
- Task URCHIN: LAKE
- Task ANCHOVY: WHISKEY ROMEO MIKE</Final_Answers>",gemma3:12b,12.0,Gemma3,95.5
3,non-ordered,True,True,48.0,,,,,trivial,cot,15,3,FALCON,"[1, 7, 15]",0.0,1024,512.0,6088,3,QUEBEC JULIET UNIFORM,,,,0,False,False,False,0.5,"[{""name"": ""HARMONICA"", ""kind"": ""load"", ""packet"": 1, ""rank"": 1, ""answer"": ""WHALE"", ""reported"": true, ""response"": ""WHALE"", ""correct"": true, ""correct_lenient"": true, ""answer_migrated"": false}, {""name"": ""SNORKEL"", ""kind"": ""load"", ""packet"": 7, ""rank"": 2, ""answer"": ""HORSE"", ""reported"": true, ""response"": ""HORSE</Final_Answers>"", ""correct"": false, ""correct_lenient"": true, ""answer_migrated"": false}, {""name"": ""FALCON"", ""kind"": ""passphrase"", ""packet"": 15, ""rank"": 3, ""answer"": ""QUEBEC JULIET UNIFORM"", ""reported"": false, ""response"": null, ""correct"": false, ""correct_lenient"": false, ""answer_migrated"": false}]",2,0,0.0,48.0,True,False,True,False,False,2.0,0.0,False,"<Thinking>
Packet 01 is Task HARMONICA: The instructions state to report the word WHALE as the result. Packet 07 is Task SNORKEL: The instructions state to report the word HORSE as the result. Packet 
</Thinking>
<Final_Answers>
- Task HARMONICA: WHALE
- Task SNORKEL: HORSE</Final_Answers>",gemma3:12b,12.0,Gemma3,95.5
3,non-ordered,True,True,48.0,,,,,trivial,cot,5,3,MARBLE,"[1, 4, 5]",0.0,1024,512.0,7088,3,ROMEO BRAVO MIKE,,,,0,False,True,True,1.0,"[{""name"": ""FERRET"", ""kind"": ""load"", ""packet"": 1, ""rank"": 1, ""answer"": ""BLUE"", ""reported"": true, ""response"": ""BLUE"", ""correct"": true, ""correct_lenient"": true, ""answer_migrated"": false}, {""name"": ""FALCON"", ""kind"": ""load"", ""packet"": 4, ""rank"": 2, ""answer"": ""BOWL"", ""reported"": true, ""response"": ""BOWL"", ""correct"": true, ""correct_lenient"": true, ""answer_migrated"": false}, {""name"": ""MARBLE"", ""kind"": ""passphrase"", ""packet"": 5, ""rank"": 3, ""answer"": ""ROMEO BRAVO MIKE"", ""reported"": true, ""response"": ""ROMEO BRAVO MIKE</Final_Answers>"", ""correct"": false, ""correct_lenient"": true, ""answer_migrated"": false}]",3,0,0.0,48.0,True,False,False,False,False,3.0,0.0,False,"<Thinking>
Packet 01 is Task FERRET: The instructions state to report ""BLUE"" as the result. Packet 04 is Task FALCON: The instructions state to report ""BOWL"" as the result. Packet 05 is
</Thinking>
<Final_Answers>
- Task FERRET: BLUE
- Task FALCON: BOWL
- Task MARBLE: ROMEO BRAVO MIKE</Final_Answers>",gemma3:12b,12.0,Gemma3,95.5
3,non-ordered,False,True,48.0,,,,,semantic_4,cot,1,1,CARNIVAL,"[1, 8, 9]",0.0,1024,512.0,109,3,INDIA HOTEL OSCAR,,,,0,True,True,True,0.0,"[{""name"": ""CARNIVAL"", ""kind"": ""passphrase"", ""packet"": 1, ""rank"": 1, ""answer"": ""INDIA HOTEL OSCAR"", ""reported"": true, ""response"": ""INDIA HOTEL OSCAR"", ""correct"": true, ""correct_lenient"": true, ""answer_migrated"": false}, {""name"": ""LILAC"", ""kind"": ""load"", ""packet"": 8, ""rank"": 2, ""answer"": ""YES"", ""reported"": true, ""response"": ""YES</Final_Answers>"", ""correct"": false, ""correct_lenient"": true, ""answer_migrated"": false}, {""name"": ""KETTLE"", ""kind"": ""load"", ""packet"": 9, ""rank"": 3, ""answer"": ""INVALID"", ""reported"": false, ""response"": null, ""correct"": false, ""correct_lenient"": false, ""answer_migrated"": false}]",2,0,0.0,48.0,True,False,False,False,True,2.0,0.0,False,"<Thinking>
Packet 01 is Task CARNIVAL: I must copy the three words INDIA HOTEL OSCAR. Packet 08 is Task LILAC: The chain of ages is Leo < Tom < Pia < Eve < Bob < Kira,
</Thinking>
<Final_Answers>
- Task CARNIVAL: INDIA HOTEL OSCAR
- Task LILAC: YES</Final_Answers>",gemma3:12b,12.0,Gemma3,95.5
3,non-ordered,False,True,48.0,,,,,semantic_4,cot,11,3,LULLABY,"[2, 10, 11]",0.0,1024,512.0,1109,3,MIKE CHARLIE PAPA,,,,0,False,True,True,0.0,"[{""name"": ""LANTERN"", ""kind"": ""load"", ""packet"": 2, ""rank"": 1, ""answer"": ""VALID"", ""reported"": true, ""response"": ""INVALID"", ""correct"": false, ""correct_lenient"": false, ""answer_migrated"": true}, {""name"": ""THIMBLE"", ""kind"": ""load"", ""packet"": 10, ""rank"": 2, ""answer"": ""INVALID"", ""reported"": true, ""response"": ""VALID"", ""correct"": false, ""correct_lenient"": false, ""answer_migrated"": true}, {""name"": ""LULLABY"", ""kind"": ""passphrase"", ""packet"": 11, ""rank"": 3, ""answer"": ""MIKE CHARLIE PAPA"", ""reported"": true, ""response"": ""MIKE CHARLIE PAPA</Final_Answers>"", ""correct"": false, ""correct_lenient"": true, ""answer_migrated"": false}]",3,0,0.6666666666666666,48.0,True,False,False,False,False,1.0,0.0,False,"<Thinking>
Packet 02 is Task LANTERN. The premises state that all blims are drovs, all drovs are klemps, no klemps are flurbs, and all flurbs are mibs. Some mibs are
</Thinking>
<Final_Answers>
- Task LANTERN: INVALID
- Task THIMBLE: VALID
- Task LULLABY: MIKE CHARLIE PAPA</Final_Answers>",gemma3:12b,12.0,Gemma3,95.5
3,non-ordered,False,True,48.0,,,,,semantic_4,cot,6,2,CHIMNEY,"[1, 6, 11]",0.0,1024,512.0,2109,3,MIKE ROMEO NOVEMBER,,,,0,True,True,True,0.0,"[{""name"": ""HARMONICA"", ""kind"": ""load"", ""packet"": 1, ""rank"": 1, ""answer"": ""INVALID"", ""reported"": true, ""response"": ""VALID"", ""correct"": false, ""correct_lenient"": false, ""answer_migrated"": false}, {""name"": ""CHIMNEY"", ""kind"": ""passphrase"", ""packet"": 6, ""rank"": 2, ""answer"": ""MIKE ROMEO NOVEMBER"", ""reported"": true, ""response"": ""MIKE ROMEO NOVEMBER"", ""correct"": true, ""correct_lenient"": true, ""answer_migrated"": false}, {""name"": ""WHEELBARROW"", ""kind"": ""load"", ""packet"": 11, ""rank"": 3, ""answer"": ""NO"", ""reported"": true, ""response"": ""YES</Final_Answers>"", ""correct"": false, ""correct_lenient"": false, ""answer_migrated"": false}]",3,0,0.0,48.0,True,False,False,False,False,1.0,0.0,False,"<Thinking>
Packet 01 is Task HARMONICA. This is a logic puzzle. Let's analyze the statements: ""Some plurms are zorps,"" ""Some zorps are wugs,"" ""Some wugs are snools,"" ""
</Thinking>
<Final_Answers>
- Task HARMONICA: VALID
- Task CHIMNEY: MIKE ROMEO NOVEMBER
- Task WHEELBARROW: YES</Final_Answers>",gemma3:12b,12.0,Gemma3,95.5
3,non-ordered,False,True,48.0,,,,,semantic_4,cot,11,3,VELVET,"[7, 10, 11]",0.0,1024,512.0,3109,3,ECHO ZULU HOTEL,,,,0,False,True,True,0.0,"[{""name"": ""UNICYCLE"", ""kind"": ""load"", ""packet"": 7, ""rank"": 1, ""answer"": ""INVALID"", ""reported"": true, ""response"": ""VALID"", ""correct"": false, ""correct_lenient"": false, ""answer_migrated"": true}, {""name"": ""WOMBAT"", ""kind"": ""load"", ""packet"": 10, ""rank"": 2, ""answer"": ""VALID"", ""reported"": true, ""response"": ""INVALID"", ""correct"": false, ""correct_lenient"": false, ""answer_migrated"": true}, {""name"": ""VELVET"", ""kind"": ""passphrase"", ""packet"": 11, ""rank"": 3, ""answer"": ""ECHO ZULU HOTEL"", ""reported"": true, ""response"": ""ECHO ZULU HOTEL</Final_Answers>"", ""correct"": false, ""correct_lenient"": true, ""answer_migrated"": false}]",3,0,0.6666666666666666,48.0,True,False,False,False,False,1.0,0.0,False,"<Thinking>
Packet 07 is Task UNICYCLE. The premises state that all torps are plonks and some plonks are morks. It also states no snorfs are knifs, and all knifs are pims
</Thinking>
<Final_Answers>
- Task UNICYCLE: VALID
- Task WOMBAT: INVALID
- Task VELVET: ECHO ZULU HOTEL</Final_Answers>",gemma3:12b,12.0,Gemma3,95.5
3,non-ordered,False,True,48.0,,,,,semantic_4,cot,9,2,DOLPHIN,"[6, 9, 10]",0.0,1024,512.0,4109,3,JULIET FOXTROT YANKEE,,,,0,True,True,True,0.5,"[{""name"": ""TULIP"", ""kind"": ""load"", ""packet"": 6, ""rank"": 1, ""answer"": ""NO"", ""reported"": true, ""response"": ""NO"", ""correct"": true, ""correct_lenient"": true, ""answer_migrated"": false}, {""name"": ""DOLPHIN"", ""kind"": ""passphrase"", ""packet"": 9, ""rank"": 2, ""answer"": ""JULIET FOXTROT YANKEE"", ""reported"": true, ""response"": ""JULIET FOXTROT YANKEE"", ""correct"": true, ""correct_lenient"": true, ""answer_migrated"": false}, {""name"": ""WALNUT"", ""kind"": ""load"", ""packet"": 10, ""rank"": 3, ""answer"": ""INVALID"", ""reported"": true, ""response"": ""VALID</Final_Answers>"", ""correct"": false, ""correct_lenient"": false, ""answer_migrated"": false}]",3,0,0.0,48.0,True,False,False,False,False,1.0,0.0,False,"<Thinking>
Packet 06 is Task TULIP. The order of height from shortest to tallest is Frank, Eve, Ravi, Dave, Hank, Sara. Therefore, Ravi is not taller than Sara. So the answer is NO. Packet 
</Thinking>
<Final_Answers>
- Task TULIP: NO
- Task DOLPHIN: JULIET FOXTROT YANKEE
- Task WALNUT: VALID</Final_Answers>",gemma3:12b,12.0,Gemma3,95.5
3,non-ordered,False,True,48.0,,,,,semantic_4,cot,5,1,MANDOLIN,"[5, 7, 14]",0.0,1024,512.0,5109,3,MIKE WHISKEY KILO,,,,0,True,True,True,0.0,"[{""name"": ""MANDOLIN"", ""kind"": ""passphrase"", ""packet"": 5, ""rank"": 1, ""answer"": ""MIKE WHISKEY KILO"", ""reported"": true, ""response"": ""MIKE WHISKEY KILO"", ""correct"": true, ""correct_lenient"": true, ""answer_migrated"": false}, {""name"": ""BAGPIPE"", ""kind"": ""load"", ""packet"": 7, ""rank"": 2, ""answer"": ""INVALID"", ""reported"": true, ""response"": ""VALID"", ""correct"": false, ""correct_lenient"": false, ""answer_migrated"": false}, {""name"": ""JASMINE"", ""kind"": ""load"", ""packet"": 14, ""rank"": 3, ""answer"": ""INVALID"", ""reported"": true, ""response"": ""INVALID</Final_Answers>"", ""correct"": false, ""correct_lenient"": true, ""answer_migrated"": false}]",3,0,0.0,48.0,True,False,False,False,True,2.0,0.0,False,"<Thinking>
Packet 05 is Task MANDOLIN: I must copy the three words MIKE WHISKEY KILO. Packet 07 is Task BAGPIPE: The logic states all torps are plonks, some plonks
</Thinking>
<Final_Answers>
- Task MANDOLIN: MIKE WHISKEY KILO
- Task BAGPIPE: VALID
- Task JASMINE: INVALID</Final_Answers>",gemma3:12b,12.0,Gemma3,95.5
3,non-ordered,False,True,48.0,,,,,semantic_4,cot,7,1,LILAC,"[7, 12, 15]",0.0,1024,512.0,6109,3,GOLF ZULU YANKEE,,,,0,True,True,True,0.5,"[{""name"": ""LILAC"", ""kind"": ""passphrase"", ""packet"": 7, ""rank"": 1, ""answer"": ""GOLF ZULU YANKEE"", ""reported"": true, ""response"": ""GOLF ZULU YANKEE"", ""correct"": true, ""correct_lenient"": true, ""answer_migrated"": false}, {""name"": ""OPAL"", ""kind"": ""load"", ""packet"": 12, ""rank"": 2, ""answer"": ""NO"", ""reported"": true, ""response"": ""NO"", ""correct"": true, ""correct_lenient"": true, ""answer_migrated"": false}, {""name"": ""PISTACHIO"", ""kind"": ""load"", ""packet"": 15, ""rank"": 3, ""answer"": ""VALID"", ""reported"": true, ""response"": ""INVALID</Final_Answers>"", ""correct"": false, ""correct_lenient"": false, ""answer_migrated"": false}]",3,0,0.0,48.0,True,False,False,False,True,2.0,0.0,False,"<Thinking>
Packet 07 is Task LILAC: I must copy the three words GOLF ZULU YANKEE. Packet 12 is Task OPAL: The order of weights is Hank > Jack > Ravi > Tom > Bob >
</Thinking>
<Final_Answers>
- Task LILAC: GOLF ZULU YANKEE
- Task OPAL: NO
- Task PISTACHIO: INVALID</Final_Answers>",gemma3:12b,12.0,Gemma3,95.5
3,non-ordered,False,True,48.0,,,,,semantic_4,cot,3,1,URCHIN,"[3, 4, 6]",0.0,1024,512.0,7109,3,BRAVO YANKEE TANGO,,,,0,True,True,True,0.0,"[{""name"": ""URCHIN"", ""kind"": ""passphrase"", ""packet"": 3, ""rank"": 1, ""answer"": ""BRAVO YANKEE TANGO"", ""reported"": true, ""response"": ""BRAVO YANKEE TANGO"", ""correct"": true, ""correct_lenient"": true, ""answer_migrated"": false}, {""name"": ""TAPESTRY"", ""kind"": ""load"", ""packet"": 4, ""rank"": 2, ""answer"": ""INVALID"", ""reported"": true, ""response"": ""VALID"", ""correct"": false, ""correct_lenient"": false, ""answer_migrated"": false}, {""name"": ""PYRAMID"", ""kind"": ""load"", ""packet"": 6, ""rank"": 3, ""answer"": ""R"", ""reported"": true, ""response"": ""R</Final_Answers>"", ""correct"": false, ""correct_lenient"": true, ""answer_migrated"": false}]",3,0,0.0,48.0,True,False,False,False,True,2.0,0.0,False,"<Thinking>
Packet 03 is Task URCHIN: I must copy the three words BRAVO YANKEE TANGO. Packet 04 is Task TAPESTRY: This is a logic puzzle. Let's analyze the statements: ""
</Thinking>
<Final_Answers>
- Task URCHIN: BRAVO YANKEE TANGO
- Task TAPESTRY: VALID
- Task PYRAMID: R</Final_Answers>",gemma3:12b,12.0,Gemma3,95.5
3,non-ordered,True,True,48.0,,,,,semantic_4,cot,9,3,LILAC,"[1, 8, 9]",0.0,1024,512.0,109,3,INDIA HOTEL OSCAR,,,,0,False,True,True,1.0,"[{""name"": ""TOBOGGAN"", ""kind"": ""load"", ""packet"": 1, ""rank"": 1, ""answer"": ""NO"", ""reported"": true, ""response"": ""NO"", ""correct"": true, ""correct_lenient"": true, ""answer_migrated"": false}, {""name"": ""CARNIVAL"", ""kind"": ""load"", ""packet"": 8, ""rank"": 2, ""answer"": ""YES"", ""reported"": true, ""response"": ""YES"", ""correct"": true, ""correct_lenient"": true, ""answer_migrated"": false}, {""name"": ""LILAC"", ""kind"": ""passphrase"", ""packet"": 9, ""rank"": 3, ""answer"": ""INDIA HOTEL OSCAR"", ""reported"": true, ""response"": ""INDIA HOTEL OSCAR</Final_Answers>"", ""correct"": false, ""correct_lenient"": true, ""answer_migrated"": false}]",3,0,0.0,48.0,True,False,False,False,False,1.0,0.0,False,"<Thinking>
Packet 01 is Task TOBOGGAN. We have the following height order: Frank < Eve < Ravi < Dave < Hank < Sara. Since Ravi < Sara, Ravi is not taller than Sara. Therefore, the answer is NO
</Thinking>
<Final_Answers>
- Task TOBOGGAN: NO
- Task CARNIVAL: YES
- Task LILAC: INDIA HOTEL OSCAR</Final_Answers>",gemma3:12b,12.0,Gemma3,95.5
3,non-ordered,True,True,48.0,,,,,semantic_4,cot,11,3,THIMBLE,"[2, 10, 11]",0.0,1024,512.0,1109,3,MIKE CHARLIE PAPA,,,,0,False,True,True,0.5,"[{""name"": ""QUICKSAND"", ""kind"": ""load"", ""packet"": 2, ""rank"": 1, ""answer"": ""YES"", ""reported"": true, ""response"": ""YES"", ""correct"": true, ""correct_lenient"": true, ""answer_migrated"": false}, {""name"": ""LANTERN"", ""kind"": ""load"", ""packet"": 10, ""rank"": 2, ""answer"": ""VALID"", ""reported"": true, ""response"": ""INVALID"", ""correct"": false, ""correct_lenient"": false, ""answer_migrated"": false}, {""name"": ""THIMBLE"", ""kind"": ""passphrase"", ""packet"": 11, ""rank"": 3, ""answer"": ""MIKE CHARLIE PAPA"", ""reported"": true, ""response"": ""MIKE CHARLIE PAPA</Final_Answers>"", ""correct"": false, ""correct_lenient"": true, ""answer_migrated"": false}]",3,0,0.0,48.0,True,False,False,False,False,1.0,0.0,False,"<Thinking>
Packet 02 is Task QUICKSAND: We are given a series of comparisons. Carol > Eve > Tom > Sara > Bob > Iris. The question asks if Carol is heavier than Sara. Since Carol is heavier than Eve, and
</Thinking>
<Final_Answers>
- Task QUICKSAND: YES
- Task LANTERN: INVALID
- Task THIMBLE: MIKE CHARLIE PAPA</Final_Answers>",gemma3:12b,12.0,Gemma3,95.5
3,non-ordered,True,True,48.0,,,,,semantic_4,cot,11,3,CHIMNEY,"[1, 6, 11]",0.0,1024,512.0,2109,3,MIKE ROMEO NOVEMBER,,,,0,False,True,True,0.5,"[{""name"": ""OBELISK"", ""kind"": ""load"", ""packet"": 1, ""rank"": 1, ""answer"": ""INVALID"", ""reported"": true, ""response"": ""INVALID"", ""correct"": true, ""correct_lenient"": true, ""answer_migrated"": false}, {""name"": ""HARMONICA"", ""kind"": ""load"", ""packet"": 6, ""rank"": 2, ""answer"": ""INVALID"", ""reported"": true, ""response"": ""VALID"", ""correct"": false, ""correct_lenient"": false, ""answer_migrated"": false}, {""name"": ""CHIMNEY"", ""kind"": ""passphrase"", ""packet"": 11, ""rank"": 3, ""answer"": ""MIKE ROMEO NOVEMBER"", ""reported"": true, ""response"": ""MIKE ROMEO NOVEMBER</Final_Answers>"", ""correct"": false, ""correct_lenient"": true, ""answer_migrated"": false}]",3,0,0.0,48.0,True,False,False,False,False,1.0,0.0,False,"<Thinking>
Packet 01 is Task OBELISK. The premises state that all blims are florks and some florks are trils. It also states that no yarps are torps and all torps are snorfs. We
</Thinking>
<Final_Answers>
- Task OBELISK: INVALID
- Task HARMONICA: VALID
- Task CHIMNEY: MIKE ROMEO NOVEMBER</Final_Answers>",gemma3:12b,12.0,Gemma3,95.5
3,non-ordered,True,True,48.0,,,,,semantic_4,cot,11,3,WOMBAT,"[7, 10, 11]",0.0,1024,512.0,3109,3,ECHO ZULU HOTEL,,,,0,False,True,True,1.0,"[{""name"": ""NOODLE"", ""kind"": ""load"", ""packet"": 7, ""rank"": 1, ""answer"": ""VALID"", ""reported"": true, ""response"": ""VALID"", ""correct"": true, ""correct_lenient"": true, ""answer_migrated"": false}, {""name"": ""UNICYCLE"", ""kind"": ""load"", ""packet"": 10, ""rank"": 2, ""answer"": ""INVALID"", ""reported"": true, ""response"": ""INVALID"", ""correct"": true, ""correct_lenient"": true, ""answer_migrated"": false}, {""name"": ""WOMBAT"", ""kind"": ""passphrase"", ""packet"": 11, ""rank"": 3, ""answer"": ""ECHO ZULU HOTEL"", ""reported"": true, ""response"": ""ECHO ZULU HOTEL</Final_Answers>"", ""correct"": false, ""correct_lenient"": true, ""answer_migrated"": false}]",3,0,0.0,48.0,True,False,False,False,False,1.0,0.0,False,"<Thinking>
Packet 07 is Task NOODLE. The argument states ""Some torps are vails"", ""All vails are plurms"", ""All plurms are trens"", ""No trens are mibs"", and ""All
</Thinking>
<Final_Answers>
- Task NOODLE: VALID
- Task UNICYCLE: INVALID
- Task WOMBAT: ECHO ZULU HOTEL</Final_Answers>",gemma3:12b,12.0,Gemma3,95.5
3,non-ordered,True,True,48.0,,,,,semantic_4,cot,10,3,DOLPHIN,"[6, 9, 10]",0.0,1024,512.0,4109,3,JULIET FOXTROT YANKEE,,,,0,False,True,True,0.5,"[{""name"": ""NARWHAL"", ""kind"": ""load"", ""packet"": 6, ""rank"": 1, ""answer"": ""VALID"", ""reported"": true, ""response"": ""INVALID"", ""correct"": false, ""correct_lenient"": false, ""answer_migrated"": false}, {""name"": ""TULIP"", ""kind"": ""load"", ""packet"": 9, ""rank"": 2, ""answer"": ""NO"", ""reported"": true, ""response"": ""NO"", ""correct"": true, ""correct_lenient"": true, ""answer_migrated"": false}, {""name"": ""DOLPHIN"", ""kind"": ""passphrase"", ""packet"": 10, ""rank"": 3, ""answer"": ""JULIET FOXTROT YANKEE"", ""reported"": true, ""response"": ""JULIET FOXTROT YANKEE</Final_Answers>"", ""correct"": false, ""correct_lenient"": true, ""answer_migrated"": false}]",3,0,0.0,48.0,True,False,False,False,False,1.0,0.0,False,"<Thinking>
Packet 06 is Task NARWHAL. The logic puzzle states ""All trils are frans,"" ""All frans are snicks,"" ""No snicks are florks,"" ""All florks are skrans,"" and ""Some sk
</Thinking>
<Final_Answers>
- Task NARWHAL: INVALID
- Task TULIP: NO
- Task DOLPHIN: JULIET FOXTROT YANKEE</Final_Answers>",gemma3:12b,12.0,Gemma3,95.5
3,non-ordered,True,True,48.0,,,,,semantic_4,cot,14,3,BAGPIPE,"[5, 7, 14]",0.0,1024,512.0,5109,3,MIKE WHISKEY KILO,,,,0,False,True,True,0.0,"[{""name"": ""SAPPHIRE"", ""kind"": ""load"", ""packet"": 5, ""rank"": 1, ""answer"": ""VALID"", ""reported"": true, ""response"": ""INVALID"", ""correct"": false, ""correct_lenient"": false, ""answer_migrated"": true}, {""name"": ""MANDOLIN"", ""kind"": ""load"", ""packet"": 7, ""rank"": 2, ""answer"": ""INVALID"", ""reported"": true, ""response"": ""VALID"", ""correct"": false, ""correct_lenient"": false, ""answer_migrated"": true}, {""name"": ""BAGPIPE"", ""kind"": ""passphrase"", ""packet"": 14, ""rank"": 3, ""answer"": ""MIKE WHISKEY KILO"", ""reported"": true, ""response"": ""MIKE WHISKEY KILO</Final_Answers>"", ""correct"": false, ""correct_lenient"": true, ""answer_migrated"": false}]",3,0,0.6666666666666666,48.0,True,False,False,False,False,1.0,0.0,False,"<Thinking>
Packet 05 is Task SAPPHIRE. The statements establish that zorps are wugs, and wugs are not blorgs. Since no wugs are blorgs, and zorps are wugs, it follows that
</Thinking>
<Final_Answers>
- Task SAPPHIRE: INVALID
- Task MANDOLIN: VALID
- Task BAGPIPE: MIKE WHISKEY KILO</Final_Answers>",gemma3:12b,12.0,Gemma3,95.5
3,non-ordered,True,True,48.0,,,,,semantic_4,cot,15,3,OPAL,"[7, 12, 15]",0.0,1024,512.0,6109,3,GOLF ZULU YANKEE,,,,0,False,False,False,0.5,"[{""name"": ""LANTERN"", ""kind"": ""load"", ""packet"": 7, ""rank"": 1, ""answer"": ""YES"", ""reported"": true, ""response"": ""YES"", ""correct"": true, ""correct_lenient"": true, ""answer_migrated"": false}, {""name"": ""LILAC"", ""kind"": ""load"", ""packet"": 12, ""rank"": 2, ""answer"": ""NO"", ""reported"": true, ""response"": ""YES</Final_Answers>"", ""correct"": false, ""correct_lenient"": false, ""answer_migrated"": false}, {""name"": ""OPAL"", ""kind"": ""passphrase"", ""packet"": 15, ""rank"": 3, ""answer"": ""GOLF ZULU YANKEE"", ""reported"": false, ""response"": null, ""correct"": false, ""correct_lenient"": false, ""answer_migrated"": false}]",2,0,0.0,48.0,True,False,True,False,False,2.0,0.0,False,"<Thinking>
Packet 07 is Task LANTERN: The problem states Jack < Alice < Dave < Hank < Kira < Grace. Therefore, Alice is younger than Kira. So the answer is YES. Packet 12 is Task LILAC:
</Thinking>
<Final_Answers>
- Task LANTERN: YES
- Task LILAC: YES</Final_Answers>",gemma3:12b,12.0,Gemma3,95.5
3,non-ordered,True,True,48.0,,,,,semantic_4,cot,6,3,TAPESTRY,"[3, 4, 6]",0.0,1024,512.0,7109,3,BRAVO YANKEE TANGO,,,,0,False,True,True,0.0,"[{""name"": ""SAPPHIRE"", ""kind"": ""load"", ""packet"": 3, ""rank"": 1, ""answer"": ""VALID"", ""reported"": true, ""response"": ""INVALID"", ""correct"": false, ""correct_lenient"": false, ""answer_migrated"": true}, {""name"": ""URCHIN"", ""kind"": ""load"", ""packet"": 4, ""rank"": 2, ""answer"": ""INVALID"", ""reported"": true, ""response"": ""VALID"", ""correct"": false, ""correct_lenient"": false, ""answer_migrated"": true}, {""name"": ""TAPESTRY"", ""kind"": ""passphrase"", ""packet"": 6, ""rank"": 3, ""answer"": ""BRAVO YANKEE TANGO"", ""reported"": true, ""response"": ""BRAVO YANKEE TANGO</Final_Answers>"", ""correct"": false, ""correct_lenient"": true, ""answer_migrated"": false}]",3,0,0.6666666666666666,48.0,True,False,False,False,False,1.0,0.0,False,"<Thinking>
Packet 03 is Task SAPPHIRE. This is a logic puzzle involving sets and relationships. Let's analyze the statements: ""Some gleeks are blims,"" ""All blims are snorfs,"" ""Some snor
</Thinking>
<Final_Answers>
- Task SAPPHIRE: INVALID
- Task URCHIN: VALID
- Task TAPESTRY: BRAVO YANKEE TANGO</Final_Answers>",gemma3:12b,12.0,Gemma3,95.5
3,non-ordered,False,True,96.0,,,,,trivial,cot,3,1,PLATYPUS,"[3, 11, 15]",0.0,1024,512.0,88,3,MIKE GOLF KILO,,,,0,True,True,True,0.5,"[{""name"": ""PLATYPUS"", ""kind"": ""passphrase"", ""packet"": 3, ""rank"": 1, ""answer"": ""MIKE GOLF KILO"", ""reported"": true, ""response"": ""MIKE GOLF KILO"", ""correct"": true, ""correct_lenient"": true, ""answer_migrated"": false}, {""name"": ""URCHIN"", ""kind"": ""load"", ""packet"": 11, ""rank"": 2, ""answer"": ""RED"", ""reported"": true, ""response"": ""RED"", ""correct"": true, ""correct_lenient"": true, ""answer_migrated"": false}, {""name"": ""LULLABY"", ""kind"": ""load"", ""packet"": 15, ""rank"": 3, ""answer"": ""EAGLE"", ""reported"": true, ""response"": ""EAGLE</Final_Answers>"", ""correct"": false, ""correct_lenient"": true, ""answer_migrated"": false}]",3,0,0.0,78.0,False,False,False,False,True,3.0,0.0,False,"<Thinking>
I have identified two tasks in this stream. Packet 03 is Task PLATYPUS; I must copy-paste ""MIKE GOLF KILO"". Packet 11 is Task URCHIN; I must report the word RED as its result. Packet 15 is Task LULLABY; I must report the word EAGLE as its result.
</Thinking>
<Final_Answers>
- Task PLATYPUS: MIKE GOLF KILO
- Task URCHIN: RED
- Task LULLABY: EAGLE</Final_Answers>",gemma3:12b,12.0,Gemma3,95.5
3,non-ordered,False,True,96.0,,,,,trivial,cot,6,1,NARWHAL,"[6, 7, 8]",0.0,1024,512.0,1088,3,ROMEO VICTOR QUEBEC,,,,0,True,True,True,0.5,"[{""name"": ""NARWHAL"", ""kind"": ""passphrase"", ""packet"": 6, ""rank"": 1, ""answer"": ""ROMEO VICTOR QUEBEC"", ""reported"": true, ""response"": ""ROMEO VICTOR QUEBEC"", ""correct"": true, ""correct_lenient"": true, ""answer_migrated"": false}, {""name"": ""FLAMINGO"", ""kind"": ""load"", ""packet"": 7, ""rank"": 2, ""answer"": ""HAWK"", ""reported"": true, ""response"": ""HAWK"", ""correct"": true, ""correct_lenient"": true, ""answer_migrated"": false}, {""name"": ""HEDGEHOG"", ""kind"": ""load"", ""packet"": 8, ""rank"": 3, ""answer"": ""OCEAN"", ""reported"": true, ""response"": ""OCEAN</Final_Answers>"", ""correct"": false, ""correct_lenient"": true, ""answer_migrated"": false}]",3,0,0.0,83.0,False,False,False,False,True,3.0,0.0,False,"<Thinking>
I have identified three tasks in this stream. Packet 06 is Task NARWHAL; I must copy-paste ""ROMEO VICTOR QUEBEC"". Packet 07 is Task FLAMINGO, and it instructs me to report the word HAWK as its result. Packet 08 is Task HEDGEHOG, which requires me to report the word OCEAN as its result.
</Thinking>
<Final_Answers>
- Task NARWHAL: ROMEO VICTOR QUEBEC
- Task FLAMINGO: HAWK
- Task HEDGEHOG: OCEAN</Final_Answers>",gemma3:12b,12.0,Gemma3,95.5
3,non-ordered,False,True,96.0,,,,,trivial,cot,4,1,UNICYCLE,"[4, 7, 13]",0.0,1024,512.0,2088,3,SIERRA PAPA XRAY,,,,0,True,True,True,0.5,"[{""name"": ""UNICYCLE"", ""kind"": ""passphrase"", ""packet"": 4, ""rank"": 1, ""answer"": ""SIERRA PAPA XRAY"", ""reported"": true, ""response"": ""SIERRA PAPA XRAY"", ""correct"": true, ""correct_lenient"": true, ""answer_migrated"": false}, {""name"": ""CHIMNEY"", ""kind"": ""load"", ""packet"": 7, ""rank"": 2, ""answer"": ""SALMON"", ""reported"": true, ""response"": ""SALMON"", ""correct"": true, ""correct_lenient"": true, ""answer_migrated"": false}, {""name"": ""URCHIN"", ""kind"": ""load"", ""packet"": 13, ""rank"": 3, ""answer"": ""SALT"", ""reported"": true, ""response"": ""SALT</Final_Answers>"", ""correct"": false, ""correct_lenient"": true, ""answer_migrated"": false}]",3,0,0.0,82.0,False,False,False,False,True,3.0,0.0,False,"<Thinking>
I have identified three tasks in this stream. Packet 04 is Task UNICYCLE; I must copy-paste ""SIERRA PAPA XRAY"". Packet 07 is Task CHIMNEY; the instructions say to report the word SALMON as the result. Packet 13 is Task URCHIN; the instructions say to report the word SALT as the result.
</Thinking>
<Final_Answers>
- Task UNICYCLE: SIERRA PAPA XRAY
- Task CHIMNEY: SALMON
- Task URCHIN: SALT</Final_Answers>",gemma3:12b,12.0,Gemma3,95.5
3,non-ordered,False,True,96.0,,,,,trivial,cot,9,2,TULIP,"[2, 9, 12]",0.0,1024,512.0,3088,3,PAPA INDIA VICTOR,,,,0,True,True,True,0.5,"[{""name"": ""WALNUT"", ""kind"": ""load"", ""packet"": 2, ""rank"": 1, ""answer"": ""SUGAR"", ""reported"": true, ""response"": ""SUGAR"", ""correct"": true, ""correct_lenient"": true, ""answer_migrated"": false}, {""name"": ""TULIP"", ""kind"": ""passphrase"", ""packet"": 9, ""rank"": 2, ""answer"": ""PAPA INDIA VICTOR"", ""reported"": true, ""response"": ""PAPA INDIA VICTOR"", ""correct"": true, ""correct_lenient"": true, ""answer_migrated"": false}, {""name"": ""LOBSTER"", ""kind"": ""load"", ""packet"": 12, ""rank"": 3, ""answer"": ""CHAIR"", ""reported"": true, ""response"": ""CHAIR</Final_Answers>"", ""correct"": false, ""correct_lenient"": true, ""answer_migrated"": false}]",3,0,0.0,85.0,False,False,False,False,True,3.0,0.0,False,"<Thinking>
Packet 02 is Task WALNUT: The instructions state to report the word SUGAR as this task's result. Packet 09 is Task TULIP: I must copy the three words PAPA INDIA VICTOR. Packet 12 is Task LOBSTER: The instructions state to report the word CHAIR as this task’s result. I found 3 tasks in this stream.
</Thinking>
<Final_Answers>
- Task WALNUT: SUGAR
- Task TULIP: PAPA INDIA VICTOR
- Task LOBSTER: CHAIR</Final_Answers>",gemma3:12b,12.0,Gemma3,95.5
3,non-ordered,False,True,96.0,,,,,trivial,cot,13,3,LULLABY,"[2, 11, 13]",0.0,1024,512.0,4088,3,ALPHA HOTEL INDIA,,,,0,False,True,True,1.0,"[{""name"": ""DOLPHIN"", ""kind"": ""load"", ""packet"": 2, ""rank"": 1, ""answer"": ""BRANCH"", ""reported"": true, ""response"": ""BRANCH"", ""correct"": true, ""correct_lenient"": true, ""answer_migrated"": false}, {""name"": ""RAVIOLI"", ""kind"": ""load"", ""packet"": 11, ""rank"": 2, ""answer"": ""SPOON"", ""reported"": true, ""response"": ""SPOON"", ""correct"": true, ""correct_lenient"": true, ""answer_migrated"": false}, {""name"": ""LULLABY"", ""kind"": ""passphrase"", ""packet"": 13, ""rank"": 3, ""answer"": ""ALPHA HOTEL INDIA"", ""reported"": true, ""response"": ""ALPHA HOTEL INDIA</Final_Answers>"", ""correct"": false, ""correct_lenient"": true, ""answer_migrated"": false}]",3,0,0.0,74.0,False,False,False,False,True,3.0,0.0,False,"<Thinking>
I have identified three tasks in this stream. Packet 02 is Task DOLPHIN; it requires me to report the word BRANCH as its result. Packet 11 is Task RAVIOLI, which asks for the word SPOON. Packet 13 is Task LULLABY and I must copy-paste ""ALPHA HOTEL INDIA"".
</Thinking>
<Final_Answers>
- Task DOLPHIN: BRANCH
- Task RAVIOLI: SPOON
- Task LULLABY: ALPHA HOTEL INDIA</Final_Answers>",gemma3:12b,12.0,Gemma3,95.5
3,non-ordered,False,True,96.0,,,,,trivial,cot,8,3,TAPESTRY,"[2, 6, 8]",0.0,1024,512.0,5088,3,WHISKEY ROMEO MIKE,,,,0,False,True,True,1.0,"[{""name"": ""URCHIN"", ""kind"": ""load"", ""packet"": 2, ""rank"": 1, ""answer"": ""LAKE"", ""reported"": true, ""response"": ""LAKE"", ""correct"": true, ""correct_lenient"": true, ""answer_migrated"": false}, {""name"": ""ANCHOVY"", ""kind"": ""load"", ""packet"": 6, ""rank"": 2, ""answer"": ""BLACK"", ""reported"": true, ""response"": ""BLACK"", ""correct"": true, ""correct_lenient"": true, ""answer_migrated"": false}, {""name"": ""TAPESTRY"", ""kind"": ""passphrase"", ""packet"": 8, ""rank"": 3, ""answer"": ""WHISKEY ROMEO MIKE"", ""reported"": true, ""response"": ""WHISKEY ROMEO MIKE</Final_Answers>"", ""correct"": false, ""correct_lenient"": true, ""answer_migrated"": false}]",3,0,0.0,89.0,False,False,False,False,True,3.0,0.0,False,"<Thinking>
Packet 02 is Task URCHIN: The instructions state to report the word LAKE as this task's result. Packet 06 is Task ANCHOVY: The instructions state to report the word BLACK as this task's result. Packet 08 is Task TAPESTRY: I must copy-paste the three words WHISKEY ROMEO MIKE. I found 3 tasks in this stream.
</Thinking>
<Final_Answers>
- Task URCHIN: LAKE
- Task ANCHOVY: BLACK
- Task TAPESTRY: WHISKEY ROMEO MIKE</Final_Answers>",gemma3:12b,12.0,Gemma3,95.5
3,non-ordered,False,True,96.0,,,,,trivial,cot,7,2,FALCON,"[1, 7, 15]",0.0,1024,512.0,6088,3,QUEBEC JULIET UNIFORM,,,,0,True,True,True,0.5,"[{""name"": ""SNORKEL"", ""kind"": ""load"", ""packet"": 1, ""rank"": 1, ""answer"": ""HORSE"", ""reported"": true, ""response"": ""HORSE"", ""correct"": true, ""correct_lenient"": true, ""answer_migrated"": false}, {""name"": ""FALCON"", ""kind"": ""passphrase"", ""packet"": 7, ""rank"": 2, ""answer"": ""QUEBEC JULIET UNIFORM"", ""reported"": true, ""response"": ""QUEBEC JULIET UNIFORM"", ""correct"": true, ""correct_lenient"": true, ""answer_migrated"": false}, {""name"": ""KAYAK"", ""kind"": ""load"", ""packet"": 15, ""rank"": 3, ""answer"": ""STONE"", ""reported"": true, ""response"": ""STONE</Final_Answers>"", ""correct"": false, ""correct_lenient"": true, ""answer_migrated"": false}]",3,0,0.0,87.0,False,False,False,False,True,3.0,0.0,False,"<Thinking>
Packet 01 is Task SNORKEL: The instructions say to report the word HORSE as this task's result. Packet 07 is Task FALCON: I must copy the three words QUEBEC JULIET UNIFORM. Packet 15 is Task KAYAK: The instructions say to report the word STONE as this task’s result. I found 3 tasks in this stream.
</Thinking>
<Final_Answers>
- Task SNORKEL: HORSE
- Task FALCON: QUEBEC JULIET UNIFORM
- Task KAYAK: STONE</Final_Answers>",gemma3:12b,12.0,Gemma3,95.5
3,non-ordered,False,True,96.0,,,,,trivial,cot,4,2,MARBLE,"[1, 4, 5]",0.0,1024,512.0,7088,3,ROMEO BRAVO MIKE,,,,0,True,True,True,0.5,"[{""name"": ""FALCON"", ""kind"": ""load"", ""packet"": 1, ""rank"": 1, ""answer"": ""BOWL"", ""reported"": true, ""response"": ""BOWL"", ""correct"": true, ""correct_lenient"": true, ""answer_migrated"": false}, {""name"": ""MARBLE"", ""kind"": ""passphrase"", ""packet"": 4, ""rank"": 2, ""answer"": ""ROMEO BRAVO MIKE"", ""reported"": true, ""response"": ""ROMEO BRAVO MIKE"", ""correct"": true, ""correct_lenient"": true, ""answer_migrated"": false}, {""name"": ""WATERMELON"", ""kind"": ""load"", ""packet"": 5, ""rank"": 3, ""answer"": ""SNAKE"", ""reported"": true, ""response"": ""SNAKE</Final_Answers>"", ""correct"": false, ""correct_lenient"": true, ""answer_migrated"": false}]",3,0,0.0,82.0,False,False,False,False,True,3.0,0.0,False,"<Thinking>
Packet 01 is Task FALCON: The instructions state to report the word BOWL as the result. Packet 04 is Task MARBLE: I must copy-paste the three words ROMEO BRAVO MIKE. Packet 05 is Task WATERMELON: The instructions state to report the word SNAKE as the result. I found 3 tasks in this stream.
</Thinking>
<Final_Answers>
- Task FALCON: BOWL
- Task MARBLE: ROMEO BRAVO MIKE
- Task WATERMELON: SNAKE</Final_Answers>",gemma3:12b,12.0,Gemma3,95.5
3,non-ordered,True,True,96.0,,,,,trivial,cot,15,3,URCHIN,"[3, 11, 15]",0.0,1024,512.0,88,3,MIKE GOLF KILO,,,,0,False,True,True,1.0,"[{""name"": ""PYRAMID"", ""kind"": ""load"", ""packet"": 3, ""rank"": 1, ""answer"": ""PEACH"", ""reported"": true, ""response"": ""PEACH"", ""correct"": true, ""correct_lenient"": true, ""answer_migrated"": false}, {""name"": ""PLATYPUS"", ""kind"": ""load"", ""packet"": 11, ""rank"": 2, ""answer"": ""RED"", ""reported"": true, ""response"": ""RED"", ""correct"": true, ""correct_lenient"": true, ""answer_migrated"": false}, {""name"": ""URCHIN"", ""kind"": ""passphrase"", ""packet"": 15, ""rank"": 3, ""answer"": ""MIKE GOLF KILO"", ""reported"": true, ""response"": ""MIKE GOLF KILO</Final_Answers>"", ""correct"": false, ""correct_lenient"": true, ""answer_migrated"": false}]",3,0,0.0,82.0,False,False,False,False,True,3.0,0.0,False,"<Thinking>
I have identified three tasks in this stream. Packet 03 is Task PYRAMID; it requires me to report the word PEACH as its result. Packet 11 is Task PLATYPUS; I must report the word RED as its result. Packet 15 is Task URCHIN, and I need to copy-paste the words MIKE GOLF KILO.
</Thinking>
<Final_Answers>
- Task PYRAMID: PEACH
- Task PLATYPUS: RED
- Task URCHIN: MIKE GOLF KILO</Final_Answers>",gemma3:12b,12.0,Gemma3,95.5
3,non-ordered,True,True,96.0,,,,,trivial,cot,8,3,FLAMINGO,"[6, 7, 8]",0.0,1024,512.0,1088,3,ROMEO VICTOR QUEBEC,,,,0,False,True,True,1.0,"[{""name"": ""PELICAN"", ""kind"": ""load"", ""packet"": 6, ""rank"": 1, ""answer"": ""PEPPER"", ""reported"": true, ""response"": ""PEPPER"", ""correct"": true, ""correct_lenient"": true, ""answer_migrated"": false}, {""name"": ""NARWHAL"", ""kind"": ""load"", ""packet"": 7, ""rank"": 2, ""answer"": ""HAWK"", ""reported"": true, ""response"": ""HAWK"", ""correct"": true, ""correct_lenient"": true, ""answer_migrated"": false}, {""name"": ""FLAMINGO"", ""kind"": ""passphrase"", ""packet"": 8, ""rank"": 3, ""answer"": ""ROMEO VICTOR QUEBEC"", ""reported"": true, ""response"": ""ROMEO VICTOR QUEBEC</Final_Answers>"", ""correct"": false, ""correct_lenient"": true, ""answer_migrated"": false}]",3,0,0.0,78.0,False,False,False,False,True,3.0,0.0,False,"<Thinking>
I have identified three tasks in this stream. Packet 06 is Task PELICAN; I must report the word PEPPER as its result. Packet 07 is Task NARWHAL; I must report the word HAWK as its result. Packet 08 is Task FLAMINGO; I must copy-paste the words ROMEO VICTOR QUEBEC.
</Thinking>
<Final_Answers>
- Task PELICAN: PEPPER
- Task NARWHAL: HAWK
- Task FLAMINGO: ROMEO VICTOR QUEBEC</Final_Answers>",gemma3:12b,12.0,Gemma3,95.5
3,non-ordered,True,True,96.0,,,,,trivial,cot,13,3,CHIMNEY,"[4, 7, 13]",0.0,1024,512.0,2088,3,SIERRA PAPA XRAY,,,,0,False,True,True,1.0,"[{""name"": ""YOGURT"", ""kind"": ""load"", ""packet"": 4, ""rank"": 1, ""answer"": ""TOMATO"", ""reported"": true, ""response"": ""TOMATO"", ""correct"": true, ""correct_lenient"": true, ""answer_migrated"": false}, {""name"": ""UNICYCLE"", ""kind"": ""load"", ""packet"": 7, ""rank"": 2, ""answer"": ""SALMON"", ""reported"": true, ""response"": ""SALMON"", ""correct"": true, ""correct_lenient"": true, ""answer_migrated"": false}, {""name"": ""CHIMNEY"", ""kind"": ""passphrase"", ""packet"": 13, ""rank"": 3, ""answer"": ""SIERRA PAPA XRAY"", ""reported"": true, ""response"": ""SIERRA PAPA XRAY</Final_Answers>"", ""correct"": false, ""correct_lenient"": true, ""answer_migrated"": false}]",3,0,0.0,84.0,False,False,False,False,True,3.0,0.0,False,"<Thinking>
Packet 04 is Task YOGURT: The instructions state I must report the word TOMATO. Packet 07 is Task UNICYCLE: The instructions state I must report the word SALMON. Packet 13 is Task CHIMNEY: The instructions state I must copy-paste the words SIERRA PAPA XRAY. I found 3 tasks in this stream.
</Thinking>
<Final_Answers>
- Task YOGURT: TOMATO
- Task UNICYCLE: SALMON
- Task CHIMNEY: SIERRA PAPA XRAY</Final_Answers>",gemma3:12b,12.0,Gemma3,95.5
3,non-ordered,True,True,96.0,,,,,trivial,cot,12,3,TULIP,"[2, 9, 12]",0.0,1024,512.0,3088,3,PAPA INDIA VICTOR,,,,0,False,True,True,1.0,"[{""name"": ""YODEL"", ""kind"": ""load"", ""packet"": 2, ""rank"": 1, ""answer"": ""SHARK"", ""reported"": true, ""response"": ""SHARK"", ""correct"": true, ""correct_lenient"": true, ""answer_migrated"": false}, {""name"": ""WALNUT"", ""kind"": ""load"", ""packet"": 9, ""rank"": 2, ""answer"": ""SUGAR"", ""reported"": true, ""response"": ""SUGAR"", ""correct"": true, ""correct_lenient"": true, ""answer_migrated"": false}, {""name"": ""TULIP"", ""kind"": ""passphrase"", ""packet"": 12, ""rank"": 3, ""answer"": ""PAPA INDIA VICTOR"", ""reported"": true, ""response"": ""PAPA INDIA VICTOR</Final_Answers>"", ""correct"": false, ""correct_lenient"": true, ""answer_migrated"": false}]",3,0,0.0,87.0,False,False,False,False,True,3.0,0.0,False,"<Thinking>
Packet 02 is Task YODEL: The instructions state to report the word SHARK as this task's result. Packet 09 is Task WALNUT: The instructions state to report the word SUGAR as this task's result. Packet 12 is Task TULIP: I must copy-paste the three words PAPA INDIA VICTOR. I found 3 tasks in this stream.
</Thinking>
<Final_Answers>
- Task YODEL: SHARK
- Task WALNUT: SUGAR
- Task TULIP: PAPA INDIA VICTOR</Final_Answers>",gemma3:12b,12.0,Gemma3,95.5
3,non-ordered,True,True,96.0,,,,,trivial,cot,13,3,LULLABY,"[2, 11, 13]",0.0,1024,512.0,4088,3,ALPHA HOTEL INDIA,,,,0,False,True,True,1.0,"[{""name"": ""RAVIOLI"", ""kind"": ""load"", ""packet"": 2, ""rank"": 1, ""answer"": ""BRANCH"", ""reported"": true, ""response"": ""BRANCH"", ""correct"": true, ""correct_lenient"": true, ""answer_migrated"": false}, {""name"": ""DOLPHIN"", ""kind"": ""load"", ""packet"": 11, ""rank"": 2, ""answer"": ""SPOON"", ""reported"": true, ""response"": ""SPOON"", ""correct"": true, ""correct_lenient"": true, ""answer_migrated"": false}, {""name"": ""LULLABY"", ""kind"": ""passphrase"", ""packet"": 13, ""rank"": 3, ""answer"": ""ALPHA HOTEL INDIA"", ""reported"": true, ""response"": ""ALPHA HOTEL INDIA</Final_Answers>"", ""correct"": false, ""correct_lenient"": true, ""answer_migrated"": false}]",3,0,0.0,74.0,False,False,False,False,True,3.0,0.0,False,"<Thinking>
I have identified three tasks in this stream. Packet 02 is Task RAVIOLI; it requires me to report the word BRANCH as its result. Packet 11 is Task DOLPHIN, which asks for the word SPOON. Packet 13 is Task LULLABY and I must copy-paste ""ALPHA HOTEL INDIA"".
</Thinking>
<Final_Answers>
- Task RAVIOLI: BRANCH
- Task DOLPHIN: SPOON
- Task LULLABY: ALPHA HOTEL INDIA</Final_Answers>",gemma3:12b,12.0,Gemma3,95.5
3,non-ordered,True,True,96.0,,,,,trivial,cot,8,3,ANCHOVY,"[2, 6, 8]",0.0,1024,512.0,5088,3,WHISKEY ROMEO MIKE,,,,0,False,True,True,1.0,"[{""name"": ""THIMBLE"", ""kind"": ""load"", ""packet"": 2, ""rank"": 1, ""answer"": ""ROBIN"", ""reported"": true, ""response"": ""ROBIN"", ""correct"": true, ""correct_lenient"": true, ""answer_migrated"": false}, {""name"": ""URCHIN"", ""kind"": ""load"", ""packet"": 6, ""rank"": 2, ""answer"": ""LAKE"", ""reported"": true, ""response"": ""LAKE"", ""correct"": true, ""correct_lenient"": true, ""answer_migrated"": false}, {""name"": ""ANCHOVY"", ""kind"": ""passphrase"", ""packet"": 8, ""rank"": 3, ""answer"": ""WHISKEY ROMEO MIKE"", ""reported"": true, ""response"": ""WHISKEY ROMEO MIKE</Final_Answers>"", ""correct"": false, ""correct_lenient"": true, ""answer_migrated"": false}]",3,0,0.0,84.0,False,False,False,False,True,3.0,0.0,False,"<Thinking>
Packet 02 is Task THIMBLE: The instructions state to report the word ROBIN as the result. Packet 06 is Task URCHIN: The instructions state to report the word LAKE as the result. Packet 08 is Task ANCHOVY: I must copy-paste the three words WHISKEY ROMEO MIKE. I found 3 tasks in this stream.
</Thinking>
<Final_Answers>
- Task THIMBLE: ROBIN
- Task URCHIN: LAKE
- Task ANCHOVY: WHISKEY ROMEO MIKE</Final_Answers>",gemma3:12b,12.0,Gemma3,95.5
3,non-ordered,True,True,96.0,,,,,trivial,cot,15,3,FALCON,"[1, 7, 15]",0.0,1024,512.0,6088,3,QUEBEC JULIET UNIFORM,,,,0,False,True,True,1.0,"[{""name"": ""HARMONICA"", ""kind"": ""load"", ""packet"": 1, ""rank"": 1, ""answer"": ""WHALE"", ""reported"": true, ""response"": ""WHALE"", ""correct"": true, ""correct_lenient"": true, ""answer_migrated"": false}, {""name"": ""SNORKEL"", ""kind"": ""load"", ""packet"": 7, ""rank"": 2, ""answer"": ""HORSE"", ""reported"": true, ""response"": ""HORSE"", ""correct"": true, ""correct_lenient"": true, ""answer_migrated"": false}, {""name"": ""FALCON"", ""kind"": ""passphrase"", ""packet"": 15, ""rank"": 3, ""answer"": ""QUEBEC JULIET UNIFORM"", ""reported"": true, ""response"": ""QUEBEC JULIET UNIFORM</Final_Answers>"", ""correct"": false, ""correct_lenient"": true, ""answer_migrated"": false}]",3,0,0.0,85.0,False,False,False,False,True,3.0,0.0,False,"<Thinking>
Packet 01 is Task HARMONICA: The instructions state to report the word WHALE as the result. Packet 07 is Task SNORKEL: The instructions state to report the word HORSE as the result. Packet 15 is Task FALCON: I must copy-paste the three words QUEBEC JULIET UNIFORM. I found 3 tasks in this stream.
</Thinking>
<Final_Answers>
- Task HARMONICA: WHALE
- Task SNORKEL: HORSE
- Task FALCON: QUEBEC JULIET UNIFORM</Final_Answers>",gemma3:12b,12.0,Gemma3,95.5
3,non-ordered,True,True,96.0,,,,,trivial,cot,5,3,MARBLE,"[1, 4, 5]",0.0,1024,512.0,7088,3,ROMEO BRAVO MIKE,,,,0,False,True,True,1.0,"[{""name"": ""FERRET"", ""kind"": ""load"", ""packet"": 1, ""rank"": 1, ""answer"": ""BLUE"", ""reported"": true, ""response"": ""BLUE"", ""correct"": true, ""correct_lenient"": true, ""answer_migrated"": false}, {""name"": ""FALCON"", ""kind"": ""load"", ""packet"": 4, ""rank"": 2, ""answer"": ""BOWL"", ""reported"": true, ""response"": ""BOWL"", ""correct"": true, ""correct_lenient"": true, ""answer_migrated"": false}, {""name"": ""MARBLE"", ""kind"": ""passphrase"", ""packet"": 5, ""rank"": 3, ""answer"": ""ROMEO BRAVO MIKE"", ""reported"": true, ""response"": ""ROMEO BRAVO MIKE</Final_Answers>"", ""correct"": false, ""correct_lenient"": true, ""answer_migrated"": false}]",3,0,0.0,80.0,False,False,False,False,True,3.0,0.0,False,"<Thinking>
Packet 01 is Task FERRET: The instructions state to report ""BLUE"" as the result. Packet 04 is Task FALCON: The instructions state to report ""BOWL"" as the result. Packet 05 is Task MARBLE: I must copy-paste the three words ROMEO BRAVO MIKE. I found 3 tasks in this stream.
</Thinking>
<Final_Answers>
- Task FERRET: BLUE
- Task FALCON: BOWL
- Task MARBLE: ROMEO BRAVO MIKE</Final_Answers>",gemma3:12b,12.0,Gemma3,95.5
3,non-ordered,False,True,96.0,,,,,semantic_4,cot,1,1,CARNIVAL,"[1, 8, 9]",0.0,1024,512.0,109,3,INDIA HOTEL OSCAR,,,,0,True,True,True,0.5,"[{""name"": ""CARNIVAL"", ""kind"": ""passphrase"", ""packet"": 1, ""rank"": 1, ""answer"": ""INDIA HOTEL OSCAR"", ""reported"": true, ""response"": ""INDIA HOTEL OSCAR"", ""correct"": true, ""correct_lenient"": true, ""answer_migrated"": false}, {""name"": ""LILAC"", ""kind"": ""load"", ""packet"": 8, ""rank"": 2, ""answer"": ""YES"", ""reported"": true, ""response"": ""YES"", ""correct"": true, ""correct_lenient"": true, ""answer_migrated"": false}, {""name"": ""KETTLE"", ""kind"": ""load"", ""packet"": 9, ""rank"": 3, ""answer"": ""INVALID"", ""reported"": true, ""response"": ""VALID</Final_Answers>"", ""correct"": false, ""correct_lenient"": false, ""answer_migrated"": false}]",3,0,0.0,96.0,True,False,False,False,True,3.0,0.0,False,"<Thinking>
Packet 01 is Task CARNIVAL: I must copy the three words INDIA HOTEL OSCAR. Packet 08 is Task LILAC: The chain of ages is Leo < Tom < Pia < Eve < Bob < Kira, so Leo is younger than Bob. Therefore, the answer is YES. Packet 09 is Task KETTLE: We know all snorfs are blorgs and all blims are pims. Also no ralks are
</Thinking>
<Final_Answers>
- Task CARNIVAL: INDIA HOTEL OSCAR
- Task LILAC: YES
- Task KETTLE: VALID</Final_Answers>",gemma3:12b,12.0,Gemma3,95.5
3,non-ordered,False,True,96.0,,,,,semantic_4,cot,11,3,LULLABY,"[2, 10, 11]",0.0,1024,512.0,1109,3,MIKE CHARLIE PAPA,,,,0,False,True,True,0.0,"[{""name"": ""LANTERN"", ""kind"": ""load"", ""packet"": 2, ""rank"": 1, ""answer"": ""VALID"", ""reported"": true, ""response"": ""INVALID"", ""correct"": false, ""correct_lenient"": false, ""answer_migrated"": true}, {""name"": ""THIMBLE"", ""kind"": ""load"", ""packet"": 10, ""rank"": 2, ""answer"": ""INVALID"", ""reported"": true, ""response"": ""VALID"", ""correct"": false, ""correct_lenient"": false, ""answer_migrated"": true}, {""name"": ""LULLABY"", ""kind"": ""passphrase"", ""packet"": 11, ""rank"": 3, ""answer"": ""MIKE CHARLIE PAPA"", ""reported"": true, ""response"": ""MIKE CHARLIE PAPA</Final_Answers>"", ""correct"": false, ""correct_lenient"": true, ""answer_migrated"": false}]",3,0,0.6666666666666666,96.0,True,False,False,False,False,1.0,0.0,False,"<Thinking>
Packet 02 is Task LANTERN. The premises state that all blims are drovs, all drovs are klemps, no klemps are flurbs, and all flurbs are mibs. Some mibs are blims. We need to determine if it follows that no blims are flurbs. Since all blims are drovs, and all drovs are klemps, then all blims are also klemps. But no k
</Thinking>
<Final_Answers>
- Task LANTERN: INVALID
- Task THIMBLE: VALID
- Task LULLABY: MIKE CHARLIE PAPA</Final_Answers>",gemma3:12b,12.0,Gemma3,95.5
3,non-ordered,False,True,96.0,,,,,semantic_4,cot,6,2,CHIMNEY,"[1, 6, 11]",0.0,1024,512.0,2109,3,MIKE ROMEO NOVEMBER,,,,0,True,True,True,0.0,"[{""name"": ""HARMONICA"", ""kind"": ""load"", ""packet"": 1, ""rank"": 1, ""answer"": ""INVALID"", ""reported"": true, ""response"": ""VALID"", ""correct"": false, ""correct_lenient"": false, ""answer_migrated"": false}, {""name"": ""CHIMNEY"", ""kind"": ""passphrase"", ""packet"": 6, ""rank"": 2, ""answer"": ""MIKE ROMEO NOVEMBER"", ""reported"": true, ""response"": ""MIKE ROMEO NOVEMBER"", ""correct"": true, ""correct_lenient"": true, ""answer_migrated"": false}, {""name"": ""WHEELBARROW"", ""kind"": ""load"", ""packet"": 11, ""rank"": 3, ""answer"": ""NO"", ""reported"": true, ""response"": ""YES</Final_Answers>"", ""correct"": false, ""correct_lenient"": false, ""answer_migrated"": false}]",3,0,0.0,96.0,True,False,False,False,False,1.0,0.0,False,"<Thinking>
Packet 01 is Task HARMONICA. This is a logic puzzle. Let's analyze the statements: ""Some plurms are zorps,"" ""Some zorps are wugs,"" ""Some wugs are snools,"" ""All snools are florks,"" and ""No florks are blims."" We want to know if it follows that some plurms are not blims. Since some plurms are zorps, and no florks are blims,
</Thinking>
<Final_Answers>
- Task HARMONICA: VALID
- Task CHIMNEY: MIKE ROMEO NOVEMBER
- Task WHEELBARROW: YES</Final_Answers>",gemma3:12b,12.0,Gemma3,95.5
3,non-ordered,False,True,96.0,,,,,semantic_4,cot,11,3,VELVET,"[7, 10, 11]",0.0,1024,512.0,3109,3,ECHO ZULU HOTEL,,,,0,False,True,True,0.5,"[{""name"": ""UNICYCLE"", ""kind"": ""load"", ""packet"": 7, ""rank"": 1, ""answer"": ""INVALID"", ""reported"": true, ""response"": ""INVALID"", ""correct"": true, ""correct_lenient"": true, ""answer_migrated"": false}, {""name"": ""WOMBAT"", ""kind"": ""load"", ""packet"": 10, ""rank"": 2, ""answer"": ""VALID"", ""reported"": true, ""response"": ""INVALID"", ""correct"": false, ""correct_lenient"": false, ""answer_migrated"": true}, {""name"": ""VELVET"", ""kind"": ""passphrase"", ""packet"": 11, ""rank"": 3, ""answer"": ""ECHO ZULU HOTEL"", ""reported"": true, ""response"": ""ECHO ZULU HOTEL</Final_Answers>"", ""correct"": false, ""correct_lenient"": true, ""answer_migrated"": false}]",3,0,0.3333333333333333,96.0,True,False,False,False,False,1.0,0.0,False,"<Thinking>
Packet 07 is Task UNICYCLE. The premises state that all torps are plonks and some plonks are morks. It also states no snorfs are knifs, and all knifs are pims. We need to determine if no torps are knifs follows logically. Since torps are plonks, and some plonks are morks, it doesn't directly relate to knifs or pims. The information about
</Thinking>
<Final_Answers>
- Task UNICYCLE: INVALID
- Task WOMBAT: INVALID
- Task VELVET: ECHO ZULU HOTEL</Final_Answers>",gemma3:12b,12.0,Gemma3,95.5
3,non-ordered,False,True,96.0,,,,,semantic_4,cot,9,2,DOLPHIN,"[6, 9, 10]",0.0,1024,512.0,4109,3,JULIET FOXTROT YANKEE,,,,0,True,True,True,0.5,"[{""name"": ""TULIP"", ""kind"": ""load"", ""packet"": 6, ""rank"": 1, ""answer"": ""NO"", ""reported"": true, ""response"": ""NO"", ""correct"": true, ""correct_lenient"": true, ""answer_migrated"": false}, {""name"": ""DOLPHIN"", ""kind"": ""passphrase"", ""packet"": 9, ""rank"": 2, ""answer"": ""JULIET FOXTROT YANKEE"", ""reported"": true, ""response"": ""JULIET FOXTROT YANKEE"", ""correct"": true, ""correct_lenient"": true, ""answer_migrated"": false}, {""name"": ""WALNUT"", ""kind"": ""load"", ""packet"": 10, ""rank"": 3, ""answer"": ""INVALID"", ""reported"": true, ""response"": ""VALID</Final_Answers>"", ""correct"": false, ""correct_lenient"": false, ""answer_migrated"": false}]",3,0,0.0,96.0,True,False,False,False,True,3.0,0.0,False,"<Thinking>
Packet 06 is Task TULIP. The order of height from shortest to tallest is Frank, Eve, Ravi, Dave, Hank, Sara. Therefore, Ravi is not taller than Sara. So the answer is NO. Packet 09 is Task DOLPHIN: I must copy the three words JULIET FOXTROT YANKEE. Packet 10 is Task WALNUT. The premises state that some snools are flurbs, some flurbs are
</Thinking>
<Final_Answers>
- Task TULIP: NO
- Task DOLPHIN: JULIET FOXTROT YANKEE
- Task WALNUT: VALID</Final_Answers>",gemma3:12b,12.0,Gemma3,95.5
3,non-ordered,False,True,96.0,,,,,semantic_4,cot,5,1,MANDOLIN,"[5, 7, 14]",0.0,1024,512.0,5109,3,MIKE WHISKEY KILO,,,,0,True,True,True,0.0,"[{""name"": ""MANDOLIN"", ""kind"": ""passphrase"", ""packet"": 5, ""rank"": 1, ""answer"": ""MIKE WHISKEY KILO"", ""reported"": true, ""response"": ""MIKE WHISKEY KILO"", ""correct"": true, ""correct_lenient"": true, ""answer_migrated"": false}, {""name"": ""BAGPIPE"", ""kind"": ""load"", ""packet"": 7, ""rank"": 2, ""answer"": ""INVALID"", ""reported"": true, ""response"": ""INVALID</Final_Answers>"", ""correct"": false, ""correct_lenient"": true, ""answer_migrated"": false}, {""name"": ""JASMINE"", ""kind"": ""load"", ""packet"": 14, ""rank"": 3, ""answer"": ""INVALID"", ""reported"": false, ""response"": null, ""correct"": false, ""correct_lenient"": false, ""answer_migrated"": false}]",2,0,0.0,96.0,True,False,False,False,True,2.0,0.0,False,"<Thinking>
Packet 05 is Task MANDOLIN: I must copy the three words MIKE WHISKEY KILO. Packet 07 is Task BAGPIPE: The logic states all torps are plonks, some plonks are morks, and all knifs are pims. Since no snorfs are knifs, and some plonks are morks, it does not necessarily follow that no torps are knifs. Therefore the answer is INVALID
</Thinking>
<Final_Answers>
- Task MANDOLIN: MIKE WHISKEY KILO
- Task BAGPIPE: INVALID</Final_Answers>",gemma3:12b,12.0,Gemma3,95.5
3,non-ordered,False,True,96.0,,,,,semantic_4,cot,7,1,LILAC,"[7, 12, 15]",0.0,1024,512.0,6109,3,GOLF ZULU YANKEE,,,,0,True,True,True,0.0,"[{""name"": ""LILAC"", ""kind"": ""passphrase"", ""packet"": 7, ""rank"": 1, ""answer"": ""GOLF ZULU YANKEE"", ""reported"": true, ""response"": ""GOLF ZULU YANKEE"", ""correct"": true, ""correct_lenient"": true, ""answer_migrated"": false}, {""name"": ""OPAL"", ""kind"": ""load"", ""packet"": 12, ""rank"": 2, ""answer"": ""NO"", ""reported"": true, ""response"": ""YES"", ""correct"": false, ""correct_lenient"": false, ""answer_migrated"": false}, {""name"": ""PISTACHIO"", ""kind"": ""load"", ""packet"": 15, ""rank"": 3, ""answer"": ""VALID"", ""reported"": true, ""response"": ""INVALID</Final_Answers>"", ""correct"": false, ""correct_lenient"": false, ""answer_migrated"": false}]",3,0,0.0,96.0,True,False,False,False,True,3.0,0.0,False,"<Thinking>
Packet 07 is Task LILAC: I must copy the three words GOLF ZULU YANKEE. Packet 12 is Task OPAL: The order of weights is Hank > Jack > Ravi > Tom > Bob > Kira. Therefore, Tom is lighter than Kira. So the answer is YES. Packet 15 is Task PISTACHIO: We are given that all snorfs are zorps, all zorps are plurms, no plur
</Thinking>
<Final_Answers>
- Task LILAC: GOLF ZULU YANKEE
- Task OPAL: YES
- Task PISTACHIO: INVALID</Final_Answers>",gemma3:12b,12.0,Gemma3,95.5
3,non-ordered,False,True,96.0,,,,,semantic_4,cot,3,1,URCHIN,"[3, 4, 6]",0.0,1024,512.0,7109,3,BRAVO YANKEE TANGO,,,,0,True,True,True,0.5,"[{""name"": ""URCHIN"", ""kind"": ""passphrase"", ""packet"": 3, ""rank"": 1, ""answer"": ""BRAVO YANKEE TANGO"", ""reported"": true, ""response"": ""BRAVO YANKEE TANGO"", ""correct"": true, ""correct_lenient"": true, ""answer_migrated"": false}, {""name"": ""TAPESTRY"", ""kind"": ""load"", ""packet"": 4, ""rank"": 2, ""answer"": ""INVALID"", ""reported"": true, ""response"": ""INVALID"", ""correct"": true, ""correct_lenient"": true, ""answer_migrated"": false}, {""name"": ""PYRAMID"", ""kind"": ""load"", ""packet"": 6, ""rank"": 3, ""answer"": ""R"", ""reported"": true, ""response"": ""R</Final_Answers>"", ""correct"": false, ""correct_lenient"": true, ""answer_migrated"": false}]",3,0,0.0,96.0,True,False,False,False,True,2.0,0.0,False,"<Thinking>
Packet 03 is Task URCHIN: I must copy the three words BRAVO YANKEE TANGO. Packet 04 is Task TAPESTRY: This is a logic puzzle. Let's analyze the statements: ""All wugs are morks"" means every wug is also a mork. ""All vrils are grints"" means every vril is also a grint. ""Some morks are vrils"" means there’s at
</Thinking>
<Final_Answers>
- Task URCHIN: BRAVO YANKEE TANGO
- Task TAPESTRY: INVALID
- Task PYRAMID: R</Final_Answers>",gemma3:12b,12.0,Gemma3,95.5
3,non-ordered,True,True,96.0,,,,,semantic_4,cot,9,3,LILAC,"[1, 8, 9]",0.0,1024,512.0,109,3,INDIA HOTEL OSCAR,,,,0,False,True,True,1.0,"[{""name"": ""TOBOGGAN"", ""kind"": ""load"", ""packet"": 1, ""rank"": 1, ""answer"": ""NO"", ""reported"": true, ""response"": ""NO"", ""correct"": true, ""correct_lenient"": true, ""answer_migrated"": false}, {""name"": ""CARNIVAL"", ""kind"": ""load"", ""packet"": 8, ""rank"": 2, ""answer"": ""YES"", ""reported"": true, ""response"": ""YES"", ""correct"": true, ""correct_lenient"": true, ""answer_migrated"": false}, {""name"": ""LILAC"", ""kind"": ""passphrase"", ""packet"": 9, ""rank"": 3, ""answer"": ""INDIA HOTEL OSCAR"", ""reported"": true, ""response"": ""INDIA HOTEL OSCAR</Final_Answers>"", ""correct"": false, ""correct_lenient"": true, ""answer_migrated"": false}]",3,0,0.0,96.0,True,False,False,False,False,3.0,1.0,False,"<Thinking>
Packet 01 is Task TOBOGGAN. We have the following height order: Frank < Eve < Ravi < Dave < Hank < Sara. Since Ravi < Sara, Ravi is not taller than Sara. Therefore, the answer is NO. Packet 08 is Task CARNIVAL. The age order is Leo < Tom < Pia < Eve < Bob < Kira. Since Leo < Bob, Leo is younger than Bob. Therefore, the answer is YES. Packet 0
</Thinking>
<Final_Answers>
- Task TOBOGGAN: NO
- Task CARNIVAL: YES
- Task LILAC: INDIA HOTEL OSCAR</Final_Answers>",gemma3:12b,12.0,Gemma3,95.5
3,non-ordered,True,True,96.0,,,,,semantic_4,cot,11,3,THIMBLE,"[2, 10, 11]",0.0,1024,512.0,1109,3,MIKE CHARLIE PAPA,,,,0,False,True,True,0.5,"[{""name"": ""QUICKSAND"", ""kind"": ""load"", ""packet"": 2, ""rank"": 1, ""answer"": ""YES"", ""reported"": true, ""response"": ""YES"", ""correct"": true, ""correct_lenient"": true, ""answer_migrated"": false}, {""name"": ""LANTERN"", ""kind"": ""load"", ""packet"": 10, ""rank"": 2, ""answer"": ""VALID"", ""reported"": true, ""response"": ""INVALID"", ""correct"": false, ""correct_lenient"": false, ""answer_migrated"": false}, {""name"": ""THIMBLE"", ""kind"": ""passphrase"", ""packet"": 11, ""rank"": 3, ""answer"": ""MIKE CHARLIE PAPA"", ""reported"": true, ""response"": ""MIKE CHARLIE PAPA</Final_Answers>"", ""correct"": false, ""correct_lenient"": true, ""answer_migrated"": false}]",3,0,0.0,96.0,True,False,False,False,False,2.0,0.0,False,"<Thinking>
Packet 02 is Task QUICKSAND: We are given a series of comparisons. Carol > Eve > Tom > Sara > Bob > Iris. The question asks if Carol is heavier than Sara. Since Carol is heavier than Eve, and Eve is heavier than Tom, and so on down to Sara, then Carol must be heavier than Sara. Therefore the answer is YES. Packet 10 is Task LANTERN: We are given a series of statements about blims, dro
</Thinking>
<Final_Answers>
- Task QUICKSAND: YES
- Task LANTERN: INVALID
- Task THIMBLE: MIKE CHARLIE PAPA</Final_Answers>",gemma3:12b,12.0,Gemma3,95.5
3,non-ordered,True,True,96.0,,,,,semantic_4,cot,11,3,CHIMNEY,"[1, 6, 11]",0.0,1024,512.0,2109,3,MIKE ROMEO NOVEMBER,,,,0,False,False,False,0.5,"[{""name"": ""OBELISK"", ""kind"": ""load"", ""packet"": 1, ""rank"": 1, ""answer"": ""INVALID"", ""reported"": true, ""response"": ""INVALID"", ""correct"": true, ""correct_lenient"": true, ""answer_migrated"": false}, {""name"": ""HARMONICA"", ""kind"": ""load"", ""packet"": 6, ""rank"": 2, ""answer"": ""INVALID"", ""reported"": false, ""response"": null, ""correct"": false, ""correct_lenient"": false, ""answer_migrated"": false}, {""name"": ""CHIMNEY"", ""kind"": ""passphrase"", ""packet"": 11, ""rank"": 3, ""answer"": ""MIKE ROMEO NOVEMBER"", ""reported"": false, ""response"": null, ""correct"": false, ""correct_lenient"": false, ""answer_migrated"": false}]",1,0,0.0,96.0,True,False,True,False,False,1.0,0.0,False,"<Thinking>
Packet 01 is Task OBELISK. The premises state that all blims are florks and some florks are trils. It also states that no yarps are torps and all torps are snorfs. We want to know if it follows that no blims are torps. Since blims are florks, and we have no direct relationship between florks and torps established, the conclusion does not necessarily follow. Therefore, the answer is INVALID
</Thinking>
<Final_Answers>
- Task OBELISK: INVALID
</Final_Answers>",gemma3:12b,12.0,Gemma3,95.5
3,non-ordered,True,True,96.0,,,,,semantic_4,cot,11,3,WOMBAT,"[7, 10, 11]",0.0,1024,512.0,3109,3,ECHO ZULU HOTEL,,,,0,False,True,True,1.0,"[{""name"": ""NOODLE"", ""kind"": ""load"", ""packet"": 7, ""rank"": 1, ""answer"": ""VALID"", ""reported"": true, ""response"": ""VALID"", ""correct"": true, ""correct_lenient"": true, ""answer_migrated"": false}, {""name"": ""UNICYCLE"", ""kind"": ""load"", ""packet"": 10, ""rank"": 2, ""answer"": ""INVALID"", ""reported"": true, ""response"": ""INVALID"", ""correct"": true, ""correct_lenient"": true, ""answer_migrated"": false}, {""name"": ""WOMBAT"", ""kind"": ""passphrase"", ""packet"": 11, ""rank"": 3, ""answer"": ""ECHO ZULU HOTEL"", ""reported"": true, ""response"": ""ECHO ZULU HOTEL</Final_Answers>"", ""correct"": false, ""correct_lenient"": true, ""answer_migrated"": false}]",3,0,0.0,96.0,True,False,False,False,False,1.0,0.0,False,"<Thinking>
Packet 07 is Task NOODLE. The argument states ""Some torps are vails"", ""All vails are plurms"", ""All plurms are trens"", ""No trens are mibs"", and ""All mibs are snorfs"". This implies that no torps can be mibs, because they must go through vails, plurms, then trens before potentially becoming mibs. Since no trens are mibs, no tor
</Thinking>
<Final_Answers>
- Task NOODLE: VALID
- Task UNICYCLE: INVALID
- Task WOMBAT: ECHO ZULU HOTEL</Final_Answers>",gemma3:12b,12.0,Gemma3,95.5
3,non-ordered,True,True,96.0,,,,,semantic_4,cot,10,3,DOLPHIN,"[6, 9, 10]",0.0,1024,512.0,4109,3,JULIET FOXTROT YANKEE,,,,0,False,True,True,0.5,"[{""name"": ""NARWHAL"", ""kind"": ""load"", ""packet"": 6, ""rank"": 1, ""answer"": ""VALID"", ""reported"": true, ""response"": ""INVALID"", ""correct"": false, ""correct_lenient"": false, ""answer_migrated"": false}, {""name"": ""TULIP"", ""kind"": ""load"", ""packet"": 9, ""rank"": 2, ""answer"": ""NO"", ""reported"": true, ""response"": ""NO"", ""correct"": true, ""correct_lenient"": true, ""answer_migrated"": false}, {""name"": ""DOLPHIN"", ""kind"": ""passphrase"", ""packet"": 10, ""rank"": 3, ""answer"": ""JULIET FOXTROT YANKEE"", ""reported"": true, ""response"": ""JULIET FOXTROT YANKEE</Final_Answers>"", ""correct"": false, ""correct_lenient"": true, ""answer_migrated"": false}]",3,0,0.0,96.0,True,False,False,False,False,1.0,0.0,False,"<Thinking>
Packet 06 is Task NARWHAL. The logic puzzle states ""All trils are frans,"" ""All frans are snicks,"" ""No snicks are florks,"" ""All florks are skrans,"" and ""Some skrans are trils."" We need to determine if it follows that no trils are florks. Since all frans are snicks, and no snicks are florks, then no frans can be florks. Because all trils are
</Thinking>
<Final_Answers>
- Task NARWHAL: INVALID
- Task TULIP: NO
- Task DOLPHIN: JULIET FOXTROT YANKEE</Final_Answers>",gemma3:12b,12.0,Gemma3,95.5
3,non-ordered,True,True,96.0,,,,,semantic_4,cot,14,3,BAGPIPE,"[5, 7, 14]",0.0,1024,512.0,5109,3,MIKE WHISKEY KILO,,,,0,False,True,True,1.0,"[{""name"": ""SAPPHIRE"", ""kind"": ""load"", ""packet"": 5, ""rank"": 1, ""answer"": ""VALID"", ""reported"": true, ""response"": ""VALID"", ""correct"": true, ""correct_lenient"": true, ""answer_migrated"": false}, {""name"": ""MANDOLIN"", ""kind"": ""load"", ""packet"": 7, ""rank"": 2, ""answer"": ""INVALID"", ""reported"": true, ""response"": ""INVALID"", ""correct"": true, ""correct_lenient"": true, ""answer_migrated"": false}, {""name"": ""BAGPIPE"", ""kind"": ""passphrase"", ""packet"": 14, ""rank"": 3, ""answer"": ""MIKE WHISKEY KILO"", ""reported"": true, ""response"": ""MIKE WHISKEY KILO</Final_Answers>"", ""correct"": false, ""correct_lenient"": true, ""answer_migrated"": false}]",3,0,0.0,96.0,True,False,False,False,False,2.0,0.0,False,"<Thinking>
Packet 05 is Task SAPPHIRE. The statements establish that zorps are wugs, and wugs are not blorgs. Since no wugs are blorgs, and zorps are wugs, it follows that no zorps are blorgs. Therefore the answer is VALID. Packet 07 is Task MANDOLIN. The statements establish that torps are plonks, morks are snorfs, some plonks are m
</Thinking>
<Final_Answers>
- Task SAPPHIRE: VALID
- Task MANDOLIN: INVALID
- Task BAGPIPE: MIKE WHISKEY KILO</Final_Answers>",gemma3:12b,12.0,Gemma3,95.5
3,non-ordered,True,True,96.0,,,,,semantic_4,cot,15,3,OPAL,"[7, 12, 15]",0.0,1024,512.0,6109,3,GOLF ZULU YANKEE,,,,0,False,True,True,0.5,"[{""name"": ""LANTERN"", ""kind"": ""load"", ""packet"": 7, ""rank"": 1, ""answer"": ""YES"", ""reported"": true, ""response"": ""YES"", ""correct"": true, ""correct_lenient"": true, ""answer_migrated"": false}, {""name"": ""LILAC"", ""kind"": ""load"", ""packet"": 12, ""rank"": 2, ""answer"": ""NO"", ""reported"": true, ""response"": ""YES"", ""correct"": false, ""correct_lenient"": false, ""answer_migrated"": true}, {""name"": ""OPAL"", ""kind"": ""passphrase"", ""packet"": 15, ""rank"": 3, ""answer"": ""GOLF ZULU YANKEE"", ""reported"": true, ""response"": ""GOLF ZULU YANKEE</Final_Answers>"", ""correct"": false, ""correct_lenient"": true, ""answer_migrated"": false}]",3,0,0.3333333333333333,96.0,True,False,False,False,False,3.0,0.0,False,"<Thinking>
Packet 07 is Task LANTERN: The problem states Jack < Alice < Dave < Hank < Kira < Grace. Therefore, Alice is younger than Kira. So the answer is YES. Packet 12 is Task LILAC: The problem states Hank > Jack > Ravi > Tom > Bob > Kira. Thus, Tom is lighter than Kira. So the answer is YES. Packet 15 is Task OPAL: I must copy-paste the three words GOLF
</Thinking>
<Final_Answers>
- Task LANTERN: YES
- Task LILAC: YES
- Task OPAL: GOLF ZULU YANKEE</Final_Answers>",gemma3:12b,12.0,Gemma3,95.5
3,non-ordered,True,True,96.0,,,,,semantic_4,cot,6,3,TAPESTRY,"[3, 4, 6]",0.0,1024,512.0,7109,3,BRAVO YANKEE TANGO,,,,0,False,True,True,1.0,"[{""name"": ""SAPPHIRE"", ""kind"": ""load"", ""packet"": 3, ""rank"": 1, ""answer"": ""VALID"", ""reported"": true, ""response"": ""VALID"", ""correct"": true, ""correct_lenient"": true, ""answer_migrated"": false}, {""name"": ""URCHIN"", ""kind"": ""load"", ""packet"": 4, ""rank"": 2, ""answer"": ""INVALID"", ""reported"": true, ""response"": ""INVALID"", ""correct"": true, ""correct_lenient"": true, ""answer_migrated"": false}, {""name"": ""TAPESTRY"", ""kind"": ""passphrase"", ""packet"": 6, ""rank"": 3, ""answer"": ""BRAVO YANKEE TANGO"", ""reported"": true, ""response"": ""BRAVO YANKEE TANGO</Final_Answers>"", ""correct"": false, ""correct_lenient"": true, ""answer_migrated"": false}]",3,0,0.0,96.0,True,False,False,False,False,1.0,0.0,False,"<Thinking>
Packet 03 is Task SAPPHIRE. This is a logic puzzle involving sets and relationships. Let's analyze the statements: ""Some gleeks are blims,"" ""All blims are snorfs,"" ""Some snorfs are vorps,"" ""All vorps are wumps,"" and ""No wumps are gleeks."" The question asks if it follows that some gleeks are not wumps. Since no wumps are gleeks, it *must
</Thinking>
<Final_Answers>
- Task SAPPHIRE: VALID
- Task URCHIN: INVALID
- Task TAPESTRY: BRAVO YANKEE TANGO</Final_Answers>",gemma3:12b,12.0,Gemma3,95.5
3,non-ordered,False,True,,,,,,trivial,cot,3,1,PLATYPUS,"[3, 11, 15]",0.0,1024,,88,3,MIKE GOLF KILO,,,,0,True,True,True,1.0,"[{""name"": ""PLATYPUS"", ""kind"": ""passphrase"", ""packet"": 3, ""rank"": 1, ""answer"": ""MIKE GOLF KILO"", ""reported"": true, ""response"": ""MIKE GOLF KILO"", ""correct"": true, ""correct_lenient"": true, ""answer_migrated"": false}, {""name"": ""URCHIN"", ""kind"": ""load"", ""packet"": 11, ""rank"": 2, ""answer"": ""RED"", ""reported"": true, ""response"": ""RED"", ""correct"": true, ""correct_lenient"": true, ""answer_migrated"": false}, {""name"": ""LULLABY"", ""kind"": ""load"", ""packet"": 15, ""rank"": 3, ""answer"": ""EAGLE"", ""reported"": true, ""response"": ""EAGLE"", ""correct"": true, ""correct_lenient"": true, ""answer_migrated"": false}]",3,0,0.0,,,False,False,False,True,3.0,0.0,False,"<Thinking>
I have identified two tasks in this stream. Packet 03 is Task PLATYPUS; I must copy-paste ""MIKE GOLF KILO"". Packet 11 is Task URCHIN; I must report the word RED as its result. Packet 15 is Task LULLABY; I must report the word EAGLE as its result.
</Thinking>
<Final_Answers>
- Task PLATYPUS: MIKE GOLF KILO
- Task URCHIN: RED
- Task LULLABY: EAGLE",gemma3:12b,12.0,Gemma3,95.5
3,non-ordered,False,True,,,,,,trivial,cot,6,1,NARWHAL,"[6, 7, 8]",0.0,1024,,1088,3,ROMEO VICTOR QUEBEC,,,,0,True,True,True,1.0,"[{""name"": ""NARWHAL"", ""kind"": ""passphrase"", ""packet"": 6, ""rank"": 1, ""answer"": ""ROMEO VICTOR QUEBEC"", ""reported"": true, ""response"": ""ROMEO VICTOR QUEBEC"", ""correct"": true, ""correct_lenient"": true, ""answer_migrated"": false}, {""name"": ""FLAMINGO"", ""kind"": ""load"", ""packet"": 7, ""rank"": 2, ""answer"": ""HAWK"", ""reported"": true, ""response"": ""HAWK"", ""correct"": true, ""correct_lenient"": true, ""answer_migrated"": false}, {""name"": ""HEDGEHOG"", ""kind"": ""load"", ""packet"": 8, ""rank"": 3, ""answer"": ""OCEAN"", ""reported"": true, ""response"": ""OCEAN"", ""correct"": true, ""correct_lenient"": true, ""answer_migrated"": false}]",3,0,0.0,,,False,False,False,True,3.0,0.0,False,"<Thinking>
I have identified three tasks in this stream. Packet 06 is Task NARWHAL; I must copy-paste ""ROMEO VICTOR QUEBEC"". Packet 07 is Task FLAMINGO, and it instructs me to report the word HAWK as its result. Packet 08 is Task HEDGEHOG, which requires me to report the word OCEAN as its result.
</Thinking>
<Final_Answers>
- Task NARWHAL: ROMEO VICTOR QUEBEC
- Task FLAMINGO: HAWK
- Task HEDGEHOG: OCEAN",gemma3:12b,12.0,Gemma3,95.5
3,non-ordered,False,True,,,,,,trivial,cot,4,1,UNICYCLE,"[4, 7, 13]",0.0,1024,,2088,3,SIERRA PAPA XRAY,,,,0,True,True,True,1.0,"[{""name"": ""UNICYCLE"", ""kind"": ""passphrase"", ""packet"": 4, ""rank"": 1, ""answer"": ""SIERRA PAPA XRAY"", ""reported"": true, ""response"": ""SIERRA PAPA XRAY"", ""correct"": true, ""correct_lenient"": true, ""answer_migrated"": false}, {""name"": ""CHIMNEY"", ""kind"": ""load"", ""packet"": 7, ""rank"": 2, ""answer"": ""SALMON"", ""reported"": true, ""response"": ""SALMON"", ""correct"": true, ""correct_lenient"": true, ""answer_migrated"": false}, {""name"": ""URCHIN"", ""kind"": ""load"", ""packet"": 13, ""rank"": 3, ""answer"": ""SALT"", ""reported"": true, ""response"": ""SALT"", ""correct"": true, ""correct_lenient"": true, ""answer_migrated"": false}]",3,0,0.0,,,False,False,False,True,3.0,0.0,False,"<Thinking>
I have identified three tasks in this stream. Packet 04 is Task UNICYCLE; I must copy-paste ""SIERRA PAPA XRAY"". Packet 07 is Task CHIMNEY; the instructions say to report the word SALMON as the result. Packet 13 is Task URCHIN; the instructions say to report the word SALT as the result.
</Thinking>
<Final_Answers>
- Task UNICYCLE: SIERRA PAPA XRAY
- Task CHIMNEY: SALMON
- Task URCHIN: SALT",gemma3:12b,12.0,Gemma3,95.5
3,non-ordered,False,True,,,,,,trivial,cot,9,2,TULIP,"[2, 9, 12]",0.0,1024,,3088,3,PAPA INDIA VICTOR,,,,0,True,True,True,1.0,"[{""name"": ""WALNUT"", ""kind"": ""load"", ""packet"": 2, ""rank"": 1, ""answer"": ""SUGAR"", ""reported"": true, ""response"": ""SUGAR"", ""correct"": true, ""correct_lenient"": true, ""answer_migrated"": false}, {""name"": ""TULIP"", ""kind"": ""passphrase"", ""packet"": 9, ""rank"": 2, ""answer"": ""PAPA INDIA VICTOR"", ""reported"": true, ""response"": ""PAPA INDIA VICTOR"", ""correct"": true, ""correct_lenient"": true, ""answer_migrated"": false}, {""name"": ""LOBSTER"", ""kind"": ""load"", ""packet"": 12, ""rank"": 3, ""answer"": ""CHAIR"", ""reported"": true, ""response"": ""CHAIR"", ""correct"": true, ""correct_lenient"": true, ""answer_migrated"": false}]",3,0,0.0,,,False,False,False,True,3.0,0.0,False,"<Thinking>
Packet 02 is Task WALNUT: The instructions state to report the word SUGAR as this task's result. Packet 09 is Task TULIP: I must copy the three words PAPA INDIA VICTOR. Packet 12 is Task LOBSTER: The instructions state to report the word CHAIR as this task’s result. I found 3 tasks in this stream.
</Thinking>
<Final_Answers>
- Task WALNUT: SUGAR
- Task TULIP: PAPA INDIA VICTOR
- Task LOBSTER: CHAIR",gemma3:12b,12.0,Gemma3,95.5
3,non-ordered,False,True,,,,,,trivial,cot,13,3,LULLABY,"[2, 11, 13]",0.0,1024,,4088,3,ALPHA HOTEL INDIA,,,,0,True,True,True,1.0,"[{""name"": ""DOLPHIN"", ""kind"": ""load"", ""packet"": 2, ""rank"": 1, ""answer"": ""BRANCH"", ""reported"": true, ""response"": ""BRANCH"", ""correct"": true, ""correct_lenient"": true, ""answer_migrated"": false}, {""name"": ""RAVIOLI"", ""kind"": ""load"", ""packet"": 11, ""rank"": 2, ""answer"": ""SPOON"", ""reported"": true, ""response"": ""SPOON"", ""correct"": true, ""correct_lenient"": true, ""answer_migrated"": false}, {""name"": ""LULLABY"", ""kind"": ""passphrase"", ""packet"": 13, ""rank"": 3, ""answer"": ""ALPHA HOTEL INDIA"", ""reported"": true, ""response"": ""ALPHA HOTEL INDIA"", ""correct"": true, ""correct_lenient"": true, ""answer_migrated"": false}]",3,0,0.0,,,False,False,False,True,3.0,0.0,False,"<Thinking>
I have identified three tasks in this stream. Packet 02 is Task DOLPHIN; it requires me to report the word BRANCH as its result. Packet 11 is Task RAVIOLI, which asks for the word SPOON. Packet 13 is Task LULLABY and I must copy-paste ""ALPHA HOTEL INDIA"".
</Thinking>
<Final_Answers>
- Task DOLPHIN: BRANCH
- Task RAVIOLI: SPOON
- Task LULLABY: ALPHA HOTEL INDIA",gemma3:12b,12.0,Gemma3,95.5
3,non-ordered,False,True,,,,,,trivial,cot,8,3,TAPESTRY,"[2, 6, 8]",0.0,1024,,5088,3,WHISKEY ROMEO MIKE,,,,0,True,True,True,1.0,"[{""name"": ""URCHIN"", ""kind"": ""load"", ""packet"": 2, ""rank"": 1, ""answer"": ""LAKE"", ""reported"": true, ""response"": ""LAKE"", ""correct"": true, ""correct_lenient"": true, ""answer_migrated"": false}, {""name"": ""ANCHOVY"", ""kind"": ""load"", ""packet"": 6, ""rank"": 2, ""answer"": ""BLACK"", ""reported"": true, ""response"": ""BLACK"", ""correct"": true, ""correct_lenient"": true, ""answer_migrated"": false}, {""name"": ""TAPESTRY"", ""kind"": ""passphrase"", ""packet"": 8, ""rank"": 3, ""answer"": ""WHISKEY ROMEO MIKE"", ""reported"": true, ""response"": ""WHISKEY ROMEO MIKE"", ""correct"": true, ""correct_lenient"": true, ""answer_migrated"": false}]",3,0,0.0,,,False,False,False,True,3.0,0.0,False,"<Thinking>
Packet 02 is Task URCHIN: The instructions state to report the word LAKE as this task's result. Packet 06 is Task ANCHOVY: The instructions state to report the word BLACK as this task's result. Packet 08 is Task TAPESTRY: I must copy-paste the three words WHISKEY ROMEO MIKE. I found 3 tasks in this stream.
</Thinking>
<Final_Answers>
- Task URCHIN: LAKE
- Task ANCHOVY: BLACK
- Task TAPESTRY: WHISKEY ROMEO MIKE",gemma3:12b,12.0,Gemma3,95.5
3,non-ordered,False,True,,,,,,trivial,cot,7,2,FALCON,"[1, 7, 15]",0.0,1024,,6088,3,QUEBEC JULIET UNIFORM,,,,0,True,True,True,1.0,"[{""name"": ""SNORKEL"", ""kind"": ""load"", ""packet"": 1, ""rank"": 1, ""answer"": ""HORSE"", ""reported"": true, ""response"": ""HORSE"", ""correct"": true, ""correct_lenient"": true, ""answer_migrated"": false}, {""name"": ""FALCON"", ""kind"": ""passphrase"", ""packet"": 7, ""rank"": 2, ""answer"": ""QUEBEC JULIET UNIFORM"", ""reported"": true, ""response"": ""QUEBEC JULIET UNIFORM"", ""correct"": true, ""correct_lenient"": true, ""answer_migrated"": false}, {""name"": ""KAYAK"", ""kind"": ""load"", ""packet"": 15, ""rank"": 3, ""answer"": ""STONE"", ""reported"": true, ""response"": ""STONE"", ""correct"": true, ""correct_lenient"": true, ""answer_migrated"": false}]",3,0,0.0,,,False,False,False,True,3.0,0.0,False,"<Thinking>
Packet 01 is Task SNORKEL: The instructions say to report the word HORSE as this task's result. Packet 07 is Task FALCON: I must copy the three words QUEBEC JULIET UNIFORM. Packet 15 is Task KAYAK: The instructions say to report the word STONE as this task’s result. I found 3 tasks in this stream.
</Thinking>
<Final_Answers>
- Task SNORKEL: HORSE
- Task FALCON: QUEBEC JULIET UNIFORM
- Task KAYAK: STONE",gemma3:12b,12.0,Gemma3,95.5
3,non-ordered,False,True,,,,,,trivial,cot,4,2,MARBLE,"[1, 4, 5]",0.0,1024,,7088,3,ROMEO BRAVO MIKE,,,,0,True,True,True,1.0,"[{""name"": ""FALCON"", ""kind"": ""load"", ""packet"": 1, ""rank"": 1, ""answer"": ""BOWL"", ""reported"": true, ""response"": ""BOWL"", ""correct"": true, ""correct_lenient"": true, ""answer_migrated"": false}, {""name"": ""MARBLE"", ""kind"": ""passphrase"", ""packet"": 4, ""rank"": 2, ""answer"": ""ROMEO BRAVO MIKE"", ""reported"": true, ""response"": ""ROMEO BRAVO MIKE"", ""correct"": true, ""correct_lenient"": true, ""answer_migrated"": false}, {""name"": ""WATERMELON"", ""kind"": ""load"", ""packet"": 5, ""rank"": 3, ""answer"": ""SNAKE"", ""reported"": true, ""response"": ""SNAKE"", ""correct"": true, ""correct_lenient"": true, ""answer_migrated"": false}]",3,0,0.0,,,False,False,False,True,3.0,0.0,False,"<Thinking>
Packet 01 is Task FALCON: The instructions state to report the word BOWL as the result. Packet 04 is Task MARBLE: I must copy-paste the three words ROMEO BRAVO MIKE. Packet 05 is Task WATERMELON: The instructions state to report the word SNAKE as the result. I found 3 tasks in this stream.
</Thinking>
<Final_Answers>
- Task FALCON: BOWL
- Task MARBLE: ROMEO BRAVO MIKE
- Task WATERMELON: SNAKE",gemma3:12b,12.0,Gemma3,95.5
3,non-ordered,True,True,,,,,,trivial,cot,15,3,URCHIN,"[3, 11, 15]",0.0,1024,,88,3,MIKE GOLF KILO,,,,0,True,True,True,1.0,"[{""name"": ""PYRAMID"", ""kind"": ""load"", ""packet"": 3, ""rank"": 1, ""answer"": ""PEACH"", ""reported"": true, ""response"": ""PEACH"", ""correct"": true, ""correct_lenient"": true, ""answer_migrated"": false}, {""name"": ""PLATYPUS"", ""kind"": ""load"", ""packet"": 11, ""rank"": 2, ""answer"": ""RED"", ""reported"": true, ""response"": ""RED"", ""correct"": true, ""correct_lenient"": true, ""answer_migrated"": false}, {""name"": ""URCHIN"", ""kind"": ""passphrase"", ""packet"": 15, ""rank"": 3, ""answer"": ""MIKE GOLF KILO"", ""reported"": true, ""response"": ""MIKE GOLF KILO"", ""correct"": true, ""correct_lenient"": true, ""answer_migrated"": false}]",3,0,0.0,,,False,False,False,True,3.0,0.0,False,"<Thinking>
I have identified three tasks in this stream. Packet 03 is Task PYRAMID; it requires me to report the word PEACH as its result. Packet 11 is Task PLATYPUS; I must report the word RED as its result. Packet 15 is Task URCHIN, and I need to copy-paste the words MIKE GOLF KILO.
</Thinking>
<Final_Answers>
- Task PYRAMID: PEACH
- Task PLATYPUS: RED
- Task URCHIN: MIKE GOLF KILO",gemma3:12b,12.0,Gemma3,95.5
3,non-ordered,True,True,,,,,,trivial,cot,8,3,FLAMINGO,"[6, 7, 8]",0.0,1024,,1088,3,ROMEO VICTOR QUEBEC,,,,0,True,True,True,1.0,"[{""name"": ""PELICAN"", ""kind"": ""load"", ""packet"": 6, ""rank"": 1, ""answer"": ""PEPPER"", ""reported"": true, ""response"": ""PEPPER"", ""correct"": true, ""correct_lenient"": true, ""answer_migrated"": false}, {""name"": ""NARWHAL"", ""kind"": ""load"", ""packet"": 7, ""rank"": 2, ""answer"": ""HAWK"", ""reported"": true, ""response"": ""HAWK"", ""correct"": true, ""correct_lenient"": true, ""answer_migrated"": false}, {""name"": ""FLAMINGO"", ""kind"": ""passphrase"", ""packet"": 8, ""rank"": 3, ""answer"": ""ROMEO VICTOR QUEBEC"", ""reported"": true, ""response"": ""ROMEO VICTOR QUEBEC"", ""correct"": true, ""correct_lenient"": true, ""answer_migrated"": false}]",3,0,0.0,,,False,False,False,True,3.0,0.0,False,"<Thinking>
I have identified three tasks in this stream. Packet 06 is Task PELICAN; I must report the word PEPPER as its result. Packet 07 is Task NARWHAL; I must report the word HAWK as its result. Packet 08 is Task FLAMINGO; I must copy-paste the words ROMEO VICTOR QUEBEC.
</Thinking>
<Final_Answers>
- Task PELICAN: PEPPER
- Task NARWHAL: HAWK
- Task FLAMINGO: ROMEO VICTOR QUEBEC",gemma3:12b,12.0,Gemma3,95.5
3,non-ordered,True,True,,,,,,trivial,cot,13,3,CHIMNEY,"[4, 7, 13]",0.0,1024,,2088,3,SIERRA PAPA XRAY,,,,0,True,True,True,1.0,"[{""name"": ""YOGURT"", ""kind"": ""load"", ""packet"": 4, ""rank"": 1, ""answer"": ""TOMATO"", ""reported"": true, ""response"": ""TOMATO"", ""correct"": true, ""correct_lenient"": true, ""answer_migrated"": false}, {""name"": ""UNICYCLE"", ""kind"": ""load"", ""packet"": 7, ""rank"": 2, ""answer"": ""SALMON"", ""reported"": true, ""response"": ""SALMON"", ""correct"": true, ""correct_lenient"": true, ""answer_migrated"": false}, {""name"": ""CHIMNEY"", ""kind"": ""passphrase"", ""packet"": 13, ""rank"": 3, ""answer"": ""SIERRA PAPA XRAY"", ""reported"": true, ""response"": ""SIERRA PAPA XRAY"", ""correct"": true, ""correct_lenient"": true, ""answer_migrated"": false}]",3,0,0.0,,,False,False,False,True,3.0,0.0,False,"<Thinking>
Packet 04 is Task YOGURT: The instructions state I must report the word TOMATO. Packet 07 is Task UNICYCLE: The instructions state I must report the word SALMON. Packet 13 is Task CHIMNEY: The instructions state I must copy-paste the words SIERRA PAPA XRAY. I found 3 tasks in this stream.
</Thinking>
<Final_Answers>
- Task YOGURT: TOMATO
- Task UNICYCLE: SALMON
- Task CHIMNEY: SIERRA PAPA XRAY",gemma3:12b,12.0,Gemma3,95.5
3,non-ordered,True,True,,,,,,trivial,cot,12,3,TULIP,"[2, 9, 12]",0.0,1024,,3088,3,PAPA INDIA VICTOR,,,,0,True,True,True,1.0,"[{""name"": ""YODEL"", ""kind"": ""load"", ""packet"": 2, ""rank"": 1, ""answer"": ""SHARK"", ""reported"": true, ""response"": ""SHARK"", ""correct"": true, ""correct_lenient"": true, ""answer_migrated"": false}, {""name"": ""WALNUT"", ""kind"": ""load"", ""packet"": 9, ""rank"": 2, ""answer"": ""SUGAR"", ""reported"": true, ""response"": ""SUGAR"", ""correct"": true, ""correct_lenient"": true, ""answer_migrated"": false}, {""name"": ""TULIP"", ""kind"": ""passphrase"", ""packet"": 12, ""rank"": 3, ""answer"": ""PAPA INDIA VICTOR"", ""reported"": true, ""response"": ""PAPA INDIA VICTOR"", ""correct"": true, ""correct_lenient"": true, ""answer_migrated"": false}]",3,0,0.0,,,False,False,False,True,3.0,0.0,False,"<Thinking>
Packet 02 is Task YODEL: The instructions state to report the word SHARK as this task's result. Packet 09 is Task WALNUT: The instructions state to report the word SUGAR as this task's result. Packet 12 is Task TULIP: I must copy-paste the three words PAPA INDIA VICTOR. I found 3 tasks in this stream.
</Thinking>
<Final_Answers>
- Task YODEL: SHARK
- Task WALNUT: SUGAR
- Task TULIP: PAPA INDIA VICTOR",gemma3:12b,12.0,Gemma3,95.5
3,non-ordered,True,True,,,,,,trivial,cot,13,3,LULLABY,"[2, 11, 13]",0.0,1024,,4088,3,ALPHA HOTEL INDIA,,,,0,True,True,True,1.0,"[{""name"": ""RAVIOLI"", ""kind"": ""load"", ""packet"": 2, ""rank"": 1, ""answer"": ""BRANCH"", ""reported"": true, ""response"": ""BRANCH"", ""correct"": true, ""correct_lenient"": true, ""answer_migrated"": false}, {""name"": ""DOLPHIN"", ""kind"": ""load"", ""packet"": 11, ""rank"": 2, ""answer"": ""SPOON"", ""reported"": true, ""response"": ""SPOON"", ""correct"": true, ""correct_lenient"": true, ""answer_migrated"": false}, {""name"": ""LULLABY"", ""kind"": ""passphrase"", ""packet"": 13, ""rank"": 3, ""answer"": ""ALPHA HOTEL INDIA"", ""reported"": true, ""response"": ""ALPHA HOTEL INDIA"", ""correct"": true, ""correct_lenient"": true, ""answer_migrated"": false}]",3,0,0.0,,,False,False,False,True,3.0,0.0,False,"<Thinking>
I have identified three tasks in this stream. Packet 02 is Task RAVIOLI; it requires me to report the word BRANCH as its result. Packet 11 is Task DOLPHIN, which asks for the word SPOON. Packet 13 is Task LULLABY and I must copy-paste ""ALPHA HOTEL INDIA"".
</Thinking>
<Final_Answers>
- Task RAVIOLI: BRANCH
- Task DOLPHIN: SPOON
- Task LULLABY: ALPHA HOTEL INDIA",gemma3:12b,12.0,Gemma3,95.5
3,non-ordered,True,True,,,,,,trivial,cot,8,3,ANCHOVY,"[2, 6, 8]",0.0,1024,,5088,3,WHISKEY ROMEO MIKE,,,,0,True,True,True,1.0,"[{""name"": ""THIMBLE"", ""kind"": ""load"", ""packet"": 2, ""rank"": 1, ""answer"": ""ROBIN"", ""reported"": true, ""response"": ""ROBIN"", ""correct"": true, ""correct_lenient"": true, ""answer_migrated"": false}, {""name"": ""URCHIN"", ""kind"": ""load"", ""packet"": 6, ""rank"": 2, ""answer"": ""LAKE"", ""reported"": true, ""response"": ""LAKE"", ""correct"": true, ""correct_lenient"": true, ""answer_migrated"": false}, {""name"": ""ANCHOVY"", ""kind"": ""passphrase"", ""packet"": 8, ""rank"": 3, ""answer"": ""WHISKEY ROMEO MIKE"", ""reported"": true, ""response"": ""WHISKEY ROMEO MIKE"", ""correct"": true, ""correct_lenient"": true, ""answer_migrated"": false}]",3,0,0.0,,,False,False,False,True,3.0,0.0,False,"<Thinking>
Packet 02 is Task THIMBLE: The instructions state to report the word ROBIN as the result. Packet 06 is Task URCHIN: The instructions state to report the word LAKE as the result. Packet 08 is Task ANCHOVY: I must copy-paste the three words WHISKEY ROMEO MIKE. I found 3 tasks in this stream.
</Thinking>
<Final_Answers>
- Task THIMBLE: ROBIN
- Task URCHIN: LAKE
- Task ANCHOVY: WHISKEY ROMEO MIKE",gemma3:12b,12.0,Gemma3,95.5
3,non-ordered,True,True,,,,,,trivial,cot,15,3,FALCON,"[1, 7, 15]",0.0,1024,,6088,3,QUEBEC JULIET UNIFORM,,,,0,True,True,True,1.0,"[{""name"": ""HARMONICA"", ""kind"": ""load"", ""packet"": 1, ""rank"": 1, ""answer"": ""WHALE"", ""reported"": true, ""response"": ""WHALE"", ""correct"": true, ""correct_lenient"": true, ""answer_migrated"": false}, {""name"": ""SNORKEL"", ""kind"": ""load"", ""packet"": 7, ""rank"": 2, ""answer"": ""HORSE"", ""reported"": true, ""response"": ""HORSE"", ""correct"": true, ""correct_lenient"": true, ""answer_migrated"": false}, {""name"": ""FALCON"", ""kind"": ""passphrase"", ""packet"": 15, ""rank"": 3, ""answer"": ""QUEBEC JULIET UNIFORM"", ""reported"": true, ""response"": ""QUEBEC JULIET UNIFORM"", ""correct"": true, ""correct_lenient"": true, ""answer_migrated"": false}]",3,0,0.0,,,False,False,False,True,3.0,0.0,False,"<Thinking>
Packet 01 is Task HARMONICA: The instructions state to report the word WHALE as the result. Packet 07 is Task SNORKEL: The instructions state to report the word HORSE as the result. Packet 15 is Task FALCON: I must copy-paste the three words QUEBEC JULIET UNIFORM. I found 3 tasks in this stream.
</Thinking>
<Final_Answers>
- Task HARMONICA: WHALE
- Task SNORKEL: HORSE
- Task FALCON: QUEBEC JULIET UNIFORM",gemma3:12b,12.0,Gemma3,95.5
3,non-ordered,True,True,,,,,,trivial,cot,5,3,MARBLE,"[1, 4, 5]",0.0,1024,,7088,3,ROMEO BRAVO MIKE,,,,0,True,True,True,1.0,"[{""name"": ""FERRET"", ""kind"": ""load"", ""packet"": 1, ""rank"": 1, ""answer"": ""BLUE"", ""reported"": true, ""response"": ""BLUE"", ""correct"": true, ""correct_lenient"": true, ""answer_migrated"": false}, {""name"": ""FALCON"", ""kind"": ""load"", ""packet"": 4, ""rank"": 2, ""answer"": ""BOWL"", ""reported"": true, ""response"": ""BOWL"", ""correct"": true, ""correct_lenient"": true, ""answer_migrated"": false}, {""name"": ""MARBLE"", ""kind"": ""passphrase"", ""packet"": 5, ""rank"": 3, ""answer"": ""ROMEO BRAVO MIKE"", ""reported"": true, ""response"": ""ROMEO BRAVO MIKE"", ""correct"": true, ""correct_lenient"": true, ""answer_migrated"": false}]",3,0,0.0,,,False,False,False,True,3.0,0.0,False,"<Thinking>
Packet 01 is Task FERRET: The instructions state to report ""BLUE"" as the result. Packet 04 is Task FALCON: The instructions state to report ""BOWL"" as the result. Packet 05 is Task MARBLE: I must copy-paste the three words ROMEO BRAVO MIKE. I found 3 tasks in this stream.
</Thinking>
<Final_Answers>
- Task FERRET: BLUE
- Task FALCON: BOWL
- Task MARBLE: ROMEO BRAVO MIKE",gemma3:12b,12.0,Gemma3,95.5
3,non-ordered,False,True,,,,,,semantic_4,cot,1,1,CARNIVAL,"[1, 8, 9]",0.0,1024,,109,3,INDIA HOTEL OSCAR,,,,0,True,True,True,1.0,"[{""name"": ""CARNIVAL"", ""kind"": ""passphrase"", ""packet"": 1, ""rank"": 1, ""answer"": ""INDIA HOTEL OSCAR"", ""reported"": true, ""response"": ""INDIA HOTEL OSCAR"", ""correct"": true, ""correct_lenient"": true, ""answer_migrated"": false}, {""name"": ""LILAC"", ""kind"": ""load"", ""packet"": 8, ""rank"": 2, ""answer"": ""YES"", ""reported"": true, ""response"": ""YES"", ""correct"": true, ""correct_lenient"": true, ""answer_migrated"": false}, {""name"": ""KETTLE"", ""kind"": ""load"", ""packet"": 9, ""rank"": 3, ""answer"": ""INVALID"", ""reported"": true, ""response"": ""INVALID"", ""correct"": true, ""correct_lenient"": true, ""answer_migrated"": false}]",3,0,0.0,,,False,False,False,True,3.0,0.0,False,"<Thinking>
Packet 01 is Task CARNIVAL: I must copy the three words INDIA HOTEL OSCAR. Packet 08 is Task LILAC: The chain of ages is Leo < Tom < Pia < Eve < Bob < Kira, so Leo is younger than Bob. Therefore, the answer is YES. Packet 09 is Task KETTLE: We know all snorfs are blorgs and all blims are pims. Also no ralks are blims. Some blorgs are quibs, and all quibs are ralks. Since no ralks are blims, and some blorgs are ralks, it follows that some blorgs are not blims. Because all snorfs are blorgs, we can conclude that some snorfs are not blims. Therefore the statement ""no snorfs are blims"" is invalid.
</Thinking>
<Final_Answers>
- Task CARNIVAL: INDIA HOTEL OSCAR
- Task LILAC: YES
- Task KETTLE: INVALID",gemma3:12b,12.0,Gemma3,95.5
3,non-ordered,False,True,,,,,,semantic_4,cot,11,3,LULLABY,"[2, 10, 11]",0.0,1024,,1109,3,MIKE CHARLIE PAPA,,,,0,True,True,True,0.5,"[{""name"": ""LANTERN"", ""kind"": ""load"", ""packet"": 2, ""rank"": 1, ""answer"": ""VALID"", ""reported"": true, ""response"": ""VALID"", ""correct"": true, ""correct_lenient"": true, ""answer_migrated"": false}, {""name"": ""THIMBLE"", ""kind"": ""load"", ""packet"": 10, ""rank"": 2, ""answer"": ""INVALID"", ""reported"": true, ""response"": ""VALID"", ""correct"": false, ""correct_lenient"": false, ""answer_migrated"": true}, {""name"": ""LULLABY"", ""kind"": ""passphrase"", ""packet"": 11, ""rank"": 3, ""answer"": ""MIKE CHARLIE PAPA"", ""reported"": true, ""response"": ""MIKE CHARLIE PAPA"", ""correct"": true, ""correct_lenient"": true, ""answer_migrated"": false}]",3,0,0.3333333333333333,,,False,False,False,True,3.0,0.0,False,"<Thinking>
Packet 02 is Task LANTERN. The premises state that all blims are drovs, all drovs are klemps, no klemps are flurbs, and all flurbs are mibs. Some mibs are blims. We need to determine if it follows that no blims are flurbs. Since all blims are drovs, and all drovs are klemps, then all blims are also klemps. But no klemps are flurbs, so no blims can be flurbs. Therefore the conclusion is valid.
Packet 10 is Task THIMBLE. The premises state that some pims are knifs, some knifs are morks, some morks are grebs, all grebs are smegs, and no smegs are gleeps. We need to determine if it follows that some pims are not gleeps. Since all grebs are smegs, and no smegs are gleeps, then no grebs are gleeps. Some morks are grebs, so some morks are not gleeps. Some knifs are morks, so some knifs are not gleeps. Some pims are knifs, so some pims are not gleeps. Therefore the conclusion is valid.
Packet 11 is Task LULLABY. I must copy-paste the three words MIKE CHARLIE PAPA.
I found 3 tasks in this stream.
</Thinking>
<Final_Answers>
- Task LANTERN: VALID
- Task THIMBLE: VALID
- Task LULLABY: MIKE CHARLIE PAPA",gemma3:12b,12.0,Gemma3,95.5
3,non-ordered,False,True,,,,,,semantic_4,cot,6,2,CHIMNEY,"[1, 6, 11]",0.0,1024,,2109,3,MIKE ROMEO NOVEMBER,,,,0,True,True,True,0.5,"[{""name"": ""HARMONICA"", ""kind"": ""load"", ""packet"": 1, ""rank"": 1, ""answer"": ""INVALID"", ""reported"": true, ""response"": ""INVALID"", ""correct"": true, ""correct_lenient"": true, ""answer_migrated"": false}, {""name"": ""CHIMNEY"", ""kind"": ""passphrase"", ""packet"": 6, ""rank"": 2, ""answer"": ""MIKE ROMEO NOVEMBER"", ""reported"": true, ""response"": ""MIKE ROMEO NOVEMBER"", ""correct"": true, ""correct_lenient"": true, ""answer_migrated"": false}, {""name"": ""WHEELBARROW"", ""kind"": ""load"", ""packet"": 11, ""rank"": 3, ""answer"": ""NO"", ""reported"": true, ""response"": ""YES"", ""correct"": false, ""correct_lenient"": false, ""answer_migrated"": false}]",3,0,0.0,,,False,False,False,True,3.0,0.0,False,"<Thinking>
Packet 01 is Task HARMONICA. This is a logic puzzle. Let's analyze the statements: ""Some plurms are zorps,"" ""Some zorps are wugs,"" ""Some wugs are snools,"" ""All snools are florks,"" and ""No florks are blims."" We want to know if it follows that some plurms are not blims. Since some plurms are zorps, and no florks are blims, but snools are florks and wugs can be snools, we cannot definitively say that any plurms are *not* blims. The conclusion is invalid because the statements do not establish a direct link between plurms and blims.

Packet 06 is Task CHIMNEY. I must copy-paste the three words: ""MIKE ROMEO NOVEMBER"".

Packet 11 is Task WHEELBARROW. We have a series of height comparisons: Quinn > Leo > Jack > Mona > Sara > Alice. The question asks if Jack is shorter than Sara. Since Jack's height is less than Sara’s, the answer is YES.
</Thinking>
<Final_Answers>
- Task HARMONICA: INVALID
- Task CHIMNEY: MIKE ROMEO NOVEMBER
- Task WHEELBARROW: YES",gemma3:12b,12.0,Gemma3,95.5
3,non-ordered,False,True,,,,,,semantic_4,cot,11,3,VELVET,"[7, 10, 11]",0.0,1024,,3109,3,ECHO ZULU HOTEL,,,,0,True,True,True,1.0,"[{""name"": ""UNICYCLE"", ""kind"": ""load"", ""packet"": 7, ""rank"": 1, ""answer"": ""INVALID"", ""reported"": true, ""response"": ""INVALID"", ""correct"": true, ""correct_lenient"": true, ""answer_migrated"": false}, {""name"": ""WOMBAT"", ""kind"": ""load"", ""packet"": 10, ""rank"": 2, ""answer"": ""VALID"", ""reported"": true, ""response"": ""VALID"", ""correct"": true, ""correct_lenient"": true, ""answer_migrated"": false}, {""name"": ""VELVET"", ""kind"": ""passphrase"", ""packet"": 11, ""rank"": 3, ""answer"": ""ECHO ZULU HOTEL"", ""reported"": true, ""response"": ""ECHO ZULU HOTEL"", ""correct"": true, ""correct_lenient"": true, ""answer_migrated"": false}]",3,0,0.0,,,False,False,False,True,3.0,0.0,False,"<Thinking>
Packet 07 is Task UNICYCLE. The premises state that all torps are plonks and some plonks are morks. It also states no snorfs are knifs, and all knifs are pims. We need to determine if no torps are knifs follows logically. Since torps are plonks, and some plonks are morks, it doesn't directly relate to knifs or pims. The information about snorfs and knifs is also irrelevant. Therefore, the conclusion that no torps are knifs does not necessarily follow. So the answer is INVALID.

Packet 10 is Task WOMBAT. The premises state all trils are frans, all frans are snicks, no snicks are florks, all florks are skrans, and some skrans are trils. We need to determine if it follows that no trils are florks. Since all trils are frans, and all frans are snicks, then all trils are also snicks. But we know no snicks are florks. Therefore, no trils can be florks. So the answer is VALID.

Packet 11 is Task VELVET. I must copy-paste the three words ECHO ZULU HOTEL.
I found 3 tasks in this stream.
</Thinking>
<Final_Answers>
- Task UNICYCLE: INVALID
- Task WOMBAT: VALID
- Task VELVET: ECHO ZULU HOTEL",gemma3:12b,12.0,Gemma3,95.5
3,non-ordered,False,True,,,,,,semantic_4,cot,9,2,DOLPHIN,"[6, 9, 10]",0.0,1024,,4109,3,JULIET FOXTROT YANKEE,,,,0,True,True,True,0.5,"[{""name"": ""TULIP"", ""kind"": ""load"", ""packet"": 6, ""rank"": 1, ""answer"": ""NO"", ""reported"": true, ""response"": ""NO"", ""correct"": true, ""correct_lenient"": true, ""answer_migrated"": false}, {""name"": ""DOLPHIN"", ""kind"": ""passphrase"", ""packet"": 9, ""rank"": 2, ""answer"": ""JULIET FOXTROT YANKEE"", ""reported"": true, ""response"": ""JULIET FOXTROT YANKEE"", ""correct"": true, ""correct_lenient"": true, ""answer_migrated"": false}, {""name"": ""WALNUT"", ""kind"": ""load"", ""packet"": 10, ""rank"": 3, ""answer"": ""INVALID"", ""reported"": true, ""response"": ""VALID"", ""correct"": false, ""correct_lenient"": false, ""answer_migrated"": false}]",3,0,0.0,,,False,False,False,True,3.0,0.0,False,"<Thinking>
Packet 06 is Task TULIP. The order of height from shortest to tallest is Frank, Eve, Ravi, Dave, Hank, Sara. Therefore, Ravi is not taller than Sara. So the answer is NO. Packet 09 is Task DOLPHIN: I must copy the three words JULIET FOXTROT YANKEE. Packet 10 is Task WALNUT. The premises state that some snools are flurbs, some flurbs are knifs, some knifs are wozzles, all wozzles are snigs, and no snigs are wugs. Since all wozzles are snigs, and no snigs are wugs, then no wozzles are wugs. Because some snools are flurbs, and some flurbs are knifs, it is possible that some snools are knifs. However, we don't know if any snools are wozzles or wugs. Therefore, the statement ""some snools are not wugs"" could be true, but isn’t necessarily so based on the given information. The answer is VALID. I found 3 tasks in this stream.
</Thinking>
<Final_Answers>
- Task TULIP: NO
- Task DOLPHIN: JULIET FOXTROT YANKEE
- Task WALNUT: VALID",gemma3:12b,12.0,Gemma3,95.5
3,non-ordered,False,True,,,,,,semantic_4,cot,5,1,MANDOLIN,"[5, 7, 14]",0.0,1024,,5109,3,MIKE WHISKEY KILO,,,,0,True,True,True,1.0,"[{""name"": ""MANDOLIN"", ""kind"": ""passphrase"", ""packet"": 5, ""rank"": 1, ""answer"": ""MIKE WHISKEY KILO"", ""reported"": true, ""response"": ""MIKE WHISKEY KILO"", ""correct"": true, ""correct_lenient"": true, ""answer_migrated"": false}, {""name"": ""BAGPIPE"", ""kind"": ""load"", ""packet"": 7, ""rank"": 2, ""answer"": ""INVALID"", ""reported"": true, ""response"": ""INVALID"", ""correct"": true, ""correct_lenient"": true, ""answer_migrated"": false}, {""name"": ""JASMINE"", ""kind"": ""load"", ""packet"": 14, ""rank"": 3, ""answer"": ""INVALID"", ""reported"": true, ""response"": ""INVALID"", ""correct"": true, ""correct_lenient"": true, ""answer_migrated"": false}]",3,0,0.0,,,False,False,False,True,3.0,0.0,False,"<Thinking>
Packet 05 is Task MANDOLIN: I must copy the three words MIKE WHISKEY KILO. Packet 07 is Task BAGPIPE: The logic states all torps are plonks, some plonks are morks, and all knifs are pims. Since no snorfs are knifs, and some plonks are morks, it does not necessarily follow that no torps are knifs. Therefore the answer is INVALID. Packet 14 is Task JASMINE: The logic states all flurbs are vrils, some vrils are smegs, and all yarps are snorfs. Since no zorps are yarps, it does not necessarily follow that no flurbs are yarps. Therefore the answer is INVALID. I found 3 tasks in this stream.
</Thinking>
<Final_Answers>
- Task MANDOLIN: MIKE WHISKEY KILO
- Task BAGPIPE: INVALID
- Task JASMINE: INVALID",gemma3:12b,12.0,Gemma3,95.5
3,non-ordered,False,True,,,,,,semantic_4,cot,7,1,LILAC,"[7, 12, 15]",0.0,1024,,6109,3,GOLF ZULU YANKEE,,,,0,True,True,True,0.5,"[{""name"": ""LILAC"", ""kind"": ""passphrase"", ""packet"": 7, ""rank"": 1, ""answer"": ""GOLF ZULU YANKEE"", ""reported"": true, ""response"": ""GOLF ZULU YANKEE"", ""correct"": true, ""correct_lenient"": true, ""answer_migrated"": false}, {""name"": ""OPAL"", ""kind"": ""load"", ""packet"": 12, ""rank"": 2, ""answer"": ""NO"", ""reported"": true, ""response"": ""YES"", ""correct"": false, ""correct_lenient"": false, ""answer_migrated"": false}, {""name"": ""PISTACHIO"", ""kind"": ""load"", ""packet"": 15, ""rank"": 3, ""answer"": ""VALID"", ""reported"": true, ""response"": ""VALID"", ""correct"": true, ""correct_lenient"": true, ""answer_migrated"": false}]",3,0,0.0,,,False,False,False,True,3.0,0.0,False,"<Thinking>
Packet 07 is Task LILAC: I must copy the three words GOLF ZULU YANKEE. Packet 12 is Task OPAL: The order of weights is Hank > Jack > Ravi > Tom > Bob > Kira. Therefore, Tom is lighter than Kira. So the answer is YES. Packet 15 is Task PISTACHIO: We are given that all snorfs are zorps, all zorps are plurms, no plurms are pims, all pims are smegs, and some smegs are snorfs. Since no plurms are pims, and all zorps are plurms, then no zorps are pims. Because all snorfs are zorps, it follows that no snorfs are pims. Therefore the answer is VALID. I found 3 tasks in this stream.
</Thinking>
<Final_Answers>
- Task LILAC: GOLF ZULU YANKEE
- Task OPAL: YES
- Task PISTACHIO: VALID",gemma3:12b,12.0,Gemma3,95.5
3,non-ordered,False,True,,,,,,semantic_4,cot,3,1,URCHIN,"[3, 4, 6]",0.0,1024,,7109,3,BRAVO YANKEE TANGO,,,,0,True,True,True,0.5,"[{""name"": ""URCHIN"", ""kind"": ""passphrase"", ""packet"": 3, ""rank"": 1, ""answer"": ""BRAVO YANKEE TANGO"", ""reported"": true, ""response"": ""BRAVO YANKEE TANGO"", ""correct"": true, ""correct_lenient"": true, ""answer_migrated"": false}, {""name"": ""TAPESTRY"", ""kind"": ""load"", ""packet"": 4, ""rank"": 2, ""answer"": ""INVALID"", ""reported"": true, ""response"": ""VALID"", ""correct"": false, ""correct_lenient"": false, ""answer_migrated"": false}, {""name"": ""PYRAMID"", ""kind"": ""load"", ""packet"": 6, ""rank"": 3, ""answer"": ""R"", ""reported"": true, ""response"": ""R"", ""correct"": true, ""correct_lenient"": true, ""answer_migrated"": false}]",3,0,0.0,,,False,False,False,True,3.0,0.0,False,"<Thinking>
Packet 03 is Task URCHIN: I must copy the three words BRAVO YANKEE TANGO. Packet 04 is Task TAPESTRY: This is a logic puzzle. Let's analyze the statements: ""All wugs are morks"" means every wug is also a mork. ""All vrils are grints"" means every vril is also a grint. ""Some morks are vrils"" means there’s at least one thing that is both a mork and a vril. ""No grints are snools"" means no grint can be a snool. ""All snools are yarps"" means every snool is also a yarp. We want to know if it follows that “no wugs are snools”. Since all wugs are morks, and some morks are vrils, then some wugs *could* be vrils. And since no grints are snools, and all vrils are grints, then no vrils can be snools. Therefore, if a wug is also a vril, it cannot be a snool. So the conclusion ""no wugs are snools"" *does* follow. Packet 06 is Task PYRAMID: We have these finishing order relationships: U before V, U before P, S before P, V before S, and R before U. Combining these, we get R before U before V and R before U before P, and S before P. So the full order is R < U < V and R < U < S < P. Therefore, R finished first.
</Thinking>
<Final_Answers>
- Task URCHIN: BRAVO YANKEE TANGO
- Task TAPESTRY: VALID
- Task PYRAMID: R",gemma3:12b,12.0,Gemma3,95.5
3,non-ordered,True,True,,,,,,semantic_4,cot,9,3,LILAC,"[1, 8, 9]",0.0,1024,,109,3,INDIA HOTEL OSCAR,,,,0,True,True,True,1.0,"[{""name"": ""TOBOGGAN"", ""kind"": ""load"", ""packet"": 1, ""rank"": 1, ""answer"": ""NO"", ""reported"": true, ""response"": ""NO"", ""correct"": true, ""correct_lenient"": true, ""answer_migrated"": false}, {""name"": ""CARNIVAL"", ""kind"": ""load"", ""packet"": 8, ""rank"": 2, ""answer"": ""YES"", ""reported"": true, ""response"": ""YES"", ""correct"": true, ""correct_lenient"": true, ""answer_migrated"": false}, {""name"": ""LILAC"", ""kind"": ""passphrase"", ""packet"": 9, ""rank"": 3, ""answer"": ""INDIA HOTEL OSCAR"", ""reported"": true, ""response"": ""INDIA HOTEL OSCAR"", ""correct"": true, ""correct_lenient"": true, ""answer_migrated"": false}]",3,0,0.0,,,False,False,False,True,3.0,0.0,False,"<Thinking>
Packet 01 is Task TOBOGGAN. We have the following height order: Frank < Eve < Ravi < Dave < Hank < Sara. Since Ravi < Sara, Ravi is not taller than Sara. Therefore, the answer is NO. Packet 08 is Task CARNIVAL. The age order is Leo < Tom < Pia < Eve < Bob < Kira. Since Leo < Bob, Leo is younger than Bob. Therefore, the answer is YES. Packet 09 is Task LILAC: I must copy the three words INDIA HOTEL OSCAR. I found 3 tasks in this stream.
</Thinking>
<Final_Answers>
- Task TOBOGGAN: NO
- Task CARNIVAL: YES
- Task LILAC: INDIA HOTEL OSCAR",gemma3:12b,12.0,Gemma3,95.5
3,non-ordered,True,True,,,,,,semantic_4,cot,11,3,THIMBLE,"[2, 10, 11]",0.0,1024,,1109,3,MIKE CHARLIE PAPA,,,,0,True,True,True,1.0,"[{""name"": ""QUICKSAND"", ""kind"": ""load"", ""packet"": 2, ""rank"": 1, ""answer"": ""YES"", ""reported"": true, ""response"": ""YES"", ""correct"": true, ""correct_lenient"": true, ""answer_migrated"": false}, {""name"": ""LANTERN"", ""kind"": ""load"", ""packet"": 10, ""rank"": 2, ""answer"": ""VALID"", ""reported"": true, ""response"": ""VALID"", ""correct"": true, ""correct_lenient"": true, ""answer_migrated"": false}, {""name"": ""THIMBLE"", ""kind"": ""passphrase"", ""packet"": 11, ""rank"": 3, ""answer"": ""MIKE CHARLIE PAPA"", ""reported"": true, ""response"": ""MIKE CHARLIE PAPA"", ""correct"": true, ""correct_lenient"": true, ""answer_migrated"": false}]",3,0,0.0,,,False,False,False,True,3.0,0.0,False,"<Thinking>
Packet 02 is Task QUICKSAND: We are given a series of comparisons. Carol > Eve > Tom > Sara > Bob > Iris. The question asks if Carol is heavier than Sara. Since Carol is heavier than Eve, and Eve is heavier than Tom, and Tom is heavier than Sara, it follows that Carol is heavier than Sara. Therefore the answer is YES. Packet 10 is Task LANTERN: We are given a series of statements about blims, drovs, klemps, flurbs, and mibs. The question asks if no blims are flurbs follows from these statements. Let's analyze: All blims are drovs; all drovs are klemps; no klemps are flurbs; all flurbs are mibs; some mibs are blims. Since all blims are drovs, and all drovs are klemps, then all blims are klemps. But no klemps are flurbs, so no blims can be flurbs. The statement ""no blims are flurbs"" is therefore valid. Packet 11 is Task THIMBLE: I must copy the three words MIKE CHARLIE PAPA.
</Thinking>
<Final_Answers>
- Task QUICKSAND: YES
- Task LANTERN: VALID
- Task THIMBLE: MIKE CHARLIE PAPA",gemma3:12b,12.0,Gemma3,95.5
3,non-ordered,True,True,,,,,,semantic_4,cot,11,3,CHIMNEY,"[1, 6, 11]",0.0,1024,,2109,3,MIKE ROMEO NOVEMBER,,,,0,True,True,True,0.5,"[{""name"": ""OBELISK"", ""kind"": ""load"", ""packet"": 1, ""rank"": 1, ""answer"": ""INVALID"", ""reported"": true, ""response"": ""INVALID"", ""correct"": true, ""correct_lenient"": true, ""answer_migrated"": false}, {""name"": ""HARMONICA"", ""kind"": ""load"", ""packet"": 6, ""rank"": 2, ""answer"": ""INVALID"", ""reported"": true, ""response"": ""VALID"", ""correct"": false, ""correct_lenient"": false, ""answer_migrated"": false}, {""name"": ""CHIMNEY"", ""kind"": ""passphrase"", ""packet"": 11, ""rank"": 3, ""answer"": ""MIKE ROMEO NOVEMBER"", ""reported"": true, ""response"": ""MIKE ROMEO NOVEMBER"", ""correct"": true, ""correct_lenient"": true, ""answer_migrated"": false}]",3,0,0.0,,,False,False,False,True,3.0,0.0,False,"<Thinking>
Packet 01 is Task OBELISK. The premises state that all blims are florks and some florks are trils. It also states that no yarps are torps and all torps are snorfs. We want to know if it follows that no blims are torps. Since blims are florks, and we have no direct relationship between florks and torps established, the conclusion does not necessarily follow. Therefore, the answer is INVALID.

Packet 06 is Task HARMONICA. The premises state that some plurms are zorps, some zorps are wugs, some wugs are snools, all snools are florks, and no florks are blims. We want to know if it follows that some plurms are not blims. Since some plurms are zorps, and zorps can be wugs, which can be snools, which are florks, and no florks are blims, then it logically follows that some plurms are not blims. Therefore the answer is VALID.

Packet 11 is Task CHIMNEY. The task requires copying three words: MIKE ROMEO NOVEMBER.

I found 3 tasks in this stream.
</Thinking>
<Final_Answers>
- Task OBELISK: INVALID
- Task HARMONICA: VALID
- Task CHIMNEY: MIKE ROMEO NOVEMBER",gemma3:12b,12.0,Gemma3,95.5
3,non-ordered,True,True,,,,,,semantic_4,cot,11,3,WOMBAT,"[7, 10, 11]",0.0,1024,,3109,3,ECHO ZULU HOTEL,,,,0,True,True,True,0.5,"[{""name"": ""NOODLE"", ""kind"": ""load"", ""packet"": 7, ""rank"": 1, ""answer"": ""VALID"", ""reported"": true, ""response"": ""VALID"", ""correct"": true, ""correct_lenient"": true, ""answer_migrated"": false}, {""name"": ""UNICYCLE"", ""kind"": ""load"", ""packet"": 10, ""rank"": 2, ""answer"": ""INVALID"", ""reported"": true, ""response"": ""VALID"", ""correct"": false, ""correct_lenient"": false, ""answer_migrated"": true}, {""name"": ""WOMBAT"", ""kind"": ""passphrase"", ""packet"": 11, ""rank"": 3, ""answer"": ""ECHO ZULU HOTEL"", ""reported"": true, ""response"": ""ECHO ZULU HOTEL"", ""correct"": true, ""correct_lenient"": true, ""answer_migrated"": false}]",3,0,0.3333333333333333,,,False,False,False,True,3.0,0.0,False,"<Thinking>
Packet 07 is Task NOODLE: The argument states ""Some torps are vails. All vails are plurms. All plurms are trens. No trens are mibs. All mibs are snorfs."" This implies that no torps are mibs, because all torps are trens and no trens are mibs. The question asks if ""some torps are not mibs"" is valid. Since we know no torps are mibs, it follows that some torps *are* not mibs. Therefore the answer is VALID.
Packet 10 is Task UNICYCLE: The argument states ""All torps are plonks. All morks are snorfs. Some plonks are morks. No snorfs are knifs. All knifs are pims."" This implies that no torps are knifs, because all torps are plonks and some plonks are morks, which are not knifs. Therefore the answer is VALID.
Packet 11 is Task WOMBAT: I must copy-paste the three words ECHO ZULU HOTEL.
I found 3 tasks in this stream.
</Thinking>
<Final_Answers>
- Task NOODLE: VALID
- Task UNICYCLE: VALID
- Task WOMBAT: ECHO ZULU HOTEL",gemma3:12b,12.0,Gemma3,95.5
3,non-ordered,True,True,,,,,,semantic_4,cot,10,3,DOLPHIN,"[6, 9, 10]",0.0,1024,,4109,3,JULIET FOXTROT YANKEE,,,,0,True,True,True,1.0,"[{""name"": ""NARWHAL"", ""kind"": ""load"", ""packet"": 6, ""rank"": 1, ""answer"": ""VALID"", ""reported"": true, ""response"": ""VALID"", ""correct"": true, ""correct_lenient"": true, ""answer_migrated"": false}, {""name"": ""TULIP"", ""kind"": ""load"", ""packet"": 9, ""rank"": 2, ""answer"": ""NO"", ""reported"": true, ""response"": ""NO"", ""correct"": true, ""correct_lenient"": true, ""answer_migrated"": false}, {""name"": ""DOLPHIN"", ""kind"": ""passphrase"", ""packet"": 10, ""rank"": 3, ""answer"": ""JULIET FOXTROT YANKEE"", ""reported"": true, ""response"": ""JULIET FOXTROT YANKEE"", ""correct"": true, ""correct_lenient"": true, ""answer_migrated"": false}]",3,0,0.0,,,False,False,False,True,3.0,0.0,False,"<Thinking>
Packet 06 is Task NARWHAL. The logic puzzle states ""All trils are frans,"" ""All frans are snicks,"" ""No snicks are florks,"" ""All florks are skrans,"" and ""Some skrans are trils."" We need to determine if it follows that no trils are florks. Since all frans are snicks, and no snicks are florks, then no frans can be florks. Because all trils are frans, this means no trils can be florks either. Therefore the statement is VALID.
Packet 09 is Task TULIP. The height comparisons are: Frank < Eve < Ravi < Dave < Hank < Sara. We want to know if Ravi is taller than Sara. Since Ravi < Dave < Hank < Sara, Ravi is not taller than Sara. So the answer is NO.
Packet 10 is Task DOLPHIN. I must copy-paste the three words: ""JULIET FOXTROT YANKEE"".
I found 3 tasks in this stream.
</Thinking>
<Final_Answers>
- Task NARWHAL: VALID
- Task TULIP: NO
- Task DOLPHIN: JULIET FOXTROT YANKEE",gemma3:12b,12.0,Gemma3,95.5
3,non-ordered,True,True,,,,,,semantic_4,cot,14,3,BAGPIPE,"[5, 7, 14]",0.0,1024,,5109,3,MIKE WHISKEY KILO,,,,0,True,True,True,1.0,"[{""name"": ""SAPPHIRE"", ""kind"": ""load"", ""packet"": 5, ""rank"": 1, ""answer"": ""VALID"", ""reported"": true, ""response"": ""VALID"", ""correct"": true, ""correct_lenient"": true, ""answer_migrated"": false}, {""name"": ""MANDOLIN"", ""kind"": ""load"", ""packet"": 7, ""rank"": 2, ""answer"": ""INVALID"", ""reported"": true, ""response"": ""INVALID"", ""correct"": true, ""correct_lenient"": true, ""answer_migrated"": false}, {""name"": ""BAGPIPE"", ""kind"": ""passphrase"", ""packet"": 14, ""rank"": 3, ""answer"": ""MIKE WHISKEY KILO"", ""reported"": true, ""response"": ""MIKE WHISKEY KILO"", ""correct"": true, ""correct_lenient"": true, ""answer_migrated"": false}]",3,0,0.0,,,False,False,False,True,3.0,0.0,False,"<Thinking>
Packet 05 is Task SAPPHIRE. The statements establish that zorps are wugs, and wugs are not blorgs. Since no wugs are blorgs, and zorps are wugs, it follows that no zorps are blorgs. Therefore the answer is VALID. Packet 07 is Task MANDOLIN. The statements establish that torps are plonks, morks are snorfs, some plonks are morks, and knifs are not snorfs. Since snorfs are not knifs, and morks are snorfs, then morks are not knifs. Also, since torps are plonks, and some plonks are morks, it follows that some torps are morks. Because morks are not knifs, then some torps are not knifs. Therefore the answer is INVALID. Packet 14 is Task BAGPIPE: I must copy the three words MIKE WHISKEY KILO. I found 3 tasks in this stream.
</Thinking>
<Final_Answers>
- Task SAPPHIRE: VALID
- Task MANDOLIN: INVALID
- Task BAGPIPE: MIKE WHISKEY KILO",gemma3:12b,12.0,Gemma3,95.5
3,non-ordered,True,True,,,,,,semantic_4,cot,15,3,OPAL,"[7, 12, 15]",0.0,1024,,6109,3,GOLF ZULU YANKEE,,,,0,True,True,True,0.5,"[{""name"": ""LANTERN"", ""kind"": ""load"", ""packet"": 7, ""rank"": 1, ""answer"": ""YES"", ""reported"": true, ""response"": ""YES"", ""correct"": true, ""correct_lenient"": true, ""answer_migrated"": false}, {""name"": ""LILAC"", ""kind"": ""load"", ""packet"": 12, ""rank"": 2, ""answer"": ""NO"", ""reported"": true, ""response"": ""YES"", ""correct"": false, ""correct_lenient"": false, ""answer_migrated"": true}, {""name"": ""OPAL"", ""kind"": ""passphrase"", ""packet"": 15, ""rank"": 3, ""answer"": ""GOLF ZULU YANKEE"", ""reported"": true, ""response"": ""GOLF ZULU YANKEE"", ""correct"": true, ""correct_lenient"": true, ""answer_migrated"": false}]",3,0,0.3333333333333333,,,False,False,False,True,3.0,0.0,False,"<Thinking>
Packet 07 is Task LANTERN: The problem states Jack < Alice < Dave < Hank < Kira < Grace. Therefore, Alice is younger than Kira. So the answer is YES. Packet 12 is Task LILAC: The problem states Hank > Jack > Ravi > Tom > Bob > Kira. Thus, Tom is lighter than Kira. So the answer is YES. Packet 15 is Task OPAL: I must copy-paste the three words GOLF ZULU YANKEE. I found 3 tasks in this stream.
</Thinking>
<Final_Answers>
- Task LANTERN: YES
- Task LILAC: YES
- Task OPAL: GOLF ZULU YANKEE",gemma3:12b,12.0,Gemma3,95.5
3,non-ordered,True,True,,,,,,semantic_4,cot,6,3,TAPESTRY,"[3, 4, 6]",0.0,1024,,7109,3,BRAVO YANKEE TANGO,,,,0,True,True,True,0.5,"[{""name"": ""SAPPHIRE"", ""kind"": ""load"", ""packet"": 3, ""rank"": 1, ""answer"": ""VALID"", ""reported"": true, ""response"": ""VALID"", ""correct"": true, ""correct_lenient"": true, ""answer_migrated"": false}, {""name"": ""URCHIN"", ""kind"": ""load"", ""packet"": 4, ""rank"": 2, ""answer"": ""INVALID"", ""reported"": true, ""response"": ""VALID"", ""correct"": false, ""correct_lenient"": false, ""answer_migrated"": true}, {""name"": ""TAPESTRY"", ""kind"": ""passphrase"", ""packet"": 6, ""rank"": 3, ""answer"": ""BRAVO YANKEE TANGO"", ""reported"": true, ""response"": ""BRAVO YANKEE TANGO"", ""correct"": true, ""correct_lenient"": true, ""answer_migrated"": false}]",3,0,0.3333333333333333,,,False,False,False,True,3.0,0.0,False,"<Thinking>
Packet 03 is Task SAPPHIRE. This is a logic puzzle involving sets and relationships. Let's analyze the statements: ""Some gleeks are blims,"" ""All blims are snorfs,"" ""Some snorfs are vorps,"" ""All vorps are wumps,"" and ""No wumps are gleeks."" The question asks if it follows that some gleeks are not wumps. Since no wumps are gleeks, it *must* be true that some gleeks are not wumps. Therefore the answer is VALID.

Packet 04 is Task URCHIN. This is another logic puzzle: ""All wugs are morks,"" ""All vrils are grints,"" ""Some morks are vrils,"" ""No grints are snools,"" and ""All snools are yarps."" The question asks if it follows that no wugs are snools. Since all wugs are morks, and some morks are vrils, and all vrils are grints, then some wugs are grints. Also, since no grints are snools, then no wugs can be snools. Therefore the answer is VALID.

Packet 06 is Task TAPESTRY. I must copy-paste the three words: ""BRAVO YANKEE TANGO"".

I found 3 tasks in this stream.
</Thinking>
<Final_Answers>
- Task SAPPHIRE: VALID
- Task URCHIN: VALID
- Task TAPESTRY: BRAVO YANKEE TANGO",gemma3:12b,12.0,Gemma3,95.5
5,non-ordered,False,True,24.0,,,,,trivial,cot,4,1,RASPBERRY,"[4, 6, 10, 11, 14]",0.0,1024,512.0,114,3,HOTEL SIERRA DELTA,,,,0,True,True,True,0.75,"[{""name"": ""RASPBERRY"", ""kind"": ""passphrase"", ""packet"": 4, ""rank"": 1, ""answer"": ""HOTEL SIERRA DELTA"", ""reported"": true, ""response"": ""HOTEL SIERRA DELTA"", ""correct"": true, ""correct_lenient"": true, ""answer_migrated"": false}, {""name"": ""NECTARINE"", ""kind"": ""load"", ""packet"": 6, ""rank"": 2, ""answer"": ""STORM"", ""reported"": true, ""response"": ""STORM"", ""correct"": true, ""correct_lenient"": true, ""answer_migrated"": false}, {""name"": ""PLATYPUS"", ""kind"": ""load"", ""packet"": 10, ""rank"": 3, ""answer"": ""BROWN"", ""reported"": true, ""response"": ""BROWN"", ""correct"": true, ""correct_lenient"": true, ""answer_migrated"": false}, {""name"": ""INKWELL"", ""kind"": ""load"", ""packet"": 11, ""rank"": 4, ""answer"": ""LAKE"", ""reported"": true, ""response"": ""LAKE"", ""correct"": true, ""correct_lenient"": true, ""answer_migrated"": false}, {""name"": ""KAYAK"", ""kind"": ""load"", ""packet"": 14, ""rank"": 5, ""answer"": ""FINCH"", ""reported"": true, ""response"": ""FINCH</Final_Answers>"", ""correct"": false, ""correct_lenient"": true, ""answer_migrated"": false}]",5,0,0.0,24.0,True,False,False,False,False,0.0,0.0,False,"<Thinking>
I have identified four tasks in this stream: RASPBERRY, NECTARINE, PLATYPUS, IN
</Thinking>
<Final_Answers>
- Task RASPBERRY: HOTEL SIERRA DELTA
- Task NECTARINE: STORM
- Task PLATYPUS: BROWN
- Task INKWELL: LAKE
- Task KAYAK: FINCH</Final_Answers>",gemma3:12b,12.0,Gemma3,95.5
5,non-ordered,False,True,24.0,,,,,trivial,cot,14,5,CENTIPEDE,"[8, 10, 11, 12, 14]",0.0,1024,512.0,1114,3,QUEBEC INDIA OSCAR,,,,0,False,False,False,0.75,"[{""name"": ""METRONOME"", ""kind"": ""load"", ""packet"": 8, ""rank"": 1, ""answer"": ""RICE"", ""reported"": true, ""response"": ""RICE"", ""correct"": true, ""correct_lenient"": true, ""answer_migrated"": false}, {""name"": ""CATAPULT"", ""kind"": ""load"", ""packet"": 10, ""rank"": 2, ""answer"": ""SPOON"", ""reported"": true, ""response"": ""SPOON"", ""correct"": true, ""correct_lenient"": true, ""answer_migrated"": false}, {""name"": ""LANTERN"", ""kind"": ""load"", ""packet"": 11, ""rank"": 3, ""answer"": ""CHERRY"", ""reported"": true, ""response"": ""CHERRY"", ""correct"": true, ""correct_lenient"": true, ""answer_migrated"": false}, {""name"": ""DAFFODIL"", ""kind"": ""load"", ""packet"": 12, ""rank"": 4, ""answer"": ""PLATE"", ""reported"": true, ""response"": ""PLATE</Final_Answers>"", ""correct"": false, ""correct_lenient"": true, ""answer_migrated"": false}, {""name"": ""CENTIPEDE"", ""kind"": ""passphrase"", ""packet"": 14, ""rank"": 5, ""answer"": ""QUEBEC INDIA OSCAR"", ""reported"": false, ""response"": null, ""correct"": false, ""correct_lenient"": false, ""answer_migrated"": false}]",4,0,0.0,24.0,True,False,True,False,False,0.0,0.0,False,"<Thinking>
I have identified four tasks in this stream: METRONOME, CATAPULT, LANTERN, and DAFFOD
</Thinking>
<Final_Answers>
- Task METRONOME: RICE
- Task CATAPULT: SPOON
- Task LANTERN: CHERRY
- Task DAFFODIL: PLATE</Final_Answers>",gemma3:12b,12.0,Gemma3,95.5
5,non-ordered,False,True,24.0,,,,,trivial,cot,4,1,YOGURT,"[4, 5, 8, 9, 15]",0.0,1024,512.0,2114,3,HOTEL GOLF VICTOR,,,,0,True,True,True,0.75,"[{""name"": ""YOGURT"", ""kind"": ""passphrase"", ""packet"": 4, ""rank"": 1, ""answer"": ""HOTEL GOLF VICTOR"", ""reported"": true, ""response"": ""HOTEL GOLF VICTOR"", ""correct"": true, ""correct_lenient"": true, ""answer_migrated"": false}, {""name"": ""EGGPLANT"", ""kind"": ""load"", ""packet"": 5, ""rank"": 2, ""answer"": ""BEAR"", ""reported"": true, ""response"": ""BEAR"", ""correct"": true, ""correct_lenient"": true, ""answer_migrated"": false}, {""name"": ""PISTACHIO"", ""kind"": ""load"", ""packet"": 8, ""rank"": 3, ""answer"": ""MAROON"", ""reported"": true, ""response"": ""MAROON"", ""correct"": true, ""correct_lenient"": true, ""answer_migrated"": false}, {""name"": ""QUARRY"", ""kind"": ""load"", ""packet"": 9, ""rank"": 4, ""answer"": ""VIOLET"", ""reported"": true, ""response"": ""VIOLET"", ""correct"": true, ""correct_lenient"": true, ""answer_migrated"": false}, {""name"": ""TROMBONE"", ""kind"": ""load"", ""packet"": 15, ""rank"": 5, ""answer"": ""DUCK"", ""reported"": true, ""response"": ""DUCK</Final_Answers>"", ""correct"": false, ""correct_lenient"": true, ""answer_migrated"": false}]",5,0,0.0,24.0,True,False,False,False,False,1.0,0.0,False,"<Thinking>
I have identified four tasks in this stream. Packet 04 is Task YOGURT; I must copy ""
</Thinking>
<Final_Answers>
- Task YOGURT: HOTEL GOLF VICTOR
- Task EGGPLANT: BEAR
- Task PISTACHIO: MAROON
- Task QUARRY: VIOLET
- Task TROMBONE: DUCK</Final_Answers>",gemma3:12b,12.0,Gemma3,95.5
5,non-ordered,False,True,24.0,,,,,trivial,cot,11,4,SAXOPHONE,"[5, 7, 8, 11, 13]",0.0,1024,512.0,3114,3,HOTEL INDIA ROMEO,,,,0,False,True,True,0.75,"[{""name"": ""PARSNIP"", ""kind"": ""load"", ""packet"": 5, ""rank"": 1, ""answer"": ""CAT"", ""reported"": true, ""response"": ""CAT"", ""correct"": true, ""correct_lenient"": true, ""answer_migrated"": false}, {""name"": ""PELICAN"", ""kind"": ""load"", ""packet"": 7, ""rank"": 2, ""answer"": ""ONION"", ""reported"": true, ""response"": ""ONION"", ""correct"": true, ""correct_lenient"": true, ""answer_migrated"": false}, {""name"": ""DUMPLING"", ""kind"": ""load"", ""packet"": 8, ""rank"": 3, ""answer"": ""GRAPE"", ""reported"": true, ""response"": ""GRAPE"", ""correct"": true, ""correct_lenient"": true, ""answer_migrated"": false}, {""name"": ""SAXOPHONE"", ""kind"": ""passphrase"", ""packet"": 11, ""rank"": 4, ""answer"": ""HOTEL INDIA ROMEO"", ""reported"": true, ""response"": ""HOTEL INDIA ROMEO</Final_Answers>"", ""correct"": false, ""correct_lenient"": true, ""answer_migrated"": false}, {""name"": ""DAFFODIL"", ""kind"": ""load"", ""packet"": 13, ""rank"": 5, ""answer"": ""WALL"", ""reported"": false, ""response"": null, ""correct"": false, ""correct_lenient"": false, ""answer_migrated"": false}]",4,0,0.0,24.0,True,False,False,False,False,0.0,0.0,False,"<Thinking>
I have identified four tasks in this stream: PARSNIP, PELICAN, DUMPLING, SAXOPHONE
</Thinking>
<Final_Answers>
- Task PARSNIP: CAT
- Task PELICAN: ONION
- Task DUMPLING: GRAPE
- Task SAXOPHONE: HOTEL INDIA ROMEO</Final_Answers>",gemma3:12b,12.0,Gemma3,95.5
5,non-ordered,False,True,24.0,,,,,trivial,cot,9,4,HAMMOCK,"[1, 2, 4, 9, 15]",0.0,1024,512.0,4114,3,ALPHA XRAY WHISKEY,,,,0,True,True,True,0.75,"[{""name"": ""UNICYCLE"", ""kind"": ""load"", ""packet"": 1, ""rank"": 1, ""answer"": ""WOLF"", ""reported"": true, ""response"": ""WOLF"", ""correct"": true, ""correct_lenient"": true, ""answer_migrated"": false}, {""name"": ""KUMQUAT"", ""kind"": ""load"", ""packet"": 2, ""rank"": 2, ""answer"": ""CRAB"", ""reported"": true, ""response"": ""CRAB"", ""correct"": true, ""correct_lenient"": true, ""answer_migrated"": false}, {""name"": ""GONDOLA"", ""kind"": ""load"", ""packet"": 4, ""rank"": 3, ""answer"": ""LAMP"", ""reported"": true, ""response"": ""LAMP"", ""correct"": true, ""correct_lenient"": true, ""answer_migrated"": false}, {""name"": ""HAMMOCK"", ""kind"": ""passphrase"", ""packet"": 9, ""rank"": 4, ""answer"": ""ALPHA XRAY WHISKEY"", ""reported"": true, ""response"": ""ALPHA XRAY WHISKEY"", ""correct"": true, ""correct_lenient"": true, ""answer_migrated"": false}, {""name"": ""WATERMELON"", ""kind"": ""load"", ""packet"": 15, ""rank"": 5, ""answer"": ""CARROT"", ""reported"": true, ""response"": ""CARROT</Final_Answers>"", ""correct"": false, ""correct_lenient"": true, ""answer_migrated"": false}]",5,0,0.0,24.0,True,False,False,False,False,2.0,0.0,False,"<Thinking>
Packet 01 is Task UNICYCLE: The instructions say to report the word WOLF. Packet 02
</Thinking>
<Final_Answers>
- Task UNICYCLE: WOLF
- Task KUMQUAT: CRAB
- Task GONDOLA: LAMP
- Task HAMMOCK: ALPHA XRAY WHISKEY
- Task WATERMELON: CARROT</Final_Answers>",gemma3:12b,12.0,Gemma3,95.5
5,non-ordered,False,True,24.0,,,,,trivial,cot,4,1,JIGSAW,"[4, 10, 11, 12, 14]",0.0,1024,512.0,5114,3,GOLF QUEBEC OSCAR,,,,0,False,True,True,0.0,"[{""name"": ""JIGSAW"", ""kind"": ""passphrase"", ""packet"": 4, ""rank"": 1, ""answer"": ""GOLF QUEBEC OSCAR"", ""reported"": true, ""response"": ""GOLF QUEBEC OSCAR</Final_Answers>"", ""correct"": false, ""correct_lenient"": true, ""answer_migrated"": false}, {""name"": ""ORIGAMI"", ""kind"": ""load"", ""packet"": 10, ""rank"": 2, ""answer"": ""SEAL"", ""reported"": false, ""response"": null, ""correct"": false, ""correct_lenient"": false, ""answer_migrated"": false}, {""name"": ""QUICKSAND"", ""kind"": ""load"", ""packet"": 11, ""rank"": 3, ""answer"": ""TABLE"", ""reported"": false, ""response"": null, ""correct"": false, ""correct_lenient"": false, ""answer_migrated"": false}, {""name"": ""BLIZZARD"", ""kind"": ""load"", ""packet"": 12, ""rank"": 4, ""answer"": ""BLUE"", ""reported"": false, ""response"": null, ""correct"": false, ""correct_lenient"": false, ""answer_migrated"": false}, {""name"": ""BAGPIPE"", ""kind"": ""load"", ""packet"": 14, ""rank"": 5, ""answer"": ""BLACK"", ""reported"": false, ""response"": null, ""correct"": false, ""correct_lenient"": false, ""answer_migrated"": false}]",1,0,0.0,24.0,True,False,False,False,True,1.0,0.0,False,"<Thinking>
Packet 04 is Task JIGSAW: I must copy the three words GOLF QUEBEC OSCAR.
</Thinking>
<Final_Answers>
- Task JIGSAW: GOLF QUEBEC OSCAR</Final_Answers>",gemma3:12b,12.0,Gemma3,95.5
5,non-ordered,False,True,24.0,,,,,trivial,cot,14,5,ZIGZAG,"[7, 9, 11, 12, 14]",0.0,1024,512.0,6114,3,CHARLIE SIERRA ECHO,,,,0,False,True,True,1.0,"[{""name"": ""JIGSAW"", ""kind"": ""load"", ""packet"": 7, ""rank"": 1, ""answer"": ""CRAB"", ""reported"": true, ""response"": ""CRAB"", ""correct"": true, ""correct_lenient"": true, ""answer_migrated"": false}, {""name"": ""ZEPPELIN"", ""kind"": ""load"", ""packet"": 9, ""rank"": 2, ""answer"": ""LEMON"", ""reported"": true, ""response"": ""LEMON"", ""correct"": true, ""correct_lenient"": true, ""answer_migrated"": false}, {""name"": ""CACTUS"", ""kind"": ""load"", ""packet"": 11, ""rank"": 3, ""answer"": ""MAROON"", ""reported"": true, ""response"": ""MAROON"", ""correct"": true, ""correct_lenient"": true, ""answer_migrated"": false}, {""name"": ""HARMONICA"", ""kind"": ""load"", ""packet"": 12, ""rank"": 4, ""answer"": ""STONE"", ""reported"": true, ""response"": ""STONE"", ""correct"": true, ""correct_lenient"": true, ""answer_migrated"": false}, {""name"": ""ZIGZAG"", ""kind"": ""passphrase"", ""packet"": 14, ""rank"": 5, ""answer"": ""CHARLIE SIERRA ECHO"", ""reported"": true, ""response"": ""CHARLIE SIERRA ECHO</Final_Answers>"", ""correct"": false, ""correct_lenient"": true, ""answer_migrated"": false}]",5,0,0.0,24.0,True,False,False,False,False,0.0,0.0,False,"<Thinking>
I have identified four tasks in this stream: JIGSAW, ZEPPELIN, CACTUS, HAR
</Thinking>
<Final_Answers>
- Task JIGSAW: CRAB
- Task ZEPPELIN: LEMON
- Task CACTUS: MAROON
- Task HARMONICA: STONE
- Task ZIGZAG: CHARLIE SIERRA ECHO</Final_Answers>",gemma3:12b,12.0,Gemma3,95.5
5,non-ordered,False,True,24.0,,,,,trivial,cot,3,2,UKULELE,"[2, 3, 6, 13, 15]",0.0,1024,512.0,7114,3,HOTEL PAPA FOXTROT,,,,0,True,True,True,0.75,"[{""name"": ""DAFFODIL"", ""kind"": ""load"", ""packet"": 2, ""rank"": 1, ""answer"": ""GARLIC"", ""reported"": true, ""response"": ""GARLIC"", ""correct"": true, ""correct_lenient"": true, ""answer_migrated"": false}, {""name"": ""UKULELE"", ""kind"": ""passphrase"", ""packet"": 3, ""rank"": 2, ""answer"": ""HOTEL PAPA FOXTROT"", ""reported"": true, ""response"": ""HOTEL PAPA FOXTROT"", ""correct"": true, ""correct_lenient"": true, ""answer_migrated"": false}, {""name"": ""VOLCANO"", ""kind"": ""load"", ""packet"": 6, ""rank"": 3, ""answer"": ""CYAN"", ""reported"": true, ""response"": ""CYAN"", ""correct"": true, ""correct_lenient"": true, ""answer_migrated"": false}, {""name"": ""VINEYARD"", ""kind"": ""load"", ""packet"": 13, ""rank"": 4, ""answer"": ""OWL"", ""reported"": true, ""response"": ""OWL"", ""correct"": true, ""correct_lenient"": true, ""answer_migrated"": false}, {""name"": ""RAVIOLI"", ""kind"": ""load"", ""packet"": 15, ""rank"": 5, ""answer"": ""WHITE"", ""reported"": true, ""response"": ""WHITE</Final_Answers>"", ""correct"": false, ""correct_lenient"": true, ""answer_migrated"": false}]",5,0,0.0,24.0,True,False,False,False,False,0.0,0.0,False,"<Thinking>
I have identified four tasks in this stream: DAFFODIL, UKULELE, VOLCANO, VINEY
</Thinking>
<Final_Answers>
- Task DAFFODIL: GARLIC
- Task UKULELE: HOTEL PAPA FOXTROT
- Task VOLCANO: CYAN
- Task VINEYARD: OWL
- Task RAVIOLI: WHITE</Final_Answers>",gemma3:12b,12.0,Gemma3,95.5
5,non-ordered,True,True,24.0,,,,,trivial,cot,14,5,INKWELL,"[4, 6, 10, 11, 14]",0.0,1024,512.0,114,3,HOTEL SIERRA DELTA,,,,0,False,True,True,1.0,"[{""name"": ""TROMBONE"", ""kind"": ""load"", ""packet"": 4, ""rank"": 1, ""answer"": ""STONE"", ""reported"": true, ""response"": ""STONE"", ""correct"": true, ""correct_lenient"": true, ""answer_migrated"": false}, {""name"": ""RASPBERRY"", ""kind"": ""load"", ""packet"": 6, ""rank"": 2, ""answer"": ""WHALE"", ""reported"": true, ""response"": ""WHALE"", ""correct"": true, ""correct_lenient"": true, ""answer_migrated"": false}, {""name"": ""NECTARINE"", ""kind"": ""load"", ""packet"": 10, ""rank"": 3, ""answer"": ""STORM"", ""reported"": true, ""response"": ""STORM"", ""correct"": true, ""correct_lenient"": true, ""answer_migrated"": false}, {""name"": ""PLATYPUS"", ""kind"": ""load"", ""packet"": 11, ""rank"": 4, ""answer"": ""BROWN"", ""reported"": true, ""response"": ""BROWN"", ""correct"": true, ""correct_lenient"": true, ""answer_migrated"": false}, {""name"": ""INKWELL"", ""kind"": ""passphrase"", ""packet"": 14, ""rank"": 5, ""answer"": ""HOTEL SIERRA DELTA"", ""reported"": true, ""response"": ""HOTEL SIERRA DELTA</Final_Answers>"", ""correct"": false, ""correct_lenient"": true, ""answer_migrated"": false}]",5,0,0.0,24.0,True,False,False,False,False,1.0,0.0,False,"<Thinking>
Packet 04 is Task TROMBONE: The instructions state to report the word STONE as the result. Packet
</Thinking>
<Final_Answers>
- Task TROMBONE: STONE
- Task RASPBERRY: WHALE
- Task NECTARINE: STORM
- Task PLATYPUS: BROWN
- Task INKWELL: HOTEL SIERRA DELTA</Final_Answers>",gemma3:12b,12.0,Gemma3,95.5
5,non-ordered,True,True,24.0,,,,,trivial,cot,14,5,DAFFODIL,"[8, 10, 11, 12, 14]",0.0,1024,512.0,1114,3,QUEBEC INDIA OSCAR,,,,0,False,True,True,1.0,"[{""name"": ""WALNUT"", ""kind"": ""load"", ""packet"": 8, ""rank"": 1, ""answer"": ""BREAD"", ""reported"": true, ""response"": ""BREAD"", ""correct"": true, ""correct_lenient"": true, ""answer_migrated"": false}, {""name"": ""METRONOME"", ""kind"": ""load"", ""packet"": 10, ""rank"": 2, ""answer"": ""RICE"", ""reported"": true, ""response"": ""RICE"", ""correct"": true, ""correct_lenient"": true, ""answer_migrated"": false}, {""name"": ""CATAPULT"", ""kind"": ""load"", ""packet"": 11, ""rank"": 3, ""answer"": ""SPOON"", ""reported"": true, ""response"": ""SPOON"", ""correct"": true, ""correct_lenient"": true, ""answer_migrated"": false}, {""name"": ""LANTERN"", ""kind"": ""load"", ""packet"": 12, ""rank"": 4, ""answer"": ""CHERRY"", ""reported"": true, ""response"": ""CHERRY"", ""correct"": true, ""correct_lenient"": true, ""answer_migrated"": false}, {""name"": ""DAFFODIL"", ""kind"": ""passphrase"", ""packet"": 14, ""rank"": 5, ""answer"": ""QUEBEC INDIA OSCAR"", ""reported"": true, ""response"": ""QUEBEC INDIA OSCAR</Final_Answers>"", ""correct"": false, ""correct_lenient"": true, ""answer_migrated"": false}]",5,0,0.0,24.0,True,False,False,False,False,0.0,0.0,False,"<Thinking>
I have identified four tasks in this stream: WALNUT, METRONOME, CATAPULT, LANTERN and DA
</Thinking>
<Final_Answers>
- Task WALNUT: BREAD
- Task METRONOME: RICE
- Task CATAPULT: SPOON
- Task LANTERN: CHERRY
- Task DAFFODIL: QUEBEC INDIA OSCAR</Final_Answers>",gemma3:12b,12.0,Gemma3,95.5
5,non-ordered,True,True,24.0,,,,,trivial,cot,15,5,QUARRY,"[4, 5, 8, 9, 15]",0.0,1024,512.0,2114,3,HOTEL GOLF VICTOR,,,,0,False,True,True,1.0,"[{""name"": ""TROMBONE"", ""kind"": ""load"", ""packet"": 4, ""rank"": 1, ""answer"": ""BLACK"", ""reported"": true, ""response"": ""BLACK"", ""correct"": true, ""correct_lenient"": true, ""answer_migrated"": false}, {""name"": ""YOGURT"", ""kind"": ""load"", ""packet"": 5, ""rank"": 2, ""answer"": ""BEAR"", ""reported"": true, ""response"": ""BEAR"", ""correct"": true, ""correct_lenient"": true, ""answer_migrated"": false}, {""name"": ""EGGPLANT"", ""kind"": ""load"", ""packet"": 8, ""rank"": 3, ""answer"": ""MAROON"", ""reported"": true, ""response"": ""MAROON"", ""correct"": true, ""correct_lenient"": true, ""answer_migrated"": false}, {""name"": ""PISTACHIO"", ""kind"": ""load"", ""packet"": 9, ""rank"": 4, ""answer"": ""VIOLET"", ""reported"": true, ""response"": ""VIOLET"", ""correct"": true, ""correct_lenient"": true, ""answer_migrated"": false}, {""name"": ""QUARRY"", ""kind"": ""passphrase"", ""packet"": 15, ""rank"": 5, ""answer"": ""HOTEL GOLF VICTOR"", ""reported"": true, ""response"": ""HOTEL GOLF VICTOR</Final_Answers>"", ""correct"": false, ""correct_lenient"": true, ""answer_migrated"": false}]",5,0,0.0,24.0,True,False,False,False,False,1.0,0.0,False,"<Thinking>
I have identified five tasks in this data stream. Packet 04 is Task TROMBONE; I must report
</Thinking>
<Final_Answers>
- Task TROMBONE: BLACK
- Task YOGURT: BEAR
- Task EGGPLANT: MAROON
- Task PISTACHIO: VIOLET
- Task QUARRY: HOTEL GOLF VICTOR</Final_Answers>",gemma3:12b,12.0,Gemma3,95.5
5,non-ordered,True,True,24.0,,,,,trivial,cot,13,5,SAXOPHONE,"[5, 7, 8, 11, 13]",0.0,1024,512.0,3114,3,HOTEL INDIA ROMEO,,,,0,False,True,True,1.0,"[{""name"": ""BONSAI"", ""kind"": ""load"", ""packet"": 5, ""rank"": 1, ""answer"": ""FOX"", ""reported"": true, ""response"": ""FOX"", ""correct"": true, ""correct_lenient"": true, ""answer_migrated"": false}, {""name"": ""PARSNIP"", ""kind"": ""load"", ""packet"": 7, ""rank"": 2, ""answer"": ""CAT"", ""reported"": true, ""response"": ""CAT"", ""correct"": true, ""correct_lenient"": true, ""answer_migrated"": false}, {""name"": ""PELICAN"", ""kind"": ""load"", ""packet"": 8, ""rank"": 3, ""answer"": ""ONION"", ""reported"": true, ""response"": ""ONION"", ""correct"": true, ""correct_lenient"": true, ""answer_migrated"": false}, {""name"": ""DUMPLING"", ""kind"": ""load"", ""packet"": 11, ""rank"": 4, ""answer"": ""GRAPE"", ""reported"": true, ""response"": ""GRAPE"", ""correct"": true, ""correct_lenient"": true, ""answer_migrated"": false}, {""name"": ""SAXOPHONE"", ""kind"": ""passphrase"", ""packet"": 13, ""rank"": 5, ""answer"": ""HOTEL INDIA ROMEO"", ""reported"": true, ""response"": ""HOTEL INDIA ROMEO</Final_Answers>"", ""correct"": false, ""correct_lenient"": true, ""answer_migrated"": false}]",5,0,0.0,24.0,True,False,False,False,False,1.0,0.0,False,"<Thinking>
I have identified four tasks in this stream. Packet 05 is Task BONSAI; it requires me to report
</Thinking>
<Final_Answers>
- Task BONSAI: FOX
- Task PARSNIP: CAT
- Task PELICAN: ONION
- Task DUMPLING: GRAPE
- Task SAXOPHONE: HOTEL INDIA ROMEO</Final_Answers>",gemma3:12b,12.0,Gemma3,95.5
5,non-ordered,True,True,24.0,,,,,trivial,cot,15,5,HAMMOCK,"[1, 2, 4, 9, 15]",0.0,1024,512.0,4114,3,ALPHA XRAY WHISKEY,,,,0,False,True,True,1.0,"[{""name"": ""HARMONICA"", ""kind"": ""load"", ""packet"": 1, ""rank"": 1, ""answer"": ""BLUE"", ""reported"": true, ""response"": ""BLUE"", ""correct"": true, ""correct_lenient"": true, ""answer_migrated"": false}, {""name"": ""UNICYCLE"", ""kind"": ""load"", ""packet"": 2, ""rank"": 2, ""answer"": ""WOLF"", ""reported"": true, ""response"": ""WOLF"", ""correct"": true, ""correct_lenient"": true, ""answer_migrated"": false}, {""name"": ""KUMQUAT"", ""kind"": ""load"", ""packet"": 4, ""rank"": 3, ""answer"": ""CRAB"", ""reported"": true, ""response"": ""CRAB"", ""correct"": true, ""correct_lenient"": true, ""answer_migrated"": false}, {""name"": ""GONDOLA"", ""kind"": ""load"", ""packet"": 9, ""rank"": 4, ""answer"": ""LAMP"", ""reported"": true, ""response"": ""LAMP"", ""correct"": true, ""correct_lenient"": true, ""answer_migrated"": false}, {""name"": ""HAMMOCK"", ""kind"": ""passphrase"", ""packet"": 15, ""rank"": 5, ""answer"": ""ALPHA XRAY WHISKEY"", ""reported"": true, ""response"": ""ALPHA XRAY WHISKEY</Final_Answers>"", ""correct"": false, ""correct_lenient"": true, ""answer_migrated"": false}]",5,0,0.0,24.0,True,False,False,False,False,2.0,0.0,False,"<Thinking>
Packet 01 is Task HARMONICA: The instructions say to report the word BLUE. Packet 02 is
</Thinking>
<Final_Answers>
- Task HARMONICA: BLUE
- Task UNICYCLE: WOLF
- Task KUMQUAT: CRAB
- Task GONDOLA: LAMP
- Task HAMMOCK: ALPHA XRAY WHISKEY</Final_Answers>",gemma3:12b,12.0,Gemma3,95.5
5,non-ordered,True,True,24.0,,,,,trivial,cot,14,5,BLIZZARD,"[4, 10, 11, 12, 14]",0.0,1024,512.0,5114,3,GOLF QUEBEC OSCAR,,,,0,False,True,True,1.0,"[{""name"": ""LANTERN"", ""kind"": ""load"", ""packet"": 4, ""rank"": 1, ""answer"": ""GOOSE"", ""reported"": true, ""response"": ""GOOSE"", ""correct"": true, ""correct_lenient"": true, ""answer_migrated"": false}, {""name"": ""JIGSAW"", ""kind"": ""load"", ""packet"": 10, ""rank"": 2, ""answer"": ""SEAL"", ""reported"": true, ""response"": ""SEAL"", ""correct"": true, ""correct_lenient"": true, ""answer_migrated"": false}, {""name"": ""ORIGAMI"", ""kind"": ""load"", ""packet"": 11, ""rank"": 3, ""answer"": ""TABLE"", ""reported"": true, ""response"": ""TABLE"", ""correct"": true, ""correct_lenient"": true, ""answer_migrated"": false}, {""name"": ""QUICKSAND"", ""kind"": ""load"", ""packet"": 12, ""rank"": 4, ""answer"": ""BLUE"", ""reported"": true, ""response"": ""BLUE"", ""correct"": true, ""correct_lenient"": true, ""answer_migrated"": false}, {""name"": ""BLIZZARD"", ""kind"": ""passphrase"", ""packet"": 14, ""rank"": 5, ""answer"": ""GOLF QUEBEC OSCAR"", ""reported"": true, ""response"": ""GOLF QUEBEC OSCAR</Final_Answers>"", ""correct"": false, ""correct_lenient"": true, ""answer_migrated"": false}]",5,0,0.0,24.0,True,False,False,False,False,2.0,0.0,False,"<Thinking>
Packet 04 is Task LANTERN: The instructions state to report the word GOOSE. Packet 10 is
</Thinking>
<Final_Answers>
- Task LANTERN: GOOSE
- Task JIGSAW: SEAL
- Task ORIGAMI: TABLE
- Task QUICKSAND: BLUE
- Task BLIZZARD: GOLF QUEBEC OSCAR</Final_Answers>",gemma3:12b,12.0,Gemma3,95.5
5,non-ordered,True,True,24.0,,,,,trivial,cot,14,5,CACTUS,"[7, 9, 11, 12, 14]",0.0,1024,512.0,6114,3,CHARLIE SIERRA ECHO,,,,0,False,True,True,1.0,"[{""name"": ""ROOSTER"", ""kind"": ""load"", ""packet"": 7, ""rank"": 1, ""answer"": ""DOOR"", ""reported"": true, ""response"": ""DOOR"", ""correct"": true, ""correct_lenient"": true, ""answer_migrated"": false}, {""name"": ""SAXOPHONE"", ""kind"": ""load"", ""packet"": 9, ""rank"": 2, ""answer"": ""ROOT"", ""reported"": true, ""response"": ""ROOT"", ""correct"": true, ""correct_lenient"": true, ""answer_migrated"": false}, {""name"": ""JIGSAW"", ""kind"": ""load"", ""packet"": 11, ""rank"": 3, ""answer"": ""CRAB"", ""reported"": true, ""response"": ""CRAB"", ""correct"": true, ""correct_lenient"": true, ""answer_migrated"": false}, {""name"": ""ZEPPELIN"", ""kind"": ""load"", ""packet"": 12, ""rank"": 4, ""answer"": ""LEMON"", ""reported"": true, ""response"": ""LEMON"", ""correct"": true, ""correct_lenient"": true, ""answer_migrated"": false}, {""name"": ""CACTUS"", ""kind"": ""passphrase"", ""packet"": 14, ""rank"": 5, ""answer"": ""CHARLIE SIERRA ECHO"", ""reported"": true, ""response"": ""CHARLIE SIERRA ECHO</Final_Answers>"", ""correct"": false, ""correct_lenient"": true, ""answer_migrated"": false}]",5,0,0.0,24.0,True,False,False,False,False,1.0,0.0,False,"<Thinking>
I have identified four tasks in this stream. Packet 07 is Task ROOSTER; I must report the word
</Thinking>
<Final_Answers>
- Task ROOSTER: DOOR
- Task SAXOPHONE: ROOT
- Task JIGSAW: CRAB
- Task ZEPPELIN: LEMON
- Task CACTUS: CHARLIE SIERRA ECHO</Final_Answers>",gemma3:12b,12.0,Gemma3,95.5
5,non-ordered,True,True,24.0,,,,,trivial,cot,15,5,VINEYARD,"[2, 3, 6, 13, 15]",0.0,1024,512.0,7114,3,HOTEL PAPA FOXTROT,,,,0,False,True,True,1.0,"[{""name"": ""PELICAN"", ""kind"": ""load"", ""packet"": 2, ""rank"": 1, ""answer"": ""CLOUD"", ""reported"": true, ""response"": ""CLOUD"", ""correct"": true, ""correct_lenient"": true, ""answer_migrated"": false}, {""name"": ""DAFFODIL"", ""kind"": ""load"", ""packet"": 3, ""rank"": 2, ""answer"": ""GARLIC"", ""reported"": true, ""response"": ""GARLIC"", ""correct"": true, ""correct_lenient"": true, ""answer_migrated"": false}, {""name"": ""UKULELE"", ""kind"": ""load"", ""packet"": 6, ""rank"": 3, ""answer"": ""CYAN"", ""reported"": true, ""response"": ""CYAN"", ""correct"": true, ""correct_lenient"": true, ""answer_migrated"": false}, {""name"": ""VOLCANO"", ""kind"": ""load"", ""packet"": 13, ""rank"": 4, ""answer"": ""OWL"", ""reported"": true, ""response"": ""OWL"", ""correct"": true, ""correct_lenient"": true, ""answer_migrated"": false}, {""name"": ""VINEYARD"", ""kind"": ""passphrase"", ""packet"": 15, ""rank"": 5, ""answer"": ""HOTEL PAPA FOXTROT"", ""reported"": true, ""response"": ""HOTEL PAPA FOXTROT</Final_Answers>"", ""correct"": false, ""correct_lenient"": true, ""answer_migrated"": false}]",5,0,0.0,24.0,True,False,False,False,False,1.0,0.0,False,"<Thinking>
I have identified four tasks in this stream. Packet 02 is Task PELICAN; I must report the word CL
</Thinking>
<Final_Answers>
- Task PELICAN: CLOUD
- Task DAFFODIL: GARLIC
- Task UKULELE: CYAN
- Task VOLCANO: OWL
- Task VINEYARD: HOTEL PAPA FOXTROT</Final_Answers>",gemma3:12b,12.0,Gemma3,95.5
5,non-ordered,False,True,24.0,,,,,semantic_4,cot,5,1,EMERALD,"[5, 8, 10, 11, 13]",0.0,1024,512.0,135,3,VICTOR LIMA UNIFORM,,,,0,True,True,True,0.5,"[{""name"": ""EMERALD"", ""kind"": ""passphrase"", ""packet"": 5, ""rank"": 1, ""answer"": ""VICTOR LIMA UNIFORM"", ""reported"": true, ""response"": ""VICTOR LIMA UNIFORM"", ""correct"": true, ""correct_lenient"": true, ""answer_migrated"": false}, {""name"": ""JIGSAW"", ""kind"": ""load"", ""packet"": 8, ""rank"": 2, ""answer"": ""VALID"", ""reported"": true, ""response"": ""VALID"", ""correct"": true, ""correct_lenient"": true, ""answer_migrated"": false}, {""name"": ""PYRAMID"", ""kind"": ""load"", ""packet"": 10, ""rank"": 3, ""answer"": ""VALID"", ""reported"": true, ""response"": ""VALID"", ""correct"": true, ""correct_lenient"": true, ""answer_migrated"": false}, {""name"": ""WALNUT"", ""kind"": ""load"", ""packet"": 11, ""rank"": 4, ""answer"": ""VALID"", ""reported"": true, ""response"": ""INVALID"", ""correct"": false, ""correct_lenient"": false, ""answer_migrated"": true}, {""name"": ""RASPBERRY"", ""kind"": ""load"", ""packet"": 13, ""rank"": 5, ""answer"": ""INVALID"", ""reported"": true, ""response"": ""INVALID</Final_Answers>"", ""correct"": false, ""correct_lenient"": true, ""answer_migrated"": false}]",5,0,0.2,24.0,True,False,False,False,False,1.0,0.0,False,"<Thinking>
Packet 05 is Task EMERALD: I must copy-paste the three words ""VICTOR LIMA UN
</Thinking>
<Final_Answers>
- Task EMERALD: VICTOR LIMA UNIFORM
- Task JIGSAW: VALID
- Task PYRAMID: VALID
- Task WALNUT: INVALID
- Task RASPBERRY: INVALID</Final_Answers>",gemma3:12b,12.0,Gemma3,95.5
5,non-ordered,False,True,24.0,,,,,semantic_4,cot,10,4,GONDOLA,"[4, 5, 9, 10, 15]",0.0,1024,512.0,1135,3,ROMEO OSCAR ECHO,,,,0,True,True,True,0.5,"[{""name"": ""OBELISK"", ""kind"": ""load"", ""packet"": 4, ""rank"": 1, ""answer"": ""VALID"", ""reported"": true, ""response"": ""VALID"", ""correct"": true, ""correct_lenient"": true, ""answer_migrated"": false}, {""name"": ""METRONOME"", ""kind"": ""load"", ""packet"": 5, ""rank"": 2, ""answer"": ""VALID"", ""reported"": true, ""response"": ""INVALID"", ""correct"": false, ""correct_lenient"": false, ""answer_migrated"": true}, {""name"": ""PYRAMID"", ""kind"": ""load"", ""packet"": 9, ""rank"": 3, ""answer"": ""VALID"", ""reported"": true, ""response"": ""VALID"", ""correct"": true, ""correct_lenient"": true, ""answer_migrated"": false}, {""name"": ""GONDOLA"", ""kind"": ""passphrase"", ""packet"": 10, ""rank"": 4, ""answer"": ""ROMEO OSCAR ECHO"", ""reported"": true, ""response"": ""ROMEO OSCAR ECHO"", ""correct"": true, ""correct_lenient"": true, ""answer_migrated"": false}, {""name"": ""VOLCANO"", ""kind"": ""load"", ""packet"": 15, ""rank"": 5, ""answer"": ""INVALID"", ""reported"": true, ""response"": ""VALID</Final_Answers>"", ""correct"": false, ""correct_lenient"": false, ""answer_migrated"": false}]",5,0,0.2,24.0,True,False,False,False,False,1.0,0.0,False,"<Thinking>
Packet 04 is Task OBELISK. The argument can be represented as follows: Some S are Y, All
</Thinking>
<Final_Answers>
- Task OBELISK: VALID
- Task METRONOME: INVALID
- Task PYRAMID: VALID
- Task GONDOLA: ROMEO OSCAR ECHO
- Task VOLCANO: VALID</Final_Answers>",gemma3:12b,12.0,Gemma3,95.5
5,non-ordered,False,True,24.0,,,,,semantic_4,cot,13,3,GARGOYLE,"[3, 10, 13, 14, 15]",0.0,1024,512.0,2135,3,TANGO ALPHA YANKEE,,,,0,True,True,True,0.25,"[{""name"": ""SCARECROW"", ""kind"": ""load"", ""packet"": 3, ""rank"": 1, ""answer"": ""R"", ""reported"": true, ""response"": ""W"", ""correct"": false, ""correct_lenient"": false, ""answer_migrated"": true}, {""name"": ""KETTLE"", ""kind"": ""load"", ""packet"": 10, ""rank"": 2, ""answer"": ""INVALID"", ""reported"": true, ""response"": ""INVALID"", ""correct"": true, ""correct_lenient"": true, ""answer_migrated"": false}, {""name"": ""GARGOYLE"", ""kind"": ""passphrase"", ""packet"": 13, ""rank"": 3, ""answer"": ""TANGO ALPHA YANKEE"", ""reported"": true, ""response"": ""TANGO ALPHA YANKEE"", ""correct"": true, ""correct_lenient"": true, ""answer_migrated"": false}, {""name"": ""HEDGEHOG"", ""kind"": ""load"", ""packet"": 14, ""rank"": 4, ""answer"": ""W"", ""reported"": true, ""response"": ""U"", ""correct"": false, ""correct_lenient"": false, ""answer_migrated"": false}, {""name"": ""QUILT"", ""kind"": ""load"", ""packet"": 15, ""rank"": 5, ""answer"": ""INVALID"", ""reported"": true, ""response"": ""VALID</Final_Answers>"", ""correct"": false, ""correct_lenient"": false, ""answer_migrated"": false}]",5,0,0.2,24.0,True,False,False,False,False,1.0,0.0,False,"<Thinking>
Packet 03 is Task SCARECROW. We have these finishing order relationships: Q before T, W before R
</Thinking>
<Final_Answers>
- Task SCARECROW: W
- Task KETTLE: INVALID
- Task GARGOYLE: TANGO ALPHA YANKEE
- Task HEDGEHOG: U
- Task QUILT: VALID</Final_Answers>",gemma3:12b,12.0,Gemma3,95.5
5,non-ordered,False,True,24.0,,,,,semantic_4,cot,10,4,PLATYPUS,"[7, 8, 9, 10, 15]",0.0,1024,512.0,3135,3,NOVEMBER SIERRA ROMEO,,,,0,True,True,True,0.25,"[{""name"": ""OBELISK"", ""kind"": ""load"", ""packet"": 7, ""rank"": 1, ""answer"": ""INVALID"", ""reported"": true, ""response"": ""VALID"", ""correct"": false, ""correct_lenient"": false, ""answer_migrated"": true}, {""name"": ""WALNUT"", ""kind"": ""load"", ""packet"": 8, ""rank"": 2, ""answer"": ""INVALID"", ""reported"": true, ""response"": ""INVALID"", ""correct"": true, ""correct_lenient"": true, ""answer_migrated"": false}, {""name"": ""CACTUS"", ""kind"": ""load"", ""packet"": 9, ""rank"": 3, ""answer"": ""VALID"", ""reported"": true, ""response"": ""INVALID"", ""correct"": false, ""correct_lenient"": false, ""answer_migrated"": true}, {""name"": ""PLATYPUS"", ""kind"": ""passphrase"", ""packet"": 10, ""rank"": 4, ""answer"": ""NOVEMBER SIERRA ROMEO"", ""reported"": true, ""response"": ""NOVEMBER SIERRA ROMEO"", ""correct"": true, ""correct_lenient"": true, ""answer_migrated"": false}, {""name"": ""HAMMOCK"", ""kind"": ""load"", ""packet"": 15, ""rank"": 5, ""answer"": ""INVALID"", ""reported"": true, ""response"": ""VALID</Final_Answers>"", ""correct"": false, ""correct_lenient"": false, ""answer_migrated"": false}]",5,0,0.4,24.0,True,False,False,False,False,1.0,0.0,False,"<Thinking>
Packet 07 is Task OBELISK. This is a logic puzzle. Let's analyze the statements: Some
</Thinking>
<Final_Answers>
- Task OBELISK: VALID
- Task WALNUT: INVALID
- Task CACTUS: INVALID
- Task PLATYPUS: NOVEMBER SIERRA ROMEO
- Task HAMMOCK: VALID</Final_Answers>",gemma3:12b,12.0,Gemma3,95.5
5,non-ordered,False,True,24.0,,,,,semantic_4,cot,8,4,URCHIN,"[1, 3, 6, 8, 11]",0.0,1024,512.0,4135,3,INDIA WHISKEY VICTOR,,,,0,False,False,False,0.25,"[{""name"": ""QUILT"", ""kind"": ""load"", ""packet"": 1, ""rank"": 1, ""answer"": ""YES"", ""reported"": true, ""response"": ""YES"", ""correct"": true, ""correct_lenient"": true, ""answer_migrated"": false}, {""name"": ""VOLCANO"", ""kind"": ""load"", ""packet"": 3, ""rank"": 2, ""answer"": ""INVALID"", ""reported"": false, ""response"": null, ""correct"": false, ""correct_lenient"": false, ""answer_migrated"": false}, {""name"": ""TROMBONE"", ""kind"": ""load"", ""packet"": 6, ""rank"": 3, ""answer"": ""YES"", ""reported"": false, ""response"": null, ""correct"": false, ""correct_lenient"": false, ""answer_migrated"": false}, {""name"": ""URCHIN"", ""kind"": ""passphrase"", ""packet"": 8, ""rank"": 4, ""answer"": ""INDIA WHISKEY VICTOR"", ""reported"": false, ""response"": null, ""correct"": false, ""correct_lenient"": false, ""answer_migrated"": false}, {""name"": ""ORIGAMI"", ""kind"": ""load"", ""packet"": 11, ""rank"": 5, ""answer"": ""INVALID"", ""reported"": false, ""response"": null, ""correct"": false, ""correct_lenient"": false, ""answer_migrated"": false}]",1,0,0.0,24.0,True,False,True,False,False,1.0,0.0,False,"<Thinking>
Packet 01 is Task QUILT: We have a chain of inequalities: Leo < Frank < Kira < Iris
</Thinking>
<Final_Answers>
- Task QUILT: YES
</Final_Answers>",gemma3:12b,12.0,Gemma3,95.5
5,non-ordered,False,True,24.0,,,,,semantic_4,cot,5,4,TAPESTRY,"[1, 2, 3, 5, 13]",0.0,1024,512.0,5135,3,INDIA HOTEL QUEBEC,,,,0,False,False,False,0.25,"[{""name"": ""FLAMINGO"", ""kind"": ""load"", ""packet"": 1, ""rank"": 1, ""answer"": ""YES"", ""reported"": true, ""response"": ""YES"", ""correct"": true, ""correct_lenient"": true, ""answer_migrated"": false}, {""name"": ""DANDELION"", ""kind"": ""load"", ""packet"": 2, ""rank"": 2, ""answer"": ""P"", ""reported"": false, ""response"": null, ""correct"": false, ""correct_lenient"": false, ""answer_migrated"": false}, {""name"": ""YOGURT"", ""kind"": ""load"", ""packet"": 3, ""rank"": 3, ""answer"": ""VALID"", ""reported"": false, ""response"": null, ""correct"": false, ""correct_lenient"": false, ""answer_migrated"": false}, {""name"": ""TAPESTRY"", ""kind"": ""passphrase"", ""packet"": 5, ""rank"": 4, ""answer"": ""INDIA HOTEL QUEBEC"", ""reported"": false, ""response"": null, ""correct"": false, ""correct_lenient"": false, ""answer_migrated"": false}, {""name"": ""WALNUT"", ""kind"": ""load"", ""packet"": 13, ""rank"": 5, ""answer"": ""YES"", ""reported"": false, ""response"": null, ""correct"": false, ""correct_lenient"": false, ""answer_migrated"": false}]",1,0,0.0,24.0,True,False,True,False,False,1.0,0.0,False,"<Thinking>
Packet 01 is Task FLAMINGO. The order of ages is Olive > Mona > Dave > Tom > Pia
</Thinking>
<Final_Answers>
- Task FLAMINGO: YES
</Final_Answers>",gemma3:12b,12.0,Gemma3,95.5
5,non-ordered,False,True,24.0,,,,,semantic_4,cot,8,2,OBELISK,"[2, 8, 10, 14, 15]",0.0,1024,512.0,6135,3,ALPHA CHARLIE BRAVO,,,,0,True,True,True,0.0,"[{""name"": ""MONGOOSE"", ""kind"": ""load"", ""packet"": 2, ""rank"": 1, ""answer"": ""R"", ""reported"": true, ""response"": ""W"", ""correct"": false, ""correct_lenient"": false, ""answer_migrated"": false}, {""name"": ""OBELISK"", ""kind"": ""passphrase"", ""packet"": 8, ""rank"": 2, ""answer"": ""ALPHA CHARLIE BRAVO"", ""reported"": true, ""response"": ""ALPHA CHARLIE BRAVO"", ""correct"": true, ""correct_lenient"": true, ""answer_migrated"": false}, {""name"": ""XYLOPHONE"", ""kind"": ""load"", ""packet"": 10, ""rank"": 3, ""answer"": ""INVALID"", ""reported"": true, ""response"": ""VALID"", ""correct"": false, ""correct_lenient"": false, ""answer_migrated"": false}, {""name"": ""KAYAK"", ""kind"": ""load"", ""packet"": 14, ""rank"": 4, ""answer"": ""INVALID"", ""reported"": true, ""response"": ""VALID"", ""correct"": false, ""correct_lenient"": false, ""answer_migrated"": false}, {""name"": ""PORCUPINE"", ""kind"": ""load"", ""packet"": 15, ""rank"": 5, ""answer"": ""INVALID"", ""reported"": true, ""response"": ""VALID</Final_Answers>"", ""correct"": false, ""correct_lenient"": false, ""answer_migrated"": false}]",5,0,0.0,24.0,True,False,False,False,False,1.0,0.0,False,"<Thinking>
Packet 02 is Task MONGOOSE. We need to determine second place based on these finishing order clues: Q
</Thinking>
<Final_Answers>
- Task MONGOOSE: W
- Task OBELISK: ALPHA CHARLIE BRAVO
- Task XYLOPHONE: VALID
- Task KAYAK: VALID
- Task PORCUPINE: VALID</Final_Answers>",gemma3:12b,12.0,Gemma3,95.5
5,non-ordered,False,True,24.0,,,,,semantic_4,cot,8,4,METRONOME,"[1, 5, 7, 8, 11]",0.0,1024,512.0,7135,3,XRAY KILO FOXTROT,,,,0,True,True,True,0.0,"[{""name"": ""MARBLE"", ""kind"": ""load"", ""packet"": 1, ""rank"": 1, ""answer"": ""INVALID"", ""reported"": true, ""response"": ""VALID"", ""correct"": false, ""correct_lenient"": false, ""answer_migrated"": false}, {""name"": ""VOLCANO"", ""kind"": ""load"", ""packet"": 5, ""rank"": 2, ""answer"": ""INVALID"", ""reported"": true, ""response"": ""VALID"", ""correct"": false, ""correct_lenient"": false, ""answer_migrated"": false}, {""name"": ""KAYAK"", ""kind"": ""load"", ""packet"": 7, ""rank"": 3, ""answer"": ""INVALID"", ""reported"": true, ""response"": ""VALID"", ""correct"": false, ""correct_lenient"": false, ""answer_migrated"": false}, {""name"": ""METRONOME"", ""kind"": ""passphrase"", ""packet"": 8, ""rank"": 4, ""answer"": ""XRAY KILO FOXTROT"", ""reported"": true, ""response"": ""XRAY KILO FOXTROT"", ""correct"": true, ""correct_lenient"": true, ""answer_migrated"": false}, {""name"": ""JIGSAW"", ""kind"": ""load"", ""packet"": 11, ""rank"": 5, ""answer"": ""R"", ""reported"": true, ""response"": ""W</Final_Answers>"", ""correct"": false, ""correct_lenient"": false, ""answer_migrated"": false}]",5,0,0.0,24.0,True,False,False,False,False,1.0,0.0,False,"<Thinking>
Packet 01 is Task MARBLE. This is a logic puzzle involving sets and relationships. We are given that some
</Thinking>
<Final_Answers>
- Task MARBLE: VALID
- Task VOLCANO: VALID
- Task KAYAK: VALID
- Task METRONOME: XRAY KILO FOXTROT
- Task JIGSAW: W</Final_Answers>",gemma3:12b,12.0,Gemma3,95.5
5,non-ordered,True,True,24.0,,,,,semantic_4,cot,13,5,PYRAMID,"[5, 8, 10, 11, 13]",0.0,1024,512.0,135,3,VICTOR LIMA UNIFORM,,,,0,False,True,True,0.75,"[{""name"": ""MONGOOSE"", ""kind"": ""load"", ""packet"": 5, ""rank"": 1, ""answer"": ""VALID"", ""reported"": true, ""response"": ""INVALID"", ""correct"": false, ""correct_lenient"": false, ""answer_migrated"": false}, {""name"": ""NUTMEG"", ""kind"": ""load"", ""packet"": 8, ""rank"": 2, ""answer"": ""VALID"", ""reported"": true, ""response"": ""VALID"", ""correct"": true, ""correct_lenient"": true, ""answer_migrated"": false}, {""name"": ""EMERALD"", ""kind"": ""load"", ""packet"": 10, ""rank"": 3, ""answer"": ""VALID"", ""reported"": true, ""response"": ""VALID"", ""correct"": true, ""correct_lenient"": true, ""answer_migrated"": false}, {""name"": ""JIGSAW"", ""kind"": ""load"", ""packet"": 11, ""rank"": 4, ""answer"": ""VALID"", ""reported"": true, ""response"": ""VALID"", ""correct"": true, ""correct_lenient"": true, ""answer_migrated"": false}, {""name"": ""PYRAMID"", ""kind"": ""passphrase"", ""packet"": 13, ""rank"": 5, ""answer"": ""VICTOR LIMA UNIFORM"", ""reported"": true, ""response"": ""VICTOR LIMA UNIFORM</Final_Answers>"", ""correct"": false, ""correct_lenient"": true, ""answer_migrated"": false}]",5,0,0.0,24.0,True,False,False,False,False,1.0,0.0,False,"<Thinking>
Packet 05 is Task MONGOOSE. The logic states that no snicks are florks, and some sk
</Thinking>
<Final_Answers>
- Task MONGOOSE: INVALID
- Task NUTMEG: VALID
- Task EMERALD: VALID
- Task JIGSAW: VALID
- Task PYRAMID: VICTOR LIMA UNIFORM</Final_Answers>",gemma3:12b,12.0,Gemma3,95.5
5,non-ordered,True,True,24.0,,,,,semantic_4,cot,15,5,GONDOLA,"[4, 5, 9, 10, 15]",0.0,1024,512.0,1135,3,ROMEO OSCAR ECHO,,,,0,False,True,True,0.25,"[{""name"": ""ICEBERG"", ""kind"": ""load"", ""packet"": 4, ""rank"": 1, ""answer"": ""INVALID"", ""reported"": true, ""response"": ""VALID"", ""correct"": false, ""correct_lenient"": false, ""answer_migrated"": true}, {""name"": ""OBELISK"", ""kind"": ""load"", ""packet"": 5, ""rank"": 2, ""answer"": ""VALID"", ""reported"": true, ""response"": ""INVALID"", ""correct"": false, ""correct_lenient"": false, ""answer_migrated"": true}, {""name"": ""METRONOME"", ""kind"": ""load"", ""packet"": 9, ""rank"": 3, ""answer"": ""VALID"", ""reported"": true, ""response"": ""INVALID"", ""correct"": false, ""correct_lenient"": false, ""answer_migrated"": true}, {""name"": ""PYRAMID"", ""kind"": ""load"", ""packet"": 10, ""rank"": 4, ""answer"": ""VALID"", ""reported"": true, ""response"": ""VALID"", ""correct"": true, ""correct_lenient"": true, ""answer_migrated"": false}, {""name"": ""GONDOLA"", ""kind"": ""passphrase"", ""packet"": 15, ""rank"": 5, ""answer"": ""ROMEO OSCAR ECHO"", ""reported"": true, ""response"": ""ROMEO OSCAR ECHO</Final_Answers>"", ""correct"": false, ""correct_lenient"": true, ""answer_migrated"": false}]",5,0,0.6,24.0,True,False,False,False,False,1.0,0.0,False,"<Thinking>
Packet 04 is Task ICEBERG. This is a logic puzzle. Let's analyze the statements: ""Some
</Thinking>
<Final_Answers>
- Task ICEBERG: VALID
- Task OBELISK: INVALID
- Task METRONOME: INVALID
- Task PYRAMID: VALID
- Task GONDOLA: ROMEO OSCAR ECHO</Final_Answers>",gemma3:12b,12.0,Gemma3,95.5
5,non-ordered,True,True,24.0,,,,,semantic_4,cot,15,5,HEDGEHOG,"[3, 10, 13, 14, 15]",0.0,1024,512.0,2135,3,TANGO ALPHA YANKEE,,,,0,False,True,True,0.0,"[{""name"": ""HAMMOCK"", ""kind"": ""load"", ""packet"": 3, ""rank"": 1, ""answer"": ""VALID"", ""reported"": true, ""response"": ""INVALID"", ""correct"": false, ""correct_lenient"": false, ""answer_migrated"": true}, {""name"": ""SCARECROW"", ""kind"": ""load"", ""packet"": 10, ""rank"": 2, ""answer"": ""R"", ""reported"": true, ""response"": ""V"", ""correct"": false, ""correct_lenient"": false, ""answer_migrated"": false}, {""name"": ""KETTLE"", ""kind"": ""load"", ""packet"": 13, ""rank"": 3, ""answer"": ""INVALID"", ""reported"": true, ""response"": ""VALID"", ""correct"": false, ""correct_lenient"": false, ""answer_migrated"": true}, {""name"": ""GARGOYLE"", ""kind"": ""load"", ""packet"": 14, ""rank"": 4, ""answer"": ""W"", ""reported"": true, ""response"": ""Q"", ""correct"": false, ""correct_lenient"": false, ""answer_migrated"": false}, {""name"": ""HEDGEHOG"", ""kind"": ""passphrase"", ""packet"": 15, ""rank"": 5, ""answer"": ""TANGO ALPHA YANKEE"", ""reported"": true, ""response"": ""TANGO ALPHA YANKEE</Final_Answers>"", ""correct"": false, ""correct_lenient"": true, ""answer_migrated"": false}]",5,0,0.4,24.0,True,False,False,False,False,1.0,0.0,False,"<Thinking>
Packet 03 is Task HAMMOCK. We are given that all snicks are trels, all trels
</Thinking>
<Final_Answers>
- Task HAMMOCK: INVALID
- Task SCARECROW: V
- Task KETTLE: VALID
- Task GARGOYLE: Q
- Task HEDGEHOG: TANGO ALPHA YANKEE</Final_Answers>",gemma3:12b,12.0,Gemma3,95.5
5,non-ordered,True,True,24.0,,,,,semantic_4,cot,15,5,PLATYPUS,"[7, 8, 9, 10, 15]",0.0,1024,512.0,3135,3,NOVEMBER SIERRA ROMEO,,,,0,False,True,True,0.25,"[{""name"": ""WOMBAT"", ""kind"": ""load"", ""packet"": 7, ""rank"": 1, ""answer"": ""INVALID"", ""reported"": true, ""response"": ""INVALID"", ""correct"": true, ""correct_lenient"": true, ""answer_migrated"": false}, {""name"": ""OBELISK"", ""kind"": ""load"", ""packet"": 8, ""rank"": 2, ""answer"": ""INVALID"", ""reported"": true, ""response"": ""VALID"", ""correct"": false, ""correct_lenient"": false, ""answer_migrated"": true}, {""name"": ""WALNUT"", ""kind"": ""load"", ""packet"": 9, ""rank"": 3, ""answer"": ""INVALID"", ""reported"": true, ""response"": ""VALID"", ""correct"": false, ""correct_lenient"": false, ""answer_migrated"": true}, {""name"": ""CACTUS"", ""kind"": ""load"", ""packet"": 10, ""rank"": 4, ""answer"": ""VALID"", ""reported"": true, ""response"": ""INVALID"", ""correct"": false, ""correct_lenient"": false, ""answer_migrated"": true}, {""name"": ""PLATYPUS"", ""kind"": ""passphrase"", ""packet"": 15, ""rank"": 5, ""answer"": ""NOVEMBER SIERRA ROMEO"", ""reported"": true, ""response"": ""NOVEMBER SIERRA ROMEO</Final_Answers>"", ""correct"": false, ""correct_lenient"": true, ""answer_migrated"": false}]",5,0,0.6,24.0,True,False,False,False,False,1.0,0.0,False,"<Thinking>
Packet 07 is Task WOMBAT. We are given that all drovs are pims, all snicks are
</Thinking>
<Final_Answers>
- Task WOMBAT: INVALID
- Task OBELISK: VALID
- Task WALNUT: VALID
- Task CACTUS: INVALID
- Task PLATYPUS: NOVEMBER SIERRA ROMEO</Final_Answers>",gemma3:12b,12.0,Gemma3,95.5
5,non-ordered,True,True,24.0,,,,,semantic_4,cot,11,5,URCHIN,"[1, 3, 6, 8, 11]",0.0,1024,512.0,4135,3,INDIA WHISKEY VICTOR,,,,0,False,True,True,0.75,"[{""name"": ""ICEBERG"", ""kind"": ""load"", ""packet"": 1, ""rank"": 1, ""answer"": ""INVALID"", ""reported"": true, ""response"": ""INVALID"", ""correct"": true, ""correct_lenient"": true, ""answer_migrated"": false}, {""name"": ""QUILT"", ""kind"": ""load"", ""packet"": 3, ""rank"": 2, ""answer"": ""YES"", ""reported"": true, ""response"": ""YES"", ""correct"": true, ""correct_lenient"": true, ""answer_migrated"": false}, {""name"": ""VOLCANO"", ""kind"": ""load"", ""packet"": 6, ""rank"": 3, ""answer"": ""INVALID"", ""reported"": true, ""response"": ""VALID"", ""correct"": false, ""correct_lenient"": false, ""answer_migrated"": false}, {""name"": ""TROMBONE"", ""kind"": ""load"", ""packet"": 8, ""rank"": 4, ""answer"": ""YES"", ""reported"": true, ""response"": ""YES"", ""correct"": true, ""correct_lenient"": true, ""answer_migrated"": false}, {""name"": ""URCHIN"", ""kind"": ""passphrase"", ""packet"": 11, ""rank"": 5, ""answer"": ""INDIA WHISKEY VICTOR"", ""reported"": true, ""response"": ""INDIA WHISKEY VICTOR</Final_Answers>"", ""correct"": false, ""correct_lenient"": true, ""answer_migrated"": false}]",5,0,0.0,24.0,True,False,False,False,False,1.0,0.0,False,"<Thinking>
Packet 01 is Task ICEBERG. The premises state that all morks are vrils, all vorps are
</Thinking>
<Final_Answers>
- Task ICEBERG: INVALID
- Task QUILT: YES
- Task VOLCANO: VALID
- Task TROMBONE: YES
- Task URCHIN: INDIA WHISKEY VICTOR</Final_Answers>",gemma3:12b,12.0,Gemma3,95.5
5,non-ordered,True,True,24.0,,,,,semantic_4,cot,13,5,TAPESTRY,"[1, 2, 3, 5, 13]",0.0,1024,512.0,5135,3,INDIA HOTEL QUEBEC,,,,0,False,True,True,0.5,"[{""name"": ""EMERALD"", ""kind"": ""load"", ""packet"": 1, ""rank"": 1, ""answer"": ""VALID"", ""reported"": true, ""response"": ""INVALID"", ""correct"": false, ""correct_lenient"": false, ""answer_migrated"": false}, {""name"": ""FLAMINGO"", ""kind"": ""load"", ""packet"": 2, ""rank"": 2, ""answer"": ""YES"", ""reported"": true, ""response"": ""YES"", ""correct"": true, ""correct_lenient"": true, ""answer_migrated"": false}, {""name"": ""DANDELION"", ""kind"": ""load"", ""packet"": 3, ""rank"": 3, ""answer"": ""P"", ""reported"": true, ""response"": ""R"", ""correct"": false, ""correct_lenient"": false, ""answer_migrated"": false}, {""name"": ""YOGURT"", ""kind"": ""load"", ""packet"": 5, ""rank"": 4, ""answer"": ""VALID"", ""reported"": true, ""response"": ""VALID"", ""correct"": true, ""correct_lenient"": true, ""answer_migrated"": false}, {""name"": ""TAPESTRY"", ""kind"": ""passphrase"", ""packet"": 13, ""rank"": 5, ""answer"": ""INDIA HOTEL QUEBEC"", ""reported"": true, ""response"": ""INDIA HOTEL QUEBEC</Final_Answers>"", ""correct"": false, ""correct_lenient"": true, ""answer_migrated"": false}]",5,0,0.0,24.0,True,False,False,False,False,1.0,0.0,False,"<Thinking>
Packet 01 is Task EMERALD. The premises state that all trils are frans, all frans are sn
</Thinking>
<Final_Answers>
- Task EMERALD: INVALID
- Task FLAMINGO: YES
- Task DANDELION: R
- Task YOGURT: VALID
- Task TAPESTRY: INDIA HOTEL QUEBEC</Final_Answers>",gemma3:12b,12.0,Gemma3,95.5
5,non-ordered,True,True,24.0,,,,,semantic_4,cot,15,5,KAYAK,"[2, 8, 10, 14, 15]",0.0,1024,512.0,6135,3,ALPHA CHARLIE BRAVO,,,,0,False,False,False,0.25,"[{""name"": ""CARNIVAL"", ""kind"": ""load"", ""packet"": 2, ""rank"": 1, ""answer"": ""YES"", ""reported"": true, ""response"": ""YES"", ""correct"": true, ""correct_lenient"": true, ""answer_migrated"": false}, {""name"": ""MONGOOSE"", ""kind"": ""load"", ""packet"": 8, ""rank"": 2, ""answer"": ""R"", ""reported"": false, ""response"": null, ""correct"": false, ""correct_lenient"": false, ""answer_migrated"": false}, {""name"": ""OBELISK"", ""kind"": ""load"", ""packet"": 10, ""rank"": 3, ""answer"": ""INVALID"", ""reported"": false, ""response"": null, ""correct"": false, ""correct_lenient"": false, ""answer_migrated"": false}, {""name"": ""XYLOPHONE"", ""kind"": ""load"", ""packet"": 14, ""rank"": 4, ""answer"": ""INVALID"", ""reported"": false, ""response"": null, ""correct"": false, ""correct_lenient"": false, ""answer_migrated"": false}, {""name"": ""KAYAK"", ""kind"": ""passphrase"", ""packet"": 15, ""rank"": 5, ""answer"": ""ALPHA CHARLIE BRAVO"", ""reported"": false, ""response"": null, ""correct"": false, ""correct_lenient"": false, ""answer_migrated"": false}]",1,0,0.0,24.0,True,False,True,False,False,1.0,0.0,False,"<Thinking>
Packet 02 is Task CARNIVAL. We have the following weight comparisons: Grace < Ravi < Quinn < Eve
</Thinking>
<Final_Answers>
- Task CARNIVAL: YES
</Final_Answers>",gemma3:12b,12.0,Gemma3,95.5
5,non-ordered,True,True,24.0,,,,,semantic_4,cot,11,5,METRONOME,"[1, 5, 7, 8, 11]",0.0,1024,512.0,7135,3,XRAY KILO FOXTROT,,,,0,False,True,True,0.0,"[{""name"": ""DUMPLING"", ""kind"": ""load"", ""packet"": 1, ""rank"": 1, ""answer"": ""VALID"", ""reported"": true, ""response"": ""INVALID"", ""correct"": false, ""correct_lenient"": false, ""answer_migrated"": true}, {""name"": ""MARBLE"", ""kind"": ""load"", ""packet"": 5, ""rank"": 2, ""answer"": ""INVALID"", ""reported"": true, ""response"": ""VALID"", ""correct"": false, ""correct_lenient"": false, ""answer_migrated"": true}, {""name"": ""VOLCANO"", ""kind"": ""load"", ""packet"": 7, ""rank"": 3, ""answer"": ""INVALID"", ""reported"": true, ""response"": ""VALID"", ""correct"": false, ""correct_lenient"": false, ""answer_migrated"": true}, {""name"": ""KAYAK"", ""kind"": ""load"", ""packet"": 8, ""rank"": 4, ""answer"": ""INVALID"", ""reported"": true, ""response"": ""VALID"", ""correct"": false, ""correct_lenient"": false, ""answer_migrated"": true}, {""name"": ""METRONOME"", ""kind"": ""passphrase"", ""packet"": 11, ""rank"": 5, ""answer"": ""XRAY KILO FOXTROT"", ""reported"": true, ""response"": ""XRAY KILO FOXTROT</Final_Answers>"", ""correct"": false, ""correct_lenient"": true, ""answer_migrated"": false}]",5,0,0.8,24.0,True,False,False,False,False,1.0,0.0,False,"<Thinking>
Packet 01 is Task DUMPLING. The logic states ""All trens are trils,"" ""All tr
</Thinking>
<Final_Answers>
- Task DUMPLING: INVALID
- Task MARBLE: VALID
- Task VOLCANO: VALID
- Task KAYAK: VALID
- Task METRONOME: XRAY KILO FOXTROT</Final_Answers>",gemma3:12b,12.0,Gemma3,95.5
5,non-ordered,False,True,48.0,,,,,trivial,cot,4,1,RASPBERRY,"[4, 6, 10, 11, 14]",0.0,1024,512.0,114,3,HOTEL SIERRA DELTA,,,,0,True,True,True,0.75,"[{""name"": ""RASPBERRY"", ""kind"": ""passphrase"", ""packet"": 4, ""rank"": 1, ""answer"": ""HOTEL SIERRA DELTA"", ""reported"": true, ""response"": ""HOTEL SIERRA DELTA"", ""correct"": true, ""correct_lenient"": true, ""answer_migrated"": false}, {""name"": ""NECTARINE"", ""kind"": ""load"", ""packet"": 6, ""rank"": 2, ""answer"": ""STORM"", ""reported"": true, ""response"": ""STORM"", ""correct"": true, ""correct_lenient"": true, ""answer_migrated"": false}, {""name"": ""PLATYPUS"", ""kind"": ""load"", ""packet"": 10, ""rank"": 3, ""answer"": ""BROWN"", ""reported"": true, ""response"": ""BROWN"", ""correct"": true, ""correct_lenient"": true, ""answer_migrated"": false}, {""name"": ""INKWELL"", ""kind"": ""load"", ""packet"": 11, ""rank"": 4, ""answer"": ""LAKE"", ""reported"": true, ""response"": ""LAKE"", ""correct"": true, ""correct_lenient"": true, ""answer_migrated"": false}, {""name"": ""KAYAK"", ""kind"": ""load"", ""packet"": 14, ""rank"": 5, ""answer"": ""FINCH"", ""reported"": true, ""response"": ""FINCH</Final_Answers>"", ""correct"": false, ""correct_lenient"": true, ""answer_migrated"": false}]",5,0,0.0,48.0,True,False,False,False,False,0.0,0.0,False,"<Thinking>
I have identified four tasks in this stream: RASPBERRY, NECTARINE, PLATYPUS, INKWELL and KAYAK. Task RASPBERRY requires me to copy-paste ""HOTEL SIERRA DEL
</Thinking>
<Final_Answers>
- Task RASPBERRY: HOTEL SIERRA DELTA
- Task NECTARINE: STORM
- Task PLATYPUS: BROWN
- Task INKWELL: LAKE
- Task KAYAK: FINCH</Final_Answers>",gemma3:12b,12.0,Gemma3,95.5
5,non-ordered,False,True,48.0,,,,,trivial,cot,14,5,CENTIPEDE,"[8, 10, 11, 12, 14]",0.0,1024,512.0,1114,3,QUEBEC INDIA OSCAR,,,,0,False,False,False,0.75,"[{""name"": ""METRONOME"", ""kind"": ""load"", ""packet"": 8, ""rank"": 1, ""answer"": ""RICE"", ""reported"": true, ""response"": ""RICE"", ""correct"": true, ""correct_lenient"": true, ""answer_migrated"": false}, {""name"": ""CATAPULT"", ""kind"": ""load"", ""packet"": 10, ""rank"": 2, ""answer"": ""SPOON"", ""reported"": true, ""response"": ""SPOON"", ""correct"": true, ""correct_lenient"": true, ""answer_migrated"": false}, {""name"": ""LANTERN"", ""kind"": ""load"", ""packet"": 11, ""rank"": 3, ""answer"": ""CHERRY"", ""reported"": true, ""response"": ""CHERRY"", ""correct"": true, ""correct_lenient"": true, ""answer_migrated"": false}, {""name"": ""DAFFODIL"", ""kind"": ""load"", ""packet"": 12, ""rank"": 4, ""answer"": ""PLATE"", ""reported"": true, ""response"": ""PLATE</Final_Answers>"", ""correct"": false, ""correct_lenient"": true, ""answer_migrated"": false}, {""name"": ""CENTIPEDE"", ""kind"": ""passphrase"", ""packet"": 14, ""rank"": 5, ""answer"": ""QUEBEC INDIA OSCAR"", ""reported"": false, ""response"": null, ""correct"": false, ""correct_lenient"": false, ""answer_migrated"": false}]",4,0,0.0,48.0,True,False,True,False,False,0.0,0.0,False,"<Thinking>
I have identified four tasks in this stream: METRONOME, CATAPULT, LANTERN, and DAFFODIL. Task METRONOME requires me to report the word RICE. Task CATAPULT requires me to report the
</Thinking>
<Final_Answers>
- Task METRONOME: RICE
- Task CATAPULT: SPOON
- Task LANTERN: CHERRY
- Task DAFFODIL: PLATE</Final_Answers>",gemma3:12b,12.0,Gemma3,95.5
5,non-ordered,False,True,48.0,,,,,trivial,cot,4,1,YOGURT,"[4, 5, 8, 9, 15]",0.0,1024,512.0,2114,3,HOTEL GOLF VICTOR,,,,0,True,True,True,0.75,"[{""name"": ""YOGURT"", ""kind"": ""passphrase"", ""packet"": 4, ""rank"": 1, ""answer"": ""HOTEL GOLF VICTOR"", ""reported"": true, ""response"": ""HOTEL GOLF VICTOR"", ""correct"": true, ""correct_lenient"": true, ""answer_migrated"": false}, {""name"": ""EGGPLANT"", ""kind"": ""load"", ""packet"": 5, ""rank"": 2, ""answer"": ""BEAR"", ""reported"": true, ""response"": ""BEAR"", ""correct"": true, ""correct_lenient"": true, ""answer_migrated"": false}, {""name"": ""PISTACHIO"", ""kind"": ""load"", ""packet"": 8, ""rank"": 3, ""answer"": ""MAROON"", ""reported"": true, ""response"": ""MAROON"", ""correct"": true, ""correct_lenient"": true, ""answer_migrated"": false}, {""name"": ""QUARRY"", ""kind"": ""load"", ""packet"": 9, ""rank"": 4, ""answer"": ""VIOLET"", ""reported"": true, ""response"": ""VIOLET"", ""correct"": true, ""correct_lenient"": true, ""answer_migrated"": false}, {""name"": ""TROMBONE"", ""kind"": ""load"", ""packet"": 15, ""rank"": 5, ""answer"": ""DUCK"", ""reported"": true, ""response"": ""DUCK</Final_Answers>"", ""correct"": false, ""correct_lenient"": true, ""answer_migrated"": false}]",5,0,0.0,48.0,True,False,False,False,True,2.0,0.0,False,"<Thinking>
I have identified four tasks in this stream. Packet 04 is Task YOGURT; I must copy ""HOTEL GOLF VICTOR"". Packet 05 is Task EGGPLANT; I must report the word BEAR as
</Thinking>
<Final_Answers>
- Task YOGURT: HOTEL GOLF VICTOR
- Task EGGPLANT: BEAR
- Task PISTACHIO: MAROON
- Task QUARRY: VIOLET
- Task TROMBONE: DUCK</Final_Answers>",gemma3:12b,12.0,Gemma3,95.5
5,non-ordered,False,True,48.0,,,,,trivial,cot,11,4,SAXOPHONE,"[5, 7, 8, 11, 13]",0.0,1024,512.0,3114,3,HOTEL INDIA ROMEO,,,,0,True,True,True,0.75,"[{""name"": ""PARSNIP"", ""kind"": ""load"", ""packet"": 5, ""rank"": 1, ""answer"": ""CAT"", ""reported"": true, ""response"": ""CAT"", ""correct"": true, ""correct_lenient"": true, ""answer_migrated"": false}, {""name"": ""PELICAN"", ""kind"": ""load"", ""packet"": 7, ""rank"": 2, ""answer"": ""ONION"", ""reported"": true, ""response"": ""ONION"", ""correct"": true, ""correct_lenient"": true, ""answer_migrated"": false}, {""name"": ""DUMPLING"", ""kind"": ""load"", ""packet"": 8, ""rank"": 3, ""answer"": ""GRAPE"", ""reported"": true, ""response"": ""GRAPE"", ""correct"": true, ""correct_lenient"": true, ""answer_migrated"": false}, {""name"": ""SAXOPHONE"", ""kind"": ""passphrase"", ""packet"": 11, ""rank"": 4, ""answer"": ""HOTEL INDIA ROMEO"", ""reported"": true, ""response"": ""HOTEL INDIA ROMEO"", ""correct"": true, ""correct_lenient"": true, ""answer_migrated"": false}, {""name"": ""DAFFODIL"", ""kind"": ""load"", ""packet"": 13, ""rank"": 5, ""answer"": ""WALL"", ""reported"": true, ""response"": ""WALL</Final_Answers>"", ""correct"": false, ""correct_lenient"": true, ""answer_migrated"": false}]",5,0,0.0,48.0,True,False,False,False,False,0.0,0.0,False,"<Thinking>
I have identified four tasks in this stream: PARSNIP, PELICAN, DUMPLING, SAXOPHONE and DAFFODIL. Task PARSNIP requires me to report the word CAT. Task PELICAN requires me to
</Thinking>
<Final_Answers>
- Task PARSNIP: CAT
- Task PELICAN: ONION
- Task DUMPLING: GRAPE
- Task SAXOPHONE: HOTEL INDIA ROMEO
- Task DAFFODIL: WALL</Final_Answers>",gemma3:12b,12.0,Gemma3,95.5
5,non-ordered,False,True,48.0,,,,,trivial,cot,9,4,HAMMOCK,"[1, 2, 4, 9, 15]",0.0,1024,512.0,4114,3,ALPHA XRAY WHISKEY,,,,0,True,True,True,0.75,"[{""name"": ""UNICYCLE"", ""kind"": ""load"", ""packet"": 1, ""rank"": 1, ""answer"": ""WOLF"", ""reported"": true, ""response"": ""WOLF"", ""correct"": true, ""correct_lenient"": true, ""answer_migrated"": false}, {""name"": ""KUMQUAT"", ""kind"": ""load"", ""packet"": 2, ""rank"": 2, ""answer"": ""CRAB"", ""reported"": true, ""response"": ""CRAB"", ""correct"": true, ""correct_lenient"": true, ""answer_migrated"": false}, {""name"": ""GONDOLA"", ""kind"": ""load"", ""packet"": 4, ""rank"": 3, ""answer"": ""LAMP"", ""reported"": true, ""response"": ""LAMP"", ""correct"": true, ""correct_lenient"": true, ""answer_migrated"": false}, {""name"": ""HAMMOCK"", ""kind"": ""passphrase"", ""packet"": 9, ""rank"": 4, ""answer"": ""ALPHA XRAY WHISKEY"", ""reported"": true, ""response"": ""ALPHA XRAY WHISKEY"", ""correct"": true, ""correct_lenient"": true, ""answer_migrated"": false}, {""name"": ""WATERMELON"", ""kind"": ""load"", ""packet"": 15, ""rank"": 5, ""answer"": ""CARROT"", ""reported"": true, ""response"": ""CARROT</Final_Answers>"", ""correct"": false, ""correct_lenient"": true, ""answer_migrated"": false}]",5,0,0.0,48.0,True,False,False,False,False,3.0,0.0,False,"<Thinking>
Packet 01 is Task UNICYCLE: The instructions say to report the word WOLF. Packet 02 is Task KUMQUAT: The instructions say to report the word CRAB. Packet 04 is Task GOND
</Thinking>
<Final_Answers>
- Task UNICYCLE: WOLF
- Task KUMQUAT: CRAB
- Task GONDOLA: LAMP
- Task HAMMOCK: ALPHA XRAY WHISKEY
- Task WATERMELON: CARROT</Final_Answers>",gemma3:12b,12.0,Gemma3,95.5
5,non-ordered,False,True,48.0,,,,,trivial,cot,4,1,JIGSAW,"[4, 10, 11, 12, 14]",0.0,1024,512.0,5114,3,GOLF QUEBEC OSCAR,,,,0,True,True,True,0.75,"[{""name"": ""JIGSAW"", ""kind"": ""passphrase"", ""packet"": 4, ""rank"": 1, ""answer"": ""GOLF QUEBEC OSCAR"", ""reported"": true, ""response"": ""GOLF QUEBEC OSCAR"", ""correct"": true, ""correct_lenient"": true, ""answer_migrated"": false}, {""name"": ""ORIGAMI"", ""kind"": ""load"", ""packet"": 10, ""rank"": 2, ""answer"": ""SEAL"", ""reported"": true, ""response"": ""SEAL"", ""correct"": true, ""correct_lenient"": true, ""answer_migrated"": false}, {""name"": ""QUICKSAND"", ""kind"": ""load"", ""packet"": 11, ""rank"": 3, ""answer"": ""TABLE"", ""reported"": true, ""response"": ""TABLE"", ""correct"": true, ""correct_lenient"": true, ""answer_migrated"": false}, {""name"": ""BLIZZARD"", ""kind"": ""load"", ""packet"": 12, ""rank"": 4, ""answer"": ""BLUE"", ""reported"": true, ""response"": ""BLUE"", ""correct"": true, ""correct_lenient"": true, ""answer_migrated"": false}, {""name"": ""BAGPIPE"", ""kind"": ""load"", ""packet"": 14, ""rank"": 5, ""answer"": ""BLACK"", ""reported"": true, ""response"": ""BLACK</Final_Answers>"", ""correct"": false, ""correct_lenient"": true, ""answer_migrated"": false}]",5,0,0.0,48.0,True,False,False,False,True,3.0,0.0,False,"<Thinking>
Packet 04 is Task JIGSAW: I must copy the three words GOLF QUEBEC OSCAR. Packet 10 is Task ORIGAMI: The task requires me to report the word SEAL. Packet 11 is
</Thinking>
<Final_Answers>
- Task JIGSAW: GOLF QUEBEC OSCAR
- Task ORIGAMI: SEAL
- Task QUICKSAND: TABLE
- Task BLIZZARD: BLUE
- Task BAGPIPE: BLACK</Final_Answers>",gemma3:12b,12.0,Gemma3,95.5
5,non-ordered,False,True,48.0,,,,,trivial,cot,14,5,ZIGZAG,"[7, 9, 11, 12, 14]",0.0,1024,512.0,6114,3,CHARLIE SIERRA ECHO,,,,0,False,True,True,1.0,"[{""name"": ""JIGSAW"", ""kind"": ""load"", ""packet"": 7, ""rank"": 1, ""answer"": ""CRAB"", ""reported"": true, ""response"": ""CRAB"", ""correct"": true, ""correct_lenient"": true, ""answer_migrated"": false}, {""name"": ""ZEPPELIN"", ""kind"": ""load"", ""packet"": 9, ""rank"": 2, ""answer"": ""LEMON"", ""reported"": true, ""response"": ""LEMON"", ""correct"": true, ""correct_lenient"": true, ""answer_migrated"": false}, {""name"": ""CACTUS"", ""kind"": ""load"", ""packet"": 11, ""rank"": 3, ""answer"": ""MAROON"", ""reported"": true, ""response"": ""MAROON"", ""correct"": true, ""correct_lenient"": true, ""answer_migrated"": false}, {""name"": ""HARMONICA"", ""kind"": ""load"", ""packet"": 12, ""rank"": 4, ""answer"": ""STONE"", ""reported"": true, ""response"": ""STONE"", ""correct"": true, ""correct_lenient"": true, ""answer_migrated"": false}, {""name"": ""ZIGZAG"", ""kind"": ""passphrase"", ""packet"": 14, ""rank"": 5, ""answer"": ""CHARLIE SIERRA ECHO"", ""reported"": true, ""response"": ""CHARLIE SIERRA ECHO</Final_Answers>"", ""correct"": false, ""correct_lenient"": true, ""answer_migrated"": false}]",5,0,0.0,48.0,True,False,False,False,False,0.0,0.0,False,"<Thinking>
I have identified four tasks in this stream: JIGSAW, ZEPPELIN, CACTUS, HARMONICA and ZIGZAG. Task JIGSAW requires me to report the word CRAB. Task Z
</Thinking>
<Final_Answers>
- Task JIGSAW: CRAB
- Task ZEPPELIN: LEMON
- Task CACTUS: MAROON
- Task HARMONICA: STONE
- Task ZIGZAG: CHARLIE SIERRA ECHO</Final_Answers>",gemma3:12b,12.0,Gemma3,95.5
5,non-ordered,False,True,48.0,,,,,trivial,cot,3,2,UKULELE,"[2, 3, 6, 13, 15]",0.0,1024,512.0,7114,3,HOTEL PAPA FOXTROT,,,,0,True,True,True,0.75,"[{""name"": ""DAFFODIL"", ""kind"": ""load"", ""packet"": 2, ""rank"": 1, ""answer"": ""GARLIC"", ""reported"": true, ""response"": ""GARLIC"", ""correct"": true, ""correct_lenient"": true, ""answer_migrated"": false}, {""name"": ""UKULELE"", ""kind"": ""passphrase"", ""packet"": 3, ""rank"": 2, ""answer"": ""HOTEL PAPA FOXTROT"", ""reported"": true, ""response"": ""HOTEL PAPA FOXTROT"", ""correct"": true, ""correct_lenient"": true, ""answer_migrated"": false}, {""name"": ""VOLCANO"", ""kind"": ""load"", ""packet"": 6, ""rank"": 3, ""answer"": ""CYAN"", ""reported"": true, ""response"": ""CYAN"", ""correct"": true, ""correct_lenient"": true, ""answer_migrated"": false}, {""name"": ""VINEYARD"", ""kind"": ""load"", ""packet"": 13, ""rank"": 4, ""answer"": ""OWL"", ""reported"": true, ""response"": ""OWL"", ""correct"": true, ""correct_lenient"": true, ""answer_migrated"": false}, {""name"": ""RAVIOLI"", ""kind"": ""load"", ""packet"": 15, ""rank"": 5, ""answer"": ""WHITE"", ""reported"": true, ""response"": ""WHITE</Final_Answers>"", ""correct"": false, ""correct_lenient"": true, ""answer_migrated"": false}]",5,0,0.0,48.0,True,False,False,False,False,1.0,0.0,False,"<Thinking>
I have identified four tasks in this stream: DAFFODIL, UKULELE, VOLCANO, VINEYARD and RAVIOLI. Packet 02 is Task DAFFODIL; I must report the word GARLIC
</Thinking>
<Final_Answers>
- Task DAFFODIL: GARLIC
- Task UKULELE: HOTEL PAPA FOXTROT
- Task VOLCANO: CYAN
- Task VINEYARD: OWL
- Task RAVIOLI: WHITE</Final_Answers>",gemma3:12b,12.0,Gemma3,95.5
5,non-ordered,True,True,48.0,,,,,trivial,cot,14,5,INKWELL,"[4, 6, 10, 11, 14]",0.0,1024,512.0,114,3,HOTEL SIERRA DELTA,,,,0,False,True,True,1.0,"[{""name"": ""TROMBONE"", ""kind"": ""load"", ""packet"": 4, ""rank"": 1, ""answer"": ""STONE"", ""reported"": true, ""response"": ""STONE"", ""correct"": true, ""correct_lenient"": true, ""answer_migrated"": false}, {""name"": ""RASPBERRY"", ""kind"": ""load"", ""packet"": 6, ""rank"": 2, ""answer"": ""WHALE"", ""reported"": true, ""response"": ""WHALE"", ""correct"": true, ""correct_lenient"": true, ""answer_migrated"": false}, {""name"": ""NECTARINE"", ""kind"": ""load"", ""packet"": 10, ""rank"": 3, ""answer"": ""STORM"", ""reported"": true, ""response"": ""STORM"", ""correct"": true, ""correct_lenient"": true, ""answer_migrated"": false}, {""name"": ""PLATYPUS"", ""kind"": ""load"", ""packet"": 11, ""rank"": 4, ""answer"": ""BROWN"", ""reported"": true, ""response"": ""BROWN"", ""correct"": true, ""correct_lenient"": true, ""answer_migrated"": false}, {""name"": ""INKWELL"", ""kind"": ""passphrase"", ""packet"": 14, ""rank"": 5, ""answer"": ""HOTEL SIERRA DELTA"", ""reported"": true, ""response"": ""HOTEL SIERRA DELTA</Final_Answers>"", ""correct"": false, ""correct_lenient"": true, ""answer_migrated"": false}]",5,0,0.0,48.0,True,False,False,False,False,2.0,0.0,False,"<Thinking>
Packet 04 is Task TROMBONE: The instructions state to report the word STONE as the result. Packet 06 is Task RASPBERRY: The instructions state to report the word WHALE as the result. Packet
</Thinking>
<Final_Answers>
- Task TROMBONE: STONE
- Task RASPBERRY: WHALE
- Task NECTARINE: STORM
- Task PLATYPUS: BROWN
- Task INKWELL: HOTEL SIERRA DELTA</Final_Answers>",gemma3:12b,12.0,Gemma3,95.5
5,non-ordered,True,True,48.0,,,,,trivial,cot,14,5,DAFFODIL,"[8, 10, 11, 12, 14]",0.0,1024,512.0,1114,3,QUEBEC INDIA OSCAR,,,,0,False,True,True,1.0,"[{""name"": ""WALNUT"", ""kind"": ""load"", ""packet"": 8, ""rank"": 1, ""answer"": ""BREAD"", ""reported"": true, ""response"": ""BREAD"", ""correct"": true, ""correct_lenient"": true, ""answer_migrated"": false}, {""name"": ""METRONOME"", ""kind"": ""load"", ""packet"": 10, ""rank"": 2, ""answer"": ""RICE"", ""reported"": true, ""response"": ""RICE"", ""correct"": true, ""correct_lenient"": true, ""answer_migrated"": false}, {""name"": ""CATAPULT"", ""kind"": ""load"", ""packet"": 11, ""rank"": 3, ""answer"": ""SPOON"", ""reported"": true, ""response"": ""SPOON"", ""correct"": true, ""correct_lenient"": true, ""answer_migrated"": false}, {""name"": ""LANTERN"", ""kind"": ""load"", ""packet"": 12, ""rank"": 4, ""answer"": ""CHERRY"", ""reported"": true, ""response"": ""CHERRY"", ""correct"": true, ""correct_lenient"": true, ""answer_migrated"": false}, {""name"": ""DAFFODIL"", ""kind"": ""passphrase"", ""packet"": 14, ""rank"": 5, ""answer"": ""QUEBEC INDIA OSCAR"", ""reported"": true, ""response"": ""QUEBEC INDIA OSCAR</Final_Answers>"", ""correct"": false, ""correct_lenient"": true, ""answer_migrated"": false}]",5,0,0.0,48.0,True,False,False,False,False,0.0,0.0,False,"<Thinking>
I have identified four tasks in this stream: WALNUT, METRONOME, CATAPULT, LANTERN and DAFFODIL. Task WALNUT requires me to report the word BREAD as its result. Task METRONOME requires
</Thinking>
<Final_Answers>
- Task WALNUT: BREAD
- Task METRONOME: RICE
- Task CATAPULT: SPOON
- Task LANTERN: CHERRY
- Task DAFFODIL: QUEBEC INDIA OSCAR</Final_Answers>",gemma3:12b,12.0,Gemma3,95.5
5,non-ordered,True,True,48.0,,,,,trivial,cot,15,5,QUARRY,"[4, 5, 8, 9, 15]",0.0,1024,512.0,2114,3,HOTEL GOLF VICTOR,,,,0,False,False,False,0.25,"[{""name"": ""TROMBONE"", ""kind"": ""load"", ""packet"": 4, ""rank"": 1, ""answer"": ""BLACK"", ""reported"": true, ""response"": ""BLACK"", ""correct"": true, ""correct_lenient"": true, ""answer_migrated"": false}, {""name"": ""YOGURT"", ""kind"": ""load"", ""packet"": 5, ""rank"": 2, ""answer"": ""BEAR"", ""reported"": true, ""response"": ""BEAR</Final_Answers>"", ""correct"": false, ""correct_lenient"": true, ""answer_migrated"": false}, {""name"": ""EGGPLANT"", ""kind"": ""load"", ""packet"": 8, ""rank"": 3, ""answer"": ""MAROON"", ""reported"": false, ""response"": null, ""correct"": false, ""correct_lenient"": false, ""answer_migrated"": false}, {""name"": ""PISTACHIO"", ""kind"": ""load"", ""packet"": 9, ""rank"": 4, ""answer"": ""VIOLET"", ""reported"": false, ""response"": null, ""correct"": false, ""correct_lenient"": false, ""answer_migrated"": false}, {""name"": ""QUARRY"", ""kind"": ""passphrase"", ""packet"": 15, ""rank"": 5, ""answer"": ""HOTEL GOLF VICTOR"", ""reported"": false, ""response"": null, ""correct"": false, ""correct_lenient"": false, ""answer_migrated"": false}]",2,0,0.0,48.0,True,False,True,False,False,2.0,0.0,False,"<Thinking>
I have identified five tasks in this data stream. Packet 04 is Task TROMBONE; I must report the word BLACK as its result. Packet 05 is Task YOGURT; I must report the word BEAR
</Thinking>
<Final_Answers>
- Task TROMBONE: BLACK
- Task YOGURT: BEAR</Final_Answers>",gemma3:12b,12.0,Gemma3,95.5
5,non-ordered,True,True,48.0,,,,,trivial,cot,13,5,SAXOPHONE,"[5, 7, 8, 11, 13]",0.0,1024,512.0,3114,3,HOTEL INDIA ROMEO,,,,0,False,True,True,1.0,"[{""name"": ""BONSAI"", ""kind"": ""load"", ""packet"": 5, ""rank"": 1, ""answer"": ""FOX"", ""reported"": true, ""response"": ""FOX"", ""correct"": true, ""correct_lenient"": true, ""answer_migrated"": false}, {""name"": ""PARSNIP"", ""kind"": ""load"", ""packet"": 7, ""rank"": 2, ""answer"": ""CAT"", ""reported"": true, ""response"": ""CAT"", ""correct"": true, ""correct_lenient"": true, ""answer_migrated"": false}, {""name"": ""PELICAN"", ""kind"": ""load"", ""packet"": 8, ""rank"": 3, ""answer"": ""ONION"", ""reported"": true, ""response"": ""ONION"", ""correct"": true, ""correct_lenient"": true, ""answer_migrated"": false}, {""name"": ""DUMPLING"", ""kind"": ""load"", ""packet"": 11, ""rank"": 4, ""answer"": ""GRAPE"", ""reported"": true, ""response"": ""GRAPE"", ""correct"": true, ""correct_lenient"": true, ""answer_migrated"": false}, {""name"": ""SAXOPHONE"", ""kind"": ""passphrase"", ""packet"": 13, ""rank"": 5, ""answer"": ""HOTEL INDIA ROMEO"", ""reported"": true, ""response"": ""HOTEL INDIA ROMEO</Final_Answers>"", ""correct"": false, ""correct_lenient"": true, ""answer_migrated"": false}]",5,0,0.0,48.0,True,False,False,False,False,3.0,1.0,False,"<Thinking>
I have identified four tasks in this stream. Packet 05 is Task BONSAI; it requires me to report the word FOX. Packet 07 is Task PARSNIP; I must report the word CAT. Packet 0
</Thinking>
<Final_Answers>
- Task BONSAI: FOX
- Task PARSNIP: CAT
- Task PELICAN: ONION
- Task DUMPLING: GRAPE
- Task SAXOPHONE: HOTEL INDIA ROMEO</Final_Answers>",gemma3:12b,12.0,Gemma3,95.5
5,non-ordered,True,True,48.0,,,,,trivial,cot,15,5,HAMMOCK,"[1, 2, 4, 9, 15]",0.0,1024,512.0,4114,3,ALPHA XRAY WHISKEY,,,,0,False,True,True,1.0,"[{""name"": ""HARMONICA"", ""kind"": ""load"", ""packet"": 1, ""rank"": 1, ""answer"": ""BLUE"", ""reported"": true, ""response"": ""BLUE"", ""correct"": true, ""correct_lenient"": true, ""answer_migrated"": false}, {""name"": ""UNICYCLE"", ""kind"": ""load"", ""packet"": 2, ""rank"": 2, ""answer"": ""WOLF"", ""reported"": true, ""response"": ""WOLF"", ""correct"": true, ""correct_lenient"": true, ""answer_migrated"": false}, {""name"": ""KUMQUAT"", ""kind"": ""load"", ""packet"": 4, ""rank"": 3, ""answer"": ""CRAB"", ""reported"": true, ""response"": ""CRAB"", ""correct"": true, ""correct_lenient"": true, ""answer_migrated"": false}, {""name"": ""GONDOLA"", ""kind"": ""load"", ""packet"": 9, ""rank"": 4, ""answer"": ""LAMP"", ""reported"": true, ""response"": ""LAMP"", ""correct"": true, ""correct_lenient"": true, ""answer_migrated"": false}, {""name"": ""HAMMOCK"", ""kind"": ""passphrase"", ""packet"": 15, ""rank"": 5, ""answer"": ""ALPHA XRAY WHISKEY"", ""reported"": true, ""response"": ""ALPHA XRAY WHISKEY</Final_Answers>"", ""correct"": false, ""correct_lenient"": true, ""answer_migrated"": false}]",5,0,0.0,48.0,True,False,False,False,False,3.0,0.0,False,"<Thinking>
Packet 01 is Task HARMONICA: The instructions say to report the word BLUE. Packet 02 is Task UNICYCLE: The instructions say to report the word WOLF. Packet 04 is Task KUMQUAT
</Thinking>
<Final_Answers>
- Task HARMONICA: BLUE
- Task UNICYCLE: WOLF
- Task KUMQUAT: CRAB
- Task GONDOLA: LAMP
- Task HAMMOCK: ALPHA XRAY WHISKEY</Final_Answers>",gemma3:12b,12.0,Gemma3,95.5
5,non-ordered,True,True,48.0,,,,,trivial,cot,14,5,BLIZZARD,"[4, 10, 11, 12, 14]",0.0,1024,512.0,5114,3,GOLF QUEBEC OSCAR,,,,0,False,True,True,1.0,"[{""name"": ""LANTERN"", ""kind"": ""load"", ""packet"": 4, ""rank"": 1, ""answer"": ""GOOSE"", ""reported"": true, ""response"": ""GOOSE"", ""correct"": true, ""correct_lenient"": true, ""answer_migrated"": false}, {""name"": ""JIGSAW"", ""kind"": ""load"", ""packet"": 10, ""rank"": 2, ""answer"": ""SEAL"", ""reported"": true, ""response"": ""SEAL"", ""correct"": true, ""correct_lenient"": true, ""answer_migrated"": false}, {""name"": ""ORIGAMI"", ""kind"": ""load"", ""packet"": 11, ""rank"": 3, ""answer"": ""TABLE"", ""reported"": true, ""response"": ""TABLE"", ""correct"": true, ""correct_lenient"": true, ""answer_migrated"": false}, {""name"": ""QUICKSAND"", ""kind"": ""load"", ""packet"": 12, ""rank"": 4, ""answer"": ""BLUE"", ""reported"": true, ""response"": ""BLUE"", ""correct"": true, ""correct_lenient"": true, ""answer_migrated"": false}, {""name"": ""BLIZZARD"", ""kind"": ""passphrase"", ""packet"": 14, ""rank"": 5, ""answer"": ""GOLF QUEBEC OSCAR"", ""reported"": true, ""response"": ""GOLF QUEBEC OSCAR</Final_Answers>"", ""correct"": false, ""correct_lenient"": true, ""answer_migrated"": false}]",5,0,0.0,48.0,True,False,False,False,False,3.0,0.0,False,"<Thinking>
Packet 04 is Task LANTERN: The instructions state to report the word GOOSE. Packet 10 is Task JIGSAW: The instructions state to report the word SEAL. Packet 11 is Task ORIGAMI:
</Thinking>
<Final_Answers>
- Task LANTERN: GOOSE
- Task JIGSAW: SEAL
- Task ORIGAMI: TABLE
- Task QUICKSAND: BLUE
- Task BLIZZARD: GOLF QUEBEC OSCAR</Final_Answers>",gemma3:12b,12.0,Gemma3,95.5
5,non-ordered,True,True,48.0,,,,,trivial,cot,14,5,CACTUS,"[7, 9, 11, 12, 14]",0.0,1024,512.0,6114,3,CHARLIE SIERRA ECHO,,,,0,False,True,True,1.0,"[{""name"": ""ROOSTER"", ""kind"": ""load"", ""packet"": 7, ""rank"": 1, ""answer"": ""DOOR"", ""reported"": true, ""response"": ""DOOR"", ""correct"": true, ""correct_lenient"": true, ""answer_migrated"": false}, {""name"": ""SAXOPHONE"", ""kind"": ""load"", ""packet"": 9, ""rank"": 2, ""answer"": ""ROOT"", ""reported"": true, ""response"": ""ROOT"", ""correct"": true, ""correct_lenient"": true, ""answer_migrated"": false}, {""name"": ""JIGSAW"", ""kind"": ""load"", ""packet"": 11, ""rank"": 3, ""answer"": ""CRAB"", ""reported"": true, ""response"": ""CRAB"", ""correct"": true, ""correct_lenient"": true, ""answer_migrated"": false}, {""name"": ""ZEPPELIN"", ""kind"": ""load"", ""packet"": 12, ""rank"": 4, ""answer"": ""LEMON"", ""reported"": true, ""response"": ""LEMON"", ""correct"": true, ""correct_lenient"": true, ""answer_migrated"": false}, {""name"": ""CACTUS"", ""kind"": ""passphrase"", ""packet"": 14, ""rank"": 5, ""answer"": ""CHARLIE SIERRA ECHO"", ""reported"": true, ""response"": ""CHARLIE SIERRA ECHO</Final_Answers>"", ""correct"": false, ""correct_lenient"": true, ""answer_migrated"": false}]",5,0,0.0,48.0,True,False,False,False,False,2.0,0.0,False,"<Thinking>
I have identified four tasks in this stream. Packet 07 is Task ROOSTER; I must report the word DOOR as its result. Packet 09 is Task SAXOPHONE; I must report the word ROOT as its
</Thinking>
<Final_Answers>
- Task ROOSTER: DOOR
- Task SAXOPHONE: ROOT
- Task JIGSAW: CRAB
- Task ZEPPELIN: LEMON
- Task CACTUS: CHARLIE SIERRA ECHO</Final_Answers>",gemma3:12b,12.0,Gemma3,95.5
5,non-ordered,True,True,48.0,,,,,trivial,cot,15,5,VINEYARD,"[2, 3, 6, 13, 15]",0.0,1024,512.0,7114,3,HOTEL PAPA FOXTROT,,,,0,False,True,True,1.0,"[{""name"": ""PELICAN"", ""kind"": ""load"", ""packet"": 2, ""rank"": 1, ""answer"": ""CLOUD"", ""reported"": true, ""response"": ""CLOUD"", ""correct"": true, ""correct_lenient"": true, ""answer_migrated"": false}, {""name"": ""DAFFODIL"", ""kind"": ""load"", ""packet"": 3, ""rank"": 2, ""answer"": ""GARLIC"", ""reported"": true, ""response"": ""GARLIC"", ""correct"": true, ""correct_lenient"": true, ""answer_migrated"": false}, {""name"": ""UKULELE"", ""kind"": ""load"", ""packet"": 6, ""rank"": 3, ""answer"": ""CYAN"", ""reported"": true, ""response"": ""CYAN"", ""correct"": true, ""correct_lenient"": true, ""answer_migrated"": false}, {""name"": ""VOLCANO"", ""kind"": ""load"", ""packet"": 13, ""rank"": 4, ""answer"": ""OWL"", ""reported"": true, ""response"": ""OWL"", ""correct"": true, ""correct_lenient"": true, ""answer_migrated"": false}, {""name"": ""VINEYARD"", ""kind"": ""passphrase"", ""packet"": 15, ""rank"": 5, ""answer"": ""HOTEL PAPA FOXTROT"", ""reported"": true, ""response"": ""HOTEL PAPA FOXTROT</Final_Answers>"", ""correct"": false, ""correct_lenient"": true, ""answer_migrated"": false}]",5,0,0.0,48.0,True,False,False,False,False,2.0,0.0,False,"<Thinking>
I have identified four tasks in this stream. Packet 02 is Task PELICAN; I must report the word CLOUD as its result. Packet 03 is Task DAFFODIL; I must report the word GARLIC as
</Thinking>
<Final_Answers>
- Task PELICAN: CLOUD
- Task DAFFODIL: GARLIC
- Task UKULELE: CYAN
- Task VOLCANO: OWL
- Task VINEYARD: HOTEL PAPA FOXTROT</Final_Answers>",gemma3:12b,12.0,Gemma3,95.5
5,non-ordered,False,True,48.0,,,,,semantic_4,cot,5,1,EMERALD,"[5, 8, 10, 11, 13]",0.0,1024,512.0,135,3,VICTOR LIMA UNIFORM,,,,0,True,True,True,0.25,"[{""name"": ""EMERALD"", ""kind"": ""passphrase"", ""packet"": 5, ""rank"": 1, ""answer"": ""VICTOR LIMA UNIFORM"", ""reported"": true, ""response"": ""VICTOR LIMA UNIFORM"", ""correct"": true, ""correct_lenient"": true, ""answer_migrated"": false}, {""name"": ""JIGSAW"", ""kind"": ""load"", ""packet"": 8, ""rank"": 2, ""answer"": ""VALID"", ""reported"": true, ""response"": ""VALID"", ""correct"": true, ""correct_lenient"": true, ""answer_migrated"": false}, {""name"": ""PYRAMID"", ""kind"": ""load"", ""packet"": 10, ""rank"": 3, ""answer"": ""VALID"", ""reported"": true, ""response"": ""INVALID"", ""correct"": false, ""correct_lenient"": false, ""answer_migrated"": true}, {""name"": ""WALNUT"", ""kind"": ""load"", ""packet"": 11, ""rank"": 4, ""answer"": ""VALID"", ""reported"": true, ""response"": ""INVALID"", ""correct"": false, ""correct_lenient"": false, ""answer_migrated"": true}, {""name"": ""RASPBERRY"", ""kind"": ""load"", ""packet"": 13, ""rank"": 5, ""answer"": ""INVALID"", ""reported"": true, ""response"": ""INVALID</Final_Answers>"", ""correct"": false, ""correct_lenient"": true, ""answer_migrated"": false}]",5,0,0.4,48.0,True,False,False,False,True,2.0,0.0,False,"<Thinking>
Packet 05 is Task EMERALD: I must copy-paste the three words ""VICTOR LIMA UNIFORM"". Packet 08 is Task JIGSAW: This is a logic puzzle. Let's analyze
</Thinking>
<Final_Answers>
- Task EMERALD: VICTOR LIMA UNIFORM
- Task JIGSAW: VALID
- Task PYRAMID: INVALID
- Task WALNUT: INVALID
- Task RASPBERRY: INVALID</Final_Answers>",gemma3:12b,12.0,Gemma3,95.5
5,non-ordered,False,True,48.0,,,,,semantic_4,cot,10,4,GONDOLA,"[4, 5, 9, 10, 15]",0.0,1024,512.0,1135,3,ROMEO OSCAR ECHO,,,,0,True,True,True,0.5,"[{""name"": ""OBELISK"", ""kind"": ""load"", ""packet"": 4, ""rank"": 1, ""answer"": ""VALID"", ""reported"": true, ""response"": ""VALID"", ""correct"": true, ""correct_lenient"": true, ""answer_migrated"": false}, {""name"": ""METRONOME"", ""kind"": ""load"", ""packet"": 5, ""rank"": 2, ""answer"": ""VALID"", ""reported"": true, ""response"": ""INVALID"", ""correct"": false, ""correct_lenient"": false, ""answer_migrated"": true}, {""name"": ""PYRAMID"", ""kind"": ""load"", ""packet"": 9, ""rank"": 3, ""answer"": ""VALID"", ""reported"": true, ""response"": ""VALID"", ""correct"": true, ""correct_lenient"": true, ""answer_migrated"": false}, {""name"": ""GONDOLA"", ""kind"": ""passphrase"", ""packet"": 10, ""rank"": 4, ""answer"": ""ROMEO OSCAR ECHO"", ""reported"": true, ""response"": ""ROMEO OSCAR ECHO"", ""correct"": true, ""correct_lenient"": true, ""answer_migrated"": false}, {""name"": ""VOLCANO"", ""kind"": ""load"", ""packet"": 15, ""rank"": 5, ""answer"": ""INVALID"", ""reported"": true, ""response"": ""VALID</Final_Answers>"", ""correct"": false, ""correct_lenient"": false, ""answer_migrated"": false}]",5,0,0.2,48.0,True,False,False,False,False,1.0,0.0,False,"<Thinking>
Packet 04 is Task OBELISK. The argument can be represented as follows: Some S are Y, All Y are G, All G are V, No V are K, All K are R. We want to know if
</Thinking>
<Final_Answers>
- Task OBELISK: VALID
- Task METRONOME: INVALID
- Task PYRAMID: VALID
- Task GONDOLA: ROMEO OSCAR ECHO
- Task VOLCANO: VALID</Final_Answers>",gemma3:12b,12.0,Gemma3,95.5
5,non-ordered,False,True,48.0,,,,,semantic_4,cot,13,3,GARGOYLE,"[3, 10, 13, 14, 15]",0.0,1024,512.0,2135,3,TANGO ALPHA YANKEE,,,,0,False,False,False,0.0,"[{""name"": ""SCARECROW"", ""kind"": ""load"", ""packet"": 3, ""rank"": 1, ""answer"": ""R"", ""reported"": true, ""response"": ""W"", ""correct"": false, ""correct_lenient"": false, ""answer_migrated"": true}, {""name"": ""KETTLE"", ""kind"": ""load"", ""packet"": 10, ""rank"": 2, ""answer"": ""INVALID"", ""reported"": false, ""response"": null, ""correct"": false, ""correct_lenient"": false, ""answer_migrated"": false}, {""name"": ""GARGOYLE"", ""kind"": ""passphrase"", ""packet"": 13, ""rank"": 3, ""answer"": ""TANGO ALPHA YANKEE"", ""reported"": false, ""response"": null, ""correct"": false, ""correct_lenient"": false, ""answer_migrated"": false}, {""name"": ""HEDGEHOG"", ""kind"": ""load"", ""packet"": 14, ""rank"": 4, ""answer"": ""W"", ""reported"": false, ""response"": null, ""correct"": false, ""correct_lenient"": false, ""answer_migrated"": false}, {""name"": ""QUILT"", ""kind"": ""load"", ""packet"": 15, ""rank"": 5, ""answer"": ""INVALID"", ""reported"": false, ""response"": null, ""correct"": false, ""correct_lenient"": false, ""answer_migrated"": false}]",1,0,1.0,48.0,True,False,True,False,False,1.0,0.0,False,"<Thinking>
Packet 03 is Task SCARECROW. We have these finishing order relationships: Q before T, W before R, R before V, W before T, and V before Q. Combining these, we get W before R before V
</Thinking>
<Final_Answers>
- Task SCARECROW: W
</Final_Answers>",gemma3:12b,12.0,Gemma3,95.5
5,non-ordered,False,True,48.0,,,,,semantic_4,cot,10,4,PLATYPUS,"[7, 8, 9, 10, 15]",0.0,1024,512.0,3135,3,NOVEMBER SIERRA ROMEO,,,,0,True,True,True,0.25,"[{""name"": ""OBELISK"", ""kind"": ""load"", ""packet"": 7, ""rank"": 1, ""answer"": ""INVALID"", ""reported"": true, ""response"": ""VALID"", ""correct"": false, ""correct_lenient"": false, ""answer_migrated"": true}, {""name"": ""WALNUT"", ""kind"": ""load"", ""packet"": 8, ""rank"": 2, ""answer"": ""INVALID"", ""reported"": true, ""response"": ""INVALID"", ""correct"": true, ""correct_lenient"": true, ""answer_migrated"": false}, {""name"": ""CACTUS"", ""kind"": ""load"", ""packet"": 9, ""rank"": 3, ""answer"": ""VALID"", ""reported"": true, ""response"": ""INVALID"", ""correct"": false, ""correct_lenient"": false, ""answer_migrated"": true}, {""name"": ""PLATYPUS"", ""kind"": ""passphrase"", ""packet"": 10, ""rank"": 4, ""answer"": ""NOVEMBER SIERRA ROMEO"", ""reported"": true, ""response"": ""NOVEMBER SIERRA ROMEO"", ""correct"": true, ""correct_lenient"": true, ""answer_migrated"": false}, {""name"": ""HAMMOCK"", ""kind"": ""load"", ""packet"": 15, ""rank"": 5, ""answer"": ""INVALID"", ""reported"": true, ""response"": ""VALID</Final_Answers>"", ""correct"": false, ""correct_lenient"": false, ""answer_migrated"": false}]",5,0,0.4,48.0,True,False,False,False,False,1.0,0.0,False,"<Thinking>
Packet 07 is Task OBELISK. This is a logic puzzle. Let's analyze the statements: Some vrils are wozzles; Some wozzles are zorps; Some zorps are skrans; All sk
</Thinking>
<Final_Answers>
- Task OBELISK: VALID
- Task WALNUT: INVALID
- Task CACTUS: INVALID
- Task PLATYPUS: NOVEMBER SIERRA ROMEO
- Task HAMMOCK: VALID</Final_Answers>",gemma3:12b,12.0,Gemma3,95.5
5,non-ordered,False,True,48.0,,,,,semantic_4,cot,8,4,URCHIN,"[1, 3, 6, 8, 11]",0.0,1024,512.0,4135,3,INDIA WHISKEY VICTOR,,,,0,True,True,True,0.75,"[{""name"": ""QUILT"", ""kind"": ""load"", ""packet"": 1, ""rank"": 1, ""answer"": ""YES"", ""reported"": true, ""response"": ""YES"", ""correct"": true, ""correct_lenient"": true, ""answer_migrated"": false}, {""name"": ""VOLCANO"", ""kind"": ""load"", ""packet"": 3, ""rank"": 2, ""answer"": ""INVALID"", ""reported"": true, ""response"": ""INVALID"", ""correct"": true, ""correct_lenient"": true, ""answer_migrated"": false}, {""name"": ""TROMBONE"", ""kind"": ""load"", ""packet"": 6, ""rank"": 3, ""answer"": ""YES"", ""reported"": true, ""response"": ""YES"", ""correct"": true, ""correct_lenient"": true, ""answer_migrated"": false}, {""name"": ""URCHIN"", ""kind"": ""passphrase"", ""packet"": 8, ""rank"": 4, ""answer"": ""INDIA WHISKEY VICTOR"", ""reported"": true, ""response"": ""INDIA WHISKEY VICTOR"", ""correct"": true, ""correct_lenient"": true, ""answer_migrated"": false}, {""name"": ""ORIGAMI"", ""kind"": ""load"", ""packet"": 11, ""rank"": 5, ""answer"": ""INVALID"", ""reported"": true, ""response"": ""INVALID</Final_Answers>"", ""correct"": false, ""correct_lenient"": true, ""answer_migrated"": false}]",5,0,0.0,48.0,True,False,False,False,False,2.0,0.0,False,"<Thinking>
Packet 01 is Task QUILT: We have a chain of inequalities: Leo < Frank < Kira < Iris < Hank < Nick. Therefore, Kira is shorter than Nick. The answer is YES. Packet 03 is Task VOL
</Thinking>
<Final_Answers>
- Task QUILT: YES
- Task VOLCANO: INVALID
- Task TROMBONE: YES
- Task URCHIN: INDIA WHISKEY VICTOR
- Task ORIGAMI: INVALID</Final_Answers>",gemma3:12b,12.0,Gemma3,95.5
5,non-ordered,False,True,48.0,,,,,semantic_4,cot,5,4,TAPESTRY,"[1, 2, 3, 5, 13]",0.0,1024,512.0,5135,3,INDIA HOTEL QUEBEC,,,,0,True,True,True,0.5,"[{""name"": ""FLAMINGO"", ""kind"": ""load"", ""packet"": 1, ""rank"": 1, ""answer"": ""YES"", ""reported"": true, ""response"": ""YES"", ""correct"": true, ""correct_lenient"": true, ""answer_migrated"": false}, {""name"": ""DANDELION"", ""kind"": ""load"", ""packet"": 2, ""rank"": 2, ""answer"": ""P"", ""reported"": true, ""response"": ""R"", ""correct"": false, ""correct_lenient"": false, ""answer_migrated"": false}, {""name"": ""YOGURT"", ""kind"": ""load"", ""packet"": 3, ""rank"": 3, ""answer"": ""VALID"", ""reported"": true, ""response"": ""VALID"", ""correct"": true, ""correct_lenient"": true, ""answer_migrated"": false}, {""name"": ""TAPESTRY"", ""kind"": ""passphrase"", ""packet"": 5, ""rank"": 4, ""answer"": ""INDIA HOTEL QUEBEC"", ""reported"": true, ""response"": ""INDIA HOTEL QUEBEC"", ""correct"": true, ""correct_lenient"": true, ""answer_migrated"": false}, {""name"": ""WALNUT"", ""kind"": ""load"", ""packet"": 13, ""rank"": 5, ""answer"": ""YES"", ""reported"": true, ""response"": ""YES</Final_Answers>"", ""correct"": false, ""correct_lenient"": true, ""answer_migrated"": false}]",5,0,0.0,48.0,True,False,False,False,False,2.0,0.0,False,"<Thinking>
Packet 01 is Task FLAMINGO. The order of ages is Olive > Mona > Dave > Tom > Pia > Ravi. Therefore, Olive is older than Tom. So the answer is YES. Packet 02 is Task D
</Thinking>
<Final_Answers>
- Task FLAMINGO: YES
- Task DANDELION: R
- Task YOGURT: VALID
- Task TAPESTRY: INDIA HOTEL QUEBEC
- Task WALNUT: YES</Final_Answers>",gemma3:12b,12.0,Gemma3,95.5
5,non-ordered,False,True,48.0,,,,,semantic_4,cot,8,2,OBELISK,"[2, 8, 10, 14, 15]",0.0,1024,512.0,6135,3,ALPHA CHARLIE BRAVO,,,,0,True,True,True,0.0,"[{""name"": ""MONGOOSE"", ""kind"": ""load"", ""packet"": 2, ""rank"": 1, ""answer"": ""R"", ""reported"": true, ""response"": ""W"", ""correct"": false, ""correct_lenient"": false, ""answer_migrated"": false}, {""name"": ""OBELISK"", ""kind"": ""passphrase"", ""packet"": 8, ""rank"": 2, ""answer"": ""ALPHA CHARLIE BRAVO"", ""reported"": true, ""response"": ""ALPHA CHARLIE BRAVO"", ""correct"": true, ""correct_lenient"": true, ""answer_migrated"": false}, {""name"": ""XYLOPHONE"", ""kind"": ""load"", ""packet"": 10, ""rank"": 3, ""answer"": ""INVALID"", ""reported"": true, ""response"": ""VALID"", ""correct"": false, ""correct_lenient"": false, ""answer_migrated"": false}, {""name"": ""KAYAK"", ""kind"": ""load"", ""packet"": 14, ""rank"": 4, ""answer"": ""INVALID"", ""reported"": true, ""response"": ""VALID"", ""correct"": false, ""correct_lenient"": false, ""answer_migrated"": false}, {""name"": ""PORCUPINE"", ""kind"": ""load"", ""packet"": 15, ""rank"": 5, ""answer"": ""INVALID"", ""reported"": true, ""response"": ""VALID</Final_Answers>"", ""correct"": false, ""correct_lenient"": false, ""answer_migrated"": false}]",5,0,0.0,48.0,True,False,False,False,False,1.0,0.0,False,"<Thinking>
Packet 02 is Task MONGOOSE. We need to determine second place based on these finishing order clues: Q before T, W before R, R before V, W before T, and V before Q. Combining these, we
</Thinking>
<Final_Answers>
- Task MONGOOSE: W
- Task OBELISK: ALPHA CHARLIE BRAVO
- Task XYLOPHONE: VALID
- Task KAYAK: VALID
- Task PORCUPINE: VALID</Final_Answers>",gemma3:12b,12.0,Gemma3,95.5
5,non-ordered,False,True,48.0,,,,,semantic_4,cot,8,4,METRONOME,"[1, 5, 7, 8, 11]",0.0,1024,512.0,7135,3,XRAY KILO FOXTROT,,,,0,True,True,True,0.0,"[{""name"": ""MARBLE"", ""kind"": ""load"", ""packet"": 1, ""rank"": 1, ""answer"": ""INVALID"", ""reported"": true, ""response"": ""VALID"", ""correct"": false, ""correct_lenient"": false, ""answer_migrated"": false}, {""name"": ""VOLCANO"", ""kind"": ""load"", ""packet"": 5, ""rank"": 2, ""answer"": ""INVALID"", ""reported"": true, ""response"": ""VALID"", ""correct"": false, ""correct_lenient"": false, ""answer_migrated"": false}, {""name"": ""KAYAK"", ""kind"": ""load"", ""packet"": 7, ""rank"": 3, ""answer"": ""INVALID"", ""reported"": true, ""response"": ""VALID"", ""correct"": false, ""correct_lenient"": false, ""answer_migrated"": false}, {""name"": ""METRONOME"", ""kind"": ""passphrase"", ""packet"": 8, ""rank"": 4, ""answer"": ""XRAY KILO FOXTROT"", ""reported"": true, ""response"": ""XRAY KILO FOXTROT"", ""correct"": true, ""correct_lenient"": true, ""answer_migrated"": false}, {""name"": ""JIGSAW"", ""kind"": ""load"", ""packet"": 11, ""rank"": 5, ""answer"": ""R"", ""reported"": true, ""response"": ""W</Final_Answers>"", ""correct"": false, ""correct_lenient"": false, ""answer_migrated"": false}]",5,0,0.0,48.0,True,False,False,False,False,1.0,0.0,False,"<Thinking>
Packet 01 is Task MARBLE. This is a logic puzzle involving sets and relationships. We are given that some pims are vorps, some vorps are trils, some trils are snicks, all snicks are
</Thinking>
<Final_Answers>
- Task MARBLE: VALID
- Task VOLCANO: VALID
- Task KAYAK: VALID
- Task METRONOME: XRAY KILO FOXTROT
- Task JIGSAW: W</Final_Answers>",gemma3:12b,12.0,Gemma3,95.5
5,non-ordered,True,True,48.0,,,,,semantic_4,cot,13,5,PYRAMID,"[5, 8, 10, 11, 13]",0.0,1024,512.0,135,3,VICTOR LIMA UNIFORM,,,,0,False,True,True,0.75,"[{""name"": ""MONGOOSE"", ""kind"": ""load"", ""packet"": 5, ""rank"": 1, ""answer"": ""VALID"", ""reported"": true, ""response"": ""INVALID"", ""correct"": false, ""correct_lenient"": false, ""answer_migrated"": false}, {""name"": ""NUTMEG"", ""kind"": ""load"", ""packet"": 8, ""rank"": 2, ""answer"": ""VALID"", ""reported"": true, ""response"": ""VALID"", ""correct"": true, ""correct_lenient"": true, ""answer_migrated"": false}, {""name"": ""EMERALD"", ""kind"": ""load"", ""packet"": 10, ""rank"": 3, ""answer"": ""VALID"", ""reported"": true, ""response"": ""VALID"", ""correct"": true, ""correct_lenient"": true, ""answer_migrated"": false}, {""name"": ""JIGSAW"", ""kind"": ""load"", ""packet"": 11, ""rank"": 4, ""answer"": ""VALID"", ""reported"": true, ""response"": ""VALID"", ""correct"": true, ""correct_lenient"": true, ""answer_migrated"": false}, {""name"": ""PYRAMID"", ""kind"": ""passphrase"", ""packet"": 13, ""rank"": 5, ""answer"": ""VICTOR LIMA UNIFORM"", ""reported"": true, ""response"": ""VICTOR LIMA UNIFORM</Final_Answers>"", ""correct"": false, ""correct_lenient"": true, ""answer_migrated"": false}]",5,0,0.0,48.0,True,False,False,False,False,1.0,0.0,False,"<Thinking>
Packet 05 is Task MONGOOSE. The logic states that no snicks are florks, and some skrans are trils. Since all trils are frans, and no snicks are florks, it does not necessarily
</Thinking>
<Final_Answers>
- Task MONGOOSE: INVALID
- Task NUTMEG: VALID
- Task EMERALD: VALID
- Task JIGSAW: VALID
- Task PYRAMID: VICTOR LIMA UNIFORM</Final_Answers>",gemma3:12b,12.0,Gemma3,95.5
5,non-ordered,True,True,48.0,,,,,semantic_4,cot,15,5,GONDOLA,"[4, 5, 9, 10, 15]",0.0,1024,512.0,1135,3,ROMEO OSCAR ECHO,,,,0,False,False,False,0.0,"[{""name"": ""ICEBERG"", ""kind"": ""load"", ""packet"": 4, ""rank"": 1, ""answer"": ""INVALID"", ""reported"": true, ""response"": ""VALID"", ""correct"": false, ""correct_lenient"": false, ""answer_migrated"": true}, {""name"": ""OBELISK"", ""kind"": ""load"", ""packet"": 5, ""rank"": 2, ""answer"": ""VALID"", ""reported"": false, ""response"": null, ""correct"": false, ""correct_lenient"": false, ""answer_migrated"": false}, {""name"": ""METRONOME"", ""kind"": ""load"", ""packet"": 9, ""rank"": 3, ""answer"": ""VALID"", ""reported"": false, ""response"": null, ""correct"": false, ""correct_lenient"": false, ""answer_migrated"": false}, {""name"": ""PYRAMID"", ""kind"": ""load"", ""packet"": 10, ""rank"": 4, ""answer"": ""VALID"", ""reported"": false, ""response"": null, ""correct"": false, ""correct_lenient"": false, ""answer_migrated"": false}, {""name"": ""GONDOLA"", ""kind"": ""passphrase"", ""packet"": 15, ""rank"": 5, ""answer"": ""ROMEO OSCAR ECHO"", ""reported"": false, ""response"": null, ""correct"": false, ""correct_lenient"": false, ""answer_migrated"": false}]",1,0,1.0,48.0,True,False,True,False,False,1.0,0.0,False,"<Thinking>
Packet 04 is Task ICEBERG. This is a logic puzzle. Let's analyze the statements: ""Some wumps are snorfs,"" ""Some snorfs are snicks,"" ""Some snicks are grints,""
</Thinking>
<Final_Answers>
- Task ICEBERG: VALID
</Final_Answers>",gemma3:12b,12.0,Gemma3,95.5
5,non-ordered,True,True,48.0,,,,,semantic_4,cot,15,5,HEDGEHOG,"[3, 10, 13, 14, 15]",0.0,1024,512.0,2135,3,TANGO ALPHA YANKEE,,,,0,False,True,True,0.0,"[{""name"": ""HAMMOCK"", ""kind"": ""load"", ""packet"": 3, ""rank"": 1, ""answer"": ""VALID"", ""reported"": true, ""response"": ""INVALID"", ""correct"": false, ""correct_lenient"": false, ""answer_migrated"": true}, {""name"": ""SCARECROW"", ""kind"": ""load"", ""packet"": 10, ""rank"": 2, ""answer"": ""R"", ""reported"": true, ""response"": ""V"", ""correct"": false, ""correct_lenient"": false, ""answer_migrated"": false}, {""name"": ""KETTLE"", ""kind"": ""load"", ""packet"": 13, ""rank"": 3, ""answer"": ""INVALID"", ""reported"": true, ""response"": ""VALID"", ""correct"": false, ""correct_lenient"": false, ""answer_migrated"": true}, {""name"": ""GARGOYLE"", ""kind"": ""load"", ""packet"": 14, ""rank"": 4, ""answer"": ""W"", ""reported"": true, ""response"": ""U"", ""correct"": false, ""correct_lenient"": false, ""answer_migrated"": false}, {""name"": ""HEDGEHOG"", ""kind"": ""passphrase"", ""packet"": 15, ""rank"": 5, ""answer"": ""TANGO ALPHA YANKEE"", ""reported"": true, ""response"": ""TANGO ALPHA YANKEE</Final_Answers>"", ""correct"": false, ""correct_lenient"": true, ""answer_migrated"": false}]",5,0,0.4,48.0,True,False,False,False,False,1.0,0.0,False,"<Thinking>
Packet 03 is Task HAMMOCK. We are given that all snicks are trels, all trels are mibs, no mibs are gleeps, all gleeps are plomps, and some pl
</Thinking>
<Final_Answers>
- Task HAMMOCK: INVALID
- Task SCARECROW: V
- Task KETTLE: VALID
- Task GARGOYLE: U
- Task HEDGEHOG: TANGO ALPHA YANKEE</Final_Answers>",gemma3:12b,12.0,Gemma3,95.5
5,non-ordered,True,True,48.0,,,,,semantic_4,cot,15,5,PLATYPUS,"[7, 8, 9, 10, 15]",0.0,1024,512.0,3135,3,NOVEMBER SIERRA ROMEO,,,,0,False,True,True,0.25,"[{""name"": ""WOMBAT"", ""kind"": ""load"", ""packet"": 7, ""rank"": 1, ""answer"": ""INVALID"", ""reported"": true, ""response"": ""VALID"", ""correct"": false, ""correct_lenient"": false, ""answer_migrated"": true}, {""name"": ""OBELISK"", ""kind"": ""load"", ""packet"": 8, ""rank"": 2, ""answer"": ""INVALID"", ""reported"": true, ""response"": ""INVALID"", ""correct"": true, ""correct_lenient"": true, ""answer_migrated"": false}, {""name"": ""WALNUT"", ""kind"": ""load"", ""packet"": 9, ""rank"": 3, ""answer"": ""INVALID"", ""reported"": true, ""response"": ""VALID"", ""correct"": false, ""correct_lenient"": false, ""answer_migrated"": true}, {""name"": ""CACTUS"", ""kind"": ""load"", ""packet"": 10, ""rank"": 4, ""answer"": ""VALID"", ""reported"": true, ""response"": ""INVALID"", ""correct"": false, ""correct_lenient"": false, ""answer_migrated"": true}, {""name"": ""PLATYPUS"", ""kind"": ""passphrase"", ""packet"": 15, ""rank"": 5, ""answer"": ""NOVEMBER SIERRA ROMEO"", ""reported"": true, ""response"": ""NOVEMBER SIERRA ROMEO</Final_Answers>"", ""correct"": false, ""correct_lenient"": true, ""answer_migrated"": false}]",5,0,0.6,48.0,True,False,False,False,False,1.0,0.0,False,"<Thinking>
Packet 07 is Task WOMBAT. We are given that all drovs are pims, all snicks are wumps, some pims are snicks, no wumps are smegs, and all smegs are
</Thinking>
<Final_Answers>
- Task WOMBAT: VALID
- Task OBELISK: INVALID
- Task WALNUT: VALID
- Task CACTUS: INVALID
- Task PLATYPUS: NOVEMBER SIERRA ROMEO</Final_Answers>",gemma3:12b,12.0,Gemma3,95.5
5,non-ordered,True,True,48.0,,,,,semantic_4,cot,11,5,URCHIN,"[1, 3, 6, 8, 11]",0.0,1024,512.0,4135,3,INDIA WHISKEY VICTOR,,,,0,False,True,True,0.75,"[{""name"": ""ICEBERG"", ""kind"": ""load"", ""packet"": 1, ""rank"": 1, ""answer"": ""INVALID"", ""reported"": true, ""response"": ""INVALID"", ""correct"": true, ""correct_lenient"": true, ""answer_migrated"": false}, {""name"": ""QUILT"", ""kind"": ""load"", ""packet"": 3, ""rank"": 2, ""answer"": ""YES"", ""reported"": true, ""response"": ""YES"", ""correct"": true, ""correct_lenient"": true, ""answer_migrated"": false}, {""name"": ""VOLCANO"", ""kind"": ""load"", ""packet"": 6, ""rank"": 3, ""answer"": ""INVALID"", ""reported"": true, ""response"": ""VALID"", ""correct"": false, ""correct_lenient"": false, ""answer_migrated"": false}, {""name"": ""TROMBONE"", ""kind"": ""load"", ""packet"": 8, ""rank"": 4, ""answer"": ""YES"", ""reported"": true, ""response"": ""YES"", ""correct"": true, ""correct_lenient"": true, ""answer_migrated"": false}, {""name"": ""URCHIN"", ""kind"": ""passphrase"", ""packet"": 11, ""rank"": 5, ""answer"": ""INDIA WHISKEY VICTOR"", ""reported"": true, ""response"": ""INDIA WHISKEY VICTOR</Final_Answers>"", ""correct"": false, ""correct_lenient"": true, ""answer_migrated"": false}]",5,0,0.0,48.0,True,False,False,False,False,1.0,0.0,False,"<Thinking>
Packet 01 is Task ICEBERG. The premises state that all morks are vrils, all vorps are trens, some vrils are vorps, no trens are drabs, and all drabs are snools
</Thinking>
<Final_Answers>
- Task ICEBERG: INVALID
- Task QUILT: YES
- Task VOLCANO: VALID
- Task TROMBONE: YES
- Task URCHIN: INDIA WHISKEY VICTOR</Final_Answers>",gemma3:12b,12.0,Gemma3,95.5
5,non-ordered,True,True,48.0,,,,,semantic_4,cot,13,5,TAPESTRY,"[1, 2, 3, 5, 13]",0.0,1024,512.0,5135,3,INDIA HOTEL QUEBEC,,,,0,False,True,True,0.75,"[{""name"": ""EMERALD"", ""kind"": ""load"", ""packet"": 1, ""rank"": 1, ""answer"": ""VALID"", ""reported"": true, ""response"": ""VALID"", ""correct"": true, ""correct_lenient"": true, ""answer_migrated"": false}, {""name"": ""FLAMINGO"", ""kind"": ""load"", ""packet"": 2, ""rank"": 2, ""answer"": ""YES"", ""reported"": true, ""response"": ""YES"", ""correct"": true, ""correct_lenient"": true, ""answer_migrated"": false}, {""name"": ""DANDELION"", ""kind"": ""load"", ""packet"": 3, ""rank"": 3, ""answer"": ""P"", ""reported"": true, ""response"": ""R"", ""correct"": false, ""correct_lenient"": false, ""answer_migrated"": false}, {""name"": ""YOGURT"", ""kind"": ""load"", ""packet"": 5, ""rank"": 4, ""answer"": ""VALID"", ""reported"": true, ""response"": ""VALID"", ""correct"": true, ""correct_lenient"": true, ""answer_migrated"": false}, {""name"": ""TAPESTRY"", ""kind"": ""passphrase"", ""packet"": 13, ""rank"": 5, ""answer"": ""INDIA HOTEL QUEBEC"", ""reported"": true, ""response"": ""INDIA HOTEL QUEBEC</Final_Answers>"", ""correct"": false, ""correct_lenient"": true, ""answer_migrated"": false}]",5,0,0.0,48.0,True,False,False,False,False,1.0,0.0,False,"<Thinking>
Packet 01 is Task EMERALD. The premises state that all trils are frans, all frans are snicks, and no snicks are florks. This means no trils can be florks. Therefore, the conclusion
</Thinking>
<Final_Answers>
- Task EMERALD: VALID
- Task FLAMINGO: YES
- Task DANDELION: R
- Task YOGURT: VALID
- Task TAPESTRY: INDIA HOTEL QUEBEC</Final_Answers>",gemma3:12b,12.0,Gemma3,95.5
5,non-ordered,True,True,48.0,,,,,semantic_4,cot,15,5,KAYAK,"[2, 8, 10, 14, 15]",0.0,1024,512.0,6135,3,ALPHA CHARLIE BRAVO,,,,0,False,True,True,0.25,"[{""name"": ""CARNIVAL"", ""kind"": ""load"", ""packet"": 2, ""rank"": 1, ""answer"": ""YES"", ""reported"": true, ""response"": ""YES"", ""correct"": true, ""correct_lenient"": true, ""answer_migrated"": false}, {""name"": ""MONGOOSE"", ""kind"": ""load"", ""packet"": 8, ""rank"": 2, ""answer"": ""R"", ""reported"": true, ""response"": ""V"", ""correct"": false, ""correct_lenient"": false, ""answer_migrated"": false}, {""name"": ""OBELISK"", ""kind"": ""load"", ""packet"": 10, ""rank"": 3, ""answer"": ""INVALID"", ""reported"": true, ""response"": ""VALID"", ""correct"": false, ""correct_lenient"": false, ""answer_migrated"": false}, {""name"": ""XYLOPHONE"", ""kind"": ""load"", ""packet"": 14, ""rank"": 4, ""answer"": ""INVALID"", ""reported"": true, ""response"": ""VALID"", ""correct"": false, ""correct_lenient"": false, ""answer_migrated"": false}, {""name"": ""KAYAK"", ""kind"": ""passphrase"", ""packet"": 15, ""rank"": 5, ""answer"": ""ALPHA CHARLIE BRAVO"", ""reported"": true, ""response"": ""ALPHA CHARLIE BRAVO</Final_Answers>"", ""correct"": false, ""correct_lenient"": true, ""answer_migrated"": false}]",5,0,0.0,48.0,True,False,False,False,False,2.0,0.0,False,"<Thinking>
Packet 02 is Task CARNIVAL. We have the following weight comparisons: Grace < Ravi < Quinn < Eve < Hank < Nick. Therefore, Eve is lighter than Nick. The answer is YES. Packet 08 is Task
</Thinking>
<Final_Answers>
- Task CARNIVAL: YES
- Task MONGOOSE: V
- Task OBELISK: VALID
- Task XYLOPHONE: VALID
- Task KAYAK: ALPHA CHARLIE BRAVO</Final_Answers>",gemma3:12b,12.0,Gemma3,95.5
5,non-ordered,True,True,48.0,,,,,semantic_4,cot,11,5,METRONOME,"[1, 5, 7, 8, 11]",0.0,1024,512.0,7135,3,XRAY KILO FOXTROT,,,,0,False,False,False,0.0,"[{""name"": ""DUMPLING"", ""kind"": ""load"", ""packet"": 1, ""rank"": 1, ""answer"": ""VALID"", ""reported"": true, ""response"": ""INVALID"", ""correct"": false, ""correct_lenient"": false, ""answer_migrated"": true}, {""name"": ""MARBLE"", ""kind"": ""load"", ""packet"": 5, ""rank"": 2, ""answer"": ""INVALID"", ""reported"": false, ""response"": null, ""correct"": false, ""correct_lenient"": false, ""answer_migrated"": false}, {""name"": ""VOLCANO"", ""kind"": ""load"", ""packet"": 7, ""rank"": 3, ""answer"": ""INVALID"", ""reported"": false, ""response"": null, ""correct"": false, ""correct_lenient"": false, ""answer_migrated"": false}, {""name"": ""KAYAK"", ""kind"": ""load"", ""packet"": 8, ""rank"": 4, ""answer"": ""INVALID"", ""reported"": false, ""response"": null, ""correct"": false, ""correct_lenient"": false, ""answer_migrated"": false}, {""name"": ""METRONOME"", ""kind"": ""passphrase"", ""packet"": 11, ""rank"": 5, ""answer"": ""XRAY KILO FOXTROT"", ""reported"": false, ""response"": null, ""correct"": false, ""correct_lenient"": false, ""answer_migrated"": false}]",1,0,1.0,48.0,True,False,True,False,False,1.0,0.0,False,"<Thinking>
Packet 01 is Task DUMPLING. The logic states ""All trens are trils,"" ""All trils are vrils,"" ""No vrils are smegs,"" and ""All smegs are knifs.""
</Thinking>
<Final_Answers>
- Task DUMPLING: INVALID
</Final_Answers>",gemma3:12b,12.0,Gemma3,95.5
5,non-ordered,False,True,96.0,,,,,trivial,cot,4,1,RASPBERRY,"[4, 6, 10, 11, 14]",0.0,1024,512.0,114,3,HOTEL SIERRA DELTA,,,,0,True,True,True,0.75,"[{""name"": ""RASPBERRY"", ""kind"": ""passphrase"", ""packet"": 4, ""rank"": 1, ""answer"": ""HOTEL SIERRA DELTA"", ""reported"": true, ""response"": ""HOTEL SIERRA DELTA"", ""correct"": true, ""correct_lenient"": true, ""answer_migrated"": false}, {""name"": ""NECTARINE"", ""kind"": ""load"", ""packet"": 6, ""rank"": 2, ""answer"": ""STORM"", ""reported"": true, ""response"": ""STORM"", ""correct"": true, ""correct_lenient"": true, ""answer_migrated"": false}, {""name"": ""PLATYPUS"", ""kind"": ""load"", ""packet"": 10, ""rank"": 3, ""answer"": ""BROWN"", ""reported"": true, ""response"": ""BROWN"", ""correct"": true, ""correct_lenient"": true, ""answer_migrated"": false}, {""name"": ""INKWELL"", ""kind"": ""load"", ""packet"": 11, ""rank"": 4, ""answer"": ""LAKE"", ""reported"": true, ""response"": ""LAKE"", ""correct"": true, ""correct_lenient"": true, ""answer_migrated"": false}, {""name"": ""KAYAK"", ""kind"": ""load"", ""packet"": 14, ""rank"": 5, ""answer"": ""FINCH"", ""reported"": true, ""response"": ""FINCH</Final_Answers>"", ""correct"": false, ""correct_lenient"": true, ""answer_migrated"": false}]",5,0,0.0,96.0,True,False,False,False,True,0.0,0.0,False,"<Thinking>
I have identified four tasks in this stream: RASPBERRY, NECTARINE, PLATYPUS, INKWELL and KAYAK. Task RASPBERRY requires me to copy-paste ""HOTEL SIERRA DELTA"". Task NECTARINE instructs me to report the word STORM as its result. Task PLATYPUS instructs me to report the word BROWN as its result. Task INKWELL instructs me to report the word LAKE as its result.
</Thinking>
<Final_Answers>
- Task RASPBERRY: HOTEL SIERRA DELTA
- Task NECTARINE: STORM
- Task PLATYPUS: BROWN
- Task INKWELL: LAKE
- Task KAYAK: FINCH</Final_Answers>",gemma3:12b,12.0,Gemma3,95.5
5,non-ordered,False,True,96.0,,,,,trivial,cot,14,5,CENTIPEDE,"[8, 10, 11, 12, 14]",0.0,1024,512.0,1114,3,QUEBEC INDIA OSCAR,,,,0,False,True,True,1.0,"[{""name"": ""METRONOME"", ""kind"": ""load"", ""packet"": 8, ""rank"": 1, ""answer"": ""RICE"", ""reported"": true, ""response"": ""RICE"", ""correct"": true, ""correct_lenient"": true, ""answer_migrated"": false}, {""name"": ""CATAPULT"", ""kind"": ""load"", ""packet"": 10, ""rank"": 2, ""answer"": ""SPOON"", ""reported"": true, ""response"": ""SPOON"", ""correct"": true, ""correct_lenient"": true, ""answer_migrated"": false}, {""name"": ""LANTERN"", ""kind"": ""load"", ""packet"": 11, ""rank"": 3, ""answer"": ""CHERRY"", ""reported"": true, ""response"": ""CHERRY"", ""correct"": true, ""correct_lenient"": true, ""answer_migrated"": false}, {""name"": ""DAFFODIL"", ""kind"": ""load"", ""packet"": 12, ""rank"": 4, ""answer"": ""PLATE"", ""reported"": true, ""response"": ""PLATE"", ""correct"": true, ""correct_lenient"": true, ""answer_migrated"": false}, {""name"": ""CENTIPEDE"", ""kind"": ""passphrase"", ""packet"": 14, ""rank"": 5, ""answer"": ""QUEBEC INDIA OSCAR"", ""reported"": true, ""response"": ""QUEBEC INDIA OSCAR</Final_Answers>"", ""correct"": false, ""correct_lenient"": true, ""answer_migrated"": false}]",5,0,0.0,96.0,True,False,False,False,False,0.0,0.0,False,"<Thinking>
I have identified four tasks in this stream: METRONOME, CATAPULT, LANTERN, and DAFFODIL. Task METRONOME requires me to report the word RICE. Task CATAPULT requires me to report the word SPOON. Task LANTERN requires me to report the word CHERRY. Task DAFFODIL requires me to report the word PLATE. There is also a task CENTIPEDE, which asks for three words to be copied and pasted
</Thinking>
<Final_Answers>
- Task METRONOME: RICE
- Task CATAPULT: SPOON
- Task LANTERN: CHERRY
- Task DAFFODIL: PLATE
- Task CENTIPEDE: QUEBEC INDIA OSCAR</Final_Answers>",gemma3:12b,12.0,Gemma3,95.5
5,non-ordered,False,True,96.0,,,,,trivial,cot,4,1,YOGURT,"[4, 5, 8, 9, 15]",0.0,1024,512.0,2114,3,HOTEL GOLF VICTOR,,,,0,True,True,True,0.5,"[{""name"": ""YOGURT"", ""kind"": ""passphrase"", ""packet"": 4, ""rank"": 1, ""answer"": ""HOTEL GOLF VICTOR"", ""reported"": true, ""response"": ""HOTEL GOLF VICTOR"", ""correct"": true, ""correct_lenient"": true, ""answer_migrated"": false}, {""name"": ""EGGPLANT"", ""kind"": ""load"", ""packet"": 5, ""rank"": 2, ""answer"": ""BEAR"", ""reported"": true, ""response"": ""BEAR"", ""correct"": true, ""correct_lenient"": true, ""answer_migrated"": false}, {""name"": ""PISTACHIO"", ""kind"": ""load"", ""packet"": 8, ""rank"": 3, ""answer"": ""MAROON"", ""reported"": true, ""response"": ""MAROON"", ""correct"": true, ""correct_lenient"": true, ""answer_migrated"": false}, {""name"": ""QUARRY"", ""kind"": ""load"", ""packet"": 9, ""rank"": 4, ""answer"": ""VIOLET"", ""reported"": true, ""response"": ""VIOLET</Final_Answers>"", ""correct"": false, ""correct_lenient"": true, ""answer_migrated"": false}, {""name"": ""TROMBONE"", ""kind"": ""load"", ""packet"": 15, ""rank"": 5, ""answer"": ""DUCK"", ""reported"": false, ""response"": null, ""correct"": false, ""correct_lenient"": false, ""answer_migrated"": false}]",4,0,0.0,96.0,True,False,False,False,True,4.0,0.0,False,"<Thinking>
I have identified four tasks in this stream. Packet 04 is Task YOGURT; I must copy ""HOTEL GOLF VICTOR"". Packet 05 is Task EGGPLANT; I must report the word BEAR as its result. Packet 08 is Task PISTACHIO; I must report the word MAROON as its result. Packet 09 is Task QUARRY; I must report the word VIOLET as its result. Packet
</Thinking>
<Final_Answers>
- Task YOGURT: HOTEL GOLF VICTOR
- Task EGGPLANT: BEAR
- Task PISTACHIO: MAROON
- Task QUARRY: VIOLET</Final_Answers>",gemma3:12b,12.0,Gemma3,95.5
5,non-ordered,False,True,96.0,,,,,trivial,cot,11,4,SAXOPHONE,"[5, 7, 8, 11, 13]",0.0,1024,512.0,3114,3,HOTEL INDIA ROMEO,,,,0,True,True,True,0.75,"[{""name"": ""PARSNIP"", ""kind"": ""load"", ""packet"": 5, ""rank"": 1, ""answer"": ""CAT"", ""reported"": true, ""response"": ""CAT"", ""correct"": true, ""correct_lenient"": true, ""answer_migrated"": false}, {""name"": ""PELICAN"", ""kind"": ""load"", ""packet"": 7, ""rank"": 2, ""answer"": ""ONION"", ""reported"": true, ""response"": ""ONION"", ""correct"": true, ""correct_lenient"": true, ""answer_migrated"": false}, {""name"": ""DUMPLING"", ""kind"": ""load"", ""packet"": 8, ""rank"": 3, ""answer"": ""GRAPE"", ""reported"": true, ""response"": ""GRAPE"", ""correct"": true, ""correct_lenient"": true, ""answer_migrated"": false}, {""name"": ""SAXOPHONE"", ""kind"": ""passphrase"", ""packet"": 11, ""rank"": 4, ""answer"": ""HOTEL INDIA ROMEO"", ""reported"": true, ""response"": ""HOTEL INDIA ROMEO"", ""correct"": true, ""correct_lenient"": true, ""answer_migrated"": false}, {""name"": ""DAFFODIL"", ""kind"": ""load"", ""packet"": 13, ""rank"": 5, ""answer"": ""WALL"", ""reported"": true, ""response"": ""WALL</Final_Answers>"", ""correct"": false, ""correct_lenient"": true, ""answer_migrated"": false}]",5,0,0.0,96.0,True,False,False,False,True,0.0,0.0,False,"<Thinking>
I have identified four tasks in this stream: PARSNIP, PELICAN, DUMPLING, SAXOPHONE and DAFFODIL. Task PARSNIP requires me to report the word CAT. Task PELICAN requires me to report the word ONION. Task DUMPLING requires me to report the word GRAPE. Task SAXOPHONE requires me to copy-paste ""HOTEL INDIA ROMEO"". Task DAFFODIL requires me to report the word
</Thinking>
<Final_Answers>
- Task PARSNIP: CAT
- Task PELICAN: ONION
- Task DUMPLING: GRAPE
- Task SAXOPHONE: HOTEL INDIA ROMEO
- Task DAFFODIL: WALL</Final_Answers>",gemma3:12b,12.0,Gemma3,95.5
5,non-ordered,False,True,96.0,,,,,trivial,cot,9,4,HAMMOCK,"[1, 2, 4, 9, 15]",0.0,1024,512.0,4114,3,ALPHA XRAY WHISKEY,,,,0,True,True,True,0.75,"[{""name"": ""UNICYCLE"", ""kind"": ""load"", ""packet"": 1, ""rank"": 1, ""answer"": ""WOLF"", ""reported"": true, ""response"": ""WOLF"", ""correct"": true, ""correct_lenient"": true, ""answer_migrated"": false}, {""name"": ""KUMQUAT"", ""kind"": ""load"", ""packet"": 2, ""rank"": 2, ""answer"": ""CRAB"", ""reported"": true, ""response"": ""CRAB"", ""correct"": true, ""correct_lenient"": true, ""answer_migrated"": false}, {""name"": ""GONDOLA"", ""kind"": ""load"", ""packet"": 4, ""rank"": 3, ""answer"": ""LAMP"", ""reported"": true, ""response"": ""LAMP"", ""correct"": true, ""correct_lenient"": true, ""answer_migrated"": false}, {""name"": ""HAMMOCK"", ""kind"": ""passphrase"", ""packet"": 9, ""rank"": 4, ""answer"": ""ALPHA XRAY WHISKEY"", ""reported"": true, ""response"": ""ALPHA XRAY WHISKEY"", ""correct"": true, ""correct_lenient"": true, ""answer_migrated"": false}, {""name"": ""WATERMELON"", ""kind"": ""load"", ""packet"": 15, ""rank"": 5, ""answer"": ""CARROT"", ""reported"": true, ""response"": ""CARROT</Final_Answers>"", ""correct"": false, ""correct_lenient"": true, ""answer_migrated"": false}]",5,0,0.0,96.0,True,False,False,False,True,5.0,0.0,False,"<Thinking>
Packet 01 is Task UNICYCLE: The instructions say to report the word WOLF. Packet 02 is Task KUMQUAT: The instructions say to report the word CRAB. Packet 04 is Task GONDOLA: The instructions say to report the word LAMP. Packet 09 is Task HAMMOCK: I must copy-paste ""ALPHA XRAY WHISKEY"". Packet 15 is Task WATERMELON: The instructions say to
</Thinking>
<Final_Answers>
- Task UNICYCLE: WOLF
- Task KUMQUAT: CRAB
- Task GONDOLA: LAMP
- Task HAMMOCK: ALPHA XRAY WHISKEY
- Task WATERMELON: CARROT</Final_Answers>",gemma3:12b,12.0,Gemma3,95.5
5,non-ordered,False,True,96.0,,,,,trivial,cot,4,1,JIGSAW,"[4, 10, 11, 12, 14]",0.0,1024,512.0,5114,3,GOLF QUEBEC OSCAR,,,,0,True,True,True,0.75,"[{""name"": ""JIGSAW"", ""kind"": ""passphrase"", ""packet"": 4, ""rank"": 1, ""answer"": ""GOLF QUEBEC OSCAR"", ""reported"": true, ""response"": ""GOLF QUEBEC OSCAR"", ""correct"": true, ""correct_lenient"": true, ""answer_migrated"": false}, {""name"": ""ORIGAMI"", ""kind"": ""load"", ""packet"": 10, ""rank"": 2, ""answer"": ""SEAL"", ""reported"": true, ""response"": ""SEAL"", ""correct"": true, ""correct_lenient"": true, ""answer_migrated"": false}, {""name"": ""QUICKSAND"", ""kind"": ""load"", ""packet"": 11, ""rank"": 3, ""answer"": ""TABLE"", ""reported"": true, ""response"": ""TABLE"", ""correct"": true, ""correct_lenient"": true, ""answer_migrated"": false}, {""name"": ""BLIZZARD"", ""kind"": ""load"", ""packet"": 12, ""rank"": 4, ""answer"": ""BLUE"", ""reported"": true, ""response"": ""BLUE"", ""correct"": true, ""correct_lenient"": true, ""answer_migrated"": false}, {""name"": ""BAGPIPE"", ""kind"": ""load"", ""packet"": 14, ""rank"": 5, ""answer"": ""BLACK"", ""reported"": true, ""response"": ""BLACK</Final_Answers>"", ""correct"": false, ""correct_lenient"": true, ""answer_migrated"": false}]",5,0,0.0,96.0,True,False,False,False,True,5.0,0.0,False,"<Thinking>
Packet 04 is Task JIGSAW: I must copy the three words GOLF QUEBEC OSCAR. Packet 10 is Task ORIGAMI: The task requires me to report the word SEAL. Packet 11 is Task QUICKSAND: The task requires me to report the word TABLE. Packet 12 is Task BLIZZARD: The task requires me to report the word BLUE. Packet 14 is Task BAGPIPE: The task requires me
</Thinking>
<Final_Answers>
- Task JIGSAW: GOLF QUEBEC OSCAR
- Task ORIGAMI: SEAL
- Task QUICKSAND: TABLE
- Task BLIZZARD: BLUE
- Task BAGPIPE: BLACK</Final_Answers>",gemma3:12b,12.0,Gemma3,95.5
5,non-ordered,False,True,96.0,,,,,trivial,cot,14,5,ZIGZAG,"[7, 9, 11, 12, 14]",0.0,1024,512.0,6114,3,CHARLIE SIERRA ECHO,,,,0,False,True,True,1.0,"[{""name"": ""JIGSAW"", ""kind"": ""load"", ""packet"": 7, ""rank"": 1, ""answer"": ""CRAB"", ""reported"": true, ""response"": ""CRAB"", ""correct"": true, ""correct_lenient"": true, ""answer_migrated"": false}, {""name"": ""ZEPPELIN"", ""kind"": ""load"", ""packet"": 9, ""rank"": 2, ""answer"": ""LEMON"", ""reported"": true, ""response"": ""LEMON"", ""correct"": true, ""correct_lenient"": true, ""answer_migrated"": false}, {""name"": ""CACTUS"", ""kind"": ""load"", ""packet"": 11, ""rank"": 3, ""answer"": ""MAROON"", ""reported"": true, ""response"": ""MAROON"", ""correct"": true, ""correct_lenient"": true, ""answer_migrated"": false}, {""name"": ""HARMONICA"", ""kind"": ""load"", ""packet"": 12, ""rank"": 4, ""answer"": ""STONE"", ""reported"": true, ""response"": ""STONE"", ""correct"": true, ""correct_lenient"": true, ""answer_migrated"": false}, {""name"": ""ZIGZAG"", ""kind"": ""passphrase"", ""packet"": 14, ""rank"": 5, ""answer"": ""CHARLIE SIERRA ECHO"", ""reported"": true, ""response"": ""CHARLIE SIERRA ECHO</Final_Answers>"", ""correct"": false, ""correct_lenient"": true, ""answer_migrated"": false}]",5,0,0.0,96.0,True,False,False,False,False,0.0,0.0,False,"<Thinking>
I have identified four tasks in this stream: JIGSAW, ZEPPELIN, CACTUS, HARMONICA and ZIGZAG. Task JIGSAW requires me to report the word CRAB. Task ZEPPELIN requires me to report the word LEMON. Task CACTUS requires me to report the word MAROON. Task HARMONICA requires me to report the word STONE. Task ZIGZAG requires me to copy-
</Thinking>
<Final_Answers>
- Task JIGSAW: CRAB
- Task ZEPPELIN: LEMON
- Task CACTUS: MAROON
- Task HARMONICA: STONE
- Task ZIGZAG: CHARLIE SIERRA ECHO</Final_Answers>",gemma3:12b,12.0,Gemma3,95.5
5,non-ordered,False,True,96.0,,,,,trivial,cot,3,2,UKULELE,"[2, 3, 6, 13, 15]",0.0,1024,512.0,7114,3,HOTEL PAPA FOXTROT,,,,0,True,True,True,0.75,"[{""name"": ""DAFFODIL"", ""kind"": ""load"", ""packet"": 2, ""rank"": 1, ""answer"": ""GARLIC"", ""reported"": true, ""response"": ""GARLIC"", ""correct"": true, ""correct_lenient"": true, ""answer_migrated"": false}, {""name"": ""UKULELE"", ""kind"": ""passphrase"", ""packet"": 3, ""rank"": 2, ""answer"": ""HOTEL PAPA FOXTROT"", ""reported"": true, ""response"": ""HOTEL PAPA FOXTROT"", ""correct"": true, ""correct_lenient"": true, ""answer_migrated"": false}, {""name"": ""VOLCANO"", ""kind"": ""load"", ""packet"": 6, ""rank"": 3, ""answer"": ""CYAN"", ""reported"": true, ""response"": ""CYAN"", ""correct"": true, ""correct_lenient"": true, ""answer_migrated"": false}, {""name"": ""VINEYARD"", ""kind"": ""load"", ""packet"": 13, ""rank"": 4, ""answer"": ""OWL"", ""reported"": true, ""response"": ""OWL"", ""correct"": true, ""correct_lenient"": true, ""answer_migrated"": false}, {""name"": ""RAVIOLI"", ""kind"": ""load"", ""packet"": 15, ""rank"": 5, ""answer"": ""WHITE"", ""reported"": true, ""response"": ""WHITE</Final_Answers>"", ""correct"": false, ""correct_lenient"": true, ""answer_migrated"": false}]",5,0,0.0,96.0,True,False,False,False,True,3.0,0.0,False,"<Thinking>
I have identified four tasks in this stream: DAFFODIL, UKULELE, VOLCANO, VINEYARD and RAVIOLI. Packet 02 is Task DAFFODIL; I must report the word GARLIC as its result. Packet 03 is Task UKULELE; I must copy-paste ""HOTEL PAPA FOXTROT"". Packet 06 is Task VOLCANO; I must report the word CYAN as its result.
</Thinking>
<Final_Answers>
- Task DAFFODIL: GARLIC
- Task UKULELE: HOTEL PAPA FOXTROT
- Task VOLCANO: CYAN
- Task VINEYARD: OWL
- Task RAVIOLI: WHITE</Final_Answers>",gemma3:12b,12.0,Gemma3,95.5
5,non-ordered,True,True,96.0,,,,,trivial,cot,14,5,INKWELL,"[4, 6, 10, 11, 14]",0.0,1024,512.0,114,3,HOTEL SIERRA DELTA,,,,0,False,True,True,1.0,"[{""name"": ""TROMBONE"", ""kind"": ""load"", ""packet"": 4, ""rank"": 1, ""answer"": ""STONE"", ""reported"": true, ""response"": ""STONE"", ""correct"": true, ""correct_lenient"": true, ""answer_migrated"": false}, {""name"": ""RASPBERRY"", ""kind"": ""load"", ""packet"": 6, ""rank"": 2, ""answer"": ""WHALE"", ""reported"": true, ""response"": ""WHALE"", ""correct"": true, ""correct_lenient"": true, ""answer_migrated"": false}, {""name"": ""NECTARINE"", ""kind"": ""load"", ""packet"": 10, ""rank"": 3, ""answer"": ""STORM"", ""reported"": true, ""response"": ""STORM"", ""correct"": true, ""correct_lenient"": true, ""answer_migrated"": false}, {""name"": ""PLATYPUS"", ""kind"": ""load"", ""packet"": 11, ""rank"": 4, ""answer"": ""BROWN"", ""reported"": true, ""response"": ""BROWN"", ""correct"": true, ""correct_lenient"": true, ""answer_migrated"": false}, {""name"": ""INKWELL"", ""kind"": ""passphrase"", ""packet"": 14, ""rank"": 5, ""answer"": ""HOTEL SIERRA DELTA"", ""reported"": true, ""response"": ""HOTEL SIERRA DELTA</Final_Answers>"", ""correct"": false, ""correct_lenient"": true, ""answer_migrated"": false}]",5,0,0.0,96.0,True,False,False,False,False,5.0,0.0,False,"<Thinking>
Packet 04 is Task TROMBONE: The instructions state to report the word STONE as the result. Packet 06 is Task RASPBERRY: The instructions state to report the word WHALE as the result. Packet 10 is Task NECTARINE: The instructions state to report the word STORM as the result. Packet 11 is Task PLATYPUS: The instructions state to report the word BROWN as the result. Packet 14
</Thinking>
<Final_Answers>
- Task TROMBONE: STONE
- Task RASPBERRY: WHALE
- Task NECTARINE: STORM
- Task PLATYPUS: BROWN
- Task INKWELL: HOTEL SIERRA DELTA</Final_Answers>",gemma3:12b,12.0,Gemma3,95.5
5,non-ordered,True,True,96.0,,,,,trivial,cot,14,5,DAFFODIL,"[8, 10, 11, 12, 14]",0.0,1024,512.0,1114,3,QUEBEC INDIA OSCAR,,,,0,False,True,True,1.0,"[{""name"": ""WALNUT"", ""kind"": ""load"", ""packet"": 8, ""rank"": 1, ""answer"": ""BREAD"", ""reported"": true, ""response"": ""BREAD"", ""correct"": true, ""correct_lenient"": true, ""answer_migrated"": false}, {""name"": ""METRONOME"", ""kind"": ""load"", ""packet"": 10, ""rank"": 2, ""answer"": ""RICE"", ""reported"": true, ""response"": ""RICE"", ""correct"": true, ""correct_lenient"": true, ""answer_migrated"": false}, {""name"": ""CATAPULT"", ""kind"": ""load"", ""packet"": 11, ""rank"": 3, ""answer"": ""SPOON"", ""reported"": true, ""response"": ""SPOON"", ""correct"": true, ""correct_lenient"": true, ""answer_migrated"": false}, {""name"": ""LANTERN"", ""kind"": ""load"", ""packet"": 12, ""rank"": 4, ""answer"": ""CHERRY"", ""reported"": true, ""response"": ""CHERRY"", ""correct"": true, ""correct_lenient"": true, ""answer_migrated"": false}, {""name"": ""DAFFODIL"", ""kind"": ""passphrase"", ""packet"": 14, ""rank"": 5, ""answer"": ""QUEBEC INDIA OSCAR"", ""reported"": true, ""response"": ""QUEBEC INDIA OSCAR</Final_Answers>"", ""correct"": false, ""correct_lenient"": true, ""answer_migrated"": false}]",5,0,0.0,96.0,True,False,False,False,False,0.0,0.0,False,"<Thinking>
I have identified four tasks in this stream: WALNUT, METRONOME, CATAPULT, LANTERN and DAFFODIL. Task WALNUT requires me to report the word BREAD as its result. Task METRONOME requires me to report the word RICE. Task CATAPULT requires me to report the word SPOON. Task LANTERN requires me to report the word CHERRY. Task DAFFODIL requires me to copy-paste ""QUEBEC INDIA
</Thinking>
<Final_Answers>
- Task WALNUT: BREAD
- Task METRONOME: RICE
- Task CATAPULT: SPOON
- Task LANTERN: CHERRY
- Task DAFFODIL: QUEBEC INDIA OSCAR</Final_Answers>",gemma3:12b,12.0,Gemma3,95.5
5,non-ordered,True,True,96.0,,,,,trivial,cot,15,5,QUARRY,"[4, 5, 8, 9, 15]",0.0,1024,512.0,2114,3,HOTEL GOLF VICTOR,,,,0,False,True,True,1.0,"[{""name"": ""TROMBONE"", ""kind"": ""load"", ""packet"": 4, ""rank"": 1, ""answer"": ""BLACK"", ""reported"": true, ""response"": ""BLACK"", ""correct"": true, ""correct_lenient"": true, ""answer_migrated"": false}, {""name"": ""YOGURT"", ""kind"": ""load"", ""packet"": 5, ""rank"": 2, ""answer"": ""BEAR"", ""reported"": true, ""response"": ""BEAR"", ""correct"": true, ""correct_lenient"": true, ""answer_migrated"": false}, {""name"": ""EGGPLANT"", ""kind"": ""load"", ""packet"": 8, ""rank"": 3, ""answer"": ""MAROON"", ""reported"": true, ""response"": ""MAROON"", ""correct"": true, ""correct_lenient"": true, ""answer_migrated"": false}, {""name"": ""PISTACHIO"", ""kind"": ""load"", ""packet"": 9, ""rank"": 4, ""answer"": ""VIOLET"", ""reported"": true, ""response"": ""VIOLET"", ""correct"": true, ""correct_lenient"": true, ""answer_migrated"": false}, {""name"": ""QUARRY"", ""kind"": ""passphrase"", ""packet"": 15, ""rank"": 5, ""answer"": ""HOTEL GOLF VICTOR"", ""reported"": true, ""response"": ""HOTEL GOLF VICTOR</Final_Answers>"", ""correct"": false, ""correct_lenient"": true, ""answer_migrated"": false}]",5,0,0.0,96.0,True,False,False,False,False,4.0,0.0,False,"<Thinking>
I have identified five tasks in this data stream. Packet 04 is Task TROMBONE; I must report the word BLACK as its result. Packet 05 is Task YOGURT; I must report the word BEAR as its result. Packet 08 is Task EGGPLANT; I must report the word MAROON as its result. Packet 09 is Task PISTACHIO; I must report the word VIOLET as its
</Thinking>
<Final_Answers>
- Task TROMBONE: BLACK
- Task YOGURT: BEAR
- Task EGGPLANT: MAROON
- Task PISTACHIO: VIOLET
- Task QUARRY: HOTEL GOLF VICTOR</Final_Answers>",gemma3:12b,12.0,Gemma3,95.5
5,non-ordered,True,True,96.0,,,,,trivial,cot,13,5,SAXOPHONE,"[5, 7, 8, 11, 13]",0.0,1024,512.0,3114,3,HOTEL INDIA ROMEO,,,,0,False,True,True,0.75,"[{""name"": ""BONSAI"", ""kind"": ""load"", ""packet"": 5, ""rank"": 1, ""answer"": ""FOX"", ""reported"": true, ""response"": ""FOX"", ""correct"": true, ""correct_lenient"": true, ""answer_migrated"": false}, {""name"": ""PARSNIP"", ""kind"": ""load"", ""packet"": 7, ""rank"": 2, ""answer"": ""CAT"", ""reported"": true, ""response"": ""CAT"", ""correct"": true, ""correct_lenient"": true, ""answer_migrated"": false}, {""name"": ""PELICAN"", ""kind"": ""load"", ""packet"": 8, ""rank"": 3, ""answer"": ""ONION"", ""reported"": true, ""response"": ""ONION"", ""correct"": true, ""correct_lenient"": true, ""answer_migrated"": false}, {""name"": ""DUMPLING"", ""kind"": ""load"", ""packet"": 11, ""rank"": 4, ""answer"": ""GRAPE"", ""reported"": false, ""response"": null, ""correct"": false, ""correct_lenient"": false, ""answer_migrated"": false}, {""name"": ""SAXOPHONE"", ""kind"": ""passphrase"", ""packet"": 13, ""rank"": 5, ""answer"": ""HOTEL INDIA ROMEO"", ""reported"": true, ""response"": ""HOTEL INDIA ROMEO</Final_Answers>"", ""correct"": false, ""correct_lenient"": true, ""answer_migrated"": false}]",4,0,0.0,92.0,False,False,False,False,True,4.0,0.0,False,"<Thinking>
I have identified four tasks in this stream. Packet 05 is Task BONSAI; it requires me to report the word FOX. Packet 07 is Task PARSNIP; I must report the word CAT. Packet 08 is Task PELICAN; I need to report the word ONION. Packet 13 is Task SAXOPHONE; I am instructed to copy-paste ""HOTEL INDIA ROMEO"".
</Thinking>
<Final_Answers>
- Task BONSAI: FOX
- Task PARSNIP: CAT
- Task PELICAN: ONION
- Task SAXOPHONE: HOTEL INDIA ROMEO</Final_Answers>",gemma3:12b,12.0,Gemma3,95.5
5,non-ordered,True,True,96.0,,,,,trivial,cot,15,5,HAMMOCK,"[1, 2, 4, 9, 15]",0.0,1024,512.0,4114,3,ALPHA XRAY WHISKEY,,,,0,False,True,True,1.0,"[{""name"": ""HARMONICA"", ""kind"": ""load"", ""packet"": 1, ""rank"": 1, ""answer"": ""BLUE"", ""reported"": true, ""response"": ""BLUE"", ""correct"": true, ""correct_lenient"": true, ""answer_migrated"": false}, {""name"": ""UNICYCLE"", ""kind"": ""load"", ""packet"": 2, ""rank"": 2, ""answer"": ""WOLF"", ""reported"": true, ""response"": ""WOLF"", ""correct"": true, ""correct_lenient"": true, ""answer_migrated"": false}, {""name"": ""KUMQUAT"", ""kind"": ""load"", ""packet"": 4, ""rank"": 3, ""answer"": ""CRAB"", ""reported"": true, ""response"": ""CRAB"", ""correct"": true, ""correct_lenient"": true, ""answer_migrated"": false}, {""name"": ""GONDOLA"", ""kind"": ""load"", ""packet"": 9, ""rank"": 4, ""answer"": ""LAMP"", ""reported"": true, ""response"": ""LAMP"", ""correct"": true, ""correct_lenient"": true, ""answer_migrated"": false}, {""name"": ""HAMMOCK"", ""kind"": ""passphrase"", ""packet"": 15, ""rank"": 5, ""answer"": ""ALPHA XRAY WHISKEY"", ""reported"": true, ""response"": ""ALPHA XRAY WHISKEY</Final_Answers>"", ""correct"": false, ""correct_lenient"": true, ""answer_migrated"": false}]",5,0,0.0,96.0,True,False,False,False,False,5.0,0.0,False,"<Thinking>
Packet 01 is Task HARMONICA: The instructions say to report the word BLUE. Packet 02 is Task UNICYCLE: The instructions say to report the word WOLF. Packet 04 is Task KUMQUAT: The instructions say to report the word CRAB. Packet 09 is Task GONDOLA: The instructions say to report the word LAMP. Packet 15 is Task HAMMOCK: I must copy-paste ""ALPHA X
</Thinking>
<Final_Answers>
- Task HARMONICA: BLUE
- Task UNICYCLE: WOLF
- Task KUMQUAT: CRAB
- Task GONDOLA: LAMP
- Task HAMMOCK: ALPHA XRAY WHISKEY</Final_Answers>",gemma3:12b,12.0,Gemma3,95.5
5,non-ordered,True,True,96.0,,,,,trivial,cot,14,5,BLIZZARD,"[4, 10, 11, 12, 14]",0.0,1024,512.0,5114,3,GOLF QUEBEC OSCAR,,,,0,False,True,True,1.0,"[{""name"": ""LANTERN"", ""kind"": ""load"", ""packet"": 4, ""rank"": 1, ""answer"": ""GOOSE"", ""reported"": true, ""response"": ""GOOSE"", ""correct"": true, ""correct_lenient"": true, ""answer_migrated"": false}, {""name"": ""JIGSAW"", ""kind"": ""load"", ""packet"": 10, ""rank"": 2, ""answer"": ""SEAL"", ""reported"": true, ""response"": ""SEAL"", ""correct"": true, ""correct_lenient"": true, ""answer_migrated"": false}, {""name"": ""ORIGAMI"", ""kind"": ""load"", ""packet"": 11, ""rank"": 3, ""answer"": ""TABLE"", ""reported"": true, ""response"": ""TABLE"", ""correct"": true, ""correct_lenient"": true, ""answer_migrated"": false}, {""name"": ""QUICKSAND"", ""kind"": ""load"", ""packet"": 12, ""rank"": 4, ""answer"": ""BLUE"", ""reported"": true, ""response"": ""BLUE"", ""correct"": true, ""correct_lenient"": true, ""answer_migrated"": false}, {""name"": ""BLIZZARD"", ""kind"": ""passphrase"", ""packet"": 14, ""rank"": 5, ""answer"": ""GOLF QUEBEC OSCAR"", ""reported"": true, ""response"": ""GOLF QUEBEC OSCAR</Final_Answers>"", ""correct"": false, ""correct_lenient"": true, ""answer_migrated"": false}]",5,0,0.0,96.0,True,False,False,False,False,5.0,0.0,False,"<Thinking>
Packet 04 is Task LANTERN: The instructions state to report the word GOOSE. Packet 10 is Task JIGSAW: The instructions state to report the word SEAL. Packet 11 is Task ORIGAMI: The instructions state to report the word TABLE. Packet 12 is Task QUICKSAND: The instructions state to report the word BLUE. Packet 14 is Task BLIZZARD: I must copy-paste the three words GOLF
</Thinking>
<Final_Answers>
- Task LANTERN: GOOSE
- Task JIGSAW: SEAL
- Task ORIGAMI: TABLE
- Task QUICKSAND: BLUE
- Task BLIZZARD: GOLF QUEBEC OSCAR</Final_Answers>",gemma3:12b,12.0,Gemma3,95.5
5,non-ordered,True,True,96.0,,,,,trivial,cot,14,5,CACTUS,"[7, 9, 11, 12, 14]",0.0,1024,512.0,6114,3,CHARLIE SIERRA ECHO,,,,0,False,False,False,0.75,"[{""name"": ""ROOSTER"", ""kind"": ""load"", ""packet"": 7, ""rank"": 1, ""answer"": ""DOOR"", ""reported"": true, ""response"": ""DOOR"", ""correct"": true, ""correct_lenient"": true, ""answer_migrated"": false}, {""name"": ""SAXOPHONE"", ""kind"": ""load"", ""packet"": 9, ""rank"": 2, ""answer"": ""ROOT"", ""reported"": true, ""response"": ""ROOT"", ""correct"": true, ""correct_lenient"": true, ""answer_migrated"": false}, {""name"": ""JIGSAW"", ""kind"": ""load"", ""packet"": 11, ""rank"": 3, ""answer"": ""CRAB"", ""reported"": true, ""response"": ""CRAB"", ""correct"": true, ""correct_lenient"": true, ""answer_migrated"": false}, {""name"": ""ZEPPELIN"", ""kind"": ""load"", ""packet"": 12, ""rank"": 4, ""answer"": ""LEMON"", ""reported"": true, ""response"": ""LEMON</Final_Answers>"", ""correct"": false, ""correct_lenient"": true, ""answer_migrated"": false}, {""name"": ""CACTUS"", ""kind"": ""passphrase"", ""packet"": 14, ""rank"": 5, ""answer"": ""CHARLIE SIERRA ECHO"", ""reported"": false, ""response"": null, ""correct"": false, ""correct_lenient"": false, ""answer_migrated"": false}]",4,0,0.0,96.0,True,False,True,False,False,4.0,0.0,False,"<Thinking>
I have identified four tasks in this stream. Packet 07 is Task ROOSTER; I must report the word DOOR as its result. Packet 09 is Task SAXOPHONE; I must report the word ROOT as its result. Packet 11 is Task JIGSAW; I must report the word CRAB as its result. Packet 12 is Task ZEPPELIN; I must report the word LEMON as its result. Packet 
</Thinking>
<Final_Answers>
- Task ROOSTER: DOOR
- Task SAXOPHONE: ROOT
- Task JIGSAW: CRAB
- Task ZEPPELIN: LEMON</Final_Answers>",gemma3:12b,12.0,Gemma3,95.5
5,non-ordered,True,True,96.0,,,,,trivial,cot,15,5,VINEYARD,"[2, 3, 6, 13, 15]",0.0,1024,512.0,7114,3,HOTEL PAPA FOXTROT,,,,0,False,False,False,0.75,"[{""name"": ""PELICAN"", ""kind"": ""load"", ""packet"": 2, ""rank"": 1, ""answer"": ""CLOUD"", ""reported"": true, ""response"": ""CLOUD"", ""correct"": true, ""correct_lenient"": true, ""answer_migrated"": false}, {""name"": ""DAFFODIL"", ""kind"": ""load"", ""packet"": 3, ""rank"": 2, ""answer"": ""GARLIC"", ""reported"": true, ""response"": ""GARLIC"", ""correct"": true, ""correct_lenient"": true, ""answer_migrated"": false}, {""name"": ""UKULELE"", ""kind"": ""load"", ""packet"": 6, ""rank"": 3, ""answer"": ""CYAN"", ""reported"": true, ""response"": ""CYAN"", ""correct"": true, ""correct_lenient"": true, ""answer_migrated"": false}, {""name"": ""VOLCANO"", ""kind"": ""load"", ""packet"": 13, ""rank"": 4, ""answer"": ""OWL"", ""reported"": true, ""response"": ""OWL</Final_Answers>"", ""correct"": false, ""correct_lenient"": true, ""answer_migrated"": false}, {""name"": ""VINEYARD"", ""kind"": ""passphrase"", ""packet"": 15, ""rank"": 5, ""answer"": ""HOTEL PAPA FOXTROT"", ""reported"": false, ""response"": null, ""correct"": false, ""correct_lenient"": false, ""answer_migrated"": false}]",4,0,0.0,96.0,True,False,True,False,False,5.0,0.0,False,"<Thinking>
I have identified four tasks in this stream. Packet 02 is Task PELICAN; I must report the word CLOUD as its result. Packet 03 is Task DAFFODIL; I must report the word GARLIC as its result. Packet 06 is Task UKULELE; I must report the word CYAN as its result. Packet 13 is Task VOLCANO; I must report the word OWL as its result. Packet 15 is
</Thinking>
<Final_Answers>
- Task PELICAN: CLOUD
- Task DAFFODIL: GARLIC
- Task UKULELE: CYAN
- Task VOLCANO: OWL</Final_Answers>",gemma3:12b,12.0,Gemma3,95.5
5,non-ordered,False,True,96.0,,,,,semantic_4,cot,5,1,EMERALD,"[5, 8, 10, 11, 13]",0.0,1024,512.0,135,3,VICTOR LIMA UNIFORM,,,,0,True,True,True,0.25,"[{""name"": ""EMERALD"", ""kind"": ""passphrase"", ""packet"": 5, ""rank"": 1, ""answer"": ""VICTOR LIMA UNIFORM"", ""reported"": true, ""response"": ""VICTOR LIMA UNIFORM"", ""correct"": true, ""correct_lenient"": true, ""answer_migrated"": false}, {""name"": ""JIGSAW"", ""kind"": ""load"", ""packet"": 8, ""rank"": 2, ""answer"": ""VALID"", ""reported"": true, ""response"": ""VALID"", ""correct"": true, ""correct_lenient"": true, ""answer_migrated"": false}, {""name"": ""PYRAMID"", ""kind"": ""load"", ""packet"": 10, ""rank"": 3, ""answer"": ""VALID"", ""reported"": true, ""response"": ""INVALID"", ""correct"": false, ""correct_lenient"": false, ""answer_migrated"": true}, {""name"": ""WALNUT"", ""kind"": ""load"", ""packet"": 11, ""rank"": 4, ""answer"": ""VALID"", ""reported"": true, ""response"": ""INVALID"", ""correct"": false, ""correct_lenient"": false, ""answer_migrated"": true}, {""name"": ""RASPBERRY"", ""kind"": ""load"", ""packet"": 13, ""rank"": 5, ""answer"": ""INVALID"", ""reported"": true, ""response"": ""VALID</Final_Answers>"", ""correct"": false, ""correct_lenient"": false, ""answer_migrated"": false}]",5,0,0.4,96.0,True,False,False,False,True,2.0,0.0,False,"<Thinking>
Packet 05 is Task EMERALD: I must copy-paste the three words ""VICTOR LIMA UNIFORM"". Packet 08 is Task JIGSAW: This is a logic puzzle. Let's analyze it step by step. We know some smegs are vorps, all vorps are plomps, and all plomps are skrans. Therefore, some smegs are also skrans. Then we know no sk
</Thinking>
<Final_Answers>
- Task EMERALD: VICTOR LIMA UNIFORM
- Task JIGSAW: VALID
- Task PYRAMID: INVALID
- Task WALNUT: INVALID
- Task RASPBERRY: VALID</Final_Answers>",gemma3:12b,12.0,Gemma3,95.5
5,non-ordered,False,True,96.0,,,,,semantic_4,cot,10,4,GONDOLA,"[4, 5, 9, 10, 15]",0.0,1024,512.0,1135,3,ROMEO OSCAR ECHO,,,,0,True,True,True,0.5,"[{""name"": ""OBELISK"", ""kind"": ""load"", ""packet"": 4, ""rank"": 1, ""answer"": ""VALID"", ""reported"": true, ""response"": ""VALID"", ""correct"": true, ""correct_lenient"": true, ""answer_migrated"": false}, {""name"": ""METRONOME"", ""kind"": ""load"", ""packet"": 5, ""rank"": 2, ""answer"": ""VALID"", ""reported"": true, ""response"": ""INVALID"", ""correct"": false, ""correct_lenient"": false, ""answer_migrated"": true}, {""name"": ""PYRAMID"", ""kind"": ""load"", ""packet"": 9, ""rank"": 3, ""answer"": ""VALID"", ""reported"": true, ""response"": ""VALID"", ""correct"": true, ""correct_lenient"": true, ""answer_migrated"": false}, {""name"": ""GONDOLA"", ""kind"": ""passphrase"", ""packet"": 10, ""rank"": 4, ""answer"": ""ROMEO OSCAR ECHO"", ""reported"": true, ""response"": ""ROMEO OSCAR ECHO"", ""correct"": true, ""correct_lenient"": true, ""answer_migrated"": false}, {""name"": ""VOLCANO"", ""kind"": ""load"", ""packet"": 15, ""rank"": 5, ""answer"": ""INVALID"", ""reported"": true, ""response"": ""VALID</Final_Answers>"", ""correct"": false, ""correct_lenient"": false, ""answer_migrated"": false}]",5,0,0.2,96.0,True,False,False,False,False,1.0,0.0,False,"<Thinking>
Packet 04 is Task OBELISK. The argument can be represented as follows: Some S are Y, All Y are G, All G are V, No V are K, All K are R. We want to know if some S are not K. Since all Y are G and all G are V, then all Y are V. Since no V are K, then no Y are K. Since all K are R, then all Y are R. This
</Thinking>
<Final_Answers>
- Task OBELISK: VALID
- Task METRONOME: INVALID
- Task PYRAMID: VALID
- Task GONDOLA: ROMEO OSCAR ECHO
- Task VOLCANO: VALID</Final_Answers>",gemma3:12b,12.0,Gemma3,95.5
5,non-ordered,False,True,96.0,,,,,semantic_4,cot,13,3,GARGOYLE,"[3, 10, 13, 14, 15]",0.0,1024,512.0,2135,3,TANGO ALPHA YANKEE,,,,0,True,True,True,0.5,"[{""name"": ""SCARECROW"", ""kind"": ""load"", ""packet"": 3, ""rank"": 1, ""answer"": ""R"", ""reported"": true, ""response"": ""R"", ""correct"": true, ""correct_lenient"": true, ""answer_migrated"": false}, {""name"": ""KETTLE"", ""kind"": ""load"", ""packet"": 10, ""rank"": 2, ""answer"": ""INVALID"", ""reported"": true, ""response"": ""INVALID"", ""correct"": true, ""correct_lenient"": true, ""answer_migrated"": false}, {""name"": ""GARGOYLE"", ""kind"": ""passphrase"", ""packet"": 13, ""rank"": 3, ""answer"": ""TANGO ALPHA YANKEE"", ""reported"": true, ""response"": ""TANGO ALPHA YANKEE"", ""correct"": true, ""correct_lenient"": true, ""answer_migrated"": false}, {""name"": ""HEDGEHOG"", ""kind"": ""load"", ""packet"": 14, ""rank"": 4, ""answer"": ""W"", ""reported"": true, ""response"": ""V"", ""correct"": false, ""correct_lenient"": false, ""answer_migrated"": false}, {""name"": ""QUILT"", ""kind"": ""load"", ""packet"": 15, ""rank"": 5, ""answer"": ""INVALID"", ""reported"": true, ""response"": ""INVALID</Final_Answers>"", ""correct"": false, ""correct_lenient"": true, ""answer_migrated"": false}]",5,0,0.0,96.0,True,False,False,False,False,2.0,0.0,False,"<Thinking>
Packet 03 is Task SCARECROW. We have these finishing order relationships: Q before T, W before R, R before V, W before T, and V before Q. Combining these, we get W before R before V before Q before T. Therefore, the finishing order is W, R, V, Q, T. Second place is R.
Packet 10 is Task KETTLE. We are given: All snorfs are yarps
</Thinking>
<Final_Answers>
- Task SCARECROW: R
- Task KETTLE: INVALID
- Task GARGOYLE: TANGO ALPHA YANKEE
- Task HEDGEHOG: V
- Task QUILT: INVALID</Final_Answers>",gemma3:12b,12.0,Gemma3,95.5
5,non-ordered,False,True,96.0,,,,,semantic_4,cot,10,4,PLATYPUS,"[7, 8, 9, 10, 15]",0.0,1024,512.0,3135,3,NOVEMBER SIERRA ROMEO,,,,0,False,False,False,0.0,"[{""name"": ""OBELISK"", ""kind"": ""load"", ""packet"": 7, ""rank"": 1, ""answer"": ""INVALID"", ""reported"": true, ""response"": ""VALID"", ""correct"": false, ""correct_lenient"": false, ""answer_migrated"": true}, {""name"": ""WALNUT"", ""kind"": ""load"", ""packet"": 8, ""rank"": 2, ""answer"": ""INVALID"", ""reported"": false, ""response"": null, ""correct"": false, ""correct_lenient"": false, ""answer_migrated"": false}, {""name"": ""CACTUS"", ""kind"": ""load"", ""packet"": 9, ""rank"": 3, ""answer"": ""VALID"", ""reported"": false, ""response"": null, ""correct"": false, ""correct_lenient"": false, ""answer_migrated"": false}, {""name"": ""PLATYPUS"", ""kind"": ""passphrase"", ""packet"": 10, ""rank"": 4, ""answer"": ""NOVEMBER SIERRA ROMEO"", ""reported"": false, ""response"": null, ""correct"": false, ""correct_lenient"": false, ""answer_migrated"": false}, {""name"": ""HAMMOCK"", ""kind"": ""load"", ""packet"": 15, ""rank"": 5, ""answer"": ""INVALID"", ""reported"": false, ""response"": null, ""correct"": false, ""correct_lenient"": false, ""answer_migrated"": false}]",1,0,1.0,96.0,True,False,True,False,False,1.0,0.0,False,"<Thinking>
Packet 07 is Task OBELISK. This is a logic puzzle. Let's analyze the statements: Some vrils are wozzles; Some wozzles are zorps; Some zorps are skrans; All skrans are drabs; No drabs are wugs. We want to know if some vrils are not wugs. Since all skrans are drabs, and no drabs are wugs, then no skrans are wugs
</Thinking>
<Final_Answers>
- Task OBELISK: VALID
</Final_Answers>",gemma3:12b,12.0,Gemma3,95.5
5,non-ordered,False,True,96.0,,,,,semantic_4,cot,8,4,URCHIN,"[1, 3, 6, 8, 11]",0.0,1024,512.0,4135,3,INDIA WHISKEY VICTOR,,,,0,True,True,True,0.75,"[{""name"": ""QUILT"", ""kind"": ""load"", ""packet"": 1, ""rank"": 1, ""answer"": ""YES"", ""reported"": true, ""response"": ""YES"", ""correct"": true, ""correct_lenient"": true, ""answer_migrated"": false}, {""name"": ""VOLCANO"", ""kind"": ""load"", ""packet"": 3, ""rank"": 2, ""answer"": ""INVALID"", ""reported"": true, ""response"": ""INVALID"", ""correct"": true, ""correct_lenient"": true, ""answer_migrated"": false}, {""name"": ""TROMBONE"", ""kind"": ""load"", ""packet"": 6, ""rank"": 3, ""answer"": ""YES"", ""reported"": true, ""response"": ""YES"", ""correct"": true, ""correct_lenient"": true, ""answer_migrated"": false}, {""name"": ""URCHIN"", ""kind"": ""passphrase"", ""packet"": 8, ""rank"": 4, ""answer"": ""INDIA WHISKEY VICTOR"", ""reported"": true, ""response"": ""INDIA WHISKEY VICTOR"", ""correct"": true, ""correct_lenient"": true, ""answer_migrated"": false}, {""name"": ""ORIGAMI"", ""kind"": ""load"", ""packet"": 11, ""rank"": 5, ""answer"": ""INVALID"", ""reported"": true, ""response"": ""INVALID</Final_Answers>"", ""correct"": false, ""correct_lenient"": true, ""answer_migrated"": false}]",5,0,0.0,96.0,True,False,False,False,False,2.0,0.0,False,"<Thinking>
Packet 01 is Task QUILT: We have a chain of inequalities: Leo < Frank < Kira < Iris < Hank < Nick. Therefore, Kira is shorter than Nick. The answer is YES. Packet 03 is Task VOLCANO: This is a logic puzzle. We know some snools are flurbs, some flurbs are knifs, some knifs are wozzles, all wozzles are snigs, and no snigs are wugs
</Thinking>
<Final_Answers>
- Task QUILT: YES
- Task VOLCANO: INVALID
- Task TROMBONE: YES
- Task URCHIN: INDIA WHISKEY VICTOR
- Task ORIGAMI: INVALID</Final_Answers>",gemma3:12b,12.0,Gemma3,95.5
5,non-ordered,False,True,96.0,,,,,semantic_4,cot,5,4,TAPESTRY,"[1, 2, 3, 5, 13]",0.0,1024,512.0,5135,3,INDIA HOTEL QUEBEC,,,,0,True,True,True,0.75,"[{""name"": ""FLAMINGO"", ""kind"": ""load"", ""packet"": 1, ""rank"": 1, ""answer"": ""YES"", ""reported"": true, ""response"": ""YES"", ""correct"": true, ""correct_lenient"": true, ""answer_migrated"": false}, {""name"": ""DANDELION"", ""kind"": ""load"", ""packet"": 2, ""rank"": 2, ""answer"": ""P"", ""reported"": true, ""response"": ""P"", ""correct"": true, ""correct_lenient"": true, ""answer_migrated"": false}, {""name"": ""YOGURT"", ""kind"": ""load"", ""packet"": 3, ""rank"": 3, ""answer"": ""VALID"", ""reported"": true, ""response"": ""VALID"", ""correct"": true, ""correct_lenient"": true, ""answer_migrated"": false}, {""name"": ""TAPESTRY"", ""kind"": ""passphrase"", ""packet"": 5, ""rank"": 4, ""answer"": ""INDIA HOTEL QUEBEC"", ""reported"": true, ""response"": ""INDIA HOTEL QUEBEC"", ""correct"": true, ""correct_lenient"": true, ""answer_migrated"": false}, {""name"": ""WALNUT"", ""kind"": ""load"", ""packet"": 13, ""rank"": 5, ""answer"": ""YES"", ""reported"": true, ""response"": ""NO</Final_Answers>"", ""correct"": false, ""correct_lenient"": false, ""answer_migrated"": false}]",5,0,0.0,96.0,True,False,False,False,False,2.0,0.0,False,"<Thinking>
Packet 01 is Task FLAMINGO. The order of ages is Olive > Mona > Dave > Tom > Pia > Ravi. Therefore, Olive is older than Tom. So the answer is YES. Packet 02 is Task DANDELION. We know R < P, P < Q, Q < S, and R < T < P. Combining these, we have R < T < P < Q < S. Thus, the finishing order is R,
</Thinking>
<Final_Answers>
- Task FLAMINGO: YES
- Task DANDELION: P
- Task YOGURT: VALID
- Task TAPESTRY: INDIA HOTEL QUEBEC
- Task WALNUT: NO</Final_Answers>",gemma3:12b,12.0,Gemma3,95.5
5,non-ordered,False,True,96.0,,,,,semantic_4,cot,8,2,OBELISK,"[2, 8, 10, 14, 15]",0.0,1024,512.0,6135,3,ALPHA CHARLIE BRAVO,,,,0,True,True,True,0.25,"[{""name"": ""MONGOOSE"", ""kind"": ""load"", ""packet"": 2, ""rank"": 1, ""answer"": ""R"", ""reported"": true, ""response"": ""R"", ""correct"": true, ""correct_lenient"": true, ""answer_migrated"": false}, {""name"": ""OBELISK"", ""kind"": ""passphrase"", ""packet"": 8, ""rank"": 2, ""answer"": ""ALPHA CHARLIE BRAVO"", ""reported"": true, ""response"": ""ALPHA CHARLIE BRAVO"", ""correct"": true, ""correct_lenient"": true, ""answer_migrated"": false}, {""name"": ""XYLOPHONE"", ""kind"": ""load"", ""packet"": 10, ""rank"": 3, ""answer"": ""INVALID"", ""reported"": true, ""response"": ""VALID"", ""correct"": false, ""correct_lenient"": false, ""answer_migrated"": false}, {""name"": ""KAYAK"", ""kind"": ""load"", ""packet"": 14, ""rank"": 4, ""answer"": ""INVALID"", ""reported"": true, ""response"": ""VALID"", ""correct"": false, ""correct_lenient"": false, ""answer_migrated"": false}, {""name"": ""PORCUPINE"", ""kind"": ""load"", ""packet"": 15, ""rank"": 5, ""answer"": ""INVALID"", ""reported"": true, ""response"": ""VALID</Final_Answers>"", ""correct"": false, ""correct_lenient"": false, ""answer_migrated"": false}]",5,0,0.0,96.0,True,False,False,False,False,2.0,0.0,False,"<Thinking>
Packet 02 is Task MONGOOSE. We need to determine second place based on these finishing order clues: Q before T, W before R, R before V, W before T, and V before Q. Combining these, we have W before R before V before Q before T. Therefore, the finishing order is W, R, V, Q, T. Second place is R.
Packet 08 is Task OBELISK. I must copy-paste
</Thinking>
<Final_Answers>
- Task MONGOOSE: R
- Task OBELISK: ALPHA CHARLIE BRAVO
- Task XYLOPHONE: VALID
- Task KAYAK: VALID
- Task PORCUPINE: VALID</Final_Answers>",gemma3:12b,12.0,Gemma3,95.5
5,non-ordered,False,True,96.0,,,,,semantic_4,cot,8,4,METRONOME,"[1, 5, 7, 8, 11]",0.0,1024,512.0,7135,3,XRAY KILO FOXTROT,,,,0,True,True,True,0.0,"[{""name"": ""MARBLE"", ""kind"": ""load"", ""packet"": 1, ""rank"": 1, ""answer"": ""INVALID"", ""reported"": true, ""response"": ""VALID"", ""correct"": false, ""correct_lenient"": false, ""answer_migrated"": false}, {""name"": ""VOLCANO"", ""kind"": ""load"", ""packet"": 5, ""rank"": 2, ""answer"": ""INVALID"", ""reported"": true, ""response"": ""VALID"", ""correct"": false, ""correct_lenient"": false, ""answer_migrated"": false}, {""name"": ""KAYAK"", ""kind"": ""load"", ""packet"": 7, ""rank"": 3, ""answer"": ""INVALID"", ""reported"": true, ""response"": ""VALID"", ""correct"": false, ""correct_lenient"": false, ""answer_migrated"": false}, {""name"": ""METRONOME"", ""kind"": ""passphrase"", ""packet"": 8, ""rank"": 4, ""answer"": ""XRAY KILO FOXTROT"", ""reported"": true, ""response"": ""XRAY KILO FOXTROT"", ""correct"": true, ""correct_lenient"": true, ""answer_migrated"": false}, {""name"": ""JIGSAW"", ""kind"": ""load"", ""packet"": 11, ""rank"": 5, ""answer"": ""R"", ""reported"": true, ""response"": ""W</Final_Answers>"", ""correct"": false, ""correct_lenient"": false, ""answer_migrated"": false}]",5,0,0.0,96.0,True,False,False,False,False,1.0,0.0,False,"<Thinking>
Packet 01 is Task MARBLE. This is a logic puzzle involving sets and relationships. We are given that some pims are vorps, some vorps are trils, some trils are snicks, all snicks are trels, and no trels are klemps. The question asks if it follows that some pims are not klemps. Since all snicks are trels, and no trels are klemps, then no sn
</Thinking>
<Final_Answers>
- Task MARBLE: VALID
- Task VOLCANO: VALID
- Task KAYAK: VALID
- Task METRONOME: XRAY KILO FOXTROT
- Task JIGSAW: W</Final_Answers>",gemma3:12b,12.0,Gemma3,95.5
5,non-ordered,True,True,96.0,,,,,semantic_4,cot,13,5,PYRAMID,"[5, 8, 10, 11, 13]",0.0,1024,512.0,135,3,VICTOR LIMA UNIFORM,,,,0,False,True,True,0.75,"[{""name"": ""MONGOOSE"", ""kind"": ""load"", ""packet"": 5, ""rank"": 1, ""answer"": ""VALID"", ""reported"": true, ""response"": ""INVALID"", ""correct"": false, ""correct_lenient"": false, ""answer_migrated"": false}, {""name"": ""NUTMEG"", ""kind"": ""load"", ""packet"": 8, ""rank"": 2, ""answer"": ""VALID"", ""reported"": true, ""response"": ""VALID"", ""correct"": true, ""correct_lenient"": true, ""answer_migrated"": false}, {""name"": ""EMERALD"", ""kind"": ""load"", ""packet"": 10, ""rank"": 3, ""answer"": ""VALID"", ""reported"": true, ""response"": ""VALID"", ""correct"": true, ""correct_lenient"": true, ""answer_migrated"": false}, {""name"": ""JIGSAW"", ""kind"": ""load"", ""packet"": 11, ""rank"": 4, ""answer"": ""VALID"", ""reported"": true, ""response"": ""VALID"", ""correct"": true, ""correct_lenient"": true, ""answer_migrated"": false}, {""name"": ""PYRAMID"", ""kind"": ""passphrase"", ""packet"": 13, ""rank"": 5, ""answer"": ""VICTOR LIMA UNIFORM"", ""reported"": true, ""response"": ""VICTOR LIMA UNIFORM</Final_Answers>"", ""correct"": false, ""correct_lenient"": true, ""answer_migrated"": false}]",5,0,0.0,96.0,True,False,False,False,False,2.0,0.0,False,"<Thinking>
Packet 05 is Task MONGOOSE. The logic states that no snicks are florks, and some skrans are trils. Since all trils are frans, and no snicks are florks, it does not necessarily follow that no trils are florks. Therefore the answer is INVALID. Packet 08 is Task NUTMEG. The logic states that all snorfs are drovs, all drovs are klemps, and no k
</Thinking>
<Final_Answers>
- Task MONGOOSE: INVALID
- Task NUTMEG: VALID
- Task EMERALD: VALID
- Task JIGSAW: VALID
- Task PYRAMID: VICTOR LIMA UNIFORM</Final_Answers>",gemma3:12b,12.0,Gemma3,95.5
5,non-ordered,True,True,96.0,,,,,semantic_4,cot,15,5,GONDOLA,"[4, 5, 9, 10, 15]",0.0,1024,512.0,1135,3,ROMEO OSCAR ECHO,,,,0,False,True,True,0.25,"[{""name"": ""ICEBERG"", ""kind"": ""load"", ""packet"": 4, ""rank"": 1, ""answer"": ""INVALID"", ""reported"": true, ""response"": ""VALID"", ""correct"": false, ""correct_lenient"": false, ""answer_migrated"": true}, {""name"": ""OBELISK"", ""kind"": ""load"", ""packet"": 5, ""rank"": 2, ""answer"": ""VALID"", ""reported"": true, ""response"": ""INVALID"", ""correct"": false, ""correct_lenient"": false, ""answer_migrated"": true}, {""name"": ""METRONOME"", ""kind"": ""load"", ""packet"": 9, ""rank"": 3, ""answer"": ""VALID"", ""reported"": true, ""response"": ""INVALID"", ""correct"": false, ""correct_lenient"": false, ""answer_migrated"": true}, {""name"": ""PYRAMID"", ""kind"": ""load"", ""packet"": 10, ""rank"": 4, ""answer"": ""VALID"", ""reported"": true, ""response"": ""VALID"", ""correct"": true, ""correct_lenient"": true, ""answer_migrated"": false}, {""name"": ""GONDOLA"", ""kind"": ""passphrase"", ""packet"": 15, ""rank"": 5, ""answer"": ""ROMEO OSCAR ECHO"", ""reported"": true, ""response"": ""ROMEO OSCAR ECHO</Final_Answers>"", ""correct"": false, ""correct_lenient"": true, ""answer_migrated"": false}]",5,0,0.6,96.0,True,False,False,False,False,1.0,0.0,False,"<Thinking>
Packet 04 is Task ICEBERG. This is a logic puzzle. Let's analyze the statements: ""Some wumps are snorfs,"" ""Some snorfs are snicks,"" ""Some snicks are grints,"" ""All grints are smegs,"" and ""No smegs are klemps."" We want to know if it follows that some wumps are not klemps. Since some wumps are snorfs, and sn
</Thinking>
<Final_Answers>
- Task ICEBERG: VALID
- Task OBELISK: INVALID
- Task METRONOME: INVALID
- Task PYRAMID: VALID
- Task GONDOLA: ROMEO OSCAR ECHO</Final_Answers>",gemma3:12b,12.0,Gemma3,95.5
5,non-ordered,True,True,96.0,,,,,semantic_4,cot,15,5,HEDGEHOG,"[3, 10, 13, 14, 15]",0.0,1024,512.0,2135,3,TANGO ALPHA YANKEE,,,,0,False,True,True,0.0,"[{""name"": ""HAMMOCK"", ""kind"": ""load"", ""packet"": 3, ""rank"": 1, ""answer"": ""VALID"", ""reported"": true, ""response"": ""INVALID"", ""correct"": false, ""correct_lenient"": false, ""answer_migrated"": true}, {""name"": ""SCARECROW"", ""kind"": ""load"", ""packet"": 10, ""rank"": 2, ""answer"": ""R"", ""reported"": true, ""response"": ""V"", ""correct"": false, ""correct_lenient"": false, ""answer_migrated"": false}, {""name"": ""KETTLE"", ""kind"": ""load"", ""packet"": 13, ""rank"": 3, ""answer"": ""INVALID"", ""reported"": true, ""response"": ""VALID"", ""correct"": false, ""correct_lenient"": false, ""answer_migrated"": true}, {""name"": ""GARGOYLE"", ""kind"": ""load"", ""packet"": 14, ""rank"": 4, ""answer"": ""W"", ""reported"": true, ""response"": ""Q"", ""correct"": false, ""correct_lenient"": false, ""answer_migrated"": false}, {""name"": ""HEDGEHOG"", ""kind"": ""passphrase"", ""packet"": 15, ""rank"": 5, ""answer"": ""TANGO ALPHA YANKEE"", ""reported"": true, ""response"": ""TANGO ALPHA YANKEE</Final_Answers>"", ""correct"": false, ""correct_lenient"": true, ""answer_migrated"": false}]",5,0,0.4,96.0,True,False,False,False,False,1.0,0.0,False,"<Thinking>
Packet 03 is Task HAMMOCK. We are given that all snicks are trels, all trels are mibs, no mibs are gleeps, all gleeps are plomps, and some plomps are snicks. The question asks if it follows that no snicks are gleeps. Since all snicks are trels, and all trels are mibs, then all snicks are mibs. But no m
</Thinking>
<Final_Answers>
- Task HAMMOCK: INVALID
- Task SCARECROW: V
- Task KETTLE: VALID
- Task GARGOYLE: Q
- Task HEDGEHOG: TANGO ALPHA YANKEE</Final_Answers>",gemma3:12b,12.0,Gemma3,95.5
5,non-ordered,True,True,96.0,,,,,semantic_4,cot,15,5,PLATYPUS,"[7, 8, 9, 10, 15]",0.0,1024,512.0,3135,3,NOVEMBER SIERRA ROMEO,,,,0,False,True,True,0.25,"[{""name"": ""WOMBAT"", ""kind"": ""load"", ""packet"": 7, ""rank"": 1, ""answer"": ""INVALID"", ""reported"": true, ""response"": ""INVALID"", ""correct"": true, ""correct_lenient"": true, ""answer_migrated"": false}, {""name"": ""OBELISK"", ""kind"": ""load"", ""packet"": 8, ""rank"": 2, ""answer"": ""INVALID"", ""reported"": true, ""response"": ""VALID"", ""correct"": false, ""correct_lenient"": false, ""answer_migrated"": true}, {""name"": ""WALNUT"", ""kind"": ""load"", ""packet"": 9, ""rank"": 3, ""answer"": ""INVALID"", ""reported"": true, ""response"": ""VALID"", ""correct"": false, ""correct_lenient"": false, ""answer_migrated"": true}, {""name"": ""CACTUS"", ""kind"": ""load"", ""packet"": 10, ""rank"": 4, ""answer"": ""VALID"", ""reported"": true, ""response"": ""INVALID"", ""correct"": false, ""correct_lenient"": false, ""answer_migrated"": true}, {""name"": ""PLATYPUS"", ""kind"": ""passphrase"", ""packet"": 15, ""rank"": 5, ""answer"": ""NOVEMBER SIERRA ROMEO"", ""reported"": true, ""response"": ""NOVEMBER SIERRA ROMEO</Final_Answers>"", ""correct"": false, ""correct_lenient"": true, ""answer_migrated"": false}]",5,0,0.6,96.0,True,False,False,False,False,1.0,0.0,False,"<Thinking>
Packet 07 is Task WOMBAT. We are given that all drovs are pims, all snicks are wumps, some pims are snicks, no wumps are smegs, and all smegs are torps. We want to know if it follows that no drovs are smegs. Since all drovs are pims, and some pims are snicks, some drovs could be snicks. Since no wumps are
</Thinking>
<Final_Answers>
- Task WOMBAT: INVALID
- Task OBELISK: VALID
- Task WALNUT: VALID
- Task CACTUS: INVALID
- Task PLATYPUS: NOVEMBER SIERRA ROMEO</Final_Answers>",gemma3:12b,12.0,Gemma3,95.5
5,non-ordered,True,True,96.0,,,,,semantic_4,cot,11,5,URCHIN,"[1, 3, 6, 8, 11]",0.0,1024,512.0,4135,3,INDIA WHISKEY VICTOR,,,,0,False,True,True,0.75,"[{""name"": ""ICEBERG"", ""kind"": ""load"", ""packet"": 1, ""rank"": 1, ""answer"": ""INVALID"", ""reported"": true, ""response"": ""INVALID"", ""correct"": true, ""correct_lenient"": true, ""answer_migrated"": false}, {""name"": ""QUILT"", ""kind"": ""load"", ""packet"": 3, ""rank"": 2, ""answer"": ""YES"", ""reported"": true, ""response"": ""YES"", ""correct"": true, ""correct_lenient"": true, ""answer_migrated"": false}, {""name"": ""VOLCANO"", ""kind"": ""load"", ""packet"": 6, ""rank"": 3, ""answer"": ""INVALID"", ""reported"": true, ""response"": ""VALID"", ""correct"": false, ""correct_lenient"": false, ""answer_migrated"": false}, {""name"": ""TROMBONE"", ""kind"": ""load"", ""packet"": 8, ""rank"": 4, ""answer"": ""YES"", ""reported"": true, ""response"": ""YES"", ""correct"": true, ""correct_lenient"": true, ""answer_migrated"": false}, {""name"": ""URCHIN"", ""kind"": ""passphrase"", ""packet"": 11, ""rank"": 5, ""answer"": ""INDIA WHISKEY VICTOR"", ""reported"": true, ""response"": ""INDIA WHISKEY VICTOR</Final_Answers>"", ""correct"": false, ""correct_lenient"": true, ""answer_migrated"": false}]",5,0,0.0,96.0,True,False,False,False,False,1.0,0.0,False,"<Thinking>
Packet 01 is Task ICEBERG. The premises state that all morks are vrils, all vorps are trens, some vrils are vorps, no trens are drabs, and all drabs are snools. We want to know if it follows that no morks are drabs. Since all drabs are snools, and some vrils are vorps (which are trens), then some vrils are not drabs. Also,
</Thinking>
<Final_Answers>
- Task ICEBERG: INVALID
- Task QUILT: YES
- Task VOLCANO: VALID
- Task TROMBONE: YES
- Task URCHIN: INDIA WHISKEY VICTOR</Final_Answers>",gemma3:12b,12.0,Gemma3,95.5
5,non-ordered,True,True,96.0,,,,,semantic_4,cot,13,5,TAPESTRY,"[1, 2, 3, 5, 13]",0.0,1024,512.0,5135,3,INDIA HOTEL QUEBEC,,,,0,False,True,True,0.75,"[{""name"": ""EMERALD"", ""kind"": ""load"", ""packet"": 1, ""rank"": 1, ""answer"": ""VALID"", ""reported"": true, ""response"": ""VALID"", ""correct"": true, ""correct_lenient"": true, ""answer_migrated"": false}, {""name"": ""FLAMINGO"", ""kind"": ""load"", ""packet"": 2, ""rank"": 2, ""answer"": ""YES"", ""reported"": true, ""response"": ""YES"", ""correct"": true, ""correct_lenient"": true, ""answer_migrated"": false}, {""name"": ""DANDELION"", ""kind"": ""load"", ""packet"": 3, ""rank"": 3, ""answer"": ""P"", ""reported"": true, ""response"": ""R"", ""correct"": false, ""correct_lenient"": false, ""answer_migrated"": false}, {""name"": ""YOGURT"", ""kind"": ""load"", ""packet"": 5, ""rank"": 4, ""answer"": ""VALID"", ""reported"": true, ""response"": ""VALID"", ""correct"": true, ""correct_lenient"": true, ""answer_migrated"": false}, {""name"": ""TAPESTRY"", ""kind"": ""passphrase"", ""packet"": 13, ""rank"": 5, ""answer"": ""INDIA HOTEL QUEBEC"", ""reported"": true, ""response"": ""INDIA HOTEL QUEBEC</Final_Answers>"", ""correct"": false, ""correct_lenient"": true, ""answer_migrated"": false}]",5,0,0.0,96.0,True,False,False,False,False,2.0,0.0,False,"<Thinking>
Packet 01 is Task EMERALD. The premises state that all trils are frans, all frans are snicks, and no snicks are florks. This means no trils can be florks. Therefore, the conclusion ""no trils are florks"" is valid. Packet 02 is Task FLAMINGO. We have a chain of ages: Olive > Mona > Dave > Tom > Pia > Ravi. Since Olive is older than Mona and Mona
</Thinking>
<Final_Answers>
- Task EMERALD: VALID
- Task FLAMINGO: YES
- Task DANDELION: R
- Task YOGURT: VALID
- Task TAPESTRY: INDIA HOTEL QUEBEC</Final_Answers>",gemma3:12b,12.0,Gemma3,95.5
5,non-ordered,True,True,96.0,,,,,semantic_4,cot,15,5,KAYAK,"[2, 8, 10, 14, 15]",0.0,1024,512.0,6135,3,ALPHA CHARLIE BRAVO,,,,0,False,False,False,0.25,"[{""name"": ""CARNIVAL"", ""kind"": ""load"", ""packet"": 2, ""rank"": 1, ""answer"": ""YES"", ""reported"": true, ""response"": ""YES"", ""correct"": true, ""correct_lenient"": true, ""answer_migrated"": false}, {""name"": ""MONGOOSE"", ""kind"": ""load"", ""packet"": 8, ""rank"": 2, ""answer"": ""R"", ""reported"": true, ""response"": ""V"", ""correct"": false, ""correct_lenient"": false, ""answer_migrated"": false}, {""name"": ""OBELISK"", ""kind"": ""load"", ""packet"": 10, ""rank"": 3, ""answer"": ""INVALID"", ""reported"": false, ""response"": null, ""correct"": false, ""correct_lenient"": false, ""answer_migrated"": false}, {""name"": ""XYLOPHONE"", ""kind"": ""load"", ""packet"": 14, ""rank"": 4, ""answer"": ""INVALID"", ""reported"": false, ""response"": null, ""correct"": false, ""correct_lenient"": false, ""answer_migrated"": false}, {""name"": ""KAYAK"", ""kind"": ""passphrase"", ""packet"": 15, ""rank"": 5, ""answer"": ""ALPHA CHARLIE BRAVO"", ""reported"": false, ""response"": null, ""correct"": false, ""correct_lenient"": false, ""answer_migrated"": false}]",2,0,0.0,96.0,True,False,True,False,False,2.0,0.0,False,"<Thinking>
Packet 02 is Task CARNIVAL. We have the following weight comparisons: Grace < Ravi < Quinn < Eve < Hank < Nick. Therefore, Eve is lighter than Nick. The answer is YES. Packet 08 is Task MONGOOSE. Let's analyze the finishing order: Q before T, W before R, R before V, W before T, and V before Q. Combining these, we get W before R before V before Q before T.
</Thinking>
<Final_Answers>
- Task CARNIVAL: YES
- Task MONGOOSE: V
</Final_Answers>",gemma3:12b,12.0,Gemma3,95.5
5,non-ordered,True,True,96.0,,,,,semantic_4,cot,11,5,METRONOME,"[1, 5, 7, 8, 11]",0.0,1024,512.0,7135,3,XRAY KILO FOXTROT,,,,0,False,True,True,0.0,"[{""name"": ""DUMPLING"", ""kind"": ""load"", ""packet"": 1, ""rank"": 1, ""answer"": ""VALID"", ""reported"": true, ""response"": ""INVALID"", ""correct"": false, ""correct_lenient"": false, ""answer_migrated"": true}, {""name"": ""MARBLE"", ""kind"": ""load"", ""packet"": 5, ""rank"": 2, ""answer"": ""INVALID"", ""reported"": true, ""response"": ""VALID"", ""correct"": false, ""correct_lenient"": false, ""answer_migrated"": true}, {""name"": ""VOLCANO"", ""kind"": ""load"", ""packet"": 7, ""rank"": 3, ""answer"": ""INVALID"", ""reported"": true, ""response"": ""VALID"", ""correct"": false, ""correct_lenient"": false, ""answer_migrated"": true}, {""name"": ""KAYAK"", ""kind"": ""load"", ""packet"": 8, ""rank"": 4, ""answer"": ""INVALID"", ""reported"": true, ""response"": ""VALID"", ""correct"": false, ""correct_lenient"": false, ""answer_migrated"": true}, {""name"": ""METRONOME"", ""kind"": ""passphrase"", ""packet"": 11, ""rank"": 5, ""answer"": ""XRAY KILO FOXTROT"", ""reported"": true, ""response"": ""XRAY KILO FOXTROT</Final_Answers>"", ""correct"": false, ""correct_lenient"": true, ""answer_migrated"": false}]",5,0,0.8,96.0,True,False,False,False,False,1.0,0.0,False,"<Thinking>
Packet 01 is Task DUMPLING. The logic states ""All trens are trils,"" ""All trils are vrils,"" ""No vrils are smegs,"" and ""All smegs are knifs."" It also says, ""Some knifs are trens."" This implies a cycle: trens -> trils -> vrils -> (no) smegs -> knifs -> trens. Since some knifs are trens, and
</Thinking>
<Final_Answers>
- Task DUMPLING: INVALID
- Task MARBLE: VALID
- Task VOLCANO: VALID
- Task KAYAK: VALID
- Task METRONOME: XRAY KILO FOXTROT</Final_Answers>",gemma3:12b,12.0,Gemma3,95.5
5,non-ordered,False,True,,,,,,trivial,cot,4,1,RASPBERRY,"[4, 6, 10, 11, 14]",0.0,1024,,114,3,HOTEL SIERRA DELTA,,,,0,True,True,True,1.0,"[{""name"": ""RASPBERRY"", ""kind"": ""passphrase"", ""packet"": 4, ""rank"": 1, ""answer"": ""HOTEL SIERRA DELTA"", ""reported"": true, ""response"": ""HOTEL SIERRA DELTA"", ""correct"": true, ""correct_lenient"": true, ""answer_migrated"": false}, {""name"": ""NECTARINE"", ""kind"": ""load"", ""packet"": 6, ""rank"": 2, ""answer"": ""STORM"", ""reported"": true, ""response"": ""STORM"", ""correct"": true, ""correct_lenient"": true, ""answer_migrated"": false}, {""name"": ""PLATYPUS"", ""kind"": ""load"", ""packet"": 10, ""rank"": 3, ""answer"": ""BROWN"", ""reported"": true, ""response"": ""BROWN"", ""correct"": true, ""correct_lenient"": true, ""answer_migrated"": false}, {""name"": ""INKWELL"", ""kind"": ""load"", ""packet"": 11, ""rank"": 4, ""answer"": ""LAKE"", ""reported"": true, ""response"": ""LAKE"", ""correct"": true, ""correct_lenient"": true, ""answer_migrated"": false}, {""name"": ""KAYAK"", ""kind"": ""load"", ""packet"": 14, ""rank"": 5, ""answer"": ""FINCH"", ""reported"": true, ""response"": ""FINCH"", ""correct"": true, ""correct_lenient"": true, ""answer_migrated"": false}]",5,0,0.0,,,False,False,False,True,0.0,0.0,False,"<Thinking>
I have identified four tasks in this stream: RASPBERRY, NECTARINE, PLATYPUS, INKWELL and KAYAK. Task RASPBERRY requires me to copy-paste ""HOTEL SIERRA DELTA"". Task NECTARINE instructs me to report the word STORM as its result. Task PLATYPUS instructs me to report the word BROWN as its result. Task INKWELL instructs me to report the word LAKE as its result. Finally, Task KAYAK instructs me to report the word FINCH as its result.
</Thinking>
<Final_Answers>
- Task RASPBERRY: HOTEL SIERRA DELTA
- Task NECTARINE: STORM
- Task PLATYPUS: BROWN
- Task INKWELL: LAKE
- Task KAYAK: FINCH",gemma3:12b,12.0,Gemma3,95.5
5,non-ordered,False,True,,,,,,trivial,cot,14,5,CENTIPEDE,"[8, 10, 11, 12, 14]",0.0,1024,,1114,3,QUEBEC INDIA OSCAR,,,,0,True,True,True,1.0,"[{""name"": ""METRONOME"", ""kind"": ""load"", ""packet"": 8, ""rank"": 1, ""answer"": ""RICE"", ""reported"": true, ""response"": ""RICE"", ""correct"": true, ""correct_lenient"": true, ""answer_migrated"": false}, {""name"": ""CATAPULT"", ""kind"": ""load"", ""packet"": 10, ""rank"": 2, ""answer"": ""SPOON"", ""reported"": true, ""response"": ""SPOON"", ""correct"": true, ""correct_lenient"": true, ""answer_migrated"": false}, {""name"": ""LANTERN"", ""kind"": ""load"", ""packet"": 11, ""rank"": 3, ""answer"": ""CHERRY"", ""reported"": true, ""response"": ""CHERRY"", ""correct"": true, ""correct_lenient"": true, ""answer_migrated"": false}, {""name"": ""DAFFODIL"", ""kind"": ""load"", ""packet"": 12, ""rank"": 4, ""answer"": ""PLATE"", ""reported"": true, ""response"": ""PLATE"", ""correct"": true, ""correct_lenient"": true, ""answer_migrated"": false}, {""name"": ""CENTIPEDE"", ""kind"": ""passphrase"", ""packet"": 14, ""rank"": 5, ""answer"": ""QUEBEC INDIA OSCAR"", ""reported"": true, ""response"": ""QUEBEC INDIA OSCAR"", ""correct"": true, ""correct_lenient"": true, ""answer_migrated"": false}]",5,0,0.0,,,False,False,False,True,0.0,0.0,False,"<Thinking>
I have identified four tasks in this stream: METRONOME, CATAPULT, LANTERN, and DAFFODIL. Task METRONOME requires me to report the word RICE. Task CATAPULT requires me to report the word SPOON. Task LANTERN requires me to report the word CHERRY. Task DAFFODIL requires me to report the word PLATE. There is also a task CENTIPEDE, which asks for three words to be copied and pasted: QUEBEC INDIA OSCAR.
</Thinking>
<Final_Answers>
- Task METRONOME: RICE
- Task CATAPULT: SPOON
- Task LANTERN: CHERRY
- Task DAFFODIL: PLATE
- Task CENTIPEDE: QUEBEC INDIA OSCAR",gemma3:12b,12.0,Gemma3,95.5
5,non-ordered,False,True,,,,,,trivial,cot,4,1,YOGURT,"[4, 5, 8, 9, 15]",0.0,1024,,2114,3,HOTEL GOLF VICTOR,,,,0,True,True,True,1.0,"[{""name"": ""YOGURT"", ""kind"": ""passphrase"", ""packet"": 4, ""rank"": 1, ""answer"": ""HOTEL GOLF VICTOR"", ""reported"": true, ""response"": ""HOTEL GOLF VICTOR"", ""correct"": true, ""correct_lenient"": true, ""answer_migrated"": false}, {""name"": ""EGGPLANT"", ""kind"": ""load"", ""packet"": 5, ""rank"": 2, ""answer"": ""BEAR"", ""reported"": true, ""response"": ""BEAR"", ""correct"": true, ""correct_lenient"": true, ""answer_migrated"": false}, {""name"": ""PISTACHIO"", ""kind"": ""load"", ""packet"": 8, ""rank"": 3, ""answer"": ""MAROON"", ""reported"": true, ""response"": ""MAROON"", ""correct"": true, ""correct_lenient"": true, ""answer_migrated"": false}, {""name"": ""QUARRY"", ""kind"": ""load"", ""packet"": 9, ""rank"": 4, ""answer"": ""VIOLET"", ""reported"": true, ""response"": ""VIOLET"", ""correct"": true, ""correct_lenient"": true, ""answer_migrated"": false}, {""name"": ""TROMBONE"", ""kind"": ""load"", ""packet"": 15, ""rank"": 5, ""answer"": ""DUCK"", ""reported"": true, ""response"": ""DUCK"", ""correct"": true, ""correct_lenient"": true, ""answer_migrated"": false}]",5,0,0.0,,,False,False,False,True,5.0,0.0,False,"<Thinking>
I have identified four tasks in this stream. Packet 04 is Task YOGURT; I must copy ""HOTEL GOLF VICTOR"". Packet 05 is Task EGGPLANT; I must report the word BEAR as its result. Packet 08 is Task PISTACHIO; I must report the word MAROON as its result. Packet 09 is Task QUARRY; I must report the word VIOLET as its result. Packet 15 is Task TROMBONE; I must report the word DUCK as its result.
</Thinking>
<Final_Answers>
- Task YOGURT: HOTEL GOLF VICTOR
- Task EGGPLANT: BEAR
- Task PISTACHIO: MAROON
- Task QUARRY: VIOLET
- Task TROMBONE: DUCK",gemma3:12b,12.0,Gemma3,95.5
5,non-ordered,False,True,,,,,,trivial,cot,11,4,SAXOPHONE,"[5, 7, 8, 11, 13]",0.0,1024,,3114,3,HOTEL INDIA ROMEO,,,,0,True,True,True,1.0,"[{""name"": ""PARSNIP"", ""kind"": ""load"", ""packet"": 5, ""rank"": 1, ""answer"": ""CAT"", ""reported"": true, ""response"": ""CAT"", ""correct"": true, ""correct_lenient"": true, ""answer_migrated"": false}, {""name"": ""PELICAN"", ""kind"": ""load"", ""packet"": 7, ""rank"": 2, ""answer"": ""ONION"", ""reported"": true, ""response"": ""ONION"", ""correct"": true, ""correct_lenient"": true, ""answer_migrated"": false}, {""name"": ""DUMPLING"", ""kind"": ""load"", ""packet"": 8, ""rank"": 3, ""answer"": ""GRAPE"", ""reported"": true, ""response"": ""GRAPE"", ""correct"": true, ""correct_lenient"": true, ""answer_migrated"": false}, {""name"": ""SAXOPHONE"", ""kind"": ""passphrase"", ""packet"": 11, ""rank"": 4, ""answer"": ""HOTEL INDIA ROMEO"", ""reported"": true, ""response"": ""HOTEL INDIA ROMEO"", ""correct"": true, ""correct_lenient"": true, ""answer_migrated"": false}, {""name"": ""DAFFODIL"", ""kind"": ""load"", ""packet"": 13, ""rank"": 5, ""answer"": ""WALL"", ""reported"": true, ""response"": ""WALL"", ""correct"": true, ""correct_lenient"": true, ""answer_migrated"": false}]",5,0,0.0,,,False,False,False,True,0.0,0.0,False,"<Thinking>
I have identified four tasks in this stream: PARSNIP, PELICAN, DUMPLING, SAXOPHONE and DAFFODIL. Task PARSNIP requires me to report the word CAT. Task PELICAN requires me to report the word ONION. Task DUMPLING requires me to report the word GRAPE. Task SAXOPHONE requires me to copy-paste ""HOTEL INDIA ROMEO"". Task DAFFODIL requires me to report the word WALL.
</Thinking>
<Final_Answers>
- Task PARSNIP: CAT
- Task PELICAN: ONION
- Task DUMPLING: GRAPE
- Task SAXOPHONE: HOTEL INDIA ROMEO
- Task DAFFODIL: WALL",gemma3:12b,12.0,Gemma3,95.5
5,non-ordered,False,True,,,,,,trivial,cot,9,4,HAMMOCK,"[1, 2, 4, 9, 15]",0.0,1024,,4114,3,ALPHA XRAY WHISKEY,,,,0,True,True,True,1.0,"[{""name"": ""UNICYCLE"", ""kind"": ""load"", ""packet"": 1, ""rank"": 1, ""answer"": ""WOLF"", ""reported"": true, ""response"": ""WOLF"", ""correct"": true, ""correct_lenient"": true, ""answer_migrated"": false}, {""name"": ""KUMQUAT"", ""kind"": ""load"", ""packet"": 2, ""rank"": 2, ""answer"": ""CRAB"", ""reported"": true, ""response"": ""CRAB"", ""correct"": true, ""correct_lenient"": true, ""answer_migrated"": false}, {""name"": ""GONDOLA"", ""kind"": ""load"", ""packet"": 4, ""rank"": 3, ""answer"": ""LAMP"", ""reported"": true, ""response"": ""LAMP"", ""correct"": true, ""correct_lenient"": true, ""answer_migrated"": false}, {""name"": ""HAMMOCK"", ""kind"": ""passphrase"", ""packet"": 9, ""rank"": 4, ""answer"": ""ALPHA XRAY WHISKEY"", ""reported"": true, ""response"": ""ALPHA XRAY WHISKEY"", ""correct"": true, ""correct_lenient"": true, ""answer_migrated"": false}, {""name"": ""WATERMELON"", ""kind"": ""load"", ""packet"": 15, ""rank"": 5, ""answer"": ""CARROT"", ""reported"": true, ""response"": ""CARROT"", ""correct"": true, ""correct_lenient"": true, ""answer_migrated"": false}]",5,0,0.0,,,False,False,False,True,5.0,0.0,False,"<Thinking>
Packet 01 is Task UNICYCLE: The instructions say to report the word WOLF. Packet 02 is Task KUMQUAT: The instructions say to report the word CRAB. Packet 04 is Task GONDOLA: The instructions say to report the word LAMP. Packet 09 is Task HAMMOCK: I must copy-paste ""ALPHA XRAY WHISKEY"". Packet 15 is Task WATERMELON: The instructions say to report the word CARROT.
</Thinking>
<Final_Answers>
- Task UNICYCLE: WOLF
- Task KUMQUAT: CRAB
- Task GONDOLA: LAMP
- Task HAMMOCK: ALPHA XRAY WHISKEY
- Task WATERMELON: CARROT",gemma3:12b,12.0,Gemma3,95.5
5,non-ordered,False,True,,,,,,trivial,cot,4,1,JIGSAW,"[4, 10, 11, 12, 14]",0.0,1024,,5114,3,GOLF QUEBEC OSCAR,,,,0,True,True,True,1.0,"[{""name"": ""JIGSAW"", ""kind"": ""passphrase"", ""packet"": 4, ""rank"": 1, ""answer"": ""GOLF QUEBEC OSCAR"", ""reported"": true, ""response"": ""GOLF QUEBEC OSCAR"", ""correct"": true, ""correct_lenient"": true, ""answer_migrated"": false}, {""name"": ""ORIGAMI"", ""kind"": ""load"", ""packet"": 10, ""rank"": 2, ""answer"": ""SEAL"", ""reported"": true, ""response"": ""SEAL"", ""correct"": true, ""correct_lenient"": true, ""answer_migrated"": false}, {""name"": ""QUICKSAND"", ""kind"": ""load"", ""packet"": 11, ""rank"": 3, ""answer"": ""TABLE"", ""reported"": true, ""response"": ""TABLE"", ""correct"": true, ""correct_lenient"": true, ""answer_migrated"": false}, {""name"": ""BLIZZARD"", ""kind"": ""load"", ""packet"": 12, ""rank"": 4, ""answer"": ""BLUE"", ""reported"": true, ""response"": ""BLUE"", ""correct"": true, ""correct_lenient"": true, ""answer_migrated"": false}, {""name"": ""BAGPIPE"", ""kind"": ""load"", ""packet"": 14, ""rank"": 5, ""answer"": ""BLACK"", ""reported"": true, ""response"": ""BLACK"", ""correct"": true, ""correct_lenient"": true, ""answer_migrated"": false}]",5,0,0.0,,,False,False,False,True,5.0,0.0,False,"<Thinking>
Packet 04 is Task JIGSAW: I must copy the three words GOLF QUEBEC OSCAR. Packet 10 is Task ORIGAMI: The task requires me to report the word SEAL. Packet 11 is Task QUICKSAND: The task requires me to report the word TABLE. Packet 12 is Task BLIZZARD: The task requires me to report the word BLUE. Packet 14 is Task BAGPIPE: The task requires me to report the word BLACK. I found 5 tasks in this stream.
</Thinking>
<Final_Answers>
- Task JIGSAW: GOLF QUEBEC OSCAR
- Task ORIGAMI: SEAL
- Task QUICKSAND: TABLE
- Task BLIZZARD: BLUE
- Task BAGPIPE: BLACK",gemma3:12b,12.0,Gemma3,95.5
5,non-ordered,False,True,,,,,,trivial,cot,14,5,ZIGZAG,"[7, 9, 11, 12, 14]",0.0,1024,,6114,3,CHARLIE SIERRA ECHO,,,,0,True,True,True,1.0,"[{""name"": ""JIGSAW"", ""kind"": ""load"", ""packet"": 7, ""rank"": 1, ""answer"": ""CRAB"", ""reported"": true, ""response"": ""CRAB"", ""correct"": true, ""correct_lenient"": true, ""answer_migrated"": false}, {""name"": ""ZEPPELIN"", ""kind"": ""load"", ""packet"": 9, ""rank"": 2, ""answer"": ""LEMON"", ""reported"": true, ""response"": ""LEMON"", ""correct"": true, ""correct_lenient"": true, ""answer_migrated"": false}, {""name"": ""CACTUS"", ""kind"": ""load"", ""packet"": 11, ""rank"": 3, ""answer"": ""MAROON"", ""reported"": true, ""response"": ""MAROON"", ""correct"": true, ""correct_lenient"": true, ""answer_migrated"": false}, {""name"": ""HARMONICA"", ""kind"": ""load"", ""packet"": 12, ""rank"": 4, ""answer"": ""STONE"", ""reported"": true, ""response"": ""STONE"", ""correct"": true, ""correct_lenient"": true, ""answer_migrated"": false}, {""name"": ""ZIGZAG"", ""kind"": ""passphrase"", ""packet"": 14, ""rank"": 5, ""answer"": ""CHARLIE SIERRA ECHO"", ""reported"": true, ""response"": ""CHARLIE SIERRA ECHO"", ""correct"": true, ""correct_lenient"": true, ""answer_migrated"": false}]",5,0,0.0,,,False,False,False,True,0.0,0.0,False,"<Thinking>
I have identified four tasks in this stream: JIGSAW, ZEPPELIN, CACTUS, HARMONICA and ZIGZAG. Task JIGSAW requires me to report the word CRAB. Task ZEPPELIN requires me to report the word LEMON. Task CACTUS requires me to report the word MAROON. Task HARMONICA requires me to report the word STONE. Task ZIGZAG requires me to copy-paste ""CHARLIE SIERRA ECHO"".
</Thinking>
<Final_Answers>
- Task JIGSAW: CRAB
- Task ZEPPELIN: LEMON
- Task CACTUS: MAROON
- Task HARMONICA: STONE
- Task ZIGZAG: CHARLIE SIERRA ECHO",gemma3:12b,12.0,Gemma3,95.5
5,non-ordered,False,True,,,,,,trivial,cot,3,2,UKULELE,"[2, 3, 6, 13, 15]",0.0,1024,,7114,3,HOTEL PAPA FOXTROT,,,,0,True,True,True,1.0,"[{""name"": ""DAFFODIL"", ""kind"": ""load"", ""packet"": 2, ""rank"": 1, ""answer"": ""GARLIC"", ""reported"": true, ""response"": ""GARLIC"", ""correct"": true, ""correct_lenient"": true, ""answer_migrated"": false}, {""name"": ""UKULELE"", ""kind"": ""passphrase"", ""packet"": 3, ""rank"": 2, ""answer"": ""HOTEL PAPA FOXTROT"", ""reported"": true, ""response"": ""HOTEL PAPA FOXTROT"", ""correct"": true, ""correct_lenient"": true, ""answer_migrated"": false}, {""name"": ""VOLCANO"", ""kind"": ""load"", ""packet"": 6, ""rank"": 3, ""answer"": ""CYAN"", ""reported"": true, ""response"": ""CYAN"", ""correct"": true, ""correct_lenient"": true, ""answer_migrated"": false}, {""name"": ""VINEYARD"", ""kind"": ""load"", ""packet"": 13, ""rank"": 4, ""answer"": ""OWL"", ""reported"": true, ""response"": ""OWL"", ""correct"": true, ""correct_lenient"": true, ""answer_migrated"": false}, {""name"": ""RAVIOLI"", ""kind"": ""load"", ""packet"": 15, ""rank"": 5, ""answer"": ""WHITE"", ""reported"": true, ""response"": ""WHITE"", ""correct"": true, ""correct_lenient"": true, ""answer_migrated"": false}]",5,0,0.0,,,False,False,False,True,5.0,0.0,False,"<Thinking>
I have identified four tasks in this stream: DAFFODIL, UKULELE, VOLCANO, VINEYARD and RAVIOLI. Packet 02 is Task DAFFODIL; I must report the word GARLIC as its result. Packet 03 is Task UKULELE; I must copy-paste ""HOTEL PAPA FOXTROT"". Packet 06 is Task VOLCANO; I must report the word CYAN as its result. Packet 13 is Task VINEYARD; I must report the word OWL as its result. Packet 15 is Task RAVIOLI; I must report the word WHITE as its result.
</Thinking>
<Final_Answers>
- Task DAFFODIL: GARLIC
- Task UKULELE: HOTEL PAPA FOXTROT
- Task VOLCANO: CYAN
- Task VINEYARD: OWL
- Task RAVIOLI: WHITE",gemma3:12b,12.0,Gemma3,95.5
5,non-ordered,True,True,,,,,,trivial,cot,14,5,INKWELL,"[4, 6, 10, 11, 14]",0.0,1024,,114,3,HOTEL SIERRA DELTA,,,,0,True,True,True,1.0,"[{""name"": ""TROMBONE"", ""kind"": ""load"", ""packet"": 4, ""rank"": 1, ""answer"": ""STONE"", ""reported"": true, ""response"": ""STONE"", ""correct"": true, ""correct_lenient"": true, ""answer_migrated"": false}, {""name"": ""RASPBERRY"", ""kind"": ""load"", ""packet"": 6, ""rank"": 2, ""answer"": ""WHALE"", ""reported"": true, ""response"": ""WHALE"", ""correct"": true, ""correct_lenient"": true, ""answer_migrated"": false}, {""name"": ""NECTARINE"", ""kind"": ""load"", ""packet"": 10, ""rank"": 3, ""answer"": ""STORM"", ""reported"": true, ""response"": ""STORM"", ""correct"": true, ""correct_lenient"": true, ""answer_migrated"": false}, {""name"": ""PLATYPUS"", ""kind"": ""load"", ""packet"": 11, ""rank"": 4, ""answer"": ""BROWN"", ""reported"": true, ""response"": ""BROWN"", ""correct"": true, ""correct_lenient"": true, ""answer_migrated"": false}, {""name"": ""INKWELL"", ""kind"": ""passphrase"", ""packet"": 14, ""rank"": 5, ""answer"": ""HOTEL SIERRA DELTA"", ""reported"": true, ""response"": ""HOTEL SIERRA DELTA"", ""correct"": true, ""correct_lenient"": true, ""answer_migrated"": false}]",5,0,0.0,,,False,False,False,True,5.0,0.0,False,"<Thinking>
Packet 04 is Task TROMBONE: The instructions state to report the word STONE as the result. Packet 06 is Task RASPBERRY: The instructions state to report the word WHALE as the result. Packet 10 is Task NECTARINE: The instructions state to report the word STORM as the result. Packet 11 is Task PLATYPUS: The instructions state to report the word BROWN as the result. Packet 14 is Task INKWELL: I must copy-paste the three words HOTEL SIERRA DELTA. I found 5 tasks in this stream.
</Thinking>
<Final_Answers>
- Task TROMBONE: STONE
- Task RASPBERRY: WHALE
- Task NECTARINE: STORM
- Task PLATYPUS: BROWN
- Task INKWELL: HOTEL SIERRA DELTA",gemma3:12b,12.0,Gemma3,95.5
5,non-ordered,True,True,,,,,,trivial,cot,14,5,DAFFODIL,"[8, 10, 11, 12, 14]",0.0,1024,,1114,3,QUEBEC INDIA OSCAR,,,,0,True,True,True,1.0,"[{""name"": ""WALNUT"", ""kind"": ""load"", ""packet"": 8, ""rank"": 1, ""answer"": ""BREAD"", ""reported"": true, ""response"": ""BREAD"", ""correct"": true, ""correct_lenient"": true, ""answer_migrated"": false}, {""name"": ""METRONOME"", ""kind"": ""load"", ""packet"": 10, ""rank"": 2, ""answer"": ""RICE"", ""reported"": true, ""response"": ""RICE"", ""correct"": true, ""correct_lenient"": true, ""answer_migrated"": false}, {""name"": ""CATAPULT"", ""kind"": ""load"", ""packet"": 11, ""rank"": 3, ""answer"": ""SPOON"", ""reported"": true, ""response"": ""SPOON"", ""correct"": true, ""correct_lenient"": true, ""answer_migrated"": false}, {""name"": ""LANTERN"", ""kind"": ""load"", ""packet"": 12, ""rank"": 4, ""answer"": ""CHERRY"", ""reported"": true, ""response"": ""CHERRY"", ""correct"": true, ""correct_lenient"": true, ""answer_migrated"": false}, {""name"": ""DAFFODIL"", ""kind"": ""passphrase"", ""packet"": 14, ""rank"": 5, ""answer"": ""QUEBEC INDIA OSCAR"", ""reported"": true, ""response"": ""QUEBEC INDIA OSCAR"", ""correct"": true, ""correct_lenient"": true, ""answer_migrated"": false}]",5,0,0.0,,,False,False,False,True,0.0,0.0,False,"<Thinking>
I have identified four tasks in this stream: WALNUT, METRONOME, CATAPULT, LANTERN and DAFFODIL. Task WALNUT requires me to report the word BREAD as its result. Task METRONOME requires me to report the word RICE. Task CATAPULT requires me to report the word SPOON. Task LANTERN requires me to report the word CHERRY. Task DAFFODIL requires me to copy-paste ""QUEBEC INDIA OSCAR"".
</Thinking>
<Final_Answers>
- Task WALNUT: BREAD
- Task METRONOME: RICE
- Task CATAPULT: SPOON
- Task LANTERN: CHERRY
- Task DAFFODIL: QUEBEC INDIA OSCAR",gemma3:12b,12.0,Gemma3,95.5
5,non-ordered,True,True,,,,,,trivial,cot,15,5,QUARRY,"[4, 5, 8, 9, 15]",0.0,1024,,2114,3,HOTEL GOLF VICTOR,,,,0,True,True,True,1.0,"[{""name"": ""TROMBONE"", ""kind"": ""load"", ""packet"": 4, ""rank"": 1, ""answer"": ""BLACK"", ""reported"": true, ""response"": ""BLACK"", ""correct"": true, ""correct_lenient"": true, ""answer_migrated"": false}, {""name"": ""YOGURT"", ""kind"": ""load"", ""packet"": 5, ""rank"": 2, ""answer"": ""BEAR"", ""reported"": true, ""response"": ""BEAR"", ""correct"": true, ""correct_lenient"": true, ""answer_migrated"": false}, {""name"": ""EGGPLANT"", ""kind"": ""load"", ""packet"": 8, ""rank"": 3, ""answer"": ""MAROON"", ""reported"": true, ""response"": ""MAROON"", ""correct"": true, ""correct_lenient"": true, ""answer_migrated"": false}, {""name"": ""PISTACHIO"", ""kind"": ""load"", ""packet"": 9, ""rank"": 4, ""answer"": ""VIOLET"", ""reported"": true, ""response"": ""VIOLET"", ""correct"": true, ""correct_lenient"": true, ""answer_migrated"": false}, {""name"": ""QUARRY"", ""kind"": ""passphrase"", ""packet"": 15, ""rank"": 5, ""answer"": ""HOTEL GOLF VICTOR"", ""reported"": true, ""response"": ""HOTEL GOLF VICTOR"", ""correct"": true, ""correct_lenient"": true, ""answer_migrated"": false}]",5,0,0.0,,,False,False,False,True,5.0,0.0,False,"<Thinking>
I have identified five tasks in this data stream. Packet 04 is Task TROMBONE; I must report the word BLACK as its result. Packet 05 is Task YOGURT; I must report the word BEAR as its result. Packet 08 is Task EGGPLANT; I must report the word MAROON as its result. Packet 09 is Task PISTACHIO; I must report the word VIOLET as its result. Packet 15 is Task QUARRY; I must copy-paste the words HOTEL GOLF VICTOR.
</Thinking>
<Final_Answers>
- Task TROMBONE: BLACK
- Task YOGURT: BEAR
- Task EGGPLANT: MAROON
- Task PISTACHIO: VIOLET
- Task QUARRY: HOTEL GOLF VICTOR",gemma3:12b,12.0,Gemma3,95.5
5,non-ordered,True,True,,,,,,trivial,cot,13,5,SAXOPHONE,"[5, 7, 8, 11, 13]",0.0,1024,,3114,3,HOTEL INDIA ROMEO,,,,0,True,True,True,0.75,"[{""name"": ""BONSAI"", ""kind"": ""load"", ""packet"": 5, ""rank"": 1, ""answer"": ""FOX"", ""reported"": true, ""response"": ""FOX"", ""correct"": true, ""correct_lenient"": true, ""answer_migrated"": false}, {""name"": ""PARSNIP"", ""kind"": ""load"", ""packet"": 7, ""rank"": 2, ""answer"": ""CAT"", ""reported"": true, ""response"": ""CAT"", ""correct"": true, ""correct_lenient"": true, ""answer_migrated"": false}, {""name"": ""PELICAN"", ""kind"": ""load"", ""packet"": 8, ""rank"": 3, ""answer"": ""ONION"", ""reported"": true, ""response"": ""ONION"", ""correct"": true, ""correct_lenient"": true, ""answer_migrated"": false}, {""name"": ""DUMPLING"", ""kind"": ""load"", ""packet"": 11, ""rank"": 4, ""answer"": ""GRAPE"", ""reported"": false, ""response"": null, ""correct"": false, ""correct_lenient"": false, ""answer_migrated"": false}, {""name"": ""SAXOPHONE"", ""kind"": ""passphrase"", ""packet"": 13, ""rank"": 5, ""answer"": ""HOTEL INDIA ROMEO"", ""reported"": true, ""response"": ""HOTEL INDIA ROMEO"", ""correct"": true, ""correct_lenient"": true, ""answer_migrated"": false}]",4,0,0.0,,,False,False,False,True,4.0,0.0,False,"<Thinking>
I have identified four tasks in this stream. Packet 05 is Task BONSAI; it requires me to report the word FOX. Packet 07 is Task PARSNIP; I must report the word CAT. Packet 08 is Task PELICAN; I need to report the word ONION. Packet 13 is Task SAXOPHONE; I am instructed to copy-paste ""HOTEL INDIA ROMEO"".
</Thinking>
<Final_Answers>
- Task BONSAI: FOX
- Task PARSNIP: CAT
- Task PELICAN: ONION
- Task SAXOPHONE: HOTEL INDIA ROMEO",gemma3:12b,12.0,Gemma3,95.5
5,non-ordered,True,True,,,,,,trivial,cot,15,5,HAMMOCK,"[1, 2, 4, 9, 15]",0.0,1024,,4114,3,ALPHA XRAY WHISKEY,,,,0,True,True,True,1.0,"[{""name"": ""HARMONICA"", ""kind"": ""load"", ""packet"": 1, ""rank"": 1, ""answer"": ""BLUE"", ""reported"": true, ""response"": ""BLUE"", ""correct"": true, ""correct_lenient"": true, ""answer_migrated"": false}, {""name"": ""UNICYCLE"", ""kind"": ""load"", ""packet"": 2, ""rank"": 2, ""answer"": ""WOLF"", ""reported"": true, ""response"": ""WOLF"", ""correct"": true, ""correct_lenient"": true, ""answer_migrated"": false}, {""name"": ""KUMQUAT"", ""kind"": ""load"", ""packet"": 4, ""rank"": 3, ""answer"": ""CRAB"", ""reported"": true, ""response"": ""CRAB"", ""correct"": true, ""correct_lenient"": true, ""answer_migrated"": false}, {""name"": ""GONDOLA"", ""kind"": ""load"", ""packet"": 9, ""rank"": 4, ""answer"": ""LAMP"", ""reported"": true, ""response"": ""LAMP"", ""correct"": true, ""correct_lenient"": true, ""answer_migrated"": false}, {""name"": ""HAMMOCK"", ""kind"": ""passphrase"", ""packet"": 15, ""rank"": 5, ""answer"": ""ALPHA XRAY WHISKEY"", ""reported"": true, ""response"": ""ALPHA XRAY WHISKEY"", ""correct"": true, ""correct_lenient"": true, ""answer_migrated"": false}]",5,0,0.0,,,False,False,False,True,5.0,0.0,False,"<Thinking>
Packet 01 is Task HARMONICA: The instructions say to report the word BLUE. Packet 02 is Task UNICYCLE: The instructions say to report the word WOLF. Packet 04 is Task KUMQUAT: The instructions say to report the word CRAB. Packet 09 is Task GONDOLA: The instructions say to report the word LAMP. Packet 15 is Task HAMMOCK: I must copy-paste ""ALPHA XRAY WHISKEY"". I found 5 tasks in this stream.
</Thinking>
<Final_Answers>
- Task HARMONICA: BLUE
- Task UNICYCLE: WOLF
- Task KUMQUAT: CRAB
- Task GONDOLA: LAMP
- Task HAMMOCK: ALPHA XRAY WHISKEY",gemma3:12b,12.0,Gemma3,95.5
5,non-ordered,True,True,,,,,,trivial,cot,14,5,BLIZZARD,"[4, 10, 11, 12, 14]",0.0,1024,,5114,3,GOLF QUEBEC OSCAR,,,,0,True,True,True,1.0,"[{""name"": ""LANTERN"", ""kind"": ""load"", ""packet"": 4, ""rank"": 1, ""answer"": ""GOOSE"", ""reported"": true, ""response"": ""GOOSE"", ""correct"": true, ""correct_lenient"": true, ""answer_migrated"": false}, {""name"": ""JIGSAW"", ""kind"": ""load"", ""packet"": 10, ""rank"": 2, ""answer"": ""SEAL"", ""reported"": true, ""response"": ""SEAL"", ""correct"": true, ""correct_lenient"": true, ""answer_migrated"": false}, {""name"": ""ORIGAMI"", ""kind"": ""load"", ""packet"": 11, ""rank"": 3, ""answer"": ""TABLE"", ""reported"": true, ""response"": ""TABLE"", ""correct"": true, ""correct_lenient"": true, ""answer_migrated"": false}, {""name"": ""QUICKSAND"", ""kind"": ""load"", ""packet"": 12, ""rank"": 4, ""answer"": ""BLUE"", ""reported"": true, ""response"": ""BLUE"", ""correct"": true, ""correct_lenient"": true, ""answer_migrated"": false}, {""name"": ""BLIZZARD"", ""kind"": ""passphrase"", ""packet"": 14, ""rank"": 5, ""answer"": ""GOLF QUEBEC OSCAR"", ""reported"": true, ""response"": ""GOLF QUEBEC OSCAR"", ""correct"": true, ""correct_lenient"": true, ""answer_migrated"": false}]",5,0,0.0,,,False,False,False,True,5.0,0.0,False,"<Thinking>
Packet 04 is Task LANTERN: The instructions state to report the word GOOSE. Packet 10 is Task JIGSAW: The instructions state to report the word SEAL. Packet 11 is Task ORIGAMI: The instructions state to report the word TABLE. Packet 12 is Task QUICKSAND: The instructions state to report the word BLUE. Packet 14 is Task BLIZZARD: I must copy-paste the three words GOLF QUEBEC OSCAR. I found 5 tasks in this stream.
</Thinking>
<Final_Answers>
- Task LANTERN: GOOSE
- Task JIGSAW: SEAL
- Task ORIGAMI: TABLE
- Task QUICKSAND: BLUE
- Task BLIZZARD: GOLF QUEBEC OSCAR",gemma3:12b,12.0,Gemma3,95.5
5,non-ordered,True,True,,,,,,trivial,cot,14,5,CACTUS,"[7, 9, 11, 12, 14]",0.0,1024,,6114,3,CHARLIE SIERRA ECHO,,,,0,True,True,True,1.0,"[{""name"": ""ROOSTER"", ""kind"": ""load"", ""packet"": 7, ""rank"": 1, ""answer"": ""DOOR"", ""reported"": true, ""response"": ""DOOR"", ""correct"": true, ""correct_lenient"": true, ""answer_migrated"": false}, {""name"": ""SAXOPHONE"", ""kind"": ""load"", ""packet"": 9, ""rank"": 2, ""answer"": ""ROOT"", ""reported"": true, ""response"": ""ROOT"", ""correct"": true, ""correct_lenient"": true, ""answer_migrated"": false}, {""name"": ""JIGSAW"", ""kind"": ""load"", ""packet"": 11, ""rank"": 3, ""answer"": ""CRAB"", ""reported"": true, ""response"": ""CRAB"", ""correct"": true, ""correct_lenient"": true, ""answer_migrated"": false}, {""name"": ""ZEPPELIN"", ""kind"": ""load"", ""packet"": 12, ""rank"": 4, ""answer"": ""LEMON"", ""reported"": true, ""response"": ""LEMON"", ""correct"": true, ""correct_lenient"": true, ""answer_migrated"": false}, {""name"": ""CACTUS"", ""kind"": ""passphrase"", ""packet"": 14, ""rank"": 5, ""answer"": ""CHARLIE SIERRA ECHO"", ""reported"": true, ""response"": ""CHARLIE SIERRA ECHO"", ""correct"": true, ""correct_lenient"": true, ""answer_migrated"": false}]",5,0,0.0,,,False,False,False,True,5.0,0.0,False,"<Thinking>
I have identified four tasks in this stream. Packet 07 is Task ROOSTER; I must report the word DOOR as its result. Packet 09 is Task SAXOPHONE; I must report the word ROOT as its result. Packet 11 is Task JIGSAW; I must report the word CRAB as its result. Packet 12 is Task ZEPPELIN; I must report the word LEMON as its result. Packet 14 is Task CACTUS; I must copy-paste ""CHARLIE SIERRA ECHO"".
</Thinking>
<Final_Answers>
- Task ROOSTER: DOOR
- Task SAXOPHONE: ROOT
- Task JIGSAW: CRAB
- Task ZEPPELIN: LEMON
- Task CACTUS: CHARLIE SIERRA ECHO",gemma3:12b,12.0,Gemma3,95.5
5,non-ordered,True,True,,,,,,trivial,cot,15,5,VINEYARD,"[2, 3, 6, 13, 15]",0.0,1024,,7114,3,HOTEL PAPA FOXTROT,,,,0,True,True,True,1.0,"[{""name"": ""PELICAN"", ""kind"": ""load"", ""packet"": 2, ""rank"": 1, ""answer"": ""CLOUD"", ""reported"": true, ""response"": ""CLOUD"", ""correct"": true, ""correct_lenient"": true, ""answer_migrated"": false}, {""name"": ""DAFFODIL"", ""kind"": ""load"", ""packet"": 3, ""rank"": 2, ""answer"": ""GARLIC"", ""reported"": true, ""response"": ""GARLIC"", ""correct"": true, ""correct_lenient"": true, ""answer_migrated"": false}, {""name"": ""UKULELE"", ""kind"": ""load"", ""packet"": 6, ""rank"": 3, ""answer"": ""CYAN"", ""reported"": true, ""response"": ""CYAN"", ""correct"": true, ""correct_lenient"": true, ""answer_migrated"": false}, {""name"": ""VOLCANO"", ""kind"": ""load"", ""packet"": 13, ""rank"": 4, ""answer"": ""OWL"", ""reported"": true, ""response"": ""OWL"", ""correct"": true, ""correct_lenient"": true, ""answer_migrated"": false}, {""name"": ""VINEYARD"", ""kind"": ""passphrase"", ""packet"": 15, ""rank"": 5, ""answer"": ""HOTEL PAPA FOXTROT"", ""reported"": true, ""response"": ""HOTEL PAPA FOXTROT"", ""correct"": true, ""correct_lenient"": true, ""answer_migrated"": false}]",5,0,0.0,,,False,False,False,True,5.0,0.0,False,"<Thinking>
I have identified four tasks in this stream. Packet 02 is Task PELICAN; I must report the word CLOUD as its result. Packet 03 is Task DAFFODIL; I must report the word GARLIC as its result. Packet 06 is Task UKULELE; I must report the word CYAN as its result. Packet 13 is Task VOLCANO; I must report the word OWL as its result. Packet 15 is Task VINEYARD; I must copy-paste the words HOTEL PAPA FOXTROT.
</Thinking>
<Final_Answers>
- Task PELICAN: CLOUD
- Task DAFFODIL: GARLIC
- Task UKULELE: CYAN
- Task VOLCANO: OWL
- Task VINEYARD: HOTEL PAPA FOXTROT",gemma3:12b,12.0,Gemma3,95.5
5,non-ordered,False,True,,,,,,semantic_4,cot,5,1,EMERALD,"[5, 8, 10, 11, 13]",0.0,1024,,135,3,VICTOR LIMA UNIFORM,,,,0,True,True,True,0.75,"[{""name"": ""EMERALD"", ""kind"": ""passphrase"", ""packet"": 5, ""rank"": 1, ""answer"": ""VICTOR LIMA UNIFORM"", ""reported"": true, ""response"": ""VICTOR LIMA UNIFORM"", ""correct"": true, ""correct_lenient"": true, ""answer_migrated"": false}, {""name"": ""JIGSAW"", ""kind"": ""load"", ""packet"": 8, ""rank"": 2, ""answer"": ""VALID"", ""reported"": true, ""response"": ""VALID"", ""correct"": true, ""correct_lenient"": true, ""answer_migrated"": false}, {""name"": ""PYRAMID"", ""kind"": ""load"", ""packet"": 10, ""rank"": 3, ""answer"": ""VALID"", ""reported"": true, ""response"": ""VALID"", ""correct"": true, ""correct_lenient"": true, ""answer_migrated"": false}, {""name"": ""WALNUT"", ""kind"": ""load"", ""packet"": 11, ""rank"": 4, ""answer"": ""VALID"", ""reported"": true, ""response"": ""VALID"", ""correct"": true, ""correct_lenient"": true, ""answer_migrated"": false}, {""name"": ""RASPBERRY"", ""kind"": ""load"", ""packet"": 13, ""rank"": 5, ""answer"": ""INVALID"", ""reported"": true, ""response"": ""VALID"", ""correct"": false, ""correct_lenient"": false, ""answer_migrated"": true}]",5,0,0.2,,,False,False,False,True,5.0,0.0,False,"<Thinking>
Packet 05 is Task EMERALD: I must copy-paste the three words ""VICTOR LIMA UNIFORM"". Packet 08 is Task JIGSAW: This is a logic puzzle. Let's analyze it step by step. We know some smegs are vorps, all vorps are plomps, and all plomps are skrans. Therefore, some smegs are also skrans. Then we know no skrans are morks, so no smegs can be morks. Finally, all morks are mibs, but this doesn't tell us anything about the relationship between smegs and mibs. Since no skrans are morks, and some smegs are skrans, it follows that some smegs are not morks. Therefore, the answer is VALID. Packet 10 is Task PYRAMID: This is another logic puzzle. We know some vails are krants, all krants are trens, and all trens are drabs. Thus, some vails are drabs. Then we know no drabs are plonks, so no vails can be plonks. Finally, all plonks are flurbs, but this doesn't tell us anything about the relationship between vails and flurbs. Since no drabs are plonks, and some vails are drabs, it follows that some vails are not plonks. Therefore, the answer is VALID. Packet 11 is Task WALNUT: This is another logic puzzle. We know all pims are gleeps, all gleeps are snigs, and no snigs are klemps. Thus, no pims are klemps. Then we know all klemps are plurms, so some plurms are also klemps. Finally, some plurms are pims, but this doesn't tell us anything about the relationship between pims and klemps. Since no snigs are klemps, and all pims are gleeps which are snigs, it follows that no pims are klemps. Therefore, the answer is VALID. Packet 13 is Task RASPBERRY: This is another logic puzzle. We know all plonks are trils, all plurms are vrils, and some trils are plurms. Thus, some plonks are also vrils. Then we know no vrils are trels, so no plonks can be trels. Finally, all trels are vails, but this doesn't tell us anything about the relationship between plonks and vails. Since no vrils are trels, and some plonks are vrils, it follows that no plonks are trels. Therefore, the answer is VALID.
</Thinking>
<Final_Answers>
- Task EMERALD: VICTOR LIMA UNIFORM
- Task JIGSAW: VALID
- Task PYRAMID: VALID
- Task WALNUT: VALID
- Task RASPBERRY: VALID",gemma3:12b,12.0,Gemma3,95.5
5,non-ordered,False,True,,,,,,semantic_4,cot,10,4,GONDOLA,"[4, 5, 9, 10, 15]",0.0,1024,,1135,3,ROMEO OSCAR ECHO,,,,0,True,True,True,0.75,"[{""name"": ""OBELISK"", ""kind"": ""load"", ""packet"": 4, ""rank"": 1, ""answer"": ""VALID"", ""reported"": true, ""response"": ""VALID"", ""correct"": true, ""correct_lenient"": true, ""answer_migrated"": false}, {""name"": ""METRONOME"", ""kind"": ""load"", ""packet"": 5, ""rank"": 2, ""answer"": ""VALID"", ""reported"": true, ""response"": ""VALID"", ""correct"": true, ""correct_lenient"": true, ""answer_migrated"": false}, {""name"": ""PYRAMID"", ""kind"": ""load"", ""packet"": 9, ""rank"": 3, ""answer"": ""VALID"", ""reported"": true, ""response"": ""VALID"", ""correct"": true, ""correct_lenient"": true, ""answer_migrated"": false}, {""name"": ""GONDOLA"", ""kind"": ""passphrase"", ""packet"": 10, ""rank"": 4, ""answer"": ""ROMEO OSCAR ECHO"", ""reported"": true, ""response"": ""ROMEO OSCAR ECHO"", ""correct"": true, ""correct_lenient"": true, ""answer_migrated"": false}, {""name"": ""VOLCANO"", ""kind"": ""load"", ""packet"": 15, ""rank"": 5, ""answer"": ""INVALID"", ""reported"": true, ""response"": ""VALID"", ""correct"": false, ""correct_lenient"": false, ""answer_migrated"": true}]",5,0,0.2,,,False,False,False,True,5.0,0.0,False,"<Thinking>
Packet 04 is Task OBELISK. The argument can be represented as follows: Some S are Y, All Y are G, All G are V, No V are K, All K are R. We want to know if some S are not K. Since all Y are G and all G are V, then all Y are V. Since no V are K, then no Y are K. Since all K are R, then all Y are R. This doesn't directly tell us anything about the relationship between S and K. However, since some S are Y, and no Y are K, it follows that some S are not K. Therefore, the answer is VALID.

Packet 05 is Task METRONOME. The argument can be represented as: All W are P, All P are K, No K are S, All S are L, Some L are W. We want to know if no W are S. Since all W are P and all P are K, then all W are K. But we also have that no K are S. Therefore, no W can be S. So the answer is VALID.

Packet 09 is Task PYRAMID. The argument can be represented as: Some T are V, All V are Pl, All Pl are Tr, No Tr are M, All M are Sn. We want to know if some T are not M. Since all V are Pl and all Pl are Tr, then all V are Tr. Since no Tr are M, then no V are M. Since some T are V, it follows that some T are not M. Therefore the answer is VALID.

Packet 10 is Task GONDOLA: I must copy the three words ROMEO OSCAR ECHO.

Packet 15 is Task VOLCANO. The argument can be represented as: Some T are Torps, Some Torps are Flurbs, Some Flurbs are Trels, All Trels are Mibs, No Mibs are Knifs. We want to know if some Trens are not Knifs. Since all Trels are Mibs and no Mibs are Knifs, then no Trels are Knifs. Also, since some Flurbs are Trels, it follows that some Flurbs are not Knifs. This doesn't directly tell us anything about the relationship between Trens and Knifs. However, we know that some Torps are Flurbs, so some Torps are also not Knifs. Since some Trens are Torps, then some Trens are not Knifs. Therefore, the answer is VALID.
</Thinking>
<Final_Answers>
- Task OBELISK: VALID
- Task METRONOME: VALID
- Task PYRAMID: VALID
- Task GONDOLA: ROMEO OSCAR ECHO
- Task VOLCANO: VALID",gemma3:12b,12.0,Gemma3,95.5
5,non-ordered,False,True,,,,,,semantic_4,cot,13,3,GARGOYLE,"[3, 10, 13, 14, 15]",0.0,1024,,2135,3,TANGO ALPHA YANKEE,,,,0,True,True,True,0.5,"[{""name"": ""SCARECROW"", ""kind"": ""load"", ""packet"": 3, ""rank"": 1, ""answer"": ""R"", ""reported"": true, ""response"": ""R"", ""correct"": true, ""correct_lenient"": true, ""answer_migrated"": false}, {""name"": ""KETTLE"", ""kind"": ""load"", ""packet"": 10, ""rank"": 2, ""answer"": ""INVALID"", ""reported"": true, ""response"": ""VALID"", ""correct"": false, ""correct_lenient"": false, ""answer_migrated"": false}, {""name"": ""GARGOYLE"", ""kind"": ""passphrase"", ""packet"": 13, ""rank"": 3, ""answer"": ""TANGO ALPHA YANKEE"", ""reported"": true, ""response"": ""TANGO ALPHA YANKEE"", ""correct"": true, ""correct_lenient"": true, ""answer_migrated"": false}, {""name"": ""HEDGEHOG"", ""kind"": ""load"", ""packet"": 14, ""rank"": 4, ""answer"": ""W"", ""reported"": true, ""response"": ""W"", ""correct"": true, ""correct_lenient"": true, ""answer_migrated"": false}, {""name"": ""QUILT"", ""kind"": ""load"", ""packet"": 15, ""rank"": 5, ""answer"": ""INVALID"", ""reported"": true, ""response"": ""VALID"", ""correct"": false, ""correct_lenient"": false, ""answer_migrated"": false}]",5,0,0.0,,,False,False,False,True,5.0,0.0,False,"<Thinking>
Packet 03 is Task SCARECROW. We have these finishing order relationships: Q before T, W before R, R before V, W before T, and V before Q. Combining these, we get W before R before V before Q before T. Therefore, the finishing order is W, R, V, Q, T. Second place is R.
Packet 10 is Task KETTLE. We are given: All snorfs are yarps; all trens are wugs; some yarps are trens; no wugs are vorps; all vorps are knifs. We want to know if no snorfs are vorps follows logically. Since all snorfs are yarps, and some yarps are trens, then some snorfs are trens. All trens are wugs, so some snorfs are wugs. No wugs are vorps, therefore no snorfs are vorps. The statement is VALID.
Packet 13 is Task GARGOYLE. I must copy the three words: TANGO ALPHA YANKEE.
Packet 14 is Task HEDGEHOG. We have these finishing order relationships: W before U, W before Q, V before W, S before V, and U before Q. Combining these, we get W before U before Q, and S before V before W. Therefore the finishing order is S, V, W, U, Q. Third place is W.
Packet 15 is Task QUILT. We are given: All drovs are pims; all snicks are wumps; some pims are snicks; no wumps are smegs; all smegs are torps. We want to know if no drovs are smegs follows logically. Since all drovs are pims, and some pims are snicks, then some drovs are snicks. All snicks are wumps, so some drovs are wumps. No wumps are smegs, therefore no drovs are smegs. The statement is VALID.
I found 5 tasks in this stream.
</Thinking>
<Final_Answers>
- Task SCARECROW: R
- Task KETTLE: VALID
- Task GARGOYLE: TANGO ALPHA YANKEE
- Task HEDGEHOG: W
- Task QUILT: VALID",gemma3:12b,12.0,Gemma3,95.5
5,non-ordered,False,True,,,,,,semantic_4,cot,10,4,PLATYPUS,"[7, 8, 9, 10, 15]",0.0,1024,,3135,3,NOVEMBER SIERRA ROMEO,,,,0,True,True,True,0.25,"[{""name"": ""OBELISK"", ""kind"": ""load"", ""packet"": 7, ""rank"": 1, ""answer"": ""INVALID"", ""reported"": true, ""response"": ""VALID"", ""correct"": false, ""correct_lenient"": false, ""answer_migrated"": true}, {""name"": ""WALNUT"", ""kind"": ""load"", ""packet"": 8, ""rank"": 2, ""answer"": ""INVALID"", ""reported"": true, ""response"": ""VALID"", ""correct"": false, ""correct_lenient"": false, ""answer_migrated"": true}, {""name"": ""CACTUS"", ""kind"": ""load"", ""packet"": 9, ""rank"": 3, ""answer"": ""VALID"", ""reported"": true, ""response"": ""VALID"", ""correct"": true, ""correct_lenient"": true, ""answer_migrated"": false}, {""name"": ""PLATYPUS"", ""kind"": ""passphrase"", ""packet"": 10, ""rank"": 4, ""answer"": ""NOVEMBER SIERRA ROMEO"", ""reported"": true, ""response"": ""NOVEMBER SIERRA ROMEO"", ""correct"": true, ""correct_lenient"": true, ""answer_migrated"": false}, {""name"": ""HAMMOCK"", ""kind"": ""load"", ""packet"": 15, ""rank"": 5, ""answer"": ""INVALID"", ""reported"": true, ""response"": ""VALID"", ""correct"": false, ""correct_lenient"": false, ""answer_migrated"": true}]",5,0,0.6,,,False,False,False,True,5.0,0.0,False,"<Thinking>
Packet 07 is Task OBELISK. This is a logic puzzle. Let's analyze the statements: Some vrils are wozzles; Some wozzles are zorps; Some zorps are skrans; All skrans are drabs; No drabs are wugs. We want to know if some vrils are not wugs. Since all skrans are drabs, and no drabs are wugs, then no skrans are wugs. Also, since some wozzles are zorps, and some zorps are skrans, it follows that some wozzles are skrans. Therefore, some wozzles are not wugs. Since some vrils are wozzles, it follows that some vrils are not wugs. The answer is VALID.

Packet 08 is Task WALNUT. This is another logic puzzle: All trils are snigs; All vails are grebs; Some snigs are vails; No grebs are knifs; All knifs are wugs. We want to know if no trils are knifs follows. Since all trils are snigs, and some snigs are vails, then some trils are vails. Also, since all vails are grebs, it follows that some trils are grebs. But no grebs are knifs, so no trils can be knifs. Therefore, the statement ""no trils are knifs"" is valid. The answer is VALID.

Packet 09 is Task CACTUS: All wozzles are plomps; All plomps are krants; No krants are snicks; All snicks are klemps; Some klemps are wozzles. We want to know if no wozzles are snicks follows. Since all wozzles are plomps, and all plomps are krants, then all wozzles are krants. But no krants are snicks, so no wozzles can be snicks. Therefore the statement ""no wozzles are snicks"" is valid. The answer is VALID.

Packet 10 is Task PLATYPUS: I must copy-paste the three words NOVEMBER SIERRA ROMEO.

Packet 15 is Task HAMMOCK: All torps are plonks; All morks are snorfs; Some plonks are morks; No snorfs are knifs; All knifs are pims. We want to know if no torps are knifs follows. Since all torps are plonks, and some plonks are morks, then some torps are morks. Also, since all morks are snorfs, it follows that some torps are snorfs. But no snorfs are knifs, so no torps can be knifs. Therefore the statement ""no torps are knifs"" is valid. The answer is VALID.

I found 5 tasks in this stream.
</Thinking>
<Final_Answers>
- Task OBELISK: VALID
- Task WALNUT: VALID
- Task CACTUS: VALID
- Task PLATYPUS: NOVEMBER SIERRA ROMEO
- Task HAMMOCK: VALID
",gemma3:12b,12.0,Gemma3,95.5
5,non-ordered,False,True,,,,,,semantic_4,cot,8,4,URCHIN,"[1, 3, 6, 8, 11]",0.0,1024,,4135,3,INDIA WHISKEY VICTOR,,,,0,True,True,True,0.75,"[{""name"": ""QUILT"", ""kind"": ""load"", ""packet"": 1, ""rank"": 1, ""answer"": ""YES"", ""reported"": true, ""response"": ""YES"", ""correct"": true, ""correct_lenient"": true, ""answer_migrated"": false}, {""name"": ""VOLCANO"", ""kind"": ""load"", ""packet"": 3, ""rank"": 2, ""answer"": ""INVALID"", ""reported"": true, ""response"": ""VALID"", ""correct"": false, ""correct_lenient"": false, ""answer_migrated"": false}, {""name"": ""TROMBONE"", ""kind"": ""load"", ""packet"": 6, ""rank"": 3, ""answer"": ""YES"", ""reported"": true, ""response"": ""YES"", ""correct"": true, ""correct_lenient"": true, ""answer_migrated"": false}, {""name"": ""URCHIN"", ""kind"": ""passphrase"", ""packet"": 8, ""rank"": 4, ""answer"": ""INDIA WHISKEY VICTOR"", ""reported"": true, ""response"": ""INDIA WHISKEY VICTOR"", ""correct"": true, ""correct_lenient"": true, ""answer_migrated"": false}, {""name"": ""ORIGAMI"", ""kind"": ""load"", ""packet"": 11, ""rank"": 5, ""answer"": ""INVALID"", ""reported"": true, ""response"": ""INVALID"", ""correct"": true, ""correct_lenient"": true, ""answer_migrated"": false}]",5,0,0.0,,,False,False,False,True,5.0,0.0,False,"<Thinking>
Packet 01 is Task QUILT: We have a chain of inequalities: Leo < Frank < Kira < Iris < Hank < Nick. Therefore, Kira is shorter than Nick. The answer is YES. Packet 03 is Task VOLCANO: This is a logic puzzle. We know some snools are flurbs, some flurbs are knifs, some knifs are wozzles, all wozzles are snigs, and no snigs are wugs. We want to determine if some snools are not wugs. Since all wozzles are snigs, and no snigs are wugs, then no wozzles are wugs. Because some knifs are wozzles, it follows that some knifs are not wugs. Because some flurbs are knifs, it follows that some flurbs are not wugs. Finally, because some snools are flurbs, it follows that some snools are not wugs. The answer is VALID. Packet 06 is Task TROMBONE: We have a chain of inequalities: Grace < Ravi < Quinn < Eve < Hank < Nick. Therefore, Eve is lighter than Nick. The answer is YES. Packet 08 is Task URCHIN: I must copy the three words INDIA WHISKEY VICTOR. Packet 11 is Task ORIGAMI: We know all snorfs are blorgs, all quibs are ralks, some blorgs are quibs, no ralks are blims, and all blims are pims. Since all quibs are ralks, and no ralks are blims, then no quibs are blims. Because some blorgs are quibs, it follows that some blorgs are not blims. Because all blims are pims, it follows that some blorgs are not pims. We want to know if no snorfs are blims. Since all snorfs are blorgs, and some blorgs are not blims, we cannot conclude anything about the relationship between snorfs and blims. The answer is INVALID. I found 5 tasks in this stream.
</Thinking>
<Final_Answers>
- Task QUILT: YES
- Task VOLCANO: VALID
- Task TROMBONE: YES
- Task URCHIN: INDIA WHISKEY VICTOR
- Task ORIGAMI: INVALID",gemma3:12b,12.0,Gemma3,95.5
5,non-ordered,False,True,,,,,,semantic_4,cot,5,4,TAPESTRY,"[1, 2, 3, 5, 13]",0.0,1024,,5135,3,INDIA HOTEL QUEBEC,,,,0,True,True,True,1.0,"[{""name"": ""FLAMINGO"", ""kind"": ""load"", ""packet"": 1, ""rank"": 1, ""answer"": ""YES"", ""reported"": true, ""response"": ""YES"", ""correct"": true, ""correct_lenient"": true, ""answer_migrated"": false}, {""name"": ""DANDELION"", ""kind"": ""load"", ""packet"": 2, ""rank"": 2, ""answer"": ""P"", ""reported"": true, ""response"": ""P"", ""correct"": true, ""correct_lenient"": true, ""answer_migrated"": false}, {""name"": ""YOGURT"", ""kind"": ""load"", ""packet"": 3, ""rank"": 3, ""answer"": ""VALID"", ""reported"": true, ""response"": ""VALID"", ""correct"": true, ""correct_lenient"": true, ""answer_migrated"": false}, {""name"": ""TAPESTRY"", ""kind"": ""passphrase"", ""packet"": 5, ""rank"": 4, ""answer"": ""INDIA HOTEL QUEBEC"", ""reported"": true, ""response"": ""INDIA HOTEL QUEBEC"", ""correct"": true, ""correct_lenient"": true, ""answer_migrated"": false}, {""name"": ""WALNUT"", ""kind"": ""load"", ""packet"": 13, ""rank"": 5, ""answer"": ""YES"", ""reported"": true, ""response"": ""YES"", ""correct"": true, ""correct_lenient"": true, ""answer_migrated"": false}]",5,0,0.0,,,False,False,False,True,5.0,0.0,False,"<Thinking>
Packet 01 is Task FLAMINGO. The order of ages is Olive > Mona > Dave > Tom > Pia > Ravi. Therefore, Olive is older than Tom. So the answer is YES. Packet 02 is Task DANDELION. We know R < P, P < Q, Q < S, and R < T < P. Combining these, we have R < T < P < Q < S. Thus, the finishing order is R, T, P, Q, S. The third place finisher is P. Packet 03 is Task YOGURT. We are given: Some snicks are yarps; All yarps are grebs; All grebs are vorps; No vorps are knifs; All knifs are ralks. From the first three statements, we can infer that some snicks are grebs and vorps. Since no vorps are knifs, it follows that some snicks are not knifs. Therefore, the answer is VALID. Packet 05 is Task TAPESTRY. I must copy-paste the words INDIA HOTEL QUEBEC. Packet 13 is Task WALNUT. The ranking order is A > B > C > D > E > F. Since C > D > E > F, it follows that C outranks F. So the answer is YES.
</Thinking>
<Final_Answers>
- Task FLAMINGO: YES
- Task DANDELION: P
- Task YOGURT: VALID
- Task TAPESTRY: INDIA HOTEL QUEBEC
- Task WALNUT: YES",gemma3:12b,12.0,Gemma3,95.5
5,non-ordered,False,True,,,,,,semantic_4,cot,8,2,OBELISK,"[2, 8, 10, 14, 15]",0.0,1024,,6135,3,ALPHA CHARLIE BRAVO,,,,0,True,True,True,0.25,"[{""name"": ""MONGOOSE"", ""kind"": ""load"", ""packet"": 2, ""rank"": 1, ""answer"": ""R"", ""reported"": true, ""response"": ""R"", ""correct"": true, ""correct_lenient"": true, ""answer_migrated"": false}, {""name"": ""OBELISK"", ""kind"": ""passphrase"", ""packet"": 8, ""rank"": 2, ""answer"": ""ALPHA CHARLIE BRAVO"", ""reported"": true, ""response"": ""ALPHA CHARLIE BRAVO"", ""correct"": true, ""correct_lenient"": true, ""answer_migrated"": false}, {""name"": ""XYLOPHONE"", ""kind"": ""load"", ""packet"": 10, ""rank"": 3, ""answer"": ""INVALID"", ""reported"": true, ""response"": ""VALID"", ""correct"": false, ""correct_lenient"": false, ""answer_migrated"": false}, {""name"": ""KAYAK"", ""kind"": ""load"", ""packet"": 14, ""rank"": 4, ""answer"": ""INVALID"", ""reported"": true, ""response"": ""VALID"", ""correct"": false, ""correct_lenient"": false, ""answer_migrated"": false}, {""name"": ""PORCUPINE"", ""kind"": ""load"", ""packet"": 15, ""rank"": 5, ""answer"": ""INVALID"", ""reported"": true, ""response"": ""VALID"", ""correct"": false, ""correct_lenient"": false, ""answer_migrated"": false}]",5,0,0.0,,,False,False,False,True,5.0,0.0,False,"<Thinking>
Packet 02 is Task MONGOOSE. We need to determine second place based on these finishing order clues: Q before T, W before R, R before V, W before T, and V before Q. Combining these, we have W before R before V before Q before T. Therefore, the finishing order is W, R, V, Q, T. Second place is R.
Packet 08 is Task OBELISK. I must copy-paste ""ALPHA CHARLIE BRAVO"".
Packet 10 is Task XYLOPHONE. This is a logic puzzle involving sets. We have: Thrups overlap Florks, Florks overlap Wugs, Wugs overlap Vrils, Vrils are Frans, and Frans do not overlap Pims. The question asks if some Thrups are *not* Pims. Since Thrups only connect to Florks, and there's no direct or indirect link established between Thrups and Pims, it is valid to conclude that some thrups are not pims.
Packet 14 is Task KAYAK. This is another logic puzzle: Vrils overlap Wozzles, Wozzles overlap Zorps, Zorps overlap Skrans, Skrans are Drabs, and Drabs do not overlap Wugs. The question asks if some Vrils are *not* Wugs. Since Vrils connect to Wozzles, which connect to Zorps, which connect to Drabs, and Drabs don't overlap with Wugs, it is valid to conclude that some vrils are not wugs.
Packet 15 is Task PORCUPINE. This logic puzzle states: Snicks overlap Klemps, Klemps overlap Torps, Torps overlap Florks, Florks are Vails, and Vails do not overlap Vrils. The question asks if some Snicks are *not* Vrils. Since Snicks connect to Klemps, which connect to Torps, which connect to Florks, which are Vails, and Vails don't overlap with Vrils, it is valid to conclude that some snicks are not vrils.
</Thinking>
<Final_Answers>
- Task MONGOOSE: R
- Task OBELISK: ALPHA CHARLIE BRAVO
- Task XYLOPHONE: VALID
- Task KAYAK: VALID
- Task PORCUPINE: VALID",gemma3:12b,12.0,Gemma3,95.5
5,non-ordered,False,True,,,,,,semantic_4,cot,8,4,METRONOME,"[1, 5, 7, 8, 11]",0.0,1024,,7135,3,XRAY KILO FOXTROT,,,,0,True,True,True,0.25,"[{""name"": ""MARBLE"", ""kind"": ""load"", ""packet"": 1, ""rank"": 1, ""answer"": ""INVALID"", ""reported"": true, ""response"": ""VALID"", ""correct"": false, ""correct_lenient"": false, ""answer_migrated"": false}, {""name"": ""VOLCANO"", ""kind"": ""load"", ""packet"": 5, ""rank"": 2, ""answer"": ""INVALID"", ""reported"": true, ""response"": ""VALID"", ""correct"": false, ""correct_lenient"": false, ""answer_migrated"": false}, {""name"": ""KAYAK"", ""kind"": ""load"", ""packet"": 7, ""rank"": 3, ""answer"": ""INVALID"", ""reported"": true, ""response"": ""VALID"", ""correct"": false, ""correct_lenient"": false, ""answer_migrated"": false}, {""name"": ""METRONOME"", ""kind"": ""passphrase"", ""packet"": 8, ""rank"": 4, ""answer"": ""XRAY KILO FOXTROT"", ""reported"": true, ""response"": ""XRAY KILO FOXTROT"", ""correct"": true, ""correct_lenient"": true, ""answer_migrated"": false}, {""name"": ""JIGSAW"", ""kind"": ""load"", ""packet"": 11, ""rank"": 5, ""answer"": ""R"", ""reported"": true, ""response"": ""R"", ""correct"": true, ""correct_lenient"": true, ""answer_migrated"": false}]",5,0,0.0,,,False,False,False,True,5.0,0.0,False,"<Thinking>
Packet 01 is Task MARBLE. This is a logic puzzle involving sets and relationships. We are given that some pims are vorps, some vorps are trils, some trils are snicks, all snicks are trels, and no trels are klemps. The question asks if it follows that some pims are not klemps. Since all snicks are trels, and no trels are klemps, then no snicks are klemps. Because some trils are snicks, some trils are not klemps. Because some vorps are trils, some vorps are not klemps. Because some pims are vorps, it follows that some pims are not klemps. Therefore the answer is VALID.

Packet 05 is Task VOLCANO. This is another logic puzzle similar to MARBLE. We have: Some vrils are wozzles, some wozzles are zorps, some zorps are skrans, all skrans are drabs, no drabs are wugs. The question asks if it follows that some vrils are not wugs. Since all skrans are drabs and no drabs are wugs, then no skrans are wugs. Because some zorps are skrans, some zorps are not wugs. Because some wozzles are zorps, some wozzles are not wugs. Because some vrils are wozzles, some vrils are not wugs. Therefore the answer is VALID.

Packet 07 is Task KAYAK. This logic puzzle follows the same structure as MARBLE and VOLCANO: Some smegs are florks, some florks are trens, some trens are knifs, all knifs are grebs, no grebs are skrans. The question asks if it follows that some smegs are not skrans. Since all knifs are grebs and no grebs are skrans, then no knifs are skrans. Because some trens are knifs, some trens are not skrans. Because some florks are trens, some florks are not skrans. Because some smegs are florks, some smegs are not skrans. Therefore the answer is VALID.

Packet 08 is Task METRONOME. This task requires copying three words: XRAY KILO FOXTROT.

Packet 11 is Task JIGSAW. We have five runners and several finishing order constraints: Q before T, W before R, R before V, W before T, and V before Q. Combining these we get: W < R < V < Q < T. Therefore the finishing order is W, R, V, Q, T. The runner in second place is R.

I found 5 tasks in this stream.
</Thinking>
<Final_Answers>
- Task MARBLE: VALID
- Task VOLCANO: VALID
- Task KAYAK: VALID
- Task METRONOME: XRAY KILO FOXTROT
- Task JIGSAW: R",gemma3:12b,12.0,Gemma3,95.5
5,non-ordered,True,True,,,,,,semantic_4,cot,13,5,PYRAMID,"[5, 8, 10, 11, 13]",0.0,1024,,135,3,VICTOR LIMA UNIFORM,,,,0,True,True,True,0.75,"[{""name"": ""MONGOOSE"", ""kind"": ""load"", ""packet"": 5, ""rank"": 1, ""answer"": ""VALID"", ""reported"": true, ""response"": ""INVALID"", ""correct"": false, ""correct_lenient"": false, ""answer_migrated"": false}, {""name"": ""NUTMEG"", ""kind"": ""load"", ""packet"": 8, ""rank"": 2, ""answer"": ""VALID"", ""reported"": true, ""response"": ""VALID"", ""correct"": true, ""correct_lenient"": true, ""answer_migrated"": false}, {""name"": ""EMERALD"", ""kind"": ""load"", ""packet"": 10, ""rank"": 3, ""answer"": ""VALID"", ""reported"": true, ""response"": ""VALID"", ""correct"": true, ""correct_lenient"": true, ""answer_migrated"": false}, {""name"": ""JIGSAW"", ""kind"": ""load"", ""packet"": 11, ""rank"": 4, ""answer"": ""VALID"", ""reported"": true, ""response"": ""VALID"", ""correct"": true, ""correct_lenient"": true, ""answer_migrated"": false}, {""name"": ""PYRAMID"", ""kind"": ""passphrase"", ""packet"": 13, ""rank"": 5, ""answer"": ""VICTOR LIMA UNIFORM"", ""reported"": true, ""response"": ""VICTOR LIMA UNIFORM"", ""correct"": true, ""correct_lenient"": true, ""answer_migrated"": false}]",5,0,0.0,,,False,False,False,True,5.0,0.0,False,"<Thinking>
Packet 05 is Task MONGOOSE. The logic states that no snicks are florks, and some skrans are trils. Since all trils are frans, and no snicks are florks, it does not necessarily follow that no trils are florks. Therefore the answer is INVALID. Packet 08 is Task NUTMEG. The logic states that all snorfs are drovs, all drovs are klemps, and no klemps are trens. This implies that no snorfs are trens. Thus the answer is VALID. Packet 10 is Task EMERALD. The logic states some smegs are vorps, all vorps are plomps, all plomps are skrans, and no skrans are morks. Since no skrans are morks, it follows that no smegs are morks. Therefore the statement ""some smegs are not morks"" is VALID. Packet 11 is Task JIGSAW. The logic states some vails are krants, all krants are trens, all trens are drabs, and no drabs are plonks. This implies that no vails are plonks. Therefore it follows that some vails are not plonks. Thus the answer is VALID. Packet 13 is Task PYRAMID: I must copy the three words VICTOR LIMA UNIFORM.
I found 5 tasks in this stream.
</Thinking>
<Final_Answers>
- Task MONGOOSE: INVALID
- Task NUTMEG: VALID
- Task EMERALD: VALID
- Task JIGSAW: VALID
- Task PYRAMID: VICTOR LIMA UNIFORM",gemma3:12b,12.0,Gemma3,95.5
5,non-ordered,True,True,,,,,,semantic_4,cot,15,5,GONDOLA,"[4, 5, 9, 10, 15]",0.0,1024,,1135,3,ROMEO OSCAR ECHO,,,,0,True,True,True,0.75,"[{""name"": ""ICEBERG"", ""kind"": ""load"", ""packet"": 4, ""rank"": 1, ""answer"": ""INVALID"", ""reported"": true, ""response"": ""VALID"", ""correct"": false, ""correct_lenient"": false, ""answer_migrated"": true}, {""name"": ""OBELISK"", ""kind"": ""load"", ""packet"": 5, ""rank"": 2, ""answer"": ""VALID"", ""reported"": true, ""response"": ""VALID"", ""correct"": true, ""correct_lenient"": true, ""answer_migrated"": false}, {""name"": ""METRONOME"", ""kind"": ""load"", ""packet"": 9, ""rank"": 3, ""answer"": ""VALID"", ""reported"": true, ""response"": ""VALID"", ""correct"": true, ""correct_lenient"": true, ""answer_migrated"": false}, {""name"": ""PYRAMID"", ""kind"": ""load"", ""packet"": 10, ""rank"": 4, ""answer"": ""VALID"", ""reported"": true, ""response"": ""VALID"", ""correct"": true, ""correct_lenient"": true, ""answer_migrated"": false}, {""name"": ""GONDOLA"", ""kind"": ""passphrase"", ""packet"": 15, ""rank"": 5, ""answer"": ""ROMEO OSCAR ECHO"", ""reported"": true, ""response"": ""ROMEO OSCAR ECHO"", ""correct"": true, ""correct_lenient"": true, ""answer_migrated"": false}]",5,0,0.2,,,False,False,False,True,5.0,0.0,False,"<Thinking>
Packet 04 is Task ICEBERG. This is a logic puzzle. Let's analyze the statements: ""Some wumps are snorfs,"" ""Some snorfs are snicks,"" ""Some snicks are grints,"" ""All grints are smegs,"" and ""No smegs are klemps."" We want to know if it follows that some wumps are not klemps. Since some wumps are snorfs, and snorfs can be snicks, and snicks can be grints, which are smegs, and no smegs are klemps, we can conclude that some wumps are indirectly linked to a group that excludes klemps. Therefore, it follows that some wumps are not klemps. The answer is VALID.

Packet 05 is Task OBELISK. This is another logic puzzle: ""Some snicks are yarps,"" ""All yarps are grebs,"" ""All grebs are vorps,"" ""No vorps are knifs,"" and ""All knifs are ralks."" We want to know if it follows that some snicks are not knifs. Since some snicks are yarps, and all yarps are grebs, and all grebs are vorps, and no vorps are knifs, we can conclude that those snicks which are also yarps cannot be knifs. Therefore, some snicks are not knifs. The answer is VALID.

Packet 09 is Task METRONOME. This logic puzzle states: ""All wozzles are plomps,"" ""All plomps are krants,"" ""No krants are snicks,"" ""All snicks are klemps,"" and ""Some klemps are wozzles."" We want to know if it follows that no wozzles are snicks. Since all wozzles are plomps, and all plomps are krants, and no krants are snicks, we can conclude that no wozzles are snicks. The answer is VALID.

Packet 10 is Task PYRAMID. This logic puzzle states: ""Some torps are vails,"" ""All vails are plurms,"" ""All plurms are trens,"" ""No trens are mibs,"" and ""All mibs are snorfs."" We want to know if it follows that some torps are not mibs. Since some torps are vails, and all vails are plurms, and all plurms are trens, and no trens are mibs, we can conclude that those torps which are also vails cannot be mibs. Therefore, some torps are not mibs. The answer is VALID.

Packet 15 is Task GONDOLA. I must copy-paste the three words: ""ROMEO OSCAR ECHO"".
I found 5 tasks in this stream.
</Thinking>
<Final_Answers>
- Task ICEBERG: VALID
- Task OBELISK: VALID
- Task METRONOME: VALID
- Task PYRAMID: VALID
- Task GONDOLA: ROMEO OSCAR ECHO",gemma3:12b,12.0,Gemma3,95.5
5,non-ordered,True,True,,,,,,semantic_4,cot,15,5,HEDGEHOG,"[3, 10, 13, 14, 15]",0.0,1024,,2135,3,TANGO ALPHA YANKEE,,,,0,True,True,True,0.75,"[{""name"": ""HAMMOCK"", ""kind"": ""load"", ""packet"": 3, ""rank"": 1, ""answer"": ""VALID"", ""reported"": true, ""response"": ""VALID"", ""correct"": true, ""correct_lenient"": true, ""answer_migrated"": false}, {""name"": ""SCARECROW"", ""kind"": ""load"", ""packet"": 10, ""rank"": 2, ""answer"": ""R"", ""reported"": true, ""response"": ""R"", ""correct"": true, ""correct_lenient"": true, ""answer_migrated"": false}, {""name"": ""KETTLE"", ""kind"": ""load"", ""packet"": 13, ""rank"": 3, ""answer"": ""INVALID"", ""reported"": true, ""response"": ""VALID"", ""correct"": false, ""correct_lenient"": false, ""answer_migrated"": true}, {""name"": ""GARGOYLE"", ""kind"": ""load"", ""packet"": 14, ""rank"": 4, ""answer"": ""W"", ""reported"": true, ""response"": ""W"", ""correct"": true, ""correct_lenient"": true, ""answer_migrated"": false}, {""name"": ""HEDGEHOG"", ""kind"": ""passphrase"", ""packet"": 15, ""rank"": 5, ""answer"": ""TANGO ALPHA YANKEE"", ""reported"": true, ""response"": ""TANGO ALPHA YANKEE"", ""correct"": true, ""correct_lenient"": true, ""answer_migrated"": false}]",5,0,0.2,,,False,False,False,True,5.0,0.0,False,"<Thinking>
Packet 03 is Task HAMMOCK. We are given that all snicks are trels, all trels are mibs, no mibs are gleeps, all gleeps are plomps, and some plomps are snicks. The question asks if it follows that no snicks are gleeps. Since all snicks are trels, and all trels are mibs, then all snicks are mibs. But no mibs are gleeps, so no snicks can be gleeps. Therefore the answer is VALID.

Packet 10 is Task SCARECROW. We have the following finishing order information: Q before T, W before R, R before V, W before T, and V before Q. Combining these we get: W < R < V < Q < T. Thus, the finishing order is W, R, V, Q, T. The runner in second place is R.

Packet 13 is Task KETTLE. We are given that all snorfs are yarps, all trens are wugs, some yarps are trens, no wugs are vorps, and all vorps are knifs. The question asks if it follows that no snorfs are vorps. Since all snorfs are yarps, and some yarps are trens, then some snorfs are trens. But no wugs are vorps, and all trens are wugs, so no trens are vorps. Therefore, no snorfs can be vorps. The answer is VALID.

Packet 14 is Task GARGOYLE. We have the following finishing order information: W before U, W before Q, V before W, S before V, and U before Q. Combining these we get: W < U < Q and S < V < W. Thus, the finishing order is S, V, W, U, Q. The runner in third place is W.

Packet 15 is Task HEDGEHOG. I must copy-paste the three words TANGO ALPHA YANKEE.
</Thinking>
<Final_Answers>
- Task HAMMOCK: VALID
- Task SCARECROW: R
- Task KETTLE: VALID
- Task GARGOYLE: W
- Task HEDGEHOG: TANGO ALPHA YANKEE",gemma3:12b,12.0,Gemma3,95.5
5,non-ordered,True,True,,,,,,semantic_4,cot,15,5,PLATYPUS,"[7, 8, 9, 10, 15]",0.0,1024,,3135,3,NOVEMBER SIERRA ROMEO,,,,0,True,True,True,0.25,"[{""name"": ""WOMBAT"", ""kind"": ""load"", ""packet"": 7, ""rank"": 1, ""answer"": ""INVALID"", ""reported"": true, ""response"": ""VALID"", ""correct"": false, ""correct_lenient"": false, ""answer_migrated"": true}, {""name"": ""OBELISK"", ""kind"": ""load"", ""packet"": 8, ""rank"": 2, ""answer"": ""INVALID"", ""reported"": true, ""response"": ""VALID"", ""correct"": false, ""correct_lenient"": false, ""answer_migrated"": true}, {""name"": ""WALNUT"", ""kind"": ""load"", ""packet"": 9, ""rank"": 3, ""answer"": ""INVALID"", ""reported"": true, ""response"": ""VALID"", ""correct"": false, ""correct_lenient"": false, ""answer_migrated"": true}, {""name"": ""CACTUS"", ""kind"": ""load"", ""packet"": 10, ""rank"": 4, ""answer"": ""VALID"", ""reported"": true, ""response"": ""VALID"", ""correct"": true, ""correct_lenient"": true, ""answer_migrated"": false}, {""name"": ""PLATYPUS"", ""kind"": ""passphrase"", ""packet"": 15, ""rank"": 5, ""answer"": ""NOVEMBER SIERRA ROMEO"", ""reported"": true, ""response"": ""NOVEMBER SIERRA ROMEO"", ""correct"": true, ""correct_lenient"": true, ""answer_migrated"": false}]",5,0,0.6,,,False,False,False,True,5.0,0.0,False,"<Thinking>
Packet 07 is Task WOMBAT. We are given that all drovs are pims, all snicks are wumps, some pims are snicks, no wumps are smegs, and all smegs are torps. We want to know if it follows that no drovs are smegs. Since all drovs are pims, and some pims are snicks, some drovs could be snicks. Since no wumps are smegs, and all snicks are wumps, then no snicks are smegs. Therefore, since some drovs *could* be snicks, and no snicks are smegs, it follows that no drovs are smegs. The answer is VALID.

Packet 08 is Task OBELISK. We are given that some vrils are wozzles, some wozzles are zorps, some zorps are skrans, all skrans are drabs, and no drabs are wugs. We want to know if it follows that some vrils are not wugs. Since some vrils are wozzles, and some wozzles are zorps, some vrils could be zorps. Since some zorps are skrans, some vrils *could* be skrans. Since all skrans are drabs, those same vrils would also be drabs. Since no drabs are wugs, it follows that those vrils are not wugs. Therefore, some vrils are not wugs. The answer is VALID.

Packet 09 is Task WALNUT. We are given that all trils are snigs, all vails are grebs, some snigs are vails, no grebs are knifs, and all knifs are wugs. We want to know if it follows that no trils are knifs. Since all trils are snigs, and some snigs are vails, some trils could be vails. Since all vails are grebs, those same trils would also be grebs. Since no grebs are knifs, then those trils cannot be knifs. Therefore, no trils are knifs. The answer is VALID.

Packet 10 is Task CACTUS. We are given that all wozzles are plomps, all plomps are krants, no krants are snicks, all snicks are klemps, and some klemps are wozzles. We want to know if it follows that no wozzles are snicks. Since all wozzles are plomps, and all plomps are krants, then all wozzles are krants. Since no krants are snicks, then no wozzles can be snicks. Therefore, no wozzles are snicks. The answer is VALID.

Packet 15 is Task PLATYPUS. I must copy the three words NOVEMBER SIERRA ROMEO.
I found 5 tasks in this stream.
</Thinking>
<Final_Answers>
- Task WOMBAT: VALID
- Task OBELISK: VALID
- Task WALNUT: VALID
- Task CACTUS: VALID
- Task PLATYPUS: NOVEMBER SIERRA ROMEO",gemma3:12b,12.0,Gemma3,95.5
5,non-ordered,True,True,,,,,,semantic_4,cot,11,5,URCHIN,"[1, 3, 6, 8, 11]",0.0,1024,,4135,3,INDIA WHISKEY VICTOR,,,,0,True,True,True,0.75,"[{""name"": ""ICEBERG"", ""kind"": ""load"", ""packet"": 1, ""rank"": 1, ""answer"": ""INVALID"", ""reported"": true, ""response"": ""INVALID"", ""correct"": true, ""correct_lenient"": true, ""answer_migrated"": false}, {""name"": ""QUILT"", ""kind"": ""load"", ""packet"": 3, ""rank"": 2, ""answer"": ""YES"", ""reported"": true, ""response"": ""YES"", ""correct"": true, ""correct_lenient"": true, ""answer_migrated"": false}, {""name"": ""VOLCANO"", ""kind"": ""load"", ""packet"": 6, ""rank"": 3, ""answer"": ""INVALID"", ""reported"": true, ""response"": ""VALID"", ""correct"": false, ""correct_lenient"": false, ""answer_migrated"": false}, {""name"": ""TROMBONE"", ""kind"": ""load"", ""packet"": 8, ""rank"": 4, ""answer"": ""YES"", ""reported"": true, ""response"": ""YES"", ""correct"": true, ""correct_lenient"": true, ""answer_migrated"": false}, {""name"": ""URCHIN"", ""kind"": ""passphrase"", ""packet"": 11, ""rank"": 5, ""answer"": ""INDIA WHISKEY VICTOR"", ""reported"": true, ""response"": ""INDIA WHISKEY VICTOR"", ""correct"": true, ""correct_lenient"": true, ""answer_migrated"": false}]",5,0,0.0,,,False,False,False,True,5.0,0.0,False,"<Thinking>
Packet 01 is Task ICEBERG. The premises state that all morks are vrils, all vorps are trens, some vrils are vorps, no trens are drabs, and all drabs are snools. We want to know if it follows that no morks are drabs. Since all drabs are snools, and some vrils are vorps (which are trens), then some vrils are not drabs. Also, since all morks are vrils, some morks are not drabs. This does *not* mean that no morks are drabs; it's possible some morks *are* drabs. Therefore the answer is INVALID.

Packet 03 is Task QUILT. We have a chain of height comparisons: Leo < Frank < Kira < Iris < Hank < Nick. Since Kira < Iris < Hank < Nick, then Kira is shorter than Nick. The answer is YES.

Packet 06 is Task VOLCANO. The premises state that some snools are flurbs, some flurbs are knifs, some knifs are wozzles, all wozzles are snigs, and no snigs are wugs. We want to know if it follows that some snools are not wugs. Since some snools are flurbs, and some flurbs are knifs, and some knifs are wozzles, and all wozzles are snigs, then some snools are snigs. And since no snigs are wugs, then those snools which are snigs are also not wugs. Therefore, some snools are not wugs. The answer is VALID.

Packet 08 is Task TROMBONE. We have a chain of weight comparisons: Grace < Ravi < Quinn < Eve < Hank < Nick. Since Eve < Hank < Nick, then Eve is lighter than Nick. The answer is YES.

Packet 11 is Task URCHIN. I must copy the three words INDIA WHISKEY VICTOR.
I found 5 tasks in this stream.
</Thinking>
<Final_Answers>
- Task ICEBERG: INVALID
- Task QUILT: YES
- Task VOLCANO: VALID
- Task TROMBONE: YES
- Task URCHIN: INDIA WHISKEY VICTOR",gemma3:12b,12.0,Gemma3,95.5
5,non-ordered,True,True,,,,,,semantic_4,cot,13,5,TAPESTRY,"[1, 2, 3, 5, 13]",0.0,1024,,5135,3,INDIA HOTEL QUEBEC,,,,0,True,True,True,1.0,"[{""name"": ""EMERALD"", ""kind"": ""load"", ""packet"": 1, ""rank"": 1, ""answer"": ""VALID"", ""reported"": true, ""response"": ""VALID"", ""correct"": true, ""correct_lenient"": true, ""answer_migrated"": false}, {""name"": ""FLAMINGO"", ""kind"": ""load"", ""packet"": 2, ""rank"": 2, ""answer"": ""YES"", ""reported"": true, ""response"": ""YES"", ""correct"": true, ""correct_lenient"": true, ""answer_migrated"": false}, {""name"": ""DANDELION"", ""kind"": ""load"", ""packet"": 3, ""rank"": 3, ""answer"": ""P"", ""reported"": true, ""response"": ""P"", ""correct"": true, ""correct_lenient"": true, ""answer_migrated"": false}, {""name"": ""YOGURT"", ""kind"": ""load"", ""packet"": 5, ""rank"": 4, ""answer"": ""VALID"", ""reported"": true, ""response"": ""VALID"", ""correct"": true, ""correct_lenient"": true, ""answer_migrated"": false}, {""name"": ""TAPESTRY"", ""kind"": ""passphrase"", ""packet"": 13, ""rank"": 5, ""answer"": ""INDIA HOTEL QUEBEC"", ""reported"": true, ""response"": ""INDIA HOTEL QUEBEC"", ""correct"": true, ""correct_lenient"": true, ""answer_migrated"": false}]",5,0,0.0,,,False,False,False,True,5.0,0.0,False,"<Thinking>
Packet 01 is Task EMERALD. The premises state that all trils are frans, all frans are snicks, and no snicks are florks. This means no trils can be florks. Therefore, the conclusion ""no trils are florks"" is valid. Packet 02 is Task FLAMINGO. We have a chain of ages: Olive > Mona > Dave > Tom > Pia > Ravi. Since Olive is older than Mona and Mona is older than Tom, it follows that Olive is older than Tom. Therefore the answer is YES. Packet 03 is Task DANDELION. The order is R < P < Q, S > Q, and R < T < P. Combining these we get: R < T < P < Q, with S finishing after Q. Thus the full order is R < T < P < Q < S. Therefore, P finished in third place. Packet 05 is Task YOGURT. The premises state that some snicks are yarps, all yarps are grebs, all grebs are vorps, and no vorps are knifs. This means no snicks can be knifs. Thus it follows that some snicks are not knifs. Therefore the answer is VALID. Packet 13 is Task TAPESTRY. I must copy-paste the three words INDIA HOTEL QUEBEC.
</Thinking>
<Final_Answers>
- Task EMERALD: VALID
- Task FLAMINGO: YES
- Task DANDELION: P
- Task YOGURT: VALID
- Task TAPESTRY: INDIA HOTEL QUEBEC",gemma3:12b,12.0,Gemma3,95.5
5,non-ordered,True,True,,,,,,semantic_4,cot,15,5,KAYAK,"[2, 8, 10, 14, 15]",0.0,1024,,6135,3,ALPHA CHARLIE BRAVO,,,,0,True,True,True,1.0,"[{""name"": ""CARNIVAL"", ""kind"": ""load"", ""packet"": 2, ""rank"": 1, ""answer"": ""YES"", ""reported"": true, ""response"": ""YES"", ""correct"": true, ""correct_lenient"": true, ""answer_migrated"": false}, {""name"": ""MONGOOSE"", ""kind"": ""load"", ""packet"": 8, ""rank"": 2, ""answer"": ""R"", ""reported"": true, ""response"": ""R"", ""correct"": true, ""correct_lenient"": true, ""answer_migrated"": false}, {""name"": ""OBELISK"", ""kind"": ""load"", ""packet"": 10, ""rank"": 3, ""answer"": ""INVALID"", ""reported"": true, ""response"": ""INVALID"", ""correct"": true, ""correct_lenient"": true, ""answer_migrated"": false}, {""name"": ""XYLOPHONE"", ""kind"": ""load"", ""packet"": 14, ""rank"": 4, ""answer"": ""INVALID"", ""reported"": true, ""response"": ""INVALID"", ""correct"": true, ""correct_lenient"": true, ""answer_migrated"": false}, {""name"": ""KAYAK"", ""kind"": ""passphrase"", ""packet"": 15, ""rank"": 5, ""answer"": ""ALPHA CHARLIE BRAVO"", ""reported"": true, ""response"": ""ALPHA CHARLIE BRAVO"", ""correct"": true, ""correct_lenient"": true, ""answer_migrated"": false}]",5,0,0.0,,,False,False,False,True,5.0,0.0,False,"<Thinking>
Packet 02 is Task CARNIVAL. We have the following weight comparisons: Grace < Ravi < Quinn < Eve < Hank < Nick. Therefore, Eve is lighter than Nick. The answer is YES. Packet 08 is Task MONGOOSE. Let's analyze the finishing order: Q before T, W before R, R before V, W before T, and V before Q. Combining these, we get W before R before V before Q before T. So the finishing order is W, R, V, Q, T. Second place is R. Packet 10 is Task OBELISK. This is a logic puzzle involving sets. We have: Thrups overlap Florks, Florks overlap Wugs, Wugs overlap Vrils, Vrils are entirely Frans, and Frans do not overlap Pims. It does *not* necessarily follow that some thrups are not pims; they could be completely separate. The answer is INVALID. Packet 14 is Task XYLOPHONE. We have: Vrils overlap Wozzles, Wozzles overlap Zorps, Zorps overlap Skrans, Skrans are entirely Drabs, and Drabs do not overlap Wugs. It does *not* necessarily follow that some vrils are not wugs; they could be completely separate. The answer is INVALID. Packet 15 is Task KAYAK: I must copy the three words ALPHA CHARLIE BRAVO.
I found 5 tasks in this stream.
</Thinking>
<Final_Answers>
- Task CARNIVAL: YES
- Task MONGOOSE: R
- Task OBELISK: INVALID
- Task XYLOPHONE: INVALID
- Task KAYAK: ALPHA CHARLIE BRAVO",gemma3:12b,12.0,Gemma3,95.5
5,non-ordered,True,True,,,,,,semantic_4,cot,11,5,METRONOME,"[1, 5, 7, 8, 11]",0.0,1024,,7135,3,XRAY KILO FOXTROT,,,,0,True,True,True,0.25,"[{""name"": ""DUMPLING"", ""kind"": ""load"", ""packet"": 1, ""rank"": 1, ""answer"": ""VALID"", ""reported"": true, ""response"": ""VALID"", ""correct"": true, ""correct_lenient"": true, ""answer_migrated"": false}, {""name"": ""MARBLE"", ""kind"": ""load"", ""packet"": 5, ""rank"": 2, ""answer"": ""INVALID"", ""reported"": true, ""response"": ""VALID"", ""correct"": false, ""correct_lenient"": false, ""answer_migrated"": true}, {""name"": ""VOLCANO"", ""kind"": ""load"", ""packet"": 7, ""rank"": 3, ""answer"": ""INVALID"", ""reported"": true, ""response"": ""VALID"", ""correct"": false, ""correct_lenient"": false, ""answer_migrated"": true}, {""name"": ""KAYAK"", ""kind"": ""load"", ""packet"": 8, ""rank"": 4, ""answer"": ""INVALID"", ""reported"": true, ""response"": ""VALID"", ""correct"": false, ""correct_lenient"": false, ""answer_migrated"": true}, {""name"": ""METRONOME"", ""kind"": ""passphrase"", ""packet"": 11, ""rank"": 5, ""answer"": ""XRAY KILO FOXTROT"", ""reported"": true, ""response"": ""XRAY KILO FOXTROT"", ""correct"": true, ""correct_lenient"": true, ""answer_migrated"": false}]",5,0,0.6,,,False,False,False,True,5.0,0.0,False,"<Thinking>
Packet 01 is Task DUMPLING. The logic states ""All trens are trils,"" ""All trils are vrils,"" ""No vrils are smegs,"" and ""All smegs are knifs."" It also says, ""Some knifs are trens."" This implies a cycle: trens -> trils -> vrils -> (no) smegs -> knifs -> trens. Since some knifs are trens, and all smegs are knifs, it follows that some smegs are trens. However, no vrils are smegs, and all trens are trils, so no trens can be smegs. Therefore the conclusion ""no trens are smegs"" is VALID.

Packet 05 is Task MARBLE. The logic states ""Some pims are vorps,"" ""Some vorps are trils,"" ""Some trils are snicks,"" ""All snicks are trels,"" and ""No trels are klemps."" This implies a chain: pims -> vorps -> trils -> snicks -> trels. Since no trels are klemps, it follows that no items in the chain can be klemps. Therefore, some pims are not klemps is VALID.

Packet 07 is Task VOLCANO. The logic states ""Some vrils are wozzles,"" ""Some wozzles are zorps,"" ""Some zorps are skrans,"" ""All skrans are drabs,"" and ""No drabs are wugs."" This implies a chain: vrils -> wozzles -> zorps -> skrans -> drabs. Since no drabs are wugs, it follows that nothing in the chain can be a wug. Therefore, some vrils are not wugs is VALID.

Packet 08 is Task KAYAK. The logic states ""Some smegs are florks,"" ""Some florks are trens,"" ""Some trens are knifs,"" ""All knifs are grebs,"" and ""No grebs are skrans."" This implies a chain: smegs -> florks -> trens -> knifs -> grebs. Since no grebs are skrans, it follows that nothing in the chain can be a skran. Therefore, some smegs are not skrans is VALID.

Packet 11 is Task METRONOME. I must copy-paste the three words: ""XRAY KILO FOXTROT"".
I found 5 tasks in this stream.
</Thinking>
<Final_Answers>
- Task DUMPLING: VALID
- Task MARBLE: VALID
- Task VOLCANO: VALID
- Task KAYAK: VALID
- Task METRONOME: XRAY KILO FOXTROT",gemma3:12b,12.0,Gemma3,95.5
1,non-ordered,False,True,,,,,,none,direct,3,1,UNICYCLE,[3],0.0,1024,,41,3,MIKE KILO HOTEL,,,,0,True,True,True,,"[{""name"": ""UNICYCLE"", ""kind"": ""passphrase"", ""packet"": 3, ""rank"": 1, ""answer"": ""MIKE KILO HOTEL"", ""reported"": true, ""response"": ""MIKE KILO HOTEL"", ""correct"": true, ""correct_lenient"": true, ""answer_migrated"": false}]",1,0,0.0,,,False,False,,,,,,"<Final_Answers>
- Task UNICYCLE: MIKE KILO HOTEL
",gemma3:12b,12.0,Gemma3,95.5
1,non-ordered,False,True,,,,,,none,direct,1,1,URCHIN,[1],0.0,1024,,1041,3,OSCAR FOXTROT MIKE,,,,0,True,True,True,,"[{""name"": ""URCHIN"", ""kind"": ""passphrase"", ""packet"": 1, ""rank"": 1, ""answer"": ""OSCAR FOXTROT MIKE"", ""reported"": true, ""response"": ""OSCAR FOXTROT MIKE"", ""correct"": true, ""correct_lenient"": true, ""answer_migrated"": false}]",1,0,0.0,,,False,False,,,,,,"<Final_Answers>
- Task URCHIN: OSCAR FOXTROT MIKE",gemma3:12b,12.0,Gemma3,95.5
1,non-ordered,False,True,,,,,,none,direct,10,1,ORIGAMI,[10],0.0,1024,,2041,3,BRAVO OSCAR WHISKEY,,,,0,True,True,True,,"[{""name"": ""ORIGAMI"", ""kind"": ""passphrase"", ""packet"": 10, ""rank"": 1, ""answer"": ""BRAVO OSCAR WHISKEY"", ""reported"": true, ""response"": ""BRAVO OSCAR WHISKEY"", ""correct"": true, ""correct_lenient"": true, ""answer_migrated"": false}]",1,0,0.0,,,False,False,,,,,,"<Final_Answers>
- Task ORIGAMI: BRAVO OSCAR WHISKEY",gemma3:12b,12.0,Gemma3,95.5
1,non-ordered,False,True,,,,,,none,direct,11,1,DANDELION,[11],0.0,1024,,3041,3,BRAVO YANKEE MIKE,,,,0,True,True,True,,"[{""name"": ""DANDELION"", ""kind"": ""passphrase"", ""packet"": 11, ""rank"": 1, ""answer"": ""BRAVO YANKEE MIKE"", ""reported"": true, ""response"": ""BRAVO YANKEE MIKE"", ""correct"": true, ""correct_lenient"": true, ""answer_migrated"": false}]",1,0,0.0,,,False,False,,,,,,"<Final_Answers>
- Task DANDELION: BRAVO YANKEE MIKE
",gemma3:12b,12.0,Gemma3,95.5
1,non-ordered,False,True,,,,,,none,direct,3,1,HEDGEHOG,[3],0.0,1024,,4041,3,UNIFORM ROMEO KILO,,,,0,True,True,True,,"[{""name"": ""HEDGEHOG"", ""kind"": ""passphrase"", ""packet"": 3, ""rank"": 1, ""answer"": ""UNIFORM ROMEO KILO"", ""reported"": true, ""response"": ""UNIFORM ROMEO KILO"", ""correct"": true, ""correct_lenient"": true, ""answer_migrated"": false}]",1,0,0.0,,,False,False,,,,,,"<Final_Answers>
- Task HEDGEHOG: UNIFORM ROMEO KILO",gemma3:12b,12.0,Gemma3,95.5
1,non-ordered,False,True,,,,,,none,direct,12,1,YODEL,[12],0.0,1024,,5041,3,WHISKEY YANKEE ROMEO,,,,0,True,True,True,,"[{""name"": ""YODEL"", ""kind"": ""passphrase"", ""packet"": 12, ""rank"": 1, ""answer"": ""WHISKEY YANKEE ROMEO"", ""reported"": true, ""response"": ""WHISKEY YANKEE ROMEO"", ""correct"": true, ""correct_lenient"": true, ""answer_migrated"": false}]",1,0,0.0,,,False,False,,,,,,"<Final_Answers>
- Task YODEL: WHISKEY YANKEE ROMEO",gemma3:12b,12.0,Gemma3,95.5
1,non-ordered,False,True,,,,,,none,direct,11,1,VINEYARD,[11],0.0,1024,,6041,3,YANKEE ALPHA SIERRA,,,,0,True,True,True,,"[{""name"": ""VINEYARD"", ""kind"": ""passphrase"", ""packet"": 11, ""rank"": 1, ""answer"": ""YANKEE ALPHA SIERRA"", ""reported"": true, ""response"": ""YANKEE ALPHA SIERRA"", ""correct"": true, ""correct_lenient"": true, ""answer_migrated"": false}]",1,0,0.0,,,False,False,,,,,,"<Final_Answers>
- Task VINEYARD: YANKEE ALPHA SIERRA
",gemma3:12b,12.0,Gemma3,95.5
1,non-ordered,False,True,,,,,,none,direct,12,1,YACHT,[12],0.0,1024,,7041,3,YANKEE OSCAR CHARLIE,,,,0,True,True,True,,"[{""name"": ""YACHT"", ""kind"": ""passphrase"", ""packet"": 12, ""rank"": 1, ""answer"": ""YANKEE OSCAR CHARLIE"", ""reported"": true, ""response"": ""YANKEE OSCAR CHARLIE"", ""correct"": true, ""correct_lenient"": true, ""answer_migrated"": false}]",1,0,0.0,,,False,False,,,,,,"<Final_Answers>
- Task YACHT: YANKEE OSCAR CHARLIE",gemma3:12b,12.0,Gemma3,95.5
1,non-ordered,True,True,,,,,,none,direct,3,1,WOMBAT,[3],0.0,1024,,41,3,MIKE KILO HOTEL,,,,0,True,True,True,,"[{""name"": ""WOMBAT"", ""kind"": ""passphrase"", ""packet"": 3, ""rank"": 1, ""answer"": ""MIKE KILO HOTEL"", ""reported"": true, ""response"": ""MIKE KILO HOTEL"", ""correct"": true, ""correct_lenient"": true, ""answer_migrated"": false}]",1,0,0.0,,,False,False,,,,,,"<Final_Answers>
- Task WOMBAT: MIKE KILO HOTEL
",gemma3:12b,12.0,Gemma3,95.5
1,non-ordered,True,True,,,,,,none,direct,1,1,ANCHOVY,[1],0.0,1024,,1041,3,OSCAR FOXTROT MIKE,,,,0,True,True,True,,"[{""name"": ""ANCHOVY"", ""kind"": ""passphrase"", ""packet"": 1, ""rank"": 1, ""answer"": ""OSCAR FOXTROT MIKE"", ""reported"": true, ""response"": ""OSCAR FOXTROT MIKE"", ""correct"": true, ""correct_lenient"": true, ""answer_migrated"": false}]",1,0,0.0,,,False,False,,,,,,"<Final_Answers>
- Task ANCHOVY: OSCAR FOXTROT MIKE",gemma3:12b,12.0,Gemma3,95.5
1,non-ordered,True,True,,,,,,none,direct,10,1,MANDOLIN,[10],0.0,1024,,2041,3,BRAVO OSCAR WHISKEY,,,,0,True,True,True,,"[{""name"": ""MANDOLIN"", ""kind"": ""passphrase"", ""packet"": 10, ""rank"": 1, ""answer"": ""BRAVO OSCAR WHISKEY"", ""reported"": true, ""response"": ""BRAVO OSCAR WHISKEY"", ""correct"": true, ""correct_lenient"": true, ""answer_migrated"": false}]",1,0,0.0,,,False,False,,,,,,"<Final_Answers>
- Task MANDOLIN: BRAVO OSCAR WHISKEY",gemma3:12b,12.0,Gemma3,95.5
1,non-ordered,True,True,,,,,,none,direct,11,1,ZIGZAG,[11],0.0,1024,,3041,3,BRAVO YANKEE MIKE,,,,0,True,True,True,,"[{""name"": ""ZIGZAG"", ""kind"": ""passphrase"", ""packet"": 11, ""rank"": 1, ""answer"": ""BRAVO YANKEE MIKE"", ""reported"": true, ""response"": ""BRAVO YANKEE MIKE"", ""correct"": true, ""correct_lenient"": true, ""answer_migrated"": false}]",1,0,0.0,,,False,False,,,,,,"<Final_Answers>
- Task ZIGZAG: BRAVO YANKEE MIKE
",gemma3:12b,12.0,Gemma3,95.5
1,non-ordered,True,True,,,,,,none,direct,3,1,SCARECROW,[3],0.0,1024,,4041,3,UNIFORM ROMEO KILO,,,,0,True,True,True,,"[{""name"": ""SCARECROW"", ""kind"": ""passphrase"", ""packet"": 3, ""rank"": 1, ""answer"": ""UNIFORM ROMEO KILO"", ""reported"": true, ""response"": ""UNIFORM ROMEO KILO"", ""correct"": true, ""correct_lenient"": true, ""answer_migrated"": false}]",1,0,0.0,,,False,False,,,,,,"<Final_Answers>
- Task SCARECROW: UNIFORM ROMEO KILO",gemma3:12b,12.0,Gemma3,95.5
1,non-ordered,True,True,,,,,,none,direct,12,1,IGLOO,[12],0.0,1024,,5041,3,WHISKEY YANKEE ROMEO,,,,0,True,True,True,,"[{""name"": ""IGLOO"", ""kind"": ""passphrase"", ""packet"": 12, ""rank"": 1, ""answer"": ""WHISKEY YANKEE ROMEO"", ""reported"": true, ""response"": ""WHISKEY YANKEE ROMEO"", ""correct"": true, ""correct_lenient"": true, ""answer_migrated"": false}]",1,0,0.0,,,False,False,,,,,,"<Final_Answers>
- Task IGLOO: WHISKEY YANKEE ROMEO
",gemma3:12b,12.0,Gemma3,95.5
1,non-ordered,True,True,,,,,,none,direct,11,1,NECTARINE,[11],0.0,1024,,6041,3,YANKEE ALPHA SIERRA,,,,0,True,True,True,,"[{""name"": ""NECTARINE"", ""kind"": ""passphrase"", ""packet"": 11, ""rank"": 1, ""answer"": ""YANKEE ALPHA SIERRA"", ""reported"": true, ""response"": ""YANKEE ALPHA SIERRA"", ""correct"": true, ""correct_lenient"": true, ""answer_migrated"": false}]",1,0,0.0,,,False,False,,,,,,"<Final_Answers>
- Task NECTARINE: YANKEE ALPHA SIERRA
",gemma3:12b,12.0,Gemma3,95.5
1,non-ordered,True,True,,,,,,none,direct,12,1,SAPPHIRE,[12],0.0,1024,,7041,3,YANKEE OSCAR CHARLIE,,,,0,True,True,True,,"[{""name"": ""SAPPHIRE"", ""kind"": ""passphrase"", ""packet"": 12, ""rank"": 1, ""answer"": ""YANKEE OSCAR CHARLIE"", ""reported"": true, ""response"": ""YANKEE OSCAR CHARLIE"", ""correct"": true, ""correct_lenient"": true, ""answer_migrated"": false}]",1,0,0.0,,,False,False,,,,,,"<Final_Answers>
- Task SAPPHIRE: YANKEE OSCAR CHARLIE",gemma3:12b,12.0,Gemma3,95.5
3,non-ordered,False,True,,,,,,trivial,direct,3,1,PLATYPUS,"[3, 11, 15]",0.0,1024,,88,3,MIKE GOLF KILO,,,,0,True,True,True,1.0,"[{""name"": ""PLATYPUS"", ""kind"": ""passphrase"", ""packet"": 3, ""rank"": 1, ""answer"": ""MIKE GOLF KILO"", ""reported"": true, ""response"": ""MIKE GOLF KILO"", ""correct"": true, ""correct_lenient"": true, ""answer_migrated"": false}, {""name"": ""URCHIN"", ""kind"": ""load"", ""packet"": 11, ""rank"": 2, ""answer"": ""RED"", ""reported"": true, ""response"": ""RED"", ""correct"": true, ""correct_lenient"": true, ""answer_migrated"": false}, {""name"": ""LULLABY"", ""kind"": ""load"", ""packet"": 15, ""rank"": 3, ""answer"": ""EAGLE"", ""reported"": true, ""response"": ""EAGLE"", ""correct"": true, ""correct_lenient"": true, ""answer_migrated"": false}]",3,0,0.0,,,False,False,,,,,,"<Final_Answers>
- Task PLATYPUS: MIKE GOLF KILO
- Task URCHIN: RED
- Task LULLABY: EAGLE
",gemma3:12b,12.0,Gemma3,95.5
3,non-ordered,False,True,,,,,,trivial,direct,6,1,NARWHAL,"[6, 7, 8]",0.0,1024,,1088,3,ROMEO VICTOR QUEBEC,,,,0,True,True,True,1.0,"[{""name"": ""NARWHAL"", ""kind"": ""passphrase"", ""packet"": 6, ""rank"": 1, ""answer"": ""ROMEO VICTOR QUEBEC"", ""reported"": true, ""response"": ""ROMEO VICTOR QUEBEC"", ""correct"": true, ""correct_lenient"": true, ""answer_migrated"": false}, {""name"": ""FLAMINGO"", ""kind"": ""load"", ""packet"": 7, ""rank"": 2, ""answer"": ""HAWK"", ""reported"": true, ""response"": ""HAWK"", ""correct"": true, ""correct_lenient"": true, ""answer_migrated"": false}, {""name"": ""HEDGEHOG"", ""kind"": ""load"", ""packet"": 8, ""rank"": 3, ""answer"": ""OCEAN"", ""reported"": true, ""response"": ""OCEAN"", ""correct"": true, ""correct_lenient"": true, ""answer_migrated"": false}]",3,0,0.0,,,False,False,,,,,,"<Final_Answers>
- Task NARWHAL: ROMEO VICTOR QUEBEC
- Task FLAMINGO: HAWK
- Task HEDGEHOG: OCEAN
",gemma3:12b,12.0,Gemma3,95.5
3,non-ordered,False,True,,,,,,trivial,direct,4,1,UNICYCLE,"[4, 7, 13]",0.0,1024,,2088,3,SIERRA PAPA XRAY,,,,0,True,True,True,1.0,"[{""name"": ""UNICYCLE"", ""kind"": ""passphrase"", ""packet"": 4, ""rank"": 1, ""answer"": ""SIERRA PAPA XRAY"", ""reported"": true, ""response"": ""SIERRA PAPA XRAY"", ""correct"": true, ""correct_lenient"": true, ""answer_migrated"": false}, {""name"": ""CHIMNEY"", ""kind"": ""load"", ""packet"": 7, ""rank"": 2, ""answer"": ""SALMON"", ""reported"": true, ""response"": ""SALMON"", ""correct"": true, ""correct_lenient"": true, ""answer_migrated"": false}, {""name"": ""URCHIN"", ""kind"": ""load"", ""packet"": 13, ""rank"": 3, ""answer"": ""SALT"", ""reported"": true, ""response"": ""SALT"", ""correct"": true, ""correct_lenient"": true, ""answer_migrated"": false}]",3,0,0.0,,,False,False,,,,,,"<Final_Answers>
- Task UNICYCLE: SIERRA PAPA XRAY
- Task CHIMNEY: SALMON
- Task URCHIN: SALT
",gemma3:12b,12.0,Gemma3,95.5
3,non-ordered,False,True,,,,,,trivial,direct,9,2,TULIP,"[2, 9, 12]",0.0,1024,,3088,3,PAPA INDIA VICTOR,,,,0,True,True,True,1.0,"[{""name"": ""WALNUT"", ""kind"": ""load"", ""packet"": 2, ""rank"": 1, ""answer"": ""SUGAR"", ""reported"": true, ""response"": ""SUGAR"", ""correct"": true, ""correct_lenient"": true, ""answer_migrated"": false}, {""name"": ""TULIP"", ""kind"": ""passphrase"", ""packet"": 9, ""rank"": 2, ""answer"": ""PAPA INDIA VICTOR"", ""reported"": true, ""response"": ""PAPA INDIA VICTOR"", ""correct"": true, ""correct_lenient"": true, ""answer_migrated"": false}, {""name"": ""LOBSTER"", ""kind"": ""load"", ""packet"": 12, ""rank"": 3, ""answer"": ""CHAIR"", ""reported"": true, ""response"": ""CHAIR"", ""correct"": true, ""correct_lenient"": true, ""answer_migrated"": false}]",3,0,0.0,,,False,False,,,,,,"<Final_Answers>
- Task WALNUT: SUGAR
- Task TULIP: PAPA INDIA VICTOR
- Task LOBSTER: CHAIR
",gemma3:12b,12.0,Gemma3,95.5
3,non-ordered,False,True,,,,,,trivial,direct,13,3,LULLABY,"[2, 11, 13]",0.0,1024,,4088,3,ALPHA HOTEL INDIA,,,,0,True,True,True,1.0,"[{""name"": ""DOLPHIN"", ""kind"": ""load"", ""packet"": 2, ""rank"": 1, ""answer"": ""BRANCH"", ""reported"": true, ""response"": ""BRANCH"", ""correct"": true, ""correct_lenient"": true, ""answer_migrated"": false}, {""name"": ""RAVIOLI"", ""kind"": ""load"", ""packet"": 11, ""rank"": 2, ""answer"": ""SPOON"", ""reported"": true, ""response"": ""SPOON"", ""correct"": true, ""correct_lenient"": true, ""answer_migrated"": false}, {""name"": ""LULLABY"", ""kind"": ""passphrase"", ""packet"": 13, ""rank"": 3, ""answer"": ""ALPHA HOTEL INDIA"", ""reported"": true, ""response"": ""ALPHA HOTEL INDIA"", ""correct"": true, ""correct_lenient"": true, ""answer_migrated"": false}]",3,0,0.0,,,False,False,,,,,,"<Final_Answers>
- Task DOLPHIN: BRANCH
- Task RAVIOLI: SPOON
- Task LULLABY: ALPHA HOTEL INDIA
",gemma3:12b,12.0,Gemma3,95.5
3,non-ordered,False,True,,,,,,trivial,direct,8,3,TAPESTRY,"[2, 6, 8]",0.0,1024,,5088,3,WHISKEY ROMEO MIKE,,,,0,True,True,True,1.0,"[{""name"": ""URCHIN"", ""kind"": ""load"", ""packet"": 2, ""rank"": 1, ""answer"": ""LAKE"", ""reported"": true, ""response"": ""LAKE"", ""correct"": true, ""correct_lenient"": true, ""answer_migrated"": false}, {""name"": ""ANCHOVY"", ""kind"": ""load"", ""packet"": 6, ""rank"": 2, ""answer"": ""BLACK"", ""reported"": true, ""response"": ""BLACK"", ""correct"": true, ""correct_lenient"": true, ""answer_migrated"": false}, {""name"": ""TAPESTRY"", ""kind"": ""passphrase"", ""packet"": 8, ""rank"": 3, ""answer"": ""WHISKEY ROMEO MIKE"", ""reported"": true, ""response"": ""WHISKEY ROMEO MIKE"", ""correct"": true, ""correct_lenient"": true, ""answer_migrated"": false}]",3,0,0.0,,,False,False,,,,,,"<Final_Answers>
- Task URCHIN: LAKE
- Task ANCHOVY: BLACK
- Task TAPESTRY: WHISKEY ROMEO MIKE
",gemma3:12b,12.0,Gemma3,95.5
3,non-ordered,False,True,,,,,,trivial,direct,7,2,FALCON,"[1, 7, 15]",0.0,1024,,6088,3,QUEBEC JULIET UNIFORM,,,,0,True,True,True,1.0,"[{""name"": ""SNORKEL"", ""kind"": ""load"", ""packet"": 1, ""rank"": 1, ""answer"": ""HORSE"", ""reported"": true, ""response"": ""HORSE"", ""correct"": true, ""correct_lenient"": true, ""answer_migrated"": false}, {""name"": ""FALCON"", ""kind"": ""passphrase"", ""packet"": 7, ""rank"": 2, ""answer"": ""QUEBEC JULIET UNIFORM"", ""reported"": true, ""response"": ""QUEBEC JULIET UNIFORM"", ""correct"": true, ""correct_lenient"": true, ""answer_migrated"": false}, {""name"": ""KAYAK"", ""kind"": ""load"", ""packet"": 15, ""rank"": 3, ""answer"": ""STONE"", ""reported"": true, ""response"": ""STONE"", ""correct"": true, ""correct_lenient"": true, ""answer_migrated"": false}]",3,0,0.0,,,False,False,,,,,,"<Final_Answers>
- Task SNORKEL: HORSE
- Task FALCON: QUEBEC JULIET UNIFORM
- Task KAYAK: STONE
",gemma3:12b,12.0,Gemma3,95.5
3,non-ordered,False,True,,,,,,trivial,direct,4,2,MARBLE,"[1, 4, 5]",0.0,1024,,7088,3,ROMEO BRAVO MIKE,,,,0,True,True,True,1.0,"[{""name"": ""FALCON"", ""kind"": ""load"", ""packet"": 1, ""rank"": 1, ""answer"": ""BOWL"", ""reported"": true, ""response"": ""BOWL"", ""correct"": true, ""correct_lenient"": true, ""answer_migrated"": false}, {""name"": ""MARBLE"", ""kind"": ""passphrase"", ""packet"": 4, ""rank"": 2, ""answer"": ""ROMEO BRAVO MIKE"", ""reported"": true, ""response"": ""ROMEO BRAVO MIKE"", ""correct"": true, ""correct_lenient"": true, ""answer_migrated"": false}, {""name"": ""WATERMELON"", ""kind"": ""load"", ""packet"": 5, ""rank"": 3, ""answer"": ""SNAKE"", ""reported"": true, ""response"": ""SNAKE"", ""correct"": true, ""correct_lenient"": true, ""answer_migrated"": false}]",3,0,0.0,,,False,False,,,,,,"<Final_Answers>
- Task FALCON: BOWL
- Task MARBLE: ROMEO BRAVO MIKE
- Task WATERMELON: SNAKE
",gemma3:12b,12.0,Gemma3,95.5
3,non-ordered,True,True,,,,,,trivial,direct,15,3,URCHIN,"[3, 11, 15]",0.0,1024,,88,3,MIKE GOLF KILO,,,,0,True,True,True,1.0,"[{""name"": ""PYRAMID"", ""kind"": ""load"", ""packet"": 3, ""rank"": 1, ""answer"": ""PEACH"", ""reported"": true, ""response"": ""PEACH"", ""correct"": true, ""correct_lenient"": true, ""answer_migrated"": false}, {""name"": ""PLATYPUS"", ""kind"": ""load"", ""packet"": 11, ""rank"": 2, ""answer"": ""RED"", ""reported"": true, ""response"": ""RED"", ""correct"": true, ""correct_lenient"": true, ""answer_migrated"": false}, {""name"": ""URCHIN"", ""kind"": ""passphrase"", ""packet"": 15, ""rank"": 3, ""answer"": ""MIKE GOLF KILO"", ""reported"": true, ""response"": ""MIKE GOLF KILO"", ""correct"": true, ""correct_lenient"": true, ""answer_migrated"": false}]",3,0,0.0,,,False,False,,,,,,"<Final_Answers>
- Task PYRAMID: PEACH
- Task PLATYPUS: RED
- Task URCHIN: MIKE GOLF KILO
",gemma3:12b,12.0,Gemma3,95.5
3,non-ordered,True,True,,,,,,trivial,direct,8,3,FLAMINGO,"[6, 7, 8]",0.0,1024,,1088,3,ROMEO VICTOR QUEBEC,,,,0,True,True,True,1.0,"[{""name"": ""PELICAN"", ""kind"": ""load"", ""packet"": 6, ""rank"": 1, ""answer"": ""PEPPER"", ""reported"": true, ""response"": ""PEPPER"", ""correct"": true, ""correct_lenient"": true, ""answer_migrated"": false}, {""name"": ""NARWHAL"", ""kind"": ""load"", ""packet"": 7, ""rank"": 2, ""answer"": ""HAWK"", ""reported"": true, ""response"": ""HAWK"", ""correct"": true, ""correct_lenient"": true, ""answer_migrated"": false}, {""name"": ""FLAMINGO"", ""kind"": ""passphrase"", ""packet"": 8, ""rank"": 3, ""answer"": ""ROMEO VICTOR QUEBEC"", ""reported"": true, ""response"": ""ROMEO VICTOR QUEBEC"", ""correct"": true, ""correct_lenient"": true, ""answer_migrated"": false}]",3,0,0.0,,,False,False,,,,,,"<Final_Answers>
- Task PELICAN: PEPPER
- Task NARWHAL: HAWK
- Task FLAMINGO: ROMEO VICTOR QUEBEC
",gemma3:12b,12.0,Gemma3,95.5
3,non-ordered,True,True,,,,,,trivial,direct,13,3,CHIMNEY,"[4, 7, 13]",0.0,1024,,2088,3,SIERRA PAPA XRAY,,,,0,True,True,True,1.0,"[{""name"": ""YOGURT"", ""kind"": ""load"", ""packet"": 4, ""rank"": 1, ""answer"": ""TOMATO"", ""reported"": true, ""response"": ""TOMATO"", ""correct"": true, ""correct_lenient"": true, ""answer_migrated"": false}, {""name"": ""UNICYCLE"", ""kind"": ""load"", ""packet"": 7, ""rank"": 2, ""answer"": ""SALMON"", ""reported"": true, ""response"": ""SALMON"", ""correct"": true, ""correct_lenient"": true, ""answer_migrated"": false}, {""name"": ""CHIMNEY"", ""kind"": ""passphrase"", ""packet"": 13, ""rank"": 3, ""answer"": ""SIERRA PAPA XRAY"", ""reported"": true, ""response"": ""SIERRA PAPA XRAY"", ""correct"": true, ""correct_lenient"": true, ""answer_migrated"": false}]",3,0,0.0,,,False,False,,,,,,"<Final_Answers>
- Task YOGURT: TOMATO
- Task UNICYCLE: SALMON
- Task CHIMNEY: SIERRA PAPA XRAY
",gemma3:12b,12.0,Gemma3,95.5
3,non-ordered,True,True,,,,,,trivial,direct,12,3,TULIP,"[2, 9, 12]",0.0,1024,,3088,3,PAPA INDIA VICTOR,,,,0,True,True,True,1.0,"[{""name"": ""YODEL"", ""kind"": ""load"", ""packet"": 2, ""rank"": 1, ""answer"": ""SHARK"", ""reported"": true, ""response"": ""SHARK"", ""correct"": true, ""correct_lenient"": true, ""answer_migrated"": false}, {""name"": ""WALNUT"", ""kind"": ""load"", ""packet"": 9, ""rank"": 2, ""answer"": ""SUGAR"", ""reported"": true, ""response"": ""SUGAR"", ""correct"": true, ""correct_lenient"": true, ""answer_migrated"": false}, {""name"": ""TULIP"", ""kind"": ""passphrase"", ""packet"": 12, ""rank"": 3, ""answer"": ""PAPA INDIA VICTOR"", ""reported"": true, ""response"": ""PAPA INDIA VICTOR"", ""correct"": true, ""correct_lenient"": true, ""answer_migrated"": false}]",3,0,0.0,,,False,False,,,,,,"<Final_Answers>
- Task YODEL: SHARK
- Task WALNUT: SUGAR
- Task TULIP: PAPA INDIA VICTOR
",gemma3:12b,12.0,Gemma3,95.5
3,non-ordered,True,True,,,,,,trivial,direct,13,3,LULLABY,"[2, 11, 13]",0.0,1024,,4088,3,ALPHA HOTEL INDIA,,,,0,True,True,True,1.0,"[{""name"": ""RAVIOLI"", ""kind"": ""load"", ""packet"": 2, ""rank"": 1, ""answer"": ""BRANCH"", ""reported"": true, ""response"": ""BRANCH"", ""correct"": true, ""correct_lenient"": true, ""answer_migrated"": false}, {""name"": ""DOLPHIN"", ""kind"": ""load"", ""packet"": 11, ""rank"": 2, ""answer"": ""SPOON"", ""reported"": true, ""response"": ""SPOON"", ""correct"": true, ""correct_lenient"": true, ""answer_migrated"": false}, {""name"": ""LULLABY"", ""kind"": ""passphrase"", ""packet"": 13, ""rank"": 3, ""answer"": ""ALPHA HOTEL INDIA"", ""reported"": true, ""response"": ""ALPHA HOTEL INDIA"", ""correct"": true, ""correct_lenient"": true, ""answer_migrated"": false}]",3,0,0.0,,,False,False,,,,,,"<Final_Answers>
- Task RAVIOLI: BRANCH
- Task DOLPHIN: SPOON
- Task LULLABY: ALPHA HOTEL INDIA
",gemma3:12b,12.0,Gemma3,95.5
3,non-ordered,True,True,,,,,,trivial,direct,8,3,ANCHOVY,"[2, 6, 8]",0.0,1024,,5088,3,WHISKEY ROMEO MIKE,,,,0,True,True,True,1.0,"[{""name"": ""THIMBLE"", ""kind"": ""load"", ""packet"": 2, ""rank"": 1, ""answer"": ""ROBIN"", ""reported"": true, ""response"": ""ROBIN"", ""correct"": true, ""correct_lenient"": true, ""answer_migrated"": false}, {""name"": ""URCHIN"", ""kind"": ""load"", ""packet"": 6, ""rank"": 2, ""answer"": ""LAKE"", ""reported"": true, ""response"": ""LAKE"", ""correct"": true, ""correct_lenient"": true, ""answer_migrated"": false}, {""name"": ""ANCHOVY"", ""kind"": ""passphrase"", ""packet"": 8, ""rank"": 3, ""answer"": ""WHISKEY ROMEO MIKE"", ""reported"": true, ""response"": ""WHISKEY ROMEO MIKE"", ""correct"": true, ""correct_lenient"": true, ""answer_migrated"": false}]",3,0,0.0,,,False,False,,,,,,"<Final_Answers>
- Task THIMBLE: ROBIN
- Task URCHIN: LAKE
- Task ANCHOVY: WHISKEY ROMEO MIKE
",gemma3:12b,12.0,Gemma3,95.5
3,non-ordered,True,True,,,,,,trivial,direct,15,3,FALCON,"[1, 7, 15]",0.0,1024,,6088,3,QUEBEC JULIET UNIFORM,,,,0,True,True,True,1.0,"[{""name"": ""HARMONICA"", ""kind"": ""load"", ""packet"": 1, ""rank"": 1, ""answer"": ""WHALE"", ""reported"": true, ""response"": ""WHALE"", ""correct"": true, ""correct_lenient"": true, ""answer_migrated"": false}, {""name"": ""SNORKEL"", ""kind"": ""load"", ""packet"": 7, ""rank"": 2, ""answer"": ""HORSE"", ""reported"": true, ""response"": ""HORSE"", ""correct"": true, ""correct_lenient"": true, ""answer_migrated"": false}, {""name"": ""FALCON"", ""kind"": ""passphrase"", ""packet"": 15, ""rank"": 3, ""answer"": ""QUEBEC JULIET UNIFORM"", ""reported"": true, ""response"": ""QUEBEC JULIET UNIFORM"", ""correct"": true, ""correct_lenient"": true, ""answer_migrated"": false}]",3,0,0.0,,,False,False,,,,,,"<Final_Answers>
- Task HARMONICA: WHALE
- Task SNORKEL: HORSE
- Task FALCON: QUEBEC JULIET UNIFORM
",gemma3:12b,12.0,Gemma3,95.5
3,non-ordered,True,True,,,,,,trivial,direct,5,3,MARBLE,"[1, 4, 5]",0.0,1024,,7088,3,ROMEO BRAVO MIKE,,,,0,True,True,True,1.0,"[{""name"": ""FERRET"", ""kind"": ""load"", ""packet"": 1, ""rank"": 1, ""answer"": ""BLUE"", ""reported"": true, ""response"": ""BLUE"", ""correct"": true, ""correct_lenient"": true, ""answer_migrated"": false}, {""name"": ""FALCON"", ""kind"": ""load"", ""packet"": 4, ""rank"": 2, ""answer"": ""BOWL"", ""reported"": true, ""response"": ""BOWL"", ""correct"": true, ""correct_lenient"": true, ""answer_migrated"": false}, {""name"": ""MARBLE"", ""kind"": ""passphrase"", ""packet"": 5, ""rank"": 3, ""answer"": ""ROMEO BRAVO MIKE"", ""reported"": true, ""response"": ""ROMEO BRAVO MIKE"", ""correct"": true, ""correct_lenient"": true, ""answer_migrated"": false}]",3,0,0.0,,,False,False,,,,,,"<Final_Answers>
- Task FERRET: BLUE
- Task FALCON: BOWL
- Task MARBLE: ROMEO BRAVO MIKE
",gemma3:12b,12.0,Gemma3,95.5
3,non-ordered,False,True,,,,,,semantic_4,direct,1,1,CARNIVAL,"[1, 8, 9]",0.0,1024,,109,3,INDIA HOTEL OSCAR,,,,0,True,True,True,0.5,"[{""name"": ""CARNIVAL"", ""kind"": ""passphrase"", ""packet"": 1, ""rank"": 1, ""answer"": ""INDIA HOTEL OSCAR"", ""reported"": true, ""response"": ""INDIA HOTEL OSCAR"", ""correct"": true, ""correct_lenient"": true, ""answer_migrated"": false}, {""name"": ""LILAC"", ""kind"": ""load"", ""packet"": 8, ""rank"": 2, ""answer"": ""YES"", ""reported"": true, ""response"": ""YES"", ""correct"": true, ""correct_lenient"": true, ""answer_migrated"": false}, {""name"": ""KETTLE"", ""kind"": ""load"", ""packet"": 9, ""rank"": 3, ""answer"": ""INVALID"", ""reported"": true, ""response"": ""VALID"", ""correct"": false, ""correct_lenient"": false, ""answer_migrated"": false}]",3,0,0.0,,,False,False,,,,,,"<Final_Answers>
- Task CARNIVAL: INDIA HOTEL OSCAR
- Task LILAC: YES
- Task KETTLE: VALID",gemma3:12b,12.0,Gemma3,95.5
3,non-ordered,False,True,,,,,,semantic_4,direct,11,3,LULLABY,"[2, 10, 11]",0.0,1024,,1109,3,MIKE CHARLIE PAPA,,,,0,True,True,True,0.0,"[{""name"": ""LANTERN"", ""kind"": ""load"", ""packet"": 2, ""rank"": 1, ""answer"": ""VALID"", ""reported"": true, ""response"": ""INVALID"", ""correct"": false, ""correct_lenient"": false, ""answer_migrated"": true}, {""name"": ""THIMBLE"", ""kind"": ""load"", ""packet"": 10, ""rank"": 2, ""answer"": ""INVALID"", ""reported"": true, ""response"": ""VALID"", ""correct"": false, ""correct_lenient"": false, ""answer_migrated"": true}, {""name"": ""LULLABY"", ""kind"": ""passphrase"", ""packet"": 11, ""rank"": 3, ""answer"": ""MIKE CHARLIE PAPA"", ""reported"": true, ""response"": ""MIKE CHARLIE PAPA"", ""correct"": true, ""correct_lenient"": true, ""answer_migrated"": false}]",3,0,0.6666666666666666,,,False,False,,,,,,"<Final_Answers>
- Task LANTERN: INVALID
- Task THIMBLE: VALID
- Task LULLABY: MIKE CHARLIE PAPA
",gemma3:12b,12.0,Gemma3,95.5
3,non-ordered,False,True,,,,,,semantic_4,direct,6,2,CHIMNEY,"[1, 6, 11]",0.0,1024,,2109,3,MIKE ROMEO NOVEMBER,,,,0,True,True,True,0.0,"[{""name"": ""HARMONICA"", ""kind"": ""load"", ""packet"": 1, ""rank"": 1, ""answer"": ""INVALID"", ""reported"": true, ""response"": ""VALID"", ""correct"": false, ""correct_lenient"": false, ""answer_migrated"": false}, {""name"": ""CHIMNEY"", ""kind"": ""passphrase"", ""packet"": 6, ""rank"": 2, ""answer"": ""MIKE ROMEO NOVEMBER"", ""reported"": true, ""response"": ""MIKE ROMEO NOVEMBER"", ""correct"": true, ""correct_lenient"": true, ""answer_migrated"": false}, {""name"": ""WHEELBARROW"", ""kind"": ""load"", ""packet"": 11, ""rank"": 3, ""answer"": ""NO"", ""reported"": true, ""response"": ""YES"", ""correct"": false, ""correct_lenient"": false, ""answer_migrated"": false}]",3,0,0.0,,,False,False,,,,,,"<Final_Answers>
- Task HARMONICA: VALID
- Task CHIMNEY: MIKE ROMEO NOVEMBER
- Task WHEELBARROW: YES
",gemma3:12b,12.0,Gemma3,95.5
3,non-ordered,False,True,,,,,,semantic_4,direct,11,3,VELVET,"[7, 10, 11]",0.0,1024,,3109,3,ECHO ZULU HOTEL,,,,0,True,True,True,0.0,"[{""name"": ""UNICYCLE"", ""kind"": ""load"", ""packet"": 7, ""rank"": 1, ""answer"": ""INVALID"", ""reported"": true, ""response"": ""VALID"", ""correct"": false, ""correct_lenient"": false, ""answer_migrated"": true}, {""name"": ""WOMBAT"", ""kind"": ""load"", ""packet"": 10, ""rank"": 2, ""answer"": ""VALID"", ""reported"": true, ""response"": ""INVALID"", ""correct"": false, ""correct_lenient"": false, ""answer_migrated"": true}, {""name"": ""VELVET"", ""kind"": ""passphrase"", ""packet"": 11, ""rank"": 3, ""answer"": ""ECHO ZULU HOTEL"", ""reported"": true, ""response"": ""ECHO ZULU HOTEL"", ""correct"": true, ""correct_lenient"": true, ""answer_migrated"": false}]",3,0,0.6666666666666666,,,False,False,,,,,,"<Final_Answers>
- Task UNICYCLE: VALID
- Task WOMBAT: INVALID
- Task VELVET: ECHO ZULU HOTEL
",gemma3:12b,12.0,Gemma3,95.5
3,non-ordered,False,True,,,,,,semantic_4,direct,9,2,DOLPHIN,"[6, 9, 10]",0.0,1024,,4109,3,JULIET FOXTROT YANKEE,,,,0,True,True,True,0.5,"[{""name"": ""TULIP"", ""kind"": ""load"", ""packet"": 6, ""rank"": 1, ""answer"": ""NO"", ""reported"": true, ""response"": ""NO"", ""correct"": true, ""correct_lenient"": true, ""answer_migrated"": false}, {""name"": ""DOLPHIN"", ""kind"": ""passphrase"", ""packet"": 9, ""rank"": 2, ""answer"": ""JULIET FOXTROT YANKEE"", ""reported"": true, ""response"": ""JULIET FOXTROT YANKEE"", ""correct"": true, ""correct_lenient"": true, ""answer_migrated"": false}, {""name"": ""WALNUT"", ""kind"": ""load"", ""packet"": 10, ""rank"": 3, ""answer"": ""INVALID"", ""reported"": true, ""response"": ""VALID"", ""correct"": false, ""correct_lenient"": false, ""answer_migrated"": false}]",3,0,0.0,,,False,False,,,,,,"<Final_Answers>
- Task TULIP: NO
- Task DOLPHIN: JULIET FOXTROT YANKEE
- Task WALNUT: VALID",gemma3:12b,12.0,Gemma3,95.5
3,non-ordered,False,True,,,,,,semantic_4,direct,5,1,MANDOLIN,"[5, 7, 14]",0.0,1024,,5109,3,MIKE WHISKEY KILO,,,,0,True,True,True,0.5,"[{""name"": ""MANDOLIN"", ""kind"": ""passphrase"", ""packet"": 5, ""rank"": 1, ""answer"": ""MIKE WHISKEY KILO"", ""reported"": true, ""response"": ""MIKE WHISKEY KILO"", ""correct"": true, ""correct_lenient"": true, ""answer_migrated"": false}, {""name"": ""BAGPIPE"", ""kind"": ""load"", ""packet"": 7, ""rank"": 2, ""answer"": ""INVALID"", ""reported"": true, ""response"": ""VALID"", ""correct"": false, ""correct_lenient"": false, ""answer_migrated"": false}, {""name"": ""JASMINE"", ""kind"": ""load"", ""packet"": 14, ""rank"": 3, ""answer"": ""INVALID"", ""reported"": true, ""response"": ""INVALID"", ""correct"": true, ""correct_lenient"": true, ""answer_migrated"": false}]",3,0,0.0,,,False,False,,,,,,"<Final_Answers>
- Task MANDOLIN: MIKE WHISKEY KILO
- Task BAGPIPE: VALID
- Task JASMINE: INVALID
",gemma3:12b,12.0,Gemma3,95.5
3,non-ordered,False,True,,,,,,semantic_4,direct,7,1,LILAC,"[7, 12, 15]",0.0,1024,,6109,3,GOLF ZULU YANKEE,,,,0,True,True,True,0.5,"[{""name"": ""LILAC"", ""kind"": ""passphrase"", ""packet"": 7, ""rank"": 1, ""answer"": ""GOLF ZULU YANKEE"", ""reported"": true, ""response"": ""GOLF ZULU YANKEE"", ""correct"": true, ""correct_lenient"": true, ""answer_migrated"": false}, {""name"": ""OPAL"", ""kind"": ""load"", ""packet"": 12, ""rank"": 2, ""answer"": ""NO"", ""reported"": true, ""response"": ""NO"", ""correct"": true, ""correct_lenient"": true, ""answer_migrated"": false}, {""name"": ""PISTACHIO"", ""kind"": ""load"", ""packet"": 15, ""rank"": 3, ""answer"": ""VALID"", ""reported"": true, ""response"": ""INVALID"", ""correct"": false, ""correct_lenient"": false, ""answer_migrated"": false}]",3,0,0.0,,,False,False,,,,,,"<Final_Answers>
- Task LILAC: GOLF ZULU YANKEE
- Task OPAL: NO
- Task PISTACHIO: INVALID
",gemma3:12b,12.0,Gemma3,95.5
3,non-ordered,False,True,,,,,,semantic_4,direct,3,1,URCHIN,"[3, 4, 6]",0.0,1024,,7109,3,BRAVO YANKEE TANGO,,,,0,True,True,True,0.5,"[{""name"": ""URCHIN"", ""kind"": ""passphrase"", ""packet"": 3, ""rank"": 1, ""answer"": ""BRAVO YANKEE TANGO"", ""reported"": true, ""response"": ""BRAVO YANKEE TANGO"", ""correct"": true, ""correct_lenient"": true, ""answer_migrated"": false}, {""name"": ""TAPESTRY"", ""kind"": ""load"", ""packet"": 4, ""rank"": 2, ""answer"": ""INVALID"", ""reported"": true, ""response"": ""VALID"", ""correct"": false, ""correct_lenient"": false, ""answer_migrated"": false}, {""name"": ""PYRAMID"", ""kind"": ""load"", ""packet"": 6, ""rank"": 3, ""answer"": ""R"", ""reported"": true, ""response"": ""R"", ""correct"": true, ""correct_lenient"": true, ""answer_migrated"": false}]",3,0,0.0,,,False,False,,,,,,"<Final_Answers>
- Task URCHIN: BRAVO YANKEE TANGO
- Task TAPESTRY: VALID
- Task PYRAMID: R
",gemma3:12b,12.0,Gemma3,95.5
3,non-ordered,True,True,,,,,,semantic_4,direct,9,3,LILAC,"[1, 8, 9]",0.0,1024,,109,3,INDIA HOTEL OSCAR,,,,0,True,True,True,1.0,"[{""name"": ""TOBOGGAN"", ""kind"": ""load"", ""packet"": 1, ""rank"": 1, ""answer"": ""NO"", ""reported"": true, ""response"": ""NO"", ""correct"": true, ""correct_lenient"": true, ""answer_migrated"": false}, {""name"": ""CARNIVAL"", ""kind"": ""load"", ""packet"": 8, ""rank"": 2, ""answer"": ""YES"", ""reported"": true, ""response"": ""YES"", ""correct"": true, ""correct_lenient"": true, ""answer_migrated"": false}, {""name"": ""LILAC"", ""kind"": ""passphrase"", ""packet"": 9, ""rank"": 3, ""answer"": ""INDIA HOTEL OSCAR"", ""reported"": true, ""response"": ""INDIA HOTEL OSCAR"", ""correct"": true, ""correct_lenient"": true, ""answer_migrated"": false}]",3,0,0.0,,,False,False,,,,,,"<Final_Answers>
- Task TOBOGGAN: NO
- Task CARNIVAL: YES
- Task LILAC: INDIA HOTEL OSCAR
",gemma3:12b,12.0,Gemma3,95.5
3,non-ordered,True,True,,,,,,semantic_4,direct,11,3,THIMBLE,"[2, 10, 11]",0.0,1024,,1109,3,MIKE CHARLIE PAPA,,,,0,True,True,True,0.5,"[{""name"": ""QUICKSAND"", ""kind"": ""load"", ""packet"": 2, ""rank"": 1, ""answer"": ""YES"", ""reported"": true, ""response"": ""YES"", ""correct"": true, ""correct_lenient"": true, ""answer_migrated"": false}, {""name"": ""LANTERN"", ""kind"": ""load"", ""packet"": 10, ""rank"": 2, ""answer"": ""VALID"", ""reported"": true, ""response"": ""INVALID"", ""correct"": false, ""correct_lenient"": false, ""answer_migrated"": false}, {""name"": ""THIMBLE"", ""kind"": ""passphrase"", ""packet"": 11, ""rank"": 3, ""answer"": ""MIKE CHARLIE PAPA"", ""reported"": true, ""response"": ""MIKE CHARLIE PAPA"", ""correct"": true, ""correct_lenient"": true, ""answer_migrated"": false}]",3,0,0.0,,,False,False,,,,,,"<Final_Answers>
- Task QUICKSAND: YES
- Task LANTERN: INVALID
- Task THIMBLE: MIKE CHARLIE PAPA",gemma3:12b,12.0,Gemma3,95.5
3,non-ordered,True,True,,,,,,semantic_4,direct,11,3,CHIMNEY,"[1, 6, 11]",0.0,1024,,2109,3,MIKE ROMEO NOVEMBER,,,,0,True,True,True,0.5,"[{""name"": ""OBELISK"", ""kind"": ""load"", ""packet"": 1, ""rank"": 1, ""answer"": ""INVALID"", ""reported"": true, ""response"": ""INVALID"", ""correct"": true, ""correct_lenient"": true, ""answer_migrated"": false}, {""name"": ""HARMONICA"", ""kind"": ""load"", ""packet"": 6, ""rank"": 2, ""answer"": ""INVALID"", ""reported"": true, ""response"": ""VALID"", ""correct"": false, ""correct_lenient"": false, ""answer_migrated"": false}, {""name"": ""CHIMNEY"", ""kind"": ""passphrase"", ""packet"": 11, ""rank"": 3, ""answer"": ""MIKE ROMEO NOVEMBER"", ""reported"": true, ""response"": ""MIKE ROMEO NOVEMBER"", ""correct"": true, ""correct_lenient"": true, ""answer_migrated"": false}]",3,0,0.0,,,False,False,,,,,,"<Final_Answers>
- Task OBELISK: INVALID
- Task HARMONICA: VALID
- Task CHIMNEY: MIKE ROMEO NOVEMBER
",gemma3:12b,12.0,Gemma3,95.5
3,non-ordered,True,True,,,,,,semantic_4,direct,11,3,WOMBAT,"[7, 10, 11]",0.0,1024,,3109,3,ECHO ZULU HOTEL,,,,0,True,True,True,1.0,"[{""name"": ""NOODLE"", ""kind"": ""load"", ""packet"": 7, ""rank"": 1, ""answer"": ""VALID"", ""reported"": true, ""response"": ""VALID"", ""correct"": true, ""correct_lenient"": true, ""answer_migrated"": false}, {""name"": ""UNICYCLE"", ""kind"": ""load"", ""packet"": 10, ""rank"": 2, ""answer"": ""INVALID"", ""reported"": true, ""response"": ""INVALID"", ""correct"": true, ""correct_lenient"": true, ""answer_migrated"": false}, {""name"": ""WOMBAT"", ""kind"": ""passphrase"", ""packet"": 11, ""rank"": 3, ""answer"": ""ECHO ZULU HOTEL"", ""reported"": true, ""response"": ""ECHO ZULU HOTEL"", ""correct"": true, ""correct_lenient"": true, ""answer_migrated"": false}]",3,0,0.0,,,False,False,,,,,,"<Final_Answers>
- Task NOODLE: VALID
- Task UNICYCLE: INVALID
- Task WOMBAT: ECHO ZULU HOTEL
",gemma3:12b,12.0,Gemma3,95.5
3,non-ordered,True,True,,,,,,semantic_4,direct,10,3,DOLPHIN,"[6, 9, 10]",0.0,1024,,4109,3,JULIET FOXTROT YANKEE,,,,0,True,True,True,0.0,"[{""name"": ""NARWHAL"", ""kind"": ""load"", ""packet"": 6, ""rank"": 1, ""answer"": ""VALID"", ""reported"": true, ""response"": ""INVALID"", ""correct"": false, ""correct_lenient"": false, ""answer_migrated"": false}, {""name"": ""TULIP"", ""kind"": ""load"", ""packet"": 9, ""rank"": 2, ""answer"": ""NO"", ""reported"": true, ""response"": ""YES"", ""correct"": false, ""correct_lenient"": false, ""answer_migrated"": false}, {""name"": ""DOLPHIN"", ""kind"": ""passphrase"", ""packet"": 10, ""rank"": 3, ""answer"": ""JULIET FOXTROT YANKEE"", ""reported"": true, ""response"": ""JULIET FOXTROT YANKEE"", ""correct"": true, ""correct_lenient"": true, ""answer_migrated"": false}]",3,0,0.0,,,False,False,,,,,,"<Final_Answers>
- Task NARWHAL: INVALID
- Task TULIP: YES
- Task DOLPHIN: JULIET FOXTROT YANKEE
",gemma3:12b,12.0,Gemma3,95.5
3,non-ordered,True,True,,,,,,semantic_4,direct,14,3,BAGPIPE,"[5, 7, 14]",0.0,1024,,5109,3,MIKE WHISKEY KILO,,,,0,True,True,True,0.0,"[{""name"": ""SAPPHIRE"", ""kind"": ""load"", ""packet"": 5, ""rank"": 1, ""answer"": ""VALID"", ""reported"": true, ""response"": ""INVALID"", ""correct"": false, ""correct_lenient"": false, ""answer_migrated"": true}, {""name"": ""MANDOLIN"", ""kind"": ""load"", ""packet"": 7, ""rank"": 2, ""answer"": ""INVALID"", ""reported"": true, ""response"": ""VALID"", ""correct"": false, ""correct_lenient"": false, ""answer_migrated"": true}, {""name"": ""BAGPIPE"", ""kind"": ""passphrase"", ""packet"": 14, ""rank"": 3, ""answer"": ""MIKE WHISKEY KILO"", ""reported"": true, ""response"": ""MIKE WHISKEY KILO"", ""correct"": true, ""correct_lenient"": true, ""answer_migrated"": false}]",3,0,0.6666666666666666,,,False,False,,,,,,"<Final_Answers>
- Task SAPPHIRE: INVALID
- Task MANDOLIN: VALID
- Task BAGPIPE: MIKE WHISKEY KILO
",gemma3:12b,12.0,Gemma3,95.5
3,non-ordered,True,True,,,,,,semantic_4,direct,15,3,OPAL,"[7, 12, 15]",0.0,1024,,6109,3,GOLF ZULU YANKEE,,,,0,True,True,True,0.5,"[{""name"": ""LANTERN"", ""kind"": ""load"", ""packet"": 7, ""rank"": 1, ""answer"": ""YES"", ""reported"": true, ""response"": ""YES"", ""correct"": true, ""correct_lenient"": true, ""answer_migrated"": false}, {""name"": ""LILAC"", ""kind"": ""load"", ""packet"": 12, ""rank"": 2, ""answer"": ""NO"", ""reported"": true, ""response"": ""YES"", ""correct"": false, ""correct_lenient"": false, ""answer_migrated"": true}, {""name"": ""OPAL"", ""kind"": ""passphrase"", ""packet"": 15, ""rank"": 3, ""answer"": ""GOLF ZULU YANKEE"", ""reported"": true, ""response"": ""GOLF ZULU YANKEE"", ""correct"": true, ""correct_lenient"": true, ""answer_migrated"": false}]",3,0,0.3333333333333333,,,False,False,,,,,,"<Final_Answers>
- Task LANTERN: YES
- Task LILAC: YES
- Task OPAL: GOLF ZULU YANKEE",gemma3:12b,12.0,Gemma3,95.5
3,non-ordered,True,True,,,,,,semantic_4,direct,6,3,TAPESTRY,"[3, 4, 6]",0.0,1024,,7109,3,BRAVO YANKEE TANGO,,,,0,True,True,True,0.0,"[{""name"": ""SAPPHIRE"", ""kind"": ""load"", ""packet"": 3, ""rank"": 1, ""answer"": ""VALID"", ""reported"": true, ""response"": ""INVALID"", ""correct"": false, ""correct_lenient"": false, ""answer_migrated"": true}, {""name"": ""URCHIN"", ""kind"": ""load"", ""packet"": 4, ""rank"": 2, ""answer"": ""INVALID"", ""reported"": true, ""response"": ""VALID"", ""correct"": false, ""correct_lenient"": false, ""answer_migrated"": true}, {""name"": ""TAPESTRY"", ""kind"": ""passphrase"", ""packet"": 6, ""rank"": 3, ""answer"": ""BRAVO YANKEE TANGO"", ""reported"": true, ""response"": ""BRAVO YANKEE TANGO"", ""correct"": true, ""correct_lenient"": true, ""answer_migrated"": false}]",3,0,0.6666666666666666,,,False,False,,,,,,"<Final_Answers>
- Task SAPPHIRE: INVALID
- Task URCHIN: VALID
- Task TAPESTRY: BRAVO YANKEE TANGO
",gemma3:12b,12.0,Gemma3,95.5
5,non-ordered,False,True,,,,,,trivial,direct,4,1,RASPBERRY,"[4, 6, 10, 11, 14]",0.0,1024,,114,3,HOTEL SIERRA DELTA,,,,0,True,True,True,1.0,"[{""name"": ""RASPBERRY"", ""kind"": ""passphrase"", ""packet"": 4, ""rank"": 1, ""answer"": ""HOTEL SIERRA DELTA"", ""reported"": true, ""response"": ""HOTEL SIERRA DELTA"", ""correct"": true, ""correct_lenient"": true, ""answer_migrated"": false}, {""name"": ""NECTARINE"", ""kind"": ""load"", ""packet"": 6, ""rank"": 2, ""answer"": ""STORM"", ""reported"": true, ""response"": ""STORM"", ""correct"": true, ""correct_lenient"": true, ""answer_migrated"": false}, {""name"": ""PLATYPUS"", ""kind"": ""load"", ""packet"": 10, ""rank"": 3, ""answer"": ""BROWN"", ""reported"": true, ""response"": ""BROWN"", ""correct"": true, ""correct_lenient"": true, ""answer_migrated"": false}, {""name"": ""INKWELL"", ""kind"": ""load"", ""packet"": 11, ""rank"": 4, ""answer"": ""LAKE"", ""reported"": true, ""response"": ""LAKE"", ""correct"": true, ""correct_lenient"": true, ""answer_migrated"": false}, {""name"": ""KAYAK"", ""kind"": ""load"", ""packet"": 14, ""rank"": 5, ""answer"": ""FINCH"", ""reported"": true, ""response"": ""FINCH"", ""correct"": true, ""correct_lenient"": true, ""answer_migrated"": false}]",5,0,0.0,,,False,False,,,,,,"<Final_Answers>
- Task RASPBERRY: HOTEL SIERRA DELTA
- Task NECTARINE: STORM
- Task PLATYPUS: BROWN
- Task INKWELL: LAKE
- Task KAYAK: FINCH",gemma3:12b,12.0,Gemma3,95.5
5,non-ordered,False,True,,,,,,trivial,direct,14,5,CENTIPEDE,"[8, 10, 11, 12, 14]",0.0,1024,,1114,3,QUEBEC INDIA OSCAR,,,,0,True,True,True,1.0,"[{""name"": ""METRONOME"", ""kind"": ""load"", ""packet"": 8, ""rank"": 1, ""answer"": ""RICE"", ""reported"": true, ""response"": ""RICE"", ""correct"": true, ""correct_lenient"": true, ""answer_migrated"": false}, {""name"": ""CATAPULT"", ""kind"": ""load"", ""packet"": 10, ""rank"": 2, ""answer"": ""SPOON"", ""reported"": true, ""response"": ""SPOON"", ""correct"": true, ""correct_lenient"": true, ""answer_migrated"": false}, {""name"": ""LANTERN"", ""kind"": ""load"", ""packet"": 11, ""rank"": 3, ""answer"": ""CHERRY"", ""reported"": true, ""response"": ""CHERRY"", ""correct"": true, ""correct_lenient"": true, ""answer_migrated"": false}, {""name"": ""DAFFODIL"", ""kind"": ""load"", ""packet"": 12, ""rank"": 4, ""answer"": ""PLATE"", ""reported"": true, ""response"": ""PLATE"", ""correct"": true, ""correct_lenient"": true, ""answer_migrated"": false}, {""name"": ""CENTIPEDE"", ""kind"": ""passphrase"", ""packet"": 14, ""rank"": 5, ""answer"": ""QUEBEC INDIA OSCAR"", ""reported"": true, ""response"": ""QUEBEC INDIA OSCAR"", ""correct"": true, ""correct_lenient"": true, ""answer_migrated"": false}]",5,0,0.0,,,False,False,,,,,,"<Final_Answers>
- Task METRONOME: RICE
- Task CATAPULT: SPOON
- Task LANTERN: CHERRY
- Task DAFFODIL: PLATE
- Task CENTIPEDE: QUEBEC INDIA OSCAR
",gemma3:12b,12.0,Gemma3,95.5
5,non-ordered,False,True,,,,,,trivial,direct,4,1,YOGURT,"[4, 5, 8, 9, 15]",0.0,1024,,2114,3,HOTEL GOLF VICTOR,,,,0,True,True,True,1.0,"[{""name"": ""YOGURT"", ""kind"": ""passphrase"", ""packet"": 4, ""rank"": 1, ""answer"": ""HOTEL GOLF VICTOR"", ""reported"": true, ""response"": ""HOTEL GOLF VICTOR"", ""correct"": true, ""correct_lenient"": true, ""answer_migrated"": false}, {""name"": ""EGGPLANT"", ""kind"": ""load"", ""packet"": 5, ""rank"": 2, ""answer"": ""BEAR"", ""reported"": true, ""response"": ""BEAR"", ""correct"": true, ""correct_lenient"": true, ""answer_migrated"": false}, {""name"": ""PISTACHIO"", ""kind"": ""load"", ""packet"": 8, ""rank"": 3, ""answer"": ""MAROON"", ""reported"": true, ""response"": ""MAROON"", ""correct"": true, ""correct_lenient"": true, ""answer_migrated"": false}, {""name"": ""QUARRY"", ""kind"": ""load"", ""packet"": 9, ""rank"": 4, ""answer"": ""VIOLET"", ""reported"": true, ""response"": ""VIOLET"", ""correct"": true, ""correct_lenient"": true, ""answer_migrated"": false}, {""name"": ""TROMBONE"", ""kind"": ""load"", ""packet"": 15, ""rank"": 5, ""answer"": ""DUCK"", ""reported"": true, ""response"": ""DUCK"", ""correct"": true, ""correct_lenient"": true, ""answer_migrated"": false}]",5,0,0.0,,,False,False,,,,,,"<Final_Answers>
- Task YOGURT: HOTEL GOLF VICTOR
- Task EGGPLANT: BEAR
- Task PISTACHIO: MAROON
- Task QUARRY: VIOLET
- Task TROMBONE: DUCK
",gemma3:12b,12.0,Gemma3,95.5
5,non-ordered,False,True,,,,,,trivial,direct,11,4,SAXOPHONE,"[5, 7, 8, 11, 13]",0.0,1024,,3114,3,HOTEL INDIA ROMEO,,,,0,True,True,True,1.0,"[{""name"": ""PARSNIP"", ""kind"": ""load"", ""packet"": 5, ""rank"": 1, ""answer"": ""CAT"", ""reported"": true, ""response"": ""CAT"", ""correct"": true, ""correct_lenient"": true, ""answer_migrated"": false}, {""name"": ""PELICAN"", ""kind"": ""load"", ""packet"": 7, ""rank"": 2, ""answer"": ""ONION"", ""reported"": true, ""response"": ""ONION"", ""correct"": true, ""correct_lenient"": true, ""answer_migrated"": false}, {""name"": ""DUMPLING"", ""kind"": ""load"", ""packet"": 8, ""rank"": 3, ""answer"": ""GRAPE"", ""reported"": true, ""response"": ""GRAPE"", ""correct"": true, ""correct_lenient"": true, ""answer_migrated"": false}, {""name"": ""SAXOPHONE"", ""kind"": ""passphrase"", ""packet"": 11, ""rank"": 4, ""answer"": ""HOTEL INDIA ROMEO"", ""reported"": true, ""response"": ""HOTEL INDIA ROMEO"", ""correct"": true, ""correct_lenient"": true, ""answer_migrated"": false}, {""name"": ""DAFFODIL"", ""kind"": ""load"", ""packet"": 13, ""rank"": 5, ""answer"": ""WALL"", ""reported"": true, ""response"": ""WALL"", ""correct"": true, ""correct_lenient"": true, ""answer_migrated"": false}]",5,0,0.0,,,False,False,,,,,,"<Final_Answers>
- Task PARSNIP: CAT
- Task PELICAN: ONION
- Task DUMPLING: GRAPE
- Task SAXOPHONE: HOTEL INDIA ROMEO
- Task DAFFODIL: WALL
",gemma3:12b,12.0,Gemma3,95.5
5,non-ordered,False,True,,,,,,trivial,direct,9,4,HAMMOCK,"[1, 2, 4, 9, 15]",0.0,1024,,4114,3,ALPHA XRAY WHISKEY,,,,0,True,True,True,1.0,"[{""name"": ""UNICYCLE"", ""kind"": ""load"", ""packet"": 1, ""rank"": 1, ""answer"": ""WOLF"", ""reported"": true, ""response"": ""WOLF"", ""correct"": true, ""correct_lenient"": true, ""answer_migrated"": false}, {""name"": ""KUMQUAT"", ""kind"": ""load"", ""packet"": 2, ""rank"": 2, ""answer"": ""CRAB"", ""reported"": true, ""response"": ""CRAB"", ""correct"": true, ""correct_lenient"": true, ""answer_migrated"": false}, {""name"": ""GONDOLA"", ""kind"": ""load"", ""packet"": 4, ""rank"": 3, ""answer"": ""LAMP"", ""reported"": true, ""response"": ""LAMP"", ""correct"": true, ""correct_lenient"": true, ""answer_migrated"": false}, {""name"": ""HAMMOCK"", ""kind"": ""passphrase"", ""packet"": 9, ""rank"": 4, ""answer"": ""ALPHA XRAY WHISKEY"", ""reported"": true, ""response"": ""ALPHA XRAY WHISKEY"", ""correct"": true, ""correct_lenient"": true, ""answer_migrated"": false}, {""name"": ""WATERMELON"", ""kind"": ""load"", ""packet"": 15, ""rank"": 5, ""answer"": ""CARROT"", ""reported"": true, ""response"": ""CARROT"", ""correct"": true, ""correct_lenient"": true, ""answer_migrated"": false}]",5,0,0.0,,,False,False,,,,,,"<Final_Answers>
- Task UNICYCLE: WOLF
- Task KUMQUAT: CRAB
- Task GONDOLA: LAMP
- Task HAMMOCK: ALPHA XRAY WHISKEY
- Task WATERMELON: CARROT
",gemma3:12b,12.0,Gemma3,95.5
5,non-ordered,False,True,,,,,,trivial,direct,4,1,JIGSAW,"[4, 10, 11, 12, 14]",0.0,1024,,5114,3,GOLF QUEBEC OSCAR,,,,0,True,True,True,1.0,"[{""name"": ""JIGSAW"", ""kind"": ""passphrase"", ""packet"": 4, ""rank"": 1, ""answer"": ""GOLF QUEBEC OSCAR"", ""reported"": true, ""response"": ""GOLF QUEBEC OSCAR"", ""correct"": true, ""correct_lenient"": true, ""answer_migrated"": false}, {""name"": ""ORIGAMI"", ""kind"": ""load"", ""packet"": 10, ""rank"": 2, ""answer"": ""SEAL"", ""reported"": true, ""response"": ""SEAL"", ""correct"": true, ""correct_lenient"": true, ""answer_migrated"": false}, {""name"": ""QUICKSAND"", ""kind"": ""load"", ""packet"": 11, ""rank"": 3, ""answer"": ""TABLE"", ""reported"": true, ""response"": ""TABLE"", ""correct"": true, ""correct_lenient"": true, ""answer_migrated"": false}, {""name"": ""BLIZZARD"", ""kind"": ""load"", ""packet"": 12, ""rank"": 4, ""answer"": ""BLUE"", ""reported"": true, ""response"": ""BLUE"", ""correct"": true, ""correct_lenient"": true, ""answer_migrated"": false}, {""name"": ""BAGPIPE"", ""kind"": ""load"", ""packet"": 14, ""rank"": 5, ""answer"": ""BLACK"", ""reported"": true, ""response"": ""BLACK"", ""correct"": true, ""correct_lenient"": true, ""answer_migrated"": false}]",5,0,0.0,,,False,False,,,,,,"<Final_Answers>
- Task JIGSAW: GOLF QUEBEC OSCAR
- Task ORIGAMI: SEAL
- Task QUICKSAND: TABLE
- Task BLIZZARD: BLUE
- Task BAGPIPE: BLACK
",gemma3:12b,12.0,Gemma3,95.5
5,non-ordered,False,True,,,,,,trivial,direct,14,5,ZIGZAG,"[7, 9, 11, 12, 14]",0.0,1024,,6114,3,CHARLIE SIERRA ECHO,,,,0,True,True,True,1.0,"[{""name"": ""JIGSAW"", ""kind"": ""load"", ""packet"": 7, ""rank"": 1, ""answer"": ""CRAB"", ""reported"": true, ""response"": ""CRAB"", ""correct"": true, ""correct_lenient"": true, ""answer_migrated"": false}, {""name"": ""ZEPPELIN"", ""kind"": ""load"", ""packet"": 9, ""rank"": 2, ""answer"": ""LEMON"", ""reported"": true, ""response"": ""LEMON"", ""correct"": true, ""correct_lenient"": true, ""answer_migrated"": false}, {""name"": ""CACTUS"", ""kind"": ""load"", ""packet"": 11, ""rank"": 3, ""answer"": ""MAROON"", ""reported"": true, ""response"": ""MAROON"", ""correct"": true, ""correct_lenient"": true, ""answer_migrated"": false}, {""name"": ""HARMONICA"", ""kind"": ""load"", ""packet"": 12, ""rank"": 4, ""answer"": ""STONE"", ""reported"": true, ""response"": ""STONE"", ""correct"": true, ""correct_lenient"": true, ""answer_migrated"": false}, {""name"": ""ZIGZAG"", ""kind"": ""passphrase"", ""packet"": 14, ""rank"": 5, ""answer"": ""CHARLIE SIERRA ECHO"", ""reported"": true, ""response"": ""CHARLIE SIERRA ECHO"", ""correct"": true, ""correct_lenient"": true, ""answer_migrated"": false}]",5,0,0.0,,,False,False,,,,,,"<Final_Answers>
- Task JIGSAW: CRAB
- Task ZEPPELIN: LEMON
- Task CACTUS: MAROON
- Task HARMONICA: STONE
- Task ZIGZAG: CHARLIE SIERRA ECHO
",gemma3:12b,12.0,Gemma3,95.5
5,non-ordered,False,True,,,,,,trivial,direct,3,2,UKULELE,"[2, 3, 6, 13, 15]",0.0,1024,,7114,3,HOTEL PAPA FOXTROT,,,,0,True,True,True,1.0,"[{""name"": ""DAFFODIL"", ""kind"": ""load"", ""packet"": 2, ""rank"": 1, ""answer"": ""GARLIC"", ""reported"": true, ""response"": ""GARLIC"", ""correct"": true, ""correct_lenient"": true, ""answer_migrated"": false}, {""name"": ""UKULELE"", ""kind"": ""passphrase"", ""packet"": 3, ""rank"": 2, ""answer"": ""HOTEL PAPA FOXTROT"", ""reported"": true, ""response"": ""HOTEL PAPA FOXTROT"", ""correct"": true, ""correct_lenient"": true, ""answer_migrated"": false}, {""name"": ""VOLCANO"", ""kind"": ""load"", ""packet"": 6, ""rank"": 3, ""answer"": ""CYAN"", ""reported"": true, ""response"": ""CYAN"", ""correct"": true, ""correct_lenient"": true, ""answer_migrated"": false}, {""name"": ""VINEYARD"", ""kind"": ""load"", ""packet"": 13, ""rank"": 4, ""answer"": ""OWL"", ""reported"": true, ""response"": ""OWL"", ""correct"": true, ""correct_lenient"": true, ""answer_migrated"": false}, {""name"": ""RAVIOLI"", ""kind"": ""load"", ""packet"": 15, ""rank"": 5, ""answer"": ""WHITE"", ""reported"": true, ""response"": ""WHITE"", ""correct"": true, ""correct_lenient"": true, ""answer_migrated"": false}]",5,0,0.0,,,False,False,,,,,,"<Final_Answers>
- Task DAFFODIL: GARLIC
- Task UKULELE: HOTEL PAPA FOXTROT
- Task VOLCANO: CYAN
- Task VINEYARD: OWL
- Task RAVIOLI: WHITE
",gemma3:12b,12.0,Gemma3,95.5
5,non-ordered,True,True,,,,,,trivial,direct,14,5,INKWELL,"[4, 6, 10, 11, 14]",0.0,1024,,114,3,HOTEL SIERRA DELTA,,,,0,True,True,True,1.0,"[{""name"": ""TROMBONE"", ""kind"": ""load"", ""packet"": 4, ""rank"": 1, ""answer"": ""STONE"", ""reported"": true, ""response"": ""STONE"", ""correct"": true, ""correct_lenient"": true, ""answer_migrated"": false}, {""name"": ""RASPBERRY"", ""kind"": ""load"", ""packet"": 6, ""rank"": 2, ""answer"": ""WHALE"", ""reported"": true, ""response"": ""WHALE"", ""correct"": true, ""correct_lenient"": true, ""answer_migrated"": false}, {""name"": ""NECTARINE"", ""kind"": ""load"", ""packet"": 10, ""rank"": 3, ""answer"": ""STORM"", ""reported"": true, ""response"": ""STORM"", ""correct"": true, ""correct_lenient"": true, ""answer_migrated"": false}, {""name"": ""PLATYPUS"", ""kind"": ""load"", ""packet"": 11, ""rank"": 4, ""answer"": ""BROWN"", ""reported"": true, ""response"": ""BROWN"", ""correct"": true, ""correct_lenient"": true, ""answer_migrated"": false}, {""name"": ""INKWELL"", ""kind"": ""passphrase"", ""packet"": 14, ""rank"": 5, ""answer"": ""HOTEL SIERRA DELTA"", ""reported"": true, ""response"": ""HOTEL SIERRA DELTA"", ""correct"": true, ""correct_lenient"": true, ""answer_migrated"": false}]",5,0,0.0,,,False,False,,,,,,"<Final_Answers>
- Task TROMBONE: STONE
- Task RASPBERRY: WHALE
- Task NECTARINE: STORM
- Task PLATYPUS: BROWN
- Task INKWELL: HOTEL SIERRA DELTA
",gemma3:12b,12.0,Gemma3,95.5
5,non-ordered,True,True,,,,,,trivial,direct,14,5,DAFFODIL,"[8, 10, 11, 12, 14]",0.0,1024,,1114,3,QUEBEC INDIA OSCAR,,,,0,True,True,True,1.0,"[{""name"": ""WALNUT"", ""kind"": ""load"", ""packet"": 8, ""rank"": 1, ""answer"": ""BREAD"", ""reported"": true, ""response"": ""BREAD"", ""correct"": true, ""correct_lenient"": true, ""answer_migrated"": false}, {""name"": ""METRONOME"", ""kind"": ""load"", ""packet"": 10, ""rank"": 2, ""answer"": ""RICE"", ""reported"": true, ""response"": ""RICE"", ""correct"": true, ""correct_lenient"": true, ""answer_migrated"": false}, {""name"": ""CATAPULT"", ""kind"": ""load"", ""packet"": 11, ""rank"": 3, ""answer"": ""SPOON"", ""reported"": true, ""response"": ""SPOON"", ""correct"": true, ""correct_lenient"": true, ""answer_migrated"": false}, {""name"": ""LANTERN"", ""kind"": ""load"", ""packet"": 12, ""rank"": 4, ""answer"": ""CHERRY"", ""reported"": true, ""response"": ""CHERRY"", ""correct"": true, ""correct_lenient"": true, ""answer_migrated"": false}, {""name"": ""DAFFODIL"", ""kind"": ""passphrase"", ""packet"": 14, ""rank"": 5, ""answer"": ""QUEBEC INDIA OSCAR"", ""reported"": true, ""response"": ""QUEBEC INDIA OSCAR"", ""correct"": true, ""correct_lenient"": true, ""answer_migrated"": false}]",5,0,0.0,,,False,False,,,,,,"<Final_Answers>
- Task WALNUT: BREAD
- Task METRONOME: RICE
- Task CATAPULT: SPOON
- Task LANTERN: CHERRY
- Task DAFFODIL: QUEBEC INDIA OSCAR
",gemma3:12b,12.0,Gemma3,95.5
5,non-ordered,True,True,,,,,,trivial,direct,15,5,QUARRY,"[4, 5, 8, 9, 15]",0.0,1024,,2114,3,HOTEL GOLF VICTOR,,,,0,True,True,True,1.0,"[{""name"": ""TROMBONE"", ""kind"": ""load"", ""packet"": 4, ""rank"": 1, ""answer"": ""BLACK"", ""reported"": true, ""response"": ""BLACK"", ""correct"": true, ""correct_lenient"": true, ""answer_migrated"": false}, {""name"": ""YOGURT"", ""kind"": ""load"", ""packet"": 5, ""rank"": 2, ""answer"": ""BEAR"", ""reported"": true, ""response"": ""BEAR"", ""correct"": true, ""correct_lenient"": true, ""answer_migrated"": false}, {""name"": ""EGGPLANT"", ""kind"": ""load"", ""packet"": 8, ""rank"": 3, ""answer"": ""MAROON"", ""reported"": true, ""response"": ""MAROON"", ""correct"": true, ""correct_lenient"": true, ""answer_migrated"": false}, {""name"": ""PISTACHIO"", ""kind"": ""load"", ""packet"": 9, ""rank"": 4, ""answer"": ""VIOLET"", ""reported"": true, ""response"": ""VIOLET"", ""correct"": true, ""correct_lenient"": true, ""answer_migrated"": false}, {""name"": ""QUARRY"", ""kind"": ""passphrase"", ""packet"": 15, ""rank"": 5, ""answer"": ""HOTEL GOLF VICTOR"", ""reported"": true, ""response"": ""HOTEL GOLF VICTOR"", ""correct"": true, ""correct_lenient"": true, ""answer_migrated"": false}]",5,0,0.0,,,False,False,,,,,,"<Final_Answers>
- Task TROMBONE: BLACK
- Task YOGURT: BEAR
- Task EGGPLANT: MAROON
- Task PISTACHIO: VIOLET
- Task QUARRY: HOTEL GOLF VICTOR
",gemma3:12b,12.0,Gemma3,95.5
5,non-ordered,True,True,,,,,,trivial,direct,13,5,SAXOPHONE,"[5, 7, 8, 11, 13]",0.0,1024,,3114,3,HOTEL INDIA ROMEO,,,,0,True,True,True,1.0,"[{""name"": ""BONSAI"", ""kind"": ""load"", ""packet"": 5, ""rank"": 1, ""answer"": ""FOX"", ""reported"": true, ""response"": ""FOX"", ""correct"": true, ""correct_lenient"": true, ""answer_migrated"": false}, {""name"": ""PARSNIP"", ""kind"": ""load"", ""packet"": 7, ""rank"": 2, ""answer"": ""CAT"", ""reported"": true, ""response"": ""CAT"", ""correct"": true, ""correct_lenient"": true, ""answer_migrated"": false}, {""name"": ""PELICAN"", ""kind"": ""load"", ""packet"": 8, ""rank"": 3, ""answer"": ""ONION"", ""reported"": true, ""response"": ""ONION"", ""correct"": true, ""correct_lenient"": true, ""answer_migrated"": false}, {""name"": ""DUMPLING"", ""kind"": ""load"", ""packet"": 11, ""rank"": 4, ""answer"": ""GRAPE"", ""reported"": true, ""response"": ""GRAPE"", ""correct"": true, ""correct_lenient"": true, ""answer_migrated"": false}, {""name"": ""SAXOPHONE"", ""kind"": ""passphrase"", ""packet"": 13, ""rank"": 5, ""answer"": ""HOTEL INDIA ROMEO"", ""reported"": true, ""response"": ""HOTEL INDIA ROMEO"", ""correct"": true, ""correct_lenient"": true, ""answer_migrated"": false}]",5,0,0.0,,,False,False,,,,,,"<Final_Answers>
- Task BONSAI: FOX
- Task PARSNIP: CAT
- Task PELICAN: ONION
- Task DUMPLING: GRAPE
- Task SAXOPHONE: HOTEL INDIA ROMEO
",gemma3:12b,12.0,Gemma3,95.5
5,non-ordered,True,True,,,,,,trivial,direct,15,5,HAMMOCK,"[1, 2, 4, 9, 15]",0.0,1024,,4114,3,ALPHA XRAY WHISKEY,,,,0,True,True,True,1.0,"[{""name"": ""HARMONICA"", ""kind"": ""load"", ""packet"": 1, ""rank"": 1, ""answer"": ""BLUE"", ""reported"": true, ""response"": ""BLUE"", ""correct"": true, ""correct_lenient"": true, ""answer_migrated"": false}, {""name"": ""UNICYCLE"", ""kind"": ""load"", ""packet"": 2, ""rank"": 2, ""answer"": ""WOLF"", ""reported"": true, ""response"": ""WOLF"", ""correct"": true, ""correct_lenient"": true, ""answer_migrated"": false}, {""name"": ""KUMQUAT"", ""kind"": ""load"", ""packet"": 4, ""rank"": 3, ""answer"": ""CRAB"", ""reported"": true, ""response"": ""CRAB"", ""correct"": true, ""correct_lenient"": true, ""answer_migrated"": false}, {""name"": ""GONDOLA"", ""kind"": ""load"", ""packet"": 9, ""rank"": 4, ""answer"": ""LAMP"", ""reported"": true, ""response"": ""LAMP"", ""correct"": true, ""correct_lenient"": true, ""answer_migrated"": false}, {""name"": ""HAMMOCK"", ""kind"": ""passphrase"", ""packet"": 15, ""rank"": 5, ""answer"": ""ALPHA XRAY WHISKEY"", ""reported"": true, ""response"": ""ALPHA XRAY WHISKEY"", ""correct"": true, ""correct_lenient"": true, ""answer_migrated"": false}]",5,0,0.0,,,False,False,,,,,,"<Final_Answers>
- Task HARMONICA: BLUE
- Task UNICYCLE: WOLF
- Task KUMQUAT: CRAB
- Task GONDOLA: LAMP
- Task HAMMOCK: ALPHA XRAY WHISKEY
",gemma3:12b,12.0,Gemma3,95.5
5,non-ordered,True,True,,,,,,trivial,direct,14,5,BLIZZARD,"[4, 10, 11, 12, 14]",0.0,1024,,5114,3,GOLF QUEBEC OSCAR,,,,0,True,True,True,1.0,"[{""name"": ""LANTERN"", ""kind"": ""load"", ""packet"": 4, ""rank"": 1, ""answer"": ""GOOSE"", ""reported"": true, ""response"": ""GOOSE"", ""correct"": true, ""correct_lenient"": true, ""answer_migrated"": false}, {""name"": ""JIGSAW"", ""kind"": ""load"", ""packet"": 10, ""rank"": 2, ""answer"": ""SEAL"", ""reported"": true, ""response"": ""SEAL"", ""correct"": true, ""correct_lenient"": true, ""answer_migrated"": false}, {""name"": ""ORIGAMI"", ""kind"": ""load"", ""packet"": 11, ""rank"": 3, ""answer"": ""TABLE"", ""reported"": true, ""response"": ""TABLE"", ""correct"": true, ""correct_lenient"": true, ""answer_migrated"": false}, {""name"": ""QUICKSAND"", ""kind"": ""load"", ""packet"": 12, ""rank"": 4, ""answer"": ""BLUE"", ""reported"": true, ""response"": ""BLUE"", ""correct"": true, ""correct_lenient"": true, ""answer_migrated"": false}, {""name"": ""BLIZZARD"", ""kind"": ""passphrase"", ""packet"": 14, ""rank"": 5, ""answer"": ""GOLF QUEBEC OSCAR"", ""reported"": true, ""response"": ""GOLF QUEBEC OSCAR"", ""correct"": true, ""correct_lenient"": true, ""answer_migrated"": false}]",5,0,0.0,,,False,False,,,,,,"<Final_Answers>
- Task LANTERN: GOOSE
- Task JIGSAW: SEAL
- Task ORIGAMI: TABLE
- Task QUICKSAND: BLUE
- Task BLIZZARD: GOLF QUEBEC OSCAR
",gemma3:12b,12.0,Gemma3,95.5
5,non-ordered,True,True,,,,,,trivial,direct,14,5,CACTUS,"[7, 9, 11, 12, 14]",0.0,1024,,6114,3,CHARLIE SIERRA ECHO,,,,0,True,True,True,1.0,"[{""name"": ""ROOSTER"", ""kind"": ""load"", ""packet"": 7, ""rank"": 1, ""answer"": ""DOOR"", ""reported"": true, ""response"": ""DOOR"", ""correct"": true, ""correct_lenient"": true, ""answer_migrated"": false}, {""name"": ""SAXOPHONE"", ""kind"": ""load"", ""packet"": 9, ""rank"": 2, ""answer"": ""ROOT"", ""reported"": true, ""response"": ""ROOT"", ""correct"": true, ""correct_lenient"": true, ""answer_migrated"": false}, {""name"": ""JIGSAW"", ""kind"": ""load"", ""packet"": 11, ""rank"": 3, ""answer"": ""CRAB"", ""reported"": true, ""response"": ""CRAB"", ""correct"": true, ""correct_lenient"": true, ""answer_migrated"": false}, {""name"": ""ZEPPELIN"", ""kind"": ""load"", ""packet"": 12, ""rank"": 4, ""answer"": ""LEMON"", ""reported"": true, ""response"": ""LEMON"", ""correct"": true, ""correct_lenient"": true, ""answer_migrated"": false}, {""name"": ""CACTUS"", ""kind"": ""passphrase"", ""packet"": 14, ""rank"": 5, ""answer"": ""CHARLIE SIERRA ECHO"", ""reported"": true, ""response"": ""CHARLIE SIERRA ECHO"", ""correct"": true, ""correct_lenient"": true, ""answer_migrated"": false}]",5,0,0.0,,,False,False,,,,,,"<Final_Answers>
- Task ROOSTER: DOOR
- Task SAXOPHONE: ROOT
- Task JIGSAW: CRAB
- Task ZEPPELIN: LEMON
- Task CACTUS: CHARLIE SIERRA ECHO
",gemma3:12b,12.0,Gemma3,95.5
5,non-ordered,True,True,,,,,,trivial,direct,15,5,VINEYARD,"[2, 3, 6, 13, 15]",0.0,1024,,7114,3,HOTEL PAPA FOXTROT,,,,0,True,True,True,1.0,"[{""name"": ""PELICAN"", ""kind"": ""load"", ""packet"": 2, ""rank"": 1, ""answer"": ""CLOUD"", ""reported"": true, ""response"": ""CLOUD"", ""correct"": true, ""correct_lenient"": true, ""answer_migrated"": false}, {""name"": ""DAFFODIL"", ""kind"": ""load"", ""packet"": 3, ""rank"": 2, ""answer"": ""GARLIC"", ""reported"": true, ""response"": ""GARLIC"", ""correct"": true, ""correct_lenient"": true, ""answer_migrated"": false}, {""name"": ""UKULELE"", ""kind"": ""load"", ""packet"": 6, ""rank"": 3, ""answer"": ""CYAN"", ""reported"": true, ""response"": ""CYAN"", ""correct"": true, ""correct_lenient"": true, ""answer_migrated"": false}, {""name"": ""VOLCANO"", ""kind"": ""load"", ""packet"": 13, ""rank"": 4, ""answer"": ""OWL"", ""reported"": true, ""response"": ""OWL"", ""correct"": true, ""correct_lenient"": true, ""answer_migrated"": false}, {""name"": ""VINEYARD"", ""kind"": ""passphrase"", ""packet"": 15, ""rank"": 5, ""answer"": ""HOTEL PAPA FOXTROT"", ""reported"": true, ""response"": ""HOTEL PAPA FOXTROT"", ""correct"": true, ""correct_lenient"": true, ""answer_migrated"": false}]",5,0,0.0,,,False,False,,,,,,"<Final_Answers>
- Task PELICAN: CLOUD
- Task DAFFODIL: GARLIC
- Task UKULELE: CYAN
- Task VOLCANO: OWL
- Task VINEYARD: HOTEL PAPA FOXTROT
",gemma3:12b,12.0,Gemma3,95.5
5,non-ordered,False,True,,,,,,semantic_4,direct,5,1,EMERALD,"[5, 8, 10, 11, 13]",0.0,1024,,135,3,VICTOR LIMA UNIFORM,,,,0,True,True,True,0.75,"[{""name"": ""EMERALD"", ""kind"": ""passphrase"", ""packet"": 5, ""rank"": 1, ""answer"": ""VICTOR LIMA UNIFORM"", ""reported"": true, ""response"": ""VICTOR LIMA UNIFORM"", ""correct"": true, ""correct_lenient"": true, ""answer_migrated"": false}, {""name"": ""JIGSAW"", ""kind"": ""load"", ""packet"": 8, ""rank"": 2, ""answer"": ""VALID"", ""reported"": true, ""response"": ""VALID"", ""correct"": true, ""correct_lenient"": true, ""answer_migrated"": false}, {""name"": ""PYRAMID"", ""kind"": ""load"", ""packet"": 10, ""rank"": 3, ""answer"": ""VALID"", ""reported"": true, ""response"": ""VALID"", ""correct"": true, ""correct_lenient"": true, ""answer_migrated"": false}, {""name"": ""WALNUT"", ""kind"": ""load"", ""packet"": 11, ""rank"": 4, ""answer"": ""VALID"", ""reported"": true, ""response"": ""INVALID"", ""correct"": false, ""correct_lenient"": false, ""answer_migrated"": true}, {""name"": ""RASPBERRY"", ""kind"": ""load"", ""packet"": 13, ""rank"": 5, ""answer"": ""INVALID"", ""reported"": true, ""response"": ""INVALID"", ""correct"": true, ""correct_lenient"": true, ""answer_migrated"": false}]",5,0,0.2,,,False,False,,,,,,"<Final_Answers>
- Task EMERALD: VICTOR LIMA UNIFORM
- Task JIGSAW: VALID
- Task PYRAMID: VALID
- Task WALNUT: INVALID
- Task RASPBERRY: INVALID
",gemma3:12b,12.0,Gemma3,95.5
5,non-ordered,False,True,,,,,,semantic_4,direct,10,4,GONDOLA,"[4, 5, 9, 10, 15]",0.0,1024,,1135,3,ROMEO OSCAR ECHO,,,,0,True,True,True,0.5,"[{""name"": ""OBELISK"", ""kind"": ""load"", ""packet"": 4, ""rank"": 1, ""answer"": ""VALID"", ""reported"": true, ""response"": ""VALID"", ""correct"": true, ""correct_lenient"": true, ""answer_migrated"": false}, {""name"": ""METRONOME"", ""kind"": ""load"", ""packet"": 5, ""rank"": 2, ""answer"": ""VALID"", ""reported"": true, ""response"": ""INVALID"", ""correct"": false, ""correct_lenient"": false, ""answer_migrated"": true}, {""name"": ""PYRAMID"", ""kind"": ""load"", ""packet"": 9, ""rank"": 3, ""answer"": ""VALID"", ""reported"": true, ""response"": ""VALID"", ""correct"": true, ""correct_lenient"": true, ""answer_migrated"": false}, {""name"": ""GONDOLA"", ""kind"": ""passphrase"", ""packet"": 10, ""rank"": 4, ""answer"": ""ROMEO OSCAR ECHO"", ""reported"": true, ""response"": ""ROMEO OSCAR ECHO"", ""correct"": true, ""correct_lenient"": true, ""answer_migrated"": false}, {""name"": ""VOLCANO"", ""kind"": ""load"", ""packet"": 15, ""rank"": 5, ""answer"": ""INVALID"", ""reported"": true, ""response"": ""VALID"", ""correct"": false, ""correct_lenient"": false, ""answer_migrated"": true}]",5,0,0.4,,,False,False,,,,,,"<Final_Answers>
- Task OBELISK: VALID
- Task METRONOME: INVALID
- Task PYRAMID: VALID
- Task GONDOLA: ROMEO OSCAR ECHO
- Task VOLCANO: VALID
",gemma3:12b,12.0,Gemma3,95.5
5,non-ordered,False,True,,,,,,semantic_4,direct,13,3,GARGOYLE,"[3, 10, 13, 14, 15]",0.0,1024,,2135,3,TANGO ALPHA YANKEE,,,,0,True,True,True,0.25,"[{""name"": ""SCARECROW"", ""kind"": ""load"", ""packet"": 3, ""rank"": 1, ""answer"": ""R"", ""reported"": true, ""response"": ""W"", ""correct"": false, ""correct_lenient"": false, ""answer_migrated"": true}, {""name"": ""KETTLE"", ""kind"": ""load"", ""packet"": 10, ""rank"": 2, ""answer"": ""INVALID"", ""reported"": true, ""response"": ""INVALID"", ""correct"": true, ""correct_lenient"": true, ""answer_migrated"": false}, {""name"": ""GARGOYLE"", ""kind"": ""passphrase"", ""packet"": 13, ""rank"": 3, ""answer"": ""TANGO ALPHA YANKEE"", ""reported"": true, ""response"": ""TANGO ALPHA YANKEE"", ""correct"": true, ""correct_lenient"": true, ""answer_migrated"": false}, {""name"": ""HEDGEHOG"", ""kind"": ""load"", ""packet"": 14, ""rank"": 4, ""answer"": ""W"", ""reported"": true, ""response"": ""U"", ""correct"": false, ""correct_lenient"": false, ""answer_migrated"": false}, {""name"": ""QUILT"", ""kind"": ""load"", ""packet"": 15, ""rank"": 5, ""answer"": ""INVALID"", ""reported"": true, ""response"": ""VALID"", ""correct"": false, ""correct_lenient"": false, ""answer_migrated"": false}]",5,0,0.2,,,False,False,,,,,,"<Final_Answers>
- Task SCARECROW: W
- Task KETTLE: INVALID
- Task GARGOYLE: TANGO ALPHA YANKEE
- Task HEDGEHOG: U
- Task QUILT: VALID
",gemma3:12b,12.0,Gemma3,95.5
5,non-ordered,False,True,,,,,,semantic_4,direct,10,4,PLATYPUS,"[7, 8, 9, 10, 15]",0.0,1024,,3135,3,NOVEMBER SIERRA ROMEO,,,,0,True,True,True,0.25,"[{""name"": ""OBELISK"", ""kind"": ""load"", ""packet"": 7, ""rank"": 1, ""answer"": ""INVALID"", ""reported"": true, ""response"": ""VALID"", ""correct"": false, ""correct_lenient"": false, ""answer_migrated"": true}, {""name"": ""WALNUT"", ""kind"": ""load"", ""packet"": 8, ""rank"": 2, ""answer"": ""INVALID"", ""reported"": true, ""response"": ""INVALID"", ""correct"": true, ""correct_lenient"": true, ""answer_migrated"": false}, {""name"": ""CACTUS"", ""kind"": ""load"", ""packet"": 9, ""rank"": 3, ""answer"": ""VALID"", ""reported"": true, ""response"": ""INVALID"", ""correct"": false, ""correct_lenient"": false, ""answer_migrated"": true}, {""name"": ""PLATYPUS"", ""kind"": ""passphrase"", ""packet"": 10, ""rank"": 4, ""answer"": ""NOVEMBER SIERRA ROMEO"", ""reported"": true, ""response"": ""NOVEMBER SIERRA ROMEO"", ""correct"": true, ""correct_lenient"": true, ""answer_migrated"": false}, {""name"": ""HAMMOCK"", ""kind"": ""load"", ""packet"": 15, ""rank"": 5, ""answer"": ""INVALID"", ""reported"": true, ""response"": ""VALID"", ""correct"": false, ""correct_lenient"": false, ""answer_migrated"": true}]",5,0,0.6,,,False,False,,,,,,"<Final_Answers>
- Task OBELISK: VALID
- Task WALNUT: INVALID
- Task CACTUS: INVALID
- Task PLATYPUS: NOVEMBER SIERRA ROMEO
- Task HAMMOCK: VALID
",gemma3:12b,12.0,Gemma3,95.5
5,non-ordered,False,True,,,,,,semantic_4,direct,8,4,URCHIN,"[1, 3, 6, 8, 11]",0.0,1024,,4135,3,INDIA WHISKEY VICTOR,,,,0,True,True,True,0.75,"[{""name"": ""QUILT"", ""kind"": ""load"", ""packet"": 1, ""rank"": 1, ""answer"": ""YES"", ""reported"": true, ""response"": ""YES"", ""correct"": true, ""correct_lenient"": true, ""answer_migrated"": false}, {""name"": ""VOLCANO"", ""kind"": ""load"", ""packet"": 3, ""rank"": 2, ""answer"": ""INVALID"", ""reported"": true, ""response"": ""VALID"", ""correct"": false, ""correct_lenient"": false, ""answer_migrated"": false}, {""name"": ""TROMBONE"", ""kind"": ""load"", ""packet"": 6, ""rank"": 3, ""answer"": ""YES"", ""reported"": true, ""response"": ""YES"", ""correct"": true, ""correct_lenient"": true, ""answer_migrated"": false}, {""name"": ""URCHIN"", ""kind"": ""passphrase"", ""packet"": 8, ""rank"": 4, ""answer"": ""INDIA WHISKEY VICTOR"", ""reported"": true, ""response"": ""INDIA WHISKEY VICTOR"", ""correct"": true, ""correct_lenient"": true, ""answer_migrated"": false}, {""name"": ""ORIGAMI"", ""kind"": ""load"", ""packet"": 11, ""rank"": 5, ""answer"": ""INVALID"", ""reported"": true, ""response"": ""INVALID"", ""correct"": true, ""correct_lenient"": true, ""answer_migrated"": false}]",5,0,0.0,,,False,False,,,,,,"<Final_Answers>
- Task QUILT: YES
- Task VOLCANO: VALID
- Task TROMBONE: YES
- Task URCHIN: INDIA WHISKEY VICTOR
- Task ORIGAMI: INVALID
",gemma3:12b,12.0,Gemma3,95.5
5,non-ordered,False,True,,,,,,semantic_4,direct,5,4,TAPESTRY,"[1, 2, 3, 5, 13]",0.0,1024,,5135,3,INDIA HOTEL QUEBEC,,,,0,True,True,True,1.0,"[{""name"": ""FLAMINGO"", ""kind"": ""load"", ""packet"": 1, ""rank"": 1, ""answer"": ""YES"", ""reported"": true, ""response"": ""YES"", ""correct"": true, ""correct_lenient"": true, ""answer_migrated"": false}, {""name"": ""DANDELION"", ""kind"": ""load"", ""packet"": 2, ""rank"": 2, ""answer"": ""P"", ""reported"": true, ""response"": ""P"", ""correct"": true, ""correct_lenient"": true, ""answer_migrated"": false}, {""name"": ""YOGURT"", ""kind"": ""load"", ""packet"": 3, ""rank"": 3, ""answer"": ""VALID"", ""reported"": true, ""response"": ""VALID"", ""correct"": true, ""correct_lenient"": true, ""answer_migrated"": false}, {""name"": ""TAPESTRY"", ""kind"": ""passphrase"", ""packet"": 5, ""rank"": 4, ""answer"": ""INDIA HOTEL QUEBEC"", ""reported"": true, ""response"": ""INDIA HOTEL QUEBEC"", ""correct"": true, ""correct_lenient"": true, ""answer_migrated"": false}, {""name"": ""WALNUT"", ""kind"": ""load"", ""packet"": 13, ""rank"": 5, ""answer"": ""YES"", ""reported"": true, ""response"": ""YES"", ""correct"": true, ""correct_lenient"": true, ""answer_migrated"": false}]",5,0,0.0,,,False,False,,,,,,"<Final_Answers>
- Task FLAMINGO: YES
- Task DANDELION: P
- Task YOGURT: VALID
- Task TAPESTRY: INDIA HOTEL QUEBEC
- Task WALNUT: YES
",gemma3:12b,12.0,Gemma3,95.5
5,non-ordered,False,True,,,,,,semantic_4,direct,8,2,OBELISK,"[2, 8, 10, 14, 15]",0.0,1024,,6135,3,ALPHA CHARLIE BRAVO,,,,0,True,True,True,0.0,"[{""name"": ""MONGOOSE"", ""kind"": ""load"", ""packet"": 2, ""rank"": 1, ""answer"": ""R"", ""reported"": true, ""response"": ""W"", ""correct"": false, ""correct_lenient"": false, ""answer_migrated"": false}, {""name"": ""OBELISK"", ""kind"": ""passphrase"", ""packet"": 8, ""rank"": 2, ""answer"": ""ALPHA CHARLIE BRAVO"", ""reported"": true, ""response"": ""ALPHA CHARLIE BRAVO"", ""correct"": true, ""correct_lenient"": true, ""answer_migrated"": false}, {""name"": ""XYLOPHONE"", ""kind"": ""load"", ""packet"": 10, ""rank"": 3, ""answer"": ""INVALID"", ""reported"": true, ""response"": ""VALID"", ""correct"": false, ""correct_lenient"": false, ""answer_migrated"": false}, {""name"": ""KAYAK"", ""kind"": ""load"", ""packet"": 14, ""rank"": 4, ""answer"": ""INVALID"", ""reported"": true, ""response"": ""VALID"", ""correct"": false, ""correct_lenient"": false, ""answer_migrated"": false}, {""name"": ""PORCUPINE"", ""kind"": ""load"", ""packet"": 15, ""rank"": 5, ""answer"": ""INVALID"", ""reported"": true, ""response"": ""VALID"", ""correct"": false, ""correct_lenient"": false, ""answer_migrated"": false}]",5,0,0.0,,,False,False,,,,,,"<Final_Answers>
- Task MONGOOSE: W
- Task OBELISK: ALPHA CHARLIE BRAVO
- Task XYLOPHONE: VALID
- Task KAYAK: VALID
- Task PORCUPINE: VALID
",gemma3:12b,12.0,Gemma3,95.5
5,non-ordered,False,True,,,,,,semantic_4,direct,8,4,METRONOME,"[1, 5, 7, 8, 11]",0.0,1024,,7135,3,XRAY KILO FOXTROT,,,,0,True,True,True,0.25,"[{""name"": ""MARBLE"", ""kind"": ""load"", ""packet"": 1, ""rank"": 1, ""answer"": ""INVALID"", ""reported"": true, ""response"": ""INVALID"", ""correct"": true, ""correct_lenient"": true, ""answer_migrated"": false}, {""name"": ""VOLCANO"", ""kind"": ""load"", ""packet"": 5, ""rank"": 2, ""answer"": ""INVALID"", ""reported"": true, ""response"": ""VALID"", ""correct"": false, ""correct_lenient"": false, ""answer_migrated"": false}, {""name"": ""KAYAK"", ""kind"": ""load"", ""packet"": 7, ""rank"": 3, ""answer"": ""INVALID"", ""reported"": true, ""response"": ""VALID"", ""correct"": false, ""correct_lenient"": false, ""answer_migrated"": false}, {""name"": ""METRONOME"", ""kind"": ""passphrase"", ""packet"": 8, ""rank"": 4, ""answer"": ""XRAY KILO FOXTROT"", ""reported"": true, ""response"": ""XRAY KILO FOXTROT"", ""correct"": true, ""correct_lenient"": true, ""answer_migrated"": false}, {""name"": ""JIGSAW"", ""kind"": ""load"", ""packet"": 11, ""rank"": 5, ""answer"": ""R"", ""reported"": true, ""response"": ""W"", ""correct"": false, ""correct_lenient"": false, ""answer_migrated"": false}]",5,0,0.0,,,False,False,,,,,,"<Final_Answers>
- Task MARBLE: INVALID
- Task VOLCANO: VALID
- Task KAYAK: VALID
- Task METRONOME: XRAY KILO FOXTROT
- Task JIGSAW: W
",gemma3:12b,12.0,Gemma3,95.5
5,non-ordered,True,True,,,,,,semantic_4,direct,13,5,PYRAMID,"[5, 8, 10, 11, 13]",0.0,1024,,135,3,VICTOR LIMA UNIFORM,,,,0,True,True,True,0.75,"[{""name"": ""MONGOOSE"", ""kind"": ""load"", ""packet"": 5, ""rank"": 1, ""answer"": ""VALID"", ""reported"": true, ""response"": ""INVALID"", ""correct"": false, ""correct_lenient"": false, ""answer_migrated"": false}, {""name"": ""NUTMEG"", ""kind"": ""load"", ""packet"": 8, ""rank"": 2, ""answer"": ""VALID"", ""reported"": true, ""response"": ""VALID"", ""correct"": true, ""correct_lenient"": true, ""answer_migrated"": false}, {""name"": ""EMERALD"", ""kind"": ""load"", ""packet"": 10, ""rank"": 3, ""answer"": ""VALID"", ""reported"": true, ""response"": ""VALID"", ""correct"": true, ""correct_lenient"": true, ""answer_migrated"": false}, {""name"": ""JIGSAW"", ""kind"": ""load"", ""packet"": 11, ""rank"": 4, ""answer"": ""VALID"", ""reported"": true, ""response"": ""VALID"", ""correct"": true, ""correct_lenient"": true, ""answer_migrated"": false}, {""name"": ""PYRAMID"", ""kind"": ""passphrase"", ""packet"": 13, ""rank"": 5, ""answer"": ""VICTOR LIMA UNIFORM"", ""reported"": true, ""response"": ""VICTOR LIMA UNIFORM"", ""correct"": true, ""correct_lenient"": true, ""answer_migrated"": false}]",5,0,0.0,,,False,False,,,,,,"<Final_Answers>
- Task MONGOOSE: INVALID
- Task NUTMEG: VALID
- Task EMERALD: VALID
- Task JIGSAW: VALID
- Task PYRAMID: VICTOR LIMA UNIFORM
",gemma3:12b,12.0,Gemma3,95.5
5,non-ordered,True,True,,,,,,semantic_4,direct,15,5,GONDOLA,"[4, 5, 9, 10, 15]",0.0,1024,,1135,3,ROMEO OSCAR ECHO,,,,0,True,True,True,0.5,"[{""name"": ""ICEBERG"", ""kind"": ""load"", ""packet"": 4, ""rank"": 1, ""answer"": ""INVALID"", ""reported"": true, ""response"": ""VALID"", ""correct"": false, ""correct_lenient"": false, ""answer_migrated"": true}, {""name"": ""OBELISK"", ""kind"": ""load"", ""packet"": 5, ""rank"": 2, ""answer"": ""VALID"", ""reported"": true, ""response"": ""VALID"", ""correct"": true, ""correct_lenient"": true, ""answer_migrated"": false}, {""name"": ""METRONOME"", ""kind"": ""load"", ""packet"": 9, ""rank"": 3, ""answer"": ""VALID"", ""reported"": true, ""response"": ""INVALID"", ""correct"": false, ""correct_lenient"": false, ""answer_migrated"": true}, {""name"": ""PYRAMID"", ""kind"": ""load"", ""packet"": 10, ""rank"": 4, ""answer"": ""VALID"", ""reported"": true, ""response"": ""VALID"", ""correct"": true, ""correct_lenient"": true, ""answer_migrated"": false}, {""name"": ""GONDOLA"", ""kind"": ""passphrase"", ""packet"": 15, ""rank"": 5, ""answer"": ""ROMEO OSCAR ECHO"", ""reported"": true, ""response"": ""ROMEO OSCAR ECHO"", ""correct"": true, ""correct_lenient"": true, ""answer_migrated"": false}]",5,0,0.4,,,False,False,,,,,,"<Final_Answers>
- Task ICEBERG: VALID
- Task OBELISK: VALID
- Task METRONOME: INVALID
- Task PYRAMID: VALID
- Task GONDOLA: ROMEO OSCAR ECHO
",gemma3:12b,12.0,Gemma3,95.5
5,non-ordered,True,True,,,,,,semantic_4,direct,15,5,HEDGEHOG,"[3, 10, 13, 14, 15]",0.0,1024,,2135,3,TANGO ALPHA YANKEE,,,,0,True,True,True,0.25,"[{""name"": ""HAMMOCK"", ""kind"": ""load"", ""packet"": 3, ""rank"": 1, ""answer"": ""VALID"", ""reported"": true, ""response"": ""INVALID"", ""correct"": false, ""correct_lenient"": false, ""answer_migrated"": true}, {""name"": ""SCARECROW"", ""kind"": ""load"", ""packet"": 10, ""rank"": 2, ""answer"": ""R"", ""reported"": true, ""response"": ""V"", ""correct"": false, ""correct_lenient"": false, ""answer_migrated"": false}, {""name"": ""KETTLE"", ""kind"": ""load"", ""packet"": 13, ""rank"": 3, ""answer"": ""INVALID"", ""reported"": true, ""response"": ""INVALID"", ""correct"": true, ""correct_lenient"": true, ""answer_migrated"": false}, {""name"": ""GARGOYLE"", ""kind"": ""load"", ""packet"": 14, ""rank"": 4, ""answer"": ""W"", ""reported"": true, ""response"": ""Q"", ""correct"": false, ""correct_lenient"": false, ""answer_migrated"": false}, {""name"": ""HEDGEHOG"", ""kind"": ""passphrase"", ""packet"": 15, ""rank"": 5, ""answer"": ""TANGO ALPHA YANKEE"", ""reported"": true, ""response"": ""TANGO ALPHA YANKEE"", ""correct"": true, ""correct_lenient"": true, ""answer_migrated"": false}]",5,0,0.2,,,False,False,,,,,,"<Final_Answers>
- Task HAMMOCK: INVALID
- Task SCARECROW: V
- Task KETTLE: INVALID
- Task GARGOYLE: Q
- Task HEDGEHOG: TANGO ALPHA YANKEE
",gemma3:12b,12.0,Gemma3,95.5
5,non-ordered,True,True,,,,,,semantic_4,direct,15,5,PLATYPUS,"[7, 8, 9, 10, 15]",0.0,1024,,3135,3,NOVEMBER SIERRA ROMEO,,,,0,True,True,True,0.25,"[{""name"": ""WOMBAT"", ""kind"": ""load"", ""packet"": 7, ""rank"": 1, ""answer"": ""INVALID"", ""reported"": true, ""response"": ""VALID"", ""correct"": false, ""correct_lenient"": false, ""answer_migrated"": true}, {""name"": ""OBELISK"", ""kind"": ""load"", ""packet"": 8, ""rank"": 2, ""answer"": ""INVALID"", ""reported"": true, ""response"": ""INVALID"", ""correct"": true, ""correct_lenient"": true, ""answer_migrated"": false}, {""name"": ""WALNUT"", ""kind"": ""load"", ""packet"": 9, ""rank"": 3, ""answer"": ""INVALID"", ""reported"": true, ""response"": ""VALID"", ""correct"": false, ""correct_lenient"": false, ""answer_migrated"": true}, {""name"": ""CACTUS"", ""kind"": ""load"", ""packet"": 10, ""rank"": 4, ""answer"": ""VALID"", ""reported"": true, ""response"": ""INVALID"", ""correct"": false, ""correct_lenient"": false, ""answer_migrated"": true}, {""name"": ""PLATYPUS"", ""kind"": ""passphrase"", ""packet"": 15, ""rank"": 5, ""answer"": ""NOVEMBER SIERRA ROMEO"", ""reported"": true, ""response"": ""NOVEMBER SIERRA ROMEO"", ""correct"": true, ""correct_lenient"": true, ""answer_migrated"": false}]",5,0,0.6,,,False,False,,,,,,"<Final_Answers>
- Task WOMBAT: VALID
- Task OBELISK: INVALID
- Task WALNUT: VALID
- Task CACTUS: INVALID
- Task PLATYPUS: NOVEMBER SIERRA ROMEO
",gemma3:12b,12.0,Gemma3,95.5
5,non-ordered,True,True,,,,,,semantic_4,direct,11,5,URCHIN,"[1, 3, 6, 8, 11]",0.0,1024,,4135,3,INDIA WHISKEY VICTOR,,,,0,True,True,True,0.75,"[{""name"": ""ICEBERG"", ""kind"": ""load"", ""packet"": 1, ""rank"": 1, ""answer"": ""INVALID"", ""reported"": true, ""response"": ""INVALID"", ""correct"": true, ""correct_lenient"": true, ""answer_migrated"": false}, {""name"": ""QUILT"", ""kind"": ""load"", ""packet"": 3, ""rank"": 2, ""answer"": ""YES"", ""reported"": true, ""response"": ""YES"", ""correct"": true, ""correct_lenient"": true, ""answer_migrated"": false}, {""name"": ""VOLCANO"", ""kind"": ""load"", ""packet"": 6, ""rank"": 3, ""answer"": ""INVALID"", ""reported"": true, ""response"": ""VALID"", ""correct"": false, ""correct_lenient"": false, ""answer_migrated"": false}, {""name"": ""TROMBONE"", ""kind"": ""load"", ""packet"": 8, ""rank"": 4, ""answer"": ""YES"", ""reported"": true, ""response"": ""YES"", ""correct"": true, ""correct_lenient"": true, ""answer_migrated"": false}, {""name"": ""URCHIN"", ""kind"": ""passphrase"", ""packet"": 11, ""rank"": 5, ""answer"": ""INDIA WHISKEY VICTOR"", ""reported"": true, ""response"": ""INDIA WHISKEY VICTOR"", ""correct"": true, ""correct_lenient"": true, ""answer_migrated"": false}]",5,0,0.0,,,False,False,,,,,,"<Final_Answers>
- Task ICEBERG: INVALID
- Task QUILT: YES
- Task VOLCANO: VALID
- Task TROMBONE: YES
- Task URCHIN: INDIA WHISKEY VICTOR
",gemma3:12b,12.0,Gemma3,95.5
5,non-ordered,True,True,,,,,,semantic_4,direct,13,5,TAPESTRY,"[1, 2, 3, 5, 13]",0.0,1024,,5135,3,INDIA HOTEL QUEBEC,,,,0,True,True,True,0.75,"[{""name"": ""EMERALD"", ""kind"": ""load"", ""packet"": 1, ""rank"": 1, ""answer"": ""VALID"", ""reported"": true, ""response"": ""INVALID"", ""correct"": false, ""correct_lenient"": false, ""answer_migrated"": false}, {""name"": ""FLAMINGO"", ""kind"": ""load"", ""packet"": 2, ""rank"": 2, ""answer"": ""YES"", ""reported"": true, ""response"": ""YES"", ""correct"": true, ""correct_lenient"": true, ""answer_migrated"": false}, {""name"": ""DANDELION"", ""kind"": ""load"", ""packet"": 3, ""rank"": 3, ""answer"": ""P"", ""reported"": true, ""response"": ""P"", ""correct"": true, ""correct_lenient"": true, ""answer_migrated"": false}, {""name"": ""YOGURT"", ""kind"": ""load"", ""packet"": 5, ""rank"": 4, ""answer"": ""VALID"", ""reported"": true, ""response"": ""VALID"", ""correct"": true, ""correct_lenient"": true, ""answer_migrated"": false}, {""name"": ""TAPESTRY"", ""kind"": ""passphrase"", ""packet"": 13, ""rank"": 5, ""answer"": ""INDIA HOTEL QUEBEC"", ""reported"": true, ""response"": ""INDIA HOTEL QUEBEC"", ""correct"": true, ""correct_lenient"": true, ""answer_migrated"": false}]",5,0,0.0,,,False,False,,,,,,"<Final_Answers>
- Task EMERALD: INVALID
- Task FLAMINGO: YES
- Task DANDELION: P
- Task YOGURT: VALID
- Task TAPESTRY: INDIA HOTEL QUEBEC
",gemma3:12b,12.0,Gemma3,95.5
5,non-ordered,True,True,,,,,,semantic_4,direct,15,5,KAYAK,"[2, 8, 10, 14, 15]",0.0,1024,,6135,3,ALPHA CHARLIE BRAVO,,,,0,True,True,True,0.25,"[{""name"": ""CARNIVAL"", ""kind"": ""load"", ""packet"": 2, ""rank"": 1, ""answer"": ""YES"", ""reported"": true, ""response"": ""YES"", ""correct"": true, ""correct_lenient"": true, ""answer_migrated"": false}, {""name"": ""MONGOOSE"", ""kind"": ""load"", ""packet"": 8, ""rank"": 2, ""answer"": ""R"", ""reported"": true, ""response"": ""V"", ""correct"": false, ""correct_lenient"": false, ""answer_migrated"": false}, {""name"": ""OBELISK"", ""kind"": ""load"", ""packet"": 10, ""rank"": 3, ""answer"": ""INVALID"", ""reported"": true, ""response"": ""VALID"", ""correct"": false, ""correct_lenient"": false, ""answer_migrated"": false}, {""name"": ""XYLOPHONE"", ""kind"": ""load"", ""packet"": 14, ""rank"": 4, ""answer"": ""INVALID"", ""reported"": true, ""response"": ""VALID"", ""correct"": false, ""correct_lenient"": false, ""answer_migrated"": false}, {""name"": ""KAYAK"", ""kind"": ""passphrase"", ""packet"": 15, ""rank"": 5, ""answer"": ""ALPHA CHARLIE BRAVO"", ""reported"": true, ""response"": ""ALPHA CHARLIE BRAVO"", ""correct"": true, ""correct_lenient"": true, ""answer_migrated"": false}]",5,0,0.0,,,False,False,,,,,,"<Final_Answers>
- Task CARNIVAL: YES
- Task MONGOOSE: V
- Task OBELISK: VALID
- Task XYLOPHONE: VALID
- Task KAYAK: ALPHA CHARLIE BRAVO
",gemma3:12b,12.0,Gemma3,95.5
5,non-ordered,True,True,,,,,,semantic_4,direct,11,5,METRONOME,"[1, 5, 7, 8, 11]",0.0,1024,,7135,3,XRAY KILO FOXTROT,,,,0,True,True,True,0.0,"[{""name"": ""DUMPLING"", ""kind"": ""load"", ""packet"": 1, ""rank"": 1, ""answer"": ""VALID"", ""reported"": true, ""response"": ""INVALID"", ""correct"": false, ""correct_lenient"": false, ""answer_migrated"": true}, {""name"": ""MARBLE"", ""kind"": ""load"", ""packet"": 5, ""rank"": 2, ""answer"": ""INVALID"", ""reported"": true, ""response"": ""VALID"", ""correct"": false, ""correct_lenient"": false, ""answer_migrated"": true}, {""name"": ""VOLCANO"", ""kind"": ""load"", ""packet"": 7, ""rank"": 3, ""answer"": ""INVALID"", ""reported"": true, ""response"": ""VALID"", ""correct"": false, ""correct_lenient"": false, ""answer_migrated"": true}, {""name"": ""KAYAK"", ""kind"": ""load"", ""packet"": 8, ""rank"": 4, ""answer"": ""INVALID"", ""reported"": true, ""response"": ""VALID"", ""correct"": false, ""correct_lenient"": false, ""answer_migrated"": true}, {""name"": ""METRONOME"", ""kind"": ""passphrase"", ""packet"": 11, ""rank"": 5, ""answer"": ""XRAY KILO FOXTROT"", ""reported"": true, ""response"": ""XRAY KILO FOXTROT"", ""correct"": true, ""correct_lenient"": true, ""answer_migrated"": false}]",5,0,0.8,,,False,False,,,,,,"<Final_Answers>
- Task DUMPLING: INVALID
- Task MARBLE: VALID
- Task VOLCANO: VALID
- Task KAYAK: VALID
- Task METRONOME: XRAY KILO FOXTROT
",gemma3:12b,12.0,Gemma3,95.5
