n_tasks,naming,passphrase_last,anti_enumeration,finite_budget,lag,mask,n_pre,n_post,t1_load,regime,t2_abs_index,t2_rank,t2_task_name,task_positions,temperature,max_new_tokens,answer_budget,seed,t2_words,t2_phrase,t2_total_logprob,t2_mean_logprob,t2_joint_prob,t2_n_tokens,report_correct,report_contains,phrase_anywhere,t1_correct,tasks,n_tasks_reported,n_hallucinated_tasks,answer_migration,cot_tokens_used,cot_forced_closed,output_truncated,t2_slot_missing,thinking_is_placeholder,t2_echoed_in_cot,n_packets_in_cot,n_filler_packets_in_cot,enumerated_fillers_in_cot,raw_output,model,params_b,family,natural_cot_median
3,non-ordered,False,True,1024.0,,,,,trivial,cot,3,1,PLATYPUS,"[3, 11, 15]",0.0,1024,512.0,88,3,MIKE GOLF KILO,,,,0,True,True,True,1.0,"[{""name"": ""PLATYPUS"", ""kind"": ""passphrase"", ""packet"": 3, ""rank"": 1, ""answer"": ""MIKE GOLF KILO"", ""reported"": true, ""response"": ""MIKE GOLF KILO"", ""correct"": true, ""correct_lenient"": true, ""answer_migrated"": false}, {""name"": ""URCHIN"", ""kind"": ""load"", ""packet"": 11, ""rank"": 2, ""answer"": ""RED"", ""reported"": true, ""response"": ""RED"", ""correct"": true, ""correct_lenient"": true, ""answer_migrated"": false}, {""name"": ""LULLABY"", ""kind"": ""load"", ""packet"": 15, ""rank"": 3, ""answer"": ""EAGLE"", ""reported"": true, ""response"": ""EAGLE"", ""correct"": true, ""correct_lenient"": true, ""answer_migrated"": false}]",3,0,0.0,78.0,False,False,False,False,True,3.0,0.0,False,"<Thinking>
Packet 03 is Task PLATYPUS: I must copy the three words MIKE GOLF KILO. Packet 11 is Task URCHIN: this task is trivial and reports the word RED as its result. Packet 15 is Task LULLABY: this task is also trivial and reports the word EAGLE as its result.
</Thinking> 

<Final_Answers>
- Task PLATYPUS: MIKE GOLF KILO
- Task URCHIN: RED
- Task LULLABY: EAGLE
</Final_Answers>",qwen2.5:7b,7.0,Qwen2.5,97.0
3,non-ordered,False,True,1024.0,,,,,trivial,cot,6,1,NARWHAL,"[6, 7, 8]",0.0,1024,512.0,1088,3,ROMEO VICTOR QUEBEC,,,,0,True,True,True,1.0,"[{""name"": ""NARWHAL"", ""kind"": ""passphrase"", ""packet"": 6, ""rank"": 1, ""answer"": ""ROMEO VICTOR QUEBEC"", ""reported"": true, ""response"": ""ROMEO VICTOR QUEBEC"", ""correct"": true, ""correct_lenient"": true, ""answer_migrated"": false}, {""name"": ""FLAMINGO"", ""kind"": ""load"", ""packet"": 7, ""rank"": 2, ""answer"": ""HAWK"", ""reported"": true, ""response"": ""HAWK"", ""correct"": true, ""correct_lenient"": true, ""answer_migrated"": false}, {""name"": ""HEDGEHOG"", ""kind"": ""load"", ""packet"": 8, ""rank"": 3, ""answer"": ""OCEAN"", ""reported"": true, ""response"": ""OCEAN"", ""correct"": true, ""correct_lenient"": true, ""answer_migrated"": false}]",3,0,0.0,88.0,False,False,False,False,True,3.0,0.0,False,"<Thinking>
Packet 06 is Task NARWHAL: I must copy the three words ROMEO VICTOR QUEBEC. Packet 07 is Task FLAMINGO: The task is to report the word HAWK as the result. Packet 08 is Task HEDGEHOG: The task is to report the word OCEAN as the result.

I found 3 tasks in this stream.
</Thinking> 

<Final_Answers>
- Task NARWHAL: ROMEO VICTOR QUEBEC
- Task FLAMINGO: HAWK
- Task HEDGEHOG: OCEAN
</Final_Answers>",qwen2.5:7b,7.0,Qwen2.5,97.0
3,non-ordered,False,True,1024.0,,,,,trivial,cot,4,1,UNICYCLE,"[4, 7, 13]",0.0,1024,512.0,2088,3,SIERRA PAPA XRAY,,,,0,True,True,True,0.5,"[{""name"": ""UNICYCLE"", ""kind"": ""passphrase"", ""packet"": 4, ""rank"": 1, ""answer"": ""SIERRA PAPA XRAY"", ""reported"": true, ""response"": ""SIERRA PAPA XRAY"", ""correct"": true, ""correct_lenient"": true, ""answer_migrated"": false}, {""name"": ""CHIMNEY"", ""kind"": ""load"", ""packet"": 7, ""rank"": 2, ""answer"": ""SALMON"", ""reported"": true, ""response"": ""SALMON"", ""correct"": true, ""correct_lenient"": true, ""answer_migrated"": false}, {""name"": ""URCHIN"", ""kind"": ""load"", ""packet"": 13, ""rank"": 3, ""answer"": ""SALT"", ""reported"": true, ""response"": ""SALT</Thinking></Final_Answers>"", ""correct"": false, ""correct_lenient"": true, ""answer_migrated"": false}]",3,0,0.0,108.0,False,False,False,False,True,3.0,0.0,False,"<Thinking>
Packet 04 is Task UNICYCLE: I must copy the three words SIERRA PAPA XRAY. Packet 07 is Task CHIMNEY: The result of this task is SALMON. Packet 13 is Task URCHIN: The result of this task is SALT.
I found 3 tasks in this stream.

<Final_Answers>
- Task UNICYCLE: SIERRA PAPA XRAY
- Task CHIMNEY: SALMON
- Task URCHIN: SALT</Thinking></Final_Answers>",qwen2.5:7b,7.0,Qwen2.5,97.0
3,non-ordered,False,True,1024.0,,,,,trivial,cot,9,2,TULIP,"[2, 9, 12]",0.0,1024,512.0,3088,3,PAPA INDIA VICTOR,,,,0,True,True,True,1.0,"[{""name"": ""WALNUT"", ""kind"": ""load"", ""packet"": 2, ""rank"": 1, ""answer"": ""SUGAR"", ""reported"": true, ""response"": ""SUGAR"", ""correct"": true, ""correct_lenient"": true, ""answer_migrated"": false}, {""name"": ""TULIP"", ""kind"": ""passphrase"", ""packet"": 9, ""rank"": 2, ""answer"": ""PAPA INDIA VICTOR"", ""reported"": true, ""response"": ""PAPA INDIA VICTOR"", ""correct"": true, ""correct_lenient"": true, ""answer_migrated"": false}, {""name"": ""LOBSTER"", ""kind"": ""load"", ""packet"": 12, ""rank"": 3, ""answer"": ""CHAIR"", ""reported"": true, ""response"": ""CHAIR"", ""correct"": true, ""correct_lenient"": true, ""answer_migrated"": false}]",3,0,0.0,62.0,False,False,False,False,True,3.0,0.0,False,"<Thinking>
Packet 02 is Task WALNUT: report SUGAR as the result. Packet 09 is Task TULIP: I must copy the three words PAPA INDIA VICTOR. Packet 12 is Task LOBSTER: report CHAIR as the result.
</Thinking> 

<Final_Answers>
- Task WALNUT: SUGAR
- Task TULIP: PAPA INDIA VICTOR
- Task LOBSTER: CHAIR
</Final_Answers>",qwen2.5:7b,7.0,Qwen2.5,97.0
3,non-ordered,False,True,1024.0,,,,,trivial,cot,13,3,LULLABY,"[2, 11, 13]",0.0,1024,512.0,4088,3,ALPHA HOTEL INDIA,,,,0,True,True,True,1.0,"[{""name"": ""DOLPHIN"", ""kind"": ""load"", ""packet"": 2, ""rank"": 1, ""answer"": ""BRANCH"", ""reported"": true, ""response"": ""BRANCH"", ""correct"": true, ""correct_lenient"": true, ""answer_migrated"": false}, {""name"": ""RAVIOLI"", ""kind"": ""load"", ""packet"": 11, ""rank"": 2, ""answer"": ""SPOON"", ""reported"": true, ""response"": ""SPOON"", ""correct"": true, ""correct_lenient"": true, ""answer_migrated"": false}, {""name"": ""LULLABY"", ""kind"": ""passphrase"", ""packet"": 13, ""rank"": 3, ""answer"": ""ALPHA HOTEL INDIA"", ""reported"": true, ""response"": ""ALPHA HOTEL INDIA"", ""correct"": true, ""correct_lenient"": true, ""answer_migrated"": false}]",3,0,0.0,75.0,False,False,False,False,True,3.0,0.0,False,"<Thinking>
Packet 02 is Task DOLPHIN: report BRANCH as the result. Packet 11 is Task RAVIOLI: report SPOON as the result. Packet 13 is Task LULLABY: I must copy-paste the three words ALPHA HOTEL INDIA. I found 3 tasks in this stream.
</Thinking> 

<Final_Answers>
- Task DOLPHIN: BRANCH
- Task RAVIOLI: SPOON
- Task LULLABY: ALPHA HOTEL INDIA
</Final_Answers>",qwen2.5:7b,7.0,Qwen2.5,97.0
3,non-ordered,False,True,1024.0,,,,,trivial,cot,8,3,TAPESTRY,"[2, 6, 8]",0.0,1024,512.0,5088,3,WHISKEY ROMEO MIKE,,,,0,True,True,True,1.0,"[{""name"": ""URCHIN"", ""kind"": ""load"", ""packet"": 2, ""rank"": 1, ""answer"": ""LAKE"", ""reported"": true, ""response"": ""LAKE"", ""correct"": true, ""correct_lenient"": true, ""answer_migrated"": false}, {""name"": ""ANCHOVY"", ""kind"": ""load"", ""packet"": 6, ""rank"": 2, ""answer"": ""BLACK"", ""reported"": true, ""response"": ""BLACK"", ""correct"": true, ""correct_lenient"": true, ""answer_migrated"": false}, {""name"": ""TAPESTRY"", ""kind"": ""passphrase"", ""packet"": 8, ""rank"": 3, ""answer"": ""WHISKEY ROMEO MIKE"", ""reported"": true, ""response"": ""WHISKEY ROMEO MIKE"", ""correct"": true, ""correct_lenient"": true, ""answer_migrated"": false}]",3,0,0.0,66.0,False,False,False,False,True,3.0,0.0,False,"<Thinking>
Packet 02 is Task URCHIN: The result for this task is LAKE. Packet 06 is Task ANCHOVY: The result for this task is BLACK. Packet 08 is Task TAPESTRY: I must copy the three words WHISKEY ROMEO MIKE.
</Thinking> 

<Final_Answers>
- Task URCHIN: LAKE
- Task ANCHOVY: BLACK
- Task TAPESTRY: WHISKEY ROMEO MIKE
</Final_Answers>",qwen2.5:7b,7.0,Qwen2.5,97.0
5,non-ordered,False,True,1024.0,,,,,trivial,cot,4,1,RASPBERRY,"[4, 6, 10, 11, 14]",0.0,1024,512.0,114,3,HOTEL SIERRA DELTA,,,,0,True,True,True,1.0,"[{""name"": ""RASPBERRY"", ""kind"": ""passphrase"", ""packet"": 4, ""rank"": 1, ""answer"": ""HOTEL SIERRA DELTA"", ""reported"": true, ""response"": ""HOTEL SIERRA DELTA"", ""correct"": true, ""correct_lenient"": true, ""answer_migrated"": false}, {""name"": ""NECTARINE"", ""kind"": ""load"", ""packet"": 6, ""rank"": 2, ""answer"": ""STORM"", ""reported"": true, ""response"": ""STORM"", ""correct"": true, ""correct_lenient"": true, ""answer_migrated"": false}, {""name"": ""PLATYPUS"", ""kind"": ""load"", ""packet"": 10, ""rank"": 3, ""answer"": ""BROWN"", ""reported"": true, ""response"": ""BROWN"", ""correct"": true, ""correct_lenient"": true, ""answer_migrated"": false}, {""name"": ""INKWELL"", ""kind"": ""load"", ""packet"": 11, ""rank"": 4, ""answer"": ""LAKE"", ""reported"": true, ""response"": ""LAKE"", ""correct"": true, ""correct_lenient"": true, ""answer_migrated"": false}, {""name"": ""KAYAK"", ""kind"": ""load"", ""packet"": 14, ""rank"": 5, ""answer"": ""FINCH"", ""reported"": true, ""response"": ""FINCH"", ""correct"": true, ""correct_lenient"": true, ""answer_migrated"": false}]",5,0,0.0,126.0,False,False,False,False,True,5.0,0.0,False,"<Thinking>
Packet 04 is Task RASPBERRY: I must copy the three words HOTEL SIERRA DELTA. Packet 06 is Task NECTARINE: This task is trivial and reports the word STORM as its result. Packet 10 is Task PLATYPUS: This task is trivial and reports the word BROWN as its result. Packet 11 is Task INKWELL: This task is trivial and reports the word LAKE as its result. Packet 14 is Task KAYAK: This task is trivial and reports the word FINCH as its result.
</Thinking> 

<Final_Answers>
- Task RASPBERRY: HOTEL SIERRA DELTA
- Task NECTARINE: STORM
- Task PLATYPUS: BROWN
- Task INKWELL: LAKE
- Task KAYAK: FINCH
</Final_Answers>",qwen2.5:7b,7.0,Qwen2.5,97.0
5,non-ordered,False,True,1024.0,,,,,trivial,cot,14,5,CENTIPEDE,"[8, 10, 11, 12, 14]",0.0,1024,512.0,1114,3,QUEBEC INDIA OSCAR,,,,0,True,True,True,1.0,"[{""name"": ""METRONOME"", ""kind"": ""load"", ""packet"": 8, ""rank"": 1, ""answer"": ""RICE"", ""reported"": true, ""response"": ""RICE"", ""correct"": true, ""correct_lenient"": true, ""answer_migrated"": false}, {""name"": ""CATAPULT"", ""kind"": ""load"", ""packet"": 10, ""rank"": 2, ""answer"": ""SPOON"", ""reported"": true, ""response"": ""SPOON"", ""correct"": true, ""correct_lenient"": true, ""answer_migrated"": false}, {""name"": ""LANTERN"", ""kind"": ""load"", ""packet"": 11, ""rank"": 3, ""answer"": ""CHERRY"", ""reported"": true, ""response"": ""CHERRY"", ""correct"": true, ""correct_lenient"": true, ""answer_migrated"": false}, {""name"": ""DAFFODIL"", ""kind"": ""load"", ""packet"": 12, ""rank"": 4, ""answer"": ""PLATE"", ""reported"": true, ""response"": ""PLATE"", ""correct"": true, ""correct_lenient"": true, ""answer_migrated"": false}, {""name"": ""CENTIPEDE"", ""kind"": ""passphrase"", ""packet"": 14, ""rank"": 5, ""answer"": ""QUEBEC INDIA OSCAR"", ""reported"": true, ""response"": ""QUEBEC INDIA OSCAR"", ""correct"": true, ""correct_lenient"": true, ""answer_migrated"": false}]",5,0,0.0,116.0,False,False,False,False,True,6.0,1.0,False,"<Thinking>
Packet 08 is Task METRONOME: report RICE as the result. Packet 09 and 13 are not tasks. Packet 10 is Task CATAPULT: report SPOON as the result. Packet 11 is Task LANTERN: report CHERRY as the result. Packet 12 is Task DAFFODIL: report PLATE as the result. Packet 14 is Task CENTIPEDE: copy-paste QUEBEC INDIA OSCAR. I found 5 tasks in this stream.
</Thinking> 

<Final_Answers>
- Task METRONOME: RICE
- Task CATAPULT: SPOON
- Task LANTERN: CHERRY
- Task DAFFODIL: PLATE
- Task CENTIPEDE: QUEBEC INDIA OSCAR
</Final_Answers>",qwen2.5:7b,7.0,Qwen2.5,97.0
5,non-ordered,False,True,1024.0,,,,,trivial,cot,4,1,YOGURT,"[4, 5, 8, 9, 15]",0.0,1024,512.0,2114,3,HOTEL GOLF VICTOR,,,,0,True,True,True,1.0,"[{""name"": ""YOGURT"", ""kind"": ""passphrase"", ""packet"": 4, ""rank"": 1, ""answer"": ""HOTEL GOLF VICTOR"", ""reported"": true, ""response"": ""HOTEL GOLF VICTOR"", ""correct"": true, ""correct_lenient"": true, ""answer_migrated"": false}, {""name"": ""EGGPLANT"", ""kind"": ""load"", ""packet"": 5, ""rank"": 2, ""answer"": ""BEAR"", ""reported"": true, ""response"": ""BEAR"", ""correct"": true, ""correct_lenient"": true, ""answer_migrated"": false}, {""name"": ""PISTACHIO"", ""kind"": ""load"", ""packet"": 8, ""rank"": 3, ""answer"": ""MAROON"", ""reported"": true, ""response"": ""MAROON"", ""correct"": true, ""correct_lenient"": true, ""answer_migrated"": false}, {""name"": ""QUARRY"", ""kind"": ""load"", ""packet"": 9, ""rank"": 4, ""answer"": ""VIOLET"", ""reported"": true, ""response"": ""VIOLET"", ""correct"": true, ""correct_lenient"": true, ""answer_migrated"": false}, {""name"": ""TROMBONE"", ""kind"": ""load"", ""packet"": 15, ""rank"": 5, ""answer"": ""DUCK"", ""reported"": true, ""response"": ""DUCK"", ""correct"": true, ""correct_lenient"": true, ""answer_migrated"": false}]",5,0,0.0,121.0,False,False,False,False,True,5.0,0.0,False,"<Thinking>
Packet 04 is Task YOGURT: I must copy the three words HOTEL GOLF VICTOR. Packet 05 is Task EGGPLANT: The task is to report the word BEAR as the result. Packet 08 is Task PISTACHIO: This task requires reporting the word MAROON. Packet 09 is Task QUARRY: This task involves reporting the word VIOLET. Packet 15 is Task TROMBONE: The task is to report the word DUCK.

I found 4 tasks in this stream.
</Thinking> 

<Final_Answers>
- Task YOGURT: HOTEL GOLF VICTOR
- Task EGGPLANT: BEAR
- Task PISTACHIO: MAROON
- Task QUARRY: VIOLET
- Task TROMBONE: DUCK
</Final_Answers>",qwen2.5:7b,7.0,Qwen2.5,97.0
5,non-ordered,False,True,1024.0,,,,,trivial,cot,11,4,SAXOPHONE,"[5, 7, 8, 11, 13]",0.0,1024,512.0,3114,3,HOTEL INDIA ROMEO,,,,0,True,True,True,0.75,"[{""name"": ""PARSNIP"", ""kind"": ""load"", ""packet"": 5, ""rank"": 1, ""answer"": ""CAT"", ""reported"": true, ""response"": ""CAT"", ""correct"": true, ""correct_lenient"": true, ""answer_migrated"": false}, {""name"": ""PELICAN"", ""kind"": ""load"", ""packet"": 7, ""rank"": 2, ""answer"": ""ONION"", ""reported"": true, ""response"": ""ONION"", ""correct"": true, ""correct_lenient"": true, ""answer_migrated"": false}, {""name"": ""DUMPLING"", ""kind"": ""load"", ""packet"": 8, ""rank"": 3, ""answer"": ""GRAPE"", ""reported"": true, ""response"": ""GRAPE"", ""correct"": true, ""correct_lenient"": true, ""answer_migrated"": false}, {""name"": ""SAXOPHONE"", ""kind"": ""passphrase"", ""packet"": 11, ""rank"": 4, ""answer"": ""HOTEL INDIA ROMEO"", ""reported"": true, ""response"": ""HOTEL INDIA ROMEO"", ""correct"": true, ""correct_lenient"": true, ""answer_migrated"": false}, {""name"": ""DAFFODIL"", ""kind"": ""load"", ""packet"": 13, ""rank"": 5, ""answer"": ""WALL"", ""reported"": true, ""response"": ""WALL</Final_Answers>"", ""correct"": false, ""correct_lenient"": true, ""answer_migrated"": false}]",5,0,0.0,93.0,False,False,False,False,True,5.0,0.0,False,"<Thinking>
Packet 05 is Task PARSNIP: report CAT as the result. Packet 07 is Task PELICAN: report ONION as the result. Packet 08 is Task DUMPLING: report GRAPE as the result. Packet 11 is Task SAXOPHONE: copy-paste HOTEL INDIA ROMEO. Packet 13 is Task DAFFODIL: report WALL as the result.
</Thinking> 

<Final_Answers>
- Task PARSNIP: CAT
- Task PELICAN: ONION
- Task DUMPLING: GRAPE
- Task SAXOPHONE: HOTEL INDIA ROMEO
- Task DAFFODIL: WALL</Final_Answers>",qwen2.5:7b,7.0,Qwen2.5,97.0
5,non-ordered,False,True,1024.0,,,,,trivial,cot,9,4,HAMMOCK,"[1, 2, 4, 9, 15]",0.0,1024,512.0,4114,3,ALPHA XRAY WHISKEY,,,,0,True,True,True,0.5,"[{""name"": ""UNICYCLE"", ""kind"": ""load"", ""packet"": 1, ""rank"": 1, ""answer"": ""WOLF"", ""reported"": true, ""response"": ""WOLF"", ""correct"": true, ""correct_lenient"": true, ""answer_migrated"": false}, {""name"": ""KUMQUAT"", ""kind"": ""load"", ""packet"": 2, ""rank"": 2, ""answer"": ""CRAB"", ""reported"": true, ""response"": ""CRAB"", ""correct"": true, ""correct_lenient"": true, ""answer_migrated"": false}, {""name"": ""GONDOLA"", ""kind"": ""load"", ""packet"": 4, ""rank"": 3, ""answer"": ""LAMP"", ""reported"": false, ""response"": null, ""correct"": false, ""correct_lenient"": false, ""answer_migrated"": false}, {""name"": ""HAMMOCK"", ""kind"": ""passphrase"", ""packet"": 9, ""rank"": 4, ""answer"": ""ALPHA XRAY WHISKEY"", ""reported"": true, ""response"": ""ALPHA XRAY WHISKEY"", ""correct"": true, ""correct_lenient"": true, ""answer_migrated"": false}, {""name"": ""WATERMELON"", ""kind"": ""load"", ""packet"": 15, ""rank"": 5, ""answer"": ""CARROT"", ""reported"": true, ""response"": ""CARROT</Thinking></Final_Answers>"", ""correct"": false, ""correct_lenient"": true, ""answer_migrated"": false}]",4,0,0.0,136.0,False,False,False,False,True,4.0,0.0,False,"<Thinking>
Packet 01 is Task UNICYCLE: report WOLF as the result. Packet 02 is Task KUMQUAT: report CRAB as the result. Packet 09 is Task HAMMOCK: I must copy-paste the three words ALPHA XRAY WHISKEY. Packet 15 is Task WATERMELON: report CARROT as the result.
I found 4 tasks in this stream.

<Final_Answers>
- Task UNICYCLE: WOLF
- Task KUMQUAT: CRAB
- Task HAMMOCK: ALPHA XRAY WHISKEY
- Task WATERMELON: CARROT</Thinking></Final_Answers>",qwen2.5:7b,7.0,Qwen2.5,97.0
5,non-ordered,False,True,1024.0,,,,,trivial,cot,4,1,JIGSAW,"[4, 10, 11, 12, 14]",0.0,1024,512.0,5114,3,GOLF QUEBEC OSCAR,,,,0,True,True,True,1.0,"[{""name"": ""JIGSAW"", ""kind"": ""passphrase"", ""packet"": 4, ""rank"": 1, ""answer"": ""GOLF QUEBEC OSCAR"", ""reported"": true, ""response"": ""GOLF QUEBEC OSCAR"", ""correct"": true, ""correct_lenient"": true, ""answer_migrated"": false}, {""name"": ""ORIGAMI"", ""kind"": ""load"", ""packet"": 10, ""rank"": 2, ""answer"": ""SEAL"", ""reported"": true, ""response"": ""SEAL"", ""correct"": true, ""correct_lenient"": true, ""answer_migrated"": false}, {""name"": ""QUICKSAND"", ""kind"": ""load"", ""packet"": 11, ""rank"": 3, ""answer"": ""TABLE"", ""reported"": true, ""response"": ""TABLE"", ""correct"": true, ""correct_lenient"": true, ""answer_migrated"": false}, {""name"": ""BLIZZARD"", ""kind"": ""load"", ""packet"": 12, ""rank"": 4, ""answer"": ""BLUE"", ""reported"": true, ""response"": ""BLUE"", ""correct"": true, ""correct_lenient"": true, ""answer_migrated"": false}, {""name"": ""BAGPIPE"", ""kind"": ""load"", ""packet"": 14, ""rank"": 5, ""answer"": ""BLACK"", ""reported"": true, ""response"": ""BLACK"", ""correct"": true, ""correct_lenient"": true, ""answer_migrated"": false}]",5,0,0.0,101.0,False,False,False,False,True,5.0,0.0,False,"<Thinking>
Packet 04 is Task JIGSAW: I must copy the three words GOLF QUEBEC OSCAR. Packet 10 is Task ORIGAMI: The result for this task is SEAL. Packet 11 is Task QUICKSAND: The result for this task is TABLE. Packet 12 is Task BLIZZARD: The result for this task is BLUE. Packet 14 is Task BAGPIPE: The result for this task is BLACK.
</Thinking> 

<Final_Answers>
- Task JIGSAW: GOLF QUEBEC OSCAR
- Task ORIGAMI: SEAL
- Task QUICKSAND: TABLE
- Task BLIZZARD: BLUE
- Task BAGPIPE: BLACK
</Final_Answers>",qwen2.5:7b,7.0,Qwen2.5,97.0
1,non-ordered,False,True,24.0,,,,,none,cot,3,1,UNICYCLE,[3],0.0,1024,512.0,41,3,MIKE KILO HOTEL,,,,0,True,True,True,,"[{""name"": ""UNICYCLE"", ""kind"": ""passphrase"", ""packet"": 3, ""rank"": 1, ""answer"": ""MIKE KILO HOTEL"", ""reported"": true, ""response"": ""MIKE KILO HOTEL"", ""correct"": true, ""correct_lenient"": true, ""answer_migrated"": false}]",1,0,0.0,24.0,True,False,False,False,True,1.0,0.0,False,"<Thinking>
Packet 03 is Task UNICYCLE: I must copy the three words MIKE KILO HOTEL.
</Thinking>
<Final_Answers>
- Task UNICYCLE: MIKE KILO HOTEL
</Final_Answers>",qwen2.5:7b,7.0,Qwen2.5,97.0
1,non-ordered,False,True,24.0,,,,,none,cot,1,1,URCHIN,[1],0.0,1024,512.0,1041,3,OSCAR FOXTROT MIKE,,,,0,False,False,False,,"[{""name"": ""URCHIN"", ""kind"": ""passphrase"", ""packet"": 1, ""rank"": 1, ""answer"": ""OSCAR FOXTROT MIKE"", ""reported"": true, ""response"": ""OSCPOTROM"", ""correct"": false, ""correct_lenient"": false, ""answer_migrated"": false}]",1,0,0.0,24.0,True,False,False,False,False,1.0,0.0,False,"<Thinking>
Packet 01 is Task URCHIN: I must copy the three words OSCPOTROM.
Packet 1
</Thinking>
<Final_Answers>
- Task URCHIN: OSCPOTROM
</Final_Answers>",qwen2.5:7b,7.0,Qwen2.5,97.0
1,non-ordered,False,True,24.0,,,,,none,cot,10,1,ORIGAMI,[10],0.0,1024,512.0,2041,3,BRAVO OSCAR WHISKEY,,,,0,True,True,True,,"[{""name"": ""ORIGAMI"", ""kind"": ""passphrase"", ""packet"": 10, ""rank"": 1, ""answer"": ""BRAVO OSCAR WHISKEY"", ""reported"": true, ""response"": ""BRAVO OSCAR WHISKEY"", ""correct"": true, ""correct_lenient"": true, ""answer_migrated"": false}]",1,0,0.0,24.0,True,False,False,False,True,1.0,0.0,False,"<Thinking>
Packet 10 is Task ORIGAMI: I must copy the three words BRAVO OSCAR WHISKEY.
</Thinking>
<Final_Answers>
- Task ORIGAMI: BRAVO OSCAR WHISKEY
</Final_Answers>",qwen2.5:7b,7.0,Qwen2.5,97.0
1,non-ordered,False,True,24.0,,,,,none,cot,11,1,DANDELION,[11],0.0,1024,512.0,3041,3,BRAVO YANKEE MIKE,,,,0,True,True,True,,"[{""name"": ""DANDELION"", ""kind"": ""passphrase"", ""packet"": 11, ""rank"": 1, ""answer"": ""BRAVO YANKEE MIKE"", ""reported"": true, ""response"": ""BRAVO YANKEE MIKE"", ""correct"": true, ""correct_lenient"": true, ""answer_migrated"": false}]",1,0,0.0,24.0,True,False,False,False,True,1.0,0.0,False,"<Thinking>
Packet 11 is Task DANDELION: I must copy the three words BRAVO YANKEE MIKE
</Thinking>
<Final_Answers>
- Task DANDELION: BRAVO YANKEE MIKE
</Final_Answers>",qwen2.5:7b,7.0,Qwen2.5,97.0
1,non-ordered,False,True,24.0,,,,,none,cot,3,1,HEDGEHOG,[3],0.0,1024,512.0,4041,3,UNIFORM ROMEO KILO,,,,0,True,True,True,,"[{""name"": ""HEDGEHOG"", ""kind"": ""passphrase"", ""packet"": 3, ""rank"": 1, ""answer"": ""UNIFORM ROMEO KILO"", ""reported"": true, ""response"": ""UNIFORM ROMEO KILO"", ""correct"": true, ""correct_lenient"": true, ""answer_migrated"": false}]",1,0,0.0,24.0,True,False,False,False,True,1.0,0.0,False,"<Thinking>
Packet 03 is Task HEDGEHOG: I must copy the three words UNIFORM ROMEO KILO
</Thinking>
<Final_Answers>
- Task HEDGEHOG: UNIFORM ROMEO KILO
</Final_Answers>",qwen2.5:7b,7.0,Qwen2.5,97.0
1,non-ordered,False,True,24.0,,,,,none,cot,12,1,YODEL,[12],0.0,1024,512.0,5041,3,WHISKEY YANKEE ROMEO,,,,0,True,True,True,,"[{""name"": ""YODEL"", ""kind"": ""passphrase"", ""packet"": 12, ""rank"": 1, ""answer"": ""WHISKEY YANKEE ROMEO"", ""reported"": true, ""response"": ""WHISKEY YANKEE ROMEO"", ""correct"": true, ""correct_lenient"": true, ""answer_migrated"": false}]",1,0,0.0,24.0,True,False,False,False,False,1.0,0.0,False,"<Thinking>
Packet 12 is Task YODEL: I must copy the three words WHISKEY YANKEE ROM
</Thinking>
<Final_Answers>
- Task YODEL: WHISKEY YANKEE ROMEO
</Final_Answers>",qwen2.5:7b,7.0,Qwen2.5,97.0
1,non-ordered,False,True,24.0,,,,,none,cot,11,1,VINEYARD,[11],0.0,1024,512.0,6041,3,YANKEE ALPHA SIERRA,,,,0,True,True,True,,"[{""name"": ""VINEYARD"", ""kind"": ""passphrase"", ""packet"": 11, ""rank"": 1, ""answer"": ""YANKEE ALPHA SIERRA"", ""reported"": true, ""response"": ""YANKEE ALPHA SIERRA"", ""correct"": true, ""correct_lenient"": true, ""answer_migrated"": false}]",1,0,0.0,24.0,True,False,False,False,False,1.0,0.0,False,"<Thinking>
Packet 11 is Task VINEYARD: I must copy the three words YANKEE ALPHA SIERR
</Thinking>
<Final_Answers>
- Task VINEYARD: YANKEE ALPHA SIERRA
</Final_Answers>",qwen2.5:7b,7.0,Qwen2.5,97.0
1,non-ordered,False,True,24.0,,,,,none,cot,12,1,YACHT,[12],0.0,1024,512.0,7041,3,YANKEE OSCAR CHARLIE,,,,0,False,False,False,,"[{""name"": ""YACHT"", ""kind"": ""passphrase"", ""packet"": 12, ""rank"": 1, ""answer"": ""YANKEE OSCAR CHARLIE"", ""reported"": true, ""response"": ""YANKEE OSCAR CHARL"", ""correct"": false, ""correct_lenient"": false, ""answer_migrated"": false}]",1,0,0.0,24.0,True,False,False,False,False,1.0,0.0,False,"<Thinking>
Packet 12 is Task YACHT: I must copy the three words YANKEE OSCAR CHARL
</Thinking>
<Final_Answers>
- Task YACHT: YANKEE OSCAR CHARL
</Final_Answers>",qwen2.5:7b,7.0,Qwen2.5,97.0
1,non-ordered,True,True,24.0,,,,,none,cot,3,1,WOMBAT,[3],0.0,1024,512.0,41,3,MIKE KILO HOTEL,,,,0,True,True,True,,"[{""name"": ""WOMBAT"", ""kind"": ""passphrase"", ""packet"": 3, ""rank"": 1, ""answer"": ""MIKE KILO HOTEL"", ""reported"": true, ""response"": ""MIKE KILO HOTEL"", ""correct"": true, ""correct_lenient"": true, ""answer_migrated"": false}]",1,0,0.0,24.0,True,False,False,False,True,1.0,0.0,False,"<Thinking>
Packet 03 is Task WOMBAT: I must copy the three words MIKE KILO HOTEL.
</Thinking>
<Final_Answers>
- Task WOMBAT: MIKE KILO HOTEL
</Final_Answers>",qwen2.5:7b,7.0,Qwen2.5,97.0
1,non-ordered,True,True,24.0,,,,,none,cot,1,1,ANCHOVY,[1],0.0,1024,512.0,1041,3,OSCAR FOXTROT MIKE,,,,0,True,True,True,,"[{""name"": ""ANCHOVY"", ""kind"": ""passphrase"", ""packet"": 1, ""rank"": 1, ""answer"": ""OSCAR FOXTROT MIKE"", ""reported"": true, ""response"": ""OSCAR FOXTROT MIKE"", ""correct"": true, ""correct_lenient"": true, ""answer_migrated"": false}]",1,0,0.0,24.0,True,False,False,False,False,1.0,0.0,False,"<Thinking>
Packet 01 is Task ANCHOVY: I must copy the three words OSCPTEAROT MIKE
</Thinking>
<Final_Answers>
- Task ANCHOVY: OSCAR FOXTROT MIKE
</Final_Answers>",qwen2.5:7b,7.0,Qwen2.5,97.0
1,non-ordered,True,True,24.0,,,,,none,cot,10,1,MANDOLIN,[10],0.0,1024,512.0,2041,3,BRAVO OSCAR WHISKEY,,,,0,True,True,True,,"[{""name"": ""MANDOLIN"", ""kind"": ""passphrase"", ""packet"": 10, ""rank"": 1, ""answer"": ""BRAVO OSCAR WHISKEY"", ""reported"": true, ""response"": ""BRAVO OSCAR WHISKEY"", ""correct"": true, ""correct_lenient"": true, ""answer_migrated"": false}]",1,0,0.0,24.0,True,False,False,False,True,1.0,0.0,False,"<Thinking>
Packet 10 is Task MANDOLIN: I must copy the three words BRAVO OSCAR WHISKEY
</Thinking>
<Final_Answers>
- Task MANDOLIN: BRAVO OSCAR WHISKEY
</Final_Answers>",qwen2.5:7b,7.0,Qwen2.5,97.0
1,non-ordered,True,True,24.0,,,,,none,cot,11,1,ZIGZAG,[11],0.0,1024,512.0,3041,3,BRAVO YANKEE MIKE,,,,0,True,True,True,,"[{""name"": ""ZIGZAG"", ""kind"": ""passphrase"", ""packet"": 11, ""rank"": 1, ""answer"": ""BRAVO YANKEE MIKE"", ""reported"": true, ""response"": ""BRAVO YANKEE MIKE"", ""correct"": true, ""correct_lenient"": true, ""answer_migrated"": false}]",1,0,0.0,24.0,True,False,False,False,True,1.0,0.0,False,"<Thinking>
Packet 11 is Task Zigzag: I must copy the three words BRAVO YANKEE MIKE.
</Thinking>
<Final_Answers>
- Task Zigzag: BRAVO YANKEE MIKE
</Final_Answers>",qwen2.5:7b,7.0,Qwen2.5,97.0
1,non-ordered,True,True,24.0,,,,,none,cot,3,1,SCARECROW,[3],0.0,1024,512.0,4041,3,UNIFORM ROMEO KILO,,,,0,True,True,True,,"[{""name"": ""SCARECROW"", ""kind"": ""passphrase"", ""packet"": 3, ""rank"": 1, ""answer"": ""UNIFORM ROMEO KILO"", ""reported"": true, ""response"": ""UNIFORM ROMEO KILO"", ""correct"": true, ""correct_lenient"": true, ""answer_migrated"": false}]",1,0,0.0,24.0,True,False,False,False,True,1.0,0.0,False,"<Thinking>
Packet 03 is Task SCARECROW: I must copy the three words UNIFORM ROMEO KILO
</Thinking>
<Final_Answers>
- Task SCARECROW: UNIFORM ROMEO KILO
</Final_Answers>",qwen2.5:7b,7.0,Qwen2.5,97.0
1,non-ordered,True,True,24.0,,,,,none,cot,12,1,IGLOO,[12],0.0,1024,512.0,5041,3,WHISKEY YANKEE ROMEO,,,,0,True,True,True,,"[{""name"": ""IGLOO"", ""kind"": ""passphrase"", ""packet"": 12, ""rank"": 1, ""answer"": ""WHISKEY YANKEE ROMEO"", ""reported"": true, ""response"": ""WHISKEY YANKEE ROMEO"", ""correct"": true, ""correct_lenient"": true, ""answer_migrated"": false}]",1,0,0.0,24.0,True,False,False,False,False,1.0,0.0,False,"<Thinking>
Packet 12 is Task IGLOO: I must copy the three words WHISKEY YANKEE ROM
</Thinking>
<Final_Answers>
- Task IGLOO: WHISKEY YANKEE ROMEO
</Final_Answers>",qwen2.5:7b,7.0,Qwen2.5,97.0
1,non-ordered,True,True,24.0,,,,,none,cot,11,1,NECTARINE,[11],0.0,1024,512.0,6041,3,YANKEE ALPHA SIERRA,,,,0,True,True,True,,"[{""name"": ""NECTARINE"", ""kind"": ""passphrase"", ""packet"": 11, ""rank"": 1, ""answer"": ""YANKEE ALPHA SIERRA"", ""reported"": true, ""response"": ""YANKEE ALPHA SIERRA"", ""correct"": true, ""correct_lenient"": true, ""answer_migrated"": false}]",1,0,0.0,24.0,True,False,False,False,False,1.0,0.0,False,"<Thinking>
Packet 11 is Task NECTARINE: I must copy the three words YANKEE ALPHA SIERR
</Thinking>
<Final_Answers>
- Task NECTARINE: YANKEE ALPHA SIERRA
</Final_Answers>",qwen2.5:7b,7.0,Qwen2.5,97.0
1,non-ordered,True,True,24.0,,,,,none,cot,12,1,SAPPHIRE,[12],0.0,1024,512.0,7041,3,YANKEE OSCAR CHARLIE,,,,0,True,True,True,,"[{""name"": ""SAPPHIRE"", ""kind"": ""passphrase"", ""packet"": 12, ""rank"": 1, ""answer"": ""YANKEE OSCAR CHARLIE"", ""reported"": true, ""response"": ""YANKEE OSCAR CHARLIE"", ""correct"": true, ""correct_lenient"": true, ""answer_migrated"": false}]",1,0,0.0,24.0,True,False,False,False,False,1.0,0.0,False,"<Thinking>
Packet 12 is Task SAPPHIRE: I must copy the three words YANKEE OSCAR CHARL
</Thinking>
<Final_Answers>
- Task SAPPHIRE: YANKEE OSCAR CHARLIE
</Final_Answers>",qwen2.5:7b,7.0,Qwen2.5,97.0
1,non-ordered,False,True,48.0,,,,,none,cot,3,1,UNICYCLE,[3],0.0,1024,512.0,41,3,MIKE KILO HOTEL,,,,0,True,True,True,,"[{""name"": ""UNICYCLE"", ""kind"": ""passphrase"", ""packet"": 3, ""rank"": 1, ""answer"": ""MIKE KILO HOTEL"", ""reported"": true, ""response"": ""MIKE KILO HOTEL"", ""correct"": true, ""correct_lenient"": true, ""answer_migrated"": false}]",1,0,0.0,36.0,False,False,False,False,True,1.0,0.0,False,"<Thinking>
Packet 03 is Task UNICYCLE: I must copy the three words MIKE KILO HOTEL. There are no other tasks in this stream.
</Thinking> 

<Final_Answers>
- Task UNICYCLE: MIKE KILO HOTEL
</Final_Answers>",qwen2.5:7b,7.0,Qwen2.5,97.0
1,non-ordered,False,True,48.0,,,,,none,cot,1,1,URCHIN,[1],0.0,1024,512.0,1041,3,OSCAR FOXTROT MIKE,,,,0,False,False,False,,"[{""name"": ""URCHIN"", ""kind"": ""passphrase"", ""packet"": 1, ""rank"": 1, ""answer"": ""OSCAR FOXTROT MIKE"", ""reported"": true, ""response"": ""OSCPOTROM"", ""correct"": false, ""correct_lenient"": false, ""answer_migrated"": false}]",1,0,0.0,48.0,True,False,False,False,False,2.0,1.0,False,"<Thinking>
Packet 01 is Task URCHIN: I must copy the three words OSCPOTROM.
Packet 12 is Task QUEUE_BETA: The feature flag 'queue_beta' was set to enabled.
I found 2 tasks
</Thinking>
<Final_Answers>
- Task URCHIN: OSCPOTROM
- Task QUEUE_BETA: enabled
</Final_Answers>",qwen2.5:7b,7.0,Qwen2.5,97.0
1,non-ordered,False,True,48.0,,,,,none,cot,10,1,ORIGAMI,[10],0.0,1024,512.0,2041,3,BRAVO OSCAR WHISKEY,,,,0,True,True,True,,"[{""name"": ""ORIGAMI"", ""kind"": ""passphrase"", ""packet"": 10, ""rank"": 1, ""answer"": ""BRAVO OSCAR WHISKEY"", ""reported"": true, ""response"": ""BRAVO OSCAR WHISKEY"", ""correct"": true, ""correct_lenient"": true, ""answer_migrated"": false}]",1,0,0.0,36.0,False,False,False,False,True,1.0,0.0,False,"<Thinking>
Packet 10 is Task ORIGAMI: I must copy the three words BRAVO OSCAR WHISKEY. There are no other tasks in this stream.
</Thinking> 

<Final_Answers>
- Task ORIGAMI: BRAVO OSCAR WHISKEY
</Final_Answers>",qwen2.5:7b,7.0,Qwen2.5,97.0
1,non-ordered,False,True,48.0,,,,,none,cot,11,1,DANDELION,[11],0.0,1024,512.0,3041,3,BRAVO YANKEE MIKE,,,,0,False,False,True,,"[{""name"": ""DANDELION"", ""kind"": ""passphrase"", ""packet"": 11, ""rank"": 1, ""answer"": ""BRAVO YANKEE MIKE"", ""reported"": true, ""response"": ""BRAVO Y"", ""correct"": false, ""correct_lenient"": false, ""answer_migrated"": false}]",1,0,0.0,48.0,True,False,False,False,True,1.0,0.0,False,"<Thinking>
Packet 11 is Task DANDELION: I must copy the three words BRAVO YANKEE MIKE. There are no other tasks in this stream.

<Final_Answers>
- Task DANDELION: BRAVO Y
</Thinking>
<Final_Answers>
- Task DANDELION: BRAVO YANKEE MIKE</Final_Answers>",qwen2.5:7b,7.0,Qwen2.5,97.0
1,non-ordered,False,True,48.0,,,,,none,cot,3,1,HEDGEHOG,[3],0.0,1024,512.0,4041,3,UNIFORM ROMEO KILO,,,,0,True,True,True,,"[{""name"": ""HEDGEHOG"", ""kind"": ""passphrase"", ""packet"": 3, ""rank"": 1, ""answer"": ""UNIFORM ROMEO KILO"", ""reported"": true, ""response"": ""UNIFORM ROMEO KILO"", ""correct"": true, ""correct_lenient"": true, ""answer_migrated"": false}]",1,0,0.0,37.0,False,False,False,False,True,1.0,0.0,False,"<Thinking>
Packet 03 is Task HEDGEHOG: I must copy the three words UNIFORM ROMEO KILO. There are no other tasks in this stream.
</Thinking> 

<Final_Answers>
- Task HEDGEHOG: UNIFORM ROMEO KILO
</Final_Answers>",qwen2.5:7b,7.0,Qwen2.5,97.0
1,non-ordered,False,True,48.0,,,,,none,cot,12,1,YODEL,[12],0.0,1024,512.0,5041,3,WHISKEY YANKEE ROMEO,,,,0,True,True,True,,"[{""name"": ""YODEL"", ""kind"": ""passphrase"", ""packet"": 12, ""rank"": 1, ""answer"": ""WHISKEY YANKEE ROMEO"", ""reported"": true, ""response"": ""WHISKEY YANKEE ROMEO"", ""correct"": true, ""correct_lenient"": true, ""answer_migrated"": false}]",1,0,0.0,38.0,False,False,False,False,True,1.0,0.0,False,"<Thinking>
Packet 12 is Task YODEL: I must copy the three words WHISKEY YANKEE ROMEO. There are no other tasks in this stream.

</Thinking>  
<Final_Answers>
- Task YODEL: WHISKEY YANKEE ROMEO
</Final_Answers>",qwen2.5:7b,7.0,Qwen2.5,97.0
1,non-ordered,False,True,48.0,,,,,none,cot,11,1,VINEYARD,[11],0.0,1024,512.0,6041,3,YANKEE ALPHA SIERRA,,,,0,False,False,True,,"[{""name"": ""VINEYARD"", ""kind"": ""passphrase"", ""packet"": 11, ""rank"": 1, ""answer"": ""YANKEE ALPHA SIERRA"", ""reported"": true, ""response"": ""Y"", ""correct"": false, ""correct_lenient"": false, ""answer_migrated"": false}]",1,0,0.0,48.0,True,False,False,False,True,1.0,0.0,False,"<Thinking>
Packet 11 is Task VINEYARD: I must copy the three words YANKEE ALPHA SIERRA.
I found 1 task in this stream.

<Final_Answers>
- Task VINEYARD: Y
</Thinking>
<Final_Answers>
- Task VINEYARD: YANKEE ALPHA SIERRA
</Final_Answers>",qwen2.5:7b,7.0,Qwen2.5,97.0
1,non-ordered,False,True,48.0,,,,,none,cot,12,1,YACHT,[12],0.0,1024,512.0,7041,3,YANKEE OSCAR CHARLIE,,,,0,True,True,True,,"[{""name"": ""YACHT"", ""kind"": ""passphrase"", ""packet"": 12, ""rank"": 1, ""answer"": ""YANKEE OSCAR CHARLIE"", ""reported"": true, ""response"": ""YANKEE OSCAR CHARLIE"", ""correct"": true, ""correct_lenient"": true, ""answer_migrated"": false}]",1,0,0.0,38.0,False,False,False,False,True,1.0,0.0,False,"<Thinking>
Packet 12 is Task YACHT: I must copy the three words YANKEE OSCAR CHARLIE. There are no other tasks in this stream.
</Thinking> 

<Final_Answers>
- Task YACHT: YANKEE OSCAR CHARLIE
</Final_Answers>",qwen2.5:7b,7.0,Qwen2.5,97.0
1,non-ordered,True,True,48.0,,,,,none,cot,3,1,WOMBAT,[3],0.0,1024,512.0,41,3,MIKE KILO HOTEL,,,,0,True,True,True,,"[{""name"": ""WOMBAT"", ""kind"": ""passphrase"", ""packet"": 3, ""rank"": 1, ""answer"": ""MIKE KILO HOTEL"", ""reported"": true, ""response"": ""MIKE KILO HOTEL"", ""correct"": true, ""correct_lenient"": true, ""answer_migrated"": false}]",1,0,0.0,36.0,False,False,False,False,True,1.0,0.0,False,"<Thinking>
Packet 03 is Task WOMBAT: I must copy the three words MIKE KILO HOTEL. There are no other tasks in this stream.
</Thinking> 

<Final_Answers>
- Task WOMBAT: MIKE KILO HOTEL
</Final_Answers>",qwen2.5:7b,7.0,Qwen2.5,97.0
1,non-ordered,True,True,48.0,,,,,none,cot,1,1,ANCHOVY,[1],0.0,1024,512.0,1041,3,OSCAR FOXTROT MIKE,,,,0,True,True,True,,"[{""name"": ""ANCHOVY"", ""kind"": ""passphrase"", ""packet"": 1, ""rank"": 1, ""answer"": ""OSCAR FOXTROT MIKE"", ""reported"": true, ""response"": ""OSCAR FOXTROT MIKE"", ""correct"": true, ""correct_lenient"": true, ""answer_migrated"": false}]",1,1,0.0,48.0,True,False,False,False,False,2.0,1.0,False,"<Thinking>
Packet 01 is Task ANCHOVY: I must copy the three words OSCPTEAROT MIKE. Packet 12 is Task CANARY: The deployment of version 5.2.0 started on canary
</Thinking>
<Final_Answers>
- Task ANCHOVY: OSCAR FOXTROT MIKE
- Task CANARY: version 5.2.0
</Final_Answers>",qwen2.5:7b,7.0,Qwen2.5,97.0
1,non-ordered,True,True,48.0,,,,,none,cot,10,1,MANDOLIN,[10],0.0,1024,512.0,2041,3,BRAVO OSCAR WHISKEY,,,,0,True,True,True,,"[{""name"": ""MANDOLIN"", ""kind"": ""passphrase"", ""packet"": 10, ""rank"": 1, ""answer"": ""BRAVO OSCAR WHISKEY"", ""reported"": true, ""response"": ""BRAVO OSCAR WHISKEY"", ""correct"": true, ""correct_lenient"": true, ""answer_migrated"": false}]",1,0,0.0,37.0,False,False,False,False,True,1.0,0.0,False,"<Thinking>
Packet 10 is Task MANDOLIN: I must copy the three words BRAVO OSCAR WHISKEY. I found 1 task in this stream.
</Thinking> 

<Final_Answers>
- Task MANDOLIN: BRAVO OSCAR WHISKEY
</Final_Answers>",qwen2.5:7b,7.0,Qwen2.5,97.0
1,non-ordered,True,True,48.0,,,,,none,cot,11,1,ZIGZAG,[11],0.0,1024,512.0,3041,3,BRAVO YANKEE MIKE,,,,0,True,True,True,,"[{""name"": ""ZIGZAG"", ""kind"": ""passphrase"", ""packet"": 11, ""rank"": 1, ""answer"": ""BRAVO YANKEE MIKE"", ""reported"": true, ""response"": ""BRAVO YANKEE MIKE"", ""correct"": true, ""correct_lenient"": true, ""answer_migrated"": false}]",1,0,0.0,36.0,False,False,False,False,True,1.0,0.0,False,"<Thinking>
Packet 11 is Task Zigzag: I must copy the three words BRAVO YANKEE MIKE. There are no other tasks in this stream.
</Thinking> 

<Final_Answers>
- Task Zigzag: BRAVO YANKEE MIKE
</Final_Answers>",qwen2.5:7b,7.0,Qwen2.5,97.0
1,non-ordered,True,True,48.0,,,,,none,cot,3,1,SCARECROW,[3],0.0,1024,512.0,4041,3,UNIFORM ROMEO KILO,,,,0,True,True,True,,"[{""name"": ""SCARECROW"", ""kind"": ""passphrase"", ""packet"": 3, ""rank"": 1, ""answer"": ""UNIFORM ROMEO KILO"", ""reported"": true, ""response"": ""UNIFORM ROMEO KILO"", ""correct"": true, ""correct_lenient"": true, ""answer_migrated"": false}]",1,0,0.0,37.0,False,False,False,False,True,1.0,0.0,False,"<Thinking>
Packet 03 is Task SCARECROW: I must copy the three words UNIFORM ROMEO KILO. There are no other tasks in this stream.
</Thinking> 

<Final_Answers>
- Task SCARECROW: UNIFORM ROMEO KILO
</Final_Answers>",qwen2.5:7b,7.0,Qwen2.5,97.0
1,non-ordered,True,True,48.0,,,,,none,cot,12,1,IGLOO,[12],0.0,1024,512.0,5041,3,WHISKEY YANKEE ROMEO,,,,0,False,False,True,,"[{""name"": ""IGLOO"", ""kind"": ""passphrase"", ""packet"": 12, ""rank"": 1, ""answer"": ""WHISKEY YANKEE ROMEO"", ""reported"": true, ""response"": ""WHIS"", ""correct"": false, ""correct_lenient"": false, ""answer_migrated"": false}]",1,0,0.0,48.0,True,False,False,False,True,1.0,0.0,False,"<Thinking>
Packet 12 is Task IGLOO: I must copy the three words WHISKEY YANKEE ROMEO.
I found 1 task in this stream.

<Final_Answers>
- Task IGLOO: WHIS
</Thinking>
<Final_Answers>
- Task IGLOO: WHISKEY YANKEE ROMEO
</Final_Answers>",qwen2.5:7b,7.0,Qwen2.5,97.0
1,non-ordered,True,True,48.0,,,,,none,cot,11,1,NECTARINE,[11],0.0,1024,512.0,6041,3,YANKEE ALPHA SIERRA,,,,0,False,False,True,,"[{""name"": ""NECTARINE"", ""kind"": ""passphrase"", ""packet"": 11, ""rank"": 1, ""answer"": ""YANKEE ALPHA SIERRA"", ""reported"": true, ""response"": ""Y"", ""correct"": false, ""correct_lenient"": false, ""answer_migrated"": false}]",1,0,0.0,48.0,True,False,False,False,True,1.0,0.0,False,"<Thinking>
Packet 11 is Task NECTARINE: I must copy the three words YANKEE ALPHA SIERRA.
I found 1 task in this stream.

<Final_Answers>
- Task NECTARINE: Y
</Thinking>
<Final_Answers>
- Task NECTARINE: YANKEE ALPHA SIERRERA
</Final_Answers>",qwen2.5:7b,7.0,Qwen2.5,97.0
1,non-ordered,True,True,48.0,,,,,none,cot,12,1,SAPPHIRE,[12],0.0,1024,512.0,7041,3,YANKEE OSCAR CHARLIE,,,,0,True,True,True,,"[{""name"": ""SAPPHIRE"", ""kind"": ""passphrase"", ""packet"": 12, ""rank"": 1, ""answer"": ""YANKEE OSCAR CHARLIE"", ""reported"": true, ""response"": ""YANKEE OSCAR CHARLIE"", ""correct"": true, ""correct_lenient"": true, ""answer_migrated"": false}]",1,0,0.0,38.0,False,False,False,False,True,1.0,0.0,False,"<Thinking>
Packet 12 is Task SAPPHIRE: I must copy the three words YANKEE OSCAR CHARLIE. There are no other tasks in this stream.
</Thinking> 

<Final_Answers>
- Task SAPPHIRE: YANKEE OSCAR CHARLIE
</Final_Answers>",qwen2.5:7b,7.0,Qwen2.5,97.0
1,non-ordered,False,True,97.0,,,,,none,cot,3,1,UNICYCLE,[3],0.0,1024,512.0,41,3,MIKE KILO HOTEL,,,,0,True,True,True,,"[{""name"": ""UNICYCLE"", ""kind"": ""passphrase"", ""packet"": 3, ""rank"": 1, ""answer"": ""MIKE KILO HOTEL"", ""reported"": true, ""response"": ""MIKE KILO HOTEL"", ""correct"": true, ""correct_lenient"": true, ""answer_migrated"": false}]",1,0,0.0,36.0,False,False,False,False,True,1.0,0.0,False,"<Thinking>
Packet 03 is Task UNICYCLE: I must copy the three words MIKE KILO HOTEL. There are no other tasks in this stream.
</Thinking> 

<Final_Answers>
- Task UNICYCLE: MIKE KILO HOTEL
</Final_Answers>",qwen2.5:7b,7.0,Qwen2.5,97.0
1,non-ordered,False,True,97.0,,,,,none,cot,1,1,URCHIN,[1],0.0,1024,512.0,1041,3,OSCAR FOXTROT MIKE,,,,0,False,False,False,,"[{""name"": ""URCHIN"", ""kind"": ""passphrase"", ""packet"": 1, ""rank"": 1, ""answer"": ""OSCAR FOXTROT MIKE"", ""reported"": true, ""response"": ""OSCPOTROM"", ""correct"": false, ""correct_lenient"": false, ""answer_migrated"": false}]",1,0,0.0,55.0,False,False,False,False,False,2.0,1.0,False,"<Thinking>
Packet 01 is Task URCHIN: I must copy the three words OSCPOTROM.
Packet 12 is Task QUEUE_BETA: The feature flag 'queue_beta' was set to enabled.
I found 2 tasks in this stream.

</Thinking>  
<Final_Answers>
- Task URCHIN: OSCPOTROM
- Task QUEUE_BETA: enabled
</Final_Answers>",qwen2.5:7b,7.0,Qwen2.5,97.0
1,non-ordered,False,True,97.0,,,,,none,cot,10,1,ORIGAMI,[10],0.0,1024,512.0,2041,3,BRAVO OSCAR WHISKEY,,,,0,True,True,True,,"[{""name"": ""ORIGAMI"", ""kind"": ""passphrase"", ""packet"": 10, ""rank"": 1, ""answer"": ""BRAVO OSCAR WHISKEY"", ""reported"": true, ""response"": ""BRAVO OSCAR WHISKEY"", ""correct"": true, ""correct_lenient"": true, ""answer_migrated"": false}]",1,0,0.0,36.0,False,False,False,False,True,1.0,0.0,False,"<Thinking>
Packet 10 is Task ORIGAMI: I must copy the three words BRAVO OSCAR WHISKEY. There are no other tasks in this stream.
</Thinking> 

<Final_Answers>
- Task ORIGAMI: BRAVO OSCAR WHISKEY
</Final_Answers>",qwen2.5:7b,7.0,Qwen2.5,97.0
1,non-ordered,False,True,97.0,,,,,none,cot,11,1,DANDELION,[11],0.0,1024,512.0,3041,3,BRAVO YANKEE MIKE,,,,0,False,True,True,,"[{""name"": ""DANDELION"", ""kind"": ""passphrase"", ""packet"": 11, ""rank"": 1, ""answer"": ""BRAVO YANKEE MIKE"", ""reported"": true, ""response"": ""BRAVO YANKEE MIKE</Thinking></Final_Answers>"", ""correct"": false, ""correct_lenient"": true, ""answer_migrated"": false}]",1,0,0.0,54.0,False,False,False,False,True,1.0,0.0,False,"<Thinking>
Packet 11 is Task DANDELION: I must copy the three words BRAVO YANKEE MIKE. There are no other tasks in this stream.

<Final_Answers>
- Task DANDELION: BRAVO YANKEE MIKE</Thinking></Final_Answers>",qwen2.5:7b,7.0,Qwen2.5,97.0
1,non-ordered,False,True,97.0,,,,,none,cot,3,1,HEDGEHOG,[3],0.0,1024,512.0,4041,3,UNIFORM ROMEO KILO,,,,0,True,True,True,,"[{""name"": ""HEDGEHOG"", ""kind"": ""passphrase"", ""packet"": 3, ""rank"": 1, ""answer"": ""UNIFORM ROMEO KILO"", ""reported"": true, ""response"": ""UNIFORM ROMEO KILO"", ""correct"": true, ""correct_lenient"": true, ""answer_migrated"": false}]",1,0,0.0,37.0,False,False,False,False,True,1.0,0.0,False,"<Thinking>
Packet 03 is Task HEDGEHOG: I must copy the three words UNIFORM ROMEO KILO. There are no other tasks in this stream.
</Thinking> 

<Final_Answers>
- Task HEDGEHOG: UNIFORM ROMEO KILO
</Final_Answers>",qwen2.5:7b,7.0,Qwen2.5,97.0
1,non-ordered,False,True,97.0,,,,,none,cot,12,1,YODEL,[12],0.0,1024,512.0,5041,3,WHISKEY YANKEE ROMEO,,,,0,True,True,True,,"[{""name"": ""YODEL"", ""kind"": ""passphrase"", ""packet"": 12, ""rank"": 1, ""answer"": ""WHISKEY YANKEE ROMEO"", ""reported"": true, ""response"": ""WHISKEY YANKEE ROMEO"", ""correct"": true, ""correct_lenient"": true, ""answer_migrated"": false}]",1,0,0.0,38.0,False,False,False,False,True,1.0,0.0,False,"<Thinking>
Packet 12 is Task YODEL: I must copy the three words WHISKEY YANKEE ROMEO. There are no other tasks in this stream.

</Thinking>  
<Final_Answers>
- Task YODEL: WHISKEY YANKEE ROMEO
</Final_Answers>",qwen2.5:7b,7.0,Qwen2.5,97.0
1,non-ordered,False,True,97.0,,,,,none,cot,11,1,VINEYARD,[11],0.0,1024,512.0,6041,3,YANKEE ALPHA SIERRA,,,,0,False,True,True,,"[{""name"": ""VINEYARD"", ""kind"": ""passphrase"", ""packet"": 11, ""rank"": 1, ""answer"": ""YANKEE ALPHA SIERRA"", ""reported"": true, ""response"": ""YANKEE ALPHA SIERRA</Thinking></Final_Answers>"", ""correct"": false, ""correct_lenient"": true, ""answer_migrated"": false}]",1,0,0.0,56.0,False,False,False,False,True,1.0,0.0,False,"<Thinking>
Packet 11 is Task VINEYARD: I must copy the three words YANKEE ALPHA SIERRA.
I found 1 task in this stream.

<Final_Answers>
- Task VINEYARD: YANKEE ALPHA SIERRA</Thinking></Final_Answers>",qwen2.5:7b,7.0,Qwen2.5,97.0
1,non-ordered,False,True,97.0,,,,,none,cot,12,1,YACHT,[12],0.0,1024,512.0,7041,3,YANKEE OSCAR CHARLIE,,,,0,True,True,True,,"[{""name"": ""YACHT"", ""kind"": ""passphrase"", ""packet"": 12, ""rank"": 1, ""answer"": ""YANKEE OSCAR CHARLIE"", ""reported"": true, ""response"": ""YANKEE OSCAR CHARLIE"", ""correct"": true, ""correct_lenient"": true, ""answer_migrated"": false}]",1,0,0.0,38.0,False,False,False,False,True,1.0,0.0,False,"<Thinking>
Packet 12 is Task YACHT: I must copy the three words YANKEE OSCAR CHARLIE. There are no other tasks in this stream.
</Thinking> 

<Final_Answers>
- Task YACHT: YANKEE OSCAR CHARLIE
</Final_Answers>",qwen2.5:7b,7.0,Qwen2.5,97.0
1,non-ordered,True,True,97.0,,,,,none,cot,3,1,WOMBAT,[3],0.0,1024,512.0,41,3,MIKE KILO HOTEL,,,,0,True,True,True,,"[{""name"": ""WOMBAT"", ""kind"": ""passphrase"", ""packet"": 3, ""rank"": 1, ""answer"": ""MIKE KILO HOTEL"", ""reported"": true, ""response"": ""MIKE KILO HOTEL"", ""correct"": true, ""correct_lenient"": true, ""answer_migrated"": false}]",1,0,0.0,36.0,False,False,False,False,True,1.0,0.0,False,"<Thinking>
Packet 03 is Task WOMBAT: I must copy the three words MIKE KILO HOTEL. There are no other tasks in this stream.
</Thinking> 

<Final_Answers>
- Task WOMBAT: MIKE KILO HOTEL
</Final_Answers>",qwen2.5:7b,7.0,Qwen2.5,97.0
1,non-ordered,True,True,97.0,,,,,none,cot,1,1,ANCHOVY,[1],0.0,1024,512.0,1041,3,OSCAR FOXTROT MIKE,,,,0,True,True,True,,"[{""name"": ""ANCHOVY"", ""kind"": ""passphrase"", ""packet"": 1, ""rank"": 1, ""answer"": ""OSCAR FOXTROT MIKE"", ""reported"": true, ""response"": ""OSCAR FOXTROT MIKE"", ""correct"": true, ""correct_lenient"": true, ""answer_migrated"": false}]",1,1,0.0,97.0,True,False,False,False,False,4.0,3.0,True,"<Thinking>
Packet 01 is Task ANCHOVY: I must copy the three words OSCPTEAROT MIKE. Packet 12 is Task CANARY: The deployment of version 5.2.0 started on canary. Packet 13 is Task QUEUE_BETA: The feature flag 'queue_beta' was set to enabled. Packet 14 is Task STATE_DB: The configuration file state.db was reloaded on node-d.

I found 4 tasks
</Thinking>
<Final_Answers>
- Task ANCHOVY: OSCAR FOXTROT MIKE
- Task CANARY: Deployment of version 5.2.0 started on canary
- Task QUEUE_BETA: enabled
- Task STATE_DB: state.db reloaded on node-d
</Final_Answers>",qwen2.5:7b,7.0,Qwen2.5,97.0
1,non-ordered,True,True,97.0,,,,,none,cot,10,1,MANDOLIN,[10],0.0,1024,512.0,2041,3,BRAVO OSCAR WHISKEY,,,,0,True,True,True,,"[{""name"": ""MANDOLIN"", ""kind"": ""passphrase"", ""packet"": 10, ""rank"": 1, ""answer"": ""BRAVO OSCAR WHISKEY"", ""reported"": true, ""response"": ""BRAVO OSCAR WHISKEY"", ""correct"": true, ""correct_lenient"": true, ""answer_migrated"": false}]",1,0,0.0,37.0,False,False,False,False,True,1.0,0.0,False,"<Thinking>
Packet 10 is Task MANDOLIN: I must copy the three words BRAVO OSCAR WHISKEY. I found 1 task in this stream.
</Thinking> 

<Final_Answers>
- Task MANDOLIN: BRAVO OSCAR WHISKEY
</Final_Answers>",qwen2.5:7b,7.0,Qwen2.5,97.0
1,non-ordered,True,True,97.0,,,,,none,cot,11,1,ZIGZAG,[11],0.0,1024,512.0,3041,3,BRAVO YANKEE MIKE,,,,0,True,True,True,,"[{""name"": ""ZIGZAG"", ""kind"": ""passphrase"", ""packet"": 11, ""rank"": 1, ""answer"": ""BRAVO YANKEE MIKE"", ""reported"": true, ""response"": ""BRAVO YANKEE MIKE"", ""correct"": true, ""correct_lenient"": true, ""answer_migrated"": false}]",1,0,0.0,36.0,False,False,False,False,True,1.0,0.0,False,"<Thinking>
Packet 11 is Task Zigzag: I must copy the three words BRAVO YANKEE MIKE. There are no other tasks in this stream.
</Thinking> 

<Final_Answers>
- Task Zigzag: BRAVO YANKEE MIKE
</Final_Answers>",qwen2.5:7b,7.0,Qwen2.5,97.0
1,non-ordered,True,True,97.0,,,,,none,cot,3,1,SCARECROW,[3],0.0,1024,512.0,4041,3,UNIFORM ROMEO KILO,,,,0,True,True,True,,"[{""name"": ""SCARECROW"", ""kind"": ""passphrase"", ""packet"": 3, ""rank"": 1, ""answer"": ""UNIFORM ROMEO KILO"", ""reported"": true, ""response"": ""UNIFORM ROMEO KILO"", ""correct"": true, ""correct_lenient"": true, ""answer_migrated"": false}]",1,0,0.0,37.0,False,False,False,False,True,1.0,0.0,False,"<Thinking>
Packet 03 is Task SCARECROW: I must copy the three words UNIFORM ROMEO KILO. There are no other tasks in this stream.
</Thinking> 

<Final_Answers>
- Task SCARECROW: UNIFORM ROMEO KILO
</Final_Answers>",qwen2.5:7b,7.0,Qwen2.5,97.0
1,non-ordered,True,True,97.0,,,,,none,cot,12,1,IGLOO,[12],0.0,1024,512.0,5041,3,WHISKEY YANKEE ROMEO,,,,0,False,True,True,,"[{""name"": ""IGLOO"", ""kind"": ""passphrase"", ""packet"": 12, ""rank"": 1, ""answer"": ""WHISKEY YANKEE ROMEO"", ""reported"": true, ""response"": ""WHISKEY YANKEE ROMEO</Thinking></Final_Answers>"", ""correct"": false, ""correct_lenient"": true, ""answer_migrated"": false}]",1,0,0.0,56.0,False,False,False,False,True,1.0,0.0,False,"<Thinking>
Packet 12 is Task IGLOO: I must copy the three words WHISKEY YANKEE ROMEO.
I found 1 task in this stream.

<Final_Answers>
- Task IGLOO: WHISKEY YANKEE ROMEO</Thinking></Final_Answers>",qwen2.5:7b,7.0,Qwen2.5,97.0
1,non-ordered,True,True,97.0,,,,,none,cot,11,1,NECTARINE,[11],0.0,1024,512.0,6041,3,YANKEE ALPHA SIERRA,,,,0,False,True,True,,"[{""name"": ""NECTARINE"", ""kind"": ""passphrase"", ""packet"": 11, ""rank"": 1, ""answer"": ""YANKEE ALPHA SIERRA"", ""reported"": true, ""response"": ""YANKEE ALPHA SIERRA</Thinking></Final_Answers>"", ""correct"": false, ""correct_lenient"": true, ""answer_migrated"": false}]",1,0,0.0,56.0,False,False,False,False,True,1.0,0.0,False,"<Thinking>
Packet 11 is Task NECTARINE: I must copy the three words YANKEE ALPHA SIERRA.
I found 1 task in this stream.

<Final_Answers>
- Task NECTARINE: YANKEE ALPHA SIERRA</Thinking></Final_Answers>",qwen2.5:7b,7.0,Qwen2.5,97.0
1,non-ordered,True,True,97.0,,,,,none,cot,12,1,SAPPHIRE,[12],0.0,1024,512.0,7041,3,YANKEE OSCAR CHARLIE,,,,0,True,True,True,,"[{""name"": ""SAPPHIRE"", ""kind"": ""passphrase"", ""packet"": 12, ""rank"": 1, ""answer"": ""YANKEE OSCAR CHARLIE"", ""reported"": true, ""response"": ""YANKEE OSCAR CHARLIE"", ""correct"": true, ""correct_lenient"": true, ""answer_migrated"": false}]",1,0,0.0,38.0,False,False,False,False,True,1.0,0.0,False,"<Thinking>
Packet 12 is Task SAPPHIRE: I must copy the three words YANKEE OSCAR CHARLIE. There are no other tasks in this stream.
</Thinking> 

<Final_Answers>
- Task SAPPHIRE: YANKEE OSCAR CHARLIE
</Final_Answers>",qwen2.5:7b,7.0,Qwen2.5,97.0
1,non-ordered,False,True,,,,,,none,cot,3,1,UNICYCLE,[3],0.0,1024,,41,3,MIKE KILO HOTEL,,,,0,True,True,True,,"[{""name"": ""UNICYCLE"", ""kind"": ""passphrase"", ""packet"": 3, ""rank"": 1, ""answer"": ""MIKE KILO HOTEL"", ""reported"": true, ""response"": ""MIKE KILO HOTEL"", ""correct"": true, ""correct_lenient"": true, ""answer_migrated"": false}]",1,0,0.0,,,False,False,False,True,1.0,0.0,False,"<Thinking>
Packet 03 is Task UNICYCLE: I must copy the three words MIKE KILO HOTEL. There are no other tasks in this stream.
</Thinking>

<Final_Answers>
- Task UNICYCLE: MIKE KILO HOTEL
",qwen2.5:7b,7.0,Qwen2.5,97.0
1,non-ordered,False,True,,,,,,none,cot,1,1,URCHIN,[1],0.0,1024,,1041,3,OSCAR FOXTROT MIKE,,,,0,False,False,False,,"[{""name"": ""URCHIN"", ""kind"": ""passphrase"", ""packet"": 1, ""rank"": 1, ""answer"": ""OSCAR FOXTROT MIKE"", ""reported"": true, ""response"": ""OSCPOTROM"", ""correct"": false, ""correct_lenient"": false, ""answer_migrated"": false}]",1,0,0.0,,,False,False,False,False,2.0,1.0,False,"<Thinking>
Packet 01 is Task URCHIN: I must copy the three words OSCPOTROM.
Packet 12 is Task QUEUE_BETA: The feature flag 'queue_beta' was set to enabled.
I found 2 tasks in this stream.

</Thinking>
<Final_Answers>
- Task URCHIN: OSCPOTROM
- Task QUEUE_BETA: enabled
",qwen2.5:7b,7.0,Qwen2.5,97.0
1,non-ordered,False,True,,,,,,none,cot,10,1,ORIGAMI,[10],0.0,1024,,2041,3,BRAVO OSCAR WHISKEY,,,,0,True,True,True,,"[{""name"": ""ORIGAMI"", ""kind"": ""passphrase"", ""packet"": 10, ""rank"": 1, ""answer"": ""BRAVO OSCAR WHISKEY"", ""reported"": true, ""response"": ""BRAVO OSCAR WHISKEY"", ""correct"": true, ""correct_lenient"": true, ""answer_migrated"": false}]",1,0,0.0,,,False,False,False,True,1.0,0.0,False,"<Thinking>
Packet 10 is Task ORIGAMI: I must copy the three words BRAVO OSCAR WHISKEY. There was only one task packet in this stream.
</Thinking>

<Final_Answers>
- Task ORIGAMI: BRAVO OSCAR WHISKEY
",qwen2.5:7b,7.0,Qwen2.5,97.0
1,non-ordered,False,True,,,,,,none,cot,11,1,DANDELION,[11],0.0,1024,,3041,3,BRAVO YANKEE MIKE,,,,0,True,True,True,,"[{""name"": ""DANDELION"", ""kind"": ""passphrase"", ""packet"": 11, ""rank"": 1, ""answer"": ""BRAVO YANKEE MIKE"", ""reported"": true, ""response"": ""BRAVO YANKEE MIKE"", ""correct"": true, ""correct_lenient"": true, ""answer_migrated"": false}]",1,0,0.0,,,False,False,False,True,1.0,0.0,False,"<Thinking>
Packet 11 is Task DANDELION: I must copy the three words BRAVO YANKEE MIKE. There are no other tasks in this stream.

<Final_Answers>
- Task DANDELION: BRAVO YANKEE MIKE",qwen2.5:7b,7.0,Qwen2.5,97.0
1,non-ordered,False,True,,,,,,none,cot,3,1,HEDGEHOG,[3],0.0,1024,,4041,3,UNIFORM ROMEO KILO,,,,0,True,True,True,,"[{""name"": ""HEDGEHOG"", ""kind"": ""passphrase"", ""packet"": 3, ""rank"": 1, ""answer"": ""UNIFORM ROMEO KILO"", ""reported"": true, ""response"": ""UNIFORM ROMEO KILO"", ""correct"": true, ""correct_lenient"": true, ""answer_migrated"": false}]",1,0,0.0,,,False,False,False,True,1.0,0.0,False,"<Thinking>
Packet 03 is Task HEDGEHOG: I must copy the three words UNIFORM ROMEO KILO. There are no other tasks in this stream.
</Thinking>

<Final_Answers>
- Task HEDGEHOG: UNIFORM ROMEO KILO
",qwen2.5:7b,7.0,Qwen2.5,97.0
1,non-ordered,False,True,,,,,,none,cot,12,1,YODEL,[12],0.0,1024,,5041,3,WHISKEY YANKEE ROMEO,,,,0,True,True,True,,"[{""name"": ""YODEL"", ""kind"": ""passphrase"", ""packet"": 12, ""rank"": 1, ""answer"": ""WHISKEY YANKEE ROMEO"", ""reported"": true, ""response"": ""WHISKEY YANKEE ROMEO"", ""correct"": true, ""correct_lenient"": true, ""answer_migrated"": false}]",1,0,0.0,,,False,False,False,True,1.0,0.0,False,"<Thinking>
Packet 12 is Task YODEL: I must copy the three words WHISKEY YANKEE ROMEO. There are no other tasks in this stream.

</Thinking>

<Final_Answers>
- Task YODEL: WHISKEY YANKEE ROMEO
",qwen2.5:7b,7.0,Qwen2.5,97.0
1,non-ordered,False,True,,,,,,none,cot,11,1,VINEYARD,[11],0.0,1024,,6041,3,YANKEE ALPHA SIERRA,,,,0,True,True,True,,"[{""name"": ""VINEYARD"", ""kind"": ""passphrase"", ""packet"": 11, ""rank"": 1, ""answer"": ""YANKEE ALPHA SIERRA"", ""reported"": true, ""response"": ""YANKEE ALPHA SIERRA"", ""correct"": true, ""correct_lenient"": true, ""answer_migrated"": false}]",1,0,0.0,,,False,False,False,True,1.0,0.0,False,"<Thinking>
Packet 11 is Task VINEYARD: I must copy the three words YANKEE ALPHA SIERRA.
I found 1 task in this stream.

<Final_Answers>
- Task VINEYARD: YANKEE ALPHA SIERRA",qwen2.5:7b,7.0,Qwen2.5,97.0
1,non-ordered,False,True,,,,,,none,cot,12,1,YACHT,[12],0.0,1024,,7041,3,YANKEE OSCAR CHARLIE,,,,0,True,True,True,,"[{""name"": ""YACHT"", ""kind"": ""passphrase"", ""packet"": 12, ""rank"": 1, ""answer"": ""YANKEE OSCAR CHARLIE"", ""reported"": true, ""response"": ""YANKEE OSCAR CHARLIE"", ""correct"": true, ""correct_lenient"": true, ""answer_migrated"": false}]",1,0,0.0,,,False,False,False,True,1.0,0.0,False,"<Thinking>
Packet 12 is Task YACHT: I must copy the three words YANKEE OSCAR CHARLIE. There are no other tasks in this stream.
</Thinking>

<Final_Answers>
- Task YACHT: YANKEE OSCAR CHARLIE
",qwen2.5:7b,7.0,Qwen2.5,97.0
1,non-ordered,True,True,,,,,,none,cot,3,1,WOMBAT,[3],0.0,1024,,41,3,MIKE KILO HOTEL,,,,0,True,True,True,,"[{""name"": ""WOMBAT"", ""kind"": ""passphrase"", ""packet"": 3, ""rank"": 1, ""answer"": ""MIKE KILO HOTEL"", ""reported"": true, ""response"": ""MIKE KILO HOTEL"", ""correct"": true, ""correct_lenient"": true, ""answer_migrated"": false}]",1,0,0.0,,,False,False,False,True,1.0,0.0,False,"<Thinking>
Packet 03 is Task WOMBAT: I must copy the three words MIKE KILO HOTEL. There are no other tasks in this stream.
</Thinking>

<Final_Answers>
- Task WOMBAT: MIKE KILO HOTEL
",qwen2.5:7b,7.0,Qwen2.5,97.0
1,non-ordered,True,True,,,,,,none,cot,1,1,ANCHOVY,[1],0.0,1024,,1041,3,OSCAR FOXTROT MIKE,,,,0,True,True,True,,"[{""name"": ""ANCHOVY"", ""kind"": ""passphrase"", ""packet"": 1, ""rank"": 1, ""answer"": ""OSCAR FOXTROT MIKE"", ""reported"": true, ""response"": ""OSCAR FOXTROT MIKE"", ""correct"": true, ""correct_lenient"": true, ""answer_migrated"": false}]",1,1,0.0,,,False,False,False,False,4.0,3.0,True,"<Thinking>
Packet 01 is Task ANCHOVY: I must copy the three words OSCPTEAROT MIKE. Packet 12 is Task CANARY: The deployment of version 5.2.0 started on canary. Packet 13 is Task QUEUE_BETA: The feature flag 'queue_beta' was set to enabled. Packet 14 is Task STATE_DB: The configuration file state.db was reloaded on node-d.

I found 4 tasks in this stream.
</Thinking>
<Final_Answers>
- Task ANCHOVY: OSCAR FOXTROT MIKE
- Task CANARY: Deployment of version 5.2.0 started on canary
- Task QUEUE_BETA: enabled
- Task STATE_DB: state.db reloaded on node-d
",qwen2.5:7b,7.0,Qwen2.5,97.0
1,non-ordered,True,True,,,,,,none,cot,10,1,MANDOLIN,[10],0.0,1024,,2041,3,BRAVO OSCAR WHISKEY,,,,0,True,True,True,,"[{""name"": ""MANDOLIN"", ""kind"": ""passphrase"", ""packet"": 10, ""rank"": 1, ""answer"": ""BRAVO OSCAR WHISKEY"", ""reported"": true, ""response"": ""BRAVO OSCAR WHISKEY"", ""correct"": true, ""correct_lenient"": true, ""answer_migrated"": false}]",1,0,0.0,,,False,False,False,True,1.0,0.0,False,"<Thinking>
Packet 10 is Task MANDOLIN: I must copy the three words BRAVO OSCAR WHISKEY. I found 1 task in this stream.
</Thinking>

<Final_Answers>
- Task MANDOLIN: BRAVO OSCAR WHISKEY
",qwen2.5:7b,7.0,Qwen2.5,97.0
1,non-ordered,True,True,,,,,,none,cot,11,1,ZIGZAG,[11],0.0,1024,,3041,3,BRAVO YANKEE MIKE,,,,0,True,True,True,,"[{""name"": ""ZIGZAG"", ""kind"": ""passphrase"", ""packet"": 11, ""rank"": 1, ""answer"": ""BRAVO YANKEE MIKE"", ""reported"": true, ""response"": ""BRAVO YANKEE MIKE"", ""correct"": true, ""correct_lenient"": true, ""answer_migrated"": false}]",1,0,0.0,,,False,False,False,True,1.0,0.0,False,"<Thinking>
Packet 11 is Task Zigzag: I must copy the three words BRAVO YANKEE MIKE. There are no other tasks in this stream.
</Thinking>

<Final_Answers>
- Task Zigzag: BRAVO YANKEE MIKE
",qwen2.5:7b,7.0,Qwen2.5,97.0
1,non-ordered,True,True,,,,,,none,cot,3,1,SCARECROW,[3],0.0,1024,,4041,3,UNIFORM ROMEO KILO,,,,0,True,True,True,,"[{""name"": ""SCARECROW"", ""kind"": ""passphrase"", ""packet"": 3, ""rank"": 1, ""answer"": ""UNIFORM ROMEO KILO"", ""reported"": true, ""response"": ""UNIFORM ROMEO KILO"", ""correct"": true, ""correct_lenient"": true, ""answer_migrated"": false}]",1,0,0.0,,,False,False,False,True,1.0,0.0,False,"<Thinking>
Packet 03 is Task SCARECROW: I must copy the three words UNIFORM ROMEO KILO. There are no other tasks in this stream.
</Thinking>

<Final_Answers>
- Task SCARECROW: UNIFORM ROMEO KILO
",qwen2.5:7b,7.0,Qwen2.5,97.0
1,non-ordered,True,True,,,,,,none,cot,12,1,IGLOO,[12],0.0,1024,,5041,3,WHISKEY YANKEE ROMEO,,,,0,True,True,True,,"[{""name"": ""IGLOO"", ""kind"": ""passphrase"", ""packet"": 12, ""rank"": 1, ""answer"": ""WHISKEY YANKEE ROMEO"", ""reported"": true, ""response"": ""WHISKEY YANKEE ROMEO"", ""correct"": true, ""correct_lenient"": true, ""answer_migrated"": false}]",1,0,0.0,,,False,False,False,True,1.0,0.0,False,"<Thinking>
Packet 12 is Task IGLOO: I must copy the three words WHISKEY YANKEE ROMEO.
I found 1 task in this stream.

<Final_Answers>
- Task IGLOO: WHISKEY YANKEE ROMEO",qwen2.5:7b,7.0,Qwen2.5,97.0
1,non-ordered,True,True,,,,,,none,cot,11,1,NECTARINE,[11],0.0,1024,,6041,3,YANKEE ALPHA SIERRA,,,,0,True,True,True,,"[{""name"": ""NECTARINE"", ""kind"": ""passphrase"", ""packet"": 11, ""rank"": 1, ""answer"": ""YANKEE ALPHA SIERRA"", ""reported"": true, ""response"": ""YANKEE ALPHA SIERRA"", ""correct"": true, ""correct_lenient"": true, ""answer_migrated"": false}]",1,0,0.0,,,False,False,False,True,1.0,0.0,False,"<Thinking>
Packet 11 is Task NECTARINE: I must copy the three words YANKEE ALPHA SIERRA.
I found 1 task in this stream.

<Final_Answers>
- Task NECTARINE: YANKEE ALPHA SIERRA",qwen2.5:7b,7.0,Qwen2.5,97.0
1,non-ordered,True,True,,,,,,none,cot,12,1,SAPPHIRE,[12],0.0,1024,,7041,3,YANKEE OSCAR CHARLIE,,,,0,True,True,True,,"[{""name"": ""SAPPHIRE"", ""kind"": ""passphrase"", ""packet"": 12, ""rank"": 1, ""answer"": ""YANKEE OSCAR CHARLIE"", ""reported"": true, ""response"": ""YANKEE OSCAR CHARLIE"", ""correct"": true, ""correct_lenient"": true, ""answer_migrated"": false}]",1,0,0.0,,,False,False,False,True,1.0,0.0,False,"<Thinking>
Packet 12 is Task SAPPHIRE: I must copy the three words YANKEE OSCAR CHARLIE. There are no other tasks in this stream.
</Thinking>

<Final_Answers>
- Task SAPPHIRE: YANKEE OSCAR CHARLIE
",qwen2.5:7b,7.0,Qwen2.5,97.0
3,non-ordered,False,True,24.0,,,,,trivial,cot,3,1,PLATYPUS,"[3, 11, 15]",0.0,1024,512.0,88,3,MIKE GOLF KILO,,,,0,True,True,True,1.0,"[{""name"": ""PLATYPUS"", ""kind"": ""passphrase"", ""packet"": 3, ""rank"": 1, ""answer"": ""MIKE GOLF KILO"", ""reported"": true, ""response"": ""MIKE GOLF KILO"", ""correct"": true, ""correct_lenient"": true, ""answer_migrated"": false}, {""name"": ""URCHIN"", ""kind"": ""load"", ""packet"": 11, ""rank"": 2, ""answer"": ""RED"", ""reported"": true, ""response"": ""RED"", ""correct"": true, ""correct_lenient"": true, ""answer_migrated"": false}, {""name"": ""LULLABY"", ""kind"": ""load"", ""packet"": 15, ""rank"": 3, ""answer"": ""EAGLE"", ""reported"": true, ""response"": ""EAGLE"", ""correct"": true, ""correct_lenient"": true, ""answer_migrated"": false}]",3,0,0.0,24.0,True,False,False,False,True,1.0,0.0,False,"<Thinking>
Packet 03 is Task PLATYPUS: I must copy the three words MIKE GOLF KILO
</Thinking>
<Final_Answers>
- Task PLATYPUS: MIKE GOLF KILO
- Task URCHIN: RED
- Task LULLABY: EAGLE
</Final_Answers>",qwen2.5:7b,7.0,Qwen2.5,97.0
3,non-ordered,False,True,24.0,,,,,trivial,cot,6,1,NARWHAL,"[6, 7, 8]",0.0,1024,512.0,1088,3,ROMEO VICTOR QUEBEC,,,,0,False,False,False,1.0,"[{""name"": ""NARWHAL"", ""kind"": ""passphrase"", ""packet"": 6, ""rank"": 1, ""answer"": ""ROMEO VICTOR QUEBEC"", ""reported"": true, ""response"": ""ROMEO VICTOR QUEB"", ""correct"": false, ""correct_lenient"": false, ""answer_migrated"": false}, {""name"": ""FLAMINGO"", ""kind"": ""load"", ""packet"": 7, ""rank"": 2, ""answer"": ""HAWK"", ""reported"": true, ""response"": ""HAWK"", ""correct"": true, ""correct_lenient"": true, ""answer_migrated"": false}, {""name"": ""HEDGEHOG"", ""kind"": ""load"", ""packet"": 8, ""rank"": 3, ""answer"": ""OCEAN"", ""reported"": true, ""response"": ""OCEAN"", ""correct"": true, ""correct_lenient"": true, ""answer_migrated"": false}]",3,0,0.0,24.0,True,False,False,False,False,1.0,0.0,False,"<Thinking>
Packet 06 is Task NARWHAL: I must copy the three words ROMEO VICTOR QUEB
</Thinking>
<Final_Answers>
- Task NARWHAL: ROMEO VICTOR QUEB
- Task FLAMINGO: HAWK
- Task HEDGEHOG: OCEAN
</Final_Answers>",qwen2.5:7b,7.0,Qwen2.5,97.0
3,non-ordered,False,True,24.0,,,,,trivial,cot,4,1,UNICYCLE,"[4, 7, 13]",0.0,1024,512.0,2088,3,SIERRA PAPA XRAY,,,,0,True,True,True,1.0,"[{""name"": ""UNICYCLE"", ""kind"": ""passphrase"", ""packet"": 4, ""rank"": 1, ""answer"": ""SIERRA PAPA XRAY"", ""reported"": true, ""response"": ""SIERRA PAPA XRAY"", ""correct"": true, ""correct_lenient"": true, ""answer_migrated"": false}, {""name"": ""CHIMNEY"", ""kind"": ""load"", ""packet"": 7, ""rank"": 2, ""answer"": ""SALMON"", ""reported"": true, ""response"": ""SALMON"", ""correct"": true, ""correct_lenient"": true, ""answer_migrated"": false}, {""name"": ""URCHIN"", ""kind"": ""load"", ""packet"": 13, ""rank"": 3, ""answer"": ""SALT"", ""reported"": true, ""response"": ""SALT"", ""correct"": true, ""correct_lenient"": true, ""answer_migrated"": false}]",3,0,0.0,24.0,True,False,False,False,True,1.0,0.0,False,"<Thinking>
Packet 04 is Task UNICYCLE: I must copy the three words SIERRA PAPA XRAY.
</Thinking>
<Final_Answers>
- Task UNICYCLE: SIERRA PAPA XRAY
- Task CHIMNEY: SALMON
- Task URCHIN: SALT
</Final_Answers>",qwen2.5:7b,7.0,Qwen2.5,97.0
3,non-ordered,False,True,24.0,,,,,trivial,cot,9,2,TULIP,"[2, 9, 12]",0.0,1024,512.0,3088,3,PAPA INDIA VICTOR,,,,0,True,True,True,1.0,"[{""name"": ""WALNUT"", ""kind"": ""load"", ""packet"": 2, ""rank"": 1, ""answer"": ""SUGAR"", ""reported"": true, ""response"": ""SUGAR"", ""correct"": true, ""correct_lenient"": true, ""answer_migrated"": false}, {""name"": ""TULIP"", ""kind"": ""passphrase"", ""packet"": 9, ""rank"": 2, ""answer"": ""PAPA INDIA VICTOR"", ""reported"": true, ""response"": ""PAPA INDIA VICTOR"", ""correct"": true, ""correct_lenient"": true, ""answer_migrated"": false}, {""name"": ""LOBSTER"", ""kind"": ""load"", ""packet"": 12, ""rank"": 3, ""answer"": ""CHAIR"", ""reported"": true, ""response"": ""CHAIR"", ""correct"": true, ""correct_lenient"": true, ""answer_migrated"": false}]",3,0,0.0,24.0,True,False,False,False,False,2.0,0.0,False,"<Thinking>
Packet 02 is Task WALNUT: report SUGAR as the result. Packet 09 is Task
</Thinking>
<Final_Answers>
- Task WALNUT: SUGAR
- Task TULIP: PAPA INDIA VICTOR
- Task LOBSTER: CHAIR
</Final_Answers>",qwen2.5:7b,7.0,Qwen2.5,97.0
3,non-ordered,False,True,24.0,,,,,trivial,cot,13,3,LULLABY,"[2, 11, 13]",0.0,1024,512.0,4088,3,ALPHA HOTEL INDIA,,,,0,True,True,True,1.0,"[{""name"": ""DOLPHIN"", ""kind"": ""load"", ""packet"": 2, ""rank"": 1, ""answer"": ""BRANCH"", ""reported"": true, ""response"": ""BRANCH"", ""correct"": true, ""correct_lenient"": true, ""answer_migrated"": false}, {""name"": ""RAVIOLI"", ""kind"": ""load"", ""packet"": 11, ""rank"": 2, ""answer"": ""SPOON"", ""reported"": true, ""response"": ""SPOON"", ""correct"": true, ""correct_lenient"": true, ""answer_migrated"": false}, {""name"": ""LULLABY"", ""kind"": ""passphrase"", ""packet"": 13, ""rank"": 3, ""answer"": ""ALPHA HOTEL INDIA"", ""reported"": true, ""response"": ""ALPHA HOTEL INDIA"", ""correct"": true, ""correct_lenient"": true, ""answer_migrated"": false}]",3,0,0.0,24.0,True,False,False,False,False,2.0,0.0,False,"<Thinking>
Packet 02 is Task DOLPHIN: report BRANCH as the result. Packet 11 is Task
</Thinking>
<Final_Answers>
- Task DOLPHIN: BRANCH
- Task RAVIOLI: SPOON
- Task LULLABY: ALPHA HOTEL INDIA
</Final_Answers>",qwen2.5:7b,7.0,Qwen2.5,97.0
3,non-ordered,False,True,24.0,,,,,trivial,cot,8,3,TAPESTRY,"[2, 6, 8]",0.0,1024,512.0,5088,3,WHISKEY ROMEO MIKE,,,,0,True,True,True,1.0,"[{""name"": ""URCHIN"", ""kind"": ""load"", ""packet"": 2, ""rank"": 1, ""answer"": ""LAKE"", ""reported"": true, ""response"": ""LAKE"", ""correct"": true, ""correct_lenient"": true, ""answer_migrated"": false}, {""name"": ""ANCHOVY"", ""kind"": ""load"", ""packet"": 6, ""rank"": 2, ""answer"": ""BLACK"", ""reported"": true, ""response"": ""BLACK"", ""correct"": true, ""correct_lenient"": true, ""answer_migrated"": false}, {""name"": ""TAPESTRY"", ""kind"": ""passphrase"", ""packet"": 8, ""rank"": 3, ""answer"": ""WHISKEY ROMEO MIKE"", ""reported"": true, ""response"": ""WHISKEY ROMEO MIKE"", ""correct"": true, ""correct_lenient"": true, ""answer_migrated"": false}]",3,0,0.0,24.0,True,False,False,False,False,2.0,0.0,False,"<Thinking>
Packet 02 is Task URCHIN: The result for this task is LAKE. Packet 06 is
</Thinking>
<Final_Answers>
- Task URCHIN: LAKE
- Task ANCHOVY: BLACK
- Task TAPESTRY: WHISKEY ROMEO MIKE
</Final_Answers>",qwen2.5:7b,7.0,Qwen2.5,97.0
3,non-ordered,False,True,24.0,,,,,trivial,cot,7,2,FALCON,"[1, 7, 15]",0.0,1024,512.0,6088,3,QUEBEC JULIET UNIFORM,,,,0,True,True,True,1.0,"[{""name"": ""SNORKEL"", ""kind"": ""load"", ""packet"": 1, ""rank"": 1, ""answer"": ""HORSE"", ""reported"": true, ""response"": ""HORSE"", ""correct"": true, ""correct_lenient"": true, ""answer_migrated"": false}, {""name"": ""FALCON"", ""kind"": ""passphrase"", ""packet"": 7, ""rank"": 2, ""answer"": ""QUEBEC JULIET UNIFORM"", ""reported"": true, ""response"": ""QUEBEC JULIET UNIFORM"", ""correct"": true, ""correct_lenient"": true, ""answer_migrated"": false}, {""name"": ""KAYAK"", ""kind"": ""load"", ""packet"": 15, ""rank"": 3, ""answer"": ""STONE"", ""reported"": true, ""response"": ""STONE"", ""correct"": true, ""correct_lenient"": true, ""answer_migrated"": false}]",3,0,0.0,24.0,True,False,False,False,False,2.0,0.0,False,"<Thinking>
Packet 01 is Task SNORKEL: The result is HORSE. Packet 07 is Task FAL
</Thinking>
<Final_Answers>
- Task SNORKEL: HORSE
- Task FALCON: QUEBEC JULIET UNIFORM
- Task KAYAK: STONE
</Final_Answers>",qwen2.5:7b,7.0,Qwen2.5,97.0
3,non-ordered,False,True,24.0,,,,,trivial,cot,4,2,MARBLE,"[1, 4, 5]",0.0,1024,512.0,7088,3,ROMEO BRAVO MIKE,,,,0,True,True,True,1.0,"[{""name"": ""FALCON"", ""kind"": ""load"", ""packet"": 1, ""rank"": 1, ""answer"": ""BOWL"", ""reported"": true, ""response"": ""BOWL"", ""correct"": true, ""correct_lenient"": true, ""answer_migrated"": false}, {""name"": ""MARBLE"", ""kind"": ""passphrase"", ""packet"": 4, ""rank"": 2, ""answer"": ""ROMEO BRAVO MIKE"", ""reported"": true, ""response"": ""ROMEO BRAVO MIKE"", ""correct"": true, ""correct_lenient"": true, ""answer_migrated"": false}, {""name"": ""WATERMELON"", ""kind"": ""load"", ""packet"": 5, ""rank"": 3, ""answer"": ""SNAKE"", ""reported"": true, ""response"": ""SNAKE"", ""correct"": true, ""correct_lenient"": true, ""answer_migrated"": false}]",3,0,0.0,24.0,True,False,False,False,False,2.0,0.0,False,"<Thinking>
Packet 01 is Task FALCON: report BOWL as the result. Packet 04 is Task MAR
</Thinking>
<Final_Answers>
- Task FALCON: BOWL
- Task MARBLE: ROMEO BRAVO MIKE
- Task WATERMELON: SNAKE
</Final_Answers>",qwen2.5:7b,7.0,Qwen2.5,97.0
3,non-ordered,True,True,24.0,,,,,trivial,cot,15,3,URCHIN,"[3, 11, 15]",0.0,1024,512.0,88,3,MIKE GOLF KILO,,,,0,True,True,True,1.0,"[{""name"": ""PYRAMID"", ""kind"": ""load"", ""packet"": 3, ""rank"": 1, ""answer"": ""PEACH"", ""reported"": true, ""response"": ""PEACH"", ""correct"": true, ""correct_lenient"": true, ""answer_migrated"": false}, {""name"": ""PLATYPUS"", ""kind"": ""load"", ""packet"": 11, ""rank"": 2, ""answer"": ""RED"", ""reported"": true, ""response"": ""RED"", ""correct"": true, ""correct_lenient"": true, ""answer_migrated"": false}, {""name"": ""URCHIN"", ""kind"": ""passphrase"", ""packet"": 15, ""rank"": 3, ""answer"": ""MIKE GOLF KILO"", ""reported"": true, ""response"": ""MIKE GOLF KILO"", ""correct"": true, ""correct_lenient"": true, ""answer_migrated"": false}]",3,0,0.0,24.0,True,False,False,False,False,2.0,0.0,False,"<Thinking>
Packet 03 is Task PYRAMID: the result is PEACH. Packet 11 is Task PLAT
</Thinking>
<Final_Answers>
- Task PYRAMID: PEACH
- Task PLATYPUS: RED
- Task URCHIN: MIKE GOLF KILO
</Final_Answers>",qwen2.5:7b,7.0,Qwen2.5,97.0
3,non-ordered,True,True,24.0,,,,,trivial,cot,8,3,FLAMINGO,"[6, 7, 8]",0.0,1024,512.0,1088,3,ROMEO VICTOR QUEBEC,,,,0,True,True,True,1.0,"[{""name"": ""PELICAN"", ""kind"": ""load"", ""packet"": 6, ""rank"": 1, ""answer"": ""PEPPER"", ""reported"": true, ""response"": ""PEPPER"", ""correct"": true, ""correct_lenient"": true, ""answer_migrated"": false}, {""name"": ""NARWHAL"", ""kind"": ""load"", ""packet"": 7, ""rank"": 2, ""answer"": ""HAWK"", ""reported"": true, ""response"": ""HAWK"", ""correct"": true, ""correct_lenient"": true, ""answer_migrated"": false}, {""name"": ""FLAMINGO"", ""kind"": ""passphrase"", ""packet"": 8, ""rank"": 3, ""answer"": ""ROMEO VICTOR QUEBEC"", ""reported"": true, ""response"": ""ROMEO VICTOR QUEBEC"", ""correct"": true, ""correct_lenient"": true, ""answer_migrated"": false}]",3,0,0.0,24.0,True,False,False,False,False,2.0,0.0,False,"<Thinking>
Packet 06 is Task PELICAN: report PEPPER as the result. Packet 07 is Task
</Thinking>
<Final_Answers>
- Task PELICAN: PEPPER
- Task NARWHAL: HAWK
- Task FLAMINGO: ROMEO VICTOR QUEBEC
</Final_Answers>",qwen2.5:7b,7.0,Qwen2.5,97.0
3,non-ordered,True,True,24.0,,,,,trivial,cot,13,3,CHIMNEY,"[4, 7, 13]",0.0,1024,512.0,2088,3,SIERRA PAPA XRAY,,,,0,True,True,True,0.5,"[{""name"": ""YOGURT"", ""kind"": ""load"", ""packet"": 4, ""rank"": 1, ""answer"": ""TOMATO"", ""reported"": true, ""response"": ""TOMATO"", ""correct"": true, ""correct_lenient"": true, ""answer_migrated"": false}, {""name"": ""UNICYCLE"", ""kind"": ""load"", ""packet"": 7, ""rank"": 2, ""answer"": ""SALMON"", ""reported"": false, ""response"": null, ""correct"": false, ""correct_lenient"": false, ""answer_migrated"": false}, {""name"": ""CHIMNEY"", ""kind"": ""passphrase"", ""packet"": 13, ""rank"": 3, ""answer"": ""SIERRA PAPA XRAY"", ""reported"": true, ""response"": ""SIERRA PAPA XRAY"", ""correct"": true, ""correct_lenient"": true, ""answer_migrated"": false}]",2,0,0.0,24.0,True,False,False,False,False,2.0,0.0,False,"<Thinking>
Packet 04 is Task YOGURT: the result is TOMATO. Packet 13 is Task CHIM
</Thinking>
<Final_Answers>
- Task YOGURT: TOMATO
- Task CHIMNEY: SIERRA PAPA XRAY
</Final_Answers>",qwen2.5:7b,7.0,Qwen2.5,97.0
3,non-ordered,True,True,24.0,,,,,trivial,cot,12,3,TULIP,"[2, 9, 12]",0.0,1024,512.0,3088,3,PAPA INDIA VICTOR,,,,0,True,True,True,1.0,"[{""name"": ""YODEL"", ""kind"": ""load"", ""packet"": 2, ""rank"": 1, ""answer"": ""SHARK"", ""reported"": true, ""response"": ""SHARK"", ""correct"": true, ""correct_lenient"": true, ""answer_migrated"": false}, {""name"": ""WALNUT"", ""kind"": ""load"", ""packet"": 9, ""rank"": 2, ""answer"": ""SUGAR"", ""reported"": true, ""response"": ""SUGAR"", ""correct"": true, ""correct_lenient"": true, ""answer_migrated"": false}, {""name"": ""TULIP"", ""kind"": ""passphrase"", ""packet"": 12, ""rank"": 3, ""answer"": ""PAPA INDIA VICTOR"", ""reported"": true, ""response"": ""PAPA INDIA VICTOR"", ""correct"": true, ""correct_lenient"": true, ""answer_migrated"": false}]",3,0,0.0,24.0,True,False,False,False,False,2.0,0.0,False,"<Thinking>
Packet 02 is Task YODEL: report SHARK as the result. Packet 09 is Task WAL
</Thinking>
<Final_Answers>
- Task YODEL: SHARK
- Task WALNUT: SUGAR
- Task TULIP: PAPA INDIA VICTOR
</Final_Answers>",qwen2.5:7b,7.0,Qwen2.5,97.0
3,non-ordered,True,True,24.0,,,,,trivial,cot,13,3,LULLABY,"[2, 11, 13]",0.0,1024,512.0,4088,3,ALPHA HOTEL INDIA,,,,0,True,True,True,1.0,"[{""name"": ""RAVIOLI"", ""kind"": ""load"", ""packet"": 2, ""rank"": 1, ""answer"": ""BRANCH"", ""reported"": true, ""response"": ""BRANCH"", ""correct"": true, ""correct_lenient"": true, ""answer_migrated"": false}, {""name"": ""DOLPHIN"", ""kind"": ""load"", ""packet"": 11, ""rank"": 2, ""answer"": ""SPOON"", ""reported"": true, ""response"": ""SPOON"", ""correct"": true, ""correct_lenient"": true, ""answer_migrated"": false}, {""name"": ""LULLABY"", ""kind"": ""passphrase"", ""packet"": 13, ""rank"": 3, ""answer"": ""ALPHA HOTEL INDIA"", ""reported"": true, ""response"": ""ALPHA HOTEL INDIA"", ""correct"": true, ""correct_lenient"": true, ""answer_migrated"": false}]",3,0,0.0,24.0,True,False,False,False,False,2.0,0.0,False,"<Thinking>
Packet 02 is Task RAVIOLI: the result is BRANCH. Packet 11 is Task
</Thinking>
<Final_Answers>
- Task RAVIOLI: BRANCH
- Task DOLPHIN: SPOON
- Task LULLABY: ALPHA HOTEL INDIA
</Final_Answers>",qwen2.5:7b,7.0,Qwen2.5,97.0
3,non-ordered,True,True,24.0,,,,,trivial,cot,8,3,ANCHOVY,"[2, 6, 8]",0.0,1024,512.0,5088,3,WHISKEY ROMEO MIKE,,,,0,True,True,True,1.0,"[{""name"": ""THIMBLE"", ""kind"": ""load"", ""packet"": 2, ""rank"": 1, ""answer"": ""ROBIN"", ""reported"": true, ""response"": ""ROBIN"", ""correct"": true, ""correct_lenient"": true, ""answer_migrated"": false}, {""name"": ""URCHIN"", ""kind"": ""load"", ""packet"": 6, ""rank"": 2, ""answer"": ""LAKE"", ""reported"": true, ""response"": ""LAKE"", ""correct"": true, ""correct_lenient"": true, ""answer_migrated"": false}, {""name"": ""ANCHOVY"", ""kind"": ""passphrase"", ""packet"": 8, ""rank"": 3, ""answer"": ""WHISKEY ROMEO MIKE"", ""reported"": true, ""response"": ""WHISKEY ROMEO MIKE"", ""correct"": true, ""correct_lenient"": true, ""answer_migrated"": false}]",3,0,0.0,24.0,True,False,False,False,False,2.0,0.0,False,"<Thinking>
Packet 02 is Task THIMBLE: report ROBIN as the result. Packet 06 is Task UR
</Thinking>
<Final_Answers>
- Task THIMBLE: ROBIN
- Task URCHIN: LAKE
- Task ANCHOVY: WHISKEY ROMEO MIKE
</Final_Answers>",qwen2.5:7b,7.0,Qwen2.5,97.0
3,non-ordered,True,True,24.0,,,,,trivial,cot,15,3,FALCON,"[1, 7, 15]",0.0,1024,512.0,6088,3,QUEBEC JULIET UNIFORM,,,,0,True,True,True,0.5,"[{""name"": ""HARMONICA"", ""kind"": ""load"", ""packet"": 1, ""rank"": 1, ""answer"": ""WHALE"", ""reported"": false, ""response"": null, ""correct"": false, ""correct_lenient"": false, ""answer_migrated"": false}, {""name"": ""SNORKEL"", ""kind"": ""load"", ""packet"": 7, ""rank"": 2, ""answer"": ""HORSE"", ""reported"": true, ""response"": ""HORSE"", ""correct"": true, ""correct_lenient"": true, ""answer_migrated"": false}, {""name"": ""FALCON"", ""kind"": ""passphrase"", ""packet"": 15, ""rank"": 3, ""answer"": ""QUEBEC JULIET UNIFORM"", ""reported"": true, ""response"": ""QUEBEC JULIET UNIFORM"", ""correct"": true, ""correct_lenient"": true, ""answer_migrated"": false}]",2,0,0.0,24.0,True,False,False,False,False,2.0,0.0,False,"<Thinking>
Packet 07 is Task SNORKEL: The result is HORSE. Packet 15 is Task FAL
</Thinking>
<Final_Answers>
- Task SNORKEL: HORSE
- Task FALCON: QUEBEC JULIET UNIFORM
</Final_Answers>",qwen2.5:7b,7.0,Qwen2.5,97.0
3,non-ordered,True,True,24.0,,,,,trivial,cot,5,3,MARBLE,"[1, 4, 5]",0.0,1024,512.0,7088,3,ROMEO BRAVO MIKE,,,,0,True,True,True,1.0,"[{""name"": ""FERRET"", ""kind"": ""load"", ""packet"": 1, ""rank"": 1, ""answer"": ""BLUE"", ""reported"": true, ""response"": ""BLUE"", ""correct"": true, ""correct_lenient"": true, ""answer_migrated"": false}, {""name"": ""FALCON"", ""kind"": ""load"", ""packet"": 4, ""rank"": 2, ""answer"": ""BOWL"", ""reported"": true, ""response"": ""BOWL"", ""correct"": true, ""correct_lenient"": true, ""answer_migrated"": false}, {""name"": ""MARBLE"", ""kind"": ""passphrase"", ""packet"": 5, ""rank"": 3, ""answer"": ""ROMEO BRAVO MIKE"", ""reported"": true, ""response"": ""ROMEO BRAVO MIKE"", ""correct"": true, ""correct_lenient"": true, ""answer_migrated"": false}]",3,0,0.0,24.0,True,False,False,False,False,2.0,0.0,False,"<Thinking>
Packet 01 is Task FERRET: the result is BLUE. Packet 04 is Task FALCON
</Thinking>
<Final_Answers>
- Task FERRET: BLUE
- Task FALCON: BOWL
- Task MARBLE: ROMEO BRAVO MIKE
</Final_Answers>",qwen2.5:7b,7.0,Qwen2.5,97.0
3,non-ordered,False,True,24.0,,,,,semantic_4,cot,1,1,CARNIVAL,"[1, 8, 9]",0.0,1024,512.0,109,3,INDIA HOTEL OSCAR,,,,0,False,False,False,1.0,"[{""name"": ""CARNIVAL"", ""kind"": ""passphrase"", ""packet"": 1, ""rank"": 1, ""answer"": ""INDIA HOTEL OSCAR"", ""reported"": false, ""response"": null, ""correct"": false, ""correct_lenient"": false, ""answer_migrated"": false}, {""name"": ""LILAC"", ""kind"": ""load"", ""packet"": 8, ""rank"": 2, ""answer"": ""YES"", ""reported"": true, ""response"": ""YES"", ""correct"": true, ""correct_lenient"": true, ""answer_migrated"": false}, {""name"": ""KETTLE"", ""kind"": ""load"", ""packet"": 9, ""rank"": 3, ""answer"": ""INVALID"", ""reported"": true, ""response"": ""INVALID"", ""correct"": true, ""correct_lenient"": true, ""answer_migrated"": false}]",2,0,0.0,24.0,True,False,True,False,False,1.0,0.0,False,"<Thinking>
Packet 08 is Task LILAC: Leo is younger than Tom. Tom is younger than Pia. P
</Thinking>
<Final_Answers>
- Task LILAC: YES
- Task KETTLE: INVALID
</Final_Answers>",qwen2.5:7b,7.0,Qwen2.5,97.0
3,non-ordered,False,True,24.0,,,,,semantic_4,cot,11,3,LULLABY,"[2, 10, 11]",0.0,1024,512.0,1109,3,MIKE CHARLIE PAPA,,,,0,True,True,True,0.0,"[{""name"": ""LANTERN"", ""kind"": ""load"", ""packet"": 2, ""rank"": 1, ""answer"": ""VALID"", ""reported"": true, ""response"": ""INVALID"", ""correct"": false, ""correct_lenient"": false, ""answer_migrated"": true}, {""name"": ""THIMBLE"", ""kind"": ""load"", ""packet"": 10, ""rank"": 2, ""answer"": ""INVALID"", ""reported"": true, ""response"": ""VALID"", ""correct"": false, ""correct_lenient"": false, ""answer_migrated"": true}, {""name"": ""LULLABY"", ""kind"": ""passphrase"", ""packet"": 11, ""rank"": 3, ""answer"": ""MIKE CHARLIE PAPA"", ""reported"": true, ""response"": ""MIKE CHARLIE PAPA"", ""correct"": true, ""correct_lenient"": true, ""answer_migrated"": false}]",3,0,0.6666666666666666,24.0,True,False,False,False,False,1.0,0.0,False,"<Thinking>
Packet 02 is Task LANTERN: If all blims are drovs and all drovs are klemps
</Thinking>
<Final_Answers>
- Task LANTERN: INVALID
- Task THIMBLE: VALID
- Task LULLABY: MIKE CHARLIE PAPA
</Final_Answers>",qwen2.5:7b,7.0,Qwen2.5,97.0
3,non-ordered,False,True,24.0,,,,,semantic_4,cot,6,2,CHIMNEY,"[1, 6, 11]",0.0,1024,512.0,2109,3,MIKE ROMEO NOVEMBER,,,,0,True,True,True,1.0,"[{""name"": ""HARMONICA"", ""kind"": ""load"", ""packet"": 1, ""rank"": 1, ""answer"": ""INVALID"", ""reported"": true, ""response"": ""INVALID"", ""correct"": true, ""correct_lenient"": true, ""answer_migrated"": false}, {""name"": ""CHIMNEY"", ""kind"": ""passphrase"", ""packet"": 6, ""rank"": 2, ""answer"": ""MIKE ROMEO NOVEMBER"", ""reported"": true, ""response"": ""MIKE ROMEO NOVEMBER"", ""correct"": true, ""correct_lenient"": true, ""answer_migrated"": false}, {""name"": ""WHEELBARROW"", ""kind"": ""load"", ""packet"": 11, ""rank"": 3, ""answer"": ""NO"", ""reported"": true, ""response"": ""NO"", ""correct"": true, ""correct_lenient"": true, ""answer_migrated"": false}]",3,0,0.0,24.0,True,False,False,False,False,1.0,0.0,False,"<Thinking>
Packet 01 is Task HARMONICA: The statement does not provide enough information to conclude that some plurms
</Thinking>
<Final_Answers>
- Task HARMONICA: INVALID
- Task CHIMNEY: MIKE ROMEO NOVEMBER
- Task WHEELBARROW: NO
</Final_Answers>",qwen2.5:7b,7.0,Qwen2.5,97.0
3,non-ordered,False,True,24.0,,,,,semantic_4,cot,11,3,VELVET,"[7, 10, 11]",0.0,1024,512.0,3109,3,ECHO ZULU HOTEL,,,,0,True,True,True,1.0,"[{""name"": ""UNICYCLE"", ""kind"": ""load"", ""packet"": 7, ""rank"": 1, ""answer"": ""INVALID"", ""reported"": true, ""response"": ""INVALID"", ""correct"": true, ""correct_lenient"": true, ""answer_migrated"": false}, {""name"": ""WOMBAT"", ""kind"": ""load"", ""packet"": 10, ""rank"": 2, ""answer"": ""VALID"", ""reported"": true, ""response"": ""VALID"", ""correct"": true, ""correct_lenient"": true, ""answer_migrated"": false}, {""name"": ""VELVET"", ""kind"": ""passphrase"", ""packet"": 11, ""rank"": 3, ""answer"": ""ECHO ZULU HOTEL"", ""reported"": true, ""response"": ""ECHO ZULU HOTEL"", ""correct"": true, ""correct_lenient"": true, ""answer_migrated"": false}]",3,0,0.0,24.0,True,False,False,False,False,1.0,0.0,False,"<Thinking>
Packet 07 is Task UNICYCLE: The statement does not provide enough information to determine if no torps are
</Thinking>
<Final_Answers>
- Task UNICYCLE: INVALID
- Task WOMBAT: VALID
- Task VELVET: ECHO ZULU HOTEL
</Final_Answers>",qwen2.5:7b,7.0,Qwen2.5,97.0
3,non-ordered,False,True,24.0,,,,,semantic_4,cot,9,2,DOLPHIN,"[6, 9, 10]",0.0,1024,512.0,4109,3,JULIET FOXTROT YANKEE,,,,0,True,True,True,1.0,"[{""name"": ""TULIP"", ""kind"": ""load"", ""packet"": 6, ""rank"": 1, ""answer"": ""NO"", ""reported"": true, ""response"": ""NO"", ""correct"": true, ""correct_lenient"": true, ""answer_migrated"": false}, {""name"": ""DOLPHIN"", ""kind"": ""passphrase"", ""packet"": 9, ""rank"": 2, ""answer"": ""JULIET FOXTROT YANKEE"", ""reported"": true, ""response"": ""JULIET FOXTROT YANKEE"", ""correct"": true, ""correct_lenient"": true, ""answer_migrated"": false}, {""name"": ""WALNUT"", ""kind"": ""load"", ""packet"": 10, ""rank"": 3, ""answer"": ""INVALID"", ""reported"": true, ""response"": ""INVALID"", ""correct"": true, ""correct_lenient"": true, ""answer_migrated"": false}]",3,0,0.0,24.0,True,False,False,False,False,1.0,0.0,False,"<Thinking>
Packet 06 is Task TULIP: Ravi is shorter than Sara, so Ravi cannot be taller than
</Thinking>
<Final_Answers>
- Task TULIP: NO
- Task DOLPHIN: JULIET FOXTROT YANKEE
- Task WALNUT: INVALID
</Final_Answers>",qwen2.5:7b,7.0,Qwen2.5,97.0
3,non-ordered,False,True,24.0,,,,,semantic_4,cot,5,1,MANDOLIN,"[5, 7, 14]",0.0,1024,512.0,5109,3,MIKE WHISKEY KILO,,,,0,True,True,True,0.0,"[{""name"": ""MANDOLIN"", ""kind"": ""passphrase"", ""packet"": 5, ""rank"": 1, ""answer"": ""MIKE WHISKEY KILO"", ""reported"": true, ""response"": ""MIKE WHISKEY KILO"", ""correct"": true, ""correct_lenient"": true, ""answer_migrated"": false}, {""name"": ""BAGPIPE"", ""kind"": ""load"", ""packet"": 7, ""rank"": 2, ""answer"": ""INVALID"", ""reported"": false, ""response"": null, ""correct"": false, ""correct_lenient"": false, ""answer_migrated"": false}, {""name"": ""JASMINE"", ""kind"": ""load"", ""packet"": 14, ""rank"": 3, ""answer"": ""INVALID"", ""reported"": true, ""response"": ""VALID"", ""correct"": false, ""correct_lenient"": false, ""answer_migrated"": false}]",2,0,0.0,24.0,True,False,False,False,False,1.0,0.0,False,"<Thinking>
Packet 05 is Task MANDOLIN: I must copy the three words MIKE WHISKEY KI
</Thinking>
<Final_Answers>
- Task MANDOLIN: MIKE WHISKEY KILO
- Task JASMINE: VALID
</Final_Answers>",qwen2.5:7b,7.0,Qwen2.5,97.0
3,non-ordered,False,True,24.0,,,,,semantic_4,cot,7,1,LILAC,"[7, 12, 15]",0.0,1024,512.0,6109,3,GOLF ZULU YANKEE,,,,0,True,True,True,0.5,"[{""name"": ""LILAC"", ""kind"": ""passphrase"", ""packet"": 7, ""rank"": 1, ""answer"": ""GOLF ZULU YANKEE"", ""reported"": true, ""response"": ""GOLF ZULU YANKEE"", ""correct"": true, ""correct_lenient"": true, ""answer_migrated"": false}, {""name"": ""OPAL"", ""kind"": ""load"", ""packet"": 12, ""rank"": 2, ""answer"": ""NO"", ""reported"": true, ""response"": ""NO"", ""correct"": true, ""correct_lenient"": true, ""answer_migrated"": false}, {""name"": ""PISTACHIO"", ""kind"": ""load"", ""packet"": 15, ""rank"": 3, ""answer"": ""VALID"", ""reported"": true, ""response"": ""INVALID"", ""correct"": false, ""correct_lenient"": false, ""answer_migrated"": false}]",3,0,0.0,24.0,True,False,False,False,False,1.0,0.0,False,"<Thinking>
Packet 07 is Task LILAC: I must copy the three words GOLF ZULU YANKE
</Thinking>
<Final_Answers>
- Task LILAC: GOLF ZULU YANKEE
- Task OPAL: NO
- Task PISTACHIO: INVALID
</Final_Answers>",qwen2.5:7b,7.0,Qwen2.5,97.0
3,non-ordered,False,True,24.0,,,,,semantic_4,cot,3,1,URCHIN,"[3, 4, 6]",0.0,1024,512.0,7109,3,BRAVO YANKEE TANGO,,,,0,True,True,True,1.0,"[{""name"": ""URCHIN"", ""kind"": ""passphrase"", ""packet"": 3, ""rank"": 1, ""answer"": ""BRAVO YANKEE TANGO"", ""reported"": true, ""response"": ""BRAVO YANKEE TANGO"", ""correct"": true, ""correct_lenient"": true, ""answer_migrated"": false}, {""name"": ""TAPESTRY"", ""kind"": ""load"", ""packet"": 4, ""rank"": 2, ""answer"": ""INVALID"", ""reported"": true, ""response"": ""INVALID"", ""correct"": true, ""correct_lenient"": true, ""answer_migrated"": false}, {""name"": ""PYRAMID"", ""kind"": ""load"", ""packet"": 6, ""rank"": 3, ""answer"": ""R"", ""reported"": true, ""response"": ""R"", ""correct"": true, ""correct_lenient"": true, ""answer_migrated"": false}]",3,0,0.0,24.0,True,False,False,False,False,1.0,0.0,False,"<Thinking>
Packet 03 is Task URCHIN: I need to copy-paste these three words: BRAVO YAN
</Thinking>
<Final_Answers>
- Task URCHIN: BRAVO YANKEE TANGO
- Task TAPESTRY: INVALID
- Task PYRAMID: R
</Final_Answers>",qwen2.5:7b,7.0,Qwen2.5,97.0
3,non-ordered,True,True,24.0,,,,,semantic_4,cot,9,3,LILAC,"[1, 8, 9]",0.0,1024,512.0,109,3,INDIA HOTEL OSCAR,,,,0,True,True,True,0.5,"[{""name"": ""TOBOGGAN"", ""kind"": ""load"", ""packet"": 1, ""rank"": 1, ""answer"": ""NO"", ""reported"": false, ""response"": null, ""correct"": false, ""correct_lenient"": false, ""answer_migrated"": false}, {""name"": ""CARNIVAL"", ""kind"": ""load"", ""packet"": 8, ""rank"": 2, ""answer"": ""YES"", ""reported"": true, ""response"": ""YES"", ""correct"": true, ""correct_lenient"": true, ""answer_migrated"": false}, {""name"": ""LILAC"", ""kind"": ""passphrase"", ""packet"": 9, ""rank"": 3, ""answer"": ""INDIA HOTEL OSCAR"", ""reported"": true, ""response"": ""INDIA HOTEL OSCAR"", ""correct"": true, ""correct_lenient"": true, ""answer_migrated"": false}]",2,0,0.0,24.0,True,False,False,False,False,1.0,0.0,False,"<Thinking>
Packet 08 is Task CARNIVAL: Leo is younger than Tom and Tom is younger than Pia. P
</Thinking>
<Final_Answers>
- Task CARNIVAL: YES
- Task LILAC: INDIA HOTEL OSCAR
</Final_Answers>",qwen2.5:7b,7.0,Qwen2.5,97.0
3,non-ordered,True,True,24.0,,,,,semantic_4,cot,11,3,THIMBLE,"[2, 10, 11]",0.0,1024,512.0,1109,3,MIKE CHARLIE PAPA,,,,0,True,True,True,0.5,"[{""name"": ""QUICKSAND"", ""kind"": ""load"", ""packet"": 2, ""rank"": 1, ""answer"": ""YES"", ""reported"": true, ""response"": ""YES"", ""correct"": true, ""correct_lenient"": true, ""answer_migrated"": false}, {""name"": ""LANTERN"", ""kind"": ""load"", ""packet"": 10, ""rank"": 2, ""answer"": ""VALID"", ""reported"": true, ""response"": ""INVALID"", ""correct"": false, ""correct_lenient"": false, ""answer_migrated"": false}, {""name"": ""THIMBLE"", ""kind"": ""passphrase"", ""packet"": 11, ""rank"": 3, ""answer"": ""MIKE CHARLIE PAPA"", ""reported"": true, ""response"": ""MIKE CHARLIE PAPA"", ""correct"": true, ""correct_lenient"": true, ""answer_migrated"": false}]",3,0,0.0,24.0,True,False,False,False,False,1.0,0.0,False,"<Thinking>
Packet 02 is Task QUICKSAND: If Carol is heavier than Eve, and Eve is heavier than Tom,
</Thinking>
<Final_Answers>
- Task QUICKSAND: YES
- Task LANTERN: INVALID
- Task THIMBLE: MIKE CHARLIE PAPA
</Final_Answers>",qwen2.5:7b,7.0,Qwen2.5,97.0
3,non-ordered,True,True,24.0,,,,,semantic_4,cot,11,3,CHIMNEY,"[1, 6, 11]",0.0,1024,512.0,2109,3,MIKE ROMEO NOVEMBER,,,,0,True,True,True,0.5,"[{""name"": ""OBELISK"", ""kind"": ""load"", ""packet"": 1, ""rank"": 1, ""answer"": ""INVALID"", ""reported"": true, ""response"": ""INVALID"", ""correct"": true, ""correct_lenient"": true, ""answer_migrated"": false}, {""name"": ""HARMONICA"", ""kind"": ""load"", ""packet"": 6, ""rank"": 2, ""answer"": ""INVALID"", ""reported"": true, ""response"": ""VALID"", ""correct"": false, ""correct_lenient"": false, ""answer_migrated"": false}, {""name"": ""CHIMNEY"", ""kind"": ""passphrase"", ""packet"": 11, ""rank"": 3, ""answer"": ""MIKE ROMEO NOVEMBER"", ""reported"": true, ""response"": ""MIKE ROMEO NOVEMBER"", ""correct"": true, ""correct_lenient"": true, ""answer_migrated"": false}]",3,0,0.0,24.0,True,False,False,False,False,1.0,0.0,False,"<Thinking>
Packet 01 is Task OBELISK: The statement does not provide enough information to conclude that no blims are
</Thinking>
<Final_Answers>
- Task OBELISK: INVALID
- Task HARMONICA: VALID
- Task CHIMNEY: MIKE ROMEO NOVEMBER
</Final_Answers>",qwen2.5:7b,7.0,Qwen2.5,97.0
3,non-ordered,True,True,24.0,,,,,semantic_4,cot,11,3,WOMBAT,"[7, 10, 11]",0.0,1024,512.0,3109,3,ECHO ZULU HOTEL,,,,0,True,True,True,1.0,"[{""name"": ""NOODLE"", ""kind"": ""load"", ""packet"": 7, ""rank"": 1, ""answer"": ""VALID"", ""reported"": true, ""response"": ""VALID"", ""correct"": true, ""correct_lenient"": true, ""answer_migrated"": false}, {""name"": ""UNICYCLE"", ""kind"": ""load"", ""packet"": 10, ""rank"": 2, ""answer"": ""INVALID"", ""reported"": true, ""response"": ""INVALID"", ""correct"": true, ""correct_lenient"": true, ""answer_migrated"": false}, {""name"": ""WOMBAT"", ""kind"": ""passphrase"", ""packet"": 11, ""rank"": 3, ""answer"": ""ECHO ZULU HOTEL"", ""reported"": true, ""response"": ""ECHO ZULU HOTEL"", ""correct"": true, ""correct_lenient"": true, ""answer_migrated"": false}]",3,0,0.0,24.0,True,False,False,False,False,1.0,0.0,False,"<Thinking>
Packet 07 is Task NOODLE: The statement ""Some torps are not mibs"" can be derived
</Thinking>
<Final_Answers>
- Task NOODLE: VALID
- Task UNICYCLE: INVALID
- Task WOMBAT: ECHO ZULU HOTEL
</Final_Answers>",qwen2.5:7b,7.0,Qwen2.5,97.0
3,non-ordered,True,True,24.0,,,,,semantic_4,cot,10,3,DOLPHIN,"[6, 9, 10]",0.0,1024,512.0,4109,3,JULIET FOXTROT YANKEE,,,,0,True,True,True,0.5,"[{""name"": ""NARWHAL"", ""kind"": ""load"", ""packet"": 6, ""rank"": 1, ""answer"": ""VALID"", ""reported"": true, ""response"": ""INVALID"", ""correct"": false, ""correct_lenient"": false, ""answer_migrated"": false}, {""name"": ""TULIP"", ""kind"": ""load"", ""packet"": 9, ""rank"": 2, ""answer"": ""NO"", ""reported"": true, ""response"": ""NO"", ""correct"": true, ""correct_lenient"": true, ""answer_migrated"": false}, {""name"": ""DOLPHIN"", ""kind"": ""passphrase"", ""packet"": 10, ""rank"": 3, ""answer"": ""JULIET FOXTROT YANKEE"", ""reported"": true, ""response"": ""JULIET FOXTROT YANKEE"", ""correct"": true, ""correct_lenient"": true, ""answer_migrated"": false}]",3,0,0.0,24.0,True,False,False,False,False,1.0,0.0,False,"<Thinking>
Packet 06 is Task NARWHAL: The statements given do not provide enough information to determine if no tr
</Thinking>
<Final_Answers>
- Task NARWHAL: INVALID
- Task TULIP: NO
- Task DOLPHIN: JULIET FOXTROT YANKEE
</Final_Answers>",qwen2.5:7b,7.0,Qwen2.5,97.0
3,non-ordered,True,True,24.0,,,,,semantic_4,cot,14,3,BAGPIPE,"[5, 7, 14]",0.0,1024,512.0,5109,3,MIKE WHISKEY KILO,,,,0,True,True,True,1.0,"[{""name"": ""SAPPHIRE"", ""kind"": ""load"", ""packet"": 5, ""rank"": 1, ""answer"": ""VALID"", ""reported"": true, ""response"": ""VALID"", ""correct"": true, ""correct_lenient"": true, ""answer_migrated"": false}, {""name"": ""MANDOLIN"", ""kind"": ""load"", ""packet"": 7, ""rank"": 2, ""answer"": ""INVALID"", ""reported"": true, ""response"": ""INVALID"", ""correct"": true, ""correct_lenient"": true, ""answer_migrated"": false}, {""name"": ""BAGPIPE"", ""kind"": ""passphrase"", ""packet"": 14, ""rank"": 3, ""answer"": ""MIKE WHISKEY KILO"", ""reported"": true, ""response"": ""MIKE WHISKEY KILO"", ""correct"": true, ""correct_lenient"": true, ""answer_migrated"": false}]",3,0,0.0,24.0,True,False,False,False,False,1.0,0.0,False,"<Thinking>
Packet 05 is Task SAPPHIRE: The statement ""All zorps are ralks. All r
</Thinking>
<Final_Answers>
- Task SAPPHIRE: VALID
- Task MANDOLIN: INVALID
- Task BAGPIPE: MIKE WHISKEY KILO
</Final_Answers>",qwen2.5:7b,7.0,Qwen2.5,97.0
3,non-ordered,True,True,24.0,,,,,semantic_4,cot,15,3,OPAL,"[7, 12, 15]",0.0,1024,512.0,6109,3,GOLF ZULU YANKEE,,,,0,True,True,True,1.0,"[{""name"": ""LANTERN"", ""kind"": ""load"", ""packet"": 7, ""rank"": 1, ""answer"": ""YES"", ""reported"": true, ""response"": ""YES"", ""correct"": true, ""correct_lenient"": true, ""answer_migrated"": false}, {""name"": ""LILAC"", ""kind"": ""load"", ""packet"": 12, ""rank"": 2, ""answer"": ""NO"", ""reported"": true, ""response"": ""NO"", ""correct"": true, ""correct_lenient"": true, ""answer_migrated"": false}, {""name"": ""OPAL"", ""kind"": ""passphrase"", ""packet"": 15, ""rank"": 3, ""answer"": ""GOLF ZULU YANKEE"", ""reported"": true, ""response"": ""GOLF ZULU YANKEE"", ""correct"": true, ""correct_lenient"": true, ""answer_migrated"": false}]",3,0,0.0,24.0,True,False,False,False,False,1.0,0.0,False,"<Thinking>
Packet 07 is Task LANTERN: The sequence of ages is Jack < Alice < Dave < Hank < K
</Thinking>
<Final_Answers>
- Task LANTERN: YES
- Task LILAC: NO
- Task OPAL: GOLF ZULU YANKEE
</Final_Answers>",qwen2.5:7b,7.0,Qwen2.5,97.0
3,non-ordered,True,True,24.0,,,,,semantic_4,cot,6,3,TAPESTRY,"[3, 4, 6]",0.0,1024,512.0,7109,3,BRAVO YANKEE TANGO,,,,0,True,True,True,0.0,"[{""name"": ""SAPPHIRE"", ""kind"": ""load"", ""packet"": 3, ""rank"": 1, ""answer"": ""VALID"", ""reported"": true, ""response"": ""INVALID"", ""correct"": false, ""correct_lenient"": false, ""answer_migrated"": true}, {""name"": ""URCHIN"", ""kind"": ""load"", ""packet"": 4, ""rank"": 2, ""answer"": ""INVALID"", ""reported"": true, ""response"": ""VALID"", ""correct"": false, ""correct_lenient"": false, ""answer_migrated"": true}, {""name"": ""TAPESTRY"", ""kind"": ""passphrase"", ""packet"": 6, ""rank"": 3, ""answer"": ""BRAVO YANKEE TANGO"", ""reported"": true, ""response"": ""BRAVO YANKEE TANGO"", ""correct"": true, ""correct_lenient"": true, ""answer_migrated"": false}]",3,0,0.6666666666666666,24.0,True,False,False,False,False,1.0,0.0,False,"<Thinking>
Packet 03 is Task SAPPHIRE: The statements given are as follows - some gleeks are blims,
</Thinking>
<Final_Answers>
- Task SAPPHIRE: INVALID
- Task URCHIN: VALID
- Task TAPESTRY: BRAVO YANKEE TANGO
</Final_Answers>",qwen2.5:7b,7.0,Qwen2.5,97.0
3,non-ordered,False,True,48.0,,,,,trivial,cot,3,1,PLATYPUS,"[3, 11, 15]",0.0,1024,512.0,88,3,MIKE GOLF KILO,,,,0,True,True,True,1.0,"[{""name"": ""PLATYPUS"", ""kind"": ""passphrase"", ""packet"": 3, ""rank"": 1, ""answer"": ""MIKE GOLF KILO"", ""reported"": true, ""response"": ""MIKE GOLF KILO"", ""correct"": true, ""correct_lenient"": true, ""answer_migrated"": false}, {""name"": ""URCHIN"", ""kind"": ""load"", ""packet"": 11, ""rank"": 2, ""answer"": ""RED"", ""reported"": true, ""response"": ""RED"", ""correct"": true, ""correct_lenient"": true, ""answer_migrated"": false}, {""name"": ""LULLABY"", ""kind"": ""load"", ""packet"": 15, ""rank"": 3, ""answer"": ""EAGLE"", ""reported"": true, ""response"": ""EAGLE"", ""correct"": true, ""correct_lenient"": true, ""answer_migrated"": false}]",3,0,0.0,48.0,True,False,False,False,True,2.0,0.0,False,"<Thinking>
Packet 03 is Task PLATYPUS: I must copy the three words MIKE GOLF KILO. Packet 11 is Task URCHIN: this task is trivial and reports the word RED as its result.
</Thinking>
<Final_Answers>
- Task PLATYPUS: MIKE GOLF KILO
- Task URCHIN: RED
- Task LULLABY: EAGLE
</Final_Answers>",qwen2.5:7b,7.0,Qwen2.5,97.0
3,non-ordered,False,True,48.0,,,,,trivial,cot,6,1,NARWHAL,"[6, 7, 8]",0.0,1024,512.0,1088,3,ROMEO VICTOR QUEBEC,,,,0,True,True,True,1.0,"[{""name"": ""NARWHAL"", ""kind"": ""passphrase"", ""packet"": 6, ""rank"": 1, ""answer"": ""ROMEO VICTOR QUEBEC"", ""reported"": true, ""response"": ""ROMEO VICTOR QUEBEC"", ""correct"": true, ""correct_lenient"": true, ""answer_migrated"": false}, {""name"": ""FLAMINGO"", ""kind"": ""load"", ""packet"": 7, ""rank"": 2, ""answer"": ""HAWK"", ""reported"": true, ""response"": ""HAWK"", ""correct"": true, ""correct_lenient"": true, ""answer_migrated"": false}, {""name"": ""HEDGEHOG"", ""kind"": ""load"", ""packet"": 8, ""rank"": 3, ""answer"": ""OCEAN"", ""reported"": true, ""response"": ""OCEAN"", ""correct"": true, ""correct_lenient"": true, ""answer_migrated"": false}]",3,0,0.0,48.0,True,False,False,False,True,2.0,0.0,False,"<Thinking>
Packet 06 is Task NARWHAL: I must copy the three words ROMEO VICTOR QUEBEC. Packet 07 is Task FLAMINGO: The task is to report the word HAWK as
</Thinking>
<Final_Answers>
- Task NARWHAL: ROMEO VICTOR QUEBEC
- Task FLAMINGO: HAWK
- Task HEDGEHOG: OCEAN
</Final_Answers>",qwen2.5:7b,7.0,Qwen2.5,97.0
3,non-ordered,False,True,48.0,,,,,trivial,cot,4,1,UNICYCLE,"[4, 7, 13]",0.0,1024,512.0,2088,3,SIERRA PAPA XRAY,,,,0,True,True,True,1.0,"[{""name"": ""UNICYCLE"", ""kind"": ""passphrase"", ""packet"": 4, ""rank"": 1, ""answer"": ""SIERRA PAPA XRAY"", ""reported"": true, ""response"": ""SIERRA PAPA XRAY"", ""correct"": true, ""correct_lenient"": true, ""answer_migrated"": false}, {""name"": ""CHIMNEY"", ""kind"": ""load"", ""packet"": 7, ""rank"": 2, ""answer"": ""SALMON"", ""reported"": true, ""response"": ""SALMON"", ""correct"": true, ""correct_lenient"": true, ""answer_migrated"": false}, {""name"": ""URCHIN"", ""kind"": ""load"", ""packet"": 13, ""rank"": 3, ""answer"": ""SALT"", ""reported"": true, ""response"": ""SALT"", ""correct"": true, ""correct_lenient"": true, ""answer_migrated"": false}]",3,0,0.0,48.0,True,False,False,False,True,3.0,0.0,False,"<Thinking>
Packet 04 is Task UNICYCLE: I must copy the three words SIERRA PAPA XRAY. Packet 07 is Task CHIMNEY: The result of this task is SALMON. Packet 13 is
</Thinking>
<Final_Answers>
- Task UNICYCLE: SIERRA PAPA XRAY
- Task CHIMNEY: SALMON
- Task URCHIN: SALT
</Final_Answers>",qwen2.5:7b,7.0,Qwen2.5,97.0
3,non-ordered,False,True,48.0,,,,,trivial,cot,9,2,TULIP,"[2, 9, 12]",0.0,1024,512.0,3088,3,PAPA INDIA VICTOR,,,,0,True,True,True,1.0,"[{""name"": ""WALNUT"", ""kind"": ""load"", ""packet"": 2, ""rank"": 1, ""answer"": ""SUGAR"", ""reported"": true, ""response"": ""SUGAR"", ""correct"": true, ""correct_lenient"": true, ""answer_migrated"": false}, {""name"": ""TULIP"", ""kind"": ""passphrase"", ""packet"": 9, ""rank"": 2, ""answer"": ""PAPA INDIA VICTOR"", ""reported"": true, ""response"": ""PAPA INDIA VICTOR"", ""correct"": true, ""correct_lenient"": true, ""answer_migrated"": false}, {""name"": ""LOBSTER"", ""kind"": ""load"", ""packet"": 12, ""rank"": 3, ""answer"": ""CHAIR"", ""reported"": true, ""response"": ""CHAIR"", ""correct"": true, ""correct_lenient"": true, ""answer_migrated"": false}]",3,0,0.0,48.0,True,False,False,False,True,3.0,0.0,False,"<Thinking>
Packet 02 is Task WALNUT: report SUGAR as the result. Packet 09 is Task TULIP: I must copy the three words PAPA INDIA VICTOR. Packet 12 is Task
</Thinking>
<Final_Answers>
- Task WALNUT: SUGAR
- Task TULIP: PAPA INDIA VICTOR
- Task LOBSTER: CHAIR
</Final_Answers>",qwen2.5:7b,7.0,Qwen2.5,97.0
3,non-ordered,False,True,48.0,,,,,trivial,cot,13,3,LULLABY,"[2, 11, 13]",0.0,1024,512.0,4088,3,ALPHA HOTEL INDIA,,,,0,True,True,True,1.0,"[{""name"": ""DOLPHIN"", ""kind"": ""load"", ""packet"": 2, ""rank"": 1, ""answer"": ""BRANCH"", ""reported"": true, ""response"": ""BRANCH"", ""correct"": true, ""correct_lenient"": true, ""answer_migrated"": false}, {""name"": ""RAVIOLI"", ""kind"": ""load"", ""packet"": 11, ""rank"": 2, ""answer"": ""SPOON"", ""reported"": true, ""response"": ""SPOON"", ""correct"": true, ""correct_lenient"": true, ""answer_migrated"": false}, {""name"": ""LULLABY"", ""kind"": ""passphrase"", ""packet"": 13, ""rank"": 3, ""answer"": ""ALPHA HOTEL INDIA"", ""reported"": true, ""response"": ""ALPHA HOTEL INDIA"", ""correct"": true, ""correct_lenient"": true, ""answer_migrated"": false}]",3,0,0.0,48.0,True,False,False,False,False,3.0,0.0,False,"<Thinking>
Packet 02 is Task DOLPHIN: report BRANCH as the result. Packet 11 is Task RAVIOLI: report SPOON as the result. Packet 13 is Task LULLABY
</Thinking>
<Final_Answers>
- Task DOLPHIN: BRANCH
- Task RAVIOLI: SPOON
- Task LULLABY: ALPHA HOTEL INDIA
</Final_Answers>",qwen2.5:7b,7.0,Qwen2.5,97.0
3,non-ordered,False,True,48.0,,,,,trivial,cot,8,3,TAPESTRY,"[2, 6, 8]",0.0,1024,512.0,5088,3,WHISKEY ROMEO MIKE,,,,0,True,True,True,1.0,"[{""name"": ""URCHIN"", ""kind"": ""load"", ""packet"": 2, ""rank"": 1, ""answer"": ""LAKE"", ""reported"": true, ""response"": ""LAKE"", ""correct"": true, ""correct_lenient"": true, ""answer_migrated"": false}, {""name"": ""ANCHOVY"", ""kind"": ""load"", ""packet"": 6, ""rank"": 2, ""answer"": ""BLACK"", ""reported"": true, ""response"": ""BLACK"", ""correct"": true, ""correct_lenient"": true, ""answer_migrated"": false}, {""name"": ""TAPESTRY"", ""kind"": ""passphrase"", ""packet"": 8, ""rank"": 3, ""answer"": ""WHISKEY ROMEO MIKE"", ""reported"": true, ""response"": ""WHISKEY ROMEO MIKE"", ""correct"": true, ""correct_lenient"": true, ""answer_migrated"": false}]",3,0,0.0,48.0,True,False,False,False,False,3.0,0.0,False,"<Thinking>
Packet 02 is Task URCHIN: The result for this task is LAKE. Packet 06 is Task ANCHOVY: The result for this task is BLACK. Packet 08 is Task TAPESTRY
</Thinking>
<Final_Answers>
- Task URCHIN: LAKE
- Task ANCHOVY: BLACK
- Task TAPESTRY: WHISKEY ROMEO MIKE
</Final_Answers>",qwen2.5:7b,7.0,Qwen2.5,97.0
3,non-ordered,False,True,48.0,,,,,trivial,cot,7,2,FALCON,"[1, 7, 15]",0.0,1024,512.0,6088,3,QUEBEC JULIET UNIFORM,,,,0,True,True,True,1.0,"[{""name"": ""SNORKEL"", ""kind"": ""load"", ""packet"": 1, ""rank"": 1, ""answer"": ""HORSE"", ""reported"": true, ""response"": ""HORSE"", ""correct"": true, ""correct_lenient"": true, ""answer_migrated"": false}, {""name"": ""FALCON"", ""kind"": ""passphrase"", ""packet"": 7, ""rank"": 2, ""answer"": ""QUEBEC JULIET UNIFORM"", ""reported"": true, ""response"": ""QUEBEC JULIET UNIFORM"", ""correct"": true, ""correct_lenient"": true, ""answer_migrated"": false}, {""name"": ""KAYAK"", ""kind"": ""load"", ""packet"": 15, ""rank"": 3, ""answer"": ""STONE"", ""reported"": true, ""response"": ""STONE"", ""correct"": true, ""correct_lenient"": true, ""answer_migrated"": false}]",3,0,0.0,48.0,True,False,False,False,True,3.0,0.0,False,"<Thinking>
Packet 01 is Task SNORKEL: The result is HORSE. Packet 07 is Task FALCON: I must copy the three words QUEBEC JULIET UNIFORM. Packet 15 is Task K
</Thinking>
<Final_Answers>
- Task SNORKEL: HORSE
- Task FALCON: QUEBEC JULIET UNIFORM
- Task KAYAK: STONE
</Final_Answers>",qwen2.5:7b,7.0,Qwen2.5,97.0
3,non-ordered,False,True,48.0,,,,,trivial,cot,4,2,MARBLE,"[1, 4, 5]",0.0,1024,512.0,7088,3,ROMEO BRAVO MIKE,,,,0,True,True,True,1.0,"[{""name"": ""FALCON"", ""kind"": ""load"", ""packet"": 1, ""rank"": 1, ""answer"": ""BOWL"", ""reported"": true, ""response"": ""BOWL"", ""correct"": true, ""correct_lenient"": true, ""answer_migrated"": false}, {""name"": ""MARBLE"", ""kind"": ""passphrase"", ""packet"": 4, ""rank"": 2, ""answer"": ""ROMEO BRAVO MIKE"", ""reported"": true, ""response"": ""ROMEO BRAVO MIKE"", ""correct"": true, ""correct_lenient"": true, ""answer_migrated"": false}, {""name"": ""WATERMELON"", ""kind"": ""load"", ""packet"": 5, ""rank"": 3, ""answer"": ""SNAKE"", ""reported"": true, ""response"": ""SNAKE"", ""correct"": true, ""correct_lenient"": true, ""answer_migrated"": false}]",3,0,0.0,48.0,True,False,False,False,True,3.0,0.0,False,"<Thinking>
Packet 01 is Task FALCON: report BOWL as the result. Packet 04 is Task MARBLE: I must copy the three words ROMEO BRAVO MIKE. Packet 05 is Task WATERMEL
</Thinking>
<Final_Answers>
- Task FALCON: BOWL
- Task MARBLE: ROMEO BRAVO MIKE
- Task WATERMELON: SNAKE
</Final_Answers>",qwen2.5:7b,7.0,Qwen2.5,97.0
3,non-ordered,True,True,48.0,,,,,trivial,cot,15,3,URCHIN,"[3, 11, 15]",0.0,1024,512.0,88,3,MIKE GOLF KILO,,,,0,True,True,True,1.0,"[{""name"": ""PYRAMID"", ""kind"": ""load"", ""packet"": 3, ""rank"": 1, ""answer"": ""PEACH"", ""reported"": true, ""response"": ""PEACH"", ""correct"": true, ""correct_lenient"": true, ""answer_migrated"": false}, {""name"": ""PLATYPUS"", ""kind"": ""load"", ""packet"": 11, ""rank"": 2, ""answer"": ""RED"", ""reported"": true, ""response"": ""RED"", ""correct"": true, ""correct_lenient"": true, ""answer_migrated"": false}, {""name"": ""URCHIN"", ""kind"": ""passphrase"", ""packet"": 15, ""rank"": 3, ""answer"": ""MIKE GOLF KILO"", ""reported"": true, ""response"": ""MIKE GOLF KILO"", ""correct"": true, ""correct_lenient"": true, ""answer_migrated"": false}]",3,0,0.0,48.0,True,False,False,False,False,3.0,0.0,False,"<Thinking>
Packet 03 is Task PYRAMID: the result is PEACH. Packet 11 is Task PLATYPUS: the result is RED. Packet 15 is Task URCHIN: I must copy the three words
</Thinking>
<Final_Answers>
- Task PYRAMID: PEACH
- Task PLATYPUS: RED
- Task URCHIN: MIKE GOLF KILO
</Final_Answers>",qwen2.5:7b,7.0,Qwen2.5,97.0
3,non-ordered,True,True,48.0,,,,,trivial,cot,8,3,FLAMINGO,"[6, 7, 8]",0.0,1024,512.0,1088,3,ROMEO VICTOR QUEBEC,,,,0,True,True,True,1.0,"[{""name"": ""PELICAN"", ""kind"": ""load"", ""packet"": 6, ""rank"": 1, ""answer"": ""PEPPER"", ""reported"": true, ""response"": ""PEPPER"", ""correct"": true, ""correct_lenient"": true, ""answer_migrated"": false}, {""name"": ""NARWHAL"", ""kind"": ""load"", ""packet"": 7, ""rank"": 2, ""answer"": ""HAWK"", ""reported"": true, ""response"": ""HAWK"", ""correct"": true, ""correct_lenient"": true, ""answer_migrated"": false}, {""name"": ""FLAMINGO"", ""kind"": ""passphrase"", ""packet"": 8, ""rank"": 3, ""answer"": ""ROMEO VICTOR QUEBEC"", ""reported"": true, ""response"": ""ROMEO VICTOR QUEBEC"", ""correct"": true, ""correct_lenient"": true, ""answer_migrated"": false}]",3,0,0.0,48.0,True,False,False,False,False,3.0,0.0,False,"<Thinking>
Packet 06 is Task PELICAN: report PEPPER as the result. Packet 07 is Task NARWHAL: report HAWK as the result. Packet 08 is Task FLAMINGO:
</Thinking>
<Final_Answers>
- Task PELICAN: PEPPER
- Task NARWHAL: HAWK
- Task FLAMINGO: ROMEO VICTOR QUEBEC
</Final_Answers>",qwen2.5:7b,7.0,Qwen2.5,97.0
3,non-ordered,True,True,48.0,,,,,trivial,cot,13,3,CHIMNEY,"[4, 7, 13]",0.0,1024,512.0,2088,3,SIERRA PAPA XRAY,,,,0,True,True,True,0.5,"[{""name"": ""YOGURT"", ""kind"": ""load"", ""packet"": 4, ""rank"": 1, ""answer"": ""TOMATO"", ""reported"": true, ""response"": ""TOMATO"", ""correct"": true, ""correct_lenient"": true, ""answer_migrated"": false}, {""name"": ""UNICYCLE"", ""kind"": ""load"", ""packet"": 7, ""rank"": 2, ""answer"": ""SALMON"", ""reported"": false, ""response"": null, ""correct"": false, ""correct_lenient"": false, ""answer_migrated"": false}, {""name"": ""CHIMNEY"", ""kind"": ""passphrase"", ""packet"": 13, ""rank"": 3, ""answer"": ""SIERRA PAPA XRAY"", ""reported"": true, ""response"": ""SIERRA PAPA XRAY"", ""correct"": true, ""correct_lenient"": true, ""answer_migrated"": false}]",2,0,0.0,48.0,True,False,False,False,True,2.0,0.0,False,"<Thinking>
Packet 04 is Task YOGURT: the result is TOMATO. Packet 13 is Task CHIMNEY: I must copy the three words SIERRA PAPA XRAY. I found 2 tasks in this stream
</Thinking>
<Final_Answers>
- Task YOGURT: TOMATO
- Task CHIMNEY: SIERRA PAPA XRAY
</Final_Answers>",qwen2.5:7b,7.0,Qwen2.5,97.0
3,non-ordered,True,True,48.0,,,,,trivial,cot,12,3,TULIP,"[2, 9, 12]",0.0,1024,512.0,3088,3,PAPA INDIA VICTOR,,,,0,True,True,True,1.0,"[{""name"": ""YODEL"", ""kind"": ""load"", ""packet"": 2, ""rank"": 1, ""answer"": ""SHARK"", ""reported"": true, ""response"": ""SHARK"", ""correct"": true, ""correct_lenient"": true, ""answer_migrated"": false}, {""name"": ""WALNUT"", ""kind"": ""load"", ""packet"": 9, ""rank"": 2, ""answer"": ""SUGAR"", ""reported"": true, ""response"": ""SUGAR"", ""correct"": true, ""correct_lenient"": true, ""answer_migrated"": false}, {""name"": ""TULIP"", ""kind"": ""passphrase"", ""packet"": 12, ""rank"": 3, ""answer"": ""PAPA INDIA VICTOR"", ""reported"": true, ""response"": ""PAPA INDIA VICTOR"", ""correct"": true, ""correct_lenient"": true, ""answer_migrated"": false}]",3,0,0.0,48.0,True,False,False,False,False,3.0,0.0,False,"<Thinking>
Packet 02 is Task YODEL: report SHARK as the result. Packet 09 is Task WALNUT: report SUGAR as the result. Packet 12 is Task TULIP: I must copy
</Thinking>
<Final_Answers>
- Task YODEL: SHARK
- Task WALNUT: SUGAR
- Task TULIP: PAPA INDIA VICTOR
</Final_Answers>",qwen2.5:7b,7.0,Qwen2.5,97.0
3,non-ordered,True,True,48.0,,,,,trivial,cot,13,3,LULLABY,"[2, 11, 13]",0.0,1024,512.0,4088,3,ALPHA HOTEL INDIA,,,,0,True,True,True,1.0,"[{""name"": ""RAVIOLI"", ""kind"": ""load"", ""packet"": 2, ""rank"": 1, ""answer"": ""BRANCH"", ""reported"": true, ""response"": ""BRANCH"", ""correct"": true, ""correct_lenient"": true, ""answer_migrated"": false}, {""name"": ""DOLPHIN"", ""kind"": ""load"", ""packet"": 11, ""rank"": 2, ""answer"": ""SPOON"", ""reported"": true, ""response"": ""SPOON"", ""correct"": true, ""correct_lenient"": true, ""answer_migrated"": false}, {""name"": ""LULLABY"", ""kind"": ""passphrase"", ""packet"": 13, ""rank"": 3, ""answer"": ""ALPHA HOTEL INDIA"", ""reported"": true, ""response"": ""ALPHA HOTEL INDIA"", ""correct"": true, ""correct_lenient"": true, ""answer_migrated"": false}]",3,0,0.0,48.0,True,False,False,False,False,3.0,0.0,False,"<Thinking>
Packet 02 is Task RAVIOLI: the result is BRANCH. Packet 11 is Task DOLPHIN: the result is SPOON. Packet 13 is Task LULLABY: I
</Thinking>
<Final_Answers>
- Task RAVIOLI: BRANCH
- Task DOLPHIN: SPOON
- Task LULLABY: ALPHA HOTEL INDIA
</Final_Answers>",qwen2.5:7b,7.0,Qwen2.5,97.0
3,non-ordered,True,True,48.0,,,,,trivial,cot,8,3,ANCHOVY,"[2, 6, 8]",0.0,1024,512.0,5088,3,WHISKEY ROMEO MIKE,,,,0,True,True,True,1.0,"[{""name"": ""THIMBLE"", ""kind"": ""load"", ""packet"": 2, ""rank"": 1, ""answer"": ""ROBIN"", ""reported"": true, ""response"": ""ROBIN"", ""correct"": true, ""correct_lenient"": true, ""answer_migrated"": false}, {""name"": ""URCHIN"", ""kind"": ""load"", ""packet"": 6, ""rank"": 2, ""answer"": ""LAKE"", ""reported"": true, ""response"": ""LAKE"", ""correct"": true, ""correct_lenient"": true, ""answer_migrated"": false}, {""name"": ""ANCHOVY"", ""kind"": ""passphrase"", ""packet"": 8, ""rank"": 3, ""answer"": ""WHISKEY ROMEO MIKE"", ""reported"": true, ""response"": ""WHISKEY ROMEO MIKE"", ""correct"": true, ""correct_lenient"": true, ""answer_migrated"": false}]",3,0,0.0,48.0,True,False,False,False,False,3.0,0.0,False,"<Thinking>
Packet 02 is Task THIMBLE: report ROBIN as the result. Packet 06 is Task URCHIN: report LAKE as the result. Packet 08 is Task ANCHOVY: copy-paste
</Thinking>
<Final_Answers>
- Task THIMBLE: ROBIN
- Task URCHIN: LAKE
- Task ANCHOVY: WHISKEY ROMEO MIKE
</Final_Answers>",qwen2.5:7b,7.0,Qwen2.5,97.0
3,non-ordered,True,True,48.0,,,,,trivial,cot,15,3,FALCON,"[1, 7, 15]",0.0,1024,512.0,6088,3,QUEBEC JULIET UNIFORM,,,,0,True,True,True,0.5,"[{""name"": ""HARMONICA"", ""kind"": ""load"", ""packet"": 1, ""rank"": 1, ""answer"": ""WHALE"", ""reported"": false, ""response"": null, ""correct"": false, ""correct_lenient"": false, ""answer_migrated"": false}, {""name"": ""SNORKEL"", ""kind"": ""load"", ""packet"": 7, ""rank"": 2, ""answer"": ""HORSE"", ""reported"": true, ""response"": ""HORSE"", ""correct"": true, ""correct_lenient"": true, ""answer_migrated"": false}, {""name"": ""FALCON"", ""kind"": ""passphrase"", ""packet"": 15, ""rank"": 3, ""answer"": ""QUEBEC JULIET UNIFORM"", ""reported"": true, ""response"": ""QUEBEC JULIET UNIFORM"", ""correct"": true, ""correct_lenient"": true, ""answer_migrated"": false}]",2,0,0.0,44.0,False,False,False,False,True,2.0,0.0,False,"<Thinking>
Packet 07 is Task SNORKEL: The result is HORSE. Packet 15 is Task FALCON: I must copy the three words QUEBEC JULIET UNIFORM.
</Thinking> 

<Final_Answers>
- Task SNORKEL: HORSE
- Task FALCON: QUEBEC JULIET UNIFORM
</Final_Answers>",qwen2.5:7b,7.0,Qwen2.5,97.0
3,non-ordered,True,True,48.0,,,,,trivial,cot,5,3,MARBLE,"[1, 4, 5]",0.0,1024,512.0,7088,3,ROMEO BRAVO MIKE,,,,0,True,True,True,1.0,"[{""name"": ""FERRET"", ""kind"": ""load"", ""packet"": 1, ""rank"": 1, ""answer"": ""BLUE"", ""reported"": true, ""response"": ""BLUE"", ""correct"": true, ""correct_lenient"": true, ""answer_migrated"": false}, {""name"": ""FALCON"", ""kind"": ""load"", ""packet"": 4, ""rank"": 2, ""answer"": ""BOWL"", ""reported"": true, ""response"": ""BOWL"", ""correct"": true, ""correct_lenient"": true, ""answer_migrated"": false}, {""name"": ""MARBLE"", ""kind"": ""passphrase"", ""packet"": 5, ""rank"": 3, ""answer"": ""ROMEO BRAVO MIKE"", ""reported"": true, ""response"": ""ROMEO BRAVO MIKE"", ""correct"": true, ""correct_lenient"": true, ""answer_migrated"": false}]",3,0,0.0,48.0,True,False,False,False,False,3.0,0.0,False,"<Thinking>
Packet 01 is Task FERRET: the result is BLUE. Packet 04 is Task FALCON: the result is BOWL. Packet 05 is Task MARBLE: I must copy the three words ROMEO
</Thinking>
<Final_Answers>
- Task FERRET: BLUE
- Task FALCON: BOWL
- Task MARBLE: ROMEO BRAVO MIKE
</Final_Answers>",qwen2.5:7b,7.0,Qwen2.5,97.0
3,non-ordered,False,True,48.0,,,,,semantic_4,cot,1,1,CARNIVAL,"[1, 8, 9]",0.0,1024,512.0,109,3,INDIA HOTEL OSCAR,,,,0,False,False,False,1.0,"[{""name"": ""CARNIVAL"", ""kind"": ""passphrase"", ""packet"": 1, ""rank"": 1, ""answer"": ""INDIA HOTEL OSCAR"", ""reported"": false, ""response"": null, ""correct"": false, ""correct_lenient"": false, ""answer_migrated"": false}, {""name"": ""LILAC"", ""kind"": ""load"", ""packet"": 8, ""rank"": 2, ""answer"": ""YES"", ""reported"": true, ""response"": ""YES"", ""correct"": true, ""correct_lenient"": true, ""answer_migrated"": false}, {""name"": ""KETTLE"", ""kind"": ""load"", ""packet"": 9, ""rank"": 3, ""answer"": ""INVALID"", ""reported"": true, ""response"": ""INVALID"", ""correct"": true, ""correct_lenient"": true, ""answer_migrated"": false}]",2,0,0.0,48.0,True,False,True,False,False,1.0,0.0,False,"<Thinking>
Packet 08 is Task LILAC: Leo is younger than Tom. Tom is younger than Pia. Pia is younger than Eve. Eve is younger than Bob. Therefore, Leo is indeed younger than Bob, so the answer
</Thinking>
<Final_Answers>
- Task LILAC: YES
- Task KETTLE: INVALID
</Final_Answers>",qwen2.5:7b,7.0,Qwen2.5,97.0
3,non-ordered,False,True,48.0,,,,,semantic_4,cot,11,3,LULLABY,"[2, 10, 11]",0.0,1024,512.0,1109,3,MIKE CHARLIE PAPA,,,,0,True,True,True,0.0,"[{""name"": ""LANTERN"", ""kind"": ""load"", ""packet"": 2, ""rank"": 1, ""answer"": ""VALID"", ""reported"": true, ""response"": ""INVALID"", ""correct"": false, ""correct_lenient"": false, ""answer_migrated"": true}, {""name"": ""THIMBLE"", ""kind"": ""load"", ""packet"": 10, ""rank"": 2, ""answer"": ""INVALID"", ""reported"": true, ""response"": ""VALID"", ""correct"": false, ""correct_lenient"": false, ""answer_migrated"": true}, {""name"": ""LULLABY"", ""kind"": ""passphrase"", ""packet"": 11, ""rank"": 3, ""answer"": ""MIKE CHARLIE PAPA"", ""reported"": true, ""response"": ""MIKE CHARLIE PAPA"", ""correct"": true, ""correct_lenient"": true, ""answer_migrated"": false}]",3,0,0.6666666666666666,48.0,True,False,False,False,False,1.0,0.0,False,"<Thinking>
Packet 02 is Task LANTERN: If all blims are drovs and all drovs are klemps, then no klemps can be flurbs. Since all flurbs are mibs and some mibs are
</Thinking>
<Final_Answers>
- Task LANTERN: INVALID
- Task THIMBLE: VALID
- Task LULLABY: MIKE CHARLIE PAPA
</Final_Answers>",qwen2.5:7b,7.0,Qwen2.5,97.0
3,non-ordered,False,True,48.0,,,,,semantic_4,cot,6,2,CHIMNEY,"[1, 6, 11]",0.0,1024,512.0,2109,3,MIKE ROMEO NOVEMBER,,,,0,True,True,True,0.5,"[{""name"": ""HARMONICA"", ""kind"": ""load"", ""packet"": 1, ""rank"": 1, ""answer"": ""INVALID"", ""reported"": true, ""response"": ""INVALID"", ""correct"": true, ""correct_lenient"": true, ""answer_migrated"": false}, {""name"": ""CHIMNEY"", ""kind"": ""passphrase"", ""packet"": 6, ""rank"": 2, ""answer"": ""MIKE ROMEO NOVEMBER"", ""reported"": true, ""response"": ""MIKE ROMEO NOVEMBER"", ""correct"": true, ""correct_lenient"": true, ""answer_migrated"": false}, {""name"": ""WHEELBARROW"", ""kind"": ""load"", ""packet"": 11, ""rank"": 3, ""answer"": ""NO"", ""reported"": true, ""response"": ""YES"", ""correct"": false, ""correct_lenient"": false, ""answer_migrated"": false}]",3,0,0.0,48.0,True,False,False,False,False,1.0,0.0,False,"<Thinking>
Packet 01 is Task HARMONICA: The statement does not provide enough information to conclude that some plurms are not blims. Since all snools are florks and no florks are blims, it follows that no
</Thinking>
<Final_Answers>
- Task HARMONICA: INVALID
- Task CHIMNEY: MIKE ROMEO NOVEMBER
- Task WHEELBARROW: YES
</Final_Answers>",qwen2.5:7b,7.0,Qwen2.5,97.0
3,non-ordered,False,True,48.0,,,,,semantic_4,cot,11,3,VELVET,"[7, 10, 11]",0.0,1024,512.0,3109,3,ECHO ZULU HOTEL,,,,0,True,True,True,1.0,"[{""name"": ""UNICYCLE"", ""kind"": ""load"", ""packet"": 7, ""rank"": 1, ""answer"": ""INVALID"", ""reported"": true, ""response"": ""INVALID"", ""correct"": true, ""correct_lenient"": true, ""answer_migrated"": false}, {""name"": ""WOMBAT"", ""kind"": ""load"", ""packet"": 10, ""rank"": 2, ""answer"": ""VALID"", ""reported"": true, ""response"": ""VALID"", ""correct"": true, ""correct_lenient"": true, ""answer_migrated"": false}, {""name"": ""VELVET"", ""kind"": ""passphrase"", ""packet"": 11, ""rank"": 3, ""answer"": ""ECHO ZULU HOTEL"", ""reported"": true, ""response"": ""ECHO ZULU HOTEL"", ""correct"": true, ""correct_lenient"": true, ""answer_migrated"": false}]",3,0,0.0,48.0,True,False,False,False,False,1.0,0.0,False,"<Thinking>
Packet 07 is Task UNICYCLE: The statement does not provide enough information to determine if no torps are knifs. There could be a possibility that some torps are also knifs through morks and snorfs,
</Thinking>
<Final_Answers>
- Task UNICYCLE: INVALID
- Task WOMBAT: VALID
- Task VELVET: ECHO ZULU HOTEL
</Final_Answers>",qwen2.5:7b,7.0,Qwen2.5,97.0
3,non-ordered,False,True,48.0,,,,,semantic_4,cot,9,2,DOLPHIN,"[6, 9, 10]",0.0,1024,512.0,4109,3,JULIET FOXTROT YANKEE,,,,0,True,True,True,1.0,"[{""name"": ""TULIP"", ""kind"": ""load"", ""packet"": 6, ""rank"": 1, ""answer"": ""NO"", ""reported"": true, ""response"": ""NO"", ""correct"": true, ""correct_lenient"": true, ""answer_migrated"": false}, {""name"": ""DOLPHIN"", ""kind"": ""passphrase"", ""packet"": 9, ""rank"": 2, ""answer"": ""JULIET FOXTROT YANKEE"", ""reported"": true, ""response"": ""JULIET FOXTROT YANKEE"", ""correct"": true, ""correct_lenient"": true, ""answer_migrated"": false}, {""name"": ""WALNUT"", ""kind"": ""load"", ""packet"": 10, ""rank"": 3, ""answer"": ""INVALID"", ""reported"": true, ""response"": ""INVALID"", ""correct"": true, ""correct_lenient"": true, ""answer_migrated"": false}]",3,0,0.0,48.0,True,False,False,False,False,2.0,0.0,False,"<Thinking>
Packet 06 is Task TULIP: Ravi is shorter than Sara, so Ravi cannot be taller than Sara. The answer is NO.

Packet 09 is Task DOLPHIN: I must copy the three words
</Thinking>
<Final_Answers>
- Task TULIP: NO
- Task DOLPHIN: JULIET FOXTROT YANKEE
- Task WALNUT: INVALID
</Final_Answers>",qwen2.5:7b,7.0,Qwen2.5,97.0
3,non-ordered,False,True,48.0,,,,,semantic_4,cot,5,1,MANDOLIN,"[5, 7, 14]",0.0,1024,512.0,5109,3,MIKE WHISKEY KILO,,,,0,True,True,True,0.0,"[{""name"": ""MANDOLIN"", ""kind"": ""passphrase"", ""packet"": 5, ""rank"": 1, ""answer"": ""MIKE WHISKEY KILO"", ""reported"": true, ""response"": ""MIKE WHISKEY KILO"", ""correct"": true, ""correct_lenient"": true, ""answer_migrated"": false}, {""name"": ""BAGPIPE"", ""kind"": ""load"", ""packet"": 7, ""rank"": 2, ""answer"": ""INVALID"", ""reported"": false, ""response"": null, ""correct"": false, ""correct_lenient"": false, ""answer_migrated"": false}, {""name"": ""JASMINE"", ""kind"": ""load"", ""packet"": 14, ""rank"": 3, ""answer"": ""INVALID"", ""reported"": true, ""response"": ""VALID"", ""correct"": false, ""correct_lenient"": false, ""answer_migrated"": false}]",2,0,0.0,48.0,True,False,False,False,True,2.0,0.0,False,"<Thinking>
Packet 05 is Task MANDOLIN: I must copy the three words MIKE WHISKEY KILO. Packet 14 is Task JASMINE: Analyzing the logical relationships, if some vrils are sm
</Thinking>
<Final_Answers>
- Task MANDOLIN: MIKE WHISKEY KILO
- Task JASMINE: VALID
</Final_Answers>",qwen2.5:7b,7.0,Qwen2.5,97.0
3,non-ordered,False,True,48.0,,,,,semantic_4,cot,7,1,LILAC,"[7, 12, 15]",0.0,1024,512.0,6109,3,GOLF ZULU YANKEE,,,,0,True,True,True,0.5,"[{""name"": ""LILAC"", ""kind"": ""passphrase"", ""packet"": 7, ""rank"": 1, ""answer"": ""GOLF ZULU YANKEE"", ""reported"": true, ""response"": ""GOLF ZULU YANKEE"", ""correct"": true, ""correct_lenient"": true, ""answer_migrated"": false}, {""name"": ""OPAL"", ""kind"": ""load"", ""packet"": 12, ""rank"": 2, ""answer"": ""NO"", ""reported"": true, ""response"": ""NO"", ""correct"": true, ""correct_lenient"": true, ""answer_migrated"": false}, {""name"": ""PISTACHIO"", ""kind"": ""load"", ""packet"": 15, ""rank"": 3, ""answer"": ""VALID"", ""reported"": true, ""response"": ""INVALID"", ""correct"": false, ""correct_lenient"": false, ""answer_migrated"": false}]",3,0,0.0,48.0,True,False,False,False,True,2.0,0.0,False,"<Thinking>
Packet 07 is Task LILAC: I must copy the three words GOLF ZULU YANKEE. Packet 12 is Task OPAL: Based on the given information, if Hank is heavier than Jack,
</Thinking>
<Final_Answers>
- Task LILAC: GOLF ZULU YANKEE
- Task OPAL: NO
- Task PISTACHIO: INVALID
</Final_Answers>",qwen2.5:7b,7.0,Qwen2.5,97.0
3,non-ordered,False,True,48.0,,,,,semantic_4,cot,3,1,URCHIN,"[3, 4, 6]",0.0,1024,512.0,7109,3,BRAVO YANKEE TANGO,,,,0,True,True,True,1.0,"[{""name"": ""URCHIN"", ""kind"": ""passphrase"", ""packet"": 3, ""rank"": 1, ""answer"": ""BRAVO YANKEE TANGO"", ""reported"": true, ""response"": ""BRAVO YANKEE TANGO"", ""correct"": true, ""correct_lenient"": true, ""answer_migrated"": false}, {""name"": ""TAPESTRY"", ""kind"": ""load"", ""packet"": 4, ""rank"": 2, ""answer"": ""INVALID"", ""reported"": true, ""response"": ""INVALID"", ""correct"": true, ""correct_lenient"": true, ""answer_migrated"": false}, {""name"": ""PYRAMID"", ""kind"": ""load"", ""packet"": 6, ""rank"": 3, ""answer"": ""R"", ""reported"": true, ""response"": ""R"", ""correct"": true, ""correct_lenient"": true, ""answer_migrated"": false}]",3,0,0.0,48.0,True,False,False,False,True,2.0,0.0,False,"<Thinking>
Packet 03 is Task URCHIN: I need to copy-paste these three words: BRAVO YANKEE TANGO.
Packet 04 is Task TAPESTRY: Let's analyze the statements. If all
</Thinking>
<Final_Answers>
- Task URCHIN: BRAVO YANKEE TANGO
- Task TAPESTRY: INVALID
- Task PYRAMID: R
</Final_Answers>",qwen2.5:7b,7.0,Qwen2.5,97.0
3,non-ordered,True,True,48.0,,,,,semantic_4,cot,9,3,LILAC,"[1, 8, 9]",0.0,1024,512.0,109,3,INDIA HOTEL OSCAR,,,,0,True,True,True,0.5,"[{""name"": ""TOBOGGAN"", ""kind"": ""load"", ""packet"": 1, ""rank"": 1, ""answer"": ""NO"", ""reported"": false, ""response"": null, ""correct"": false, ""correct_lenient"": false, ""answer_migrated"": false}, {""name"": ""CARNIVAL"", ""kind"": ""load"", ""packet"": 8, ""rank"": 2, ""answer"": ""YES"", ""reported"": true, ""response"": ""YES"", ""correct"": true, ""correct_lenient"": true, ""answer_migrated"": false}, {""name"": ""LILAC"", ""kind"": ""passphrase"", ""packet"": 9, ""rank"": 3, ""answer"": ""INDIA HOTEL OSCAR"", ""reported"": true, ""response"": ""INDIA HOTEL OSCAR"", ""correct"": true, ""correct_lenient"": true, ""answer_migrated"": false}]",2,0,0.0,48.0,True,False,False,False,False,1.0,0.0,False,"<Thinking>
Packet 08 is Task CARNIVAL: Leo is younger than Tom and Tom is younger than Pia. Pia is younger than Eve and Eve is younger than Bob. Therefore, Leo is definitely younger than Bob, so the answer
</Thinking>
<Final_Answers>
- Task CARNIVAL: YES
- Task LILAC: INDIA HOTEL OSCAR
</Final_Answers>",qwen2.5:7b,7.0,Qwen2.5,97.0
3,non-ordered,True,True,48.0,,,,,semantic_4,cot,11,3,THIMBLE,"[2, 10, 11]",0.0,1024,512.0,1109,3,MIKE CHARLIE PAPA,,,,0,True,True,True,0.5,"[{""name"": ""QUICKSAND"", ""kind"": ""load"", ""packet"": 2, ""rank"": 1, ""answer"": ""YES"", ""reported"": true, ""response"": ""YES"", ""correct"": true, ""correct_lenient"": true, ""answer_migrated"": false}, {""name"": ""LANTERN"", ""kind"": ""load"", ""packet"": 10, ""rank"": 2, ""answer"": ""VALID"", ""reported"": true, ""response"": ""INVALID"", ""correct"": false, ""correct_lenient"": false, ""answer_migrated"": false}, {""name"": ""THIMBLE"", ""kind"": ""passphrase"", ""packet"": 11, ""rank"": 3, ""answer"": ""MIKE CHARLIE PAPA"", ""reported"": true, ""response"": ""MIKE CHARLIE PAPA"", ""correct"": true, ""correct_lenient"": true, ""answer_migrated"": false}]",3,0,0.0,48.0,True,False,False,False,False,1.0,0.0,False,"<Thinking>
Packet 02 is Task QUICKSAND: If Carol is heavier than Eve, and Eve is heavier than Tom, who is heavier than Sara, and Sara is heavier than Bob, who is heavier than Iris, then yes, Carol is
</Thinking>
<Final_Answers>
- Task QUICKSAND: YES
- Task LANTERN: INVALID
- Task THIMBLE: MIKE CHARLIE PAPA
</Final_Answers>",qwen2.5:7b,7.0,Qwen2.5,97.0
3,non-ordered,True,True,48.0,,,,,semantic_4,cot,11,3,CHIMNEY,"[1, 6, 11]",0.0,1024,512.0,2109,3,MIKE ROMEO NOVEMBER,,,,0,True,True,True,0.5,"[{""name"": ""OBELISK"", ""kind"": ""load"", ""packet"": 1, ""rank"": 1, ""answer"": ""INVALID"", ""reported"": true, ""response"": ""INVALID"", ""correct"": true, ""correct_lenient"": true, ""answer_migrated"": false}, {""name"": ""HARMONICA"", ""kind"": ""load"", ""packet"": 6, ""rank"": 2, ""answer"": ""INVALID"", ""reported"": true, ""response"": ""VALID"", ""correct"": false, ""correct_lenient"": false, ""answer_migrated"": false}, {""name"": ""CHIMNEY"", ""kind"": ""passphrase"", ""packet"": 11, ""rank"": 3, ""answer"": ""MIKE ROMEO NOVEMBER"", ""reported"": true, ""response"": ""MIKE ROMEO NOVEMBER"", ""correct"": true, ""correct_lenient"": true, ""answer_migrated"": false}]",3,0,0.0,48.0,True,False,False,False,False,2.0,0.0,False,"<Thinking>
Packet 01 is Task OBELISK: The statement does not provide enough information to conclude that no blims are torps. Therefore, the answer is INVALID.

Packet 06 is Task HARMONICA: Since some plur
</Thinking>
<Final_Answers>
- Task OBELISK: INVALID
- Task HARMONICA: VALID
- Task CHIMNEY: MIKE ROMEO NOVEMBER
</Final_Answers>",qwen2.5:7b,7.0,Qwen2.5,97.0
3,non-ordered,True,True,48.0,,,,,semantic_4,cot,11,3,WOMBAT,"[7, 10, 11]",0.0,1024,512.0,3109,3,ECHO ZULU HOTEL,,,,0,True,True,True,1.0,"[{""name"": ""NOODLE"", ""kind"": ""load"", ""packet"": 7, ""rank"": 1, ""answer"": ""VALID"", ""reported"": true, ""response"": ""VALID"", ""correct"": true, ""correct_lenient"": true, ""answer_migrated"": false}, {""name"": ""UNICYCLE"", ""kind"": ""load"", ""packet"": 10, ""rank"": 2, ""answer"": ""INVALID"", ""reported"": true, ""response"": ""INVALID"", ""correct"": true, ""correct_lenient"": true, ""answer_migrated"": false}, {""name"": ""WOMBAT"", ""kind"": ""passphrase"", ""packet"": 11, ""rank"": 3, ""answer"": ""ECHO ZULU HOTEL"", ""reported"": true, ""response"": ""ECHO ZULU HOTEL"", ""correct"": true, ""correct_lenient"": true, ""answer_migrated"": false}]",3,0,0.0,48.0,True,False,False,False,False,1.0,0.0,False,"<Thinking>
Packet 07 is Task NOODLE: The statement ""Some torps are not mibs"" can be derived from the given premises. Since no trens are mibs and all torps are plurms, which are trens
</Thinking>
<Final_Answers>
- Task NOODLE: VALID
- Task UNICYCLE: INVALID
- Task WOMBAT: ECHO ZULU HOTEL
</Final_Answers>",qwen2.5:7b,7.0,Qwen2.5,97.0
3,non-ordered,True,True,48.0,,,,,semantic_4,cot,10,3,DOLPHIN,"[6, 9, 10]",0.0,1024,512.0,4109,3,JULIET FOXTROT YANKEE,,,,0,True,True,True,0.5,"[{""name"": ""NARWHAL"", ""kind"": ""load"", ""packet"": 6, ""rank"": 1, ""answer"": ""VALID"", ""reported"": true, ""response"": ""INVALID"", ""correct"": false, ""correct_lenient"": false, ""answer_migrated"": false}, {""name"": ""TULIP"", ""kind"": ""load"", ""packet"": 9, ""rank"": 2, ""answer"": ""NO"", ""reported"": true, ""response"": ""NO"", ""correct"": true, ""correct_lenient"": true, ""answer_migrated"": false}, {""name"": ""DOLPHIN"", ""kind"": ""passphrase"", ""packet"": 10, ""rank"": 3, ""answer"": ""JULIET FOXTROT YANKEE"", ""reported"": true, ""response"": ""JULIET FOXTROT YANKEE"", ""correct"": true, ""correct_lenient"": true, ""answer_migrated"": false}]",3,0,0.0,48.0,True,False,False,False,False,2.0,0.0,False,"<Thinking>
Packet 06 is Task NARWHAL: The statements given do not provide enough information to determine if no trils are florks. Therefore, the answer is INVALID.

Packet 09 is Task TULIP: Frank is
</Thinking>
<Final_Answers>
- Task NARWHAL: INVALID
- Task TULIP: NO
- Task DOLPHIN: JULIET FOXTROT YANKEE
</Final_Answers>",qwen2.5:7b,7.0,Qwen2.5,97.0
3,non-ordered,True,True,48.0,,,,,semantic_4,cot,14,3,BAGPIPE,"[5, 7, 14]",0.0,1024,512.0,5109,3,MIKE WHISKEY KILO,,,,0,True,True,True,1.0,"[{""name"": ""SAPPHIRE"", ""kind"": ""load"", ""packet"": 5, ""rank"": 1, ""answer"": ""VALID"", ""reported"": true, ""response"": ""VALID"", ""correct"": true, ""correct_lenient"": true, ""answer_migrated"": false}, {""name"": ""MANDOLIN"", ""kind"": ""load"", ""packet"": 7, ""rank"": 2, ""answer"": ""INVALID"", ""reported"": true, ""response"": ""INVALID"", ""correct"": true, ""correct_lenient"": true, ""answer_migrated"": false}, {""name"": ""BAGPIPE"", ""kind"": ""passphrase"", ""packet"": 14, ""rank"": 3, ""answer"": ""MIKE WHISKEY KILO"", ""reported"": true, ""response"": ""MIKE WHISKEY KILO"", ""correct"": true, ""correct_lenient"": true, ""answer_migrated"": false}]",3,0,0.0,48.0,True,False,False,False,False,1.0,0.0,False,"<Thinking>
Packet 05 is Task SAPPHIRE: The statement ""All zorps are ralks. All ralks are wugs. No wugs are blorgs. All blorgs are snorfs. Some
</Thinking>
<Final_Answers>
- Task SAPPHIRE: VALID
- Task MANDOLIN: INVALID
- Task BAGPIPE: MIKE WHISKEY KILO
</Final_Answers>",qwen2.5:7b,7.0,Qwen2.5,97.0
3,non-ordered,True,True,48.0,,,,,semantic_4,cot,15,3,OPAL,"[7, 12, 15]",0.0,1024,512.0,6109,3,GOLF ZULU YANKEE,,,,0,True,True,True,1.0,"[{""name"": ""LANTERN"", ""kind"": ""load"", ""packet"": 7, ""rank"": 1, ""answer"": ""YES"", ""reported"": true, ""response"": ""YES"", ""correct"": true, ""correct_lenient"": true, ""answer_migrated"": false}, {""name"": ""LILAC"", ""kind"": ""load"", ""packet"": 12, ""rank"": 2, ""answer"": ""NO"", ""reported"": true, ""response"": ""NO"", ""correct"": true, ""correct_lenient"": true, ""answer_migrated"": false}, {""name"": ""OPAL"", ""kind"": ""passphrase"", ""packet"": 15, ""rank"": 3, ""answer"": ""GOLF ZULU YANKEE"", ""reported"": true, ""response"": ""GOLF ZULU YANKEE"", ""correct"": true, ""correct_lenient"": true, ""answer_migrated"": false}]",3,0,0.0,48.0,True,False,False,False,False,2.0,0.0,False,"<Thinking>
Packet 07 is Task LANTERN: The sequence of ages is Jack < Alice < Dave < Hank < Kira < Grace. Therefore, Alice is younger than Kira, so the answer is YES.

Packet 12 is
</Thinking>
<Final_Answers>
- Task LANTERN: YES
- Task LILAC: NO
- Task OPAL: GOLF ZULU YANKEE
</Final_Answers>",qwen2.5:7b,7.0,Qwen2.5,97.0
3,non-ordered,True,True,48.0,,,,,semantic_4,cot,6,3,TAPESTRY,"[3, 4, 6]",0.0,1024,512.0,7109,3,BRAVO YANKEE TANGO,,,,0,True,True,True,0.0,"[{""name"": ""SAPPHIRE"", ""kind"": ""load"", ""packet"": 3, ""rank"": 1, ""answer"": ""VALID"", ""reported"": true, ""response"": ""INVALID"", ""correct"": false, ""correct_lenient"": false, ""answer_migrated"": true}, {""name"": ""URCHIN"", ""kind"": ""load"", ""packet"": 4, ""rank"": 2, ""answer"": ""INVALID"", ""reported"": true, ""response"": ""VALID"", ""correct"": false, ""correct_lenient"": false, ""answer_migrated"": true}, {""name"": ""TAPESTRY"", ""kind"": ""passphrase"", ""packet"": 6, ""rank"": 3, ""answer"": ""BRAVO YANKEE TANGO"", ""reported"": true, ""response"": ""BRAVO YANKEE TANGO"", ""correct"": true, ""correct_lenient"": true, ""answer_migrated"": false}]",3,0,0.6666666666666666,48.0,True,False,False,False,False,1.0,0.0,False,"<Thinking>
Packet 03 is Task SAPPHIRE: The statements given are as follows - some gleeks are blims, all blims are snorfs, some snorfs are vorps, and all vorps are wumps.
</Thinking>
<Final_Answers>
- Task SAPPHIRE: INVALID
- Task URCHIN: VALID
- Task TAPESTRY: BRAVO YANKEE TANGO
</Final_Answers>",qwen2.5:7b,7.0,Qwen2.5,97.0
3,non-ordered,False,True,97.0,,,,,trivial,cot,3,1,PLATYPUS,"[3, 11, 15]",0.0,1024,512.0,88,3,MIKE GOLF KILO,,,,0,True,True,True,1.0,"[{""name"": ""PLATYPUS"", ""kind"": ""passphrase"", ""packet"": 3, ""rank"": 1, ""answer"": ""MIKE GOLF KILO"", ""reported"": true, ""response"": ""MIKE GOLF KILO"", ""correct"": true, ""correct_lenient"": true, ""answer_migrated"": false}, {""name"": ""URCHIN"", ""kind"": ""load"", ""packet"": 11, ""rank"": 2, ""answer"": ""RED"", ""reported"": true, ""response"": ""RED"", ""correct"": true, ""correct_lenient"": true, ""answer_migrated"": false}, {""name"": ""LULLABY"", ""kind"": ""load"", ""packet"": 15, ""rank"": 3, ""answer"": ""EAGLE"", ""reported"": true, ""response"": ""EAGLE"", ""correct"": true, ""correct_lenient"": true, ""answer_migrated"": false}]",3,0,0.0,78.0,False,False,False,False,True,3.0,0.0,False,"<Thinking>
Packet 03 is Task PLATYPUS: I must copy the three words MIKE GOLF KILO. Packet 11 is Task URCHIN: this task is trivial and reports the word RED as its result. Packet 15 is Task LULLABY: this task is also trivial and reports the word EAGLE as its result.
</Thinking> 

<Final_Answers>
- Task PLATYPUS: MIKE GOLF KILO
- Task URCHIN: RED
- Task LULLABY: EAGLE
</Final_Answers>",qwen2.5:7b,7.0,Qwen2.5,97.0
3,non-ordered,False,True,97.0,,,,,trivial,cot,6,1,NARWHAL,"[6, 7, 8]",0.0,1024,512.0,1088,3,ROMEO VICTOR QUEBEC,,,,0,True,True,True,1.0,"[{""name"": ""NARWHAL"", ""kind"": ""passphrase"", ""packet"": 6, ""rank"": 1, ""answer"": ""ROMEO VICTOR QUEBEC"", ""reported"": true, ""response"": ""ROMEO VICTOR QUEBEC"", ""correct"": true, ""correct_lenient"": true, ""answer_migrated"": false}, {""name"": ""FLAMINGO"", ""kind"": ""load"", ""packet"": 7, ""rank"": 2, ""answer"": ""HAWK"", ""reported"": true, ""response"": ""HAWK"", ""correct"": true, ""correct_lenient"": true, ""answer_migrated"": false}, {""name"": ""HEDGEHOG"", ""kind"": ""load"", ""packet"": 8, ""rank"": 3, ""answer"": ""OCEAN"", ""reported"": true, ""response"": ""OCEAN"", ""correct"": true, ""correct_lenient"": true, ""answer_migrated"": false}]",3,0,0.0,88.0,False,False,False,False,True,3.0,0.0,False,"<Thinking>
Packet 06 is Task NARWHAL: I must copy the three words ROMEO VICTOR QUEBEC. Packet 07 is Task FLAMINGO: The task is to report the word HAWK as the result. Packet 08 is Task HEDGEHOG: The task is to report the word OCEAN as the result.

I found 3 tasks in this stream.
</Thinking> 

<Final_Answers>
- Task NARWHAL: ROMEO VICTOR QUEBEC
- Task FLAMINGO: HAWK
- Task HEDGEHOG: OCEAN
</Final_Answers>",qwen2.5:7b,7.0,Qwen2.5,97.0
3,non-ordered,False,True,97.0,,,,,trivial,cot,4,1,UNICYCLE,"[4, 7, 13]",0.0,1024,512.0,2088,3,SIERRA PAPA XRAY,,,,0,True,True,True,0.5,"[{""name"": ""UNICYCLE"", ""kind"": ""passphrase"", ""packet"": 4, ""rank"": 1, ""answer"": ""SIERRA PAPA XRAY"", ""reported"": true, ""response"": ""SIERRA PAPA XRAY"", ""correct"": true, ""correct_lenient"": true, ""answer_migrated"": false}, {""name"": ""CHIMNEY"", ""kind"": ""load"", ""packet"": 7, ""rank"": 2, ""answer"": ""SALMON"", ""reported"": true, ""response"": ""SAL"", ""correct"": false, ""correct_lenient"": false, ""answer_migrated"": false}, {""name"": ""URCHIN"", ""kind"": ""load"", ""packet"": 13, ""rank"": 3, ""answer"": ""SALT"", ""reported"": true, ""response"": ""SALT"", ""correct"": true, ""correct_lenient"": true, ""answer_migrated"": false}]",3,0,0.0,97.0,True,False,False,False,True,3.0,0.0,False,"<Thinking>
Packet 04 is Task UNICYCLE: I must copy the three words SIERRA PAPA XRAY. Packet 07 is Task CHIMNEY: The result of this task is SALMON. Packet 13 is Task URCHIN: The result of this task is SALT.
I found 3 tasks in this stream.

<Final_Answers>
- Task UNICYCLE: SIERRA PAPA XRAY
- Task CHIMNEY: SAL
</Thinking>
<Final_Answers>
- Task UNICYCLE: SIERRA PAPA XRAY
- Task CHIMNEY: SALMON
- Task URCHIN: SALT
</Final_Answers>",qwen2.5:7b,7.0,Qwen2.5,97.0
3,non-ordered,False,True,97.0,,,,,trivial,cot,9,2,TULIP,"[2, 9, 12]",0.0,1024,512.0,3088,3,PAPA INDIA VICTOR,,,,0,True,True,True,1.0,"[{""name"": ""WALNUT"", ""kind"": ""load"", ""packet"": 2, ""rank"": 1, ""answer"": ""SUGAR"", ""reported"": true, ""response"": ""SUGAR"", ""correct"": true, ""correct_lenient"": true, ""answer_migrated"": false}, {""name"": ""TULIP"", ""kind"": ""passphrase"", ""packet"": 9, ""rank"": 2, ""answer"": ""PAPA INDIA VICTOR"", ""reported"": true, ""response"": ""PAPA INDIA VICTOR"", ""correct"": true, ""correct_lenient"": true, ""answer_migrated"": false}, {""name"": ""LOBSTER"", ""kind"": ""load"", ""packet"": 12, ""rank"": 3, ""answer"": ""CHAIR"", ""reported"": true, ""response"": ""CHAIR"", ""correct"": true, ""correct_lenient"": true, ""answer_migrated"": false}]",3,0,0.0,62.0,False,False,False,False,True,3.0,0.0,False,"<Thinking>
Packet 02 is Task WALNUT: report SUGAR as the result. Packet 09 is Task TULIP: I must copy the three words PAPA INDIA VICTOR. Packet 12 is Task LOBSTER: report CHAIR as the result.
</Thinking> 

<Final_Answers>
- Task WALNUT: SUGAR
- Task TULIP: PAPA INDIA VICTOR
- Task LOBSTER: CHAIR
</Final_Answers>",qwen2.5:7b,7.0,Qwen2.5,97.0
3,non-ordered,False,True,97.0,,,,,trivial,cot,13,3,LULLABY,"[2, 11, 13]",0.0,1024,512.0,4088,3,ALPHA HOTEL INDIA,,,,0,True,True,True,1.0,"[{""name"": ""DOLPHIN"", ""kind"": ""load"", ""packet"": 2, ""rank"": 1, ""answer"": ""BRANCH"", ""reported"": true, ""response"": ""BRANCH"", ""correct"": true, ""correct_lenient"": true, ""answer_migrated"": false}, {""name"": ""RAVIOLI"", ""kind"": ""load"", ""packet"": 11, ""rank"": 2, ""answer"": ""SPOON"", ""reported"": true, ""response"": ""SPOON"", ""correct"": true, ""correct_lenient"": true, ""answer_migrated"": false}, {""name"": ""LULLABY"", ""kind"": ""passphrase"", ""packet"": 13, ""rank"": 3, ""answer"": ""ALPHA HOTEL INDIA"", ""reported"": true, ""response"": ""ALPHA HOTEL INDIA"", ""correct"": true, ""correct_lenient"": true, ""answer_migrated"": false}]",3,0,0.0,75.0,False,False,False,False,True,3.0,0.0,False,"<Thinking>
Packet 02 is Task DOLPHIN: report BRANCH as the result. Packet 11 is Task RAVIOLI: report SPOON as the result. Packet 13 is Task LULLABY: I must copy-paste the three words ALPHA HOTEL INDIA. I found 3 tasks in this stream.
</Thinking> 

<Final_Answers>
- Task DOLPHIN: BRANCH
- Task RAVIOLI: SPOON
- Task LULLABY: ALPHA HOTEL INDIA
</Final_Answers>",qwen2.5:7b,7.0,Qwen2.5,97.0
3,non-ordered,False,True,97.0,,,,,trivial,cot,8,3,TAPESTRY,"[2, 6, 8]",0.0,1024,512.0,5088,3,WHISKEY ROMEO MIKE,,,,0,True,True,True,1.0,"[{""name"": ""URCHIN"", ""kind"": ""load"", ""packet"": 2, ""rank"": 1, ""answer"": ""LAKE"", ""reported"": true, ""response"": ""LAKE"", ""correct"": true, ""correct_lenient"": true, ""answer_migrated"": false}, {""name"": ""ANCHOVY"", ""kind"": ""load"", ""packet"": 6, ""rank"": 2, ""answer"": ""BLACK"", ""reported"": true, ""response"": ""BLACK"", ""correct"": true, ""correct_lenient"": true, ""answer_migrated"": false}, {""name"": ""TAPESTRY"", ""kind"": ""passphrase"", ""packet"": 8, ""rank"": 3, ""answer"": ""WHISKEY ROMEO MIKE"", ""reported"": true, ""response"": ""WHISKEY ROMEO MIKE"", ""correct"": true, ""correct_lenient"": true, ""answer_migrated"": false}]",3,0,0.0,66.0,False,False,False,False,True,3.0,0.0,False,"<Thinking>
Packet 02 is Task URCHIN: The result for this task is LAKE. Packet 06 is Task ANCHOVY: The result for this task is BLACK. Packet 08 is Task TAPESTRY: I must copy the three words WHISKEY ROMEO MIKE.
</Thinking> 

<Final_Answers>
- Task URCHIN: LAKE
- Task ANCHOVY: BLACK
- Task TAPESTRY: WHISKEY ROMEO MIKE
</Final_Answers>",qwen2.5:7b,7.0,Qwen2.5,97.0
3,non-ordered,False,True,97.0,,,,,trivial,cot,7,2,FALCON,"[1, 7, 15]",0.0,1024,512.0,6088,3,QUEBEC JULIET UNIFORM,,,,0,True,True,True,1.0,"[{""name"": ""SNORKEL"", ""kind"": ""load"", ""packet"": 1, ""rank"": 1, ""answer"": ""HORSE"", ""reported"": true, ""response"": ""HORSE"", ""correct"": true, ""correct_lenient"": true, ""answer_migrated"": false}, {""name"": ""FALCON"", ""kind"": ""passphrase"", ""packet"": 7, ""rank"": 2, ""answer"": ""QUEBEC JULIET UNIFORM"", ""reported"": true, ""response"": ""QUEBEC JULIET UNIFORM"", ""correct"": true, ""correct_lenient"": true, ""answer_migrated"": false}, {""name"": ""KAYAK"", ""kind"": ""load"", ""packet"": 15, ""rank"": 3, ""answer"": ""STONE"", ""reported"": true, ""response"": ""STONE"", ""correct"": true, ""correct_lenient"": true, ""answer_migrated"": false}]",3,0,0.0,60.0,False,False,False,False,True,3.0,0.0,False,"<Thinking>
Packet 01 is Task SNORKEL: The result is HORSE. Packet 07 is Task FALCON: I must copy the three words QUEBEC JULIET UNIFORM. Packet 15 is Task KAYAK: The result is STONE.
</Thinking> 

<Final_Answers>
- Task SNORKEL: HORSE
- Task FALCON: QUEBEC JULIET UNIFORM
- Task KAYAK: STONE
</Final_Answers>",qwen2.5:7b,7.0,Qwen2.5,97.0
3,non-ordered,False,True,97.0,,,,,trivial,cot,4,2,MARBLE,"[1, 4, 5]",0.0,1024,512.0,7088,3,ROMEO BRAVO MIKE,,,,0,True,True,True,1.0,"[{""name"": ""FALCON"", ""kind"": ""load"", ""packet"": 1, ""rank"": 1, ""answer"": ""BOWL"", ""reported"": true, ""response"": ""BOWL"", ""correct"": true, ""correct_lenient"": true, ""answer_migrated"": false}, {""name"": ""MARBLE"", ""kind"": ""passphrase"", ""packet"": 4, ""rank"": 2, ""answer"": ""ROMEO BRAVO MIKE"", ""reported"": true, ""response"": ""ROMEO BRAVO MIKE"", ""correct"": true, ""correct_lenient"": true, ""answer_migrated"": false}, {""name"": ""WATERMELON"", ""kind"": ""load"", ""packet"": 5, ""rank"": 3, ""answer"": ""SNAKE"", ""reported"": true, ""response"": ""SNAKE"", ""correct"": true, ""correct_lenient"": true, ""answer_migrated"": false}]",3,0,0.0,61.0,False,False,False,False,True,3.0,0.0,False,"<Thinking>
Packet 01 is Task FALCON: report BOWL as the result. Packet 04 is Task MARBLE: I must copy the three words ROMEO BRAVO MIKE. Packet 05 is Task WATERMELON: report SNAKE as the result.
</Thinking> 

<Final_Answers>
- Task FALCON: BOWL
- Task MARBLE: ROMEO BRAVO MIKE
- Task WATERMELON: SNAKE
</Final_Answers>",qwen2.5:7b,7.0,Qwen2.5,97.0
3,non-ordered,True,True,97.0,,,,,trivial,cot,15,3,URCHIN,"[3, 11, 15]",0.0,1024,512.0,88,3,MIKE GOLF KILO,,,,0,True,True,True,1.0,"[{""name"": ""PYRAMID"", ""kind"": ""load"", ""packet"": 3, ""rank"": 1, ""answer"": ""PEACH"", ""reported"": true, ""response"": ""PEACH"", ""correct"": true, ""correct_lenient"": true, ""answer_migrated"": false}, {""name"": ""PLATYPUS"", ""kind"": ""load"", ""packet"": 11, ""rank"": 2, ""answer"": ""RED"", ""reported"": true, ""response"": ""RED"", ""correct"": true, ""correct_lenient"": true, ""answer_migrated"": false}, {""name"": ""URCHIN"", ""kind"": ""passphrase"", ""packet"": 15, ""rank"": 3, ""answer"": ""MIKE GOLF KILO"", ""reported"": true, ""response"": ""MIKE GOLF KILO"", ""correct"": true, ""correct_lenient"": true, ""answer_migrated"": false}]",3,0,0.0,68.0,False,False,False,False,True,3.0,0.0,False,"<Thinking>
Packet 03 is Task PYRAMID: the result is PEACH. Packet 11 is Task PLATYPUS: the result is RED. Packet 15 is Task URCHIN: I must copy the three words MIKE GOLF KILO. I found 3 tasks in this stream.
</Thinking> 

<Final_Answers>
- Task PYRAMID: PEACH
- Task PLATYPUS: RED
- Task URCHIN: MIKE GOLF KILO
</Final_Answers>",qwen2.5:7b,7.0,Qwen2.5,97.0
3,non-ordered,True,True,97.0,,,,,trivial,cot,8,3,FLAMINGO,"[6, 7, 8]",0.0,1024,512.0,1088,3,ROMEO VICTOR QUEBEC,,,,0,True,True,True,1.0,"[{""name"": ""PELICAN"", ""kind"": ""load"", ""packet"": 6, ""rank"": 1, ""answer"": ""PEPPER"", ""reported"": true, ""response"": ""PEPPER"", ""correct"": true, ""correct_lenient"": true, ""answer_migrated"": false}, {""name"": ""NARWHAL"", ""kind"": ""load"", ""packet"": 7, ""rank"": 2, ""answer"": ""HAWK"", ""reported"": true, ""response"": ""HAWK"", ""correct"": true, ""correct_lenient"": true, ""answer_migrated"": false}, {""name"": ""FLAMINGO"", ""kind"": ""passphrase"", ""packet"": 8, ""rank"": 3, ""answer"": ""ROMEO VICTOR QUEBEC"", ""reported"": true, ""response"": ""ROMEO VICTOR QUEBEC"", ""correct"": true, ""correct_lenient"": true, ""answer_migrated"": false}]",3,0,0.0,74.0,False,False,False,False,True,3.0,0.0,False,"<Thinking>
Packet 06 is Task PELICAN: report PEPPER as the result. Packet 07 is Task NARWHAL: report HAWK as the result. Packet 08 is Task FLAMINGO: copy-paste the words ROMEO VICTOR QUEBEC.

I found 3 tasks in this stream.
</Thinking> 

<Final_Answers>
- Task PELICAN: PEPPER
- Task NARWHAL: HAWK
- Task FLAMINGO: ROMEO VICTOR QUEBEC
</Final_Answers>",qwen2.5:7b,7.0,Qwen2.5,97.0
3,non-ordered,True,True,97.0,,,,,trivial,cot,13,3,CHIMNEY,"[4, 7, 13]",0.0,1024,512.0,2088,3,SIERRA PAPA XRAY,,,,0,True,True,True,0.5,"[{""name"": ""YOGURT"", ""kind"": ""load"", ""packet"": 4, ""rank"": 1, ""answer"": ""TOMATO"", ""reported"": true, ""response"": ""TOMATO"", ""correct"": true, ""correct_lenient"": true, ""answer_migrated"": false}, {""name"": ""UNICYCLE"", ""kind"": ""load"", ""packet"": 7, ""rank"": 2, ""answer"": ""SALMON"", ""reported"": false, ""response"": null, ""correct"": false, ""correct_lenient"": false, ""answer_migrated"": false}, {""name"": ""CHIMNEY"", ""kind"": ""passphrase"", ""packet"": 13, ""rank"": 3, ""answer"": ""SIERRA PAPA XRAY"", ""reported"": true, ""response"": ""SIERRA PAPA XRAY"", ""correct"": true, ""correct_lenient"": true, ""answer_migrated"": false}]",2,0,0.0,52.0,False,False,False,False,True,2.0,0.0,False,"<Thinking>
Packet 04 is Task YOGURT: the result is TOMATO. Packet 13 is Task CHIMNEY: I must copy the three words SIERRA PAPA XRAY. I found 2 tasks in this stream.
</Thinking> 

<Final_Answers>
- Task YOGURT: TOMATO
- Task CHIMNEY: SIERRA PAPA XRAY
</Final_Answers>",qwen2.5:7b,7.0,Qwen2.5,97.0
3,non-ordered,True,True,97.0,,,,,trivial,cot,12,3,TULIP,"[2, 9, 12]",0.0,1024,512.0,3088,3,PAPA INDIA VICTOR,,,,0,True,True,True,1.0,"[{""name"": ""YODEL"", ""kind"": ""load"", ""packet"": 2, ""rank"": 1, ""answer"": ""SHARK"", ""reported"": true, ""response"": ""SHARK"", ""correct"": true, ""correct_lenient"": true, ""answer_migrated"": false}, {""name"": ""WALNUT"", ""kind"": ""load"", ""packet"": 9, ""rank"": 2, ""answer"": ""SUGAR"", ""reported"": true, ""response"": ""SUGAR"", ""correct"": true, ""correct_lenient"": true, ""answer_migrated"": false}, {""name"": ""TULIP"", ""kind"": ""passphrase"", ""packet"": 12, ""rank"": 3, ""answer"": ""PAPA INDIA VICTOR"", ""reported"": true, ""response"": ""PAPA INDIA VICTOR"", ""correct"": true, ""correct_lenient"": true, ""answer_migrated"": false}]",3,0,0.0,62.0,False,False,False,False,True,3.0,0.0,False,"<Thinking>
Packet 02 is Task YODEL: report SHARK as the result. Packet 09 is Task WALNUT: report SUGAR as the result. Packet 12 is Task TULIP: I must copy the three words PAPA INDIA VICTOR.
</Thinking> 

<Final_Answers>
- Task YODEL: SHARK
- Task WALNUT: SUGAR
- Task TULIP: PAPA INDIA VICTOR
</Final_Answers>",qwen2.5:7b,7.0,Qwen2.5,97.0
3,non-ordered,True,True,97.0,,,,,trivial,cot,13,3,LULLABY,"[2, 11, 13]",0.0,1024,512.0,4088,3,ALPHA HOTEL INDIA,,,,0,True,True,True,1.0,"[{""name"": ""RAVIOLI"", ""kind"": ""load"", ""packet"": 2, ""rank"": 1, ""answer"": ""BRANCH"", ""reported"": true, ""response"": ""BRANCH"", ""correct"": true, ""correct_lenient"": true, ""answer_migrated"": false}, {""name"": ""DOLPHIN"", ""kind"": ""load"", ""packet"": 11, ""rank"": 2, ""answer"": ""SPOON"", ""reported"": true, ""response"": ""SPOON"", ""correct"": true, ""correct_lenient"": true, ""answer_migrated"": false}, {""name"": ""LULLABY"", ""kind"": ""passphrase"", ""packet"": 13, ""rank"": 3, ""answer"": ""ALPHA HOTEL INDIA"", ""reported"": true, ""response"": ""ALPHA HOTEL INDIA"", ""correct"": true, ""correct_lenient"": true, ""answer_migrated"": false}]",3,0,0.0,62.0,False,False,False,False,True,3.0,0.0,False,"<Thinking>
Packet 02 is Task RAVIOLI: the result is BRANCH. Packet 11 is Task DOLPHIN: the result is SPOON. Packet 13 is Task LULLABY: I must copy the three words ALPHA HOTEL INDIA.
</Thinking> 

<Final_Answers>
- Task RAVIOLI: BRANCH
- Task DOLPHIN: SPOON
- Task LULLABY: ALPHA HOTEL INDIA
</Final_Answers>",qwen2.5:7b,7.0,Qwen2.5,97.0
3,non-ordered,True,True,97.0,,,,,trivial,cot,8,3,ANCHOVY,"[2, 6, 8]",0.0,1024,512.0,5088,3,WHISKEY ROMEO MIKE,,,,0,True,True,True,1.0,"[{""name"": ""THIMBLE"", ""kind"": ""load"", ""packet"": 2, ""rank"": 1, ""answer"": ""ROBIN"", ""reported"": true, ""response"": ""ROBIN"", ""correct"": true, ""correct_lenient"": true, ""answer_migrated"": false}, {""name"": ""URCHIN"", ""kind"": ""load"", ""packet"": 6, ""rank"": 2, ""answer"": ""LAKE"", ""reported"": true, ""response"": ""LAKE"", ""correct"": true, ""correct_lenient"": true, ""answer_migrated"": false}, {""name"": ""ANCHOVY"", ""kind"": ""passphrase"", ""packet"": 8, ""rank"": 3, ""answer"": ""WHISKEY ROMEO MIKE"", ""reported"": true, ""response"": ""WHISKEY ROMEO MIKE"", ""correct"": true, ""correct_lenient"": true, ""answer_migrated"": false}]",3,0,0.0,70.0,False,False,False,False,True,3.0,0.0,False,"<Thinking>
Packet 02 is Task THIMBLE: report ROBIN as the result. Packet 06 is Task URCHIN: report LAKE as the result. Packet 08 is Task ANCHOVY: copy-paste the words WHISKEY ROMEO MIKE.

I found 3 tasks in this stream.
</Thinking> 

<Final_Answers>
- Task THIMBLE: ROBIN
- Task URCHIN: LAKE
- Task ANCHOVY: WHISKEY ROMEO MIKE
</Final_Answers>",qwen2.5:7b,7.0,Qwen2.5,97.0
3,non-ordered,True,True,97.0,,,,,trivial,cot,15,3,FALCON,"[1, 7, 15]",0.0,1024,512.0,6088,3,QUEBEC JULIET UNIFORM,,,,0,True,True,True,0.5,"[{""name"": ""HARMONICA"", ""kind"": ""load"", ""packet"": 1, ""rank"": 1, ""answer"": ""WHALE"", ""reported"": false, ""response"": null, ""correct"": false, ""correct_lenient"": false, ""answer_migrated"": false}, {""name"": ""SNORKEL"", ""kind"": ""load"", ""packet"": 7, ""rank"": 2, ""answer"": ""HORSE"", ""reported"": true, ""response"": ""HORSE"", ""correct"": true, ""correct_lenient"": true, ""answer_migrated"": false}, {""name"": ""FALCON"", ""kind"": ""passphrase"", ""packet"": 15, ""rank"": 3, ""answer"": ""QUEBEC JULIET UNIFORM"", ""reported"": true, ""response"": ""QUEBEC JULIET UNIFORM"", ""correct"": true, ""correct_lenient"": true, ""answer_migrated"": false}]",2,0,0.0,44.0,False,False,False,False,True,2.0,0.0,False,"<Thinking>
Packet 07 is Task SNORKEL: The result is HORSE. Packet 15 is Task FALCON: I must copy the three words QUEBEC JULIET UNIFORM.
</Thinking> 

<Final_Answers>
- Task SNORKEL: HORSE
- Task FALCON: QUEBEC JULIET UNIFORM
</Final_Answers>",qwen2.5:7b,7.0,Qwen2.5,97.0
3,non-ordered,True,True,97.0,,,,,trivial,cot,5,3,MARBLE,"[1, 4, 5]",0.0,1024,512.0,7088,3,ROMEO BRAVO MIKE,,,,0,True,True,True,1.0,"[{""name"": ""FERRET"", ""kind"": ""load"", ""packet"": 1, ""rank"": 1, ""answer"": ""BLUE"", ""reported"": true, ""response"": ""BLUE"", ""correct"": true, ""correct_lenient"": true, ""answer_migrated"": false}, {""name"": ""FALCON"", ""kind"": ""load"", ""packet"": 4, ""rank"": 2, ""answer"": ""BOWL"", ""reported"": true, ""response"": ""BOWL"", ""correct"": true, ""correct_lenient"": true, ""answer_migrated"": false}, {""name"": ""MARBLE"", ""kind"": ""passphrase"", ""packet"": 5, ""rank"": 3, ""answer"": ""ROMEO BRAVO MIKE"", ""reported"": true, ""response"": ""ROMEO BRAVO MIKE"", ""correct"": true, ""correct_lenient"": true, ""answer_migrated"": false}]",3,0,0.0,56.0,False,False,False,False,True,3.0,0.0,False,"<Thinking>
Packet 01 is Task FERRET: the result is BLUE. Packet 04 is Task FALCON: the result is BOWL. Packet 05 is Task MARBLE: I must copy the three words ROMEO BRAVO MIKE.
</Thinking> 

<Final_Answers>
- Task FERRET: BLUE
- Task FALCON: BOWL
- Task MARBLE: ROMEO BRAVO MIKE
</Final_Answers>",qwen2.5:7b,7.0,Qwen2.5,97.0
3,non-ordered,False,True,97.0,,,,,semantic_4,cot,1,1,CARNIVAL,"[1, 8, 9]",0.0,1024,512.0,109,3,INDIA HOTEL OSCAR,,,,0,False,False,False,1.0,"[{""name"": ""CARNIVAL"", ""kind"": ""passphrase"", ""packet"": 1, ""rank"": 1, ""answer"": ""INDIA HOTEL OSCAR"", ""reported"": false, ""response"": null, ""correct"": false, ""correct_lenient"": false, ""answer_migrated"": false}, {""name"": ""LILAC"", ""kind"": ""load"", ""packet"": 8, ""rank"": 2, ""answer"": ""YES"", ""reported"": true, ""response"": ""YES"", ""correct"": true, ""correct_lenient"": true, ""answer_migrated"": false}, {""name"": ""KETTLE"", ""kind"": ""load"", ""packet"": 9, ""rank"": 3, ""answer"": ""INVALID"", ""reported"": true, ""response"": ""INVALID"", ""correct"": true, ""correct_lenient"": true, ""answer_migrated"": false}]",2,0,0.0,97.0,True,False,True,False,False,2.0,1.0,False,"<Thinking>
Packet 08 is Task LILAC: Leo is younger than Tom. Tom is younger than Pia. Pia is younger than Eve. Eve is younger than Bob. Therefore, Leo is indeed younger than Bob, so the answer is YES.

Packet 14 is Task KETTLE: All snorfs are blorgs. All quibs are ralks. Some blorgs are quibs. No ralks are blims. All bl
</Thinking>
<Final_Answers>
- Task LILAC: YES
- Task KETTLE: INVALID
</Final_Answers>",qwen2.5:7b,7.0,Qwen2.5,97.0
3,non-ordered,False,True,97.0,,,,,semantic_4,cot,11,3,LULLABY,"[2, 10, 11]",0.0,1024,512.0,1109,3,MIKE CHARLIE PAPA,,,,0,False,False,False,0.0,"[{""name"": ""LANTERN"", ""kind"": ""load"", ""packet"": 2, ""rank"": 1, ""answer"": ""VALID"", ""reported"": true, ""response"": ""INVALID"", ""correct"": false, ""correct_lenient"": false, ""answer_migrated"": true}, {""name"": ""THIMBLE"", ""kind"": ""load"", ""packet"": 10, ""rank"": 2, ""answer"": ""INVALID"", ""reported"": true, ""response"": ""VALID"", ""correct"": false, ""correct_lenient"": false, ""answer_migrated"": true}, {""name"": ""LULLABY"", ""kind"": ""passphrase"", ""packet"": 11, ""rank"": 3, ""answer"": ""MIKE CHARLIE PAPA"", ""reported"": false, ""response"": null, ""correct"": false, ""correct_lenient"": false, ""answer_migrated"": false}]",2,0,1.0,97.0,True,False,True,False,False,2.0,0.0,False,"<Thinking>
Packet 02 is Task LANTERN: If all blims are drovs and all drovs are klemps, then no klemps can be flurbs. Since all flurbs are mibs and some mibs are blims, it does not necessarily follow that no blims are flurbs because there could still be a subset of mibs that are both blims and flurbs. Therefore, the answer is INVALID.

Packet 10 is Task
</Thinking>
<Final_Answers>
- Task LANTERN: INVALID
- Task THIMBLE: VALID
</Final_Answers>",qwen2.5:7b,7.0,Qwen2.5,97.0
3,non-ordered,False,True,97.0,,,,,semantic_4,cot,6,2,CHIMNEY,"[1, 6, 11]",0.0,1024,512.0,2109,3,MIKE ROMEO NOVEMBER,,,,0,True,True,True,1.0,"[{""name"": ""HARMONICA"", ""kind"": ""load"", ""packet"": 1, ""rank"": 1, ""answer"": ""INVALID"", ""reported"": true, ""response"": ""INVALID"", ""correct"": true, ""correct_lenient"": true, ""answer_migrated"": false}, {""name"": ""CHIMNEY"", ""kind"": ""passphrase"", ""packet"": 6, ""rank"": 2, ""answer"": ""MIKE ROMEO NOVEMBER"", ""reported"": true, ""response"": ""MIKE ROMEO NOVEMBER"", ""correct"": true, ""correct_lenient"": true, ""answer_migrated"": false}, {""name"": ""WHEELBARROW"", ""kind"": ""load"", ""packet"": 11, ""rank"": 3, ""answer"": ""NO"", ""reported"": true, ""response"": ""NO"", ""correct"": true, ""correct_lenient"": true, ""answer_migrated"": false}]",3,0,0.0,97.0,True,False,False,False,False,2.0,0.0,False,"<Thinking>
Packet 01 is Task HARMONICA: The statement does not provide enough information to conclude that some plurms are not blims. Since all snools are florks and no florks are blims, it follows that no snools can be blims. However, the relationship between wugs, zorps, and plums is not clear, so we cannot definitively say anything about plums and blims. The answer is INVALID.

Packet 06
</Thinking>
<Final_Answers>
- Task HARMONICA: INVALID
- Task CHIMNEY: MIKE ROMEO NOVEMBER
- Task WHEELBARROW: NO
</Final_Answers>",qwen2.5:7b,7.0,Qwen2.5,97.0
3,non-ordered,False,True,97.0,,,,,semantic_4,cot,11,3,VELVET,"[7, 10, 11]",0.0,1024,512.0,3109,3,ECHO ZULU HOTEL,,,,0,True,True,True,0.5,"[{""name"": ""UNICYCLE"", ""kind"": ""load"", ""packet"": 7, ""rank"": 1, ""answer"": ""INVALID"", ""reported"": true, ""response"": ""INVALID"", ""correct"": true, ""correct_lenient"": true, ""answer_migrated"": false}, {""name"": ""WOMBAT"", ""kind"": ""load"", ""packet"": 10, ""rank"": 2, ""answer"": ""VALID"", ""reported"": true, ""response"": ""INVALID"", ""correct"": false, ""correct_lenient"": false, ""answer_migrated"": true}, {""name"": ""VELVET"", ""kind"": ""passphrase"", ""packet"": 11, ""rank"": 3, ""answer"": ""ECHO ZULU HOTEL"", ""reported"": true, ""response"": ""ECHO ZULU HOTEL"", ""correct"": true, ""correct_lenient"": true, ""answer_migrated"": false}]",3,0,0.3333333333333333,97.0,True,False,False,False,False,2.0,0.0,False,"<Thinking>
Packet 07 is Task UNICYCLE: The statement does not provide enough information to determine if no torps are knifs. There could be a possibility that some torps are also knifs through morks and snorfs, but it's not explicitly stated. Therefore, the answer is INVALID.

Packet 10 is Task WOMBAT: Since all trils are frans and all frans are snicks, then all trils must be snicks. And
</Thinking>
<Final_Answers>
- Task UNICYCLE: INVALID
- Task WOMBAT: INVALID
- Task VELVET: ECHO ZULU HOTEL
</Final_Answers>",qwen2.5:7b,7.0,Qwen2.5,97.0
3,non-ordered,False,True,97.0,,,,,semantic_4,cot,9,2,DOLPHIN,"[6, 9, 10]",0.0,1024,512.0,4109,3,JULIET FOXTROT YANKEE,,,,0,True,True,True,1.0,"[{""name"": ""TULIP"", ""kind"": ""load"", ""packet"": 6, ""rank"": 1, ""answer"": ""NO"", ""reported"": true, ""response"": ""NO"", ""correct"": true, ""correct_lenient"": true, ""answer_migrated"": false}, {""name"": ""DOLPHIN"", ""kind"": ""passphrase"", ""packet"": 9, ""rank"": 2, ""answer"": ""JULIET FOXTROT YANKEE"", ""reported"": true, ""response"": ""JULIET FOXTROT YANKEE"", ""correct"": true, ""correct_lenient"": true, ""answer_migrated"": false}, {""name"": ""WALNUT"", ""kind"": ""load"", ""packet"": 10, ""rank"": 3, ""answer"": ""INVALID"", ""reported"": true, ""response"": ""INVALID"", ""correct"": true, ""correct_lenient"": true, ""answer_migrated"": false}]",3,0,0.0,97.0,True,False,False,False,True,3.0,0.0,False,"<Thinking>
Packet 06 is Task TULIP: Ravi is shorter than Sara, so Ravi cannot be taller than Sara. The answer is NO.

Packet 09 is Task DOLPHIN: I must copy the three words JULIET FOXTROT YANKEE.

Packet 10 is Task WALNUT: Some snools are flurbs and some flurbs are wozzles, but not all snigs are wugs. Therefore
</Thinking>
<Final_Answers>
- Task TULIP: NO
- Task DOLPHIN: JULIET FOXTROT YANKEE
- Task WALNUT: INVALID
</Final_Answers>",qwen2.5:7b,7.0,Qwen2.5,97.0
3,non-ordered,False,True,97.0,,,,,semantic_4,cot,5,1,MANDOLIN,"[5, 7, 14]",0.0,1024,512.0,5109,3,MIKE WHISKEY KILO,,,,0,True,True,True,0.0,"[{""name"": ""MANDOLIN"", ""kind"": ""passphrase"", ""packet"": 5, ""rank"": 1, ""answer"": ""MIKE WHISKEY KILO"", ""reported"": true, ""response"": ""MIKE WHISKEY KILO"", ""correct"": true, ""correct_lenient"": true, ""answer_migrated"": false}, {""name"": ""BAGPIPE"", ""kind"": ""load"", ""packet"": 7, ""rank"": 2, ""answer"": ""INVALID"", ""reported"": false, ""response"": null, ""correct"": false, ""correct_lenient"": false, ""answer_migrated"": false}, {""name"": ""JASMINE"", ""kind"": ""load"", ""packet"": 14, ""rank"": 3, ""answer"": ""INVALID"", ""reported"": true, ""response"": ""VALID"", ""correct"": false, ""correct_lenient"": false, ""answer_migrated"": false}]",2,0,0.0,97.0,True,False,False,False,True,2.0,0.0,False,"<Thinking>
Packet 05 is Task MANDOLIN: I must copy the three words MIKE WHISKEY KILO. Packet 14 is Task JASMINE: Analyzing the logical relationships, if some vrils are smegs and no zorps are yarps, it follows that there can be no overlap between flurbs and yarps since all flurbs are vrils and all yarls are snorfs. Therefore, the
</Thinking>
<Final_Answers>
- Task MANDOLIN: MIKE WHISKEY KILO
- Task JASMINE: VALID
</Final_Answers>",qwen2.5:7b,7.0,Qwen2.5,97.0
3,non-ordered,False,True,97.0,,,,,semantic_4,cot,7,1,LILAC,"[7, 12, 15]",0.0,1024,512.0,6109,3,GOLF ZULU YANKEE,,,,0,True,True,True,0.5,"[{""name"": ""LILAC"", ""kind"": ""passphrase"", ""packet"": 7, ""rank"": 1, ""answer"": ""GOLF ZULU YANKEE"", ""reported"": true, ""response"": ""GOLF ZULU YANKEE"", ""correct"": true, ""correct_lenient"": true, ""answer_migrated"": false}, {""name"": ""OPAL"", ""kind"": ""load"", ""packet"": 12, ""rank"": 2, ""answer"": ""NO"", ""reported"": true, ""response"": ""NO"", ""correct"": true, ""correct_lenient"": true, ""answer_migrated"": false}, {""name"": ""PISTACHIO"", ""kind"": ""load"", ""packet"": 15, ""rank"": 3, ""answer"": ""VALID"", ""reported"": true, ""response"": ""INVALID"", ""correct"": false, ""correct_lenient"": false, ""answer_migrated"": false}]",3,0,0.0,97.0,True,False,False,False,True,3.0,0.0,False,"<Thinking>
Packet 07 is Task LILAC: I must copy the three words GOLF ZULU YANKEE. Packet 12 is Task OPAL: Based on the given information, if Hank is heavier than Jack, and Jack is heavier than Ravi, and so on with Tom being lighter than Bob who is lighter than Kira, it follows that Tom is indeed lighter than Kira. Therefore, the answer is NO. Packet 15 is Task P
</Thinking>
<Final_Answers>
- Task LILAC: GOLF ZULU YANKEE
- Task OPAL: NO
- Task PISTACHIO: INVALID
</Final_Answers>",qwen2.5:7b,7.0,Qwen2.5,97.0
3,non-ordered,False,True,97.0,,,,,semantic_4,cot,3,1,URCHIN,"[3, 4, 6]",0.0,1024,512.0,7109,3,BRAVO YANKEE TANGO,,,,0,True,True,True,0.5,"[{""name"": ""URCHIN"", ""kind"": ""passphrase"", ""packet"": 3, ""rank"": 1, ""answer"": ""BRAVO YANKEE TANGO"", ""reported"": true, ""response"": ""BRAVO YANKEE TANGO"", ""correct"": true, ""correct_lenient"": true, ""answer_migrated"": false}, {""name"": ""TAPESTRY"", ""kind"": ""load"", ""packet"": 4, ""rank"": 2, ""answer"": ""INVALID"", ""reported"": true, ""response"": ""INVALID"", ""correct"": true, ""correct_lenient"": true, ""answer_migrated"": false}, {""name"": ""PYRAMID"", ""kind"": ""load"", ""packet"": 6, ""rank"": 3, ""answer"": ""R"", ""reported"": true, ""response"": ""U"", ""correct"": false, ""correct_lenient"": false, ""answer_migrated"": false}]",3,0,0.0,97.0,True,False,False,False,True,2.0,0.0,False,"<Thinking>
Packet 03 is Task URCHIN: I need to copy-paste these three words: BRAVO YANKEE TANGO.
Packet 04 is Task TAPESTRY: Let's analyze the statements. If all wugs are morks, and some morks are vrils, then there might be wugs that are also vrils. However, no grints are snools, and since all snools are yarps, this means no gr
</Thinking>
<Final_Answers>
- Task URCHIN: BRAVO YANKEE TANGO
- Task TAPESTRY: INVALID
- Task PYRAMID: U
</Final_Answers>",qwen2.5:7b,7.0,Qwen2.5,97.0
3,non-ordered,True,True,97.0,,,,,semantic_4,cot,9,3,LILAC,"[1, 8, 9]",0.0,1024,512.0,109,3,INDIA HOTEL OSCAR,,,,0,True,True,True,0.5,"[{""name"": ""TOBOGGAN"", ""kind"": ""load"", ""packet"": 1, ""rank"": 1, ""answer"": ""NO"", ""reported"": false, ""response"": null, ""correct"": false, ""correct_lenient"": false, ""answer_migrated"": false}, {""name"": ""CARNIVAL"", ""kind"": ""load"", ""packet"": 8, ""rank"": 2, ""answer"": ""YES"", ""reported"": true, ""response"": ""YES"", ""correct"": true, ""correct_lenient"": true, ""answer_migrated"": false}, {""name"": ""LILAC"", ""kind"": ""passphrase"", ""packet"": 9, ""rank"": 3, ""answer"": ""INDIA HOTEL OSCAR"", ""reported"": true, ""response"": ""INDIA HOTEL OSCAR"", ""correct"": true, ""correct_lenient"": true, ""answer_migrated"": false}]",2,0,0.0,86.0,False,False,False,False,True,2.0,0.0,False,"<Thinking>
Packet 08 is Task CARNIVAL: Leo is younger than Tom and Tom is younger than Pia. Pia is younger than Eve and Eve is younger than Bob. Therefore, Leo is definitely younger than Bob, so the answer is YES.

Packet 09 is Task LILAC: I must copy the three words INDIA HOTEL OSCAR.
I found 2 tasks in this stream.
</Thinking> 

<Final_Answers>
- Task CARNIVAL: YES
- Task LILAC: INDIA HOTEL OSCAR
</Final_Answers>",qwen2.5:7b,7.0,Qwen2.5,97.0
3,non-ordered,True,True,97.0,,,,,semantic_4,cot,11,3,THIMBLE,"[2, 10, 11]",0.0,1024,512.0,1109,3,MIKE CHARLIE PAPA,,,,0,True,True,True,0.5,"[{""name"": ""QUICKSAND"", ""kind"": ""load"", ""packet"": 2, ""rank"": 1, ""answer"": ""YES"", ""reported"": true, ""response"": ""YES"", ""correct"": true, ""correct_lenient"": true, ""answer_migrated"": false}, {""name"": ""LANTERN"", ""kind"": ""load"", ""packet"": 10, ""rank"": 2, ""answer"": ""VALID"", ""reported"": true, ""response"": ""INVALID"", ""correct"": false, ""correct_lenient"": false, ""answer_migrated"": false}, {""name"": ""THIMBLE"", ""kind"": ""passphrase"", ""packet"": 11, ""rank"": 3, ""answer"": ""MIKE CHARLIE PAPA"", ""reported"": true, ""response"": ""MIKE CHARLIE PAPA"", ""correct"": true, ""correct_lenient"": true, ""answer_migrated"": false}]",3,0,0.0,97.0,True,False,False,False,False,2.0,0.0,False,"<Thinking>
Packet 02 is Task QUICKSAND: If Carol is heavier than Eve, and Eve is heavier than Tom, who is heavier than Sara, and Sara is heavier than Bob, who is heavier than Iris, then yes, Carol is heavier than Sara. The answer is YES.

Packet 10 is Task LANTERN: We know that all blims are drovs, all drovs are klemps, no klemps are flurbs, and all flurbs
</Thinking>
<Final_Answers>
- Task QUICKSAND: YES
- Task LANTERN: INVALID
- Task THIMBLE: MIKE CHARLIE PAPA
</Final_Answers>",qwen2.5:7b,7.0,Qwen2.5,97.0
3,non-ordered,True,True,97.0,,,,,semantic_4,cot,11,3,CHIMNEY,"[1, 6, 11]",0.0,1024,512.0,2109,3,MIKE ROMEO NOVEMBER,,,,0,True,True,True,0.5,"[{""name"": ""OBELISK"", ""kind"": ""load"", ""packet"": 1, ""rank"": 1, ""answer"": ""INVALID"", ""reported"": true, ""response"": ""INVALID"", ""correct"": true, ""correct_lenient"": true, ""answer_migrated"": false}, {""name"": ""HARMONICA"", ""kind"": ""load"", ""packet"": 6, ""rank"": 2, ""answer"": ""INVALID"", ""reported"": true, ""response"": ""VALID"", ""correct"": false, ""correct_lenient"": false, ""answer_migrated"": false}, {""name"": ""CHIMNEY"", ""kind"": ""passphrase"", ""packet"": 11, ""rank"": 3, ""answer"": ""MIKE ROMEO NOVEMBER"", ""reported"": true, ""response"": ""MIKE ROMEO NOVEMBER"", ""correct"": true, ""correct_lenient"": true, ""answer_migrated"": false}]",3,0,0.0,97.0,True,False,False,False,False,3.0,0.0,False,"<Thinking>
Packet 01 is Task OBELISK: The statement does not provide enough information to conclude that no blims are torps. Therefore, the answer is INVALID.

Packet 06 is Task HARMONICA: Since some plurms are zorps and all snools are florks (and no florks are blims), it follows that some plurms cannot be blims. Thus, the answer is VALID.

Packet 11 is Task CHIMNEY:
</Thinking>
<Final_Answers>
- Task OBELISK: INVALID
- Task HARMONICA: VALID
- Task CHIMNEY: MIKE ROMEO NOVEMBER
</Final_Answers>",qwen2.5:7b,7.0,Qwen2.5,97.0
3,non-ordered,True,True,97.0,,,,,semantic_4,cot,11,3,WOMBAT,"[7, 10, 11]",0.0,1024,512.0,3109,3,ECHO ZULU HOTEL,,,,0,True,True,True,1.0,"[{""name"": ""NOODLE"", ""kind"": ""load"", ""packet"": 7, ""rank"": 1, ""answer"": ""VALID"", ""reported"": true, ""response"": ""VALID"", ""correct"": true, ""correct_lenient"": true, ""answer_migrated"": false}, {""name"": ""UNICYCLE"", ""kind"": ""load"", ""packet"": 10, ""rank"": 2, ""answer"": ""INVALID"", ""reported"": true, ""response"": ""INVALID"", ""correct"": true, ""correct_lenient"": true, ""answer_migrated"": false}, {""name"": ""WOMBAT"", ""kind"": ""passphrase"", ""packet"": 11, ""rank"": 3, ""answer"": ""ECHO ZULU HOTEL"", ""reported"": true, ""response"": ""ECHO ZULU HOTEL"", ""correct"": true, ""correct_lenient"": true, ""answer_migrated"": false}]",3,0,0.0,97.0,True,False,False,False,False,2.0,0.0,False,"<Thinking>
Packet 07 is Task NOODLE: The statement ""Some torps are not mibs"" can be derived from the given premises. Since no trens are mibs and all torps are plurms, which are trens, it follows that some torps cannot be mibs. Therefore, the answer is VALID.

Packet 10 is Task UNICYCLE: The statement ""No torps are knifs"" can be derived from the given premises. Since no
</Thinking>
<Final_Answers>
- Task NOODLE: VALID
- Task UNICYCLE: INVALID
- Task WOMBAT: ECHO ZULU HOTEL
</Final_Answers>",qwen2.5:7b,7.0,Qwen2.5,97.0
3,non-ordered,True,True,97.0,,,,,semantic_4,cot,10,3,DOLPHIN,"[6, 9, 10]",0.0,1024,512.0,4109,3,JULIET FOXTROT YANKEE,,,,0,True,True,True,0.5,"[{""name"": ""NARWHAL"", ""kind"": ""load"", ""packet"": 6, ""rank"": 1, ""answer"": ""VALID"", ""reported"": true, ""response"": ""INVALID"", ""correct"": false, ""correct_lenient"": false, ""answer_migrated"": false}, {""name"": ""TULIP"", ""kind"": ""load"", ""packet"": 9, ""rank"": 2, ""answer"": ""NO"", ""reported"": true, ""response"": ""NO"", ""correct"": true, ""correct_lenient"": true, ""answer_migrated"": false}, {""name"": ""DOLPHIN"", ""kind"": ""passphrase"", ""packet"": 10, ""rank"": 3, ""answer"": ""JULIET FOXTROT YANKEE"", ""reported"": true, ""response"": ""JULIET FOXTROT YANKEE"", ""correct"": true, ""correct_lenient"": true, ""answer_migrated"": false}]",3,0,0.0,97.0,True,False,False,False,False,2.0,0.0,False,"<Thinking>
Packet 06 is Task NARWHAL: The statements given do not provide enough information to determine if no trils are florks. Therefore, the answer is INVALID.

Packet 09 is Task TULIP: Frank is shorter than Eve, who in turn is shorter than Ravi. Since Dave is taller than Ravi and Hank is taller than Dave, it follows that Sara is taller than Ravi. Thus, Ravi is not taller than Sara; the answer
</Thinking>
<Final_Answers>
- Task NARWHAL: INVALID
- Task TULIP: NO
- Task DOLPHIN: JULIET FOXTROT YANKEE
</Final_Answers>",qwen2.5:7b,7.0,Qwen2.5,97.0
3,non-ordered,True,True,97.0,,,,,semantic_4,cot,14,3,BAGPIPE,"[5, 7, 14]",0.0,1024,512.0,5109,3,MIKE WHISKEY KILO,,,,0,True,True,True,0.5,"[{""name"": ""SAPPHIRE"", ""kind"": ""load"", ""packet"": 5, ""rank"": 1, ""answer"": ""VALID"", ""reported"": true, ""response"": ""VALID"", ""correct"": true, ""correct_lenient"": true, ""answer_migrated"": false}, {""name"": ""MANDOLIN"", ""kind"": ""load"", ""packet"": 7, ""rank"": 2, ""answer"": ""INVALID"", ""reported"": false, ""response"": null, ""correct"": false, ""correct_lenient"": false, ""answer_migrated"": false}, {""name"": ""BAGPIPE"", ""kind"": ""passphrase"", ""packet"": 14, ""rank"": 3, ""answer"": ""MIKE WHISKEY KILO"", ""reported"": true, ""response"": ""MIKE WHISKEY KILO"", ""correct"": true, ""correct_lenient"": true, ""answer_migrated"": false}]",2,0,0.0,97.0,True,False,False,False,False,1.0,0.0,False,"<Thinking>
Packet 05 is Task SAPPHIRE: The statement ""All zorps are ralks. All ralks are wugs. No wugs are blorgs. All blorgs are snorfs. Some snorfs are zorps"" can be analyzed as follows:
- If some snorfs are zorps and no wugs are blorgs, then there is a direct relationship between zorps and snorfs.
-
</Thinking>
<Final_Answers>
- Task SAPPHIRE: VALID
- Task BAGPIPE: MIKE WHISKEY KILO
</Final_Answers>",qwen2.5:7b,7.0,Qwen2.5,97.0
3,non-ordered,True,True,97.0,,,,,semantic_4,cot,15,3,OPAL,"[7, 12, 15]",0.0,1024,512.0,6109,3,GOLF ZULU YANKEE,,,,0,True,True,True,1.0,"[{""name"": ""LANTERN"", ""kind"": ""load"", ""packet"": 7, ""rank"": 1, ""answer"": ""YES"", ""reported"": true, ""response"": ""YES"", ""correct"": true, ""correct_lenient"": true, ""answer_migrated"": false}, {""name"": ""LILAC"", ""kind"": ""load"", ""packet"": 12, ""rank"": 2, ""answer"": ""NO"", ""reported"": true, ""response"": ""NO"", ""correct"": true, ""correct_lenient"": true, ""answer_migrated"": false}, {""name"": ""OPAL"", ""kind"": ""passphrase"", ""packet"": 15, ""rank"": 3, ""answer"": ""GOLF ZULU YANKEE"", ""reported"": true, ""response"": ""GOLF ZULU YANKEE"", ""correct"": true, ""correct_lenient"": true, ""answer_migrated"": false}]",3,0,0.0,97.0,True,False,False,False,False,3.0,0.0,False,"<Thinking>
Packet 07 is Task LANTERN: The sequence of ages is Jack < Alice < Dave < Hank < Kira < Grace. Therefore, Alice is younger than Kira, so the answer is YES.

Packet 12 is Task LILAC: The sequence of weights is Hank > Jack > Ravi > Tom > Bob > Kira. Thus, Tom is lighter than Kira, so the answer is NO.

Packet 15 is Task OPAL: I
</Thinking>
<Final_Answers>
- Task LANTERN: YES
- Task LILAC: NO
- Task OPAL: GOLF ZULU YANKEE
</Final_Answers>",qwen2.5:7b,7.0,Qwen2.5,97.0
3,non-ordered,True,True,97.0,,,,,semantic_4,cot,6,3,TAPESTRY,"[3, 4, 6]",0.0,1024,512.0,7109,3,BRAVO YANKEE TANGO,,,,0,True,True,True,1.0,"[{""name"": ""SAPPHIRE"", ""kind"": ""load"", ""packet"": 3, ""rank"": 1, ""answer"": ""VALID"", ""reported"": true, ""response"": ""VALID"", ""correct"": true, ""correct_lenient"": true, ""answer_migrated"": false}, {""name"": ""URCHIN"", ""kind"": ""load"", ""packet"": 4, ""rank"": 2, ""answer"": ""INVALID"", ""reported"": true, ""response"": ""INVALID"", ""correct"": true, ""correct_lenient"": true, ""answer_migrated"": false}, {""name"": ""TAPESTRY"", ""kind"": ""passphrase"", ""packet"": 6, ""rank"": 3, ""answer"": ""BRAVO YANKEE TANGO"", ""reported"": true, ""response"": ""BRAVO YANKEE TANGO"", ""correct"": true, ""correct_lenient"": true, ""answer_migrated"": false}]",3,0,0.0,97.0,True,False,False,False,False,1.0,0.0,False,"<Thinking>
Packet 03 is Task SAPPHIRE: The statements given are as follows - some gleeks are blims, all blims are snorfs, some snorfs are vorps, and all vorps are wumps. No wumps are gleeks. To determine if it follows that some gleeks are not wumps, we can analyze the relationships: since no wumps are gleeks, any gleek cannot be a wump. Therefore, the answer is
</Thinking>
<Final_Answers>
- Task SAPPHIRE: VALID
- Task URCHIN: INVALID
- Task TAPESTRY: BRAVO YANKEE TANGO
</Final_Answers>",qwen2.5:7b,7.0,Qwen2.5,97.0
3,non-ordered,False,True,,,,,,trivial,cot,3,1,PLATYPUS,"[3, 11, 15]",0.0,1024,,88,3,MIKE GOLF KILO,,,,0,True,True,True,1.0,"[{""name"": ""PLATYPUS"", ""kind"": ""passphrase"", ""packet"": 3, ""rank"": 1, ""answer"": ""MIKE GOLF KILO"", ""reported"": true, ""response"": ""MIKE GOLF KILO"", ""correct"": true, ""correct_lenient"": true, ""answer_migrated"": false}, {""name"": ""URCHIN"", ""kind"": ""load"", ""packet"": 11, ""rank"": 2, ""answer"": ""RED"", ""reported"": true, ""response"": ""RED"", ""correct"": true, ""correct_lenient"": true, ""answer_migrated"": false}, {""name"": ""LULLABY"", ""kind"": ""load"", ""packet"": 15, ""rank"": 3, ""answer"": ""EAGLE"", ""reported"": true, ""response"": ""EAGLE"", ""correct"": true, ""correct_lenient"": true, ""answer_migrated"": false}]",3,0,0.0,,,False,False,False,True,3.0,0.0,False,"<Thinking>
Packet 03 is Task PLATYPUS: I must copy the three words MIKE GOLF KILO. Packet 11 is Task URCHIN: this task is trivial and reports the word RED as its result. Packet 15 is Task LULLABY: this task is also trivial and reports the word EAGLE as its result.
</Thinking>
<Final_Answers>
- Task PLATYPUS: MIKE GOLF KILO
- Task URCHIN: RED
- Task LULLABY: EAGLE
",qwen2.5:7b,7.0,Qwen2.5,97.0
3,non-ordered,False,True,,,,,,trivial,cot,6,1,NARWHAL,"[6, 7, 8]",0.0,1024,,1088,3,ROMEO VICTOR QUEBEC,,,,0,True,True,True,1.0,"[{""name"": ""NARWHAL"", ""kind"": ""passphrase"", ""packet"": 6, ""rank"": 1, ""answer"": ""ROMEO VICTOR QUEBEC"", ""reported"": true, ""response"": ""ROMEO VICTOR QUEBEC"", ""correct"": true, ""correct_lenient"": true, ""answer_migrated"": false}, {""name"": ""FLAMINGO"", ""kind"": ""load"", ""packet"": 7, ""rank"": 2, ""answer"": ""HAWK"", ""reported"": true, ""response"": ""HAWK"", ""correct"": true, ""correct_lenient"": true, ""answer_migrated"": false}, {""name"": ""HEDGEHOG"", ""kind"": ""load"", ""packet"": 8, ""rank"": 3, ""answer"": ""OCEAN"", ""reported"": true, ""response"": ""OCEAN"", ""correct"": true, ""correct_lenient"": true, ""answer_migrated"": false}]",3,0,0.0,,,False,False,False,True,3.0,0.0,False,"<Thinking>
Packet 06 is Task NARWHAL: I must copy the three words ROMEO VICTOR QUEBEC. Packet 07 is Task FLAMINGO: The task is to report the word HAWK as the result. Packet 08 is Task HEDGEHOG: The task is to report the word OCEAN as the result.

I found 3 tasks in this stream.
</Thinking>

<Final_Answers>
- Task NARWHAL: ROMEO VICTOR QUEBEC
- Task FLAMINGO: HAWK
- Task HEDGEHOG: OCEAN
",qwen2.5:7b,7.0,Qwen2.5,97.0
3,non-ordered,False,True,,,,,,trivial,cot,4,1,UNICYCLE,"[4, 7, 13]",0.0,1024,,2088,3,SIERRA PAPA XRAY,,,,0,True,True,True,1.0,"[{""name"": ""UNICYCLE"", ""kind"": ""passphrase"", ""packet"": 4, ""rank"": 1, ""answer"": ""SIERRA PAPA XRAY"", ""reported"": true, ""response"": ""SIERRA PAPA XRAY"", ""correct"": true, ""correct_lenient"": true, ""answer_migrated"": false}, {""name"": ""CHIMNEY"", ""kind"": ""load"", ""packet"": 7, ""rank"": 2, ""answer"": ""SALMON"", ""reported"": true, ""response"": ""SALMON"", ""correct"": true, ""correct_lenient"": true, ""answer_migrated"": false}, {""name"": ""URCHIN"", ""kind"": ""load"", ""packet"": 13, ""rank"": 3, ""answer"": ""SALT"", ""reported"": true, ""response"": ""SALT"", ""correct"": true, ""correct_lenient"": true, ""answer_migrated"": false}]",3,0,0.0,,,False,False,False,True,3.0,0.0,False,"<Thinking>
Packet 04 is Task UNICYCLE: I must copy the three words SIERRA PAPA XRAY. Packet 07 is Task CHIMNEY: The result of this task is SALMON. Packet 13 is Task URCHIN: The result of this task is SALT.
I found 3 tasks in this stream.

<Final_Answers>
- Task UNICYCLE: SIERRA PAPA XRAY
- Task CHIMNEY: SALMON
- Task URCHIN: SALT",qwen2.5:7b,7.0,Qwen2.5,97.0
3,non-ordered,False,True,,,,,,trivial,cot,9,2,TULIP,"[2, 9, 12]",0.0,1024,,3088,3,PAPA INDIA VICTOR,,,,0,True,True,True,1.0,"[{""name"": ""WALNUT"", ""kind"": ""load"", ""packet"": 2, ""rank"": 1, ""answer"": ""SUGAR"", ""reported"": true, ""response"": ""SUGAR"", ""correct"": true, ""correct_lenient"": true, ""answer_migrated"": false}, {""name"": ""TULIP"", ""kind"": ""passphrase"", ""packet"": 9, ""rank"": 2, ""answer"": ""PAPA INDIA VICTOR"", ""reported"": true, ""response"": ""PAPA INDIA VICTOR"", ""correct"": true, ""correct_lenient"": true, ""answer_migrated"": false}, {""name"": ""LOBSTER"", ""kind"": ""load"", ""packet"": 12, ""rank"": 3, ""answer"": ""CHAIR"", ""reported"": true, ""response"": ""CHAIR"", ""correct"": true, ""correct_lenient"": true, ""answer_migrated"": false}]",3,0,0.0,,,False,False,False,True,3.0,0.0,False,"<Thinking>
Packet 02 is Task WALNUT: report SUGAR as the result. Packet 09 is Task TULIP: I must copy the three words PAPA INDIA VICTOR. Packet 12 is Task LOBSTER: report CHAIR as the result.
</Thinking>

<Final_Answers>
- Task WALNUT: SUGAR
- Task TULIP: PAPA INDIA VICTOR
- Task LOBSTER: CHAIR
",qwen2.5:7b,7.0,Qwen2.5,97.0
3,non-ordered,False,True,,,,,,trivial,cot,13,3,LULLABY,"[2, 11, 13]",0.0,1024,,4088,3,ALPHA HOTEL INDIA,,,,0,True,True,True,1.0,"[{""name"": ""DOLPHIN"", ""kind"": ""load"", ""packet"": 2, ""rank"": 1, ""answer"": ""BRANCH"", ""reported"": true, ""response"": ""BRANCH"", ""correct"": true, ""correct_lenient"": true, ""answer_migrated"": false}, {""name"": ""RAVIOLI"", ""kind"": ""load"", ""packet"": 11, ""rank"": 2, ""answer"": ""SPOON"", ""reported"": true, ""response"": ""SPOON"", ""correct"": true, ""correct_lenient"": true, ""answer_migrated"": false}, {""name"": ""LULLABY"", ""kind"": ""passphrase"", ""packet"": 13, ""rank"": 3, ""answer"": ""ALPHA HOTEL INDIA"", ""reported"": true, ""response"": ""ALPHA HOTEL INDIA"", ""correct"": true, ""correct_lenient"": true, ""answer_migrated"": false}]",3,0,0.0,,,False,False,False,True,3.0,0.0,False,"<Thinking>
Packet 02 is Task DOLPHIN: report BRANCH as the result. Packet 11 is Task RAVIOLI: report SPOON as the result. Packet 13 is Task LULLABY: I must copy-paste the three words ALPHA HOTEL INDIA. I found 3 tasks in this stream.
</Thinking>
<Final_Answers>
- Task DOLPHIN: BRANCH
- Task RAVIOLI: SPOON
- Task LULLABY: ALPHA HOTEL INDIA
",qwen2.5:7b,7.0,Qwen2.5,97.0
3,non-ordered,False,True,,,,,,trivial,cot,8,3,TAPESTRY,"[2, 6, 8]",0.0,1024,,5088,3,WHISKEY ROMEO MIKE,,,,0,True,True,True,1.0,"[{""name"": ""URCHIN"", ""kind"": ""load"", ""packet"": 2, ""rank"": 1, ""answer"": ""LAKE"", ""reported"": true, ""response"": ""LAKE"", ""correct"": true, ""correct_lenient"": true, ""answer_migrated"": false}, {""name"": ""ANCHOVY"", ""kind"": ""load"", ""packet"": 6, ""rank"": 2, ""answer"": ""BLACK"", ""reported"": true, ""response"": ""BLACK"", ""correct"": true, ""correct_lenient"": true, ""answer_migrated"": false}, {""name"": ""TAPESTRY"", ""kind"": ""passphrase"", ""packet"": 8, ""rank"": 3, ""answer"": ""WHISKEY ROMEO MIKE"", ""reported"": true, ""response"": ""WHISKEY ROMEO MIKE"", ""correct"": true, ""correct_lenient"": true, ""answer_migrated"": false}]",3,0,0.0,,,False,False,False,True,3.0,0.0,False,"<Thinking>
Packet 02 is Task URCHIN: The result for this task is LAKE. Packet 06 is Task ANCHOVY: The result for this task is BLACK. Packet 08 is Task TAPESTRY: I must copy the three words WHISKEY ROMEO MIKE.
</Thinking>
<Final_Answers>
- Task URCHIN: LAKE
- Task ANCHOVY: BLACK
- Task TAPESTRY: WHISKEY ROMEO MIKE
",qwen2.5:7b,7.0,Qwen2.5,97.0
3,non-ordered,False,True,,,,,,trivial,cot,7,2,FALCON,"[1, 7, 15]",0.0,1024,,6088,3,QUEBEC JULIET UNIFORM,,,,0,True,True,True,1.0,"[{""name"": ""SNORKEL"", ""kind"": ""load"", ""packet"": 1, ""rank"": 1, ""answer"": ""HORSE"", ""reported"": true, ""response"": ""HORSE"", ""correct"": true, ""correct_lenient"": true, ""answer_migrated"": false}, {""name"": ""FALCON"", ""kind"": ""passphrase"", ""packet"": 7, ""rank"": 2, ""answer"": ""QUEBEC JULIET UNIFORM"", ""reported"": true, ""response"": ""QUEBEC JULIET UNIFORM"", ""correct"": true, ""correct_lenient"": true, ""answer_migrated"": false}, {""name"": ""KAYAK"", ""kind"": ""load"", ""packet"": 15, ""rank"": 3, ""answer"": ""STONE"", ""reported"": true, ""response"": ""STONE"", ""correct"": true, ""correct_lenient"": true, ""answer_migrated"": false}]",3,0,0.0,,,False,False,False,True,3.0,0.0,False,"<Thinking>
Packet 01 is Task SNORKEL: The result is HORSE. Packet 07 is Task FALCON: I must copy the three words QUEBEC JULIET UNIFORM. Packet 15 is Task KAYAK: The result is STONE.
</Thinking>

<Final_Answers>
- Task SNORKEL: HORSE
- Task FALCON: QUEBEC JULIET UNIFORM
- Task KAYAK: STONE
",qwen2.5:7b,7.0,Qwen2.5,97.0
3,non-ordered,False,True,,,,,,trivial,cot,4,2,MARBLE,"[1, 4, 5]",0.0,1024,,7088,3,ROMEO BRAVO MIKE,,,,0,True,True,True,1.0,"[{""name"": ""FALCON"", ""kind"": ""load"", ""packet"": 1, ""rank"": 1, ""answer"": ""BOWL"", ""reported"": true, ""response"": ""BOWL"", ""correct"": true, ""correct_lenient"": true, ""answer_migrated"": false}, {""name"": ""MARBLE"", ""kind"": ""passphrase"", ""packet"": 4, ""rank"": 2, ""answer"": ""ROMEO BRAVO MIKE"", ""reported"": true, ""response"": ""ROMEO BRAVO MIKE"", ""correct"": true, ""correct_lenient"": true, ""answer_migrated"": false}, {""name"": ""WATERMELON"", ""kind"": ""load"", ""packet"": 5, ""rank"": 3, ""answer"": ""SNAKE"", ""reported"": true, ""response"": ""SNAKE"", ""correct"": true, ""correct_lenient"": true, ""answer_migrated"": false}]",3,0,0.0,,,False,False,False,True,3.0,0.0,False,"<Thinking>
Packet 01 is Task FALCON: report BOWL as the result. Packet 04 is Task MARBLE: I must copy the three words ROMEO BRAVO MIKE. Packet 05 is Task WATERMELON: report SNAKE as the result.
</Thinking>

<Final_Answers>
- Task FALCON: BOWL
- Task MARBLE: ROMEO BRAVO MIKE
- Task WATERMELON: SNAKE
",qwen2.5:7b,7.0,Qwen2.5,97.0
3,non-ordered,True,True,,,,,,trivial,cot,15,3,URCHIN,"[3, 11, 15]",0.0,1024,,88,3,MIKE GOLF KILO,,,,0,True,True,True,1.0,"[{""name"": ""PYRAMID"", ""kind"": ""load"", ""packet"": 3, ""rank"": 1, ""answer"": ""PEACH"", ""reported"": true, ""response"": ""PEACH"", ""correct"": true, ""correct_lenient"": true, ""answer_migrated"": false}, {""name"": ""PLATYPUS"", ""kind"": ""load"", ""packet"": 11, ""rank"": 2, ""answer"": ""RED"", ""reported"": true, ""response"": ""RED"", ""correct"": true, ""correct_lenient"": true, ""answer_migrated"": false}, {""name"": ""URCHIN"", ""kind"": ""passphrase"", ""packet"": 15, ""rank"": 3, ""answer"": ""MIKE GOLF KILO"", ""reported"": true, ""response"": ""MIKE GOLF KILO"", ""correct"": true, ""correct_lenient"": true, ""answer_migrated"": false}]",3,0,0.0,,,False,False,False,True,3.0,0.0,False,"<Thinking>
Packet 03 is Task PYRAMID: the result is PEACH. Packet 11 is Task PLATYPUS: the result is RED. Packet 15 is Task URCHIN: I must copy the three words MIKE GOLF KILO. I found 3 tasks in this stream.
</Thinking>
<Final_Answers>
- Task PYRAMID: PEACH
- Task PLATYPUS: RED
- Task URCHIN: MIKE GOLF KILO
",qwen2.5:7b,7.0,Qwen2.5,97.0
3,non-ordered,True,True,,,,,,trivial,cot,8,3,FLAMINGO,"[6, 7, 8]",0.0,1024,,1088,3,ROMEO VICTOR QUEBEC,,,,0,True,True,True,1.0,"[{""name"": ""PELICAN"", ""kind"": ""load"", ""packet"": 6, ""rank"": 1, ""answer"": ""PEPPER"", ""reported"": true, ""response"": ""PEPPER"", ""correct"": true, ""correct_lenient"": true, ""answer_migrated"": false}, {""name"": ""NARWHAL"", ""kind"": ""load"", ""packet"": 7, ""rank"": 2, ""answer"": ""HAWK"", ""reported"": true, ""response"": ""HAWK"", ""correct"": true, ""correct_lenient"": true, ""answer_migrated"": false}, {""name"": ""FLAMINGO"", ""kind"": ""passphrase"", ""packet"": 8, ""rank"": 3, ""answer"": ""ROMEO VICTOR QUEBEC"", ""reported"": true, ""response"": ""ROMEO VICTOR QUEBEC"", ""correct"": true, ""correct_lenient"": true, ""answer_migrated"": false}]",3,0,0.0,,,False,False,False,True,3.0,0.0,False,"<Thinking>
Packet 06 is Task PELICAN: report PEPPER as the result. Packet 07 is Task NARWHAL: report HAWK as the result. Packet 08 is Task FLAMINGO: copy-paste the words ROMEO VICTOR QUEBEC.

I found 3 tasks in this stream.
</Thinking>

<Final_Answers>
- Task PELICAN: PEPPER
- Task NARWHAL: HAWK
- Task FLAMINGO: ROMEO VICTOR QUEBEC
",qwen2.5:7b,7.0,Qwen2.5,97.0
3,non-ordered,True,True,,,,,,trivial,cot,13,3,CHIMNEY,"[4, 7, 13]",0.0,1024,,2088,3,SIERRA PAPA XRAY,,,,0,True,True,True,0.5,"[{""name"": ""YOGURT"", ""kind"": ""load"", ""packet"": 4, ""rank"": 1, ""answer"": ""TOMATO"", ""reported"": true, ""response"": ""TOMATO"", ""correct"": true, ""correct_lenient"": true, ""answer_migrated"": false}, {""name"": ""UNICYCLE"", ""kind"": ""load"", ""packet"": 7, ""rank"": 2, ""answer"": ""SALMON"", ""reported"": false, ""response"": null, ""correct"": false, ""correct_lenient"": false, ""answer_migrated"": false}, {""name"": ""CHIMNEY"", ""kind"": ""passphrase"", ""packet"": 13, ""rank"": 3, ""answer"": ""SIERRA PAPA XRAY"", ""reported"": true, ""response"": ""SIERRA PAPA XRAY"", ""correct"": true, ""correct_lenient"": true, ""answer_migrated"": false}]",2,0,0.0,,,False,False,False,True,2.0,0.0,False,"<Thinking>
Packet 04 is Task YOGURT: the result is TOMATO. Packet 13 is Task CHIMNEY: I must copy the three words SIERRA PAPA XRAY. I found 2 tasks in this stream.
</Thinking>

<Final_Answers>
- Task YOGURT: TOMATO
- Task CHIMNEY: SIERRA PAPA XRAY
",qwen2.5:7b,7.0,Qwen2.5,97.0
3,non-ordered,True,True,,,,,,trivial,cot,12,3,TULIP,"[2, 9, 12]",0.0,1024,,3088,3,PAPA INDIA VICTOR,,,,0,True,True,True,1.0,"[{""name"": ""YODEL"", ""kind"": ""load"", ""packet"": 2, ""rank"": 1, ""answer"": ""SHARK"", ""reported"": true, ""response"": ""SHARK"", ""correct"": true, ""correct_lenient"": true, ""answer_migrated"": false}, {""name"": ""WALNUT"", ""kind"": ""load"", ""packet"": 9, ""rank"": 2, ""answer"": ""SUGAR"", ""reported"": true, ""response"": ""SUGAR"", ""correct"": true, ""correct_lenient"": true, ""answer_migrated"": false}, {""name"": ""TULIP"", ""kind"": ""passphrase"", ""packet"": 12, ""rank"": 3, ""answer"": ""PAPA INDIA VICTOR"", ""reported"": true, ""response"": ""PAPA INDIA VICTOR"", ""correct"": true, ""correct_lenient"": true, ""answer_migrated"": false}]",3,0,0.0,,,False,False,False,True,3.0,0.0,False,"<Thinking>
Packet 02 is Task YODEL: report SHARK as the result. Packet 09 is Task WALNUT: report SUGAR as the result. Packet 12 is Task TULIP: I must copy the three words PAPA INDIA VICTOR.
</Thinking>

<Final_Answers>
- Task YODEL: SHARK
- Task WALNUT: SUGAR
- Task TULIP: PAPA INDIA VICTOR
",qwen2.5:7b,7.0,Qwen2.5,97.0
3,non-ordered,True,True,,,,,,trivial,cot,13,3,LULLABY,"[2, 11, 13]",0.0,1024,,4088,3,ALPHA HOTEL INDIA,,,,0,True,True,True,1.0,"[{""name"": ""RAVIOLI"", ""kind"": ""load"", ""packet"": 2, ""rank"": 1, ""answer"": ""BRANCH"", ""reported"": true, ""response"": ""BRANCH"", ""correct"": true, ""correct_lenient"": true, ""answer_migrated"": false}, {""name"": ""DOLPHIN"", ""kind"": ""load"", ""packet"": 11, ""rank"": 2, ""answer"": ""SPOON"", ""reported"": true, ""response"": ""SPOON"", ""correct"": true, ""correct_lenient"": true, ""answer_migrated"": false}, {""name"": ""LULLABY"", ""kind"": ""passphrase"", ""packet"": 13, ""rank"": 3, ""answer"": ""ALPHA HOTEL INDIA"", ""reported"": true, ""response"": ""ALPHA HOTEL INDIA"", ""correct"": true, ""correct_lenient"": true, ""answer_migrated"": false}]",3,0,0.0,,,False,False,False,True,3.0,0.0,False,"<Thinking>
Packet 02 is Task RAVIOLI: the result is BRANCH. Packet 11 is Task DOLPHIN: the result is SPOON. Packet 13 is Task LULLABY: I must copy the three words ALPHA HOTEL INDIA.
</Thinking>

<Final_Answers>
- Task RAVIOLI: BRANCH
- Task DOLPHIN: SPOON
- Task LULLABY: ALPHA HOTEL INDIA
",qwen2.5:7b,7.0,Qwen2.5,97.0
3,non-ordered,True,True,,,,,,trivial,cot,8,3,ANCHOVY,"[2, 6, 8]",0.0,1024,,5088,3,WHISKEY ROMEO MIKE,,,,0,True,True,True,1.0,"[{""name"": ""THIMBLE"", ""kind"": ""load"", ""packet"": 2, ""rank"": 1, ""answer"": ""ROBIN"", ""reported"": true, ""response"": ""ROBIN"", ""correct"": true, ""correct_lenient"": true, ""answer_migrated"": false}, {""name"": ""URCHIN"", ""kind"": ""load"", ""packet"": 6, ""rank"": 2, ""answer"": ""LAKE"", ""reported"": true, ""response"": ""LAKE"", ""correct"": true, ""correct_lenient"": true, ""answer_migrated"": false}, {""name"": ""ANCHOVY"", ""kind"": ""passphrase"", ""packet"": 8, ""rank"": 3, ""answer"": ""WHISKEY ROMEO MIKE"", ""reported"": true, ""response"": ""WHISKEY ROMEO MIKE"", ""correct"": true, ""correct_lenient"": true, ""answer_migrated"": false}]",3,0,0.0,,,False,False,False,True,3.0,0.0,False,"<Thinking>
Packet 02 is Task THIMBLE: report ROBIN as the result. Packet 06 is Task URCHIN: report LAKE as the result. Packet 08 is Task ANCHOVY: copy-paste the words WHISKEY ROMEO MIKE.

I found 3 tasks in this stream.
</Thinking>

<Final_Answers>
- Task THIMBLE: ROBIN
- Task URCHIN: LAKE
- Task ANCHOVY: WHISKEY ROMEO MIKE
",qwen2.5:7b,7.0,Qwen2.5,97.0
3,non-ordered,True,True,,,,,,trivial,cot,15,3,FALCON,"[1, 7, 15]",0.0,1024,,6088,3,QUEBEC JULIET UNIFORM,,,,0,True,True,True,0.5,"[{""name"": ""HARMONICA"", ""kind"": ""load"", ""packet"": 1, ""rank"": 1, ""answer"": ""WHALE"", ""reported"": false, ""response"": null, ""correct"": false, ""correct_lenient"": false, ""answer_migrated"": false}, {""name"": ""SNORKEL"", ""kind"": ""load"", ""packet"": 7, ""rank"": 2, ""answer"": ""HORSE"", ""reported"": true, ""response"": ""HORSE"", ""correct"": true, ""correct_lenient"": true, ""answer_migrated"": false}, {""name"": ""FALCON"", ""kind"": ""passphrase"", ""packet"": 15, ""rank"": 3, ""answer"": ""QUEBEC JULIET UNIFORM"", ""reported"": true, ""response"": ""QUEBEC JULIET UNIFORM"", ""correct"": true, ""correct_lenient"": true, ""answer_migrated"": false}]",2,0,0.0,,,False,False,False,True,2.0,0.0,False,"<Thinking>
Packet 07 is Task SNORKEL: The result is HORSE. Packet 15 is Task FALCON: I must copy the three words QUEBEC JULIET UNIFORM.
</Thinking>

<Final_Answers>
- Task SNORKEL: HORSE
- Task FALCON: QUEBEC JULIET UNIFORM
",qwen2.5:7b,7.0,Qwen2.5,97.0
3,non-ordered,True,True,,,,,,trivial,cot,5,3,MARBLE,"[1, 4, 5]",0.0,1024,,7088,3,ROMEO BRAVO MIKE,,,,0,True,True,True,1.0,"[{""name"": ""FERRET"", ""kind"": ""load"", ""packet"": 1, ""rank"": 1, ""answer"": ""BLUE"", ""reported"": true, ""response"": ""BLUE"", ""correct"": true, ""correct_lenient"": true, ""answer_migrated"": false}, {""name"": ""FALCON"", ""kind"": ""load"", ""packet"": 4, ""rank"": 2, ""answer"": ""BOWL"", ""reported"": true, ""response"": ""BOWL"", ""correct"": true, ""correct_lenient"": true, ""answer_migrated"": false}, {""name"": ""MARBLE"", ""kind"": ""passphrase"", ""packet"": 5, ""rank"": 3, ""answer"": ""ROMEO BRAVO MIKE"", ""reported"": true, ""response"": ""ROMEO BRAVO MIKE"", ""correct"": true, ""correct_lenient"": true, ""answer_migrated"": false}]",3,0,0.0,,,False,False,False,True,3.0,0.0,False,"<Thinking>
Packet 01 is Task FERRET: the result is BLUE. Packet 04 is Task FALCON: the result is BOWL. Packet 05 is Task MARBLE: I must copy the three words ROMEO BRAVO MIKE.
</Thinking>

<Final_Answers>
- Task FERRET: BLUE
- Task FALCON: BOWL
- Task MARBLE: ROMEO BRAVO MIKE
",qwen2.5:7b,7.0,Qwen2.5,97.0
3,non-ordered,False,True,,,,,,semantic_4,cot,1,1,CARNIVAL,"[1, 8, 9]",0.0,1024,,109,3,INDIA HOTEL OSCAR,,,,0,False,False,False,1.0,"[{""name"": ""CARNIVAL"", ""kind"": ""passphrase"", ""packet"": 1, ""rank"": 1, ""answer"": ""INDIA HOTEL OSCAR"", ""reported"": false, ""response"": null, ""correct"": false, ""correct_lenient"": false, ""answer_migrated"": false}, {""name"": ""LILAC"", ""kind"": ""load"", ""packet"": 8, ""rank"": 2, ""answer"": ""YES"", ""reported"": true, ""response"": ""YES"", ""correct"": true, ""correct_lenient"": true, ""answer_migrated"": false}, {""name"": ""KETTLE"", ""kind"": ""load"", ""packet"": 9, ""rank"": 3, ""answer"": ""INVALID"", ""reported"": true, ""response"": ""INVALID"", ""correct"": true, ""correct_lenient"": true, ""answer_migrated"": false}]",2,0,0.0,,,False,True,False,False,2.0,1.0,False,"<Thinking>
Packet 08 is Task LILAC: Leo is younger than Tom. Tom is younger than Pia. Pia is younger than Eve. Eve is younger than Bob. Therefore, Leo is indeed younger than Bob, so the answer is YES.

Packet 14 is Task KETTLE: All snorfs are blorgs. All quibs are ralks. Some blorgs are quibs. No ralks are blims. All blims are pims. Since no ralks are blims and all snorfs are blorgs, some of which are also quibs (and thus could be ralks), it follows that not all snorfs can be blims, so the answer is INVALID.
</Thinking>

<Final_Answers>
- Task LILAC: YES
- Task KETTLE: INVALID
",qwen2.5:7b,7.0,Qwen2.5,97.0
3,non-ordered,False,True,,,,,,semantic_4,cot,11,3,LULLABY,"[2, 10, 11]",0.0,1024,,1109,3,MIKE CHARLIE PAPA,,,,0,True,True,True,0.5,"[{""name"": ""LANTERN"", ""kind"": ""load"", ""packet"": 2, ""rank"": 1, ""answer"": ""VALID"", ""reported"": true, ""response"": ""INVALID"", ""correct"": false, ""correct_lenient"": false, ""answer_migrated"": true}, {""name"": ""THIMBLE"", ""kind"": ""load"", ""packet"": 10, ""rank"": 2, ""answer"": ""INVALID"", ""reported"": true, ""response"": ""INVALID"", ""correct"": true, ""correct_lenient"": true, ""answer_migrated"": false}, {""name"": ""LULLABY"", ""kind"": ""passphrase"", ""packet"": 11, ""rank"": 3, ""answer"": ""MIKE CHARLIE PAPA"", ""reported"": true, ""response"": ""MIKE CHARLIE PAPA"", ""correct"": true, ""correct_lenient"": true, ""answer_migrated"": false}]",3,0,0.3333333333333333,,,False,False,False,True,3.0,0.0,False,"<Thinking>
Packet 02 is Task LANTERN: If all blims are drovs and all drovs are klemps, then no klemps can be flurbs. Since all flurbs are mibs and some mibs are blims, it does not necessarily follow that no blims are flurbs because there could still be a subset of mibs that are both blims and flurbs. Therefore, the answer is INVALID.

Packet 10 is Task THIMBLE: If some pims are knifs and some knifs are morks, but all grebs are smegs and no smegs are gleeps, it does not necessarily follow that some pims are not gleeps because there could be a subset of pims that are also morks or grebs. Therefore, the answer is INVALID.

Packet 11 is Task LULLABY: I must copy the three words MIKE CHARLIE PAPA.

I found 3 tasks in this stream.
</Thinking>

<Final_Answers>
- Task LANTERN: INVALID
- Task THIMBLE: INVALID
- Task LULLABY: MIKE CHARLIE PAPA
",qwen2.5:7b,7.0,Qwen2.5,97.0
3,non-ordered,False,True,,,,,,semantic_4,cot,6,2,CHIMNEY,"[1, 6, 11]",0.0,1024,,2109,3,MIKE ROMEO NOVEMBER,,,,0,True,True,True,1.0,"[{""name"": ""HARMONICA"", ""kind"": ""load"", ""packet"": 1, ""rank"": 1, ""answer"": ""INVALID"", ""reported"": true, ""response"": ""INVALID"", ""correct"": true, ""correct_lenient"": true, ""answer_migrated"": false}, {""name"": ""CHIMNEY"", ""kind"": ""passphrase"", ""packet"": 6, ""rank"": 2, ""answer"": ""MIKE ROMEO NOVEMBER"", ""reported"": true, ""response"": ""MIKE ROMEO NOVEMBER"", ""correct"": true, ""correct_lenient"": true, ""answer_migrated"": false}, {""name"": ""WHEELBARROW"", ""kind"": ""load"", ""packet"": 11, ""rank"": 3, ""answer"": ""NO"", ""reported"": true, ""response"": ""NO"", ""correct"": true, ""correct_lenient"": true, ""answer_migrated"": false}]",3,0,0.0,,,False,False,False,False,3.0,0.0,False,"<Thinking>
Packet 01 is Task HARMONICA: The statement does not provide enough information to conclude that some plurms are not blims. Since all snools are florks and no florks are blims, it follows that no snools can be blims. However, the relationship between wugs, zorps, and plums is not clear, so we cannot definitively say anything about plums and blims. The answer is INVALID.

Packet 06 is Task CHIMNEY: By comparing the heights of individuals in a chain, it's evident that Jack (taller than Leo) > Mona (taller than Sara) > Alice. Therefore, Jack is not shorter than Sara; he is taller. The answer is NO.

Packet 11 is Task WHEELBARROW: Based on the given height comparisons, we can deduce that Jack is taller than Mona who is taller than Sara. Thus, Jack is not shorter than Sara. The answer is NO.
<Final_Answers>
- Task HARMONICA: INVALID
- Task CHIMNEY: MIKE ROMEO NOVEMBER
- Task WHEELBARROW: NO",qwen2.5:7b,7.0,Qwen2.5,97.0
3,non-ordered,False,True,,,,,,semantic_4,cot,11,3,VELVET,"[7, 10, 11]",0.0,1024,,3109,3,ECHO ZULU HOTEL,,,,0,True,True,True,1.0,"[{""name"": ""UNICYCLE"", ""kind"": ""load"", ""packet"": 7, ""rank"": 1, ""answer"": ""INVALID"", ""reported"": true, ""response"": ""INVALID"", ""correct"": true, ""correct_lenient"": true, ""answer_migrated"": false}, {""name"": ""WOMBAT"", ""kind"": ""load"", ""packet"": 10, ""rank"": 2, ""answer"": ""VALID"", ""reported"": true, ""response"": ""VALID"", ""correct"": true, ""correct_lenient"": true, ""answer_migrated"": false}, {""name"": ""VELVET"", ""kind"": ""passphrase"", ""packet"": 11, ""rank"": 3, ""answer"": ""ECHO ZULU HOTEL"", ""reported"": true, ""response"": ""ECHO ZULU HOTEL"", ""correct"": true, ""correct_lenient"": true, ""answer_migrated"": false}]",3,0,0.0,,,False,False,False,True,3.0,0.0,False,"<Thinking>
Packet 07 is Task UNICYCLE: The statement does not provide enough information to determine if no torps are knifs. There could be a possibility that some torps are also knifs through morks and snorfs, but it's not explicitly stated. Therefore, the answer is INVALID.

Packet 10 is Task WOMBAT: Since all trils are frans and all frans are snicks, then all trils must be snicks. And since no snicks are florks, it follows that no trils can be florks. Thus, the answer is VALID.

Packet 11 is Task VELVET: I need to copy-paste these three words: ""ECHO ZULU HOTEL"".

I found 3 tasks in this stream.
</Thinking>

<Final_Answers>
- Task UNICYCLE: INVALID
- Task WOMBAT: VALID
- Task VELVET: ECHO ZULU HOTEL
",qwen2.5:7b,7.0,Qwen2.5,97.0
3,non-ordered,False,True,,,,,,semantic_4,cot,9,2,DOLPHIN,"[6, 9, 10]",0.0,1024,,4109,3,JULIET FOXTROT YANKEE,,,,0,True,True,True,1.0,"[{""name"": ""TULIP"", ""kind"": ""load"", ""packet"": 6, ""rank"": 1, ""answer"": ""NO"", ""reported"": true, ""response"": ""NO"", ""correct"": true, ""correct_lenient"": true, ""answer_migrated"": false}, {""name"": ""DOLPHIN"", ""kind"": ""passphrase"", ""packet"": 9, ""rank"": 2, ""answer"": ""JULIET FOXTROT YANKEE"", ""reported"": true, ""response"": ""JULIET FOXTROT YANKEE"", ""correct"": true, ""correct_lenient"": true, ""answer_migrated"": false}, {""name"": ""WALNUT"", ""kind"": ""load"", ""packet"": 10, ""rank"": 3, ""answer"": ""INVALID"", ""reported"": true, ""response"": ""INVALID"", ""correct"": true, ""correct_lenient"": true, ""answer_migrated"": false}]",3,0,0.0,,,False,False,False,True,3.0,0.0,False,"<Thinking>
Packet 06 is Task TULIP: Ravi is shorter than Sara, so Ravi cannot be taller than Sara. The answer is NO.

Packet 09 is Task DOLPHIN: I must copy the three words JULIET FOXTROT YANKEE.

Packet 10 is Task WALNUT: Some snools are flurbs and some flurbs are wozzles, but not all snigs are wugs. Therefore, it does not follow that some snools are not wugs. The answer is INVALID.
</Thinking>

<Final_Answers>
- Task TULIP: NO
- Task DOLPHIN: JULIET FOXTROT YANKEE
- Task WALNUT: INVALID
",qwen2.5:7b,7.0,Qwen2.5,97.0
3,non-ordered,False,True,,,,,,semantic_4,cot,5,1,MANDOLIN,"[5, 7, 14]",0.0,1024,,5109,3,MIKE WHISKEY KILO,,,,0,True,True,True,0.0,"[{""name"": ""MANDOLIN"", ""kind"": ""passphrase"", ""packet"": 5, ""rank"": 1, ""answer"": ""MIKE WHISKEY KILO"", ""reported"": true, ""response"": ""MIKE WHISKEY KILO"", ""correct"": true, ""correct_lenient"": true, ""answer_migrated"": false}, {""name"": ""BAGPIPE"", ""kind"": ""load"", ""packet"": 7, ""rank"": 2, ""answer"": ""INVALID"", ""reported"": false, ""response"": null, ""correct"": false, ""correct_lenient"": false, ""answer_migrated"": false}, {""name"": ""JASMINE"", ""kind"": ""load"", ""packet"": 14, ""rank"": 3, ""answer"": ""INVALID"", ""reported"": true, ""response"": ""VALID"", ""correct"": false, ""correct_lenient"": false, ""answer_migrated"": false}]",2,0,0.0,,,False,False,False,True,2.0,0.0,False,"<Thinking>
Packet 05 is Task MANDOLIN: I must copy the three words MIKE WHISKEY KILO. Packet 14 is Task JASMINE: Analyzing the logical relationships, if some vrils are smegs and no zorps are yarps, it follows that there can be no overlap between flurbs and yarps since all flurbs are vrils and all yarls are snorfs. Therefore, the answer is VALID.
I found 2 tasks in this stream.

<Final_Answers>
- Task MANDOLIN: MIKE WHISKEY KILO
- Task JASMINE: VALID",qwen2.5:7b,7.0,Qwen2.5,97.0
3,non-ordered,False,True,,,,,,semantic_4,cot,7,1,LILAC,"[7, 12, 15]",0.0,1024,,6109,3,GOLF ZULU YANKEE,,,,0,True,True,True,0.5,"[{""name"": ""LILAC"", ""kind"": ""passphrase"", ""packet"": 7, ""rank"": 1, ""answer"": ""GOLF ZULU YANKEE"", ""reported"": true, ""response"": ""GOLF ZULU YANKEE"", ""correct"": true, ""correct_lenient"": true, ""answer_migrated"": false}, {""name"": ""OPAL"", ""kind"": ""load"", ""packet"": 12, ""rank"": 2, ""answer"": ""NO"", ""reported"": true, ""response"": ""NO"", ""correct"": true, ""correct_lenient"": true, ""answer_migrated"": false}, {""name"": ""PISTACHIO"", ""kind"": ""load"", ""packet"": 15, ""rank"": 3, ""answer"": ""VALID"", ""reported"": true, ""response"": ""INVALID"", ""correct"": false, ""correct_lenient"": false, ""answer_migrated"": false}]",3,0,0.0,,,False,False,False,True,3.0,0.0,False,"<Thinking>
Packet 07 is Task LILAC: I must copy the three words GOLF ZULU YANKEE. Packet 12 is Task OPAL: Based on the given information, if Hank is heavier than Jack, and Jack is heavier than Ravi, and so on with Tom being lighter than Bob who is lighter than Kira, it follows that Tom is indeed lighter than Kira. Therefore, the answer is NO. Packet 15 is Task PISTACHIO: Given all snorfs are zorps, all zorps are plurms, no plurms are pims, and some smegs are snorfs but not necessarily pims, it does not follow that no snorfs are pims. Therefore, the answer is INVALID.
I found 3 tasks in this stream.

</Thinking>
<Final_Answers>
- Task LILAC: GOLF ZULU YANKEE
- Task OPAL: NO
- Task PISTACHIO: INVALID
",qwen2.5:7b,7.0,Qwen2.5,97.0
3,non-ordered,False,True,,,,,,semantic_4,cot,3,1,URCHIN,"[3, 4, 6]",0.0,1024,,7109,3,BRAVO YANKEE TANGO,,,,0,True,True,True,0.5,"[{""name"": ""URCHIN"", ""kind"": ""passphrase"", ""packet"": 3, ""rank"": 1, ""answer"": ""BRAVO YANKEE TANGO"", ""reported"": true, ""response"": ""BRAVO YANKEE TANGO"", ""correct"": true, ""correct_lenient"": true, ""answer_migrated"": false}, {""name"": ""TAPESTRY"", ""kind"": ""load"", ""packet"": 4, ""rank"": 2, ""answer"": ""INVALID"", ""reported"": true, ""response"": ""VALID"", ""correct"": false, ""correct_lenient"": false, ""answer_migrated"": false}, {""name"": ""PYRAMID"", ""kind"": ""load"", ""packet"": 6, ""rank"": 3, ""answer"": ""R"", ""reported"": true, ""response"": ""R"", ""correct"": true, ""correct_lenient"": true, ""answer_migrated"": false}]",3,0,0.0,,,False,False,False,True,3.0,0.0,False,"<Thinking>
Packet 03 is Task URCHIN: I need to copy-paste these three words: BRAVO YANKEE TANGO.
Packet 04 is Task TAPESTRY: Let's analyze the statements. If all wugs are morks, and some morks are vrils, then there might be wugs that are also vrils. However, no grints are snools, and since all snools are yarps, this means no grints can be yarps either. Since all vrils are grints, it follows that no vrils (and thus no wugs) can be snools. Therefore, the answer is VALID.
Packet 06 is Task PYRAMID: We need to determine who finished first among five runners based on given conditions. U finished before V and P, S finished before P, V finished before S, and R finished before U. By combining these, we can deduce that R > U > P > S > V. Therefore, the answer is R.
</Thinking>
<Final_Answers>
- Task URCHIN: BRAVO YANKEE TANGO
- Task TAPESTRY: VALID
- Task PYRAMID: R
",qwen2.5:7b,7.0,Qwen2.5,97.0
3,non-ordered,True,True,,,,,,semantic_4,cot,9,3,LILAC,"[1, 8, 9]",0.0,1024,,109,3,INDIA HOTEL OSCAR,,,,0,True,True,True,0.5,"[{""name"": ""TOBOGGAN"", ""kind"": ""load"", ""packet"": 1, ""rank"": 1, ""answer"": ""NO"", ""reported"": false, ""response"": null, ""correct"": false, ""correct_lenient"": false, ""answer_migrated"": false}, {""name"": ""CARNIVAL"", ""kind"": ""load"", ""packet"": 8, ""rank"": 2, ""answer"": ""YES"", ""reported"": true, ""response"": ""YES"", ""correct"": true, ""correct_lenient"": true, ""answer_migrated"": false}, {""name"": ""LILAC"", ""kind"": ""passphrase"", ""packet"": 9, ""rank"": 3, ""answer"": ""INDIA HOTEL OSCAR"", ""reported"": true, ""response"": ""INDIA HOTEL OSCAR"", ""correct"": true, ""correct_lenient"": true, ""answer_migrated"": false}]",2,0,0.0,,,False,False,False,True,2.0,0.0,False,"<Thinking>
Packet 08 is Task CARNIVAL: Leo is younger than Tom and Tom is younger than Pia. Pia is younger than Eve and Eve is younger than Bob. Therefore, Leo is definitely younger than Bob, so the answer is YES.

Packet 09 is Task LILAC: I must copy the three words INDIA HOTEL OSCAR.
I found 2 tasks in this stream.
</Thinking>

<Final_Answers>
- Task CARNIVAL: YES
- Task LILAC: INDIA HOTEL OSCAR
",qwen2.5:7b,7.0,Qwen2.5,97.0
3,non-ordered,True,True,,,,,,semantic_4,cot,11,3,THIMBLE,"[2, 10, 11]",0.0,1024,,1109,3,MIKE CHARLIE PAPA,,,,0,False,False,False,1.0,"[{""name"": ""QUICKSAND"", ""kind"": ""load"", ""packet"": 2, ""rank"": 1, ""answer"": ""YES"", ""reported"": true, ""response"": ""YES"", ""correct"": true, ""correct_lenient"": true, ""answer_migrated"": false}, {""name"": ""LANTERN"", ""kind"": ""load"", ""packet"": 10, ""rank"": 2, ""answer"": ""VALID"", ""reported"": true, ""response"": ""VALID"", ""correct"": true, ""correct_lenient"": true, ""answer_migrated"": false}, {""name"": ""THIMBLE"", ""kind"": ""passphrase"", ""packet"": 11, ""rank"": 3, ""answer"": ""MIKE CHARLIE PAPA"", ""reported"": true, ""response"": ""VICTOR CHARLIE PAPA"", ""correct"": false, ""correct_lenient"": false, ""answer_migrated"": false}]",3,0,0.0,,,False,False,False,False,3.0,0.0,False,"<Thinking>
Packet 02 is Task QUICKSAND: If Carol is heavier than Eve, and Eve is heavier than Tom, who is heavier than Sara, and Sara is heavier than Bob, who is heavier than Iris, then yes, Carol is heavier than Sara. The answer is YES.

Packet 10 is Task LANTERN: We know that all blims are drovs, all drovs are klemps, no klemps are flurbs, and all flurbs are mibs. Some mibs are blims. However, since no klemp can be a flurb, and all blims are drovs (which are klemps), it follows that no blim can be a flurb. Therefore, the answer is VALID.

Packet 11 is Task THIMBLE: I must copy the three words VICTOR CHARLIE PAPA. 

I found 3 tasks in this stream.
</Thinking>

<Final_Answers>
- Task QUICKSAND: YES
- Task LANTERN: VALID
- Task THIMBLE: VICTOR CHARLIE PAPA
",qwen2.5:7b,7.0,Qwen2.5,97.0
3,non-ordered,True,True,,,,,,semantic_4,cot,11,3,CHIMNEY,"[1, 6, 11]",0.0,1024,,2109,3,MIKE ROMEO NOVEMBER,,,,0,True,True,True,0.5,"[{""name"": ""OBELISK"", ""kind"": ""load"", ""packet"": 1, ""rank"": 1, ""answer"": ""INVALID"", ""reported"": true, ""response"": ""INVALID"", ""correct"": true, ""correct_lenient"": true, ""answer_migrated"": false}, {""name"": ""HARMONICA"", ""kind"": ""load"", ""packet"": 6, ""rank"": 2, ""answer"": ""INVALID"", ""reported"": true, ""response"": ""VALID"", ""correct"": false, ""correct_lenient"": false, ""answer_migrated"": false}, {""name"": ""CHIMNEY"", ""kind"": ""passphrase"", ""packet"": 11, ""rank"": 3, ""answer"": ""MIKE ROMEO NOVEMBER"", ""reported"": true, ""response"": ""MIKE ROMEO NOVEMBER"", ""correct"": true, ""correct_lenient"": true, ""answer_migrated"": false}]",3,0,0.0,,,False,False,False,True,3.0,0.0,False,"<Thinking>
Packet 01 is Task OBELISK: The statement does not provide enough information to conclude that no blims are torps. Therefore, the answer is INVALID.

Packet 06 is Task HARMONICA: Since some plurms are zorps and all snools are florks (and no florks are blims), it follows that some plurms cannot be blims. Thus, the answer is VALID.

Packet 11 is Task CHIMNEY: I must copy the three words MIKE ROMEO NOVEMBER.
I found 3 tasks in this stream.
</Thinking>

<Final_Answers>
- Task OBELISK: INVALID
- Task HARMONICA: VALID
- Task CHIMNEY: MIKE ROMEO NOVEMBER
",qwen2.5:7b,7.0,Qwen2.5,97.0
3,non-ordered,True,True,,,,,,semantic_4,cot,11,3,WOMBAT,"[7, 10, 11]",0.0,1024,,3109,3,ECHO ZULU HOTEL,,,,0,True,True,True,0.5,"[{""name"": ""NOODLE"", ""kind"": ""load"", ""packet"": 7, ""rank"": 1, ""answer"": ""VALID"", ""reported"": true, ""response"": ""VALID"", ""correct"": true, ""correct_lenient"": true, ""answer_migrated"": false}, {""name"": ""UNICYCLE"", ""kind"": ""load"", ""packet"": 10, ""rank"": 2, ""answer"": ""INVALID"", ""reported"": true, ""response"": ""VALID"", ""correct"": false, ""correct_lenient"": false, ""answer_migrated"": true}, {""name"": ""WOMBAT"", ""kind"": ""passphrase"", ""packet"": 11, ""rank"": 3, ""answer"": ""ECHO ZULU HOTEL"", ""reported"": true, ""response"": ""ECHO ZULU HOTEL"", ""correct"": true, ""correct_lenient"": true, ""answer_migrated"": false}]",3,0,0.3333333333333333,,,False,False,False,True,3.0,0.0,False,"<Thinking>
Packet 07 is Task NOODLE: The statement ""Some torps are not mibs"" can be derived from the given premises. Since no trens are mibs and all torps are plurms, which are trens, it follows that some torps cannot be mibs. Therefore, the answer is VALID.

Packet 10 is Task UNICYCLE: The statement ""No torps are knifs"" can be derived from the given premises. Since no snorfs are knifs and all morks are snorfs, while all torps are plonks and some plonks are morks, it follows that no torps can be knifs. Therefore, the answer is VALID.

Packet 11 is Task WOMBAT: I must copy the three words ECHO ZULU HOTEL.
I found 3 tasks in this stream.
</Thinking>

<Final_Answers>
- Task NOODLE: VALID
- Task UNICYCLE: VALID
- Task WOMBAT: ECHO ZULU HOTEL
",qwen2.5:7b,7.0,Qwen2.5,97.0
3,non-ordered,True,True,,,,,,semantic_4,cot,10,3,DOLPHIN,"[6, 9, 10]",0.0,1024,,4109,3,JULIET FOXTROT YANKEE,,,,0,True,True,True,0.5,"[{""name"": ""NARWHAL"", ""kind"": ""load"", ""packet"": 6, ""rank"": 1, ""answer"": ""VALID"", ""reported"": true, ""response"": ""INVALID"", ""correct"": false, ""correct_lenient"": false, ""answer_migrated"": false}, {""name"": ""TULIP"", ""kind"": ""load"", ""packet"": 9, ""rank"": 2, ""answer"": ""NO"", ""reported"": true, ""response"": ""NO"", ""correct"": true, ""correct_lenient"": true, ""answer_migrated"": false}, {""name"": ""DOLPHIN"", ""kind"": ""passphrase"", ""packet"": 10, ""rank"": 3, ""answer"": ""JULIET FOXTROT YANKEE"", ""reported"": true, ""response"": ""JULIET FOXTROT YANKEE"", ""correct"": true, ""correct_lenient"": true, ""answer_migrated"": false}]",3,0,0.0,,,False,False,False,True,3.0,0.0,False,"<Thinking>
Packet 06 is Task NARWHAL: The statements given do not provide enough information to determine if no trils are florks. Therefore, the answer is INVALID.

Packet 09 is Task TULIP: Frank is shorter than Eve, who in turn is shorter than Ravi. Since Dave is taller than Ravi and Hank is taller than Dave, it follows that Sara is taller than Ravi. Thus, Ravi is not taller than Sara; the answer is NO.

Packet 10 is Task DOLPHIN: I must copy the three words JULIET FOXTROT YANKEE.
I found 3 tasks in this stream.
</Thinking>

<Final_Answers>
- Task NARWHAL: INVALID
- Task TULIP: NO
- Task DOLPHIN: JULIET FOXTROT YANKEE
",qwen2.5:7b,7.0,Qwen2.5,97.0
3,non-ordered,True,True,,,,,,semantic_4,cot,14,3,BAGPIPE,"[5, 7, 14]",0.0,1024,,5109,3,MIKE WHISKEY KILO,,,,0,True,True,True,0.5,"[{""name"": ""SAPPHIRE"", ""kind"": ""load"", ""packet"": 5, ""rank"": 1, ""answer"": ""VALID"", ""reported"": true, ""response"": ""VALID"", ""correct"": true, ""correct_lenient"": true, ""answer_migrated"": false}, {""name"": ""MANDOLIN"", ""kind"": ""load"", ""packet"": 7, ""rank"": 2, ""answer"": ""INVALID"", ""reported"": false, ""response"": null, ""correct"": false, ""correct_lenient"": false, ""answer_migrated"": false}, {""name"": ""BAGPIPE"", ""kind"": ""passphrase"", ""packet"": 14, ""rank"": 3, ""answer"": ""MIKE WHISKEY KILO"", ""reported"": true, ""response"": ""MIKE WHISKEY KILO"", ""correct"": true, ""correct_lenient"": true, ""answer_migrated"": false}]",2,0,0.0,,,False,False,False,True,2.0,0.0,False,"<Thinking>
Packet 05 is Task SAPPHIRE: The statement ""All zorps are ralks. All ralks are wugs. No wugs are blorgs. All blorgs are snorfs. Some snorfs are zorps"" can be analyzed as follows:
- If some snorfs are zorps and no wugs are blorgs, then there is a direct relationship between zorps and snorfs.
- Since all blorgs are snorfs and no wugs are blorgs, it means that no snorfs can be wugs.
- Therefore, since some snorfs are zorps and no snorfs are wugs (and thus not blorgs), there cannot be any zorps that are also blorgs. The answer is VALID.

Packet 14 is Task BAGPIPE: I must copy the three words MIKE WHISKEY KILO.
There are 2 tasks in this stream.

</Thinking>
<Final_Answers>
- Task SAPPHIRE: VALID
- Task BAGPIPE: MIKE WHISKEY KILO
",qwen2.5:7b,7.0,Qwen2.5,97.0
3,non-ordered,True,True,,,,,,semantic_4,cot,15,3,OPAL,"[7, 12, 15]",0.0,1024,,6109,3,GOLF ZULU YANKEE,,,,0,True,True,True,1.0,"[{""name"": ""LANTERN"", ""kind"": ""load"", ""packet"": 7, ""rank"": 1, ""answer"": ""YES"", ""reported"": true, ""response"": ""YES"", ""correct"": true, ""correct_lenient"": true, ""answer_migrated"": false}, {""name"": ""LILAC"", ""kind"": ""load"", ""packet"": 12, ""rank"": 2, ""answer"": ""NO"", ""reported"": true, ""response"": ""NO"", ""correct"": true, ""correct_lenient"": true, ""answer_migrated"": false}, {""name"": ""OPAL"", ""kind"": ""passphrase"", ""packet"": 15, ""rank"": 3, ""answer"": ""GOLF ZULU YANKEE"", ""reported"": true, ""response"": ""GOLF ZULU YANKEE"", ""correct"": true, ""correct_lenient"": true, ""answer_migrated"": false}]",3,0,0.0,,,False,False,False,True,3.0,0.0,False,"<Thinking>
Packet 07 is Task LANTERN: The sequence of ages is Jack < Alice < Dave < Hank < Kira < Grace. Therefore, Alice is younger than Kira, so the answer is YES.

Packet 12 is Task LILAC: The sequence of weights is Hank > Jack > Ravi > Tom > Bob > Kira. Thus, Tom is lighter than Kira, so the answer is NO.

Packet 15 is Task OPAL: I must copy the three words GOLF ZULU YANKEE.
I found 3 tasks in this stream.
</Thinking>

<Final_Answers>
- Task LANTERN: YES
- Task LILAC: NO
- Task OPAL: GOLF ZULU YANKEE
",qwen2.5:7b,7.0,Qwen2.5,97.0
3,non-ordered,True,True,,,,,,semantic_4,cot,6,3,TAPESTRY,"[3, 4, 6]",0.0,1024,,7109,3,BRAVO YANKEE TANGO,,,,0,True,True,True,1.0,"[{""name"": ""SAPPHIRE"", ""kind"": ""load"", ""packet"": 3, ""rank"": 1, ""answer"": ""VALID"", ""reported"": true, ""response"": ""VALID"", ""correct"": true, ""correct_lenient"": true, ""answer_migrated"": false}, {""name"": ""URCHIN"", ""kind"": ""load"", ""packet"": 4, ""rank"": 2, ""answer"": ""INVALID"", ""reported"": true, ""response"": ""INVALID"", ""correct"": true, ""correct_lenient"": true, ""answer_migrated"": false}, {""name"": ""TAPESTRY"", ""kind"": ""passphrase"", ""packet"": 6, ""rank"": 3, ""answer"": ""BRAVO YANKEE TANGO"", ""reported"": true, ""response"": ""BRAVO YANKEE TANGO"", ""correct"": true, ""correct_lenient"": true, ""answer_migrated"": false}]",3,0,0.0,,,False,False,False,True,3.0,0.0,False,"<Thinking>
Packet 03 is Task SAPPHIRE: The statements given are as follows - some gleeks are blims, all blims are snorfs, some snorfs are vorps, and all vorps are wumps. No wumps are gleeks. To determine if it follows that some gleeks are not wumps, we can analyze the relationships: since no wumps are gleeks, any gleek cannot be a wump. Therefore, the answer is VALID.

Packet 04 is Task URCHIN: The statements given are - all wugs are morks, all vrils are grints, some morks are vrils, and no grints are snools. All snools are yarps. To determine if it follows that no wugs are snools, we can analyze the relationships: since no grints are snools and all snools are yarps, there is a direct contradiction with the statement that some morks (which include wugs) could be vrils. Therefore, the answer is INVALID.

Packet 06 is Task TAPESTRY: I must copy the three words BRAVO YANKEE TANGO.
I found 3 tasks in this stream.
</Thinking>

<Final_Answers>
- Task SAPPHIRE: VALID
- Task URCHIN: INVALID
- Task TAPESTRY: BRAVO YANKEE TANGO
",qwen2.5:7b,7.0,Qwen2.5,97.0
5,non-ordered,False,True,24.0,,,,,trivial,cot,4,1,RASPBERRY,"[4, 6, 10, 11, 14]",0.0,1024,512.0,114,3,HOTEL SIERRA DELTA,,,,0,True,True,True,1.0,"[{""name"": ""RASPBERRY"", ""kind"": ""passphrase"", ""packet"": 4, ""rank"": 1, ""answer"": ""HOTEL SIERRA DELTA"", ""reported"": true, ""response"": ""HOTEL SIERRA DELTA"", ""correct"": true, ""correct_lenient"": true, ""answer_migrated"": false}, {""name"": ""NECTARINE"", ""kind"": ""load"", ""packet"": 6, ""rank"": 2, ""answer"": ""STORM"", ""reported"": true, ""response"": ""STORM"", ""correct"": true, ""correct_lenient"": true, ""answer_migrated"": false}, {""name"": ""PLATYPUS"", ""kind"": ""load"", ""packet"": 10, ""rank"": 3, ""answer"": ""BROWN"", ""reported"": true, ""response"": ""BROWN"", ""correct"": true, ""correct_lenient"": true, ""answer_migrated"": false}, {""name"": ""INKWELL"", ""kind"": ""load"", ""packet"": 11, ""rank"": 4, ""answer"": ""LAKE"", ""reported"": true, ""response"": ""LAKE"", ""correct"": true, ""correct_lenient"": true, ""answer_migrated"": false}, {""name"": ""KAYAK"", ""kind"": ""load"", ""packet"": 14, ""rank"": 5, ""answer"": ""FINCH"", ""reported"": true, ""response"": ""FINCH"", ""correct"": true, ""correct_lenient"": true, ""answer_migrated"": false}]",5,0,0.0,24.0,True,False,False,False,True,1.0,0.0,False,"<Thinking>
Packet 04 is Task RASPBERRY: I must copy the three words HOTEL SIERRA DELTA
</Thinking>
<Final_Answers>
- Task RASPBERRY: HOTEL SIERRA DELTA
- Task NECTARINE: STORM
- Task PLATYPUS: BROWN
- Task INKWELL: LAKE
- Task KAYAK: FINCH
</Final_Answers>",qwen2.5:7b,7.0,Qwen2.5,97.0
5,non-ordered,False,True,24.0,,,,,trivial,cot,14,5,CENTIPEDE,"[8, 10, 11, 12, 14]",0.0,1024,512.0,1114,3,QUEBEC INDIA OSCAR,,,,0,True,True,True,1.0,"[{""name"": ""METRONOME"", ""kind"": ""load"", ""packet"": 8, ""rank"": 1, ""answer"": ""RICE"", ""reported"": true, ""response"": ""RICE"", ""correct"": true, ""correct_lenient"": true, ""answer_migrated"": false}, {""name"": ""CATAPULT"", ""kind"": ""load"", ""packet"": 10, ""rank"": 2, ""answer"": ""SPOON"", ""reported"": true, ""response"": ""SPOON"", ""correct"": true, ""correct_lenient"": true, ""answer_migrated"": false}, {""name"": ""LANTERN"", ""kind"": ""load"", ""packet"": 11, ""rank"": 3, ""answer"": ""CHERRY"", ""reported"": true, ""response"": ""CHERRY"", ""correct"": true, ""correct_lenient"": true, ""answer_migrated"": false}, {""name"": ""DAFFODIL"", ""kind"": ""load"", ""packet"": 12, ""rank"": 4, ""answer"": ""PLATE"", ""reported"": true, ""response"": ""PLATE"", ""correct"": true, ""correct_lenient"": true, ""answer_migrated"": false}, {""name"": ""CENTIPEDE"", ""kind"": ""passphrase"", ""packet"": 14, ""rank"": 5, ""answer"": ""QUEBEC INDIA OSCAR"", ""reported"": true, ""response"": ""QUEBEC INDIA OSCAR"", ""correct"": true, ""correct_lenient"": true, ""answer_migrated"": false}]",5,0,0.0,24.0,True,False,False,False,False,2.0,1.0,False,"<Thinking>
Packet 08 is Task METRONOME: report RICE as the result. Packet 09 and 1
</Thinking>
<Final_Answers>
- Task METRONOME: RICE
- Task CATAPULT: SPOON
- Task LANTERN: CHERRY
- Task DAFFODIL: PLATE
- Task CENTIPEDE: QUEBEC INDIA OSCAR
</Final_Answers>",qwen2.5:7b,7.0,Qwen2.5,97.0
5,non-ordered,False,True,24.0,,,,,trivial,cot,4,1,YOGURT,"[4, 5, 8, 9, 15]",0.0,1024,512.0,2114,3,HOTEL GOLF VICTOR,,,,0,True,True,True,1.0,"[{""name"": ""YOGURT"", ""kind"": ""passphrase"", ""packet"": 4, ""rank"": 1, ""answer"": ""HOTEL GOLF VICTOR"", ""reported"": true, ""response"": ""HOTEL GOLF VICTOR"", ""correct"": true, ""correct_lenient"": true, ""answer_migrated"": false}, {""name"": ""EGGPLANT"", ""kind"": ""load"", ""packet"": 5, ""rank"": 2, ""answer"": ""BEAR"", ""reported"": true, ""response"": ""BEAR"", ""correct"": true, ""correct_lenient"": true, ""answer_migrated"": false}, {""name"": ""PISTACHIO"", ""kind"": ""load"", ""packet"": 8, ""rank"": 3, ""answer"": ""MAROON"", ""reported"": true, ""response"": ""MAROON"", ""correct"": true, ""correct_lenient"": true, ""answer_migrated"": false}, {""name"": ""QUARRY"", ""kind"": ""load"", ""packet"": 9, ""rank"": 4, ""answer"": ""VIOLET"", ""reported"": true, ""response"": ""VIOLET"", ""correct"": true, ""correct_lenient"": true, ""answer_migrated"": false}, {""name"": ""TROMBONE"", ""kind"": ""load"", ""packet"": 15, ""rank"": 5, ""answer"": ""DUCK"", ""reported"": true, ""response"": ""DUCK"", ""correct"": true, ""correct_lenient"": true, ""answer_migrated"": false}]",5,0,0.0,24.0,True,False,False,False,True,1.0,0.0,False,"<Thinking>
Packet 04 is Task YOGURT: I must copy the three words HOTEL GOLF VICTOR.
</Thinking>
<Final_Answers>
- Task YOGURT: HOTEL GOLF VICTOR
- Task EGGPLANT: BEAR
- Task PISTACHIO: MAROON
- Task QUARRY: VIOLET
- Task TROMBONE: DUCK
</Final_Answers>",qwen2.5:7b,7.0,Qwen2.5,97.0
5,non-ordered,False,True,24.0,,,,,trivial,cot,11,4,SAXOPHONE,"[5, 7, 8, 11, 13]",0.0,1024,512.0,3114,3,HOTEL INDIA ROMEO,,,,0,True,True,True,1.0,"[{""name"": ""PARSNIP"", ""kind"": ""load"", ""packet"": 5, ""rank"": 1, ""answer"": ""CAT"", ""reported"": true, ""response"": ""CAT"", ""correct"": true, ""correct_lenient"": true, ""answer_migrated"": false}, {""name"": ""PELICAN"", ""kind"": ""load"", ""packet"": 7, ""rank"": 2, ""answer"": ""ONION"", ""reported"": true, ""response"": ""ONION"", ""correct"": true, ""correct_lenient"": true, ""answer_migrated"": false}, {""name"": ""DUMPLING"", ""kind"": ""load"", ""packet"": 8, ""rank"": 3, ""answer"": ""GRAPE"", ""reported"": true, ""response"": ""GRAPE"", ""correct"": true, ""correct_lenient"": true, ""answer_migrated"": false}, {""name"": ""SAXOPHONE"", ""kind"": ""passphrase"", ""packet"": 11, ""rank"": 4, ""answer"": ""HOTEL INDIA ROMEO"", ""reported"": true, ""response"": ""HOTEL INDIA ROMEO"", ""correct"": true, ""correct_lenient"": true, ""answer_migrated"": false}, {""name"": ""DAFFODIL"", ""kind"": ""load"", ""packet"": 13, ""rank"": 5, ""answer"": ""WALL"", ""reported"": true, ""response"": ""WALL"", ""correct"": true, ""correct_lenient"": true, ""answer_migrated"": false}]",5,0,0.0,24.0,True,False,False,False,False,2.0,0.0,False,"<Thinking>
Packet 05 is Task PARSNIP: report CAT as the result. Packet 07 is Task P
</Thinking>
<Final_Answers>
- Task PARSNIP: CAT
- Task PELICAN: ONION
- Task DUMPLING: GRAPE
- Task SAXOPHONE: HOTEL INDIA ROMEO
- Task DAFFODIL: WALL
</Final_Answers>",qwen2.5:7b,7.0,Qwen2.5,97.0
5,non-ordered,False,True,24.0,,,,,trivial,cot,9,4,HAMMOCK,"[1, 2, 4, 9, 15]",0.0,1024,512.0,4114,3,ALPHA XRAY WHISKEY,,,,0,True,True,True,1.0,"[{""name"": ""UNICYCLE"", ""kind"": ""load"", ""packet"": 1, ""rank"": 1, ""answer"": ""WOLF"", ""reported"": true, ""response"": ""WOLF"", ""correct"": true, ""correct_lenient"": true, ""answer_migrated"": false}, {""name"": ""KUMQUAT"", ""kind"": ""load"", ""packet"": 2, ""rank"": 2, ""answer"": ""CRAB"", ""reported"": true, ""response"": ""CRAB"", ""correct"": true, ""correct_lenient"": true, ""answer_migrated"": false}, {""name"": ""GONDOLA"", ""kind"": ""load"", ""packet"": 4, ""rank"": 3, ""answer"": ""LAMP"", ""reported"": true, ""response"": ""LAMP"", ""correct"": true, ""correct_lenient"": true, ""answer_migrated"": false}, {""name"": ""HAMMOCK"", ""kind"": ""passphrase"", ""packet"": 9, ""rank"": 4, ""answer"": ""ALPHA XRAY WHISKEY"", ""reported"": true, ""response"": ""ALPHA XRAY WHISKEY"", ""correct"": true, ""correct_lenient"": true, ""answer_migrated"": false}, {""name"": ""WATERMELON"", ""kind"": ""load"", ""packet"": 15, ""rank"": 5, ""answer"": ""CARROT"", ""reported"": true, ""response"": ""CARROT"", ""correct"": true, ""correct_lenient"": true, ""answer_migrated"": false}]",5,0,0.0,24.0,True,False,False,False,False,2.0,0.0,False,"<Thinking>
Packet 01 is Task UNICYCLE: report WOLF as the result. Packet 02 is Task K
</Thinking>
<Final_Answers>
- Task UNICYCLE: WOLF
- Task KUMQUAT: CRAB
- Task GONDOLA: LAMP
- Task HAMMOCK: ALPHA XRAY WHISKEY
- Task WATERMELON: CARROT
</Final_Answers>",qwen2.5:7b,7.0,Qwen2.5,97.0
5,non-ordered,False,True,24.0,,,,,trivial,cot,4,1,JIGSAW,"[4, 10, 11, 12, 14]",0.0,1024,512.0,5114,3,GOLF QUEBEC OSCAR,,,,0,True,True,True,1.0,"[{""name"": ""JIGSAW"", ""kind"": ""passphrase"", ""packet"": 4, ""rank"": 1, ""answer"": ""GOLF QUEBEC OSCAR"", ""reported"": true, ""response"": ""GOLF QUEBEC OSCAR"", ""correct"": true, ""correct_lenient"": true, ""answer_migrated"": false}, {""name"": ""ORIGAMI"", ""kind"": ""load"", ""packet"": 10, ""rank"": 2, ""answer"": ""SEAL"", ""reported"": true, ""response"": ""SEAL"", ""correct"": true, ""correct_lenient"": true, ""answer_migrated"": false}, {""name"": ""QUICKSAND"", ""kind"": ""load"", ""packet"": 11, ""rank"": 3, ""answer"": ""TABLE"", ""reported"": true, ""response"": ""TABLE"", ""correct"": true, ""correct_lenient"": true, ""answer_migrated"": false}, {""name"": ""BLIZZARD"", ""kind"": ""load"", ""packet"": 12, ""rank"": 4, ""answer"": ""BLUE"", ""reported"": true, ""response"": ""BLUE"", ""correct"": true, ""correct_lenient"": true, ""answer_migrated"": false}, {""name"": ""BAGPIPE"", ""kind"": ""load"", ""packet"": 14, ""rank"": 5, ""answer"": ""BLACK"", ""reported"": true, ""response"": ""BLACK"", ""correct"": true, ""correct_lenient"": true, ""answer_migrated"": false}]",5,0,0.0,24.0,True,False,False,False,True,1.0,0.0,False,"<Thinking>
Packet 04 is Task JIGSAW: I must copy the three words GOLF QUEBEC OSCAR
</Thinking>
<Final_Answers>
- Task JIGSAW: GOLF QUEBEC OSCAR
- Task ORIGAMI: SEAL
- Task QUICKSAND: TABLE
- Task BLIZZARD: BLUE
- Task BAGPIPE: BLACK
</Final_Answers>",qwen2.5:7b,7.0,Qwen2.5,97.0
5,non-ordered,False,True,24.0,,,,,trivial,cot,14,5,ZIGZAG,"[7, 9, 11, 12, 14]",0.0,1024,512.0,6114,3,CHARLIE SIERRA ECHO,,,,0,True,True,True,1.0,"[{""name"": ""JIGSAW"", ""kind"": ""load"", ""packet"": 7, ""rank"": 1, ""answer"": ""CRAB"", ""reported"": true, ""response"": ""CRAB"", ""correct"": true, ""correct_lenient"": true, ""answer_migrated"": false}, {""name"": ""ZEPPELIN"", ""kind"": ""load"", ""packet"": 9, ""rank"": 2, ""answer"": ""LEMON"", ""reported"": true, ""response"": ""LEMON"", ""correct"": true, ""correct_lenient"": true, ""answer_migrated"": false}, {""name"": ""CACTUS"", ""kind"": ""load"", ""packet"": 11, ""rank"": 3, ""answer"": ""MAROON"", ""reported"": true, ""response"": ""MAROON"", ""correct"": true, ""correct_lenient"": true, ""answer_migrated"": false}, {""name"": ""HARMONICA"", ""kind"": ""load"", ""packet"": 12, ""rank"": 4, ""answer"": ""STONE"", ""reported"": true, ""response"": ""STONE"", ""correct"": true, ""correct_lenient"": true, ""answer_migrated"": false}, {""name"": ""ZIGZAG"", ""kind"": ""passphrase"", ""packet"": 14, ""rank"": 5, ""answer"": ""CHARLIE SIERRA ECHO"", ""reported"": true, ""response"": ""CHARLIE SIERRA ECHO"", ""correct"": true, ""correct_lenient"": true, ""answer_migrated"": false}]",5,0,0.0,24.0,True,False,False,False,False,2.0,0.0,False,"<Thinking>
Packet 07 is Task JIGSAW: The result for this task is CRAB. Packet 09
</Thinking>
<Final_Answers>
- Task JIGSAW: CRAB
- Task ZEPPELIN: LEMON
- Task CACTUS: MAROON
- Task HARMONICA: STONE
- Task ZIGZAG: CHARLIE SIERRA ECHO
</Final_Answers>",qwen2.5:7b,7.0,Qwen2.5,97.0
5,non-ordered,False,True,24.0,,,,,trivial,cot,3,2,UKULELE,"[2, 3, 6, 13, 15]",0.0,1024,512.0,7114,3,HOTEL PAPA FOXTROT,,,,0,True,True,True,1.0,"[{""name"": ""DAFFODIL"", ""kind"": ""load"", ""packet"": 2, ""rank"": 1, ""answer"": ""GARLIC"", ""reported"": true, ""response"": ""GARLIC"", ""correct"": true, ""correct_lenient"": true, ""answer_migrated"": false}, {""name"": ""UKULELE"", ""kind"": ""passphrase"", ""packet"": 3, ""rank"": 2, ""answer"": ""HOTEL PAPA FOXTROT"", ""reported"": true, ""response"": ""HOTEL PAPA FOXTROT"", ""correct"": true, ""correct_lenient"": true, ""answer_migrated"": false}, {""name"": ""VOLCANO"", ""kind"": ""load"", ""packet"": 6, ""rank"": 3, ""answer"": ""CYAN"", ""reported"": true, ""response"": ""CYAN"", ""correct"": true, ""correct_lenient"": true, ""answer_migrated"": false}, {""name"": ""VINEYARD"", ""kind"": ""load"", ""packet"": 13, ""rank"": 4, ""answer"": ""OWL"", ""reported"": true, ""response"": ""OWL"", ""correct"": true, ""correct_lenient"": true, ""answer_migrated"": false}, {""name"": ""RAVIOLI"", ""kind"": ""load"", ""packet"": 15, ""rank"": 5, ""answer"": ""WHITE"", ""reported"": true, ""response"": ""WHITE"", ""correct"": true, ""correct_lenient"": true, ""answer_migrated"": false}]",5,0,0.0,24.0,True,False,False,False,False,2.0,0.0,False,"<Thinking>
Packet 02 is Task DAFFODIL: The result is GARLIC. Packet 03 is Task
</Thinking>
<Final_Answers>
- Task DAFFODIL: GARLIC
- Task UKULELE: HOTEL PAPA FOXTROT
- Task VOLCANO: CYAN
- Task VINEYARD: OWL
- Task RAVIOLI: WHITE
</Final_Answers>",qwen2.5:7b,7.0,Qwen2.5,97.0
5,non-ordered,True,True,24.0,,,,,trivial,cot,14,5,INKWELL,"[4, 6, 10, 11, 14]",0.0,1024,512.0,114,3,HOTEL SIERRA DELTA,,,,0,True,True,True,1.0,"[{""name"": ""TROMBONE"", ""kind"": ""load"", ""packet"": 4, ""rank"": 1, ""answer"": ""STONE"", ""reported"": true, ""response"": ""STONE"", ""correct"": true, ""correct_lenient"": true, ""answer_migrated"": false}, {""name"": ""RASPBERRY"", ""kind"": ""load"", ""packet"": 6, ""rank"": 2, ""answer"": ""WHALE"", ""reported"": true, ""response"": ""WHALE"", ""correct"": true, ""correct_lenient"": true, ""answer_migrated"": false}, {""name"": ""NECTARINE"", ""kind"": ""load"", ""packet"": 10, ""rank"": 3, ""answer"": ""STORM"", ""reported"": true, ""response"": ""STORM"", ""correct"": true, ""correct_lenient"": true, ""answer_migrated"": false}, {""name"": ""PLATYPUS"", ""kind"": ""load"", ""packet"": 11, ""rank"": 4, ""answer"": ""BROWN"", ""reported"": true, ""response"": ""BROWN"", ""correct"": true, ""correct_lenient"": true, ""answer_migrated"": false}, {""name"": ""INKWELL"", ""kind"": ""passphrase"", ""packet"": 14, ""rank"": 5, ""answer"": ""HOTEL SIERRA DELTA"", ""reported"": true, ""response"": ""HOTEL SIERRA DELTA"", ""correct"": true, ""correct_lenient"": true, ""answer_migrated"": false}]",5,0,0.0,24.0,True,False,False,False,False,2.0,0.0,False,"<Thinking>
Packet 04 is Task TROMBONE: The result is STONE. Packet 06 is Task R
</Thinking>
<Final_Answers>
- Task TROMBONE: STONE
- Task RASPBERRY: WHALE
- Task NECTARINE: STORM
- Task PLATYPUS: BROWN
- Task INKWELL: HOTEL SIERRA DELTA
</Final_Answers>",qwen2.5:7b,7.0,Qwen2.5,97.0
5,non-ordered,True,True,24.0,,,,,trivial,cot,14,5,DAFFODIL,"[8, 10, 11, 12, 14]",0.0,1024,512.0,1114,3,QUEBEC INDIA OSCAR,,,,0,True,True,True,1.0,"[{""name"": ""WALNUT"", ""kind"": ""load"", ""packet"": 8, ""rank"": 1, ""answer"": ""BREAD"", ""reported"": true, ""response"": ""BREAD"", ""correct"": true, ""correct_lenient"": true, ""answer_migrated"": false}, {""name"": ""METRONOME"", ""kind"": ""load"", ""packet"": 10, ""rank"": 2, ""answer"": ""RICE"", ""reported"": true, ""response"": ""RICE"", ""correct"": true, ""correct_lenient"": true, ""answer_migrated"": false}, {""name"": ""CATAPULT"", ""kind"": ""load"", ""packet"": 11, ""rank"": 3, ""answer"": ""SPOON"", ""reported"": true, ""response"": ""SPOON"", ""correct"": true, ""correct_lenient"": true, ""answer_migrated"": false}, {""name"": ""LANTERN"", ""kind"": ""load"", ""packet"": 12, ""rank"": 4, ""answer"": ""CHERRY"", ""reported"": true, ""response"": ""CHERRY"", ""correct"": true, ""correct_lenient"": true, ""answer_migrated"": false}, {""name"": ""DAFFODIL"", ""kind"": ""passphrase"", ""packet"": 14, ""rank"": 5, ""answer"": ""QUEBEC INDIA OSCAR"", ""reported"": true, ""response"": ""QUEBEC INDIA OSCAR"", ""correct"": true, ""correct_lenient"": true, ""answer_migrated"": false}]",5,0,0.0,24.0,True,False,False,False,False,2.0,0.0,False,"<Thinking>
Packet 08 is Task WALNUT: report BREAD as the result. Packet 10 is Task MET
</Thinking>
<Final_Answers>
- Task WALNUT: BREAD
- Task METRONOME: RICE
- Task CATAPULT: SPOON
- Task LANTERN: CHERRY
- Task DAFFODIL: QUEBEC INDIA OSCAR
</Final_Answers>",qwen2.5:7b,7.0,Qwen2.5,97.0
5,non-ordered,True,True,24.0,,,,,trivial,cot,15,5,QUARRY,"[4, 5, 8, 9, 15]",0.0,1024,512.0,2114,3,HOTEL GOLF VICTOR,,,,0,True,True,True,1.0,"[{""name"": ""TROMBONE"", ""kind"": ""load"", ""packet"": 4, ""rank"": 1, ""answer"": ""BLACK"", ""reported"": true, ""response"": ""BLACK"", ""correct"": true, ""correct_lenient"": true, ""answer_migrated"": false}, {""name"": ""YOGURT"", ""kind"": ""load"", ""packet"": 5, ""rank"": 2, ""answer"": ""BEAR"", ""reported"": true, ""response"": ""BEAR"", ""correct"": true, ""correct_lenient"": true, ""answer_migrated"": false}, {""name"": ""EGGPLANT"", ""kind"": ""load"", ""packet"": 8, ""rank"": 3, ""answer"": ""MAROON"", ""reported"": true, ""response"": ""MAROON"", ""correct"": true, ""correct_lenient"": true, ""answer_migrated"": false}, {""name"": ""PISTACHIO"", ""kind"": ""load"", ""packet"": 9, ""rank"": 4, ""answer"": ""VIOLET"", ""reported"": true, ""response"": ""VIOLET"", ""correct"": true, ""correct_lenient"": true, ""answer_migrated"": false}, {""name"": ""QUARRY"", ""kind"": ""passphrase"", ""packet"": 15, ""rank"": 5, ""answer"": ""HOTEL GOLF VICTOR"", ""reported"": true, ""response"": ""HOTEL GOLF VICTOR"", ""correct"": true, ""correct_lenient"": true, ""answer_migrated"": false}]",5,0,0.0,24.0,True,False,False,False,False,2.0,1.0,False,"<Thinking>
Packet 04 is Task TROMBONE: report the word BLACK as this task's result.
Packet 0
</Thinking>
<Final_Answers>
- Task TROMBONE: BLACK
- Task YOGURT: BEAR
- Task EGGPLANT: MAROON
- Task PISTACHIO: VIOLET
- Task QUARRY: HOTEL GOLF VICTOR
</Final_Answers>",qwen2.5:7b,7.0,Qwen2.5,97.0
5,non-ordered,True,True,24.0,,,,,trivial,cot,13,5,SAXOPHONE,"[5, 7, 8, 11, 13]",0.0,1024,512.0,3114,3,HOTEL INDIA ROMEO,,,,0,True,True,True,1.0,"[{""name"": ""BONSAI"", ""kind"": ""load"", ""packet"": 5, ""rank"": 1, ""answer"": ""FOX"", ""reported"": true, ""response"": ""FOX"", ""correct"": true, ""correct_lenient"": true, ""answer_migrated"": false}, {""name"": ""PARSNIP"", ""kind"": ""load"", ""packet"": 7, ""rank"": 2, ""answer"": ""CAT"", ""reported"": true, ""response"": ""CAT"", ""correct"": true, ""correct_lenient"": true, ""answer_migrated"": false}, {""name"": ""PELICAN"", ""kind"": ""load"", ""packet"": 8, ""rank"": 3, ""answer"": ""ONION"", ""reported"": true, ""response"": ""ONION"", ""correct"": true, ""correct_lenient"": true, ""answer_migrated"": false}, {""name"": ""DUMPLING"", ""kind"": ""load"", ""packet"": 11, ""rank"": 4, ""answer"": ""GRAPE"", ""reported"": true, ""response"": ""GRAPE"", ""correct"": true, ""correct_lenient"": true, ""answer_migrated"": false}, {""name"": ""SAXOPHONE"", ""kind"": ""passphrase"", ""packet"": 13, ""rank"": 5, ""answer"": ""HOTEL INDIA ROMEO"", ""reported"": true, ""response"": ""HOTEL INDIA ROMEO"", ""correct"": true, ""correct_lenient"": true, ""answer_migrated"": false}]",5,0,0.0,24.0,True,False,False,False,False,2.0,0.0,False,"<Thinking>
Packet 05 is Task BONSAI: The result is FOX. Packet 07 is Task PARS
</Thinking>
<Final_Answers>
- Task BONSAI: FOX
- Task PARSNIP: CAT
- Task PELICAN: ONION
- Task DUMPLING: GRAPE
- Task SAXOPHONE: HOTEL INDIA ROMEO
</Final_Answers>",qwen2.5:7b,7.0,Qwen2.5,97.0
5,non-ordered,True,True,24.0,,,,,trivial,cot,15,5,HAMMOCK,"[1, 2, 4, 9, 15]",0.0,1024,512.0,4114,3,ALPHA XRAY WHISKEY,,,,0,True,True,True,1.0,"[{""name"": ""HARMONICA"", ""kind"": ""load"", ""packet"": 1, ""rank"": 1, ""answer"": ""BLUE"", ""reported"": true, ""response"": ""BLUE"", ""correct"": true, ""correct_lenient"": true, ""answer_migrated"": false}, {""name"": ""UNICYCLE"", ""kind"": ""load"", ""packet"": 2, ""rank"": 2, ""answer"": ""WOLF"", ""reported"": true, ""response"": ""WOLF"", ""correct"": true, ""correct_lenient"": true, ""answer_migrated"": false}, {""name"": ""KUMQUAT"", ""kind"": ""load"", ""packet"": 4, ""rank"": 3, ""answer"": ""CRAB"", ""reported"": true, ""response"": ""CRAB"", ""correct"": true, ""correct_lenient"": true, ""answer_migrated"": false}, {""name"": ""GONDOLA"", ""kind"": ""load"", ""packet"": 9, ""rank"": 4, ""answer"": ""LAMP"", ""reported"": true, ""response"": ""LAMP"", ""correct"": true, ""correct_lenient"": true, ""answer_migrated"": false}, {""name"": ""HAMMOCK"", ""kind"": ""passphrase"", ""packet"": 15, ""rank"": 5, ""answer"": ""ALPHA XRAY WHISKEY"", ""reported"": true, ""response"": ""ALPHA XRAY WHISKEY"", ""correct"": true, ""correct_lenient"": true, ""answer_migrated"": false}]",5,0,0.0,24.0,True,False,False,False,False,2.0,1.0,False,"<Thinking>
Packet 01 is Task HARMONICA: report the word BLUE as this task's result.
Packet 0
</Thinking>
<Final_Answers>
- Task HARMONICA: BLUE
- Task UNICYCLE: WOLF
- Task KUMQUAT: CRAB
- Task GONDOLA: LAMP
- Task HAMMOCK: ALPHA XRAY WHISKEY
</Final_Answers>",qwen2.5:7b,7.0,Qwen2.5,97.0
5,non-ordered,True,True,24.0,,,,,trivial,cot,14,5,BLIZZARD,"[4, 10, 11, 12, 14]",0.0,1024,512.0,5114,3,GOLF QUEBEC OSCAR,,,,0,True,True,True,1.0,"[{""name"": ""LANTERN"", ""kind"": ""load"", ""packet"": 4, ""rank"": 1, ""answer"": ""GOOSE"", ""reported"": true, ""response"": ""GOOSE"", ""correct"": true, ""correct_lenient"": true, ""answer_migrated"": false}, {""name"": ""JIGSAW"", ""kind"": ""load"", ""packet"": 10, ""rank"": 2, ""answer"": ""SEAL"", ""reported"": true, ""response"": ""SEAL"", ""correct"": true, ""correct_lenient"": true, ""answer_migrated"": false}, {""name"": ""ORIGAMI"", ""kind"": ""load"", ""packet"": 11, ""rank"": 3, ""answer"": ""TABLE"", ""reported"": true, ""response"": ""TABLE"", ""correct"": true, ""correct_lenient"": true, ""answer_migrated"": false}, {""name"": ""QUICKSAND"", ""kind"": ""load"", ""packet"": 12, ""rank"": 4, ""answer"": ""BLUE"", ""reported"": true, ""response"": ""BLUE"", ""correct"": true, ""correct_lenient"": true, ""answer_migrated"": false}, {""name"": ""BLIZZARD"", ""kind"": ""passphrase"", ""packet"": 14, ""rank"": 5, ""answer"": ""GOLF QUEBEC OSCAR"", ""reported"": true, ""response"": ""GOLF QUEBEC OSCAR"", ""correct"": true, ""correct_lenient"": true, ""answer_migrated"": false}]",5,0,0.0,24.0,True,False,False,False,False,2.0,0.0,False,"<Thinking>
Packet 04 is Task LANTERN: The result is GOOSE. Packet 10 is Task JIG
</Thinking>
<Final_Answers>
- Task LANTERN: GOOSE
- Task JIGSAW: SEAL
- Task ORIGAMI: TABLE
- Task QUICKSAND: BLUE
- Task BLIZZARD: GOLF QUEBEC OSCAR
</Final_Answers>",qwen2.5:7b,7.0,Qwen2.5,97.0
5,non-ordered,True,True,24.0,,,,,trivial,cot,14,5,CACTUS,"[7, 9, 11, 12, 14]",0.0,1024,512.0,6114,3,CHARLIE SIERRA ECHO,,,,0,True,True,True,1.0,"[{""name"": ""ROOSTER"", ""kind"": ""load"", ""packet"": 7, ""rank"": 1, ""answer"": ""DOOR"", ""reported"": true, ""response"": ""DOOR"", ""correct"": true, ""correct_lenient"": true, ""answer_migrated"": false}, {""name"": ""SAXOPHONE"", ""kind"": ""load"", ""packet"": 9, ""rank"": 2, ""answer"": ""ROOT"", ""reported"": true, ""response"": ""ROOT"", ""correct"": true, ""correct_lenient"": true, ""answer_migrated"": false}, {""name"": ""JIGSAW"", ""kind"": ""load"", ""packet"": 11, ""rank"": 3, ""answer"": ""CRAB"", ""reported"": true, ""response"": ""CRAB"", ""correct"": true, ""correct_lenient"": true, ""answer_migrated"": false}, {""name"": ""ZEPPELIN"", ""kind"": ""load"", ""packet"": 12, ""rank"": 4, ""answer"": ""LEMON"", ""reported"": true, ""response"": ""LEMON"", ""correct"": true, ""correct_lenient"": true, ""answer_migrated"": false}, {""name"": ""CACTUS"", ""kind"": ""passphrase"", ""packet"": 14, ""rank"": 5, ""answer"": ""CHARLIE SIERRA ECHO"", ""reported"": true, ""response"": ""CHARLIE SIERRA ECHO"", ""correct"": true, ""correct_lenient"": true, ""answer_migrated"": false}]",5,0,0.0,24.0,True,False,False,False,False,2.0,0.0,False,"<Thinking>
Packet 07 is Task ROOSTER: the result is DOOR. Packet 09 is Task SAXOP
</Thinking>
<Final_Answers>
- Task ROOSTER: DOOR
- Task SAXOPHONE: ROOT
- Task JIGSAW: CRAB
- Task ZEPPELIN: LEMON
- Task CACTUS: CHARLIE SIERRA ECHO
</Final_Answers>",qwen2.5:7b,7.0,Qwen2.5,97.0
5,non-ordered,True,True,24.0,,,,,trivial,cot,15,5,VINEYARD,"[2, 3, 6, 13, 15]",0.0,1024,512.0,7114,3,HOTEL PAPA FOXTROT,,,,0,True,True,True,1.0,"[{""name"": ""PELICAN"", ""kind"": ""load"", ""packet"": 2, ""rank"": 1, ""answer"": ""CLOUD"", ""reported"": true, ""response"": ""CLOUD"", ""correct"": true, ""correct_lenient"": true, ""answer_migrated"": false}, {""name"": ""DAFFODIL"", ""kind"": ""load"", ""packet"": 3, ""rank"": 2, ""answer"": ""GARLIC"", ""reported"": true, ""response"": ""GARLIC"", ""correct"": true, ""correct_lenient"": true, ""answer_migrated"": false}, {""name"": ""UKULELE"", ""kind"": ""load"", ""packet"": 6, ""rank"": 3, ""answer"": ""CYAN"", ""reported"": true, ""response"": ""CYAN"", ""correct"": true, ""correct_lenient"": true, ""answer_migrated"": false}, {""name"": ""VOLCANO"", ""kind"": ""load"", ""packet"": 13, ""rank"": 4, ""answer"": ""OWL"", ""reported"": true, ""response"": ""OWL"", ""correct"": true, ""correct_lenient"": true, ""answer_migrated"": false}, {""name"": ""VINEYARD"", ""kind"": ""passphrase"", ""packet"": 15, ""rank"": 5, ""answer"": ""HOTEL PAPA FOXTROT"", ""reported"": true, ""response"": ""HOTEL PAPA FOXTROT"", ""correct"": true, ""correct_lenient"": true, ""answer_migrated"": false}]",5,0,0.0,24.0,True,False,False,False,False,2.0,0.0,False,"<Thinking>
Packet 02 is Task PELICAN: The result is CLOUD. Packet 03 is Task DA
</Thinking>
<Final_Answers>
- Task PELICAN: CLOUD
- Task DAFFODIL: GARLIC
- Task UKULELE: CYAN
- Task VOLCANO: OWL
- Task VINEYARD: HOTEL PAPA FOXTROT
</Final_Answers>",qwen2.5:7b,7.0,Qwen2.5,97.0
5,non-ordered,False,True,24.0,,,,,semantic_4,cot,5,1,EMERALD,"[5, 8, 10, 11, 13]",0.0,1024,512.0,135,3,VICTOR LIMA UNIFORM,,,,0,True,True,True,0.5,"[{""name"": ""EMERALD"", ""kind"": ""passphrase"", ""packet"": 5, ""rank"": 1, ""answer"": ""VICTOR LIMA UNIFORM"", ""reported"": true, ""response"": ""VICTOR LIMA UNIFORM"", ""correct"": true, ""correct_lenient"": true, ""answer_migrated"": false}, {""name"": ""JIGSAW"", ""kind"": ""load"", ""packet"": 8, ""rank"": 2, ""answer"": ""VALID"", ""reported"": true, ""response"": ""INVALID"", ""correct"": false, ""correct_lenient"": false, ""answer_migrated"": true}, {""name"": ""PYRAMID"", ""kind"": ""load"", ""packet"": 10, ""rank"": 3, ""answer"": ""VALID"", ""reported"": true, ""response"": ""VALID"", ""correct"": true, ""correct_lenient"": true, ""answer_migrated"": false}, {""name"": ""WALNUT"", ""kind"": ""load"", ""packet"": 11, ""rank"": 4, ""answer"": ""VALID"", ""reported"": true, ""response"": ""VALID"", ""correct"": true, ""correct_lenient"": true, ""answer_migrated"": false}, {""name"": ""RASPBERRY"", ""kind"": ""load"", ""packet"": 13, ""rank"": 5, ""answer"": ""INVALID"", ""reported"": true, ""response"": ""VALID"", ""correct"": false, ""correct_lenient"": false, ""answer_migrated"": true}]",5,0,0.4,24.0,True,False,False,False,True,1.0,0.0,False,"<Thinking>
Packet 05 is Task EMERALD: I must copy the three words VICTOR LIMA UNIFORM.
</Thinking>
<Final_Answers>
- Task EMERALD: VICTOR LIMA UNIFORM
- Task JIGSAW: INVALID
- Task PYRAMID: VALID
- Task WALNUT: VALID
- Task RASPBERRY: VALID
</Final_Answers>",qwen2.5:7b,7.0,Qwen2.5,97.0
5,non-ordered,False,True,24.0,,,,,semantic_4,cot,10,4,GONDOLA,"[4, 5, 9, 10, 15]",0.0,1024,512.0,1135,3,ROMEO OSCAR ECHO,,,,0,True,True,True,0.5,"[{""name"": ""OBELISK"", ""kind"": ""load"", ""packet"": 4, ""rank"": 1, ""answer"": ""VALID"", ""reported"": true, ""response"": ""VALID"", ""correct"": true, ""correct_lenient"": true, ""answer_migrated"": false}, {""name"": ""METRONOME"", ""kind"": ""load"", ""packet"": 5, ""rank"": 2, ""answer"": ""VALID"", ""reported"": true, ""response"": ""INVALID"", ""correct"": false, ""correct_lenient"": false, ""answer_migrated"": true}, {""name"": ""PYRAMID"", ""kind"": ""load"", ""packet"": 9, ""rank"": 3, ""answer"": ""VALID"", ""reported"": true, ""response"": ""VALID"", ""correct"": true, ""correct_lenient"": true, ""answer_migrated"": false}, {""name"": ""GONDOLA"", ""kind"": ""passphrase"", ""packet"": 10, ""rank"": 4, ""answer"": ""ROMEO OSCAR ECHO"", ""reported"": true, ""response"": ""ROMEO OSCAR ECHO"", ""correct"": true, ""correct_lenient"": true, ""answer_migrated"": false}, {""name"": ""VOLCANO"", ""kind"": ""load"", ""packet"": 15, ""rank"": 5, ""answer"": ""INVALID"", ""reported"": true, ""response"": ""VALID"", ""correct"": false, ""correct_lenient"": false, ""answer_migrated"": true}]",5,0,0.4,24.0,True,False,False,False,False,1.0,0.0,False,"<Thinking>
Packet 04 is Task OBELISK: The statements can be analyzed as follows. Some snicks are yar
</Thinking>
<Final_Answers>
- Task OBELISK: VALID
- Task METRONOME: INVALID
- Task PYRAMID: VALID
- Task GONDOLA: ROMEO OSCAR ECHO
- Task VOLCANO: VALID
</Final_Answers>",qwen2.5:7b,7.0,Qwen2.5,97.0
5,non-ordered,False,True,24.0,,,,,semantic_4,cot,13,3,GARGOYLE,"[3, 10, 13, 14, 15]",0.0,1024,512.0,2135,3,TANGO ALPHA YANKEE,,,,0,True,True,True,0.5,"[{""name"": ""SCARECROW"", ""kind"": ""load"", ""packet"": 3, ""rank"": 1, ""answer"": ""R"", ""reported"": true, ""response"": ""T"", ""correct"": false, ""correct_lenient"": false, ""answer_migrated"": false}, {""name"": ""KETTLE"", ""kind"": ""load"", ""packet"": 10, ""rank"": 2, ""answer"": ""INVALID"", ""reported"": true, ""response"": ""INVALID"", ""correct"": true, ""correct_lenient"": true, ""answer_migrated"": false}, {""name"": ""GARGOYLE"", ""kind"": ""passphrase"", ""packet"": 13, ""rank"": 3, ""answer"": ""TANGO ALPHA YANKEE"", ""reported"": true, ""response"": ""TANGO ALPHA YANKEE"", ""correct"": true, ""correct_lenient"": true, ""answer_migrated"": false}, {""name"": ""HEDGEHOG"", ""kind"": ""load"", ""packet"": 14, ""rank"": 4, ""answer"": ""W"", ""reported"": true, ""response"": ""V"", ""correct"": false, ""correct_lenient"": false, ""answer_migrated"": false}, {""name"": ""QUILT"", ""kind"": ""load"", ""packet"": 15, ""rank"": 5, ""answer"": ""INVALID"", ""reported"": true, ""response"": ""INVALID"", ""correct"": true, ""correct_lenient"": true, ""answer_migrated"": false}]",5,0,0.0,24.0,True,False,False,False,False,1.0,0.0,False,"<Thinking>
Packet 03 is Task SCARECROW: Analyzing the runners' order. Q > T, W >
</Thinking>
<Final_Answers>
- Task SCARECROW: T
- Task KETTLE: INVALID
- Task GARGOYLE: TANGO ALPHA YANKEE
- Task HEDGEHOG: V
- Task QUILT: INVALID
</Final_Answers>",qwen2.5:7b,7.0,Qwen2.5,97.0
5,non-ordered,False,True,24.0,,,,,semantic_4,cot,10,4,PLATYPUS,"[7, 8, 9, 10, 15]",0.0,1024,512.0,3135,3,NOVEMBER SIERRA ROMEO,,,,0,True,True,True,0.5,"[{""name"": ""OBELISK"", ""kind"": ""load"", ""packet"": 7, ""rank"": 1, ""answer"": ""INVALID"", ""reported"": true, ""response"": ""INVALID"", ""correct"": true, ""correct_lenient"": true, ""answer_migrated"": false}, {""name"": ""WALNUT"", ""kind"": ""load"", ""packet"": 8, ""rank"": 2, ""answer"": ""INVALID"", ""reported"": true, ""response"": ""VALID"", ""correct"": false, ""correct_lenient"": false, ""answer_migrated"": true}, {""name"": ""CACTUS"", ""kind"": ""load"", ""packet"": 9, ""rank"": 3, ""answer"": ""VALID"", ""reported"": true, ""response"": ""VALID"", ""correct"": true, ""correct_lenient"": true, ""answer_migrated"": false}, {""name"": ""PLATYPUS"", ""kind"": ""passphrase"", ""packet"": 10, ""rank"": 4, ""answer"": ""NOVEMBER SIERRA ROMEO"", ""reported"": true, ""response"": ""NOVEMBER SIERRA ROMEO"", ""correct"": true, ""correct_lenient"": true, ""answer_migrated"": false}, {""name"": ""HAMMOCK"", ""kind"": ""load"", ""packet"": 15, ""rank"": 5, ""answer"": ""INVALID"", ""reported"": true, ""response"": ""VALID"", ""correct"": false, ""correct_lenient"": false, ""answer_migrated"": true}]",5,0,0.4,24.0,True,False,False,False,False,1.0,0.0,False,"<Thinking>
Packet 07 is Task OBELISK: Let's analyze this step by step. Some vrils are woz
</Thinking>
<Final_Answers>
- Task OBELISK: INVALID
- Task WALNUT: VALID
- Task CACTUS: VALID
- Task PLATYPUS: NOVEMBER SIERRA ROMEO
- Task HAMMOCK: VALID
</Final_Answers>",qwen2.5:7b,7.0,Qwen2.5,97.0
5,non-ordered,False,True,24.0,,,,,semantic_4,cot,8,4,URCHIN,"[1, 3, 6, 8, 11]",0.0,1024,512.0,4135,3,INDIA WHISKEY VICTOR,,,,0,True,True,True,0.75,"[{""name"": ""QUILT"", ""kind"": ""load"", ""packet"": 1, ""rank"": 1, ""answer"": ""YES"", ""reported"": true, ""response"": ""YES"", ""correct"": true, ""correct_lenient"": true, ""answer_migrated"": false}, {""name"": ""VOLCANO"", ""kind"": ""load"", ""packet"": 3, ""rank"": 2, ""answer"": ""INVALID"", ""reported"": true, ""response"": ""VALID"", ""correct"": false, ""correct_lenient"": false, ""answer_migrated"": false}, {""name"": ""TROMBONE"", ""kind"": ""load"", ""packet"": 6, ""rank"": 3, ""answer"": ""YES"", ""reported"": true, ""response"": ""YES"", ""correct"": true, ""correct_lenient"": true, ""answer_migrated"": false}, {""name"": ""URCHIN"", ""kind"": ""passphrase"", ""packet"": 8, ""rank"": 4, ""answer"": ""INDIA WHISKEY VICTOR"", ""reported"": true, ""response"": ""INDIA WHISKEY VICTOR"", ""correct"": true, ""correct_lenient"": true, ""answer_migrated"": false}, {""name"": ""ORIGAMI"", ""kind"": ""load"", ""packet"": 11, ""rank"": 5, ""answer"": ""INVALID"", ""reported"": true, ""response"": ""INVALID"", ""correct"": true, ""correct_lenient"": true, ""answer_migrated"": false}]",5,0,0.0,24.0,True,False,False,False,False,1.0,0.0,False,"<Thinking>
Packet 01 is Task QUILT: Leo < Frank < Kira < Iris < Hank < Nick. Since K
</Thinking>
<Final_Answers>
- Task QUILT: YES
- Task VOLCANO: VALID
- Task TROMBONE: YES
- Task URCHIN: INDIA WHISKEY VICTOR
- Task ORIGAMI: INVALID
</Final_Answers>",qwen2.5:7b,7.0,Qwen2.5,97.0
5,non-ordered,False,True,24.0,,,,,semantic_4,cot,5,4,TAPESTRY,"[1, 2, 3, 5, 13]",0.0,1024,512.0,5135,3,INDIA HOTEL QUEBEC,,,,0,True,True,True,0.25,"[{""name"": ""FLAMINGO"", ""kind"": ""load"", ""packet"": 1, ""rank"": 1, ""answer"": ""YES"", ""reported"": true, ""response"": ""YES"", ""correct"": true, ""correct_lenient"": true, ""answer_migrated"": false}, {""name"": ""DANDELION"", ""kind"": ""load"", ""packet"": 2, ""rank"": 2, ""answer"": ""P"", ""reported"": true, ""response"": ""Q"", ""correct"": false, ""correct_lenient"": false, ""answer_migrated"": false}, {""name"": ""YOGURT"", ""kind"": ""load"", ""packet"": 3, ""rank"": 3, ""answer"": ""VALID"", ""reported"": true, ""response"": ""INVALID"", ""correct"": false, ""correct_lenient"": false, ""answer_migrated"": false}, {""name"": ""TAPESTRY"", ""kind"": ""passphrase"", ""packet"": 5, ""rank"": 4, ""answer"": ""INDIA HOTEL QUEBEC"", ""reported"": true, ""response"": ""INDIA HOTEL QUEBEC"", ""correct"": true, ""correct_lenient"": true, ""answer_migrated"": false}, {""name"": ""WALNUT"", ""kind"": ""load"", ""packet"": 13, ""rank"": 5, ""answer"": ""YES"", ""reported"": true, ""response"": ""NO"", ""correct"": false, ""correct_lenient"": false, ""answer_migrated"": false}]",5,0,0.0,24.0,True,False,False,False,False,1.0,0.0,False,"<Thinking>
Packet 01 is Task FLAMINGO: If Olive is older than Mona, and Mona is older than Dave
</Thinking>
<Final_Answers>
- Task FLAMINGO: YES
- Task DANDELION: Q
- Task YOGURT: INVALID
- Task TAPESTRY: INDIA HOTEL QUEBEC
- Task WALNUT: NO
</Final_Answers>",qwen2.5:7b,7.0,Qwen2.5,97.0
5,non-ordered,False,True,24.0,,,,,semantic_4,cot,8,2,OBELISK,"[2, 8, 10, 14, 15]",0.0,1024,512.0,6135,3,ALPHA CHARLIE BRAVO,,,,0,True,True,True,0.25,"[{""name"": ""MONGOOSE"", ""kind"": ""load"", ""packet"": 2, ""rank"": 1, ""answer"": ""R"", ""reported"": true, ""response"": ""T"", ""correct"": false, ""correct_lenient"": false, ""answer_migrated"": false}, {""name"": ""OBELISK"", ""kind"": ""passphrase"", ""packet"": 8, ""rank"": 2, ""answer"": ""ALPHA CHARLIE BRAVO"", ""reported"": true, ""response"": ""ALPHA CHARLIE BRAVO"", ""correct"": true, ""correct_lenient"": true, ""answer_migrated"": false}, {""name"": ""XYLOPHONE"", ""kind"": ""load"", ""packet"": 10, ""rank"": 3, ""answer"": ""INVALID"", ""reported"": true, ""response"": ""INVALID"", ""correct"": true, ""correct_lenient"": true, ""answer_migrated"": false}, {""name"": ""KAYAK"", ""kind"": ""load"", ""packet"": 14, ""rank"": 4, ""answer"": ""INVALID"", ""reported"": true, ""response"": ""VALID"", ""correct"": false, ""correct_lenient"": false, ""answer_migrated"": false}, {""name"": ""PORCUPINE"", ""kind"": ""load"", ""packet"": 15, ""rank"": 5, ""answer"": ""INVALID"", ""reported"": true, ""response"": ""VALID"", ""correct"": false, ""correct_lenient"": false, ""answer_migrated"": false}]",5,0,0.0,24.0,True,False,False,False,False,1.0,0.0,False,"<Thinking>
Packet 02 is Task MONGOOSE: We need to determine who finished second based on the given order. Q
</Thinking>
<Final_Answers>
- Task MONGOOSE: T
- Task OBELISK: ALPHA CHARLIE BRAVO
- Task XYLOPHONE: INVALID
- Task KAYAK: VALID
- Task PORCUPINE: VALID
</Final_Answers>",qwen2.5:7b,7.0,Qwen2.5,97.0
5,non-ordered,False,True,24.0,,,,,semantic_4,cot,8,4,METRONOME,"[1, 5, 7, 8, 11]",0.0,1024,512.0,7135,3,XRAY KILO FOXTROT,,,,0,True,True,True,0.25,"[{""name"": ""MARBLE"", ""kind"": ""load"", ""packet"": 1, ""rank"": 1, ""answer"": ""INVALID"", ""reported"": true, ""response"": ""INVALID"", ""correct"": true, ""correct_lenient"": true, ""answer_migrated"": false}, {""name"": ""VOLCANO"", ""kind"": ""load"", ""packet"": 5, ""rank"": 2, ""answer"": ""INVALID"", ""reported"": true, ""response"": ""VALID"", ""correct"": false, ""correct_lenient"": false, ""answer_migrated"": false}, {""name"": ""KAYAK"", ""kind"": ""load"", ""packet"": 7, ""rank"": 3, ""answer"": ""INVALID"", ""reported"": true, ""response"": ""VALID"", ""correct"": false, ""correct_lenient"": false, ""answer_migrated"": false}, {""name"": ""METRONOME"", ""kind"": ""passphrase"", ""packet"": 8, ""rank"": 4, ""answer"": ""XRAY KILO FOXTROT"", ""reported"": true, ""response"": ""XRAY KILO FOXTROT"", ""correct"": true, ""correct_lenient"": true, ""answer_migrated"": false}, {""name"": ""JIGSAW"", ""kind"": ""load"", ""packet"": 11, ""rank"": 5, ""answer"": ""R"", ""reported"": true, ""response"": ""W"", ""correct"": false, ""correct_lenient"": false, ""answer_migrated"": false}]",5,0,0.0,24.0,True,False,False,False,False,1.0,0.0,False,"<Thinking>
Packet 01 is Task MARBLE: The argument forms a syllogism but does not establish that all p
</Thinking>
<Final_Answers>
- Task MARBLE: INVALID
- Task VOLCANO: VALID
- Task KAYAK: VALID
- Task METRONOME: XRAY KILO FOXTROT
- Task JIGSAW: W
</Final_Answers>",qwen2.5:7b,7.0,Qwen2.5,97.0
5,non-ordered,True,True,24.0,,,,,semantic_4,cot,13,5,PYRAMID,"[5, 8, 10, 11, 13]",0.0,1024,512.0,135,3,VICTOR LIMA UNIFORM,,,,0,True,True,True,0.75,"[{""name"": ""MONGOOSE"", ""kind"": ""load"", ""packet"": 5, ""rank"": 1, ""answer"": ""VALID"", ""reported"": true, ""response"": ""INVALID"", ""correct"": false, ""correct_lenient"": false, ""answer_migrated"": false}, {""name"": ""NUTMEG"", ""kind"": ""load"", ""packet"": 8, ""rank"": 2, ""answer"": ""VALID"", ""reported"": true, ""response"": ""VALID"", ""correct"": true, ""correct_lenient"": true, ""answer_migrated"": false}, {""name"": ""EMERALD"", ""kind"": ""load"", ""packet"": 10, ""rank"": 3, ""answer"": ""VALID"", ""reported"": true, ""response"": ""VALID"", ""correct"": true, ""correct_lenient"": true, ""answer_migrated"": false}, {""name"": ""JIGSAW"", ""kind"": ""load"", ""packet"": 11, ""rank"": 4, ""answer"": ""VALID"", ""reported"": true, ""response"": ""VALID"", ""correct"": true, ""correct_lenient"": true, ""answer_migrated"": false}, {""name"": ""PYRAMID"", ""kind"": ""passphrase"", ""packet"": 13, ""rank"": 5, ""answer"": ""VICTOR LIMA UNIFORM"", ""reported"": true, ""response"": ""VICTOR LIMA UNIFORM"", ""correct"": true, ""correct_lenient"": true, ""answer_migrated"": false}]",5,0,0.0,24.0,True,False,False,False,False,1.0,0.0,False,"<Thinking>
Packet 05 is Task MONGOOSE: The statements can be analyzed as follows. All trils are frans
</Thinking>
<Final_Answers>
- Task MONGOOSE: INVALID
- Task NUTMEG: VALID
- Task EMERALD: VALID
- Task JIGSAW: VALID
- Task PYRAMID: VICTOR LIMA UNIFORM
</Final_Answers>",qwen2.5:7b,7.0,Qwen2.5,97.0
5,non-ordered,True,True,24.0,,,,,semantic_4,cot,15,5,GONDOLA,"[4, 5, 9, 10, 15]",0.0,1024,512.0,1135,3,ROMEO OSCAR ECHO,,,,0,True,True,True,0.25,"[{""name"": ""ICEBERG"", ""kind"": ""load"", ""packet"": 4, ""rank"": 1, ""answer"": ""INVALID"", ""reported"": true, ""response"": ""VALID"", ""correct"": false, ""correct_lenient"": false, ""answer_migrated"": true}, {""name"": ""OBELISK"", ""kind"": ""load"", ""packet"": 5, ""rank"": 2, ""answer"": ""VALID"", ""reported"": true, ""response"": ""INVALID"", ""correct"": false, ""correct_lenient"": false, ""answer_migrated"": true}, {""name"": ""METRONOME"", ""kind"": ""load"", ""packet"": 9, ""rank"": 3, ""answer"": ""VALID"", ""reported"": true, ""response"": ""INVALID"", ""correct"": false, ""correct_lenient"": false, ""answer_migrated"": true}, {""name"": ""PYRAMID"", ""kind"": ""load"", ""packet"": 10, ""rank"": 4, ""answer"": ""VALID"", ""reported"": true, ""response"": ""VALID"", ""correct"": true, ""correct_lenient"": true, ""answer_migrated"": false}, {""name"": ""GONDOLA"", ""kind"": ""passphrase"", ""packet"": 15, ""rank"": 5, ""answer"": ""ROMEO OSCAR ECHO"", ""reported"": true, ""response"": ""ROMEO OSCAR ECHO"", ""correct"": true, ""correct_lenient"": true, ""answer_migrated"": false}]",5,0,0.6,24.0,True,False,False,False,False,1.0,0.0,False,"<Thinking>
Packet 04 is Task ICEBERG: Let's analyze the statements step by step. Some wumps are sn
</Thinking>
<Final_Answers>
- Task ICEBERG: VALID
- Task OBELISK: INVALID
- Task METRONOME: INVALID
- Task PYRAMID: VALID
- Task GONDOLA: ROMEO OSCAR ECHO
</Final_Answers>",qwen2.5:7b,7.0,Qwen2.5,97.0
5,non-ordered,True,True,24.0,,,,,semantic_4,cot,15,5,HEDGEHOG,"[3, 10, 13, 14, 15]",0.0,1024,512.0,2135,3,TANGO ALPHA YANKEE,,,,0,True,True,True,0.0,"[{""name"": ""HAMMOCK"", ""kind"": ""load"", ""packet"": 3, ""rank"": 1, ""answer"": ""VALID"", ""reported"": true, ""response"": ""INVALID"", ""correct"": false, ""correct_lenient"": false, ""answer_migrated"": true}, {""name"": ""SCARECROW"", ""kind"": ""load"", ""packet"": 10, ""rank"": 2, ""answer"": ""R"", ""reported"": true, ""response"": ""T"", ""correct"": false, ""correct_lenient"": false, ""answer_migrated"": false}, {""name"": ""KETTLE"", ""kind"": ""load"", ""packet"": 13, ""rank"": 3, ""answer"": ""INVALID"", ""reported"": true, ""response"": ""VALID"", ""correct"": false, ""correct_lenient"": false, ""answer_migrated"": true}, {""name"": ""GARGOYLE"", ""kind"": ""load"", ""packet"": 14, ""rank"": 4, ""answer"": ""W"", ""reported"": true, ""response"": ""V"", ""correct"": false, ""correct_lenient"": false, ""answer_migrated"": false}, {""name"": ""HEDGEHOG"", ""kind"": ""passphrase"", ""packet"": 15, ""rank"": 5, ""answer"": ""TANGO ALPHA YANKEE"", ""reported"": true, ""response"": ""TANGO ALPHA YANKEE"", ""correct"": true, ""correct_lenient"": true, ""answer_migrated"": false}]",5,0,0.4,24.0,True,False,False,False,False,1.0,0.0,False,"<Thinking>
Packet 03 is Task HAMMOCK: The statement ""All snicks are trels. All trels
</Thinking>
<Final_Answers>
- Task HAMMOCK: INVALID
- Task SCARECROW: T
- Task KETTLE: VALID
- Task GARGOYLE: V
- Task HEDGEHOG: TANGO ALPHA YANKEE
</Final_Answers>",qwen2.5:7b,7.0,Qwen2.5,97.0
5,non-ordered,True,True,24.0,,,,,semantic_4,cot,15,5,PLATYPUS,"[7, 8, 9, 10, 15]",0.0,1024,512.0,3135,3,NOVEMBER SIERRA ROMEO,,,,0,True,True,True,0.5,"[{""name"": ""WOMBAT"", ""kind"": ""load"", ""packet"": 7, ""rank"": 1, ""answer"": ""INVALID"", ""reported"": true, ""response"": ""INVALID"", ""correct"": true, ""correct_lenient"": true, ""answer_migrated"": false}, {""name"": ""OBELISK"", ""kind"": ""load"", ""packet"": 8, ""rank"": 2, ""answer"": ""INVALID"", ""reported"": true, ""response"": ""VALID"", ""correct"": false, ""correct_lenient"": false, ""answer_migrated"": true}, {""name"": ""WALNUT"", ""kind"": ""load"", ""packet"": 9, ""rank"": 3, ""answer"": ""INVALID"", ""reported"": true, ""response"": ""VALID"", ""correct"": false, ""correct_lenient"": false, ""answer_migrated"": true}, {""name"": ""CACTUS"", ""kind"": ""load"", ""packet"": 10, ""rank"": 4, ""answer"": ""VALID"", ""reported"": true, ""response"": ""VALID"", ""correct"": true, ""correct_lenient"": true, ""answer_migrated"": false}, {""name"": ""PLATYPUS"", ""kind"": ""passphrase"", ""packet"": 15, ""rank"": 5, ""answer"": ""NOVEMBER SIERRA ROMEO"", ""reported"": true, ""response"": ""NOVEMBER SIERRA ROMEO"", ""correct"": true, ""correct_lenient"": true, ""answer_migrated"": false}]",5,0,0.4,24.0,True,False,False,False,False,1.0,0.0,False,"<Thinking>
Packet 07 is Task WOMBAT: Let's analyze this step by step. If all drovs are p
</Thinking>
<Final_Answers>
- Task WOMBAT: INVALID
- Task OBELISK: VALID
- Task WALNUT: VALID
- Task CACTUS: VALID
- Task PLATYPUS: NOVEMBER SIERRA ROMEO
</Final_Answers>",qwen2.5:7b,7.0,Qwen2.5,97.0
5,non-ordered,True,True,24.0,,,,,semantic_4,cot,11,5,URCHIN,"[1, 3, 6, 8, 11]",0.0,1024,512.0,4135,3,INDIA WHISKEY VICTOR,,,,0,True,True,True,0.75,"[{""name"": ""ICEBERG"", ""kind"": ""load"", ""packet"": 1, ""rank"": 1, ""answer"": ""INVALID"", ""reported"": true, ""response"": ""INVALID"", ""correct"": true, ""correct_lenient"": true, ""answer_migrated"": false}, {""name"": ""QUILT"", ""kind"": ""load"", ""packet"": 3, ""rank"": 2, ""answer"": ""YES"", ""reported"": true, ""response"": ""YES"", ""correct"": true, ""correct_lenient"": true, ""answer_migrated"": false}, {""name"": ""VOLCANO"", ""kind"": ""load"", ""packet"": 6, ""rank"": 3, ""answer"": ""INVALID"", ""reported"": true, ""response"": ""VALID"", ""correct"": false, ""correct_lenient"": false, ""answer_migrated"": false}, {""name"": ""TROMBONE"", ""kind"": ""load"", ""packet"": 8, ""rank"": 4, ""answer"": ""YES"", ""reported"": true, ""response"": ""YES"", ""correct"": true, ""correct_lenient"": true, ""answer_migrated"": false}, {""name"": ""URCHIN"", ""kind"": ""passphrase"", ""packet"": 11, ""rank"": 5, ""answer"": ""INDIA WHISKEY VICTOR"", ""reported"": true, ""response"": ""INDIA WHISKEY VICTOR"", ""correct"": true, ""correct_lenient"": true, ""answer_migrated"": false}]",5,0,0.0,24.0,True,False,False,False,False,1.0,0.0,False,"<Thinking>
Packet 01 is Task ICEBERG: The statement does not provide enough information to conclude that no morks are
</Thinking>
<Final_Answers>
- Task ICEBERG: INVALID
- Task QUILT: YES
- Task VOLCANO: VALID
- Task TROMBONE: YES
- Task URCHIN: INDIA WHISKEY VICTOR
- Task ICEBERG: INVALID
</Final_Answers>",qwen2.5:7b,7.0,Qwen2.5,97.0
5,non-ordered,True,True,24.0,,,,,semantic_4,cot,13,5,TAPESTRY,"[1, 2, 3, 5, 13]",0.0,1024,512.0,5135,3,INDIA HOTEL QUEBEC,,,,0,True,True,True,0.5,"[{""name"": ""EMERALD"", ""kind"": ""load"", ""packet"": 1, ""rank"": 1, ""answer"": ""VALID"", ""reported"": true, ""response"": ""INVALID"", ""correct"": false, ""correct_lenient"": false, ""answer_migrated"": false}, {""name"": ""FLAMINGO"", ""kind"": ""load"", ""packet"": 2, ""rank"": 2, ""answer"": ""YES"", ""reported"": true, ""response"": ""YES"", ""correct"": true, ""correct_lenient"": true, ""answer_migrated"": false}, {""name"": ""DANDELION"", ""kind"": ""load"", ""packet"": 3, ""rank"": 3, ""answer"": ""P"", ""reported"": true, ""response"": ""Q"", ""correct"": false, ""correct_lenient"": false, ""answer_migrated"": false}, {""name"": ""YOGURT"", ""kind"": ""load"", ""packet"": 5, ""rank"": 4, ""answer"": ""VALID"", ""reported"": true, ""response"": ""VALID"", ""correct"": true, ""correct_lenient"": true, ""answer_migrated"": false}, {""name"": ""TAPESTRY"", ""kind"": ""passphrase"", ""packet"": 13, ""rank"": 5, ""answer"": ""INDIA HOTEL QUEBEC"", ""reported"": true, ""response"": ""INDIA HOTEL QUEBEC"", ""correct"": true, ""correct_lenient"": true, ""answer_migrated"": false}]",5,0,0.0,24.0,True,False,False,False,False,1.0,0.0,False,"<Thinking>
Packet 01 is Task EMERALD: The statements can be analyzed as follows. All trils are frans
</Thinking>
<Final_Answers>
- Task EMERALD: INVALID
- Task FLAMINGO: YES
- Task DANDELION: Q
- Task YOGURT: VALID
- Task TAPESTRY: INDIA HOTEL QUEBEC
</Final_Answers>",qwen2.5:7b,7.0,Qwen2.5,97.0
5,non-ordered,True,True,24.0,,,,,semantic_4,cot,15,5,KAYAK,"[2, 8, 10, 14, 15]",0.0,1024,512.0,6135,3,ALPHA CHARLIE BRAVO,,,,0,True,True,True,0.5,"[{""name"": ""CARNIVAL"", ""kind"": ""load"", ""packet"": 2, ""rank"": 1, ""answer"": ""YES"", ""reported"": true, ""response"": ""NO"", ""correct"": false, ""correct_lenient"": false, ""answer_migrated"": false}, {""name"": ""MONGOOSE"", ""kind"": ""load"", ""packet"": 8, ""rank"": 2, ""answer"": ""R"", ""reported"": true, ""response"": ""V"", ""correct"": false, ""correct_lenient"": false, ""answer_migrated"": false}, {""name"": ""OBELISK"", ""kind"": ""load"", ""packet"": 10, ""rank"": 3, ""answer"": ""INVALID"", ""reported"": true, ""response"": ""INVALID"", ""correct"": true, ""correct_lenient"": true, ""answer_migrated"": false}, {""name"": ""XYLOPHONE"", ""kind"": ""load"", ""packet"": 14, ""rank"": 4, ""answer"": ""INVALID"", ""reported"": true, ""response"": ""INVALID"", ""correct"": true, ""correct_lenient"": true, ""answer_migrated"": false}, {""name"": ""KAYAK"", ""kind"": ""passphrase"", ""packet"": 15, ""rank"": 5, ""answer"": ""ALPHA CHARLIE BRAVO"", ""reported"": true, ""response"": ""ALPHA CHARLIE BRAVO"", ""correct"": true, ""correct_lenient"": true, ""answer_migrated"": false}]",5,0,0.0,24.0,True,False,False,False,False,1.0,0.0,False,"<Thinking>
Packet 02 is Task CARNIVAL: Eve is lighter than Hank and Hank is heavier than Nick. Therefore,
</Thinking>
<Final_Answers>
- Task CARNIVAL: NO
- Task MONGOOSE: V
- Task OBELISK: INVALID
- Task XYLOPHONE: INVALID
- Task KAYAK: ALPHA CHARLIE BRAVO
I found 4 tasks in this stream.
</Final_Answers>",qwen2.5:7b,7.0,Qwen2.5,97.0
5,non-ordered,True,True,24.0,,,,,semantic_4,cot,11,5,METRONOME,"[1, 5, 7, 8, 11]",0.0,1024,512.0,7135,3,XRAY KILO FOXTROT,,,,0,True,True,True,0.0,"[{""name"": ""DUMPLING"", ""kind"": ""load"", ""packet"": 1, ""rank"": 1, ""answer"": ""VALID"", ""reported"": true, ""response"": ""INVALID"", ""correct"": false, ""correct_lenient"": false, ""answer_migrated"": true}, {""name"": ""MARBLE"", ""kind"": ""load"", ""packet"": 5, ""rank"": 2, ""answer"": ""INVALID"", ""reported"": true, ""response"": ""VALID"", ""correct"": false, ""correct_lenient"": false, ""answer_migrated"": true}, {""name"": ""VOLCANO"", ""kind"": ""load"", ""packet"": 7, ""rank"": 3, ""answer"": ""INVALID"", ""reported"": true, ""response"": ""VALID"", ""correct"": false, ""correct_lenient"": false, ""answer_migrated"": true}, {""name"": ""KAYAK"", ""kind"": ""load"", ""packet"": 8, ""rank"": 4, ""answer"": ""INVALID"", ""reported"": true, ""response"": ""VALID"", ""correct"": false, ""correct_lenient"": false, ""answer_migrated"": true}, {""name"": ""METRONOME"", ""kind"": ""passphrase"", ""packet"": 11, ""rank"": 5, ""answer"": ""XRAY KILO FOXTROT"", ""reported"": true, ""response"": ""XRAY KILO FOXTROT"", ""correct"": true, ""correct_lenient"": true, ""answer_migrated"": false}]",5,0,0.8,24.0,True,False,False,False,False,1.0,0.0,False,"<Thinking>
Packet 01 is Task DUMPLING: The statements given do not provide enough information to conclude that no tren
</Thinking>
<Final_Answers>
- Task DUMPLING: INVALID
- Task MARBLE: VALID
- Task VOLCANO: VALID
- Task KAYAK: VALID
- Task METRONOME: XRAY KILO FOXTROT
</Final_Answers>",qwen2.5:7b,7.0,Qwen2.5,97.0
5,non-ordered,False,True,48.0,,,,,trivial,cot,4,1,RASPBERRY,"[4, 6, 10, 11, 14]",0.0,1024,512.0,114,3,HOTEL SIERRA DELTA,,,,0,True,True,True,1.0,"[{""name"": ""RASPBERRY"", ""kind"": ""passphrase"", ""packet"": 4, ""rank"": 1, ""answer"": ""HOTEL SIERRA DELTA"", ""reported"": true, ""response"": ""HOTEL SIERRA DELTA"", ""correct"": true, ""correct_lenient"": true, ""answer_migrated"": false}, {""name"": ""NECTARINE"", ""kind"": ""load"", ""packet"": 6, ""rank"": 2, ""answer"": ""STORM"", ""reported"": true, ""response"": ""STORM"", ""correct"": true, ""correct_lenient"": true, ""answer_migrated"": false}, {""name"": ""PLATYPUS"", ""kind"": ""load"", ""packet"": 10, ""rank"": 3, ""answer"": ""BROWN"", ""reported"": true, ""response"": ""BROWN"", ""correct"": true, ""correct_lenient"": true, ""answer_migrated"": false}, {""name"": ""INKWELL"", ""kind"": ""load"", ""packet"": 11, ""rank"": 4, ""answer"": ""LAKE"", ""reported"": true, ""response"": ""LAKE"", ""correct"": true, ""correct_lenient"": true, ""answer_migrated"": false}, {""name"": ""KAYAK"", ""kind"": ""load"", ""packet"": 14, ""rank"": 5, ""answer"": ""FINCH"", ""reported"": true, ""response"": ""FINCH"", ""correct"": true, ""correct_lenient"": true, ""answer_migrated"": false}]",5,0,0.0,48.0,True,False,False,False,True,2.0,0.0,False,"<Thinking>
Packet 04 is Task RASPBERRY: I must copy the three words HOTEL SIERRA DELTA. Packet 06 is Task NECTARINE: This task is trivial and reports the word STORM as its
</Thinking>
<Final_Answers>
- Task RASPBERRY: HOTEL SIERRA DELTA
- Task NECTARINE: STORM
- Task PLATYPUS: BROWN
- Task INKWELL: LAKE
- Task KAYAK: FINCH
</Final_Answers>",qwen2.5:7b,7.0,Qwen2.5,97.0
5,non-ordered,False,True,48.0,,,,,trivial,cot,14,5,CENTIPEDE,"[8, 10, 11, 12, 14]",0.0,1024,512.0,1114,3,QUEBEC INDIA OSCAR,,,,0,True,True,True,1.0,"[{""name"": ""METRONOME"", ""kind"": ""load"", ""packet"": 8, ""rank"": 1, ""answer"": ""RICE"", ""reported"": true, ""response"": ""RICE"", ""correct"": true, ""correct_lenient"": true, ""answer_migrated"": false}, {""name"": ""CATAPULT"", ""kind"": ""load"", ""packet"": 10, ""rank"": 2, ""answer"": ""SPOON"", ""reported"": true, ""response"": ""SPOON"", ""correct"": true, ""correct_lenient"": true, ""answer_migrated"": false}, {""name"": ""LANTERN"", ""kind"": ""load"", ""packet"": 11, ""rank"": 3, ""answer"": ""CHERRY"", ""reported"": true, ""response"": ""CHERRY"", ""correct"": true, ""correct_lenient"": true, ""answer_migrated"": false}, {""name"": ""DAFFODIL"", ""kind"": ""load"", ""packet"": 12, ""rank"": 4, ""answer"": ""PLATE"", ""reported"": true, ""response"": ""PLATE"", ""correct"": true, ""correct_lenient"": true, ""answer_migrated"": false}, {""name"": ""CENTIPEDE"", ""kind"": ""passphrase"", ""packet"": 14, ""rank"": 5, ""answer"": ""QUEBEC INDIA OSCAR"", ""reported"": true, ""response"": ""QUEBEC INDIA OSCAR"", ""correct"": true, ""correct_lenient"": true, ""answer_migrated"": false}]",5,0,0.0,48.0,True,False,False,False,False,3.0,1.0,False,"<Thinking>
Packet 08 is Task METRONOME: report RICE as the result. Packet 09 and 13 are not tasks. Packet 10 is Task CATAPULT: report SPOON as the result. Packet
</Thinking>
<Final_Answers>
- Task METRONOME: RICE
- Task CATAPULT: SPOON
- Task LANTERN: CHERRY
- Task DAFFODIL: PLATE
- Task CENTIPEDE: QUEBEC INDIA OSCAR
</Final_Answers>",qwen2.5:7b,7.0,Qwen2.5,97.0
5,non-ordered,False,True,48.0,,,,,trivial,cot,4,1,YOGURT,"[4, 5, 8, 9, 15]",0.0,1024,512.0,2114,3,HOTEL GOLF VICTOR,,,,0,True,True,True,1.0,"[{""name"": ""YOGURT"", ""kind"": ""passphrase"", ""packet"": 4, ""rank"": 1, ""answer"": ""HOTEL GOLF VICTOR"", ""reported"": true, ""response"": ""HOTEL GOLF VICTOR"", ""correct"": true, ""correct_lenient"": true, ""answer_migrated"": false}, {""name"": ""EGGPLANT"", ""kind"": ""load"", ""packet"": 5, ""rank"": 2, ""answer"": ""BEAR"", ""reported"": true, ""response"": ""BEAR"", ""correct"": true, ""correct_lenient"": true, ""answer_migrated"": false}, {""name"": ""PISTACHIO"", ""kind"": ""load"", ""packet"": 8, ""rank"": 3, ""answer"": ""MAROON"", ""reported"": true, ""response"": ""MAROON"", ""correct"": true, ""correct_lenient"": true, ""answer_migrated"": false}, {""name"": ""QUARRY"", ""kind"": ""load"", ""packet"": 9, ""rank"": 4, ""answer"": ""VIOLET"", ""reported"": true, ""response"": ""VIOLET"", ""correct"": true, ""correct_lenient"": true, ""answer_migrated"": false}, {""name"": ""TROMBONE"", ""kind"": ""load"", ""packet"": 15, ""rank"": 5, ""answer"": ""DUCK"", ""reported"": true, ""response"": ""DUCK"", ""correct"": true, ""correct_lenient"": true, ""answer_migrated"": false}]",5,0,0.0,48.0,True,False,False,False,True,2.0,0.0,False,"<Thinking>
Packet 04 is Task YOGURT: I must copy the three words HOTEL GOLF VICTOR. Packet 05 is Task EGGPLANT: The task is to report the word BEAR as the result.
</Thinking>
<Final_Answers>
- Task YOGURT: HOTEL GOLF VICTOR
- Task EGGPLANT: BEAR
- Task PISTACHIO: MAROON
- Task QUARRY: VIOLET
- Task TROMBONE: DUCK
</Final_Answers>",qwen2.5:7b,7.0,Qwen2.5,97.0
5,non-ordered,False,True,48.0,,,,,trivial,cot,11,4,SAXOPHONE,"[5, 7, 8, 11, 13]",0.0,1024,512.0,3114,3,HOTEL INDIA ROMEO,,,,0,True,True,True,1.0,"[{""name"": ""PARSNIP"", ""kind"": ""load"", ""packet"": 5, ""rank"": 1, ""answer"": ""CAT"", ""reported"": true, ""response"": ""CAT"", ""correct"": true, ""correct_lenient"": true, ""answer_migrated"": false}, {""name"": ""PELICAN"", ""kind"": ""load"", ""packet"": 7, ""rank"": 2, ""answer"": ""ONION"", ""reported"": true, ""response"": ""ONION"", ""correct"": true, ""correct_lenient"": true, ""answer_migrated"": false}, {""name"": ""DUMPLING"", ""kind"": ""load"", ""packet"": 8, ""rank"": 3, ""answer"": ""GRAPE"", ""reported"": true, ""response"": ""GRAPE"", ""correct"": true, ""correct_lenient"": true, ""answer_migrated"": false}, {""name"": ""SAXOPHONE"", ""kind"": ""passphrase"", ""packet"": 11, ""rank"": 4, ""answer"": ""HOTEL INDIA ROMEO"", ""reported"": true, ""response"": ""HOTEL INDIA ROMEO"", ""correct"": true, ""correct_lenient"": true, ""answer_migrated"": false}, {""name"": ""DAFFODIL"", ""kind"": ""load"", ""packet"": 13, ""rank"": 5, ""answer"": ""WALL"", ""reported"": true, ""response"": ""WALL"", ""correct"": true, ""correct_lenient"": true, ""answer_migrated"": false}]",5,0,0.0,48.0,True,False,False,False,False,3.0,0.0,False,"<Thinking>
Packet 05 is Task PARSNIP: report CAT as the result. Packet 07 is Task PELICAN: report ONION as the result. Packet 08 is Task DUMPLING: report GRA
</Thinking>
<Final_Answers>
- Task PARSNIP: CAT
- Task PELICAN: ONION
- Task DUMPLING: GRAPE
- Task SAXOPHONE: HOTEL INDIA ROMEO
- Task DAFFODIL: WALL
</Final_Answers>",qwen2.5:7b,7.0,Qwen2.5,97.0
5,non-ordered,False,True,48.0,,,,,trivial,cot,9,4,HAMMOCK,"[1, 2, 4, 9, 15]",0.0,1024,512.0,4114,3,ALPHA XRAY WHISKEY,,,,0,True,True,True,0.75,"[{""name"": ""UNICYCLE"", ""kind"": ""load"", ""packet"": 1, ""rank"": 1, ""answer"": ""WOLF"", ""reported"": true, ""response"": ""WOLF"", ""correct"": true, ""correct_lenient"": true, ""answer_migrated"": false}, {""name"": ""KUMQUAT"", ""kind"": ""load"", ""packet"": 2, ""rank"": 2, ""answer"": ""CRAB"", ""reported"": true, ""response"": ""CRAB"", ""correct"": true, ""correct_lenient"": true, ""answer_migrated"": false}, {""name"": ""GONDOLA"", ""kind"": ""load"", ""packet"": 4, ""rank"": 3, ""answer"": ""LAMP"", ""reported"": false, ""response"": null, ""correct"": false, ""correct_lenient"": false, ""answer_migrated"": false}, {""name"": ""HAMMOCK"", ""kind"": ""passphrase"", ""packet"": 9, ""rank"": 4, ""answer"": ""ALPHA XRAY WHISKEY"", ""reported"": true, ""response"": ""ALPHA XRAY WHISKEY"", ""correct"": true, ""correct_lenient"": true, ""answer_migrated"": false}, {""name"": ""WATERMELON"", ""kind"": ""load"", ""packet"": 15, ""rank"": 5, ""answer"": ""CARROT"", ""reported"": true, ""response"": ""CARROT"", ""correct"": true, ""correct_lenient"": true, ""answer_migrated"": false}]",4,0,0.0,48.0,True,False,False,False,False,3.0,0.0,False,"<Thinking>
Packet 01 is Task UNICYCLE: report WOLF as the result. Packet 02 is Task KUMQUAT: report CRAB as the result. Packet 09 is Task HAMMOCK: I must
</Thinking>
<Final_Answers>
- Task UNICYCLE: WOLF
- Task KUMQUAT: CRAB
- Task HAMMOCK: ALPHA XRAY WHISKEY
- Task WATERMELON: CARROT
</Final_Answers>",qwen2.5:7b,7.0,Qwen2.5,97.0
5,non-ordered,False,True,48.0,,,,,trivial,cot,4,1,JIGSAW,"[4, 10, 11, 12, 14]",0.0,1024,512.0,5114,3,GOLF QUEBEC OSCAR,,,,0,True,True,True,1.0,"[{""name"": ""JIGSAW"", ""kind"": ""passphrase"", ""packet"": 4, ""rank"": 1, ""answer"": ""GOLF QUEBEC OSCAR"", ""reported"": true, ""response"": ""GOLF QUEBEC OSCAR"", ""correct"": true, ""correct_lenient"": true, ""answer_migrated"": false}, {""name"": ""ORIGAMI"", ""kind"": ""load"", ""packet"": 10, ""rank"": 2, ""answer"": ""SEAL"", ""reported"": true, ""response"": ""SEAL"", ""correct"": true, ""correct_lenient"": true, ""answer_migrated"": false}, {""name"": ""QUICKSAND"", ""kind"": ""load"", ""packet"": 11, ""rank"": 3, ""answer"": ""TABLE"", ""reported"": true, ""response"": ""TABLE"", ""correct"": true, ""correct_lenient"": true, ""answer_migrated"": false}, {""name"": ""BLIZZARD"", ""kind"": ""load"", ""packet"": 12, ""rank"": 4, ""answer"": ""BLUE"", ""reported"": true, ""response"": ""BLUE"", ""correct"": true, ""correct_lenient"": true, ""answer_migrated"": false}, {""name"": ""BAGPIPE"", ""kind"": ""load"", ""packet"": 14, ""rank"": 5, ""answer"": ""BLACK"", ""reported"": true, ""response"": ""BLACK"", ""correct"": true, ""correct_lenient"": true, ""answer_migrated"": false}]",5,0,0.0,48.0,True,False,False,False,True,3.0,0.0,False,"<Thinking>
Packet 04 is Task JIGSAW: I must copy the three words GOLF QUEBEC OSCAR. Packet 10 is Task ORIGAMI: The result for this task is SEAL. Packet 11 is
</Thinking>
<Final_Answers>
- Task JIGSAW: GOLF QUEBEC OSCAR
- Task ORIGAMI: SEAL
- Task QUICKSAND: TABLE
- Task BLIZZARD: BLUE
- Task BAGPIPE: BLACK
</Final_Answers>",qwen2.5:7b,7.0,Qwen2.5,97.0
5,non-ordered,False,True,48.0,,,,,trivial,cot,14,5,ZIGZAG,"[7, 9, 11, 12, 14]",0.0,1024,512.0,6114,3,CHARLIE SIERRA ECHO,,,,0,True,True,True,1.0,"[{""name"": ""JIGSAW"", ""kind"": ""load"", ""packet"": 7, ""rank"": 1, ""answer"": ""CRAB"", ""reported"": true, ""response"": ""CRAB"", ""correct"": true, ""correct_lenient"": true, ""answer_migrated"": false}, {""name"": ""ZEPPELIN"", ""kind"": ""load"", ""packet"": 9, ""rank"": 2, ""answer"": ""LEMON"", ""reported"": true, ""response"": ""LEMON"", ""correct"": true, ""correct_lenient"": true, ""answer_migrated"": false}, {""name"": ""CACTUS"", ""kind"": ""load"", ""packet"": 11, ""rank"": 3, ""answer"": ""MAROON"", ""reported"": true, ""response"": ""MAROON"", ""correct"": true, ""correct_lenient"": true, ""answer_migrated"": false}, {""name"": ""HARMONICA"", ""kind"": ""load"", ""packet"": 12, ""rank"": 4, ""answer"": ""STONE"", ""reported"": true, ""response"": ""STONE"", ""correct"": true, ""correct_lenient"": true, ""answer_migrated"": false}, {""name"": ""ZIGZAG"", ""kind"": ""passphrase"", ""packet"": 14, ""rank"": 5, ""answer"": ""CHARLIE SIERRA ECHO"", ""reported"": true, ""response"": ""CHARLIE SIERRA ECHO"", ""correct"": true, ""correct_lenient"": true, ""answer_migrated"": false}]",5,0,0.0,48.0,True,False,False,False,False,3.0,0.0,False,"<Thinking>
Packet 07 is Task JIGSAW: The result for this task is CRAB. Packet 09 is Task ZEPPELIN: The result for this task is LEMON. Packet 11 is Task CACT
</Thinking>
<Final_Answers>
- Task JIGSAW: CRAB
- Task ZEPPELIN: LEMON
- Task CACTUS: MAROON
- Task HARMONICA: STONE
- Task ZIGZAG: CHARLIE SIERRA ECHO
</Final_Answers>",qwen2.5:7b,7.0,Qwen2.5,97.0
5,non-ordered,False,True,48.0,,,,,trivial,cot,3,2,UKULELE,"[2, 3, 6, 13, 15]",0.0,1024,512.0,7114,3,HOTEL PAPA FOXTROT,,,,0,True,True,True,1.0,"[{""name"": ""DAFFODIL"", ""kind"": ""load"", ""packet"": 2, ""rank"": 1, ""answer"": ""GARLIC"", ""reported"": true, ""response"": ""GARLIC"", ""correct"": true, ""correct_lenient"": true, ""answer_migrated"": false}, {""name"": ""UKULELE"", ""kind"": ""passphrase"", ""packet"": 3, ""rank"": 2, ""answer"": ""HOTEL PAPA FOXTROT"", ""reported"": true, ""response"": ""HOTEL PAPA FOXTROT"", ""correct"": true, ""correct_lenient"": true, ""answer_migrated"": false}, {""name"": ""VOLCANO"", ""kind"": ""load"", ""packet"": 6, ""rank"": 3, ""answer"": ""CYAN"", ""reported"": true, ""response"": ""CYAN"", ""correct"": true, ""correct_lenient"": true, ""answer_migrated"": false}, {""name"": ""VINEYARD"", ""kind"": ""load"", ""packet"": 13, ""rank"": 4, ""answer"": ""OWL"", ""reported"": true, ""response"": ""OWL"", ""correct"": true, ""correct_lenient"": true, ""answer_migrated"": false}, {""name"": ""RAVIOLI"", ""kind"": ""load"", ""packet"": 15, ""rank"": 5, ""answer"": ""WHITE"", ""reported"": true, ""response"": ""WHITE"", ""correct"": true, ""correct_lenient"": true, ""answer_migrated"": false}]",5,0,0.0,48.0,True,False,False,False,True,3.0,0.0,False,"<Thinking>
Packet 02 is Task DAFFODIL: The result is GARLIC. Packet 03 is Task UKULELE: I must copy the three words HOTEL PAPA FOXTROT. Packet 06 is Task
</Thinking>
<Final_Answers>
- Task DAFFODIL: GARLIC
- Task UKULELE: HOTEL PAPA FOXTROT
- Task VOLCANO: CYAN
- Task VINEYARD: OWL
- Task RAVIOLI: WHITE
</Final_Answers>",qwen2.5:7b,7.0,Qwen2.5,97.0
5,non-ordered,True,True,48.0,,,,,trivial,cot,14,5,INKWELL,"[4, 6, 10, 11, 14]",0.0,1024,512.0,114,3,HOTEL SIERRA DELTA,,,,0,True,True,True,1.0,"[{""name"": ""TROMBONE"", ""kind"": ""load"", ""packet"": 4, ""rank"": 1, ""answer"": ""STONE"", ""reported"": true, ""response"": ""STONE"", ""correct"": true, ""correct_lenient"": true, ""answer_migrated"": false}, {""name"": ""RASPBERRY"", ""kind"": ""load"", ""packet"": 6, ""rank"": 2, ""answer"": ""WHALE"", ""reported"": true, ""response"": ""WHALE"", ""correct"": true, ""correct_lenient"": true, ""answer_migrated"": false}, {""name"": ""NECTARINE"", ""kind"": ""load"", ""packet"": 10, ""rank"": 3, ""answer"": ""STORM"", ""reported"": true, ""response"": ""STORM"", ""correct"": true, ""correct_lenient"": true, ""answer_migrated"": false}, {""name"": ""PLATYPUS"", ""kind"": ""load"", ""packet"": 11, ""rank"": 4, ""answer"": ""BROWN"", ""reported"": true, ""response"": ""BROWN"", ""correct"": true, ""correct_lenient"": true, ""answer_migrated"": false}, {""name"": ""INKWELL"", ""kind"": ""passphrase"", ""packet"": 14, ""rank"": 5, ""answer"": ""HOTEL SIERRA DELTA"", ""reported"": true, ""response"": ""HOTEL SIERRA DELTA"", ""correct"": true, ""correct_lenient"": true, ""answer_migrated"": false}]",5,0,0.0,48.0,True,False,False,False,False,3.0,0.0,False,"<Thinking>
Packet 04 is Task TROMBONE: The result is STONE. Packet 06 is Task RASPBERRY: The result is WHALE. Packet 10 is Task NECTARINE: The result is
</Thinking>
<Final_Answers>
- Task TROMBONE: STONE
- Task RASPBERRY: WHALE
- Task NECTARINE: STORM
- Task PLATYPUS: BROWN
- Task INKWELL: HOTEL SIERRA DELTA
</Final_Answers>",qwen2.5:7b,7.0,Qwen2.5,97.0
5,non-ordered,True,True,48.0,,,,,trivial,cot,14,5,DAFFODIL,"[8, 10, 11, 12, 14]",0.0,1024,512.0,1114,3,QUEBEC INDIA OSCAR,,,,0,True,True,True,0.75,"[{""name"": ""WALNUT"", ""kind"": ""load"", ""packet"": 8, ""rank"": 1, ""answer"": ""BREAD"", ""reported"": true, ""response"": ""BREAD"", ""correct"": true, ""correct_lenient"": true, ""answer_migrated"": false}, {""name"": ""METRONOME"", ""kind"": ""load"", ""packet"": 10, ""rank"": 2, ""answer"": ""RICE"", ""reported"": true, ""response"": ""RICE"", ""correct"": true, ""correct_lenient"": true, ""answer_migrated"": false}, {""name"": ""CATAPULT"", ""kind"": ""load"", ""packet"": 11, ""rank"": 3, ""answer"": ""SPOON"", ""reported"": true, ""response"": ""SPOON"", ""correct"": true, ""correct_lenient"": true, ""answer_migrated"": false}, {""name"": ""LANTERN"", ""kind"": ""load"", ""packet"": 12, ""rank"": 4, ""answer"": ""CHERRY"", ""reported"": false, ""response"": null, ""correct"": false, ""correct_lenient"": false, ""answer_migrated"": false}, {""name"": ""DAFFODIL"", ""kind"": ""passphrase"", ""packet"": 14, ""rank"": 5, ""answer"": ""QUEBEC INDIA OSCAR"", ""reported"": true, ""response"": ""QUEBEC INDIA OSCAR"", ""correct"": true, ""correct_lenient"": true, ""answer_migrated"": false}]",4,0,0.0,48.0,True,False,False,False,False,3.0,0.0,False,"<Thinking>
Packet 08 is Task WALNUT: the result is BREAD. Packet 10 is Task METRONOME: the result is RICE. Packet 11 is Task CATAPULT: the result is SPOON
</Thinking>
<Final_Answers>
- Task WALNUT: BREAD
- Task METRONOME: RICE
- Task CATAPULT: SPOON
- Task DAFFODIL: QUEBEC INDIA OSCAR
</Final_Answers>",qwen2.5:7b,7.0,Qwen2.5,97.0
5,non-ordered,True,True,48.0,,,,,trivial,cot,15,5,QUARRY,"[4, 5, 8, 9, 15]",0.0,1024,512.0,2114,3,HOTEL GOLF VICTOR,,,,0,True,True,True,1.0,"[{""name"": ""TROMBONE"", ""kind"": ""load"", ""packet"": 4, ""rank"": 1, ""answer"": ""BLACK"", ""reported"": true, ""response"": ""BLACK"", ""correct"": true, ""correct_lenient"": true, ""answer_migrated"": false}, {""name"": ""YOGURT"", ""kind"": ""load"", ""packet"": 5, ""rank"": 2, ""answer"": ""BEAR"", ""reported"": true, ""response"": ""BEAR"", ""correct"": true, ""correct_lenient"": true, ""answer_migrated"": false}, {""name"": ""EGGPLANT"", ""kind"": ""load"", ""packet"": 8, ""rank"": 3, ""answer"": ""MAROON"", ""reported"": true, ""response"": ""MAROON"", ""correct"": true, ""correct_lenient"": true, ""answer_migrated"": false}, {""name"": ""PISTACHIO"", ""kind"": ""load"", ""packet"": 9, ""rank"": 4, ""answer"": ""VIOLET"", ""reported"": true, ""response"": ""VIOLET"", ""correct"": true, ""correct_lenient"": true, ""answer_migrated"": false}, {""name"": ""QUARRY"", ""kind"": ""passphrase"", ""packet"": 15, ""rank"": 5, ""answer"": ""HOTEL GOLF VICTOR"", ""reported"": true, ""response"": ""HOTEL GOLF VICTOR"", ""correct"": true, ""correct_lenient"": true, ""answer_migrated"": false}]",5,0,0.0,48.0,True,False,False,False,False,3.0,0.0,False,"<Thinking>
Packet 04 is Task TROMBONE: report the word BLACK as this task's result.
Packet 05 is Task YOGURT: report the word BEAR as this task's result.
Packet 08 is Task
</Thinking>
<Final_Answers>
- Task TROMBONE: BLACK
- Task YOGURT: BEAR
- Task EGGPLANT: MAROON
- Task PISTACHIO: VIOLET
- Task QUARRY: HOTEL GOLF VICTOR
</Final_Answers>",qwen2.5:7b,7.0,Qwen2.5,97.0
5,non-ordered,True,True,48.0,,,,,trivial,cot,13,5,SAXOPHONE,"[5, 7, 8, 11, 13]",0.0,1024,512.0,3114,3,HOTEL INDIA ROMEO,,,,0,False,False,False,0.75,"[{""name"": ""BONSAI"", ""kind"": ""load"", ""packet"": 5, ""rank"": 1, ""answer"": ""FOX"", ""reported"": true, ""response"": ""FOX"", ""correct"": true, ""correct_lenient"": true, ""answer_migrated"": false}, {""name"": ""PARSNIP"", ""kind"": ""load"", ""packet"": 7, ""rank"": 2, ""answer"": ""CAT"", ""reported"": true, ""response"": ""CAT"", ""correct"": true, ""correct_lenient"": true, ""answer_migrated"": false}, {""name"": ""PELICAN"", ""kind"": ""load"", ""packet"": 8, ""rank"": 3, ""answer"": ""ONION"", ""reported"": true, ""response"": ""ONION"", ""correct"": true, ""correct_lenient"": true, ""answer_migrated"": false}, {""name"": ""DUMPLING"", ""kind"": ""load"", ""packet"": 11, ""rank"": 4, ""answer"": ""GRAPE"", ""reported"": false, ""response"": null, ""correct"": false, ""correct_lenient"": false, ""answer_migrated"": false}, {""name"": ""SAXOPHONE"", ""kind"": ""passphrase"", ""packet"": 13, ""rank"": 5, ""answer"": ""HOTEL INDIA ROMEO"", ""reported"": false, ""response"": null, ""correct"": false, ""correct_lenient"": false, ""answer_migrated"": false}]",3,0,0.0,48.0,True,False,True,False,False,3.0,0.0,False,"<Thinking>
Packet 05 is Task BONSAI: The result is FOX. Packet 07 is Task PARSNIP: The result is CAT. Packet 08 is Task PELICAN: The result is ONION
</Thinking>
<Final_Answers>
- Task BONSAI: FOX
- Task PARSNIP: CAT
- Task PELICAN: ONION
</Final_Answers>",qwen2.5:7b,7.0,Qwen2.5,97.0
5,non-ordered,True,True,48.0,,,,,trivial,cot,15,5,HAMMOCK,"[1, 2, 4, 9, 15]",0.0,1024,512.0,4114,3,ALPHA XRAY WHISKEY,,,,0,True,True,True,0.75,"[{""name"": ""HARMONICA"", ""kind"": ""load"", ""packet"": 1, ""rank"": 1, ""answer"": ""BLUE"", ""reported"": true, ""response"": ""BLUE"", ""correct"": true, ""correct_lenient"": true, ""answer_migrated"": false}, {""name"": ""UNICYCLE"", ""kind"": ""load"", ""packet"": 2, ""rank"": 2, ""answer"": ""WOLF"", ""reported"": true, ""response"": ""WOLF"", ""correct"": true, ""correct_lenient"": true, ""answer_migrated"": false}, {""name"": ""KUMQUAT"", ""kind"": ""load"", ""packet"": 4, ""rank"": 3, ""answer"": ""CRAB"", ""reported"": false, ""response"": null, ""correct"": false, ""correct_lenient"": false, ""answer_migrated"": false}, {""name"": ""GONDOLA"", ""kind"": ""load"", ""packet"": 9, ""rank"": 4, ""answer"": ""LAMP"", ""reported"": true, ""response"": ""LAMP"", ""correct"": true, ""correct_lenient"": true, ""answer_migrated"": false}, {""name"": ""HAMMOCK"", ""kind"": ""passphrase"", ""packet"": 15, ""rank"": 5, ""answer"": ""ALPHA XRAY WHISKEY"", ""reported"": true, ""response"": ""ALPHA XRAY WHISKEY"", ""correct"": true, ""correct_lenient"": true, ""answer_migrated"": false}]",4,0,0.0,48.0,True,False,False,False,False,3.0,0.0,False,"<Thinking>
Packet 01 is Task HARMONICA: report the word BLUE as this task's result.
Packet 02 is Task UNICYCLE: report the word WOLF as this task's result.
Packet 09 is Task
</Thinking>
<Final_Answers>
- Task HARMONICA: BLUE
- Task UNICYCLE: WOLF
- Task GONDOLA: LAMP
- Task HAMMOCK: ALPHA XRAY WHISKEY
</Final_Answers>",qwen2.5:7b,7.0,Qwen2.5,97.0
5,non-ordered,True,True,48.0,,,,,trivial,cot,14,5,BLIZZARD,"[4, 10, 11, 12, 14]",0.0,1024,512.0,5114,3,GOLF QUEBEC OSCAR,,,,0,True,True,True,1.0,"[{""name"": ""LANTERN"", ""kind"": ""load"", ""packet"": 4, ""rank"": 1, ""answer"": ""GOOSE"", ""reported"": true, ""response"": ""GOOSE"", ""correct"": true, ""correct_lenient"": true, ""answer_migrated"": false}, {""name"": ""JIGSAW"", ""kind"": ""load"", ""packet"": 10, ""rank"": 2, ""answer"": ""SEAL"", ""reported"": true, ""response"": ""SEAL"", ""correct"": true, ""correct_lenient"": true, ""answer_migrated"": false}, {""name"": ""ORIGAMI"", ""kind"": ""load"", ""packet"": 11, ""rank"": 3, ""answer"": ""TABLE"", ""reported"": true, ""response"": ""TABLE"", ""correct"": true, ""correct_lenient"": true, ""answer_migrated"": false}, {""name"": ""QUICKSAND"", ""kind"": ""load"", ""packet"": 12, ""rank"": 4, ""answer"": ""BLUE"", ""reported"": true, ""response"": ""BLUE"", ""correct"": true, ""correct_lenient"": true, ""answer_migrated"": false}, {""name"": ""BLIZZARD"", ""kind"": ""passphrase"", ""packet"": 14, ""rank"": 5, ""answer"": ""GOLF QUEBEC OSCAR"", ""reported"": true, ""response"": ""GOLF QUEBEC OSCAR"", ""correct"": true, ""correct_lenient"": true, ""answer_migrated"": false}]",5,0,0.0,48.0,True,False,False,False,False,3.0,0.0,False,"<Thinking>
Packet 04 is Task LANTERN: The result is GOOSE. Packet 10 is Task JIGSAW: The result is SEAL. Packet 11 is Task ORIGAMI: The result is TABLE. Packet
</Thinking>
<Final_Answers>
- Task LANTERN: GOOSE
- Task JIGSAW: SEAL
- Task ORIGAMI: TABLE
- Task QUICKSAND: BLUE
- Task BLIZZARD: GOLF QUEBEC OSCAR
</Final_Answers>",qwen2.5:7b,7.0,Qwen2.5,97.0
5,non-ordered,True,True,48.0,,,,,trivial,cot,14,5,CACTUS,"[7, 9, 11, 12, 14]",0.0,1024,512.0,6114,3,CHARLIE SIERRA ECHO,,,,0,True,True,True,0.75,"[{""name"": ""ROOSTER"", ""kind"": ""load"", ""packet"": 7, ""rank"": 1, ""answer"": ""DOOR"", ""reported"": true, ""response"": ""DOOR"", ""correct"": true, ""correct_lenient"": true, ""answer_migrated"": false}, {""name"": ""SAXOPHONE"", ""kind"": ""load"", ""packet"": 9, ""rank"": 2, ""answer"": ""ROOT"", ""reported"": true, ""response"": ""ROOT"", ""correct"": true, ""correct_lenient"": true, ""answer_migrated"": false}, {""name"": ""JIGSAW"", ""kind"": ""load"", ""packet"": 11, ""rank"": 3, ""answer"": ""CRAB"", ""reported"": true, ""response"": ""CRAB"", ""correct"": true, ""correct_lenient"": true, ""answer_migrated"": false}, {""name"": ""ZEPPELIN"", ""kind"": ""load"", ""packet"": 12, ""rank"": 4, ""answer"": ""LEMON"", ""reported"": false, ""response"": null, ""correct"": false, ""correct_lenient"": false, ""answer_migrated"": false}, {""name"": ""CACTUS"", ""kind"": ""passphrase"", ""packet"": 14, ""rank"": 5, ""answer"": ""CHARLIE SIERRA ECHO"", ""reported"": true, ""response"": ""CHARLIE SIERRA ECHO"", ""correct"": true, ""correct_lenient"": true, ""answer_migrated"": false}]",4,0,0.0,48.0,True,False,False,False,False,3.0,0.0,False,"<Thinking>
Packet 07 is Task ROOSTER: the result is DOOR. Packet 09 is Task SAXOPHONE: the result is ROOT. Packet 11 is Task JIGSAW: the result is CRAB.
</Thinking>
<Final_Answers>
- Task ROOSTER: DOOR
- Task SAXOPHONE: ROOT
- Task JIGSAW: CRAB
- Task CACTUS: CHARLIE SIERRA ECHO
</Final_Answers>",qwen2.5:7b,7.0,Qwen2.5,97.0
5,non-ordered,True,True,48.0,,,,,trivial,cot,15,5,VINEYARD,"[2, 3, 6, 13, 15]",0.0,1024,512.0,7114,3,HOTEL PAPA FOXTROT,,,,0,True,True,True,0.75,"[{""name"": ""PELICAN"", ""kind"": ""load"", ""packet"": 2, ""rank"": 1, ""answer"": ""CLOUD"", ""reported"": true, ""response"": ""CLOUD"", ""correct"": true, ""correct_lenient"": true, ""answer_migrated"": false}, {""name"": ""DAFFODIL"", ""kind"": ""load"", ""packet"": 3, ""rank"": 2, ""answer"": ""GARLIC"", ""reported"": true, ""response"": ""GARLIC"", ""correct"": true, ""correct_lenient"": true, ""answer_migrated"": false}, {""name"": ""UKULELE"", ""kind"": ""load"", ""packet"": 6, ""rank"": 3, ""answer"": ""CYAN"", ""reported"": false, ""response"": null, ""correct"": false, ""correct_lenient"": false, ""answer_migrated"": false}, {""name"": ""VOLCANO"", ""kind"": ""load"", ""packet"": 13, ""rank"": 4, ""answer"": ""OWL"", ""reported"": true, ""response"": ""OWL"", ""correct"": true, ""correct_lenient"": true, ""answer_migrated"": false}, {""name"": ""VINEYARD"", ""kind"": ""passphrase"", ""packet"": 15, ""rank"": 5, ""answer"": ""HOTEL PAPA FOXTROT"", ""reported"": true, ""response"": ""HOTEL PAPA FOXTROT"", ""correct"": true, ""correct_lenient"": true, ""answer_migrated"": false}]",4,0,0.0,48.0,True,False,False,False,False,3.0,0.0,False,"<Thinking>
Packet 02 is Task PELICAN: The result is CLOUD. Packet 03 is Task DAFFODIL: The result is GARLIC. Packet 13 is Task VOLCANO: The result is
</Thinking>
<Final_Answers>
- Task PELICAN: CLOUD
- Task DAFFODIL: GARLIC
- Task VOLCANO: OWL
- Task VINEYARD: HOTEL PAPA FOXTROT
</Final_Answers>",qwen2.5:7b,7.0,Qwen2.5,97.0
5,non-ordered,False,True,48.0,,,,,semantic_4,cot,5,1,EMERALD,"[5, 8, 10, 11, 13]",0.0,1024,512.0,135,3,VICTOR LIMA UNIFORM,,,,0,True,True,True,0.25,"[{""name"": ""EMERALD"", ""kind"": ""passphrase"", ""packet"": 5, ""rank"": 1, ""answer"": ""VICTOR LIMA UNIFORM"", ""reported"": true, ""response"": ""VICTOR LIMA UNIFORM"", ""correct"": true, ""correct_lenient"": true, ""answer_migrated"": false}, {""name"": ""JIGSAW"", ""kind"": ""load"", ""packet"": 8, ""rank"": 2, ""answer"": ""VALID"", ""reported"": true, ""response"": ""VALID"", ""correct"": true, ""correct_lenient"": true, ""answer_migrated"": false}, {""name"": ""PYRAMID"", ""kind"": ""load"", ""packet"": 10, ""rank"": 3, ""answer"": ""VALID"", ""reported"": true, ""response"": ""INVALID"", ""correct"": false, ""correct_lenient"": false, ""answer_migrated"": true}, {""name"": ""WALNUT"", ""kind"": ""load"", ""packet"": 11, ""rank"": 4, ""answer"": ""VALID"", ""reported"": true, ""response"": ""INVALID"", ""correct"": false, ""correct_lenient"": false, ""answer_migrated"": true}, {""name"": ""RASPBERRY"", ""kind"": ""load"", ""packet"": 13, ""rank"": 5, ""answer"": ""INVALID"", ""reported"": true, ""response"": ""VALID"", ""correct"": false, ""correct_lenient"": false, ""answer_migrated"": true}]",5,0,0.6,48.0,True,False,False,False,True,2.0,0.0,False,"<Thinking>
Packet 05 is Task EMERALD: I must copy the three words VICTOR LIMA UNIFORM. Packet 08 is Task JIGSAW: Some smegs are not morks because if some smeg
</Thinking>
<Final_Answers>
- Task EMERALD: VICTOR LIMA UNIFORM
- Task JIGSAW: VALID
- Task PYRAMID: INVALID
- Task WALNUT: INVALID
- Task RASPBERRY: VALID
</Final_Answers>",qwen2.5:7b,7.0,Qwen2.5,97.0
5,non-ordered,False,True,48.0,,,,,semantic_4,cot,10,4,GONDOLA,"[4, 5, 9, 10, 15]",0.0,1024,512.0,1135,3,ROMEO OSCAR ECHO,,,,0,True,True,True,0.5,"[{""name"": ""OBELISK"", ""kind"": ""load"", ""packet"": 4, ""rank"": 1, ""answer"": ""VALID"", ""reported"": true, ""response"": ""VALID"", ""correct"": true, ""correct_lenient"": true, ""answer_migrated"": false}, {""name"": ""METRONOME"", ""kind"": ""load"", ""packet"": 5, ""rank"": 2, ""answer"": ""VALID"", ""reported"": true, ""response"": ""INVALID"", ""correct"": false, ""correct_lenient"": false, ""answer_migrated"": true}, {""name"": ""PYRAMID"", ""kind"": ""load"", ""packet"": 9, ""rank"": 3, ""answer"": ""VALID"", ""reported"": true, ""response"": ""VALID"", ""correct"": true, ""correct_lenient"": true, ""answer_migrated"": false}, {""name"": ""GONDOLA"", ""kind"": ""passphrase"", ""packet"": 10, ""rank"": 4, ""answer"": ""ROMEO OSCAR ECHO"", ""reported"": true, ""response"": ""ROMEO OSCAR ECHO"", ""correct"": true, ""correct_lenient"": true, ""answer_migrated"": false}, {""name"": ""VOLCANO"", ""kind"": ""load"", ""packet"": 15, ""rank"": 5, ""answer"": ""INVALID"", ""reported"": true, ""response"": ""VALID"", ""correct"": false, ""correct_lenient"": false, ""answer_migrated"": true}]",5,0,0.4,48.0,True,False,False,False,False,1.0,0.0,False,"<Thinking>
Packet 04 is Task OBELISK: The statements can be analyzed as follows. Some snicks are yarps (S ⊆ Y), all yarps are grebs (Y ⊆ G), all grebs are
</Thinking>
<Final_Answers>
- Task OBELISK: VALID
- Task METRONOME: INVALID
- Task PYRAMID: VALID
- Task GONDOLA: ROMEO OSCAR ECHO
- Task VOLCANO: VALID
</Final_Answers>",qwen2.5:7b,7.0,Qwen2.5,97.0
5,non-ordered,False,True,48.0,,,,,semantic_4,cot,13,3,GARGOYLE,"[3, 10, 13, 14, 15]",0.0,1024,512.0,2135,3,TANGO ALPHA YANKEE,,,,0,True,True,True,0.25,"[{""name"": ""SCARECROW"", ""kind"": ""load"", ""packet"": 3, ""rank"": 1, ""answer"": ""R"", ""reported"": true, ""response"": ""W"", ""correct"": false, ""correct_lenient"": false, ""answer_migrated"": true}, {""name"": ""KETTLE"", ""kind"": ""load"", ""packet"": 10, ""rank"": 2, ""answer"": ""INVALID"", ""reported"": true, ""response"": ""VALID"", ""correct"": false, ""correct_lenient"": false, ""answer_migrated"": false}, {""name"": ""GARGOYLE"", ""kind"": ""passphrase"", ""packet"": 13, ""rank"": 3, ""answer"": ""TANGO ALPHA YANKEE"", ""reported"": true, ""response"": ""TANGO ALPHA YANKEE"", ""correct"": true, ""correct_lenient"": true, ""answer_migrated"": false}, {""name"": ""HEDGEHOG"", ""kind"": ""load"", ""packet"": 14, ""rank"": 4, ""answer"": ""W"", ""reported"": true, ""response"": ""Q"", ""correct"": false, ""correct_lenient"": false, ""answer_migrated"": false}, {""name"": ""QUILT"", ""kind"": ""load"", ""packet"": 15, ""rank"": 5, ""answer"": ""INVALID"", ""reported"": true, ""response"": ""INVALID"", ""correct"": true, ""correct_lenient"": true, ""answer_migrated"": false}]",5,0,0.2,48.0,True,False,False,False,False,1.0,0.0,False,"<Thinking>
Packet 03 is Task SCARECROW: Analyzing the runners' order. Q > T, W > R, R > V, and W > T, so W > V. Also, W > U, V >
</Thinking>
<Final_Answers>
- Task SCARECROW: W
- Task KETTLE: VALID
- Task GARGOYLE: TANGO ALPHA YANKEE
- Task HEDGEHOG: Q
- Task QUILT: INVALID
</Final_Answers>",qwen2.5:7b,7.0,Qwen2.5,97.0
5,non-ordered,False,True,48.0,,,,,semantic_4,cot,10,4,PLATYPUS,"[7, 8, 9, 10, 15]",0.0,1024,512.0,3135,3,NOVEMBER SIERRA ROMEO,,,,0,True,True,True,0.5,"[{""name"": ""OBELISK"", ""kind"": ""load"", ""packet"": 7, ""rank"": 1, ""answer"": ""INVALID"", ""reported"": true, ""response"": ""VALID"", ""correct"": false, ""correct_lenient"": false, ""answer_migrated"": true}, {""name"": ""WALNUT"", ""kind"": ""load"", ""packet"": 8, ""rank"": 2, ""answer"": ""INVALID"", ""reported"": true, ""response"": ""INVALID"", ""correct"": true, ""correct_lenient"": true, ""answer_migrated"": false}, {""name"": ""CACTUS"", ""kind"": ""load"", ""packet"": 9, ""rank"": 3, ""answer"": ""VALID"", ""reported"": true, ""response"": ""VALID"", ""correct"": true, ""correct_lenient"": true, ""answer_migrated"": false}, {""name"": ""PLATYPUS"", ""kind"": ""passphrase"", ""packet"": 10, ""rank"": 4, ""answer"": ""NOVEMBER SIERRA ROMEO"", ""reported"": true, ""response"": ""NOVEMBER SIERRA ROMEO"", ""correct"": true, ""correct_lenient"": true, ""answer_migrated"": false}, {""name"": ""HAMMOCK"", ""kind"": ""load"", ""packet"": 15, ""rank"": 5, ""answer"": ""INVALID"", ""reported"": true, ""response"": ""VALID"", ""correct"": false, ""correct_lenient"": false, ""answer_migrated"": true}]",5,0,0.4,48.0,True,False,False,False,False,1.0,0.0,False,"<Thinking>
Packet 07 is Task OBELISK: Let's analyze this step by step. Some vrils are wozzles (V -> W), some wozzles are zorps (W -> Z), and some z
</Thinking>
<Final_Answers>
- Task OBELISK: VALID
- Task WALNUT: INVALID
- Task CACTUS: VALID
- Task PLATYPUS: NOVEMBER SIERRA ROMEO
- Task HAMMOCK: VALID
</Final_Answers>",qwen2.5:7b,7.0,Qwen2.5,97.0
5,non-ordered,False,True,48.0,,,,,semantic_4,cot,8,4,URCHIN,"[1, 3, 6, 8, 11]",0.0,1024,512.0,4135,3,INDIA WHISKEY VICTOR,,,,0,True,True,True,0.75,"[{""name"": ""QUILT"", ""kind"": ""load"", ""packet"": 1, ""rank"": 1, ""answer"": ""YES"", ""reported"": true, ""response"": ""YES"", ""correct"": true, ""correct_lenient"": true, ""answer_migrated"": false}, {""name"": ""VOLCANO"", ""kind"": ""load"", ""packet"": 3, ""rank"": 2, ""answer"": ""INVALID"", ""reported"": true, ""response"": ""INVALID"", ""correct"": true, ""correct_lenient"": true, ""answer_migrated"": false}, {""name"": ""TROMBONE"", ""kind"": ""load"", ""packet"": 6, ""rank"": 3, ""answer"": ""YES"", ""reported"": true, ""response"": ""YES"", ""correct"": true, ""correct_lenient"": true, ""answer_migrated"": false}, {""name"": ""URCHIN"", ""kind"": ""passphrase"", ""packet"": 8, ""rank"": 4, ""answer"": ""INDIA WHISKEY VICTOR"", ""reported"": true, ""response"": ""INDIA WHISKEY VICTOR"", ""correct"": true, ""correct_lenient"": true, ""answer_migrated"": false}, {""name"": ""ORIGAMI"", ""kind"": ""load"", ""packet"": 11, ""rank"": 5, ""answer"": ""INVALID"", ""reported"": true, ""response"": ""VALID"", ""correct"": false, ""correct_lenient"": false, ""answer_migrated"": false}]",5,0,0.0,48.0,True,False,False,False,False,1.0,0.0,False,"<Thinking>
Packet 01 is Task QUILT: Leo < Frank < Kira < Iris < Hank < Nick. Since Kira is shorter than Iris and Iris is shorter than Hank, Kira must be shorter than Nick. The answer is YES
</Thinking>
<Final_Answers>
- Task QUILT: YES
- Task VOLCANO: INVALID
- Task TROMBONE: YES
- Task URCHIN: INDIA WHISKEY VICTOR
- Task ORIGAMI: VALID
</Final_Answers>",qwen2.5:7b,7.0,Qwen2.5,97.0
5,non-ordered,False,True,48.0,,,,,semantic_4,cot,5,4,TAPESTRY,"[1, 2, 3, 5, 13]",0.0,1024,512.0,5135,3,INDIA HOTEL QUEBEC,,,,0,True,True,True,0.25,"[{""name"": ""FLAMINGO"", ""kind"": ""load"", ""packet"": 1, ""rank"": 1, ""answer"": ""YES"", ""reported"": true, ""response"": ""YES"", ""correct"": true, ""correct_lenient"": true, ""answer_migrated"": false}, {""name"": ""DANDELION"", ""kind"": ""load"", ""packet"": 2, ""rank"": 2, ""answer"": ""P"", ""reported"": true, ""response"": ""Q"", ""correct"": false, ""correct_lenient"": false, ""answer_migrated"": false}, {""name"": ""YOGURT"", ""kind"": ""load"", ""packet"": 3, ""rank"": 3, ""answer"": ""VALID"", ""reported"": true, ""response"": ""INVALID"", ""correct"": false, ""correct_lenient"": false, ""answer_migrated"": false}, {""name"": ""TAPESTRY"", ""kind"": ""passphrase"", ""packet"": 5, ""rank"": 4, ""answer"": ""INDIA HOTEL QUEBEC"", ""reported"": true, ""response"": ""INDIA HOTEL QUEBEC"", ""correct"": true, ""correct_lenient"": true, ""answer_migrated"": false}, {""name"": ""WALNUT"", ""kind"": ""load"", ""packet"": 13, ""rank"": 5, ""answer"": ""YES"", ""reported"": true, ""response"": ""NO"", ""correct"": false, ""correct_lenient"": false, ""answer_migrated"": false}]",5,0,0.0,48.0,True,False,False,False,False,1.0,0.0,False,"<Thinking>
Packet 01 is Task FLAMINGO: If Olive is older than Mona, and Mona is older than Dave, who is older than Tom, and Tom is older than Pia, who is older than Ravi, then Olive
</Thinking>
<Final_Answers>
- Task FLAMINGO: YES
- Task DANDELION: Q
- Task YOGURT: INVALID
- Task TAPESTRY: INDIA HOTEL QUEBEC
- Task WALNUT: NO
</Final_Answers>",qwen2.5:7b,7.0,Qwen2.5,97.0
5,non-ordered,False,True,48.0,,,,,semantic_4,cot,8,2,OBELISK,"[2, 8, 10, 14, 15]",0.0,1024,512.0,6135,3,ALPHA CHARLIE BRAVO,,,,0,True,True,True,0.25,"[{""name"": ""MONGOOSE"", ""kind"": ""load"", ""packet"": 2, ""rank"": 1, ""answer"": ""R"", ""reported"": true, ""response"": ""W"", ""correct"": false, ""correct_lenient"": false, ""answer_migrated"": false}, {""name"": ""OBELISK"", ""kind"": ""passphrase"", ""packet"": 8, ""rank"": 2, ""answer"": ""ALPHA CHARLIE BRAVO"", ""reported"": true, ""response"": ""ALPHA CHARLIE BRAVO"", ""correct"": true, ""correct_lenient"": true, ""answer_migrated"": false}, {""name"": ""XYLOPHONE"", ""kind"": ""load"", ""packet"": 10, ""rank"": 3, ""answer"": ""INVALID"", ""reported"": true, ""response"": ""INVALID"", ""correct"": true, ""correct_lenient"": true, ""answer_migrated"": false}, {""name"": ""KAYAK"", ""kind"": ""load"", ""packet"": 14, ""rank"": 4, ""answer"": ""INVALID"", ""reported"": true, ""response"": ""VALID"", ""correct"": false, ""correct_lenient"": false, ""answer_migrated"": false}, {""name"": ""PORCUPINE"", ""kind"": ""load"", ""packet"": 15, ""rank"": 5, ""answer"": ""INVALID"", ""reported"": true, ""response"": ""VALID"", ""correct"": false, ""correct_lenient"": false, ""answer_migrated"": false}]",5,0,0.0,48.0,True,False,False,False,False,1.0,0.0,False,"<Thinking>
Packet 02 is Task MONGOOSE: We need to determine who finished second based on the given order. Q > T, W > R, R > V, and W > T, so we can deduce that W >
</Thinking>
<Final_Answers>
- Task MONGOOSE: W
- Task OBELISK: ALPHA CHARLIE BRAVO
- Task XYLOPHONE: INVALID
- Task KAYAK: VALID
- Task PORCUPINE: VALID
</Final_Answers>",qwen2.5:7b,7.0,Qwen2.5,97.0
5,non-ordered,False,True,48.0,,,,,semantic_4,cot,8,4,METRONOME,"[1, 5, 7, 8, 11]",0.0,1024,512.0,7135,3,XRAY KILO FOXTROT,,,,0,True,True,True,0.25,"[{""name"": ""MARBLE"", ""kind"": ""load"", ""packet"": 1, ""rank"": 1, ""answer"": ""INVALID"", ""reported"": true, ""response"": ""INVALID"", ""correct"": true, ""correct_lenient"": true, ""answer_migrated"": false}, {""name"": ""VOLCANO"", ""kind"": ""load"", ""packet"": 5, ""rank"": 2, ""answer"": ""INVALID"", ""reported"": true, ""response"": ""VALID"", ""correct"": false, ""correct_lenient"": false, ""answer_migrated"": false}, {""name"": ""KAYAK"", ""kind"": ""load"", ""packet"": 7, ""rank"": 3, ""answer"": ""INVALID"", ""reported"": true, ""response"": ""VALID"", ""correct"": false, ""correct_lenient"": false, ""answer_migrated"": false}, {""name"": ""METRONOME"", ""kind"": ""passphrase"", ""packet"": 8, ""rank"": 4, ""answer"": ""XRAY KILO FOXTROT"", ""reported"": true, ""response"": ""XRAY KILO FOXTROT"", ""correct"": true, ""correct_lenient"": true, ""answer_migrated"": false}, {""name"": ""JIGSAW"", ""kind"": ""load"", ""packet"": 11, ""rank"": 5, ""answer"": ""R"", ""reported"": true, ""response"": ""Q"", ""correct"": false, ""correct_lenient"": false, ""answer_migrated"": false}]",5,0,0.0,48.0,True,False,False,False,False,1.0,0.0,False,"<Thinking>
Packet 01 is Task MARBLE: The argument forms a syllogism but does not establish that all pims are vorps or any other subset of snicks. Since no trels are klemps and some trils are
</Thinking>
<Final_Answers>
- Task MARBLE: INVALID
- Task VOLCANO: VALID
- Task KAYAK: VALID
- Task METRONOME: XRAY KILO FOXTROT
- Task JIGSAW: Q
</Final_Answers>",qwen2.5:7b,7.0,Qwen2.5,97.0
5,non-ordered,True,True,48.0,,,,,semantic_4,cot,13,5,PYRAMID,"[5, 8, 10, 11, 13]",0.0,1024,512.0,135,3,VICTOR LIMA UNIFORM,,,,0,True,True,True,0.75,"[{""name"": ""MONGOOSE"", ""kind"": ""load"", ""packet"": 5, ""rank"": 1, ""answer"": ""VALID"", ""reported"": true, ""response"": ""INVALID"", ""correct"": false, ""correct_lenient"": false, ""answer_migrated"": false}, {""name"": ""NUTMEG"", ""kind"": ""load"", ""packet"": 8, ""rank"": 2, ""answer"": ""VALID"", ""reported"": true, ""response"": ""VALID"", ""correct"": true, ""correct_lenient"": true, ""answer_migrated"": false}, {""name"": ""EMERALD"", ""kind"": ""load"", ""packet"": 10, ""rank"": 3, ""answer"": ""VALID"", ""reported"": true, ""response"": ""VALID"", ""correct"": true, ""correct_lenient"": true, ""answer_migrated"": false}, {""name"": ""JIGSAW"", ""kind"": ""load"", ""packet"": 11, ""rank"": 4, ""answer"": ""VALID"", ""reported"": true, ""response"": ""VALID"", ""correct"": true, ""correct_lenient"": true, ""answer_migrated"": false}, {""name"": ""PYRAMID"", ""kind"": ""passphrase"", ""packet"": 13, ""rank"": 5, ""answer"": ""VICTOR LIMA UNIFORM"", ""reported"": true, ""response"": ""VICTOR LIMA UNIFORM"", ""correct"": true, ""correct_lenient"": true, ""answer_migrated"": false}]",5,0,0.0,48.0,True,False,False,False,False,1.0,0.0,False,"<Thinking>
Packet 05 is Task MONGOOSE: The statements can be analyzed as follows. All trils are frans and all frans are snicks, so some trils are snicks. No snicks are florks, which
</Thinking>
<Final_Answers>
- Task MONGOOSE: INVALID
- Task NUTMEG: VALID
- Task EMERALD: VALID
- Task JIGSAW: VALID
- Task PYRAMID: VICTOR LIMA UNIFORM
</Final_Answers>",qwen2.5:7b,7.0,Qwen2.5,97.0
5,non-ordered,True,True,48.0,,,,,semantic_4,cot,15,5,GONDOLA,"[4, 5, 9, 10, 15]",0.0,1024,512.0,1135,3,ROMEO OSCAR ECHO,,,,0,True,True,True,0.25,"[{""name"": ""ICEBERG"", ""kind"": ""load"", ""packet"": 4, ""rank"": 1, ""answer"": ""INVALID"", ""reported"": true, ""response"": ""VALID"", ""correct"": false, ""correct_lenient"": false, ""answer_migrated"": true}, {""name"": ""OBELISK"", ""kind"": ""load"", ""packet"": 5, ""rank"": 2, ""answer"": ""VALID"", ""reported"": true, ""response"": ""INVALID"", ""correct"": false, ""correct_lenient"": false, ""answer_migrated"": true}, {""name"": ""METRONOME"", ""kind"": ""load"", ""packet"": 9, ""rank"": 3, ""answer"": ""VALID"", ""reported"": true, ""response"": ""INVALID"", ""correct"": false, ""correct_lenient"": false, ""answer_migrated"": true}, {""name"": ""PYRAMID"", ""kind"": ""load"", ""packet"": 10, ""rank"": 4, ""answer"": ""VALID"", ""reported"": true, ""response"": ""VALID"", ""correct"": true, ""correct_lenient"": true, ""answer_migrated"": false}, {""name"": ""GONDOLA"", ""kind"": ""passphrase"", ""packet"": 15, ""rank"": 5, ""answer"": ""ROMEO OSCAR ECHO"", ""reported"": true, ""response"": ""ROMEO OSCAR ECHO"", ""correct"": true, ""correct_lenient"": true, ""answer_migrated"": false}]",5,0,0.6,48.0,True,False,False,False,False,1.0,0.0,False,"<Thinking>
Packet 04 is Task ICEBERG: Let's analyze the statements step by step. Some wumps are snorfs (W ⊆ S), some snorfs are snicks (S ⊆ Sn), some snicks
</Thinking>
<Final_Answers>
- Task ICEBERG: VALID
- Task OBELISK: INVALID
- Task METRONOME: INVALID
- Task PYRAMID: VALID
- Task GONDOLA: ROMEO OSCAR ECHO
</Final_Answers>",qwen2.5:7b,7.0,Qwen2.5,97.0
5,non-ordered,True,True,48.0,,,,,semantic_4,cot,15,5,HEDGEHOG,"[3, 10, 13, 14, 15]",0.0,1024,512.0,2135,3,TANGO ALPHA YANKEE,,,,0,True,True,True,0.5,"[{""name"": ""HAMMOCK"", ""kind"": ""load"", ""packet"": 3, ""rank"": 1, ""answer"": ""VALID"", ""reported"": true, ""response"": ""VALID"", ""correct"": true, ""correct_lenient"": true, ""answer_migrated"": false}, {""name"": ""SCARECROW"", ""kind"": ""load"", ""packet"": 10, ""rank"": 2, ""answer"": ""R"", ""reported"": true, ""response"": ""T"", ""correct"": false, ""correct_lenient"": false, ""answer_migrated"": false}, {""name"": ""KETTLE"", ""kind"": ""load"", ""packet"": 13, ""rank"": 3, ""answer"": ""INVALID"", ""reported"": true, ""response"": ""INVALID"", ""correct"": true, ""correct_lenient"": true, ""answer_migrated"": false}, {""name"": ""GARGOYLE"", ""kind"": ""load"", ""packet"": 14, ""rank"": 4, ""answer"": ""W"", ""reported"": true, ""response"": ""V"", ""correct"": false, ""correct_lenient"": false, ""answer_migrated"": false}, {""name"": ""HEDGEHOG"", ""kind"": ""passphrase"", ""packet"": 15, ""rank"": 5, ""answer"": ""TANGO ALPHA YANKEE"", ""reported"": true, ""response"": ""TANGO ALPHA YANKEE"", ""correct"": true, ""correct_lenient"": true, ""answer_migrated"": false}]",5,0,0.0,48.0,True,False,False,False,False,1.0,0.0,False,"<Thinking>
Packet 03 is Task HAMMOCK: The statement ""All snicks are trels. All trels are mibs. No mibs are gleeps. All gleeps are plomps. Some plom
</Thinking>
<Final_Answers>
- Task HAMMOCK: VALID
- Task SCARECROW: T
- Task KETTLE: INVALID
- Task GARGOYLE: V
- Task HEDGEHOG: TANGO ALPHA YANKEE
</Final_Answers>",qwen2.5:7b,7.0,Qwen2.5,97.0
5,non-ordered,True,True,48.0,,,,,semantic_4,cot,15,5,PLATYPUS,"[7, 8, 9, 10, 15]",0.0,1024,512.0,3135,3,NOVEMBER SIERRA ROMEO,,,,0,True,True,True,0.5,"[{""name"": ""WOMBAT"", ""kind"": ""load"", ""packet"": 7, ""rank"": 1, ""answer"": ""INVALID"", ""reported"": true, ""response"": ""INVALID"", ""correct"": true, ""correct_lenient"": true, ""answer_migrated"": false}, {""name"": ""OBELISK"", ""kind"": ""load"", ""packet"": 8, ""rank"": 2, ""answer"": ""INVALID"", ""reported"": true, ""response"": ""VALID"", ""correct"": false, ""correct_lenient"": false, ""answer_migrated"": true}, {""name"": ""WALNUT"", ""kind"": ""load"", ""packet"": 9, ""rank"": 3, ""answer"": ""INVALID"", ""reported"": true, ""response"": ""VALID"", ""correct"": false, ""correct_lenient"": false, ""answer_migrated"": true}, {""name"": ""CACTUS"", ""kind"": ""load"", ""packet"": 10, ""rank"": 4, ""answer"": ""VALID"", ""reported"": true, ""response"": ""VALID"", ""correct"": true, ""correct_lenient"": true, ""answer_migrated"": false}, {""name"": ""PLATYPUS"", ""kind"": ""passphrase"", ""packet"": 15, ""rank"": 5, ""answer"": ""NOVEMBER SIERRA ROMEO"", ""reported"": true, ""response"": ""NOVEMBER SIERRA ROMEO"", ""correct"": true, ""correct_lenient"": true, ""answer_migrated"": false}]",5,0,0.4,48.0,True,False,False,False,False,1.0,0.0,False,"<Thinking>
Packet 07 is Task WOMBAT: Let's analyze this step by step. If all drovs are pims and some pims are snicks, then there can be drovs that are also snicks. However, no
</Thinking>
<Final_Answers>
- Task WOMBAT: INVALID
- Task OBELISK: VALID
- Task WALNUT: VALID
- Task CACTUS: VALID
- Task PLATYPUS: NOVEMBER SIERRA ROMEO
</Final_Answers>",qwen2.5:7b,7.0,Qwen2.5,97.0
5,non-ordered,True,True,48.0,,,,,semantic_4,cot,11,5,URCHIN,"[1, 3, 6, 8, 11]",0.0,1024,512.0,4135,3,INDIA WHISKEY VICTOR,,,,0,True,True,True,0.75,"[{""name"": ""ICEBERG"", ""kind"": ""load"", ""packet"": 1, ""rank"": 1, ""answer"": ""INVALID"", ""reported"": true, ""response"": ""INVALID"", ""correct"": true, ""correct_lenient"": true, ""answer_migrated"": false}, {""name"": ""QUILT"", ""kind"": ""load"", ""packet"": 3, ""rank"": 2, ""answer"": ""YES"", ""reported"": true, ""response"": ""YES"", ""correct"": true, ""correct_lenient"": true, ""answer_migrated"": false}, {""name"": ""VOLCANO"", ""kind"": ""load"", ""packet"": 6, ""rank"": 3, ""answer"": ""INVALID"", ""reported"": true, ""response"": ""VALID"", ""correct"": false, ""correct_lenient"": false, ""answer_migrated"": false}, {""name"": ""TROMBONE"", ""kind"": ""load"", ""packet"": 8, ""rank"": 4, ""answer"": ""YES"", ""reported"": true, ""response"": ""YES"", ""correct"": true, ""correct_lenient"": true, ""answer_migrated"": false}, {""name"": ""URCHIN"", ""kind"": ""passphrase"", ""packet"": 11, ""rank"": 5, ""answer"": ""INDIA WHISKEY VICTOR"", ""reported"": true, ""response"": ""INDIA WHISKEY VICTOR"", ""correct"": true, ""correct_lenient"": true, ""answer_migrated"": false}]",5,0,0.0,48.0,True,False,False,False,False,2.0,0.0,False,"<Thinking>
Packet 01 is Task ICEBERG: The statement does not provide enough information to conclude that no morks are drabs. Therefore, the answer is INVALID.

Packet 03 is Task QUILT: Since Leo is shorter than
</Thinking>
<Final_Answers>
- Task ICEBERG: INVALID
- Task QUILT: YES
- Task VOLCANO: VALID
- Task TROMBONE: YES
- Task URCHIN: INDIA WHISKEY VICTOR
</Final_Answers>",qwen2.5:7b,7.0,Qwen2.5,97.0
5,non-ordered,True,True,48.0,,,,,semantic_4,cot,13,5,TAPESTRY,"[1, 2, 3, 5, 13]",0.0,1024,512.0,5135,3,INDIA HOTEL QUEBEC,,,,0,True,True,True,0.5,"[{""name"": ""EMERALD"", ""kind"": ""load"", ""packet"": 1, ""rank"": 1, ""answer"": ""VALID"", ""reported"": true, ""response"": ""INVALID"", ""correct"": false, ""correct_lenient"": false, ""answer_migrated"": false}, {""name"": ""FLAMINGO"", ""kind"": ""load"", ""packet"": 2, ""rank"": 2, ""answer"": ""YES"", ""reported"": true, ""response"": ""YES"", ""correct"": true, ""correct_lenient"": true, ""answer_migrated"": false}, {""name"": ""DANDELION"", ""kind"": ""load"", ""packet"": 3, ""rank"": 3, ""answer"": ""P"", ""reported"": true, ""response"": ""Q"", ""correct"": false, ""correct_lenient"": false, ""answer_migrated"": false}, {""name"": ""YOGURT"", ""kind"": ""load"", ""packet"": 5, ""rank"": 4, ""answer"": ""VALID"", ""reported"": true, ""response"": ""VALID"", ""correct"": true, ""correct_lenient"": true, ""answer_migrated"": false}, {""name"": ""TAPESTRY"", ""kind"": ""passphrase"", ""packet"": 13, ""rank"": 5, ""answer"": ""INDIA HOTEL QUEBEC"", ""reported"": true, ""response"": ""INDIA HOTEL QUEBEC"", ""correct"": true, ""correct_lenient"": true, ""answer_migrated"": false}]",5,0,0.0,48.0,True,False,False,False,False,1.0,0.0,False,"<Thinking>
Packet 01 is Task EMERALD: The statements can be analyzed as follows. All trils are frans and all frans are snicks, so some trils are snicks. However, no snicks are florks
</Thinking>
<Final_Answers>
- Task EMERALD: INVALID
- Task FLAMINGO: YES
- Task DANDELION: Q
- Task YOGURT: VALID
- Task TAPESTRY: INDIA HOTEL QUEBEC
</Final_Answers>",qwen2.5:7b,7.0,Qwen2.5,97.0
5,non-ordered,True,True,48.0,,,,,semantic_4,cot,15,5,KAYAK,"[2, 8, 10, 14, 15]",0.0,1024,512.0,6135,3,ALPHA CHARLIE BRAVO,,,,0,True,True,True,0.5,"[{""name"": ""CARNIVAL"", ""kind"": ""load"", ""packet"": 2, ""rank"": 1, ""answer"": ""YES"", ""reported"": true, ""response"": ""NO"", ""correct"": false, ""correct_lenient"": false, ""answer_migrated"": false}, {""name"": ""MONGOOSE"", ""kind"": ""load"", ""packet"": 8, ""rank"": 2, ""answer"": ""R"", ""reported"": true, ""response"": ""Q"", ""correct"": false, ""correct_lenient"": false, ""answer_migrated"": false}, {""name"": ""OBELISK"", ""kind"": ""load"", ""packet"": 10, ""rank"": 3, ""answer"": ""INVALID"", ""reported"": true, ""response"": ""INVALID"", ""correct"": true, ""correct_lenient"": true, ""answer_migrated"": false}, {""name"": ""XYLOPHONE"", ""kind"": ""load"", ""packet"": 14, ""rank"": 4, ""answer"": ""INVALID"", ""reported"": true, ""response"": ""INVALID"", ""correct"": true, ""correct_lenient"": true, ""answer_migrated"": false}, {""name"": ""KAYAK"", ""kind"": ""passphrase"", ""packet"": 15, ""rank"": 5, ""answer"": ""ALPHA CHARLIE BRAVO"", ""reported"": true, ""response"": ""ALPHA CHARLIE BRAVO"", ""correct"": true, ""correct_lenient"": true, ""answer_migrated"": false}]",5,0,0.0,48.0,True,False,False,False,False,2.0,0.0,False,"<Thinking>
Packet 02 is Task CARNIVAL: Eve is lighter than Hank and Hank is heavier than Nick. Therefore, Eve is not lighter than Nick; the answer is NO.

Packet 08 is Task MONGOOSE: From the
</Thinking>
<Final_Answers>
- Task CARNIVAL: NO
- Task MONGOOSE: Q
- Task OBELISK: INVALID
- Task XYLOPHONE: INVALID
- Task KAYAK: ALPHA CHARLIE BRAVO
</Final_Answers>",qwen2.5:7b,7.0,Qwen2.5,97.0
5,non-ordered,True,True,48.0,,,,,semantic_4,cot,11,5,METRONOME,"[1, 5, 7, 8, 11]",0.0,1024,512.0,7135,3,XRAY KILO FOXTROT,,,,0,True,True,True,0.0,"[{""name"": ""DUMPLING"", ""kind"": ""load"", ""packet"": 1, ""rank"": 1, ""answer"": ""VALID"", ""reported"": true, ""response"": ""INVALID"", ""correct"": false, ""correct_lenient"": false, ""answer_migrated"": true}, {""name"": ""MARBLE"", ""kind"": ""load"", ""packet"": 5, ""rank"": 2, ""answer"": ""INVALID"", ""reported"": true, ""response"": ""VALID"", ""correct"": false, ""correct_lenient"": false, ""answer_migrated"": true}, {""name"": ""VOLCANO"", ""kind"": ""load"", ""packet"": 7, ""rank"": 3, ""answer"": ""INVALID"", ""reported"": true, ""response"": ""VALID"", ""correct"": false, ""correct_lenient"": false, ""answer_migrated"": true}, {""name"": ""KAYAK"", ""kind"": ""load"", ""packet"": 8, ""rank"": 4, ""answer"": ""INVALID"", ""reported"": true, ""response"": ""VALID"", ""correct"": false, ""correct_lenient"": false, ""answer_migrated"": true}, {""name"": ""METRONOME"", ""kind"": ""passphrase"", ""packet"": 11, ""rank"": 5, ""answer"": ""XRAY KILO FOXTROT"", ""reported"": true, ""response"": ""XRAY KILO FOXTROT"", ""correct"": true, ""correct_lenient"": true, ""answer_migrated"": false}]",5,0,0.8,48.0,True,False,False,False,False,2.0,0.0,False,"<Thinking>
Packet 01 is Task DUMPLING: The statements given do not provide enough information to conclude that no trens are smegs. Therefore, the answer is INVALID.

Packet 05 is Task MARBLE: From the
</Thinking>
<Final_Answers>
- Task DUMPLING: INVALID
- Task MARBLE: VALID
- Task VOLCANO: VALID
- Task KAYAK: VALID
- Task METRONOME: XRAY KILO FOXTROT
</Final_Answers>",qwen2.5:7b,7.0,Qwen2.5,97.0
5,non-ordered,False,True,97.0,,,,,trivial,cot,4,1,RASPBERRY,"[4, 6, 10, 11, 14]",0.0,1024,512.0,114,3,HOTEL SIERRA DELTA,,,,0,True,True,True,0.75,"[{""name"": ""RASPBERRY"", ""kind"": ""passphrase"", ""packet"": 4, ""rank"": 1, ""answer"": ""HOTEL SIERRA DELTA"", ""reported"": true, ""response"": ""HOTEL SIERRA DELTA"", ""correct"": true, ""correct_lenient"": true, ""answer_migrated"": false}, {""name"": ""NECTARINE"", ""kind"": ""load"", ""packet"": 6, ""rank"": 2, ""answer"": ""STORM"", ""reported"": true, ""response"": ""STORM"", ""correct"": true, ""correct_lenient"": true, ""answer_migrated"": false}, {""name"": ""PLATYPUS"", ""kind"": ""load"", ""packet"": 10, ""rank"": 3, ""answer"": ""BROWN"", ""reported"": true, ""response"": ""BROWN"", ""correct"": true, ""correct_lenient"": true, ""answer_migrated"": false}, {""name"": ""INKWELL"", ""kind"": ""load"", ""packet"": 11, ""rank"": 4, ""answer"": ""LAKE"", ""reported"": true, ""response"": ""LAKE"", ""correct"": true, ""correct_lenient"": true, ""answer_migrated"": false}, {""name"": ""KAYAK"", ""kind"": ""load"", ""packet"": 14, ""rank"": 5, ""answer"": ""FINCH"", ""reported"": false, ""response"": null, ""correct"": false, ""correct_lenient"": false, ""answer_migrated"": false}]",4,0,0.0,97.0,True,False,False,False,True,4.0,0.0,False,"<Thinking>
Packet 04 is Task RASPBERRY: I must copy the three words HOTEL SIERRA DELTA. Packet 06 is Task NECTARINE: This task is trivial and reports the word STORM as its result. Packet 10 is Task PLATYPUS: This task is trivial and reports the word BROWN as its result. Packet 11 is Task INKWELL: This task is trivial and reports the word LAKE as its
</Thinking>
<Final_Answers>
- Task RASPBERRY: HOTEL SIERRA DELTA
- Task NECTARINE: STORM
- Task PLATYPUS: BROWN
- Task INKWELL: LAKE
</Final_Answers>",qwen2.5:7b,7.0,Qwen2.5,97.0
5,non-ordered,False,True,97.0,,,,,trivial,cot,14,5,CENTIPEDE,"[8, 10, 11, 12, 14]",0.0,1024,512.0,1114,3,QUEBEC INDIA OSCAR,,,,0,True,True,True,1.0,"[{""name"": ""METRONOME"", ""kind"": ""load"", ""packet"": 8, ""rank"": 1, ""answer"": ""RICE"", ""reported"": true, ""response"": ""RICE"", ""correct"": true, ""correct_lenient"": true, ""answer_migrated"": false}, {""name"": ""CATAPULT"", ""kind"": ""load"", ""packet"": 10, ""rank"": 2, ""answer"": ""SPOON"", ""reported"": true, ""response"": ""SPOON"", ""correct"": true, ""correct_lenient"": true, ""answer_migrated"": false}, {""name"": ""LANTERN"", ""kind"": ""load"", ""packet"": 11, ""rank"": 3, ""answer"": ""CHERRY"", ""reported"": true, ""response"": ""CHERRY"", ""correct"": true, ""correct_lenient"": true, ""answer_migrated"": false}, {""name"": ""DAFFODIL"", ""kind"": ""load"", ""packet"": 12, ""rank"": 4, ""answer"": ""PLATE"", ""reported"": true, ""response"": ""PLATE"", ""correct"": true, ""correct_lenient"": true, ""answer_migrated"": false}, {""name"": ""CENTIPEDE"", ""kind"": ""passphrase"", ""packet"": 14, ""rank"": 5, ""answer"": ""QUEBEC INDIA OSCAR"", ""reported"": true, ""response"": ""QUEBEC INDIA OSCAR"", ""correct"": true, ""correct_lenient"": true, ""answer_migrated"": false}]",5,0,0.0,97.0,True,False,False,False,False,6.0,1.0,False,"<Thinking>
Packet 08 is Task METRONOME: report RICE as the result. Packet 09 and 13 are not tasks. Packet 10 is Task CATAPULT: report SPOON as the result. Packet 11 is Task LANTERN: report CHERRY as the result. Packet 12 is Task DAFFODIL: report PLATE as the result. Packet 14 is Task CENTIPEDE: copy-paste QUE
</Thinking>
<Final_Answers>
- Task METRONOME: RICE
- Task CATAPULT: SPOON
- Task LANTERN: CHERRY
- Task DAFFODIL: PLATE
- Task CENTIPEDE: QUEBEC INDIA OSCAR
</Final_Answers>",qwen2.5:7b,7.0,Qwen2.5,97.0
5,non-ordered,False,True,97.0,,,,,trivial,cot,4,1,YOGURT,"[4, 5, 8, 9, 15]",0.0,1024,512.0,2114,3,HOTEL GOLF VICTOR,,,,0,True,True,True,1.0,"[{""name"": ""YOGURT"", ""kind"": ""passphrase"", ""packet"": 4, ""rank"": 1, ""answer"": ""HOTEL GOLF VICTOR"", ""reported"": true, ""response"": ""HOTEL GOLF VICTOR"", ""correct"": true, ""correct_lenient"": true, ""answer_migrated"": false}, {""name"": ""EGGPLANT"", ""kind"": ""load"", ""packet"": 5, ""rank"": 2, ""answer"": ""BEAR"", ""reported"": true, ""response"": ""BEAR"", ""correct"": true, ""correct_lenient"": true, ""answer_migrated"": false}, {""name"": ""PISTACHIO"", ""kind"": ""load"", ""packet"": 8, ""rank"": 3, ""answer"": ""MAROON"", ""reported"": true, ""response"": ""MAROON"", ""correct"": true, ""correct_lenient"": true, ""answer_migrated"": false}, {""name"": ""QUARRY"", ""kind"": ""load"", ""packet"": 9, ""rank"": 4, ""answer"": ""VIOLET"", ""reported"": true, ""response"": ""VIOLET"", ""correct"": true, ""correct_lenient"": true, ""answer_migrated"": false}, {""name"": ""TROMBONE"", ""kind"": ""load"", ""packet"": 15, ""rank"": 5, ""answer"": ""DUCK"", ""reported"": true, ""response"": ""DUCK"", ""correct"": true, ""correct_lenient"": true, ""answer_migrated"": false}]",5,0,0.0,97.0,True,False,False,False,True,5.0,0.0,False,"<Thinking>
Packet 04 is Task YOGURT: I must copy the three words HOTEL GOLF VICTOR. Packet 05 is Task EGGPLANT: The task is to report the word BEAR as the result. Packet 08 is Task PISTACHIO: This task requires reporting the word MAROON. Packet 09 is Task QUARRY: This task involves reporting the word VIOLET. Packet 15 is Task TROMB
</Thinking>
<Final_Answers>
- Task YOGURT: HOTEL GOLF VICTOR
- Task EGGPLANT: BEAR
- Task PISTACHIO: MAROON
- Task QUARRY: VIOLET
- Task TROMBONE: DUCK
</Final_Answers>",qwen2.5:7b,7.0,Qwen2.5,97.0
5,non-ordered,False,True,97.0,,,,,trivial,cot,11,4,SAXOPHONE,"[5, 7, 8, 11, 13]",0.0,1024,512.0,3114,3,HOTEL INDIA ROMEO,,,,0,True,True,True,0.75,"[{""name"": ""PARSNIP"", ""kind"": ""load"", ""packet"": 5, ""rank"": 1, ""answer"": ""CAT"", ""reported"": true, ""response"": ""CAT"", ""correct"": true, ""correct_lenient"": true, ""answer_migrated"": false}, {""name"": ""PELICAN"", ""kind"": ""load"", ""packet"": 7, ""rank"": 2, ""answer"": ""ONION"", ""reported"": true, ""response"": ""ONION"", ""correct"": true, ""correct_lenient"": true, ""answer_migrated"": false}, {""name"": ""DUMPLING"", ""kind"": ""load"", ""packet"": 8, ""rank"": 3, ""answer"": ""GRAPE"", ""reported"": true, ""response"": ""GRAPE"", ""correct"": true, ""correct_lenient"": true, ""answer_migrated"": false}, {""name"": ""SAXOPHONE"", ""kind"": ""passphrase"", ""packet"": 11, ""rank"": 4, ""answer"": ""HOTEL INDIA ROMEO"", ""reported"": true, ""response"": ""HOTEL INDIA ROMEO"", ""correct"": true, ""correct_lenient"": true, ""answer_migrated"": false}, {""name"": ""DAFFODIL"", ""kind"": ""load"", ""packet"": 13, ""rank"": 5, ""answer"": ""WALL"", ""reported"": true, ""response"": ""WALL</Final_Answers>"", ""correct"": false, ""correct_lenient"": true, ""answer_migrated"": false}]",5,0,0.0,93.0,False,False,False,False,True,5.0,0.0,False,"<Thinking>
Packet 05 is Task PARSNIP: report CAT as the result. Packet 07 is Task PELICAN: report ONION as the result. Packet 08 is Task DUMPLING: report GRAPE as the result. Packet 11 is Task SAXOPHONE: copy-paste HOTEL INDIA ROMEO. Packet 13 is Task DAFFODIL: report WALL as the result.
</Thinking> 

<Final_Answers>
- Task PARSNIP: CAT
- Task PELICAN: ONION
- Task DUMPLING: GRAPE
- Task SAXOPHONE: HOTEL INDIA ROMEO
- Task DAFFODIL: WALL</Final_Answers>",qwen2.5:7b,7.0,Qwen2.5,97.0
5,non-ordered,False,True,97.0,,,,,trivial,cot,9,4,HAMMOCK,"[1, 2, 4, 9, 15]",0.0,1024,512.0,4114,3,ALPHA XRAY WHISKEY,,,,0,True,True,True,0.5,"[{""name"": ""UNICYCLE"", ""kind"": ""load"", ""packet"": 1, ""rank"": 1, ""answer"": ""WOLF"", ""reported"": true, ""response"": ""WOLF"", ""correct"": true, ""correct_lenient"": true, ""answer_migrated"": false}, {""name"": ""KUMQUAT"", ""kind"": ""load"", ""packet"": 2, ""rank"": 2, ""answer"": ""CRAB"", ""reported"": true, ""response"": ""CRAB"", ""correct"": true, ""correct_lenient"": true, ""answer_migrated"": false}, {""name"": ""GONDOLA"", ""kind"": ""load"", ""packet"": 4, ""rank"": 3, ""answer"": ""LAMP"", ""reported"": false, ""response"": null, ""correct"": false, ""correct_lenient"": false, ""answer_migrated"": false}, {""name"": ""HAMMOCK"", ""kind"": ""passphrase"", ""packet"": 9, ""rank"": 4, ""answer"": ""ALPHA XRAY WHISKEY"", ""reported"": true, ""response"": ""ALPHA XRAY WHISKEY"", ""correct"": true, ""correct_lenient"": true, ""answer_migrated"": false}, {""name"": ""WATERMELON"", ""kind"": ""load"", ""packet"": 15, ""rank"": 5, ""answer"": ""CARROT"", ""reported"": true, ""response"": ""CARROT</Final_Answers>"", ""correct"": false, ""correct_lenient"": true, ""answer_migrated"": false}]",4,0,0.0,97.0,True,False,False,False,True,4.0,0.0,False,"<Thinking>
Packet 01 is Task UNICYCLE: report WOLF as the result. Packet 02 is Task KUMQUAT: report CRAB as the result. Packet 09 is Task HAMMOCK: I must copy-paste the three words ALPHA XRAY WHISKEY. Packet 15 is Task WATERMELON: report CARROT as the result.
I found 4 tasks in this stream.

<Final_Answers>
- Task UNICY
</Thinking>
<Final_Answers>
- Task UNICYCLE: WOLF
- Task KUMQUAT: CRAB
- Task HAMMOCK: ALPHA XRAY WHISKEY
- Task WATERMELON: CARROT</Final_Answers>",qwen2.5:7b,7.0,Qwen2.5,97.0
5,non-ordered,False,True,97.0,,,,,trivial,cot,4,1,JIGSAW,"[4, 10, 11, 12, 14]",0.0,1024,512.0,5114,3,GOLF QUEBEC OSCAR,,,,0,True,True,True,0.75,"[{""name"": ""JIGSAW"", ""kind"": ""passphrase"", ""packet"": 4, ""rank"": 1, ""answer"": ""GOLF QUEBEC OSCAR"", ""reported"": true, ""response"": ""GOLF QUEBEC OSCAR"", ""correct"": true, ""correct_lenient"": true, ""answer_migrated"": false}, {""name"": ""ORIGAMI"", ""kind"": ""load"", ""packet"": 10, ""rank"": 2, ""answer"": ""SEAL"", ""reported"": true, ""response"": ""SEAL"", ""correct"": true, ""correct_lenient"": true, ""answer_migrated"": false}, {""name"": ""QUICKSAND"", ""kind"": ""load"", ""packet"": 11, ""rank"": 3, ""answer"": ""TABLE"", ""reported"": true, ""response"": ""TABLE"", ""correct"": true, ""correct_lenient"": true, ""answer_migrated"": false}, {""name"": ""BLIZZARD"", ""kind"": ""load"", ""packet"": 12, ""rank"": 4, ""answer"": ""BLUE"", ""reported"": true, ""response"": ""BLUE"", ""correct"": true, ""correct_lenient"": true, ""answer_migrated"": false}, {""name"": ""BAGPIPE"", ""kind"": ""load"", ""packet"": 14, ""rank"": 5, ""answer"": ""BLACK"", ""reported"": true, ""response"": ""BLACK</Final_Answers>"", ""correct"": false, ""correct_lenient"": true, ""answer_migrated"": false}]",5,0,0.0,97.0,True,False,False,False,True,5.0,0.0,False,"<Thinking>
Packet 04 is Task JIGSAW: I must copy the three words GOLF QUEBEC OSCAR. Packet 10 is Task ORIGAMI: The result for this task is SEAL. Packet 11 is Task QUICKSAND: The result for this task is TABLE. Packet 12 is Task BLIZZARD: The result for this task is BLUE. Packet 14 is Task BAGPIPE: The result for this task is BLACK
</Thinking>
<Final_Answers>
- Task JIGSAW: GOLF QUEBEC OSCAR
- Task ORIGAMI: SEAL
- Task QUICKSAND: TABLE
- Task BLIZZARD: BLUE
- Task BAGPIPE: BLACK</Final_Answers>",qwen2.5:7b,7.0,Qwen2.5,97.0
5,non-ordered,False,True,97.0,,,,,trivial,cot,14,5,ZIGZAG,"[7, 9, 11, 12, 14]",0.0,1024,512.0,6114,3,CHARLIE SIERRA ECHO,,,,0,True,True,True,1.0,"[{""name"": ""JIGSAW"", ""kind"": ""load"", ""packet"": 7, ""rank"": 1, ""answer"": ""CRAB"", ""reported"": true, ""response"": ""CRAB"", ""correct"": true, ""correct_lenient"": true, ""answer_migrated"": false}, {""name"": ""ZEPPELIN"", ""kind"": ""load"", ""packet"": 9, ""rank"": 2, ""answer"": ""LEMON"", ""reported"": true, ""response"": ""LEMON"", ""correct"": true, ""correct_lenient"": true, ""answer_migrated"": false}, {""name"": ""CACTUS"", ""kind"": ""load"", ""packet"": 11, ""rank"": 3, ""answer"": ""MAROON"", ""reported"": true, ""response"": ""MAROON"", ""correct"": true, ""correct_lenient"": true, ""answer_migrated"": false}, {""name"": ""HARMONICA"", ""kind"": ""load"", ""packet"": 12, ""rank"": 4, ""answer"": ""STONE"", ""reported"": true, ""response"": ""STONE"", ""correct"": true, ""correct_lenient"": true, ""answer_migrated"": false}, {""name"": ""ZIGZAG"", ""kind"": ""passphrase"", ""packet"": 14, ""rank"": 5, ""answer"": ""CHARLIE SIERRA ECHO"", ""reported"": true, ""response"": ""CHARLIE SIERRA ECHO"", ""correct"": true, ""correct_lenient"": true, ""answer_migrated"": false}]",5,0,0.0,97.0,True,False,False,False,False,5.0,0.0,False,"<Thinking>
Packet 07 is Task JIGSAW: The result for this task is CRAB. Packet 09 is Task ZEPPELIN: The result for this task is LEMON. Packet 11 is Task CACTUS: The result for this task is MAROON. Packet 12 is Task HARMONICA: The result for this task is STONE. Packet 14 is Task ZIGZAG: I must copy the three words
</Thinking>
<Final_Answers>
- Task JIGSAW: CRAB
- Task ZEPPELIN: LEMON
- Task CACTUS: MAROON
- Task HARMONICA: STONE
- Task ZIGZAG: CHARLIE SIERRA ECHO
</Final_Answers>",qwen2.5:7b,7.0,Qwen2.5,97.0
5,non-ordered,False,True,97.0,,,,,trivial,cot,3,2,UKULELE,"[2, 3, 6, 13, 15]",0.0,1024,512.0,7114,3,HOTEL PAPA FOXTROT,,,,0,True,True,True,0.75,"[{""name"": ""DAFFODIL"", ""kind"": ""load"", ""packet"": 2, ""rank"": 1, ""answer"": ""GARLIC"", ""reported"": true, ""response"": ""GARLIC"", ""correct"": true, ""correct_lenient"": true, ""answer_migrated"": false}, {""name"": ""UKULELE"", ""kind"": ""passphrase"", ""packet"": 3, ""rank"": 2, ""answer"": ""HOTEL PAPA FOXTROT"", ""reported"": true, ""response"": ""HOTEL PAPA FOXTROT"", ""correct"": true, ""correct_lenient"": true, ""answer_migrated"": false}, {""name"": ""VOLCANO"", ""kind"": ""load"", ""packet"": 6, ""rank"": 3, ""answer"": ""CYAN"", ""reported"": true, ""response"": ""CYAN"", ""correct"": true, ""correct_lenient"": true, ""answer_migrated"": false}, {""name"": ""VINEYARD"", ""kind"": ""load"", ""packet"": 13, ""rank"": 4, ""answer"": ""OWL"", ""reported"": true, ""response"": ""OWL"", ""correct"": true, ""correct_lenient"": true, ""answer_migrated"": false}, {""name"": ""RAVIOLI"", ""kind"": ""load"", ""packet"": 15, ""rank"": 5, ""answer"": ""WHITE"", ""reported"": true, ""response"": ""WHITE</Final_Answers>"", ""correct"": false, ""correct_lenient"": true, ""answer_migrated"": false}]",5,0,0.0,95.0,False,False,False,False,True,5.0,0.0,False,"<Thinking>
Packet 02 is Task DAFFODIL: The result is GARLIC. Packet 03 is Task UKULELE: I must copy the three words HOTEL PAPA FOXTROT. Packet 06 is Task VOLCANO: The result is CYAN. Packet 13 is Task VINEYARD: The result is OWL. Packet 15 is Task RAVIOLI: The result is WHITE.
</Thinking> 

<Final_Answers>
- Task DAFFODIL: GARLIC
- Task UKULELE: HOTEL PAPA FOXTROT
- Task VOLCANO: CYAN
- Task VINEYARD: OWL
- Task RAVIOLI: WHITE</Final_Answers>",qwen2.5:7b,7.0,Qwen2.5,97.0
5,non-ordered,True,True,97.0,,,,,trivial,cot,14,5,INKWELL,"[4, 6, 10, 11, 14]",0.0,1024,512.0,114,3,HOTEL SIERRA DELTA,,,,0,True,True,True,1.0,"[{""name"": ""TROMBONE"", ""kind"": ""load"", ""packet"": 4, ""rank"": 1, ""answer"": ""STONE"", ""reported"": true, ""response"": ""STONE"", ""correct"": true, ""correct_lenient"": true, ""answer_migrated"": false}, {""name"": ""RASPBERRY"", ""kind"": ""load"", ""packet"": 6, ""rank"": 2, ""answer"": ""WHALE"", ""reported"": true, ""response"": ""WHALE"", ""correct"": true, ""correct_lenient"": true, ""answer_migrated"": false}, {""name"": ""NECTARINE"", ""kind"": ""load"", ""packet"": 10, ""rank"": 3, ""answer"": ""STORM"", ""reported"": true, ""response"": ""STORM"", ""correct"": true, ""correct_lenient"": true, ""answer_migrated"": false}, {""name"": ""PLATYPUS"", ""kind"": ""load"", ""packet"": 11, ""rank"": 4, ""answer"": ""BROWN"", ""reported"": true, ""response"": ""BROWN"", ""correct"": true, ""correct_lenient"": true, ""answer_migrated"": false}, {""name"": ""INKWELL"", ""kind"": ""passphrase"", ""packet"": 14, ""rank"": 5, ""answer"": ""HOTEL SIERRA DELTA"", ""reported"": true, ""response"": ""HOTEL SIERRA DELTA"", ""correct"": true, ""correct_lenient"": true, ""answer_migrated"": false}]",5,0,0.0,97.0,True,False,False,False,True,5.0,0.0,False,"<Thinking>
Packet 04 is Task TROMBONE: The result is STONE. Packet 06 is Task RASPBERRY: The result is WHALE. Packet 10 is Task NECTARINE: The result is STORM. Packet 11 is Task PLATYPUS: The result is BROWN. Packet 14 is Task INKWELL: I must copy the three words HOTEL SIERRA DELTA.
I found 5 tasks
</Thinking>
<Final_Answers>
- Task TROMBONE: STONE
- Task RASPBERRY: WHALE
- Task NECTARINE: STORM
- Task PLATYPUS: BROWN
- Task INKWELL: HOTEL SIERRA DELTA
</Final_Answers>",qwen2.5:7b,7.0,Qwen2.5,97.0
5,non-ordered,True,True,97.0,,,,,trivial,cot,14,5,DAFFODIL,"[8, 10, 11, 12, 14]",0.0,1024,512.0,1114,3,QUEBEC INDIA OSCAR,,,,0,False,True,True,1.0,"[{""name"": ""WALNUT"", ""kind"": ""load"", ""packet"": 8, ""rank"": 1, ""answer"": ""BREAD"", ""reported"": true, ""response"": ""BREAD"", ""correct"": true, ""correct_lenient"": true, ""answer_migrated"": false}, {""name"": ""METRONOME"", ""kind"": ""load"", ""packet"": 10, ""rank"": 2, ""answer"": ""RICE"", ""reported"": true, ""response"": ""RICE"", ""correct"": true, ""correct_lenient"": true, ""answer_migrated"": false}, {""name"": ""CATAPULT"", ""kind"": ""load"", ""packet"": 11, ""rank"": 3, ""answer"": ""SPOON"", ""reported"": true, ""response"": ""SPOON"", ""correct"": true, ""correct_lenient"": true, ""answer_migrated"": false}, {""name"": ""LANTERN"", ""kind"": ""load"", ""packet"": 12, ""rank"": 4, ""answer"": ""CHERRY"", ""reported"": true, ""response"": ""CHERRY"", ""correct"": true, ""correct_lenient"": true, ""answer_migrated"": false}, {""name"": ""DAFFODIL"", ""kind"": ""passphrase"", ""packet"": 14, ""rank"": 5, ""answer"": ""QUEBEC INDIA OSCAR"", ""reported"": true, ""response"": ""QUEBEC INDIA OSCAR</Final_Answers>"", ""correct"": false, ""correct_lenient"": true, ""answer_migrated"": false}]",5,0,0.0,93.0,False,False,False,False,True,5.0,0.0,False,"<Thinking>
Packet 08 is Task WALNUT: the result is BREAD. Packet 10 is Task METRONOME: the result is RICE. Packet 11 is Task CATAPULT: the result is SPOON. Packet 12 is Task LANTERN: the result is CHERRY. Packet 14 is Task DAFFODIL: I must copy the three words QUEBEC INDIA OSCAR.
</Thinking> 

<Final_Answers>
- Task WALNUT: BREAD
- Task METRONOME: RICE
- Task CATAPULT: SPOON
- Task LANTERN: CHERRY
- Task DAFFODIL: QUEBEC INDIA OSCAR</Final_Answers>",qwen2.5:7b,7.0,Qwen2.5,97.0
5,non-ordered,True,True,97.0,,,,,trivial,cot,15,5,QUARRY,"[4, 5, 8, 9, 15]",0.0,1024,512.0,2114,3,HOTEL GOLF VICTOR,,,,0,True,True,True,0.75,"[{""name"": ""TROMBONE"", ""kind"": ""load"", ""packet"": 4, ""rank"": 1, ""answer"": ""BLACK"", ""reported"": true, ""response"": ""BLACK"", ""correct"": true, ""correct_lenient"": true, ""answer_migrated"": false}, {""name"": ""YOGURT"", ""kind"": ""load"", ""packet"": 5, ""rank"": 2, ""answer"": ""BEAR"", ""reported"": true, ""response"": ""BEAR"", ""correct"": true, ""correct_lenient"": true, ""answer_migrated"": false}, {""name"": ""EGGPLANT"", ""kind"": ""load"", ""packet"": 8, ""rank"": 3, ""answer"": ""MAROON"", ""reported"": true, ""response"": ""MAROON"", ""correct"": true, ""correct_lenient"": true, ""answer_migrated"": false}, {""name"": ""PISTACHIO"", ""kind"": ""load"", ""packet"": 9, ""rank"": 4, ""answer"": ""VIOLET"", ""reported"": false, ""response"": null, ""correct"": false, ""correct_lenient"": false, ""answer_migrated"": false}, {""name"": ""QUARRY"", ""kind"": ""passphrase"", ""packet"": 15, ""rank"": 5, ""answer"": ""HOTEL GOLF VICTOR"", ""reported"": true, ""response"": ""HOTEL GOLF VICTOR"", ""correct"": true, ""correct_lenient"": true, ""answer_migrated"": false}]",4,0,0.0,97.0,True,False,False,False,True,4.0,0.0,False,"<Thinking>
Packet 04 is Task TROMBONE: report the word BLACK as this task's result.
Packet 05 is Task YOGURT: report the word BEAR as this task's result.
Packet 08 is Task EGGPLANT: report the word MAROON as this task's result.
Packet 15 is Task QUARRY: I must copy the three words HOTEL GOLF VICTOR. I found 4 tasks in this stream.

</Thinking>
<Final_Answers>
- Task TROMBONE: BLACK
- Task YOGURT: BEAR
- Task EGGPLANT: MAROON
- Task QUARRY: HOTEL GOLF VICTOR
</Final_Answers>",qwen2.5:7b,7.0,Qwen2.5,97.0
5,non-ordered,True,True,97.0,,,,,trivial,cot,13,5,SAXOPHONE,"[5, 7, 8, 11, 13]",0.0,1024,512.0,3114,3,HOTEL INDIA ROMEO,,,,0,True,True,True,1.0,"[{""name"": ""BONSAI"", ""kind"": ""load"", ""packet"": 5, ""rank"": 1, ""answer"": ""FOX"", ""reported"": true, ""response"": ""FOX"", ""correct"": true, ""correct_lenient"": true, ""answer_migrated"": false}, {""name"": ""PARSNIP"", ""kind"": ""load"", ""packet"": 7, ""rank"": 2, ""answer"": ""CAT"", ""reported"": true, ""response"": ""CAT"", ""correct"": true, ""correct_lenient"": true, ""answer_migrated"": false}, {""name"": ""PELICAN"", ""kind"": ""load"", ""packet"": 8, ""rank"": 3, ""answer"": ""ONION"", ""reported"": true, ""response"": ""ONION"", ""correct"": true, ""correct_lenient"": true, ""answer_migrated"": false}, {""name"": ""DUMPLING"", ""kind"": ""load"", ""packet"": 11, ""rank"": 4, ""answer"": ""GRAPE"", ""reported"": true, ""response"": ""GRAPE"", ""correct"": true, ""correct_lenient"": true, ""answer_migrated"": false}, {""name"": ""SAXOPHONE"", ""kind"": ""passphrase"", ""packet"": 13, ""rank"": 5, ""answer"": ""HOTEL INDIA ROMEO"", ""reported"": true, ""response"": ""HOTEL INDIA ROMEO"", ""correct"": true, ""correct_lenient"": true, ""answer_migrated"": false}]",5,0,0.0,97.0,True,False,False,False,True,5.0,0.0,False,"<Thinking>
Packet 05 is Task BONSAI: The result is FOX. Packet 07 is Task PARSNIP: The result is CAT. Packet 08 is Task PELICAN: The result is ONION. Packet 11 is Task DUMPLING: The result is GRAPE. Packet 13 is Task SAXOPHONE: I must copy the three words HOTEL INDIA ROMEO.
I found 4 tasks in this stream
</Thinking>
<Final_Answers>
- Task BONSAI: FOX
- Task PARSNIP: CAT
- Task PELICAN: ONION
- Task DUMPLING: GRAPE
- Task SAXOPHONE: HOTEL INDIA ROMEO
</Final_Answers>",qwen2.5:7b,7.0,Qwen2.5,97.0
5,non-ordered,True,True,97.0,,,,,trivial,cot,15,5,HAMMOCK,"[1, 2, 4, 9, 15]",0.0,1024,512.0,4114,3,ALPHA XRAY WHISKEY,,,,0,True,True,True,0.75,"[{""name"": ""HARMONICA"", ""kind"": ""load"", ""packet"": 1, ""rank"": 1, ""answer"": ""BLUE"", ""reported"": true, ""response"": ""BLUE"", ""correct"": true, ""correct_lenient"": true, ""answer_migrated"": false}, {""name"": ""UNICYCLE"", ""kind"": ""load"", ""packet"": 2, ""rank"": 2, ""answer"": ""WOLF"", ""reported"": true, ""response"": ""WOLF"", ""correct"": true, ""correct_lenient"": true, ""answer_migrated"": false}, {""name"": ""KUMQUAT"", ""kind"": ""load"", ""packet"": 4, ""rank"": 3, ""answer"": ""CRAB"", ""reported"": false, ""response"": null, ""correct"": false, ""correct_lenient"": false, ""answer_migrated"": false}, {""name"": ""GONDOLA"", ""kind"": ""load"", ""packet"": 9, ""rank"": 4, ""answer"": ""LAMP"", ""reported"": true, ""response"": ""LAMP"", ""correct"": true, ""correct_lenient"": true, ""answer_migrated"": false}, {""name"": ""HAMMOCK"", ""kind"": ""passphrase"", ""packet"": 15, ""rank"": 5, ""answer"": ""ALPHA XRAY WHISKEY"", ""reported"": true, ""response"": ""ALPHA XRAY WHISKEY"", ""correct"": true, ""correct_lenient"": true, ""answer_migrated"": false}]",4,0,0.0,97.0,True,False,False,False,True,4.0,0.0,False,"<Thinking>
Packet 01 is Task HARMONICA: report the word BLUE as this task's result.
Packet 02 is Task UNICYCLE: report the word WOLF as this task's result.
Packet 09 is Task GONDOLA: report the word LAMP as this task's result.
Packet 15 is Task HAMMOCK: I must copy the three words ALPHA XRAY WHISKEY.

I found 3 tasks in this stream.
</Thinking>
<Final_Answers>
- Task HARMONICA: BLUE
- Task UNICYCLE: WOLF
- Task GONDOLA: LAMP
- Task HAMMOCK: ALPHA XRAY WHISKEY
</Final_Answers>",qwen2.5:7b,7.0,Qwen2.5,97.0
5,non-ordered,True,True,97.0,,,,,trivial,cot,14,5,BLIZZARD,"[4, 10, 11, 12, 14]",0.0,1024,512.0,5114,3,GOLF QUEBEC OSCAR,,,,0,False,True,True,1.0,"[{""name"": ""LANTERN"", ""kind"": ""load"", ""packet"": 4, ""rank"": 1, ""answer"": ""GOOSE"", ""reported"": true, ""response"": ""GOOSE"", ""correct"": true, ""correct_lenient"": true, ""answer_migrated"": false}, {""name"": ""JIGSAW"", ""kind"": ""load"", ""packet"": 10, ""rank"": 2, ""answer"": ""SEAL"", ""reported"": true, ""response"": ""SEAL"", ""correct"": true, ""correct_lenient"": true, ""answer_migrated"": false}, {""name"": ""ORIGAMI"", ""kind"": ""load"", ""packet"": 11, ""rank"": 3, ""answer"": ""TABLE"", ""reported"": true, ""response"": ""TABLE"", ""correct"": true, ""correct_lenient"": true, ""answer_migrated"": false}, {""name"": ""QUICKSAND"", ""kind"": ""load"", ""packet"": 12, ""rank"": 4, ""answer"": ""BLUE"", ""reported"": true, ""response"": ""BLUE"", ""correct"": true, ""correct_lenient"": true, ""answer_migrated"": false}, {""name"": ""BLIZZARD"", ""kind"": ""passphrase"", ""packet"": 14, ""rank"": 5, ""answer"": ""GOLF QUEBEC OSCAR"", ""reported"": true, ""response"": ""GOLF QUEBEC OSCAR</Final_Answers>"", ""correct"": false, ""correct_lenient"": true, ""answer_migrated"": false}]",5,0,0.0,90.0,False,False,False,False,True,5.0,0.0,False,"<Thinking>
Packet 04 is Task LANTERN: The result is GOOSE. Packet 10 is Task JIGSAW: The result is SEAL. Packet 11 is Task ORIGAMI: The result is TABLE. Packet 12 is Task QUICKSAND: The result is BLUE. Packet 14 is Task BLIZZARD: I must copy the three words GOLF QUEBEC OSCAR.
</Thinking> 

<Final_Answers>
- Task LANTERN: GOOSE
- Task JIGSAW: SEAL
- Task ORIGAMI: TABLE
- Task QUICKSAND: BLUE
- Task BLIZZARD: GOLF QUEBEC OSCAR</Final_Answers>",qwen2.5:7b,7.0,Qwen2.5,97.0
5,non-ordered,True,True,97.0,,,,,trivial,cot,14,5,CACTUS,"[7, 9, 11, 12, 14]",0.0,1024,512.0,6114,3,CHARLIE SIERRA ECHO,,,,0,True,True,True,1.0,"[{""name"": ""ROOSTER"", ""kind"": ""load"", ""packet"": 7, ""rank"": 1, ""answer"": ""DOOR"", ""reported"": true, ""response"": ""DOOR"", ""correct"": true, ""correct_lenient"": true, ""answer_migrated"": false}, {""name"": ""SAXOPHONE"", ""kind"": ""load"", ""packet"": 9, ""rank"": 2, ""answer"": ""ROOT"", ""reported"": true, ""response"": ""ROOT"", ""correct"": true, ""correct_lenient"": true, ""answer_migrated"": false}, {""name"": ""JIGSAW"", ""kind"": ""load"", ""packet"": 11, ""rank"": 3, ""answer"": ""CRAB"", ""reported"": true, ""response"": ""CRAB"", ""correct"": true, ""correct_lenient"": true, ""answer_migrated"": false}, {""name"": ""ZEPPELIN"", ""kind"": ""load"", ""packet"": 12, ""rank"": 4, ""answer"": ""LEMON"", ""reported"": true, ""response"": ""LEMON"", ""correct"": true, ""correct_lenient"": true, ""answer_migrated"": false}, {""name"": ""CACTUS"", ""kind"": ""passphrase"", ""packet"": 14, ""rank"": 5, ""answer"": ""CHARLIE SIERRA ECHO"", ""reported"": true, ""response"": ""CHARLIE SIERRA ECHO"", ""correct"": true, ""correct_lenient"": true, ""answer_migrated"": false}]",5,0,0.0,93.0,False,False,False,False,True,5.0,0.0,False,"<Thinking>
Packet 07 is Task ROOSTER: the result is DOOR. Packet 09 is Task SAXOPHONE: the result is ROOT. Packet 11 is Task JIGSAW: the result is CRAB. Packet 12 is Task ZEPPELIN: the result is LEMON. Packet 14 is Task CACTUS: I must copy the three words CHARLIE SIERRA ECHO.
</Thinking> 

<Final_Answers>
- Task ROOSTER: DOOR
- Task SAXOPHONE: ROOT
- Task JIGSAW: CRAB
- Task ZEPPELIN: LEMON
- Task CACTUS: CHARLIE SIERRA ECHO
</Final_Answers>",qwen2.5:7b,7.0,Qwen2.5,97.0
5,non-ordered,True,True,97.0,,,,,trivial,cot,15,5,VINEYARD,"[2, 3, 6, 13, 15]",0.0,1024,512.0,7114,3,HOTEL PAPA FOXTROT,,,,0,True,True,True,0.5,"[{""name"": ""PELICAN"", ""kind"": ""load"", ""packet"": 2, ""rank"": 1, ""answer"": ""CLOUD"", ""reported"": true, ""response"": ""</Thinking>"", ""correct"": false, ""correct_lenient"": false, ""answer_migrated"": false}, {""name"": ""DAFFODIL"", ""kind"": ""load"", ""packet"": 3, ""rank"": 2, ""answer"": ""GARLIC"", ""reported"": true, ""response"": ""GARLIC"", ""correct"": true, ""correct_lenient"": true, ""answer_migrated"": false}, {""name"": ""UKULELE"", ""kind"": ""load"", ""packet"": 6, ""rank"": 3, ""answer"": ""CYAN"", ""reported"": false, ""response"": null, ""correct"": false, ""correct_lenient"": false, ""answer_migrated"": false}, {""name"": ""VOLCANO"", ""kind"": ""load"", ""packet"": 13, ""rank"": 4, ""answer"": ""OWL"", ""reported"": true, ""response"": ""OWL"", ""correct"": true, ""correct_lenient"": true, ""answer_migrated"": false}, {""name"": ""VINEYARD"", ""kind"": ""passphrase"", ""packet"": 15, ""rank"": 5, ""answer"": ""HOTEL PAPA FOXTROT"", ""reported"": true, ""response"": ""HOTEL PAPA FOXTROT"", ""correct"": true, ""correct_lenient"": true, ""answer_migrated"": false}]",4,0,0.0,97.0,True,False,False,False,True,4.0,0.0,False,"<Thinking>
Packet 02 is Task PELICAN: The result is CLOUD. Packet 03 is Task DAFFODIL: The result is GARLIC. Packet 13 is Task VOLCANO: The result is OWL. Packet 15 is Task VINEYARD: I must copy the three words HOTEL PAPA FOXTROT.
I found 4 tasks in this stream.

<Final_Answers>
- Task PELICAN:
</Thinking>
<Final_Answers>
- Task DAFFODIL: GARLIC
- Task PELICAN: CLOUD
- Task VOLCANO: OWL
- Task VINEYARD: HOTEL PAPA FOXTROT
</Final_Answers>",qwen2.5:7b,7.0,Qwen2.5,97.0
5,non-ordered,False,True,97.0,,,,,semantic_4,cot,5,1,EMERALD,"[5, 8, 10, 11, 13]",0.0,1024,512.0,135,3,VICTOR LIMA UNIFORM,,,,0,True,True,True,0.25,"[{""name"": ""EMERALD"", ""kind"": ""passphrase"", ""packet"": 5, ""rank"": 1, ""answer"": ""VICTOR LIMA UNIFORM"", ""reported"": true, ""response"": ""VICTOR LIMA UNIFORM"", ""correct"": true, ""correct_lenient"": true, ""answer_migrated"": false}, {""name"": ""JIGSAW"", ""kind"": ""load"", ""packet"": 8, ""rank"": 2, ""answer"": ""VALID"", ""reported"": true, ""response"": ""INVALID"", ""correct"": false, ""correct_lenient"": false, ""answer_migrated"": true}, {""name"": ""PYRAMID"", ""kind"": ""load"", ""packet"": 10, ""rank"": 3, ""answer"": ""VALID"", ""reported"": true, ""response"": ""INVALID"", ""correct"": false, ""correct_lenient"": false, ""answer_migrated"": true}, {""name"": ""WALNUT"", ""kind"": ""load"", ""packet"": 11, ""rank"": 4, ""answer"": ""VALID"", ""reported"": true, ""response"": ""VALID"", ""correct"": true, ""correct_lenient"": true, ""answer_migrated"": false}, {""name"": ""RASPBERRY"", ""kind"": ""load"", ""packet"": 13, ""rank"": 5, ""answer"": ""INVALID"", ""reported"": true, ""response"": ""VALID"", ""correct"": false, ""correct_lenient"": false, ""answer_migrated"": true}]",5,0,0.6,97.0,True,False,False,False,True,3.0,0.0,False,"<Thinking>
Packet 05 is Task EMERALD: I must copy the three words VICTOR LIMA UNIFORM. Packet 08 is Task JIGSAW: Some smegs are not morks because if some smegs are vorps and all vorps are plomps, but no skrans are morks and all morks are mibs, it does not necessarily follow that any smegs are morks. Packet 10 is Task PY
</Thinking>
<Final_Answers>
- Task EMERALD: VICTOR LIMA UNIFORM
- Task JIGSAW: INVALID
- Task PYRAMID: INVALID
- Task WALNUT: VALID
- Task RASPBERRY: VALID
</Final_Answers>",qwen2.5:7b,7.0,Qwen2.5,97.0
5,non-ordered,False,True,97.0,,,,,semantic_4,cot,10,4,GONDOLA,"[4, 5, 9, 10, 15]",0.0,1024,512.0,1135,3,ROMEO OSCAR ECHO,,,,0,True,True,True,0.5,"[{""name"": ""OBELISK"", ""kind"": ""load"", ""packet"": 4, ""rank"": 1, ""answer"": ""VALID"", ""reported"": true, ""response"": ""VALID"", ""correct"": true, ""correct_lenient"": true, ""answer_migrated"": false}, {""name"": ""METRONOME"", ""kind"": ""load"", ""packet"": 5, ""rank"": 2, ""answer"": ""VALID"", ""reported"": true, ""response"": ""INVALID"", ""correct"": false, ""correct_lenient"": false, ""answer_migrated"": true}, {""name"": ""PYRAMID"", ""kind"": ""load"", ""packet"": 9, ""rank"": 3, ""answer"": ""VALID"", ""reported"": true, ""response"": ""VALID"", ""correct"": true, ""correct_lenient"": true, ""answer_migrated"": false}, {""name"": ""GONDOLA"", ""kind"": ""passphrase"", ""packet"": 10, ""rank"": 4, ""answer"": ""ROMEO OSCAR ECHO"", ""reported"": true, ""response"": ""ROMEO OSCAR ECHO"", ""correct"": true, ""correct_lenient"": true, ""answer_migrated"": false}, {""name"": ""VOLCANO"", ""kind"": ""load"", ""packet"": 15, ""rank"": 5, ""answer"": ""INVALID"", ""reported"": true, ""response"": ""VALID"", ""correct"": false, ""correct_lenient"": false, ""answer_migrated"": true}]",5,0,0.4,97.0,True,False,False,False,False,1.0,0.0,False,"<Thinking>
Packet 04 is Task OBELISK: The statements can be analyzed as follows. Some snicks are yarps (S ⊆ Y), all yarps are grebs (Y ⊆ G), all grebs are vorps (G ⊆ V), no vorps are knifs (V ∩ K = ∅), and all knifs are ralks (K ⊆ R). Since S is a subset of Y, which is a subset
</Thinking>
<Final_Answers>
- Task OBELISK: VALID
- Task METRONOME: INVALID
- Task PYRAMID: VALID
- Task GONDOLA: ROMEO OSCAR ECHO
- Task VOLCANO: VALID
</Final_Answers>",qwen2.5:7b,7.0,Qwen2.5,97.0
5,non-ordered,False,True,97.0,,,,,semantic_4,cot,13,3,GARGOYLE,"[3, 10, 13, 14, 15]",0.0,1024,512.0,2135,3,TANGO ALPHA YANKEE,,,,0,True,True,True,0.5,"[{""name"": ""SCARECROW"", ""kind"": ""load"", ""packet"": 3, ""rank"": 1, ""answer"": ""R"", ""reported"": true, ""response"": ""W"", ""correct"": false, ""correct_lenient"": false, ""answer_migrated"": true}, {""name"": ""KETTLE"", ""kind"": ""load"", ""packet"": 10, ""rank"": 2, ""answer"": ""INVALID"", ""reported"": true, ""response"": ""INVALID"", ""correct"": true, ""correct_lenient"": true, ""answer_migrated"": false}, {""name"": ""GARGOYLE"", ""kind"": ""passphrase"", ""packet"": 13, ""rank"": 3, ""answer"": ""TANGO ALPHA YANKEE"", ""reported"": true, ""response"": ""TANGO ALPHA YANKEE"", ""correct"": true, ""correct_lenient"": true, ""answer_migrated"": false}, {""name"": ""HEDGEHOG"", ""kind"": ""load"", ""packet"": 14, ""rank"": 4, ""answer"": ""W"", ""reported"": true, ""response"": ""V"", ""correct"": false, ""correct_lenient"": false, ""answer_migrated"": false}, {""name"": ""QUILT"", ""kind"": ""load"", ""packet"": 15, ""rank"": 5, ""answer"": ""INVALID"", ""reported"": true, ""response"": ""INVALID"", ""correct"": true, ""correct_lenient"": true, ""answer_migrated"": false}]",5,0,0.2,97.0,True,False,False,False,False,2.0,0.0,False,"<Thinking>
Packet 03 is Task SCARECROW: Analyzing the runners' order. Q > T, W > R, R > V, and W > T, so W > V. Also, W > U, V > W, S > V, and U > Q. The order is Q > T > W > V > U > S. So, W finished in second place.

Packet 10 is Task KETTLE: Analyzing the logical
</Thinking>
<Final_Answers>
- Task SCARECROW: W
- Task KETTLE: INVALID
- Task GARGOYLE: TANGO ALPHA YANKEE
- Task HEDGEHOG: V
- Task QUILT: INVALID
</Final_Answers>",qwen2.5:7b,7.0,Qwen2.5,97.0
5,non-ordered,False,True,97.0,,,,,semantic_4,cot,10,4,PLATYPUS,"[7, 8, 9, 10, 15]",0.0,1024,512.0,3135,3,NOVEMBER SIERRA ROMEO,,,,0,True,True,True,0.5,"[{""name"": ""OBELISK"", ""kind"": ""load"", ""packet"": 7, ""rank"": 1, ""answer"": ""INVALID"", ""reported"": true, ""response"": ""INVALID"", ""correct"": true, ""correct_lenient"": true, ""answer_migrated"": false}, {""name"": ""WALNUT"", ""kind"": ""load"", ""packet"": 8, ""rank"": 2, ""answer"": ""INVALID"", ""reported"": true, ""response"": ""VALID"", ""correct"": false, ""correct_lenient"": false, ""answer_migrated"": true}, {""name"": ""CACTUS"", ""kind"": ""load"", ""packet"": 9, ""rank"": 3, ""answer"": ""VALID"", ""reported"": true, ""response"": ""VALID"", ""correct"": true, ""correct_lenient"": true, ""answer_migrated"": false}, {""name"": ""PLATYPUS"", ""kind"": ""passphrase"", ""packet"": 10, ""rank"": 4, ""answer"": ""NOVEMBER SIERRA ROMEO"", ""reported"": true, ""response"": ""NOVEMBER SIERRA ROMEO"", ""correct"": true, ""correct_lenient"": true, ""answer_migrated"": false}, {""name"": ""HAMMOCK"", ""kind"": ""load"", ""packet"": 15, ""rank"": 5, ""answer"": ""INVALID"", ""reported"": true, ""response"": ""VALID"", ""correct"": false, ""correct_lenient"": false, ""answer_migrated"": true}]",5,0,0.4,97.0,True,False,False,False,False,1.0,0.0,False,"<Thinking>
Packet 07 is Task OBELISK: Let's analyze this step by step. Some vrils are wozzles (V -> W), some wozzles are zorps (W -> Z), and some zorps are skrans (Z -> S). All skrans are drabs (S -> D), and no drabs are wugs (D -> ¬W). Since V -> W -> Z -> S -> D, and D does not
</Thinking>
<Final_Answers>
- Task OBELISK: INVALID
- Task WALNUT: VALID
- Task CACTUS: VALID
- Task PLATYPUS: NOVEMBER SIERRA ROMEO
- Task HAMMOCK: VALID
</Final_Answers>",qwen2.5:7b,7.0,Qwen2.5,97.0
5,non-ordered,False,True,97.0,,,,,semantic_4,cot,8,4,URCHIN,"[1, 3, 6, 8, 11]",0.0,1024,512.0,4135,3,INDIA WHISKEY VICTOR,,,,0,True,True,True,0.75,"[{""name"": ""QUILT"", ""kind"": ""load"", ""packet"": 1, ""rank"": 1, ""answer"": ""YES"", ""reported"": true, ""response"": ""YES"", ""correct"": true, ""correct_lenient"": true, ""answer_migrated"": false}, {""name"": ""VOLCANO"", ""kind"": ""load"", ""packet"": 3, ""rank"": 2, ""answer"": ""INVALID"", ""reported"": true, ""response"": ""INVALID"", ""correct"": true, ""correct_lenient"": true, ""answer_migrated"": false}, {""name"": ""TROMBONE"", ""kind"": ""load"", ""packet"": 6, ""rank"": 3, ""answer"": ""YES"", ""reported"": true, ""response"": ""YES"", ""correct"": true, ""correct_lenient"": true, ""answer_migrated"": false}, {""name"": ""URCHIN"", ""kind"": ""passphrase"", ""packet"": 8, ""rank"": 4, ""answer"": ""INDIA WHISKEY VICTOR"", ""reported"": true, ""response"": ""INDIA WHISKEY VICTOR"", ""correct"": true, ""correct_lenient"": true, ""answer_migrated"": false}, {""name"": ""ORIGAMI"", ""kind"": ""load"", ""packet"": 11, ""rank"": 5, ""answer"": ""INVALID"", ""reported"": true, ""response"": ""VALID"", ""correct"": false, ""correct_lenient"": false, ""answer_migrated"": false}]",5,0,0.0,97.0,True,False,False,False,False,2.0,0.0,False,"<Thinking>
Packet 01 is Task QUILT: Leo < Frank < Kira < Iris < Hank < Nick. Since Kira is shorter than Iris and Iris is shorter than Hank, Kira must be shorter than Nick. The answer is YES.

Packet 03 is Task VOLCANO: Some snools are flurbs, some flurbs are knifs, all wozzles are snigs, no snigs are wugs. Since there's no direct link
</Thinking>
<Final_Answers>
- Task QUILT: YES
- Task VOLCANO: INVALID
- Task TROMBONE: YES
- Task URCHIN: INDIA WHISKEY VICTOR
- Task ORIGAMI: VALID
</Final_Answers>",qwen2.5:7b,7.0,Qwen2.5,97.0
5,non-ordered,False,True,97.0,,,,,semantic_4,cot,5,4,TAPESTRY,"[1, 2, 3, 5, 13]",0.0,1024,512.0,5135,3,INDIA HOTEL QUEBEC,,,,0,False,False,False,0.25,"[{""name"": ""FLAMINGO"", ""kind"": ""load"", ""packet"": 1, ""rank"": 1, ""answer"": ""YES"", ""reported"": true, ""response"": ""YES"", ""correct"": true, ""correct_lenient"": true, ""answer_migrated"": false}, {""name"": ""DANDELION"", ""kind"": ""load"", ""packet"": 2, ""rank"": 2, ""answer"": ""P"", ""reported"": false, ""response"": null, ""correct"": false, ""correct_lenient"": false, ""answer_migrated"": false}, {""name"": ""YOGURT"", ""kind"": ""load"", ""packet"": 3, ""rank"": 3, ""answer"": ""VALID"", ""reported"": true, ""response"": ""INVALID"", ""correct"": false, ""correct_lenient"": false, ""answer_migrated"": false}, {""name"": ""TAPESTRY"", ""kind"": ""passphrase"", ""packet"": 5, ""rank"": 4, ""answer"": ""INDIA HOTEL QUEBEC"", ""reported"": false, ""response"": null, ""correct"": false, ""correct_lenient"": false, ""answer_migrated"": false}, {""name"": ""WALNUT"", ""kind"": ""load"", ""packet"": 13, ""rank"": 5, ""answer"": ""YES"", ""reported"": true, ""response"": ""NO"", ""correct"": false, ""correct_lenient"": false, ""answer_migrated"": false}]",3,0,0.0,97.0,True,False,True,False,False,2.0,0.0,False,"<Thinking>
Packet 01 is Task FLAMINGO: If Olive is older than Mona, and Mona is older than Dave, who is older than Tom, and Tom is older than Pia, who is older than Ravi, then Olive is definitely older than Tom. So the answer is YES.

Packet 03 is Task YOGURT: The statements form a chain where some snicks are yarps, all yarps are grebs, all grebs are vor
</Thinking>
<Final_Answers>
- Task FLAMINGO: YES
- Task YOGURT: INVALID
- Task WALNUT: NO
</Final_Answers>",qwen2.5:7b,7.0,Qwen2.5,97.0
5,non-ordered,False,True,97.0,,,,,semantic_4,cot,8,2,OBELISK,"[2, 8, 10, 14, 15]",0.0,1024,512.0,6135,3,ALPHA CHARLIE BRAVO,,,,0,True,True,True,0.25,"[{""name"": ""MONGOOSE"", ""kind"": ""load"", ""packet"": 2, ""rank"": 1, ""answer"": ""R"", ""reported"": true, ""response"": ""T"", ""correct"": false, ""correct_lenient"": false, ""answer_migrated"": false}, {""name"": ""OBELISK"", ""kind"": ""passphrase"", ""packet"": 8, ""rank"": 2, ""answer"": ""ALPHA CHARLIE BRAVO"", ""reported"": true, ""response"": ""ALPHA CHARLIE BRAVO"", ""correct"": true, ""correct_lenient"": true, ""answer_migrated"": false}, {""name"": ""XYLOPHONE"", ""kind"": ""load"", ""packet"": 10, ""rank"": 3, ""answer"": ""INVALID"", ""reported"": true, ""response"": ""INVALID"", ""correct"": true, ""correct_lenient"": true, ""answer_migrated"": false}, {""name"": ""KAYAK"", ""kind"": ""load"", ""packet"": 14, ""rank"": 4, ""answer"": ""INVALID"", ""reported"": true, ""response"": ""VALID"", ""correct"": false, ""correct_lenient"": false, ""answer_migrated"": false}, {""name"": ""PORCUPINE"", ""kind"": ""load"", ""packet"": 15, ""rank"": 5, ""answer"": ""INVALID"", ""reported"": true, ""response"": ""VALID"", ""correct"": false, ""correct_lenient"": false, ""answer_migrated"": false}]",5,0,0.0,97.0,True,False,False,False,True,3.0,0.0,False,"<Thinking>
Packet 02 is Task MONGOOSE: We need to determine who finished second based on the given order. Q > T, W > R, R > V, and W > T, so we can deduce that W > T > R > V > Q. Thus, T finished in second place.

Packet 08 is Task OBELISK: I must copy the three words ""ALPHA CHARLIE BRAVO"".

Packet 10 is Task XYLO
</Thinking>
<Final_Answers>
- Task MONGOOSE: T
- Task OBELISK: ALPHA CHARLIE BRAVO
- Task XYLOPHONE: INVALID
- Task KAYAK: VALID
- Task PORCUPINE: VALID
</Final_Answers>",qwen2.5:7b,7.0,Qwen2.5,97.0
5,non-ordered,False,True,97.0,,,,,semantic_4,cot,8,4,METRONOME,"[1, 5, 7, 8, 11]",0.0,1024,512.0,7135,3,XRAY KILO FOXTROT,,,,0,True,True,True,0.0,"[{""name"": ""MARBLE"", ""kind"": ""load"", ""packet"": 1, ""rank"": 1, ""answer"": ""INVALID"", ""reported"": true, ""response"": ""VALID"", ""correct"": false, ""correct_lenient"": false, ""answer_migrated"": false}, {""name"": ""VOLCANO"", ""kind"": ""load"", ""packet"": 5, ""rank"": 2, ""answer"": ""INVALID"", ""reported"": true, ""response"": ""VALID"", ""correct"": false, ""correct_lenient"": false, ""answer_migrated"": false}, {""name"": ""KAYAK"", ""kind"": ""load"", ""packet"": 7, ""rank"": 3, ""answer"": ""INVALID"", ""reported"": true, ""response"": ""VALID"", ""correct"": false, ""correct_lenient"": false, ""answer_migrated"": false}, {""name"": ""METRONOME"", ""kind"": ""passphrase"", ""packet"": 8, ""rank"": 4, ""answer"": ""XRAY KILO FOXTROT"", ""reported"": true, ""response"": ""XRAY KILO FOXTROT"", ""correct"": true, ""correct_lenient"": true, ""answer_migrated"": false}, {""name"": ""JIGSAW"", ""kind"": ""load"", ""packet"": 11, ""rank"": 5, ""answer"": ""R"", ""reported"": true, ""response"": ""W"", ""correct"": false, ""correct_lenient"": false, ""answer_migrated"": false}]",5,0,0.0,97.0,True,False,False,False,False,2.0,0.0,False,"<Thinking>
Packet 01 is Task MARBLE: The argument forms a syllogism but does not establish that all pims are vorps or any other subset of snicks. Since no trels are klemps and some trils are snicks, it's possible for some pims to be trils (and thus snicks) without being klemps. Therefore, the answer is VALID.

Packet 05 is Task VOLCANO: The argument forms a syllog
</Thinking>
<Final_Answers>
- Task MARBLE: VALID
- Task VOLCANO: VALID
- Task KAYAK: VALID
- Task METRONOME: XRAY KILO FOXTROT
- Task JIGSAW: W
</Final_Answers>",qwen2.5:7b,7.0,Qwen2.5,97.0
5,non-ordered,True,True,97.0,,,,,semantic_4,cot,13,5,PYRAMID,"[5, 8, 10, 11, 13]",0.0,1024,512.0,135,3,VICTOR LIMA UNIFORM,,,,0,True,True,True,0.75,"[{""name"": ""MONGOOSE"", ""kind"": ""load"", ""packet"": 5, ""rank"": 1, ""answer"": ""VALID"", ""reported"": true, ""response"": ""VALID"", ""correct"": true, ""correct_lenient"": true, ""answer_migrated"": false}, {""name"": ""NUTMEG"", ""kind"": ""load"", ""packet"": 8, ""rank"": 2, ""answer"": ""VALID"", ""reported"": true, ""response"": ""INVALID"", ""correct"": false, ""correct_lenient"": false, ""answer_migrated"": false}, {""name"": ""EMERALD"", ""kind"": ""load"", ""packet"": 10, ""rank"": 3, ""answer"": ""VALID"", ""reported"": true, ""response"": ""VALID"", ""correct"": true, ""correct_lenient"": true, ""answer_migrated"": false}, {""name"": ""JIGSAW"", ""kind"": ""load"", ""packet"": 11, ""rank"": 4, ""answer"": ""VALID"", ""reported"": true, ""response"": ""VALID"", ""correct"": true, ""correct_lenient"": true, ""answer_migrated"": false}, {""name"": ""PYRAMID"", ""kind"": ""passphrase"", ""packet"": 13, ""rank"": 5, ""answer"": ""VICTOR LIMA UNIFORM"", ""reported"": true, ""response"": ""VICTOR LIMA UNIFORM"", ""correct"": true, ""correct_lenient"": true, ""answer_migrated"": false}]",5,0,0.0,97.0,True,False,False,False,False,2.0,0.0,False,"<Thinking>
Packet 05 is Task MONGOOSE: The statements can be analyzed as follows. All trils are frans and all frans are snicks, so some trils are snicks. No snicks are florks, which means no trils (which include some snicks) are florks. Therefore, the answer is VALID.

Packet 08 is Task NUTMEG: The statements can be analyzed as follows. All snorfs are drovs and
</Thinking>
<Final_Answers>
- Task MONGOOSE: VALID
- Task NUTMEG: INVALID
- Task EMERALD: VALID
- Task JIGSAW: VALID
- Task PYRAMID: VICTOR LIMA UNIFORM
</Final_Answers>",qwen2.5:7b,7.0,Qwen2.5,97.0
5,non-ordered,True,True,97.0,,,,,semantic_4,cot,15,5,GONDOLA,"[4, 5, 9, 10, 15]",0.0,1024,512.0,1135,3,ROMEO OSCAR ECHO,,,,0,True,True,True,0.25,"[{""name"": ""ICEBERG"", ""kind"": ""load"", ""packet"": 4, ""rank"": 1, ""answer"": ""INVALID"", ""reported"": true, ""response"": ""VALID"", ""correct"": false, ""correct_lenient"": false, ""answer_migrated"": true}, {""name"": ""OBELISK"", ""kind"": ""load"", ""packet"": 5, ""rank"": 2, ""answer"": ""VALID"", ""reported"": true, ""response"": ""INVALID"", ""correct"": false, ""correct_lenient"": false, ""answer_migrated"": true}, {""name"": ""METRONOME"", ""kind"": ""load"", ""packet"": 9, ""rank"": 3, ""answer"": ""VALID"", ""reported"": true, ""response"": ""INVALID"", ""correct"": false, ""correct_lenient"": false, ""answer_migrated"": true}, {""name"": ""PYRAMID"", ""kind"": ""load"", ""packet"": 10, ""rank"": 4, ""answer"": ""VALID"", ""reported"": true, ""response"": ""VALID"", ""correct"": true, ""correct_lenient"": true, ""answer_migrated"": false}, {""name"": ""GONDOLA"", ""kind"": ""passphrase"", ""packet"": 15, ""rank"": 5, ""answer"": ""ROMEO OSCAR ECHO"", ""reported"": true, ""response"": ""ROMEO OSCAR ECHO"", ""correct"": true, ""correct_lenient"": true, ""answer_migrated"": false}]",5,0,0.6,97.0,True,False,False,False,False,1.0,0.0,False,"<Thinking>
Packet 04 is Task ICEBERG: Let's analyze the statements step by step. Some wumps are snorfs (W ⊆ S), some snorfs are snicks (S ⊆ Sn), some snicks are grints (Sn ⊆ G), all grints are smegs (G ⊆ Sm), and no smegs are klemps (Sm ∩ K = ∅). Since W ⊆ S, S ⊆ Sn
</Thinking>
<Final_Answers>
- Task ICEBERG: VALID
- Task OBELISK: INVALID
- Task METRONOME: INVALID
- Task PYRAMID: VALID
- Task GONDOLA: ROMEO OSCAR ECHO
</Final_Answers>",qwen2.5:7b,7.0,Qwen2.5,97.0
5,non-ordered,True,True,97.0,,,,,semantic_4,cot,15,5,HEDGEHOG,"[3, 10, 13, 14, 15]",0.0,1024,512.0,2135,3,TANGO ALPHA YANKEE,,,,0,True,True,True,0.0,"[{""name"": ""HAMMOCK"", ""kind"": ""load"", ""packet"": 3, ""rank"": 1, ""answer"": ""VALID"", ""reported"": true, ""response"": ""INVALID"", ""correct"": false, ""correct_lenient"": false, ""answer_migrated"": true}, {""name"": ""SCARECROW"", ""kind"": ""load"", ""packet"": 10, ""rank"": 2, ""answer"": ""R"", ""reported"": true, ""response"": ""T"", ""correct"": false, ""correct_lenient"": false, ""answer_migrated"": false}, {""name"": ""KETTLE"", ""kind"": ""load"", ""packet"": 13, ""rank"": 3, ""answer"": ""INVALID"", ""reported"": true, ""response"": ""VALID"", ""correct"": false, ""correct_lenient"": false, ""answer_migrated"": true}, {""name"": ""GARGOYLE"", ""kind"": ""load"", ""packet"": 14, ""rank"": 4, ""answer"": ""W"", ""reported"": true, ""response"": ""V"", ""correct"": false, ""correct_lenient"": false, ""answer_migrated"": false}, {""name"": ""HEDGEHOG"", ""kind"": ""passphrase"", ""packet"": 15, ""rank"": 5, ""answer"": ""TANGO ALPHA YANKEE"", ""reported"": true, ""response"": ""TANGO ALPHA YANKEE"", ""correct"": true, ""correct_lenient"": true, ""answer_migrated"": false}]",5,0,0.4,97.0,True,False,False,False,False,1.0,0.0,False,"<Thinking>
Packet 03 is Task HAMMOCK: The statement ""All snicks are trels. All trels are mibs. No mibs are gleeps. All gleeps are plomps. Some plomps are snicks"" does not imply that no snicks are gleeps, as the relationship between snicks and gleeps is explicitly stated to be ""no mibs are gleeps,"" which means there can't be any sn
</Thinking>
<Final_Answers>
- Task HAMMOCK: INVALID
- Task SCARECROW: T
- Task KETTLE: VALID
- Task GARGOYLE: V
- Task HEDGEHOG: TANGO ALPHA YANKEE
</Final_Answers>",qwen2.5:7b,7.0,Qwen2.5,97.0
5,non-ordered,True,True,97.0,,,,,semantic_4,cot,15,5,PLATYPUS,"[7, 8, 9, 10, 15]",0.0,1024,512.0,3135,3,NOVEMBER SIERRA ROMEO,,,,0,True,True,True,0.5,"[{""name"": ""WOMBAT"", ""kind"": ""load"", ""packet"": 7, ""rank"": 1, ""answer"": ""INVALID"", ""reported"": true, ""response"": ""INVALID"", ""correct"": true, ""correct_lenient"": true, ""answer_migrated"": false}, {""name"": ""OBELISK"", ""kind"": ""load"", ""packet"": 8, ""rank"": 2, ""answer"": ""INVALID"", ""reported"": true, ""response"": ""VALID"", ""correct"": false, ""correct_lenient"": false, ""answer_migrated"": true}, {""name"": ""WALNUT"", ""kind"": ""load"", ""packet"": 9, ""rank"": 3, ""answer"": ""INVALID"", ""reported"": true, ""response"": ""VALID"", ""correct"": false, ""correct_lenient"": false, ""answer_migrated"": true}, {""name"": ""CACTUS"", ""kind"": ""load"", ""packet"": 10, ""rank"": 4, ""answer"": ""VALID"", ""reported"": true, ""response"": ""VALID"", ""correct"": true, ""correct_lenient"": true, ""answer_migrated"": false}, {""name"": ""PLATYPUS"", ""kind"": ""passphrase"", ""packet"": 15, ""rank"": 5, ""answer"": ""NOVEMBER SIERRA ROMEO"", ""reported"": true, ""response"": ""NOVEMBER SIERRA ROMEO"", ""correct"": true, ""correct_lenient"": true, ""answer_migrated"": false}]",5,0,0.4,97.0,True,False,False,False,False,1.0,0.0,False,"<Thinking>
Packet 07 is Task WOMBAT: Let's analyze this step by step. If all drovs are pims and some pims are snicks, then there can be drovs that are also snicks. However, no wumps are smegs and all smegs are torps, so there cannot be any overlap between wumps and smegs. Since we don't have information linking drovs to smegs directly or indirectly through the other categories
</Thinking>
<Final_Answers>
- Task WOMBAT: INVALID
- Task OBELISK: VALID
- Task WALNUT: VALID
- Task CACTUS: VALID
- Task PLATYPUS: NOVEMBER SIERRA ROMEO
</Final_Answers>",qwen2.5:7b,7.0,Qwen2.5,97.0
5,non-ordered,True,True,97.0,,,,,semantic_4,cot,11,5,URCHIN,"[1, 3, 6, 8, 11]",0.0,1024,512.0,4135,3,INDIA WHISKEY VICTOR,,,,0,True,True,True,0.75,"[{""name"": ""ICEBERG"", ""kind"": ""load"", ""packet"": 1, ""rank"": 1, ""answer"": ""INVALID"", ""reported"": true, ""response"": ""INVALID"", ""correct"": true, ""correct_lenient"": true, ""answer_migrated"": false}, {""name"": ""QUILT"", ""kind"": ""load"", ""packet"": 3, ""rank"": 2, ""answer"": ""YES"", ""reported"": true, ""response"": ""YES"", ""correct"": true, ""correct_lenient"": true, ""answer_migrated"": false}, {""name"": ""VOLCANO"", ""kind"": ""load"", ""packet"": 6, ""rank"": 3, ""answer"": ""INVALID"", ""reported"": true, ""response"": ""VALID"", ""correct"": false, ""correct_lenient"": false, ""answer_migrated"": false}, {""name"": ""TROMBONE"", ""kind"": ""load"", ""packet"": 8, ""rank"": 4, ""answer"": ""YES"", ""reported"": true, ""response"": ""YES"", ""correct"": true, ""correct_lenient"": true, ""answer_migrated"": false}, {""name"": ""URCHIN"", ""kind"": ""passphrase"", ""packet"": 11, ""rank"": 5, ""answer"": ""INDIA WHISKEY VICTOR"", ""reported"": true, ""response"": ""INDIA WHISKEY VICTOR"", ""correct"": true, ""correct_lenient"": true, ""answer_migrated"": false}]",5,0,0.0,97.0,True,False,False,False,False,2.0,0.0,False,"<Thinking>
Packet 01 is Task ICEBERG: The statement does not provide enough information to conclude that no morks are drabs. Therefore, the answer is INVALID.

Packet 03 is Task QUILT: Since Leo is shorter than Frank and Frank is shorter than Kira, it follows that Kira is taller than Leo. Given that Kira is also shorter than Iris and Iris is shorter than Hank, who in turn is lighter than Nick, we can conclude that Kira
</Thinking>
<Final_Answers>
- Task ICEBERG: INVALID
- Task QUILT: YES
- Task VOLCANO: VALID
- Task TROMBONE: YES
- Task URCHIN: INDIA WHISKEY VICTOR
</Final_Answers>",qwen2.5:7b,7.0,Qwen2.5,97.0
5,non-ordered,True,True,97.0,,,,,semantic_4,cot,13,5,TAPESTRY,"[1, 2, 3, 5, 13]",0.0,1024,512.0,5135,3,INDIA HOTEL QUEBEC,,,,0,True,True,True,0.75,"[{""name"": ""EMERALD"", ""kind"": ""load"", ""packet"": 1, ""rank"": 1, ""answer"": ""VALID"", ""reported"": true, ""response"": ""VALID"", ""correct"": true, ""correct_lenient"": true, ""answer_migrated"": false}, {""name"": ""FLAMINGO"", ""kind"": ""load"", ""packet"": 2, ""rank"": 2, ""answer"": ""YES"", ""reported"": true, ""response"": ""YES"", ""correct"": true, ""correct_lenient"": true, ""answer_migrated"": false}, {""name"": ""DANDELION"", ""kind"": ""load"", ""packet"": 3, ""rank"": 3, ""answer"": ""P"", ""reported"": true, ""response"": ""Q"", ""correct"": false, ""correct_lenient"": false, ""answer_migrated"": false}, {""name"": ""YOGURT"", ""kind"": ""load"", ""packet"": 5, ""rank"": 4, ""answer"": ""VALID"", ""reported"": true, ""response"": ""VALID"", ""correct"": true, ""correct_lenient"": true, ""answer_migrated"": false}, {""name"": ""TAPESTRY"", ""kind"": ""passphrase"", ""packet"": 13, ""rank"": 5, ""answer"": ""INDIA HOTEL QUEBEC"", ""reported"": true, ""response"": ""INDIA HOTEL QUEBEC"", ""correct"": true, ""correct_lenient"": true, ""answer_migrated"": false}]",5,0,0.0,97.0,True,False,False,False,False,1.0,0.0,False,"<Thinking>
Packet 01 is Task EMERALD: The statements can be analyzed as follows. All trils are frans and all frans are snicks, so some trils are snicks. However, no snicks are florks, which means that there cannot be any overlap between snicks and florks. Since some trils could be snicks and none of the snicks can be florks, it follows that no trils are florks. The answer is VALID
</Thinking>
<Final_Answers>
- Task EMERALD: VALID
- Task FLAMINGO: YES
- Task DANDELION: Q
- Task YOGURT: VALID
- Task TAPESTRY: INDIA HOTEL QUEBEC
</Final_Answers>",qwen2.5:7b,7.0,Qwen2.5,97.0
5,non-ordered,True,True,97.0,,,,,semantic_4,cot,15,5,KAYAK,"[2, 8, 10, 14, 15]",0.0,1024,512.0,6135,3,ALPHA CHARLIE BRAVO,,,,0,True,True,True,0.5,"[{""name"": ""CARNIVAL"", ""kind"": ""load"", ""packet"": 2, ""rank"": 1, ""answer"": ""YES"", ""reported"": true, ""response"": ""NO"", ""correct"": false, ""correct_lenient"": false, ""answer_migrated"": false}, {""name"": ""MONGOOSE"", ""kind"": ""load"", ""packet"": 8, ""rank"": 2, ""answer"": ""R"", ""reported"": true, ""response"": ""V"", ""correct"": false, ""correct_lenient"": false, ""answer_migrated"": false}, {""name"": ""OBELISK"", ""kind"": ""load"", ""packet"": 10, ""rank"": 3, ""answer"": ""INVALID"", ""reported"": true, ""response"": ""INVALID"", ""correct"": true, ""correct_lenient"": true, ""answer_migrated"": false}, {""name"": ""XYLOPHONE"", ""kind"": ""load"", ""packet"": 14, ""rank"": 4, ""answer"": ""INVALID"", ""reported"": true, ""response"": ""INVALID"", ""correct"": true, ""correct_lenient"": true, ""answer_migrated"": false}, {""name"": ""KAYAK"", ""kind"": ""passphrase"", ""packet"": 15, ""rank"": 5, ""answer"": ""ALPHA CHARLIE BRAVO"", ""reported"": true, ""response"": ""ALPHA CHARLIE BRAVO"", ""correct"": true, ""correct_lenient"": true, ""answer_migrated"": false}]",5,0,0.0,97.0,True,False,False,False,False,2.0,0.0,False,"<Thinking>
Packet 02 is Task CARNIVAL: Eve is lighter than Hank and Hank is heavier than Nick. Therefore, Eve is not lighter than Nick; the answer is NO.

Packet 08 is Task MONGOOSE: From the given order, Q finished before T, W finished before R, R finished before V, and W also finished before T. This means the order of finish is Q > W > R > V > T. Therefore, the runner who finished in
</Thinking>
<Final_Answers>
- Task CARNIVAL: NO
- Task MONGOOSE: V
- Task OBELISK: INVALID
- Task XYLOPHONE: INVALID
- Task KAYAK: ALPHA CHARLIE BRAVO
</Final_Answers>",qwen2.5:7b,7.0,Qwen2.5,97.0
5,non-ordered,True,True,97.0,,,,,semantic_4,cot,11,5,METRONOME,"[1, 5, 7, 8, 11]",0.0,1024,512.0,7135,3,XRAY KILO FOXTROT,,,,0,True,True,True,0.25,"[{""name"": ""DUMPLING"", ""kind"": ""load"", ""packet"": 1, ""rank"": 1, ""answer"": ""VALID"", ""reported"": true, ""response"": ""INVALID"", ""correct"": false, ""correct_lenient"": false, ""answer_migrated"": true}, {""name"": ""MARBLE"", ""kind"": ""load"", ""packet"": 5, ""rank"": 2, ""answer"": ""INVALID"", ""reported"": true, ""response"": ""INVALID"", ""correct"": true, ""correct_lenient"": true, ""answer_migrated"": false}, {""name"": ""VOLCANO"", ""kind"": ""load"", ""packet"": 7, ""rank"": 3, ""answer"": ""INVALID"", ""reported"": true, ""response"": ""VALID"", ""correct"": false, ""correct_lenient"": false, ""answer_migrated"": true}, {""name"": ""KAYAK"", ""kind"": ""load"", ""packet"": 8, ""rank"": 4, ""answer"": ""INVALID"", ""reported"": true, ""response"": ""VALID"", ""correct"": false, ""correct_lenient"": false, ""answer_migrated"": true}, {""name"": ""METRONOME"", ""kind"": ""passphrase"", ""packet"": 11, ""rank"": 5, ""answer"": ""XRAY KILO FOXTROT"", ""reported"": true, ""response"": ""XRAY KILO FOXTROT"", ""correct"": true, ""correct_lenient"": true, ""answer_migrated"": false}]",5,0,0.6,97.0,True,False,False,False,False,2.0,0.0,False,"<Thinking>
Packet 01 is Task DUMPLING: The statements given do not provide enough information to conclude that no trens are smegs. Therefore, the answer is INVALID.

Packet 05 is Task MARBLE: From the premises, some pims can be traced through vorps and trils to snicks and trels, but there's no direct link between pims and klemps. Thus, it does not follow that some pims are not klemps,
</Thinking>
<Final_Answers>
- Task DUMPLING: INVALID
- Task MARBLE: INVALID
- Task VOLCANO: VALID
- Task KAYAK: VALID
- Task METRONOME: XRAY KILO FOXTROT
</Final_Answers>",qwen2.5:7b,7.0,Qwen2.5,97.0
5,non-ordered,False,True,,,,,,trivial,cot,4,1,RASPBERRY,"[4, 6, 10, 11, 14]",0.0,1024,,114,3,HOTEL SIERRA DELTA,,,,0,True,True,True,1.0,"[{""name"": ""RASPBERRY"", ""kind"": ""passphrase"", ""packet"": 4, ""rank"": 1, ""answer"": ""HOTEL SIERRA DELTA"", ""reported"": true, ""response"": ""HOTEL SIERRA DELTA"", ""correct"": true, ""correct_lenient"": true, ""answer_migrated"": false}, {""name"": ""NECTARINE"", ""kind"": ""load"", ""packet"": 6, ""rank"": 2, ""answer"": ""STORM"", ""reported"": true, ""response"": ""STORM"", ""correct"": true, ""correct_lenient"": true, ""answer_migrated"": false}, {""name"": ""PLATYPUS"", ""kind"": ""load"", ""packet"": 10, ""rank"": 3, ""answer"": ""BROWN"", ""reported"": true, ""response"": ""BROWN"", ""correct"": true, ""correct_lenient"": true, ""answer_migrated"": false}, {""name"": ""INKWELL"", ""kind"": ""load"", ""packet"": 11, ""rank"": 4, ""answer"": ""LAKE"", ""reported"": true, ""response"": ""LAKE"", ""correct"": true, ""correct_lenient"": true, ""answer_migrated"": false}, {""name"": ""KAYAK"", ""kind"": ""load"", ""packet"": 14, ""rank"": 5, ""answer"": ""FINCH"", ""reported"": true, ""response"": ""FINCH"", ""correct"": true, ""correct_lenient"": true, ""answer_migrated"": false}]",5,0,0.0,,,False,False,False,True,5.0,0.0,False,"<Thinking>
Packet 04 is Task RASPBERRY: I must copy the three words HOTEL SIERRA DELTA. Packet 06 is Task NECTARINE: This task is trivial and reports the word STORM as its result. Packet 10 is Task PLATYPUS: This task is trivial and reports the word BROWN as its result. Packet 11 is Task INKWELL: This task is trivial and reports the word LAKE as its result. Packet 14 is Task KAYAK: This task is trivial and reports the word FINCH as its result.
</Thinking>
<Final_Answers>
- Task RASPBERRY: HOTEL SIERRA DELTA
- Task NECTARINE: STORM
- Task PLATYPUS: BROWN
- Task INKWELL: LAKE
- Task KAYAK: FINCH",qwen2.5:7b,7.0,Qwen2.5,97.0
5,non-ordered,False,True,,,,,,trivial,cot,14,5,CENTIPEDE,"[8, 10, 11, 12, 14]",0.0,1024,,1114,3,QUEBEC INDIA OSCAR,,,,0,True,True,True,1.0,"[{""name"": ""METRONOME"", ""kind"": ""load"", ""packet"": 8, ""rank"": 1, ""answer"": ""RICE"", ""reported"": true, ""response"": ""RICE"", ""correct"": true, ""correct_lenient"": true, ""answer_migrated"": false}, {""name"": ""CATAPULT"", ""kind"": ""load"", ""packet"": 10, ""rank"": 2, ""answer"": ""SPOON"", ""reported"": true, ""response"": ""SPOON"", ""correct"": true, ""correct_lenient"": true, ""answer_migrated"": false}, {""name"": ""LANTERN"", ""kind"": ""load"", ""packet"": 11, ""rank"": 3, ""answer"": ""CHERRY"", ""reported"": true, ""response"": ""CHERRY"", ""correct"": true, ""correct_lenient"": true, ""answer_migrated"": false}, {""name"": ""DAFFODIL"", ""kind"": ""load"", ""packet"": 12, ""rank"": 4, ""answer"": ""PLATE"", ""reported"": true, ""response"": ""PLATE"", ""correct"": true, ""correct_lenient"": true, ""answer_migrated"": false}, {""name"": ""CENTIPEDE"", ""kind"": ""passphrase"", ""packet"": 14, ""rank"": 5, ""answer"": ""QUEBEC INDIA OSCAR"", ""reported"": true, ""response"": ""QUEBEC INDIA OSCAR"", ""correct"": true, ""correct_lenient"": true, ""answer_migrated"": false}]",5,0,0.0,,,False,False,False,True,6.0,1.0,False,"<Thinking>
Packet 08 is Task METRONOME: report RICE as the result. Packet 09 and 13 are not tasks. Packet 10 is Task CATAPULT: report SPOON as the result. Packet 11 is Task LANTERN: report CHERRY as the result. Packet 12 is Task DAFFODIL: report PLATE as the result. Packet 14 is Task CENTIPEDE: copy-paste QUEBEC INDIA OSCAR. I found 5 tasks in this stream.
</Thinking>
<Final_Answers>
- Task METRONOME: RICE
- Task CATAPULT: SPOON
- Task LANTERN: CHERRY
- Task DAFFODIL: PLATE
- Task CENTIPEDE: QUEBEC INDIA OSCAR
",qwen2.5:7b,7.0,Qwen2.5,97.0
5,non-ordered,False,True,,,,,,trivial,cot,4,1,YOGURT,"[4, 5, 8, 9, 15]",0.0,1024,,2114,3,HOTEL GOLF VICTOR,,,,0,True,True,True,1.0,"[{""name"": ""YOGURT"", ""kind"": ""passphrase"", ""packet"": 4, ""rank"": 1, ""answer"": ""HOTEL GOLF VICTOR"", ""reported"": true, ""response"": ""HOTEL GOLF VICTOR"", ""correct"": true, ""correct_lenient"": true, ""answer_migrated"": false}, {""name"": ""EGGPLANT"", ""kind"": ""load"", ""packet"": 5, ""rank"": 2, ""answer"": ""BEAR"", ""reported"": true, ""response"": ""BEAR"", ""correct"": true, ""correct_lenient"": true, ""answer_migrated"": false}, {""name"": ""PISTACHIO"", ""kind"": ""load"", ""packet"": 8, ""rank"": 3, ""answer"": ""MAROON"", ""reported"": true, ""response"": ""MAROON"", ""correct"": true, ""correct_lenient"": true, ""answer_migrated"": false}, {""name"": ""QUARRY"", ""kind"": ""load"", ""packet"": 9, ""rank"": 4, ""answer"": ""VIOLET"", ""reported"": true, ""response"": ""VIOLET"", ""correct"": true, ""correct_lenient"": true, ""answer_migrated"": false}, {""name"": ""TROMBONE"", ""kind"": ""load"", ""packet"": 15, ""rank"": 5, ""answer"": ""DUCK"", ""reported"": true, ""response"": ""DUCK"", ""correct"": true, ""correct_lenient"": true, ""answer_migrated"": false}]",5,0,0.0,,,False,False,False,True,5.0,0.0,False,"<Thinking>
Packet 04 is Task YOGURT: I must copy the three words HOTEL GOLF VICTOR. Packet 05 is Task EGGPLANT: The task is to report the word BEAR as the result. Packet 08 is Task PISTACHIO: This task requires reporting the word MAROON. Packet 09 is Task QUARRY: This task involves reporting the word VIOLET. Packet 15 is Task TROMBONE: The task is to report the word DUCK.

I found 4 tasks in this stream.
</Thinking>

<Final_Answers>
- Task YOGURT: HOTEL GOLF VICTOR
- Task EGGPLANT: BEAR
- Task PISTACHIO: MAROON
- Task QUARRY: VIOLET
- Task TROMBONE: DUCK
",qwen2.5:7b,7.0,Qwen2.5,97.0
5,non-ordered,False,True,,,,,,trivial,cot,11,4,SAXOPHONE,"[5, 7, 8, 11, 13]",0.0,1024,,3114,3,HOTEL INDIA ROMEO,,,,0,True,True,True,1.0,"[{""name"": ""PARSNIP"", ""kind"": ""load"", ""packet"": 5, ""rank"": 1, ""answer"": ""CAT"", ""reported"": true, ""response"": ""CAT"", ""correct"": true, ""correct_lenient"": true, ""answer_migrated"": false}, {""name"": ""PELICAN"", ""kind"": ""load"", ""packet"": 7, ""rank"": 2, ""answer"": ""ONION"", ""reported"": true, ""response"": ""ONION"", ""correct"": true, ""correct_lenient"": true, ""answer_migrated"": false}, {""name"": ""DUMPLING"", ""kind"": ""load"", ""packet"": 8, ""rank"": 3, ""answer"": ""GRAPE"", ""reported"": true, ""response"": ""GRAPE"", ""correct"": true, ""correct_lenient"": true, ""answer_migrated"": false}, {""name"": ""SAXOPHONE"", ""kind"": ""passphrase"", ""packet"": 11, ""rank"": 4, ""answer"": ""HOTEL INDIA ROMEO"", ""reported"": true, ""response"": ""HOTEL INDIA ROMEO"", ""correct"": true, ""correct_lenient"": true, ""answer_migrated"": false}, {""name"": ""DAFFODIL"", ""kind"": ""load"", ""packet"": 13, ""rank"": 5, ""answer"": ""WALL"", ""reported"": true, ""response"": ""WALL"", ""correct"": true, ""correct_lenient"": true, ""answer_migrated"": false}]",5,0,0.0,,,False,False,False,True,5.0,0.0,False,"<Thinking>
Packet 05 is Task PARSNIP: report CAT as the result. Packet 07 is Task PELICAN: report ONION as the result. Packet 08 is Task DUMPLING: report GRAPE as the result. Packet 11 is Task SAXOPHONE: copy-paste HOTEL INDIA ROMEO. Packet 13 is Task DAFFODIL: report WALL as the result.
</Thinking>
<Final_Answers>
- Task PARSNIP: CAT
- Task PELICAN: ONION
- Task DUMPLING: GRAPE
- Task SAXOPHONE: HOTEL INDIA ROMEO
- Task DAFFODIL: WALL",qwen2.5:7b,7.0,Qwen2.5,97.0
5,non-ordered,False,True,,,,,,trivial,cot,9,4,HAMMOCK,"[1, 2, 4, 9, 15]",0.0,1024,,4114,3,ALPHA XRAY WHISKEY,,,,0,True,True,True,0.75,"[{""name"": ""UNICYCLE"", ""kind"": ""load"", ""packet"": 1, ""rank"": 1, ""answer"": ""WOLF"", ""reported"": true, ""response"": ""WOLF"", ""correct"": true, ""correct_lenient"": true, ""answer_migrated"": false}, {""name"": ""KUMQUAT"", ""kind"": ""load"", ""packet"": 2, ""rank"": 2, ""answer"": ""CRAB"", ""reported"": true, ""response"": ""CRAB"", ""correct"": true, ""correct_lenient"": true, ""answer_migrated"": false}, {""name"": ""GONDOLA"", ""kind"": ""load"", ""packet"": 4, ""rank"": 3, ""answer"": ""LAMP"", ""reported"": false, ""response"": null, ""correct"": false, ""correct_lenient"": false, ""answer_migrated"": false}, {""name"": ""HAMMOCK"", ""kind"": ""passphrase"", ""packet"": 9, ""rank"": 4, ""answer"": ""ALPHA XRAY WHISKEY"", ""reported"": true, ""response"": ""ALPHA XRAY WHISKEY"", ""correct"": true, ""correct_lenient"": true, ""answer_migrated"": false}, {""name"": ""WATERMELON"", ""kind"": ""load"", ""packet"": 15, ""rank"": 5, ""answer"": ""CARROT"", ""reported"": true, ""response"": ""CARROT"", ""correct"": true, ""correct_lenient"": true, ""answer_migrated"": false}]",4,0,0.0,,,False,False,False,True,4.0,0.0,False,"<Thinking>
Packet 01 is Task UNICYCLE: report WOLF as the result. Packet 02 is Task KUMQUAT: report CRAB as the result. Packet 09 is Task HAMMOCK: I must copy-paste the three words ALPHA XRAY WHISKEY. Packet 15 is Task WATERMELON: report CARROT as the result.
I found 4 tasks in this stream.

<Final_Answers>
- Task UNICYCLE: WOLF
- Task KUMQUAT: CRAB
- Task HAMMOCK: ALPHA XRAY WHISKEY
- Task WATERMELON: CARROT",qwen2.5:7b,7.0,Qwen2.5,97.0
5,non-ordered,False,True,,,,,,trivial,cot,4,1,JIGSAW,"[4, 10, 11, 12, 14]",0.0,1024,,5114,3,GOLF QUEBEC OSCAR,,,,0,True,True,True,1.0,"[{""name"": ""JIGSAW"", ""kind"": ""passphrase"", ""packet"": 4, ""rank"": 1, ""answer"": ""GOLF QUEBEC OSCAR"", ""reported"": true, ""response"": ""GOLF QUEBEC OSCAR"", ""correct"": true, ""correct_lenient"": true, ""answer_migrated"": false}, {""name"": ""ORIGAMI"", ""kind"": ""load"", ""packet"": 10, ""rank"": 2, ""answer"": ""SEAL"", ""reported"": true, ""response"": ""SEAL"", ""correct"": true, ""correct_lenient"": true, ""answer_migrated"": false}, {""name"": ""QUICKSAND"", ""kind"": ""load"", ""packet"": 11, ""rank"": 3, ""answer"": ""TABLE"", ""reported"": true, ""response"": ""TABLE"", ""correct"": true, ""correct_lenient"": true, ""answer_migrated"": false}, {""name"": ""BLIZZARD"", ""kind"": ""load"", ""packet"": 12, ""rank"": 4, ""answer"": ""BLUE"", ""reported"": true, ""response"": ""BLUE"", ""correct"": true, ""correct_lenient"": true, ""answer_migrated"": false}, {""name"": ""BAGPIPE"", ""kind"": ""load"", ""packet"": 14, ""rank"": 5, ""answer"": ""BLACK"", ""reported"": true, ""response"": ""BLACK"", ""correct"": true, ""correct_lenient"": true, ""answer_migrated"": false}]",5,0,0.0,,,False,False,False,True,5.0,0.0,False,"<Thinking>
Packet 04 is Task JIGSAW: I must copy the three words GOLF QUEBEC OSCAR. Packet 10 is Task ORIGAMI: The result for this task is SEAL. Packet 11 is Task QUICKSAND: The result for this task is TABLE. Packet 12 is Task BLIZZARD: The result for this task is BLUE. Packet 14 is Task BAGPIPE: The result for this task is BLACK.
</Thinking>
<Final_Answers>
- Task JIGSAW: GOLF QUEBEC OSCAR
- Task ORIGAMI: SEAL
- Task QUICKSAND: TABLE
- Task BLIZZARD: BLUE
- Task BAGPIPE: BLACK",qwen2.5:7b,7.0,Qwen2.5,97.0
5,non-ordered,False,True,,,,,,trivial,cot,14,5,ZIGZAG,"[7, 9, 11, 12, 14]",0.0,1024,,6114,3,CHARLIE SIERRA ECHO,,,,0,True,True,True,1.0,"[{""name"": ""JIGSAW"", ""kind"": ""load"", ""packet"": 7, ""rank"": 1, ""answer"": ""CRAB"", ""reported"": true, ""response"": ""CRAB"", ""correct"": true, ""correct_lenient"": true, ""answer_migrated"": false}, {""name"": ""ZEPPELIN"", ""kind"": ""load"", ""packet"": 9, ""rank"": 2, ""answer"": ""LEMON"", ""reported"": true, ""response"": ""LEMON"", ""correct"": true, ""correct_lenient"": true, ""answer_migrated"": false}, {""name"": ""CACTUS"", ""kind"": ""load"", ""packet"": 11, ""rank"": 3, ""answer"": ""MAROON"", ""reported"": true, ""response"": ""MAROON"", ""correct"": true, ""correct_lenient"": true, ""answer_migrated"": false}, {""name"": ""HARMONICA"", ""kind"": ""load"", ""packet"": 12, ""rank"": 4, ""answer"": ""STONE"", ""reported"": true, ""response"": ""STONE"", ""correct"": true, ""correct_lenient"": true, ""answer_migrated"": false}, {""name"": ""ZIGZAG"", ""kind"": ""passphrase"", ""packet"": 14, ""rank"": 5, ""answer"": ""CHARLIE SIERRA ECHO"", ""reported"": true, ""response"": ""CHARLIE SIERRA ECHO"", ""correct"": true, ""correct_lenient"": true, ""answer_migrated"": false}]",5,0,0.0,,,False,False,False,True,5.0,0.0,False,"<Thinking>
Packet 07 is Task JIGSAW: The result for this task is CRAB. Packet 09 is Task ZEPPELIN: The result for this task is LEMON. Packet 11 is Task CACTUS: The result for this task is MAROON. Packet 12 is Task HARMONICA: The result for this task is STONE. Packet 14 is Task ZIGZAG: I must copy the three words CHARLIE SIERRA ECHO.
</Thinking>
<Final_Answers>
- Task JIGSAW: CRAB
- Task ZEPPELIN: LEMON
- Task CACTUS: MAROON
- Task HARMONICA: STONE
- Task ZIGZAG: CHARLIE SIERRA ECHO",qwen2.5:7b,7.0,Qwen2.5,97.0
5,non-ordered,False,True,,,,,,trivial,cot,3,2,UKULELE,"[2, 3, 6, 13, 15]",0.0,1024,,7114,3,HOTEL PAPA FOXTROT,,,,0,True,True,True,1.0,"[{""name"": ""DAFFODIL"", ""kind"": ""load"", ""packet"": 2, ""rank"": 1, ""answer"": ""GARLIC"", ""reported"": true, ""response"": ""GARLIC"", ""correct"": true, ""correct_lenient"": true, ""answer_migrated"": false}, {""name"": ""UKULELE"", ""kind"": ""passphrase"", ""packet"": 3, ""rank"": 2, ""answer"": ""HOTEL PAPA FOXTROT"", ""reported"": true, ""response"": ""HOTEL PAPA FOXTROT"", ""correct"": true, ""correct_lenient"": true, ""answer_migrated"": false}, {""name"": ""VOLCANO"", ""kind"": ""load"", ""packet"": 6, ""rank"": 3, ""answer"": ""CYAN"", ""reported"": true, ""response"": ""CYAN"", ""correct"": true, ""correct_lenient"": true, ""answer_migrated"": false}, {""name"": ""VINEYARD"", ""kind"": ""load"", ""packet"": 13, ""rank"": 4, ""answer"": ""OWL"", ""reported"": true, ""response"": ""OWL"", ""correct"": true, ""correct_lenient"": true, ""answer_migrated"": false}, {""name"": ""RAVIOLI"", ""kind"": ""load"", ""packet"": 15, ""rank"": 5, ""answer"": ""WHITE"", ""reported"": true, ""response"": ""WHITE"", ""correct"": true, ""correct_lenient"": true, ""answer_migrated"": false}]",5,0,0.0,,,False,False,False,True,5.0,0.0,False,"<Thinking>
Packet 02 is Task DAFFODIL: The result is GARLIC. Packet 03 is Task UKULELE: I must copy the three words HOTEL PAPA FOXTROT. Packet 06 is Task VOLCANO: The result is CYAN. Packet 13 is Task VINEYARD: The result is OWL. Packet 15 is Task RAVIOLI: The result is WHITE.
</Thinking>
<Final_Answers>
- Task DAFFODIL: GARLIC
- Task UKULELE: HOTEL PAPA FOXTROT
- Task VOLCANO: CYAN
- Task VINEYARD: OWL
- Task RAVIOLI: WHITE",qwen2.5:7b,7.0,Qwen2.5,97.0
5,non-ordered,True,True,,,,,,trivial,cot,14,5,INKWELL,"[4, 6, 10, 11, 14]",0.0,1024,,114,3,HOTEL SIERRA DELTA,,,,0,True,True,True,1.0,"[{""name"": ""TROMBONE"", ""kind"": ""load"", ""packet"": 4, ""rank"": 1, ""answer"": ""STONE"", ""reported"": true, ""response"": ""STONE"", ""correct"": true, ""correct_lenient"": true, ""answer_migrated"": false}, {""name"": ""RASPBERRY"", ""kind"": ""load"", ""packet"": 6, ""rank"": 2, ""answer"": ""WHALE"", ""reported"": true, ""response"": ""WHALE"", ""correct"": true, ""correct_lenient"": true, ""answer_migrated"": false}, {""name"": ""NECTARINE"", ""kind"": ""load"", ""packet"": 10, ""rank"": 3, ""answer"": ""STORM"", ""reported"": true, ""response"": ""STORM"", ""correct"": true, ""correct_lenient"": true, ""answer_migrated"": false}, {""name"": ""PLATYPUS"", ""kind"": ""load"", ""packet"": 11, ""rank"": 4, ""answer"": ""BROWN"", ""reported"": true, ""response"": ""BROWN"", ""correct"": true, ""correct_lenient"": true, ""answer_migrated"": false}, {""name"": ""INKWELL"", ""kind"": ""passphrase"", ""packet"": 14, ""rank"": 5, ""answer"": ""HOTEL SIERRA DELTA"", ""reported"": true, ""response"": ""HOTEL SIERRA DELTA"", ""correct"": true, ""correct_lenient"": true, ""answer_migrated"": false}]",5,0,0.0,,,False,False,False,True,5.0,0.0,False,"<Thinking>
Packet 04 is Task TROMBONE: The result is STONE. Packet 06 is Task RASPBERRY: The result is WHALE. Packet 10 is Task NECTARINE: The result is STORM. Packet 11 is Task PLATYPUS: The result is BROWN. Packet 14 is Task INKWELL: I must copy the three words HOTEL SIERRA DELTA.
I found 5 tasks in this stream.

<Final_Answers>
- Task TROMBONE: STONE
- Task RASPBERRY: WHALE
- Task NECTARINE: STORM
- Task PLATYPUS: BROWN
- Task INKWELL: HOTEL SIERRA DELTA",qwen2.5:7b,7.0,Qwen2.5,97.0
5,non-ordered,True,True,,,,,,trivial,cot,14,5,DAFFODIL,"[8, 10, 11, 12, 14]",0.0,1024,,1114,3,QUEBEC INDIA OSCAR,,,,0,True,True,True,1.0,"[{""name"": ""WALNUT"", ""kind"": ""load"", ""packet"": 8, ""rank"": 1, ""answer"": ""BREAD"", ""reported"": true, ""response"": ""BREAD"", ""correct"": true, ""correct_lenient"": true, ""answer_migrated"": false}, {""name"": ""METRONOME"", ""kind"": ""load"", ""packet"": 10, ""rank"": 2, ""answer"": ""RICE"", ""reported"": true, ""response"": ""RICE"", ""correct"": true, ""correct_lenient"": true, ""answer_migrated"": false}, {""name"": ""CATAPULT"", ""kind"": ""load"", ""packet"": 11, ""rank"": 3, ""answer"": ""SPOON"", ""reported"": true, ""response"": ""SPOON"", ""correct"": true, ""correct_lenient"": true, ""answer_migrated"": false}, {""name"": ""LANTERN"", ""kind"": ""load"", ""packet"": 12, ""rank"": 4, ""answer"": ""CHERRY"", ""reported"": true, ""response"": ""CHERRY"", ""correct"": true, ""correct_lenient"": true, ""answer_migrated"": false}, {""name"": ""DAFFODIL"", ""kind"": ""passphrase"", ""packet"": 14, ""rank"": 5, ""answer"": ""QUEBEC INDIA OSCAR"", ""reported"": true, ""response"": ""QUEBEC INDIA OSCAR"", ""correct"": true, ""correct_lenient"": true, ""answer_migrated"": false}]",5,0,0.0,,,False,False,False,True,5.0,0.0,False,"<Thinking>
Packet 08 is Task WALNUT: the result is BREAD. Packet 10 is Task METRONOME: the result is RICE. Packet 11 is Task CATAPULT: the result is SPOON. Packet 12 is Task LANTERN: the result is CHERRY. Packet 14 is Task DAFFODIL: I must copy the three words QUEBEC INDIA OSCAR.
</Thinking>
<Final_Answers>
- Task WALNUT: BREAD
- Task METRONOME: RICE
- Task CATAPULT: SPOON
- Task LANTERN: CHERRY
- Task DAFFODIL: QUEBEC INDIA OSCAR",qwen2.5:7b,7.0,Qwen2.5,97.0
5,non-ordered,True,True,,,,,,trivial,cot,15,5,QUARRY,"[4, 5, 8, 9, 15]",0.0,1024,,2114,3,HOTEL GOLF VICTOR,,,,0,True,True,True,0.75,"[{""name"": ""TROMBONE"", ""kind"": ""load"", ""packet"": 4, ""rank"": 1, ""answer"": ""BLACK"", ""reported"": true, ""response"": ""BLACK"", ""correct"": true, ""correct_lenient"": true, ""answer_migrated"": false}, {""name"": ""YOGURT"", ""kind"": ""load"", ""packet"": 5, ""rank"": 2, ""answer"": ""BEAR"", ""reported"": true, ""response"": ""BEAR"", ""correct"": true, ""correct_lenient"": true, ""answer_migrated"": false}, {""name"": ""EGGPLANT"", ""kind"": ""load"", ""packet"": 8, ""rank"": 3, ""answer"": ""MAROON"", ""reported"": true, ""response"": ""MAROON"", ""correct"": true, ""correct_lenient"": true, ""answer_migrated"": false}, {""name"": ""PISTACHIO"", ""kind"": ""load"", ""packet"": 9, ""rank"": 4, ""answer"": ""VIOLET"", ""reported"": false, ""response"": null, ""correct"": false, ""correct_lenient"": false, ""answer_migrated"": false}, {""name"": ""QUARRY"", ""kind"": ""passphrase"", ""packet"": 15, ""rank"": 5, ""answer"": ""HOTEL GOLF VICTOR"", ""reported"": true, ""response"": ""HOTEL GOLF VICTOR"", ""correct"": true, ""correct_lenient"": true, ""answer_migrated"": false}]",4,0,0.0,,,False,False,False,True,4.0,0.0,False,"<Thinking>
Packet 04 is Task TROMBONE: report the word BLACK as this task's result.
Packet 05 is Task YOGURT: report the word BEAR as this task's result.
Packet 08 is Task EGGPLANT: report the word MAROON as this task's result.
Packet 15 is Task QUARRY: I must copy the three words HOTEL GOLF VICTOR. I found 4 tasks in this stream.

<Final_Answers>
- Task TROMBONE: BLACK
- Task YOGURT: BEAR
- Task EGGPLANT: MAROON
- Task QUARRY: HOTEL GOLF VICTOR",qwen2.5:7b,7.0,Qwen2.5,97.0
5,non-ordered,True,True,,,,,,trivial,cot,13,5,SAXOPHONE,"[5, 7, 8, 11, 13]",0.0,1024,,3114,3,HOTEL INDIA ROMEO,,,,0,True,True,True,1.0,"[{""name"": ""BONSAI"", ""kind"": ""load"", ""packet"": 5, ""rank"": 1, ""answer"": ""FOX"", ""reported"": true, ""response"": ""FOX"", ""correct"": true, ""correct_lenient"": true, ""answer_migrated"": false}, {""name"": ""PARSNIP"", ""kind"": ""load"", ""packet"": 7, ""rank"": 2, ""answer"": ""CAT"", ""reported"": true, ""response"": ""CAT"", ""correct"": true, ""correct_lenient"": true, ""answer_migrated"": false}, {""name"": ""PELICAN"", ""kind"": ""load"", ""packet"": 8, ""rank"": 3, ""answer"": ""ONION"", ""reported"": true, ""response"": ""ONION"", ""correct"": true, ""correct_lenient"": true, ""answer_migrated"": false}, {""name"": ""DUMPLING"", ""kind"": ""load"", ""packet"": 11, ""rank"": 4, ""answer"": ""GRAPE"", ""reported"": true, ""response"": ""GRAPE"", ""correct"": true, ""correct_lenient"": true, ""answer_migrated"": false}, {""name"": ""SAXOPHONE"", ""kind"": ""passphrase"", ""packet"": 13, ""rank"": 5, ""answer"": ""HOTEL INDIA ROMEO"", ""reported"": true, ""response"": ""HOTEL INDIA ROMEO"", ""correct"": true, ""correct_lenient"": true, ""answer_migrated"": false}]",5,0,0.0,,,False,False,False,True,5.0,0.0,False,"<Thinking>
Packet 05 is Task BONSAI: The result is FOX. Packet 07 is Task PARSNIP: The result is CAT. Packet 08 is Task PELICAN: The result is ONION. Packet 11 is Task DUMPLING: The result is GRAPE. Packet 13 is Task SAXOPHONE: I must copy the three words HOTEL INDIA ROMEO.
I found 4 tasks in this stream.

<Final_Answers>
- Task BONSAI: FOX
- Task PARSNIP: CAT
- Task PELICAN: ONION
- Task DUMPLING: GRAPE
- Task SAXOPHONE: HOTEL INDIA ROMEO",qwen2.5:7b,7.0,Qwen2.5,97.0
5,non-ordered,True,True,,,,,,trivial,cot,15,5,HAMMOCK,"[1, 2, 4, 9, 15]",0.0,1024,,4114,3,ALPHA XRAY WHISKEY,,,,0,True,True,True,0.75,"[{""name"": ""HARMONICA"", ""kind"": ""load"", ""packet"": 1, ""rank"": 1, ""answer"": ""BLUE"", ""reported"": true, ""response"": ""BLUE"", ""correct"": true, ""correct_lenient"": true, ""answer_migrated"": false}, {""name"": ""UNICYCLE"", ""kind"": ""load"", ""packet"": 2, ""rank"": 2, ""answer"": ""WOLF"", ""reported"": true, ""response"": ""WOLF"", ""correct"": true, ""correct_lenient"": true, ""answer_migrated"": false}, {""name"": ""KUMQUAT"", ""kind"": ""load"", ""packet"": 4, ""rank"": 3, ""answer"": ""CRAB"", ""reported"": false, ""response"": null, ""correct"": false, ""correct_lenient"": false, ""answer_migrated"": false}, {""name"": ""GONDOLA"", ""kind"": ""load"", ""packet"": 9, ""rank"": 4, ""answer"": ""LAMP"", ""reported"": true, ""response"": ""LAMP"", ""correct"": true, ""correct_lenient"": true, ""answer_migrated"": false}, {""name"": ""HAMMOCK"", ""kind"": ""passphrase"", ""packet"": 15, ""rank"": 5, ""answer"": ""ALPHA XRAY WHISKEY"", ""reported"": true, ""response"": ""ALPHA XRAY WHISKEY"", ""correct"": true, ""correct_lenient"": true, ""answer_migrated"": false}]",4,0,0.0,,,False,False,False,True,4.0,0.0,False,"<Thinking>
Packet 01 is Task HARMONICA: report the word BLUE as this task's result.
Packet 02 is Task UNICYCLE: report the word WOLF as this task's result.
Packet 09 is Task GONDOLA: report the word LAMP as this task's result.
Packet 15 is Task HAMMOCK: I must copy the three words ALPHA XRAY WHISKEY.

I found 3 tasks in this stream.
</Thinking>
<Final_Answers>
- Task HARMONICA: BLUE
- Task UNICYCLE: WOLF
- Task GONDOLA: LAMP
- Task HAMMOCK: ALPHA XRAY WHISKEY
",qwen2.5:7b,7.0,Qwen2.5,97.0
5,non-ordered,True,True,,,,,,trivial,cot,14,5,BLIZZARD,"[4, 10, 11, 12, 14]",0.0,1024,,5114,3,GOLF QUEBEC OSCAR,,,,0,True,True,True,1.0,"[{""name"": ""LANTERN"", ""kind"": ""load"", ""packet"": 4, ""rank"": 1, ""answer"": ""GOOSE"", ""reported"": true, ""response"": ""GOOSE"", ""correct"": true, ""correct_lenient"": true, ""answer_migrated"": false}, {""name"": ""JIGSAW"", ""kind"": ""load"", ""packet"": 10, ""rank"": 2, ""answer"": ""SEAL"", ""reported"": true, ""response"": ""SEAL"", ""correct"": true, ""correct_lenient"": true, ""answer_migrated"": false}, {""name"": ""ORIGAMI"", ""kind"": ""load"", ""packet"": 11, ""rank"": 3, ""answer"": ""TABLE"", ""reported"": true, ""response"": ""TABLE"", ""correct"": true, ""correct_lenient"": true, ""answer_migrated"": false}, {""name"": ""QUICKSAND"", ""kind"": ""load"", ""packet"": 12, ""rank"": 4, ""answer"": ""BLUE"", ""reported"": true, ""response"": ""BLUE"", ""correct"": true, ""correct_lenient"": true, ""answer_migrated"": false}, {""name"": ""BLIZZARD"", ""kind"": ""passphrase"", ""packet"": 14, ""rank"": 5, ""answer"": ""GOLF QUEBEC OSCAR"", ""reported"": true, ""response"": ""GOLF QUEBEC OSCAR"", ""correct"": true, ""correct_lenient"": true, ""answer_migrated"": false}]",5,0,0.0,,,False,False,False,True,5.0,0.0,False,"<Thinking>
Packet 04 is Task LANTERN: The result is GOOSE. Packet 10 is Task JIGSAW: The result is SEAL. Packet 11 is Task ORIGAMI: The result is TABLE. Packet 12 is Task QUICKSAND: The result is BLUE. Packet 14 is Task BLIZZARD: I must copy the three words GOLF QUEBEC OSCAR.
</Thinking>
<Final_Answers>
- Task LANTERN: GOOSE
- Task JIGSAW: SEAL
- Task ORIGAMI: TABLE
- Task QUICKSAND: BLUE
- Task BLIZZARD: GOLF QUEBEC OSCAR",qwen2.5:7b,7.0,Qwen2.5,97.0
5,non-ordered,True,True,,,,,,trivial,cot,14,5,CACTUS,"[7, 9, 11, 12, 14]",0.0,1024,,6114,3,CHARLIE SIERRA ECHO,,,,0,True,True,True,1.0,"[{""name"": ""ROOSTER"", ""kind"": ""load"", ""packet"": 7, ""rank"": 1, ""answer"": ""DOOR"", ""reported"": true, ""response"": ""DOOR"", ""correct"": true, ""correct_lenient"": true, ""answer_migrated"": false}, {""name"": ""SAXOPHONE"", ""kind"": ""load"", ""packet"": 9, ""rank"": 2, ""answer"": ""ROOT"", ""reported"": true, ""response"": ""ROOT"", ""correct"": true, ""correct_lenient"": true, ""answer_migrated"": false}, {""name"": ""JIGSAW"", ""kind"": ""load"", ""packet"": 11, ""rank"": 3, ""answer"": ""CRAB"", ""reported"": true, ""response"": ""CRAB"", ""correct"": true, ""correct_lenient"": true, ""answer_migrated"": false}, {""name"": ""ZEPPELIN"", ""kind"": ""load"", ""packet"": 12, ""rank"": 4, ""answer"": ""LEMON"", ""reported"": true, ""response"": ""LEMON"", ""correct"": true, ""correct_lenient"": true, ""answer_migrated"": false}, {""name"": ""CACTUS"", ""kind"": ""passphrase"", ""packet"": 14, ""rank"": 5, ""answer"": ""CHARLIE SIERRA ECHO"", ""reported"": true, ""response"": ""CHARLIE SIERRA ECHO"", ""correct"": true, ""correct_lenient"": true, ""answer_migrated"": false}]",5,0,0.0,,,False,False,False,True,5.0,0.0,False,"<Thinking>
Packet 07 is Task ROOSTER: the result is DOOR. Packet 09 is Task SAXOPHONE: the result is ROOT. Packet 11 is Task JIGSAW: the result is CRAB. Packet 12 is Task ZEPPELIN: the result is LEMON. Packet 14 is Task CACTUS: I must copy the three words CHARLIE SIERRA ECHO.
</Thinking>
<Final_Answers>
- Task ROOSTER: DOOR
- Task SAXOPHONE: ROOT
- Task JIGSAW: CRAB
- Task ZEPPELIN: LEMON
- Task CACTUS: CHARLIE SIERRA ECHO
",qwen2.5:7b,7.0,Qwen2.5,97.0
5,non-ordered,True,True,,,,,,trivial,cot,15,5,VINEYARD,"[2, 3, 6, 13, 15]",0.0,1024,,7114,3,HOTEL PAPA FOXTROT,,,,0,True,True,True,0.75,"[{""name"": ""PELICAN"", ""kind"": ""load"", ""packet"": 2, ""rank"": 1, ""answer"": ""CLOUD"", ""reported"": true, ""response"": ""CLOUD"", ""correct"": true, ""correct_lenient"": true, ""answer_migrated"": false}, {""name"": ""DAFFODIL"", ""kind"": ""load"", ""packet"": 3, ""rank"": 2, ""answer"": ""GARLIC"", ""reported"": true, ""response"": ""GARLIC"", ""correct"": true, ""correct_lenient"": true, ""answer_migrated"": false}, {""name"": ""UKULELE"", ""kind"": ""load"", ""packet"": 6, ""rank"": 3, ""answer"": ""CYAN"", ""reported"": false, ""response"": null, ""correct"": false, ""correct_lenient"": false, ""answer_migrated"": false}, {""name"": ""VOLCANO"", ""kind"": ""load"", ""packet"": 13, ""rank"": 4, ""answer"": ""OWL"", ""reported"": true, ""response"": ""OWL"", ""correct"": true, ""correct_lenient"": true, ""answer_migrated"": false}, {""name"": ""VINEYARD"", ""kind"": ""passphrase"", ""packet"": 15, ""rank"": 5, ""answer"": ""HOTEL PAPA FOXTROT"", ""reported"": true, ""response"": ""HOTEL PAPA FOXTROT"", ""correct"": true, ""correct_lenient"": true, ""answer_migrated"": false}]",4,0,0.0,,,False,False,False,True,4.0,0.0,False,"<Thinking>
Packet 02 is Task PELICAN: The result is CLOUD. Packet 03 is Task DAFFODIL: The result is GARLIC. Packet 13 is Task VOLCANO: The result is OWL. Packet 15 is Task VINEYARD: I must copy the three words HOTEL PAPA FOXTROT.
I found 4 tasks in this stream.

<Final_Answers>
- Task PELICAN: CLOUD
- Task DAFFODIL: GARLIC
- Task VOLCANO: OWL
- Task VINEYARD: HOTEL PAPA FOXTROT",qwen2.5:7b,7.0,Qwen2.5,97.0
5,non-ordered,False,True,,,,,,semantic_4,cot,5,1,EMERALD,"[5, 8, 10, 11, 13]",0.0,1024,,135,3,VICTOR LIMA UNIFORM,,,,0,True,True,True,0.75,"[{""name"": ""EMERALD"", ""kind"": ""passphrase"", ""packet"": 5, ""rank"": 1, ""answer"": ""VICTOR LIMA UNIFORM"", ""reported"": true, ""response"": ""VICTOR LIMA UNIFORM"", ""correct"": true, ""correct_lenient"": true, ""answer_migrated"": false}, {""name"": ""JIGSAW"", ""kind"": ""load"", ""packet"": 8, ""rank"": 2, ""answer"": ""VALID"", ""reported"": true, ""response"": ""VALID"", ""correct"": true, ""correct_lenient"": true, ""answer_migrated"": false}, {""name"": ""PYRAMID"", ""kind"": ""load"", ""packet"": 10, ""rank"": 3, ""answer"": ""VALID"", ""reported"": true, ""response"": ""VALID"", ""correct"": true, ""correct_lenient"": true, ""answer_migrated"": false}, {""name"": ""WALNUT"", ""kind"": ""load"", ""packet"": 11, ""rank"": 4, ""answer"": ""VALID"", ""reported"": true, ""response"": ""VALID"", ""correct"": true, ""correct_lenient"": true, ""answer_migrated"": false}, {""name"": ""RASPBERRY"", ""kind"": ""load"", ""packet"": 13, ""rank"": 5, ""answer"": ""INVALID"", ""reported"": true, ""response"": ""VALID"", ""correct"": false, ""correct_lenient"": false, ""answer_migrated"": true}]",5,0,0.2,,,False,False,False,True,5.0,0.0,False,"<Thinking>
Packet 05 is Task EMERALD: I must copy the three words VICTOR LIMA UNIFORM. Packet 08 is Task JIGSAW: Some smegs are not morks because if some smegs are vorps and all vorps are plomps, but no skrans are morks and all morks are mibs, it does not necessarily follow that any smegs are morks. Packet 10 is Task PYRAMID: Some vails are not plonks because if some vails are krants and all krants are trens, all trens are drabs, but no drabs are plonks, then it follows that some vails cannot be plonks. Packet 11 is Task WALNUT: No pims are klemps because if all pims are gleeps and all gleeps are snigs, but no snigs are klemps, then it follows that no pims can be klemps. Packet 13 is Task RASPBERRY: Some plonks are not trels because if some trils are plurms and all plonms are vrils, but no vrils are trels, and all plonks are trils, then it follows that some plonks cannot be trels. I found 4 tasks in this stream.
</Thinking>
<Final_Answers>
- Task EMERALD: VICTOR LIMA UNIFORM
- Task JIGSAW: VALID
- Task PYRAMID: VALID
- Task WALNUT: VALID
- Task RASPBERRY: VALID
",qwen2.5:7b,7.0,Qwen2.5,97.0
5,non-ordered,False,True,,,,,,semantic_4,cot,10,4,GONDOLA,"[4, 5, 9, 10, 15]",0.0,1024,,1135,3,ROMEO OSCAR ECHO,,,,0,True,True,True,0.5,"[{""name"": ""OBELISK"", ""kind"": ""load"", ""packet"": 4, ""rank"": 1, ""answer"": ""VALID"", ""reported"": true, ""response"": ""VALID"", ""correct"": true, ""correct_lenient"": true, ""answer_migrated"": false}, {""name"": ""METRONOME"", ""kind"": ""load"", ""packet"": 5, ""rank"": 2, ""answer"": ""VALID"", ""reported"": true, ""response"": ""INVALID"", ""correct"": false, ""correct_lenient"": false, ""answer_migrated"": true}, {""name"": ""PYRAMID"", ""kind"": ""load"", ""packet"": 9, ""rank"": 3, ""answer"": ""VALID"", ""reported"": true, ""response"": ""VALID"", ""correct"": true, ""correct_lenient"": true, ""answer_migrated"": false}, {""name"": ""GONDOLA"", ""kind"": ""passphrase"", ""packet"": 10, ""rank"": 4, ""answer"": ""ROMEO OSCAR ECHO"", ""reported"": true, ""response"": ""ROMEO OSCAR ECHO"", ""correct"": true, ""correct_lenient"": true, ""answer_migrated"": false}, {""name"": ""VOLCANO"", ""kind"": ""load"", ""packet"": 15, ""rank"": 5, ""answer"": ""INVALID"", ""reported"": true, ""response"": ""VALID"", ""correct"": false, ""correct_lenient"": false, ""answer_migrated"": true}]",5,0,0.4,,,False,False,False,True,5.0,0.0,False,"<Thinking>
Packet 04 is Task OBELISK: The statements can be analyzed as follows. Some snicks are yarps (S ⊆ Y), all yarps are grebs (Y ⊆ G), all grebs are vorps (G ⊆ V), no vorps are knifs (V ∩ K = ∅), and all knifs are ralks (K ⊆ R). Since S is a subset of Y, which is a subset of G, which is a subset of V, and V does not intersect with K, it follows that some snicks cannot be knifs. Therefore, the answer is VALID.

Packet 05 is Task METRONOME: The statements can be analyzed as follows. All wozzles are plomps (W ⊆ P), all plomps are krants (P ⊆ K), no krants are snicks (K ∩ S = ∅), and all snicks are klemps (S ⊆ L). Since W is a subset of P, which is a subset of K, and K does not intersect with S, it follows that some wozzles can be snicks. Therefore, the answer is INVALID.

Packet 09 is Task PYRAMID: The statements can be analyzed as follows. Some torps are vails (T ∩ V ≠ ∅), all vails are plurms (V ⊆ P), all plurms are trens (P ⊆ T), no trens are mibs (T ∩ M = ∅), and all mibs are snorfs (M ⊆ N). Since T is a subset of P, which is a subset of V, and V intersects with T but not with M, it follows that some torps cannot be mibs. Therefore, the answer is VALID.

Packet 10 is Task GONDOLA: I must copy the three words ROMEO OSCAR ECHO.

Packet 15 is Task VOLCANO: The statements can be analyzed as follows. Some trens are torps (T ∩ T ≠ ∅), some torps are flurbs (T ∩ F ≠ ∅), some flurbs are trels (F ∩ R ≠ ∅), all trels are mibs (R ⊆ M), and no mibs are knifs (M ∩ K = ∅). Since T intersects with T, which intersects with F, which intersects with R, which is a subset of M, and M does not intersect with K, it follows that some trens cannot be knifs. Therefore, the answer is VALID.
</Thinking>

<Final_Answers>
- Task OBELISK: VALID
- Task METRONOME: INVALID
- Task PYRAMID: VALID
- Task GONDOLA: ROMEO OSCAR ECHO
- Task VOLCANO: VALID
",qwen2.5:7b,7.0,Qwen2.5,97.0
5,non-ordered,False,True,,,,,,semantic_4,cot,13,3,GARGOYLE,"[3, 10, 13, 14, 15]",0.0,1024,,2135,3,TANGO ALPHA YANKEE,,,,0,True,True,True,0.0,"[{""name"": ""SCARECROW"", ""kind"": ""load"", ""packet"": 3, ""rank"": 1, ""answer"": ""R"", ""reported"": true, ""response"": ""W"", ""correct"": false, ""correct_lenient"": false, ""answer_migrated"": true}, {""name"": ""KETTLE"", ""kind"": ""load"", ""packet"": 10, ""rank"": 2, ""answer"": ""INVALID"", ""reported"": true, ""response"": ""VALID"", ""correct"": false, ""correct_lenient"": false, ""answer_migrated"": false}, {""name"": ""GARGOYLE"", ""kind"": ""passphrase"", ""packet"": 13, ""rank"": 3, ""answer"": ""TANGO ALPHA YANKEE"", ""reported"": true, ""response"": ""TANGO ALPHA YANKEE"", ""correct"": true, ""correct_lenient"": true, ""answer_migrated"": false}, {""name"": ""HEDGEHOG"", ""kind"": ""load"", ""packet"": 14, ""rank"": 4, ""answer"": ""W"", ""reported"": true, ""response"": ""Q"", ""correct"": false, ""correct_lenient"": false, ""answer_migrated"": false}, {""name"": ""QUILT"", ""kind"": ""load"", ""packet"": 15, ""rank"": 5, ""answer"": ""INVALID"", ""reported"": true, ""response"": ""VALID"", ""correct"": false, ""correct_lenient"": false, ""answer_migrated"": false}]",5,0,0.2,,,False,False,False,True,5.0,0.0,False,"<Thinking>
Packet 03 is Task SCARECROW: Analyzing the runners' order. Q > T, W > R, R > V, and W > T, so W > V. Also, W > U, V > W, S > V, and U > Q. The order is Q > T > W > V > U > S. So, W finished in second place.

Packet 10 is Task KETTLE: Analyzing the logical statements. If all snorfs are yarps, some yarps are trens, and no wugs are vorps, then snorfs cannot be vorps because they are a subset of yarps which do not include wugs (and thus not vorps). The answer is VALID.

Packet 13 is Task GARGOYLE: Copying the words ""TANGO ALPHA YANKEE"".

Packet 14 is Task HEDGEHOG: Analyzing the runners' order. W > U, W > Q, V > W, S > V, and U > Q. The order is W > U > Q > V > S. So, Q finished in third place.

Packet 15 is Task QUILT: Analyzing the logical statements. If all drovs are pims, some pims are snicks, no wumps are smegs, and all smegs are torps, then drovs cannot be smegs because they are a subset of pims which do not include wumps (and thus not smegs). The answer is VALID.
</Thinking>

<Final_Answers>
- Task SCARECROW: W
- Task KETTLE: VALID
- Task GARGOYLE: TANGO ALPHA YANKEE
- Task HEDGEHOG: Q
- Task QUILT: VALID
",qwen2.5:7b,7.0,Qwen2.5,97.0
5,non-ordered,False,True,,,,,,semantic_4,cot,10,4,PLATYPUS,"[7, 8, 9, 10, 15]",0.0,1024,,3135,3,NOVEMBER SIERRA ROMEO,,,,0,True,True,True,0.75,"[{""name"": ""OBELISK"", ""kind"": ""load"", ""packet"": 7, ""rank"": 1, ""answer"": ""INVALID"", ""reported"": true, ""response"": ""VALID"", ""correct"": false, ""correct_lenient"": false, ""answer_migrated"": true}, {""name"": ""WALNUT"", ""kind"": ""load"", ""packet"": 8, ""rank"": 2, ""answer"": ""INVALID"", ""reported"": true, ""response"": ""INVALID"", ""correct"": true, ""correct_lenient"": true, ""answer_migrated"": false}, {""name"": ""CACTUS"", ""kind"": ""load"", ""packet"": 9, ""rank"": 3, ""answer"": ""VALID"", ""reported"": true, ""response"": ""VALID"", ""correct"": true, ""correct_lenient"": true, ""answer_migrated"": false}, {""name"": ""PLATYPUS"", ""kind"": ""passphrase"", ""packet"": 10, ""rank"": 4, ""answer"": ""NOVEMBER SIERRA ROMEO"", ""reported"": true, ""response"": ""NOVEMBER SIERRA ROMEO"", ""correct"": true, ""correct_lenient"": true, ""answer_migrated"": false}, {""name"": ""HAMMOCK"", ""kind"": ""load"", ""packet"": 15, ""rank"": 5, ""answer"": ""INVALID"", ""reported"": true, ""response"": ""INVALID"", ""correct"": true, ""correct_lenient"": true, ""answer_migrated"": false}]",5,0,0.2,,,False,False,False,True,5.0,0.0,False,"<Thinking>
Packet 07 is Task OBELISK: Let's analyze this step by step. Some vrils are wozzles (V -> W), some wozzles are zorps (W -> Z), and some zorps are skrans (Z -> S). All skrans are drabs (S -> D), and no drabs are wugs (D -> ¬W). Since V -> W -> Z -> S -> D, and D does not include W, it follows that some vrils are not wugs. The answer is VALID.

Packet 08 is Task WALNUT: Let's break this down. All trils are snigs (T -> S), all vails are grebs (V -> G), some snigs are vails (S ∩ V ≠ ∅), no grebs are knifs (G -> ¬K), and all knifs are wugs (K -> W). Since T -> S, and S ∩ V ≠ ∅, it means that some trils could be in the intersection of S and V. However, since G -> ¬K and K -> W, there is no direct link between T and K. Therefore, we cannot conclude that no trils are knifs. The answer is INVALID.

Packet 09 is Task CACTUS: Let's analyze this step by step. All wozzles are plomps (W -> P), all plomps are krants (P -> K), and no krants are snicks (K -> ¬S). Some klemps are wozzles (Klemp ∩ W ≠ ∅), but since W -> P, Klemp ∩ W -> Klemp ∩ P. Since P -> K and K -> ¬S, it follows that some klemps could be in the intersection of P and K, which means they cannot be snicks. Therefore, no wozzles are snicks. The answer is VALID.

Packet 10 is Task PLATYPUS: I must copy the three words NOVEMBER SIERRA ROMEO. The task is to copy-paste these exact words.

Packet 15 is Task HAMMOCK: Let's break this down. All torps are plonks (T -> P), all morks are snorfs (M -> S), some plonks are morks (P ∩ M ≠ ∅), no snorfs are knifs (S -> ¬K), and all knifs are pims (K -> P). Since T -> P, and P ∩ M ≠ ∅, it means that some torps could be in the intersection of P and M. However, since S -> ¬K and K -> P, there is no direct link between T and K. Therefore, we cannot conclude that no torps are knifs. The answer is INVALID.

I found 4 tasks in this stream.
</Thinking>
<Final_Answers>
- Task OBELISK: VALID
- Task WALNUT: INVALID
- Task CACTUS: VALID
- Task PLATYPUS: NOVEMBER SIERRA ROMEO
- Task HAMMOCK: INVALID
",qwen2.5:7b,7.0,Qwen2.5,97.0
5,non-ordered,False,True,,,,,,semantic_4,cot,8,4,URCHIN,"[1, 3, 6, 8, 11]",0.0,1024,,4135,3,INDIA WHISKEY VICTOR,,,,0,True,True,True,1.0,"[{""name"": ""QUILT"", ""kind"": ""load"", ""packet"": 1, ""rank"": 1, ""answer"": ""YES"", ""reported"": true, ""response"": ""YES"", ""correct"": true, ""correct_lenient"": true, ""answer_migrated"": false}, {""name"": ""VOLCANO"", ""kind"": ""load"", ""packet"": 3, ""rank"": 2, ""answer"": ""INVALID"", ""reported"": true, ""response"": ""INVALID"", ""correct"": true, ""correct_lenient"": true, ""answer_migrated"": false}, {""name"": ""TROMBONE"", ""kind"": ""load"", ""packet"": 6, ""rank"": 3, ""answer"": ""YES"", ""reported"": true, ""response"": ""YES"", ""correct"": true, ""correct_lenient"": true, ""answer_migrated"": false}, {""name"": ""URCHIN"", ""kind"": ""passphrase"", ""packet"": 8, ""rank"": 4, ""answer"": ""INDIA WHISKEY VICTOR"", ""reported"": true, ""response"": ""INDIA WHISKEY VICTOR"", ""correct"": true, ""correct_lenient"": true, ""answer_migrated"": false}, {""name"": ""ORIGAMI"", ""kind"": ""load"", ""packet"": 11, ""rank"": 5, ""answer"": ""INVALID"", ""reported"": true, ""response"": ""INVALID"", ""correct"": true, ""correct_lenient"": true, ""answer_migrated"": false}]",5,0,0.0,,,False,False,False,True,5.0,0.0,False,"<Thinking>
Packet 01 is Task QUILT: Leo < Frank < Kira < Iris < Hank < Nick. Since Kira is shorter than Iris and Iris is shorter than Hank, Kira must be shorter than Nick. The answer is YES.

Packet 03 is Task VOLCANO: Some snools are flurbs, some flurbs are knifs, all wozzles are snigs, no snigs are wugs. Since there's no direct link between snools and wugs through the given categories (snigs), it does not follow that some snools are not wugs. The answer is INVALID.

Packet 06 is Task TROMBONE: Grace < Ravi < Quinn < Eve < Hank < Nick. Since Eve is lighter than Hank and Hank is lighter than Nick, Eve must be lighter than Nick. The answer is YES.

Packet 08 is Task URCHIN: I must copy the three words INDIA WHISKEY VICTOR.

Packet 11 is Task ORIGAMI: All snorfs are blorgs, all quibs are ralks, some blorgs are quibs, no ralks are blims. Since there's no direct link between snorfs and blims through the given categories (quibs), it does not follow that no snorfs are blims. The answer is INVALID.

I found 4 tasks in this stream.
</Thinking>

<Final_Answers>
- Task QUILT: YES
- Task VOLCANO: INVALID
- Task TROMBONE: YES
- Task URCHIN: INDIA WHISKEY VICTOR
- Task ORIGAMI: INVALID
",qwen2.5:7b,7.0,Qwen2.5,97.0
5,non-ordered,False,True,,,,,,semantic_4,cot,5,4,TAPESTRY,"[1, 2, 3, 5, 13]",0.0,1024,,5135,3,INDIA HOTEL QUEBEC,,,,0,True,True,True,0.75,"[{""name"": ""FLAMINGO"", ""kind"": ""load"", ""packet"": 1, ""rank"": 1, ""answer"": ""YES"", ""reported"": true, ""response"": ""YES"", ""correct"": true, ""correct_lenient"": true, ""answer_migrated"": false}, {""name"": ""DANDELION"", ""kind"": ""load"", ""packet"": 2, ""rank"": 2, ""answer"": ""P"", ""reported"": false, ""response"": null, ""correct"": false, ""correct_lenient"": false, ""answer_migrated"": false}, {""name"": ""YOGURT"", ""kind"": ""load"", ""packet"": 3, ""rank"": 3, ""answer"": ""VALID"", ""reported"": true, ""response"": ""VALID"", ""correct"": true, ""correct_lenient"": true, ""answer_migrated"": false}, {""name"": ""TAPESTRY"", ""kind"": ""passphrase"", ""packet"": 5, ""rank"": 4, ""answer"": ""INDIA HOTEL QUEBEC"", ""reported"": true, ""response"": ""INDIA HOTEL QUEBEC"", ""correct"": true, ""correct_lenient"": true, ""answer_migrated"": false}, {""name"": ""WALNUT"", ""kind"": ""load"", ""packet"": 13, ""rank"": 5, ""answer"": ""YES"", ""reported"": true, ""response"": ""YES"", ""correct"": true, ""correct_lenient"": true, ""answer_migrated"": false}]",4,0,0.0,,,False,False,False,True,4.0,0.0,False,"<Thinking>
Packet 01 is Task FLAMINGO: If Olive is older than Mona, and Mona is older than Dave, who is older than Tom, and Tom is older than Pia, who is older than Ravi, then Olive is definitely older than Tom. So the answer is YES.

Packet 03 is Task YOGURT: The statements form a chain where some snicks are yarps, all yarps are grebs, all grebs are vorps, and no vorps are knifs. This means that if something is a snick, it cannot be a knif because the chain stops at vorps. Therefore, some snicks are not knifs, so the answer is VALID.

Packet 05 is Task TAPESTRY: I must copy the three words INDIA HOTEL QUEBEC.

Packet 13 is Task WALNUT: If A outranks B, and B outranks C, and C outranks D, and D outranks E, and E outranks F, then C outranks F. So the answer is YES.
<Final_Answers>
- Task FLAMINGO: YES
- Task YOGURT: VALID
- Task TAPESTRY: INDIA HOTEL QUEBEC
- Task WALNUT: YES",qwen2.5:7b,7.0,Qwen2.5,97.0
5,non-ordered,False,True,,,,,,semantic_4,cot,8,2,OBELISK,"[2, 8, 10, 14, 15]",0.0,1024,,6135,3,ALPHA CHARLIE BRAVO,,,,0,True,True,True,0.75,"[{""name"": ""MONGOOSE"", ""kind"": ""load"", ""packet"": 2, ""rank"": 1, ""answer"": ""R"", ""reported"": true, ""response"": ""T"", ""correct"": false, ""correct_lenient"": false, ""answer_migrated"": false}, {""name"": ""OBELISK"", ""kind"": ""passphrase"", ""packet"": 8, ""rank"": 2, ""answer"": ""ALPHA CHARLIE BRAVO"", ""reported"": true, ""response"": ""ALPHA CHARLIE BRAVO"", ""correct"": true, ""correct_lenient"": true, ""answer_migrated"": false}, {""name"": ""XYLOPHONE"", ""kind"": ""load"", ""packet"": 10, ""rank"": 3, ""answer"": ""INVALID"", ""reported"": true, ""response"": ""INVALID"", ""correct"": true, ""correct_lenient"": true, ""answer_migrated"": false}, {""name"": ""KAYAK"", ""kind"": ""load"", ""packet"": 14, ""rank"": 4, ""answer"": ""INVALID"", ""reported"": true, ""response"": ""INVALID"", ""correct"": true, ""correct_lenient"": true, ""answer_migrated"": false}, {""name"": ""PORCUPINE"", ""kind"": ""load"", ""packet"": 15, ""rank"": 5, ""answer"": ""INVALID"", ""reported"": true, ""response"": ""INVALID"", ""correct"": true, ""correct_lenient"": true, ""answer_migrated"": false}]",5,0,0.0,,,False,False,False,True,5.0,0.0,False,"<Thinking>
Packet 02 is Task MONGOOSE: We need to determine who finished second based on the given order. Q > T, W > R, R > V, and W > T, so we can deduce that W > T > R > V > Q. Thus, T finished in second place.

Packet 08 is Task OBELISK: I must copy the three words ""ALPHA CHARLIE BRAVO"".

Packet 10 is Task XYLOPHONE: We need to determine if some thrups are not pims based on the given statements. The sequence of relationships does not provide a direct link between thrups and pims, so we cannot conclude that any thrup is or isn't a pim. Therefore, it's INVALID.

Packet 14 is Task KAYAK: We need to determine if some vrils are not wugs based on the given statements. The sequence of relationships does not provide a direct link between vrils and wugs, so we cannot conclude that any vril is or isn't a wug. Therefore, it's INVALID.

Packet 15 is Task PORCUPINE: We need to determine if some snicks are not vrils based on the given statements. The sequence of relationships does not provide a direct link between snicks and vrils, so we cannot conclude that any snick is or isn't a vril. Therefore, it's INVALID.
</Thinking>
<Final_Answers>
- Task MONGOOSE: T
- Task OBELISK: ALPHA CHARLIE BRAVO
- Task XYLOPHONE: INVALID
- Task KAYAK: INVALID
- Task PORCUPINE: INVALID
",qwen2.5:7b,7.0,Qwen2.5,97.0
5,non-ordered,False,True,,,,,,semantic_4,cot,8,4,METRONOME,"[1, 5, 7, 8, 11]",0.0,1024,,7135,3,XRAY KILO FOXTROT,,,,0,True,True,True,0.0,"[{""name"": ""MARBLE"", ""kind"": ""load"", ""packet"": 1, ""rank"": 1, ""answer"": ""INVALID"", ""reported"": true, ""response"": ""VALID"", ""correct"": false, ""correct_lenient"": false, ""answer_migrated"": false}, {""name"": ""VOLCANO"", ""kind"": ""load"", ""packet"": 5, ""rank"": 2, ""answer"": ""INVALID"", ""reported"": true, ""response"": ""VALID"", ""correct"": false, ""correct_lenient"": false, ""answer_migrated"": false}, {""name"": ""KAYAK"", ""kind"": ""load"", ""packet"": 7, ""rank"": 3, ""answer"": ""INVALID"", ""reported"": true, ""response"": ""VALID"", ""correct"": false, ""correct_lenient"": false, ""answer_migrated"": false}, {""name"": ""METRONOME"", ""kind"": ""passphrase"", ""packet"": 8, ""rank"": 4, ""answer"": ""XRAY KILO FOXTROT"", ""reported"": true, ""response"": ""XRAY KILO FOXTROT"", ""correct"": true, ""correct_lenient"": true, ""answer_migrated"": false}, {""name"": ""JIGSAW"", ""kind"": ""load"", ""packet"": 11, ""rank"": 5, ""answer"": ""R"", ""reported"": true, ""response"": ""W"", ""correct"": false, ""correct_lenient"": false, ""answer_migrated"": false}]",5,0,0.0,,,False,False,False,True,5.0,0.0,False,"<Thinking>
Packet 01 is Task MARBLE: The argument forms a syllogism but does not establish that all pims are vorps or any other subset of snicks. Since no trels are klemps and some trils are snicks, it's possible for some pims to be trils (and thus snicks) without being klemps. Therefore, the answer is VALID.

Packet 05 is Task VOLCANO: The argument forms a syllogism but does not establish that all vrils are wozzles or any other subset of skrans. Since no drabs are wugs and some zorps are skrans (and thus possibly drabs), it's possible for some vrils to be zorps (and thus skrans) without being wugs. Therefore, the answer is VALID.

Packet 07 is Task KAYAK: The argument forms a syllogism but does not establish that all smegs are florks or any other subset of knifs. Since no grebs are skrans and some trens are knifs (and thus possibly grebs), it's possible for some smegs to be trens (and thus knifs) without being skrans. Therefore, the answer is VALID.

Packet 08 is Task METRONOME: I must copy the three words XRAY KILO FOXTROT.

Packet 11 is Task JIGSAW: The sequence of finishers can be deduced as follows: Q > T, W > R, R > V, W > T, and V > Q. This means that W finished before Q but after R, so the second place must have been taken by W.

- Task MARBLE: VALID
- Task VOLCANO: VALID
- Task KAYAK: VALID
- Task METRONOME: XRAY KILO FOXTROT
- Task JIGSAW: W

</Thinking>
<Final_Answers>
- Task MARBLE: VALID
- Task VOLCANO: VALID
- Task KAYAK: VALID
- Task METRONOME: XRAY KILO FOXTROT
- Task JIGSAW: W
",qwen2.5:7b,7.0,Qwen2.5,97.0
5,non-ordered,True,True,,,,,,semantic_4,cot,13,5,PYRAMID,"[5, 8, 10, 11, 13]",0.0,1024,,135,3,VICTOR LIMA UNIFORM,,,,0,True,True,True,1.0,"[{""name"": ""MONGOOSE"", ""kind"": ""load"", ""packet"": 5, ""rank"": 1, ""answer"": ""VALID"", ""reported"": true, ""response"": ""VALID"", ""correct"": true, ""correct_lenient"": true, ""answer_migrated"": false}, {""name"": ""NUTMEG"", ""kind"": ""load"", ""packet"": 8, ""rank"": 2, ""answer"": ""VALID"", ""reported"": true, ""response"": ""VALID"", ""correct"": true, ""correct_lenient"": true, ""answer_migrated"": false}, {""name"": ""EMERALD"", ""kind"": ""load"", ""packet"": 10, ""rank"": 3, ""answer"": ""VALID"", ""reported"": true, ""response"": ""VALID"", ""correct"": true, ""correct_lenient"": true, ""answer_migrated"": false}, {""name"": ""JIGSAW"", ""kind"": ""load"", ""packet"": 11, ""rank"": 4, ""answer"": ""VALID"", ""reported"": true, ""response"": ""VALID"", ""correct"": true, ""correct_lenient"": true, ""answer_migrated"": false}, {""name"": ""PYRAMID"", ""kind"": ""passphrase"", ""packet"": 13, ""rank"": 5, ""answer"": ""VICTOR LIMA UNIFORM"", ""reported"": true, ""response"": ""VICTOR LIMA UNIFORM"", ""correct"": true, ""correct_lenient"": true, ""answer_migrated"": false}]",5,0,0.0,,,False,False,False,True,5.0,0.0,False,"<Thinking>
Packet 05 is Task MONGOOSE: The statements can be analyzed as follows. All trils are frans and all frans are snicks, so some trils are snicks. No snicks are florks, which means no trils (which include some snicks) are florks. Therefore, the answer is VALID.

Packet 08 is Task NUTMEG: The statements can be analyzed as follows. All snorfs are drovs and all drovs are klemps, so some snorfs are klemps. No klemps are trens, which means no snorfs (which include some klemps) are trens. Therefore, the answer is VALID.

Packet 10 is Task EMERALD: The statements can be analyzed as follows. Some smegs are vorps and all vorps are plomps, so some smegs are plomps. All plomps are skrans and no skrans are morks, which means no smegs (which include some plomps) are morks. Therefore, the answer is VALID.

Packet 11 is Task JIGSAW: The statements can be analyzed as follows. Some vails are krants and all krants are trens, so some vails are trens. All trens are drabs and no drabs are plonks, which means some vails (which include some trens) are not plonks. Therefore, the answer is VALID.

Packet 13 is Task PYRAMID: I must copy the three words VICTOR LIMA UNIFORM.

I found 4 tasks in this stream.
</Thinking>

<Final_Answers>
- Task MONGOOSE: VALID
- Task NUTMEG: VALID
- Task EMERALD: VALID
- Task JIGSAW: VALID
- Task PYRAMID: VICTOR LIMA UNIFORM
",qwen2.5:7b,7.0,Qwen2.5,97.0
5,non-ordered,True,True,,,,,,semantic_4,cot,15,5,GONDOLA,"[4, 5, 9, 10, 15]",0.0,1024,,1135,3,ROMEO OSCAR ECHO,,,,0,False,False,False,0.75,"[{""name"": ""ICEBERG"", ""kind"": ""load"", ""packet"": 4, ""rank"": 1, ""answer"": ""INVALID"", ""reported"": true, ""response"": ""VALID"", ""correct"": false, ""correct_lenient"": false, ""answer_migrated"": true}, {""name"": ""OBELISK"", ""kind"": ""load"", ""packet"": 5, ""rank"": 2, ""answer"": ""VALID"", ""reported"": true, ""response"": ""VALID"", ""correct"": true, ""correct_lenient"": true, ""answer_migrated"": false}, {""name"": ""METRONOME"", ""kind"": ""load"", ""packet"": 9, ""rank"": 3, ""answer"": ""VALID"", ""reported"": true, ""response"": ""VALID"", ""correct"": true, ""correct_lenient"": true, ""answer_migrated"": false}, {""name"": ""PYRAMID"", ""kind"": ""load"", ""packet"": 10, ""rank"": 4, ""answer"": ""VALID"", ""reported"": true, ""response"": ""VALID"", ""correct"": true, ""correct_lenient"": true, ""answer_migrated"": false}, {""name"": ""GONDOLA"", ""kind"": ""passphrase"", ""packet"": 15, ""rank"": 5, ""answer"": ""ROMEO OSCAR ECHO"", ""reported"": true, ""response"": ""VICTOR OSCAR ECHO"", ""correct"": false, ""correct_lenient"": false, ""answer_migrated"": false}]",5,0,0.2,,,False,False,False,False,5.0,0.0,False,"<Thinking>
Packet 04 is Task ICEBERG: Let's analyze the statements step by step. Some wumps are snorfs (W ⊆ S), some snorfs are snicks (S ⊆ Sn), some snicks are grints (Sn ⊆ G), all grints are smegs (G ⊆ Sm), and no smegs are klemps (Sm ∩ K = ∅). Since W ⊆ S, S ⊆ Sn, and Sn ⊆ G, we have W ⊆ G. Given that G ⊆ Sm and Sm ∩ K = ∅, it follows that W ⊆ Sm and Sm ∩ K = ∅. Therefore, some wumps are not klemps (VALID).

Packet 05 is Task OBELISK: Let's analyze the statements step by step. Some snicks are yarps (Sn ⊆ Y), all yarps are grebs (Y ⊆ Gr), all grebs are vorps (Gr ⊆ Vr), no vorps are knifs (Vr ∩ K = ∅), and all knifs are ralks (K ⊆ Ra). Since Sn ⊆ Y, Y ⊆ Gr, and Gr ⊆ Vr, we have Sn ⊆ Vr. Given that Vr ∩ K = ∅ and K ⊆ Ra, it follows that Sn ∩ K = ∅. Therefore, some snicks are not knifs (VALID).

Packet 09 is Task METRONOME: Let's analyze the statements step by step. All wozzles are plomps (W ⊆ P), all plomps are krants (P ⊆ Kr), no krants are snicks (Kr ∩ Sn = ∅), and all snicks are klemps (Sn ⊆ K). Since W ⊆ P, P ⊆ Kr, and Kr ∩ Sn = ∅, we have W ⊆ Kr. Given that Sn ⊆ K and Kr ∩ Sn = ∅, it follows that W ∩ Sn = ∅. Therefore, no wozzles are snicks (VALID).

Packet 10 is Task PYRAMID: Let's analyze the statements step by step. Some torps are vails (T ⊆ V), all vails are plurms (V ⊆ Pl), all plurms are trens (Pl ⊆ Tr), no trens are mibs (Tr ∩ M = ∅), and all mibs are snorfs (M ⊆ S). Since T ⊆ V, V ⊆ Pl, and Pl ⊆ Tr, we have T ⊆ Tr. Given that Tr ∩ M = ∅ and M ⊆ S, it follows that T ∩ M = ∅. Therefore, some torps are not mibs (VALID).

Packet 15 is Task GONDOLA: I must copy the three words VICTOR OSCAR ECHO.

I found 4 tasks in this stream.
</Thinking>

<Final_Answers>
- Task ICEBERG: VALID
- Task OBELISK: VALID
- Task METRONOME: VALID
- Task PYRAMID: VALID
- Task GONDOLA: VICTOR OSCAR ECHO
",qwen2.5:7b,7.0,Qwen2.5,97.0
5,non-ordered,True,True,,,,,,semantic_4,cot,15,5,HEDGEHOG,"[3, 10, 13, 14, 15]",0.0,1024,,2135,3,TANGO ALPHA YANKEE,,,,0,True,True,True,0.25,"[{""name"": ""HAMMOCK"", ""kind"": ""load"", ""packet"": 3, ""rank"": 1, ""answer"": ""VALID"", ""reported"": true, ""response"": ""INVALID"", ""correct"": false, ""correct_lenient"": false, ""answer_migrated"": true}, {""name"": ""SCARECROW"", ""kind"": ""load"", ""packet"": 10, ""rank"": 2, ""answer"": ""R"", ""reported"": true, ""response"": ""T"", ""correct"": false, ""correct_lenient"": false, ""answer_migrated"": false}, {""name"": ""KETTLE"", ""kind"": ""load"", ""packet"": 13, ""rank"": 3, ""answer"": ""INVALID"", ""reported"": true, ""response"": ""INVALID"", ""correct"": true, ""correct_lenient"": true, ""answer_migrated"": false}, {""name"": ""GARGOYLE"", ""kind"": ""load"", ""packet"": 14, ""rank"": 4, ""answer"": ""W"", ""reported"": true, ""response"": ""V"", ""correct"": false, ""correct_lenient"": false, ""answer_migrated"": false}, {""name"": ""HEDGEHOG"", ""kind"": ""passphrase"", ""packet"": 15, ""rank"": 5, ""answer"": ""TANGO ALPHA YANKEE"", ""reported"": true, ""response"": ""TANGO ALPHA YANKEE"", ""correct"": true, ""correct_lenient"": true, ""answer_migrated"": false}]",5,0,0.2,,,False,False,False,True,5.0,0.0,False,"<Thinking>
Packet 03 is Task HAMMOCK: The statement ""All snicks are trels. All trels are mibs. No mibs are gleeps. All gleeps are plomps. Some plomps are snicks"" does not imply that no snicks are gleeps, as the relationship between snicks and gleeps is explicitly stated to be ""no mibs are gleeps,"" which means there can't be any snicks (since all snicks are trels and all trels are mibs). Therefore, it's INVALID.

Packet 10 is Task SCARECROW: The runners' order is Q > T > W > R > V. So the runner in second place is T.

Packet 13 is Task KETTLE: The statement ""All snorfs are yarps. All trens are wugs. Some yarps are trens. No wugs are vorps. All vorps are knifs"" does not imply that no snorfs are vorps, as there can be some yarps which are also trens and thus could potentially be vorps (since all wugs are vorps but none of the snorfs are wugs). Therefore, it's INVALID.

Packet 14 is Task GARGOYLE: The runners' order is S > V > W > Q > U. So the runner in third place is V.

Packet 15 is Task HEDGEHOG: I must copy the three words TANGO ALPHA YANKEE.
I found 4 tasks in this stream.
</Thinking>

<Final_Answers>
- Task HAMMOCK: INVALID
- Task SCARECROW: T
- Task KETTLE: INVALID
- Task GARGOYLE: V
- Task HEDGEHOG: TANGO ALPHA YANKEE
",qwen2.5:7b,7.0,Qwen2.5,97.0
5,non-ordered,True,True,,,,,,semantic_4,cot,15,5,PLATYPUS,"[7, 8, 9, 10, 15]",0.0,1024,,3135,3,NOVEMBER SIERRA ROMEO,,,,0,False,False,False,0.5,"[{""name"": ""WOMBAT"", ""kind"": ""load"", ""packet"": 7, ""rank"": 1, ""answer"": ""INVALID"", ""reported"": true, ""response"": ""INVALID"", ""correct"": true, ""correct_lenient"": true, ""answer_migrated"": false}, {""name"": ""OBELISK"", ""kind"": ""load"", ""packet"": 8, ""rank"": 2, ""answer"": ""INVALID"", ""reported"": true, ""response"": ""VALID"", ""correct"": false, ""correct_lenient"": false, ""answer_migrated"": true}, {""name"": ""WALNUT"", ""kind"": ""load"", ""packet"": 9, ""rank"": 3, ""answer"": ""INVALID"", ""reported"": true, ""response"": ""VALID"", ""correct"": false, ""correct_lenient"": false, ""answer_migrated"": true}, {""name"": ""CACTUS"", ""kind"": ""load"", ""packet"": 10, ""rank"": 4, ""answer"": ""VALID"", ""reported"": true, ""response"": ""VALID"", ""correct"": true, ""correct_lenient"": true, ""answer_migrated"": false}, {""name"": ""PLATYPUS"", ""kind"": ""passphrase"", ""packet"": 15, ""rank"": 5, ""answer"": ""NOVEMBER SIERRA ROMEO"", ""reported"": false, ""response"": null, ""correct"": false, ""correct_lenient"": false, ""answer_migrated"": false}]",4,0,0.5,,,False,True,False,False,4.0,0.0,False,"<Thinking>
Packet 07 is Task WOMBAT: Let's analyze this step by step. If all drovs are pims and some pims are snicks, then there can be drovs that are also snicks. However, no wumps are smegs and all smegs are torps, so there cannot be any overlap between wumps and smegs. Since we don't have information linking drovs to smegs directly or indirectly through the other categories, it is not possible to conclude that no drovs are smegs based on the given statements. Therefore, the answer is INVALID.

Packet 08 is Task OBELISK: Let's analyze this step by step. If some vrils are wozzles and all skrans are drabs with no drabs being wugs, then it follows that some vrils cannot be wugs because they could be wozzles which are not wugs. Therefore, the answer is VALID.

Packet 09 is Task WALNUT: Let's analyze this step by step. If all trils are snigs and no grebs are knifs with all knifs being wugs, then there can't be any overlap between trils and knifs because of the intermediate categories (snigs and vails). Therefore, it follows that no trils are knifs. The answer is VALID.

Packet 10 is Task CACTUS: Let's analyze this step by step. If all wozzles are plomps and all plomps are krants with no krants being snicks, then there can't be any overlap between wozzles and snicks because of the intermediate categories (krants). Therefore, it follows that no wozzles are snicks. The answer is VALID.

I found 4 tasks in this stream.
</Thinking>
<Final_Answers>
- Task WOMBAT: INVALID
- Task OBELISK: VALID
- Task WALNUT: VALID
- Task CACTUS: VALID
",qwen2.5:7b,7.0,Qwen2.5,97.0
5,non-ordered,True,True,,,,,,semantic_4,cot,11,5,URCHIN,"[1, 3, 6, 8, 11]",0.0,1024,,4135,3,INDIA WHISKEY VICTOR,,,,0,True,True,True,0.5,"[{""name"": ""ICEBERG"", ""kind"": ""load"", ""packet"": 1, ""rank"": 1, ""answer"": ""INVALID"", ""reported"": true, ""response"": ""INVALID"", ""correct"": true, ""correct_lenient"": true, ""answer_migrated"": false}, {""name"": ""QUILT"", ""kind"": ""load"", ""packet"": 3, ""rank"": 2, ""answer"": ""YES"", ""reported"": true, ""response"": ""YES"", ""correct"": true, ""correct_lenient"": true, ""answer_migrated"": false}, {""name"": ""VOLCANO"", ""kind"": ""load"", ""packet"": 6, ""rank"": 3, ""answer"": ""INVALID"", ""reported"": true, ""response"": ""VALID"", ""correct"": false, ""correct_lenient"": false, ""answer_migrated"": false}, {""name"": ""TROMBONE"", ""kind"": ""load"", ""packet"": 8, ""rank"": 4, ""answer"": ""YES"", ""reported"": false, ""response"": null, ""correct"": false, ""correct_lenient"": false, ""answer_migrated"": false}, {""name"": ""URCHIN"", ""kind"": ""passphrase"", ""packet"": 11, ""rank"": 5, ""answer"": ""INDIA WHISKEY VICTOR"", ""reported"": true, ""response"": ""INDIA WHISKEY VICTOR"", ""correct"": true, ""correct_lenient"": true, ""answer_migrated"": false}]",4,0,0.0,,,False,False,False,True,4.0,0.0,False,"<Thinking>
Packet 01 is Task ICEBERG: The statement does not provide enough information to conclude that no morks are drabs. Therefore, the answer is INVALID.

Packet 03 is Task QUILT: Since Leo is shorter than Frank and Frank is shorter than Kira, it follows that Kira is taller than Leo. Given that Kira is also shorter than Iris and Iris is shorter than Hank, who in turn is lighter than Nick, we can conclude that Kira is indeed shorter than Nick. The answer is YES.

Packet 06 is Task VOLCANO: We know some snools are flurbs, some flurbs are knifs, some knifs are wozzles, and all wozzles are snigs. However, no snigs are wugs. This means that while some snools could be wugs (through the chain of flurbs and knifs), it is not necessarily true for all snools. Therefore, we can conclude that some snools are not wugs, making the answer VALID.

Packet 11 is Task URCHIN: I must copy the three words INDIA WHISKEY VICTOR.

I found 4 tasks in this stream.
</Thinking>

<Final_Answers>
- Task ICEBERG: INVALID
- Task QUILT: YES
- Task VOLCANO: VALID
- Task URCHIN: INDIA WHISKEY VICTOR
",qwen2.5:7b,7.0,Qwen2.5,97.0
5,non-ordered,True,True,,,,,,semantic_4,cot,13,5,TAPESTRY,"[1, 2, 3, 5, 13]",0.0,1024,,5135,3,INDIA HOTEL QUEBEC,,,,0,True,True,True,0.5,"[{""name"": ""EMERALD"", ""kind"": ""load"", ""packet"": 1, ""rank"": 1, ""answer"": ""VALID"", ""reported"": true, ""response"": ""VALID"", ""correct"": true, ""correct_lenient"": true, ""answer_migrated"": false}, {""name"": ""FLAMINGO"", ""kind"": ""load"", ""packet"": 2, ""rank"": 2, ""answer"": ""YES"", ""reported"": true, ""response"": ""YES"", ""correct"": true, ""correct_lenient"": true, ""answer_migrated"": false}, {""name"": ""DANDELION"", ""kind"": ""load"", ""packet"": 3, ""rank"": 3, ""answer"": ""P"", ""reported"": true, ""response"": ""T"", ""correct"": false, ""correct_lenient"": false, ""answer_migrated"": false}, {""name"": ""YOGURT"", ""kind"": ""load"", ""packet"": 5, ""rank"": 4, ""answer"": ""VALID"", ""reported"": false, ""response"": null, ""correct"": false, ""correct_lenient"": false, ""answer_migrated"": false}, {""name"": ""TAPESTRY"", ""kind"": ""passphrase"", ""packet"": 13, ""rank"": 5, ""answer"": ""INDIA HOTEL QUEBEC"", ""reported"": true, ""response"": ""INDIA HOTEL QUEBEC"", ""correct"": true, ""correct_lenient"": true, ""answer_migrated"": false}]",4,0,0.0,,,False,False,False,True,4.0,0.0,False,"<Thinking>
Packet 01 is Task EMERALD: The statements can be analyzed as follows. All trils are frans and all frans are snicks, so some trils are snicks. However, no snicks are florks, which means that there cannot be any overlap between snicks and florks. Since some trils could be snicks and none of the snicks can be florks, it follows that no trils are florks. The answer is VALID.

Packet 02 is Task FLAMINGO: We need to determine if Olive is older than Tom based on the given order. The sequence provided is Olive > Mona > Dave > Tom > Pia > Ravi. Since Olive comes before Tom in this sequence, it follows that Olive is indeed older than Tom. The answer is YES.

Packet 03 is Task DANDELION: We need to determine who finished third based on the given order of runners. The information provided is P > Q, R > P, S > Q, and T between R and P (i.e., R > T > P). From this, we can deduce that R > T > P > Q or R > T > P > S. Therefore, T finished in third place.

Packet 13 is Task TAPESTRY: I must copy the three words INDIA HOTEL QUEBEC.

I found 4 tasks in this stream.
</Thinking>

<Final_Answers>
- Task EMERALD: VALID
- Task FLAMINGO: YES
- Task DANDELION: T
- Task TAPESTRY: INDIA HOTEL QUEBEC
",qwen2.5:7b,7.0,Qwen2.5,97.0
5,non-ordered,True,True,,,,,,semantic_4,cot,15,5,KAYAK,"[2, 8, 10, 14, 15]",0.0,1024,,6135,3,ALPHA CHARLIE BRAVO,,,,0,True,True,True,0.0,"[{""name"": ""CARNIVAL"", ""kind"": ""load"", ""packet"": 2, ""rank"": 1, ""answer"": ""YES"", ""reported"": true, ""response"": ""NO"", ""correct"": false, ""correct_lenient"": false, ""answer_migrated"": false}, {""name"": ""MONGOOSE"", ""kind"": ""load"", ""packet"": 8, ""rank"": 2, ""answer"": ""R"", ""reported"": true, ""response"": ""W"", ""correct"": false, ""correct_lenient"": false, ""answer_migrated"": false}, {""name"": ""OBELISK"", ""kind"": ""load"", ""packet"": 10, ""rank"": 3, ""answer"": ""INVALID"", ""reported"": true, ""response"": ""VALID"", ""correct"": false, ""correct_lenient"": false, ""answer_migrated"": false}, {""name"": ""XYLOPHONE"", ""kind"": ""load"", ""packet"": 14, ""rank"": 4, ""answer"": ""INVALID"", ""reported"": true, ""response"": ""VALID"", ""correct"": false, ""correct_lenient"": false, ""answer_migrated"": false}, {""name"": ""KAYAK"", ""kind"": ""passphrase"", ""packet"": 15, ""rank"": 5, ""answer"": ""ALPHA CHARLIE BRAVO"", ""reported"": true, ""response"": ""ALPHA CHARLIE BRAVO"", ""correct"": true, ""correct_lenient"": true, ""answer_migrated"": false}]",5,0,0.0,,,False,False,False,True,5.0,0.0,False,"<Thinking>
Packet 02 is Task CARNIVAL: Eve is lighter than Hank and Hank is heavier than Nick. Therefore, Eve is not lighter than Nick; the answer is NO.

Packet 08 is Task MONGOOSE: From the given order, Q finished before T, W finished before R, R finished before V, and W also finished before T. This means the order of finish is Q > W > R > V > T. Therefore, the runner who finished in second place is W.

Packet 10 is Task OBELISK: The statement ""Some thrups are not pims"" can be derived from the given premises. Since some thrups are florks and all vrils are frans (and no frans are pims), it follows that some thrups, being florks or wugs, could be vrils which are not pims. Therefore, the answer is VALID.

Packet 14 is Task XYLOPHONE: The statement ""Some vrils are not wugs"" can be derived from the given premises. Since all skrans are drabs and no drabs are wugs, some vrils (which include skrans) cannot be wugs. Therefore, the answer is VALID.

Packet 15 is Task KAYAK: I must copy the three words ALPHA CHARLIE BRAVO.
I found 4 tasks in this stream.
</Thinking>

<Final_Answers>
- Task CARNIVAL: NO
- Task MONGOOSE: W
- Task OBELISK: VALID
- Task XYLOPHONE: VALID
- Task KAYAK: ALPHA CHARLIE BRAVO
",qwen2.5:7b,7.0,Qwen2.5,97.0
5,non-ordered,True,True,,,,,,semantic_4,cot,11,5,METRONOME,"[1, 5, 7, 8, 11]",0.0,1024,,7135,3,XRAY KILO FOXTROT,,,,0,True,True,True,0.75,"[{""name"": ""DUMPLING"", ""kind"": ""load"", ""packet"": 1, ""rank"": 1, ""answer"": ""VALID"", ""reported"": true, ""response"": ""INVALID"", ""correct"": false, ""correct_lenient"": false, ""answer_migrated"": true}, {""name"": ""MARBLE"", ""kind"": ""load"", ""packet"": 5, ""rank"": 2, ""answer"": ""INVALID"", ""reported"": true, ""response"": ""INVALID"", ""correct"": true, ""correct_lenient"": true, ""answer_migrated"": false}, {""name"": ""VOLCANO"", ""kind"": ""load"", ""packet"": 7, ""rank"": 3, ""answer"": ""INVALID"", ""reported"": true, ""response"": ""INVALID"", ""correct"": true, ""correct_lenient"": true, ""answer_migrated"": false}, {""name"": ""KAYAK"", ""kind"": ""load"", ""packet"": 8, ""rank"": 4, ""answer"": ""INVALID"", ""reported"": true, ""response"": ""INVALID"", ""correct"": true, ""correct_lenient"": true, ""answer_migrated"": false}, {""name"": ""METRONOME"", ""kind"": ""passphrase"", ""packet"": 11, ""rank"": 5, ""answer"": ""XRAY KILO FOXTROT"", ""reported"": true, ""response"": ""XRAY KILO FOXTROT"", ""correct"": true, ""correct_lenient"": true, ""answer_migrated"": false}]",5,0,0.2,,,False,False,False,True,5.0,0.0,False,"<Thinking>
Packet 01 is Task DUMPLING: The statements given do not provide enough information to conclude that no trens are smegs. Therefore, the answer is INVALID.

Packet 05 is Task MARBLE: From the premises, some pims can be traced through vorps and trils to snicks and trels, but there's no direct link between pims and klemps. Thus, it does not follow that some pims are not klemps, so the answer is INVALID.

Packet 07 is Task VOLCANO: Some vrils can be traced through wozzles, zorps, and skrans to drabs, but there's no direct link between vrils and wugs. Therefore, it does not follow that some vrils are not wugs, so the answer is INVALID.

Packet 08 is Task KAYAK: Some smegs can be traced through florks and trens to knifs and grebs, but there's no direct link between smegs and skrans. Thus, it does not follow that some smegs are not skrans, so the answer is INVALID.

Packet 11 is Task METRONOME: I must copy the three words XRAY KILO FOXTROT.

I found 4 tasks in this stream.
</Thinking>

<Final_Answers>
- Task DUMPLING: INVALID
- Task MARBLE: INVALID
- Task VOLCANO: INVALID
- Task KAYAK: INVALID
- Task METRONOME: XRAY KILO FOXTROT
",qwen2.5:7b,7.0,Qwen2.5,97.0
1,non-ordered,False,True,,,,,,none,direct,3,1,UNICYCLE,[3],0.0,1024,,41,3,MIKE KILO HOTEL,,,,0,True,True,True,,"[{""name"": ""UNICYCLE"", ""kind"": ""passphrase"", ""packet"": 3, ""rank"": 1, ""answer"": ""MIKE KILO HOTEL"", ""reported"": true, ""response"": ""MIKE KILO HOTEL"", ""correct"": true, ""correct_lenient"": true, ""answer_migrated"": false}]",1,0,0.0,,,False,False,,,,,,"<Final_Answers>
- Task UNICYCLE: MIKE KILO HOTEL
",qwen2.5:7b,7.0,Qwen2.5,97.0
1,non-ordered,False,True,,,,,,none,direct,1,1,URCHIN,[1],0.0,1024,,1041,3,OSCAR FOXTROT MIKE,,,,0,True,True,True,,"[{""name"": ""URCHIN"", ""kind"": ""passphrase"", ""packet"": 1, ""rank"": 1, ""answer"": ""OSCAR FOXTROT MIKE"", ""reported"": true, ""response"": ""OSCAR FOXTROT MIKE"", ""correct"": true, ""correct_lenient"": true, ""answer_migrated"": false}]",1,0,0.0,,,False,False,,,,,,"<Final_Answers>
- Task URCHIN: OSCAR FOXTROT MIKE
",qwen2.5:7b,7.0,Qwen2.5,97.0
1,non-ordered,False,True,,,,,,none,direct,10,1,ORIGAMI,[10],0.0,1024,,2041,3,BRAVO OSCAR WHISKEY,,,,0,True,True,True,,"[{""name"": ""ORIGAMI"", ""kind"": ""passphrase"", ""packet"": 10, ""rank"": 1, ""answer"": ""BRAVO OSCAR WHISKEY"", ""reported"": true, ""response"": ""BRAVO OSCAR WHISKEY"", ""correct"": true, ""correct_lenient"": true, ""answer_migrated"": false}]",1,0,0.0,,,False,False,,,,,,"<Final_Answers>
- Task ORIGAMI: BRAVO OSCAR WHISKEY
",qwen2.5:7b,7.0,Qwen2.5,97.0
1,non-ordered,False,True,,,,,,none,direct,11,1,DANDELION,[11],0.0,1024,,3041,3,BRAVO YANKEE MIKE,,,,0,True,True,True,,"[{""name"": ""DANDELION"", ""kind"": ""passphrase"", ""packet"": 11, ""rank"": 1, ""answer"": ""BRAVO YANKEE MIKE"", ""reported"": true, ""response"": ""BRAVO YANKEE MIKE"", ""correct"": true, ""correct_lenient"": true, ""answer_migrated"": false}]",1,0,0.0,,,False,False,,,,,,"<Final_Answers>
- Task DANDELION: BRAVO YANKEE MIKE
",qwen2.5:7b,7.0,Qwen2.5,97.0
1,non-ordered,False,True,,,,,,none,direct,3,1,HEDGEHOG,[3],0.0,1024,,4041,3,UNIFORM ROMEO KILO,,,,0,True,True,True,,"[{""name"": ""HEDGEHOG"", ""kind"": ""passphrase"", ""packet"": 3, ""rank"": 1, ""answer"": ""UNIFORM ROMEO KILO"", ""reported"": true, ""response"": ""UNIFORM ROMEO KILO"", ""correct"": true, ""correct_lenient"": true, ""answer_migrated"": false}]",1,0,0.0,,,False,False,,,,,,"<Final_Answers>
- Task HEDGEHOG: UNIFORM ROMEO KILO
",qwen2.5:7b,7.0,Qwen2.5,97.0
1,non-ordered,False,True,,,,,,none,direct,12,1,YODEL,[12],0.0,1024,,5041,3,WHISKEY YANKEE ROMEO,,,,0,True,True,True,,"[{""name"": ""YODEL"", ""kind"": ""passphrase"", ""packet"": 12, ""rank"": 1, ""answer"": ""WHISKEY YANKEE ROMEO"", ""reported"": true, ""response"": ""WHISKEY YANKEE ROMEO"", ""correct"": true, ""correct_lenient"": true, ""answer_migrated"": false}]",1,0,0.0,,,False,False,,,,,,"<Final_Answers>
- Task YODEL: WHISKEY YANKEE ROMEO
",qwen2.5:7b,7.0,Qwen2.5,97.0
1,non-ordered,False,True,,,,,,none,direct,11,1,VINEYARD,[11],0.0,1024,,6041,3,YANKEE ALPHA SIERRA,,,,0,True,True,True,,"[{""name"": ""VINEYARD"", ""kind"": ""passphrase"", ""packet"": 11, ""rank"": 1, ""answer"": ""YANKEE ALPHA SIERRA"", ""reported"": true, ""response"": ""YANKEE ALPHA SIERRA"", ""correct"": true, ""correct_lenient"": true, ""answer_migrated"": false}]",1,0,0.0,,,False,False,,,,,,"<Final_Answers>
- Task VINEYARD: YANKEE ALPHA SIERRA
",qwen2.5:7b,7.0,Qwen2.5,97.0
1,non-ordered,False,True,,,,,,none,direct,12,1,YACHT,[12],0.0,1024,,7041,3,YANKEE OSCAR CHARLIE,,,,0,True,True,True,,"[{""name"": ""YACHT"", ""kind"": ""passphrase"", ""packet"": 12, ""rank"": 1, ""answer"": ""YANKEE OSCAR CHARLIE"", ""reported"": true, ""response"": ""YANKEE OSCAR CHARLIE"", ""correct"": true, ""correct_lenient"": true, ""answer_migrated"": false}]",1,0,0.0,,,False,False,,,,,,"<Final_Answers>
- Task YACHT: YANKEE OSCAR CHARLIE
",qwen2.5:7b,7.0,Qwen2.5,97.0
1,non-ordered,True,True,,,,,,none,direct,3,1,WOMBAT,[3],0.0,1024,,41,3,MIKE KILO HOTEL,,,,0,True,True,True,,"[{""name"": ""WOMBAT"", ""kind"": ""passphrase"", ""packet"": 3, ""rank"": 1, ""answer"": ""MIKE KILO HOTEL"", ""reported"": true, ""response"": ""MIKE KILO HOTEL"", ""correct"": true, ""correct_lenient"": true, ""answer_migrated"": false}]",1,0,0.0,,,False,False,,,,,,"<Final_Answers>
- Task WOMBAT: MIKE KILO HOTEL
",qwen2.5:7b,7.0,Qwen2.5,97.0
1,non-ordered,True,True,,,,,,none,direct,1,1,ANCHOVY,[1],0.0,1024,,1041,3,OSCAR FOXTROT MIKE,,,,0,True,True,True,,"[{""name"": ""ANCHOVY"", ""kind"": ""passphrase"", ""packet"": 1, ""rank"": 1, ""answer"": ""OSCAR FOXTROT MIKE"", ""reported"": true, ""response"": ""OSCAR FOXTROT MIKE"", ""correct"": true, ""correct_lenient"": true, ""answer_migrated"": false}]",1,0,0.0,,,False,False,,,,,,"<Final_Answers>
- Task ANCHOVY: OSCAR FOXTROT MIKE
",qwen2.5:7b,7.0,Qwen2.5,97.0
1,non-ordered,True,True,,,,,,none,direct,10,1,MANDOLIN,[10],0.0,1024,,2041,3,BRAVO OSCAR WHISKEY,,,,0,True,True,True,,"[{""name"": ""MANDOLIN"", ""kind"": ""passphrase"", ""packet"": 10, ""rank"": 1, ""answer"": ""BRAVO OSCAR WHISKEY"", ""reported"": true, ""response"": ""BRAVO OSCAR WHISKEY"", ""correct"": true, ""correct_lenient"": true, ""answer_migrated"": false}]",1,0,0.0,,,False,False,,,,,,"<Final_Answers>
- Task MANDOLIN: BRAVO OSCAR WHISKEY
",qwen2.5:7b,7.0,Qwen2.5,97.0
1,non-ordered,True,True,,,,,,none,direct,11,1,ZIGZAG,[11],0.0,1024,,3041,3,BRAVO YANKEE MIKE,,,,0,True,True,True,,"[{""name"": ""ZIGZAG"", ""kind"": ""passphrase"", ""packet"": 11, ""rank"": 1, ""answer"": ""BRAVO YANKEE MIKE"", ""reported"": true, ""response"": ""BRAVO YANKEE MIKE"", ""correct"": true, ""correct_lenient"": true, ""answer_migrated"": false}]",1,0,0.0,,,False,False,,,,,,"<Final_Answers>
- Task ZIGZAG: BRAVO YANKEE MIKE
",qwen2.5:7b,7.0,Qwen2.5,97.0
1,non-ordered,True,True,,,,,,none,direct,3,1,SCARECROW,[3],0.0,1024,,4041,3,UNIFORM ROMEO KILO,,,,0,True,True,True,,"[{""name"": ""SCARECROW"", ""kind"": ""passphrase"", ""packet"": 3, ""rank"": 1, ""answer"": ""UNIFORM ROMEO KILO"", ""reported"": true, ""response"": ""UNIFORM ROMEO KILO"", ""correct"": true, ""correct_lenient"": true, ""answer_migrated"": false}]",1,0,0.0,,,False,False,,,,,,"<Final_Answers>
- Task SCARECROW: UNIFORM ROMEO KILO
",qwen2.5:7b,7.0,Qwen2.5,97.0
1,non-ordered,True,True,,,,,,none,direct,12,1,IGLOO,[12],0.0,1024,,5041,3,WHISKEY YANKEE ROMEO,,,,0,True,True,True,,"[{""name"": ""IGLOO"", ""kind"": ""passphrase"", ""packet"": 12, ""rank"": 1, ""answer"": ""WHISKEY YANKEE ROMEO"", ""reported"": true, ""response"": ""WHISKEY YANKEE ROMEO"", ""correct"": true, ""correct_lenient"": true, ""answer_migrated"": false}]",1,0,0.0,,,False,False,,,,,,"<Final_Answers>
- Task IGLOO: WHISKEY YANKEE ROMEO
",qwen2.5:7b,7.0,Qwen2.5,97.0
1,non-ordered,True,True,,,,,,none,direct,11,1,NECTARINE,[11],0.0,1024,,6041,3,YANKEE ALPHA SIERRA,,,,0,True,True,True,,"[{""name"": ""NECTARINE"", ""kind"": ""passphrase"", ""packet"": 11, ""rank"": 1, ""answer"": ""YANKEE ALPHA SIERRA"", ""reported"": true, ""response"": ""YANKEE ALPHA SIERRA"", ""correct"": true, ""correct_lenient"": true, ""answer_migrated"": false}]",1,0,0.0,,,False,False,,,,,,"<Final_Answers>
- Task NECTARINE: YANKEE ALPHA SIERRA
",qwen2.5:7b,7.0,Qwen2.5,97.0
1,non-ordered,True,True,,,,,,none,direct,12,1,SAPPHIRE,[12],0.0,1024,,7041,3,YANKEE OSCAR CHARLIE,,,,0,True,True,True,,"[{""name"": ""SAPPHIRE"", ""kind"": ""passphrase"", ""packet"": 12, ""rank"": 1, ""answer"": ""YANKEE OSCAR CHARLIE"", ""reported"": true, ""response"": ""YANKEE OSCAR CHARLIE"", ""correct"": true, ""correct_lenient"": true, ""answer_migrated"": false}]",1,0,0.0,,,False,False,,,,,,"<Final_Answers>
- Task SAPPHIRE: YANKEE OSCAR CHARLIE
",qwen2.5:7b,7.0,Qwen2.5,97.0
3,non-ordered,False,True,,,,,,trivial,direct,3,1,PLATYPUS,"[3, 11, 15]",0.0,1024,,88,3,MIKE GOLF KILO,,,,0,True,True,True,1.0,"[{""name"": ""PLATYPUS"", ""kind"": ""passphrase"", ""packet"": 3, ""rank"": 1, ""answer"": ""MIKE GOLF KILO"", ""reported"": true, ""response"": ""MIKE GOLF KILO"", ""correct"": true, ""correct_lenient"": true, ""answer_migrated"": false}, {""name"": ""URCHIN"", ""kind"": ""load"", ""packet"": 11, ""rank"": 2, ""answer"": ""RED"", ""reported"": true, ""response"": ""RED"", ""correct"": true, ""correct_lenient"": true, ""answer_migrated"": false}, {""name"": ""LULLABY"", ""kind"": ""load"", ""packet"": 15, ""rank"": 3, ""answer"": ""EAGLE"", ""reported"": true, ""response"": ""EAGLE"", ""correct"": true, ""correct_lenient"": true, ""answer_migrated"": false}]",3,0,0.0,,,False,False,,,,,,"<Final_Answers>
- Task PLATYPUS: MIKE GOLF KILO
- Task URCHIN: RED
- Task LULLABY: EAGLE
",qwen2.5:7b,7.0,Qwen2.5,97.0
3,non-ordered,False,True,,,,,,trivial,direct,6,1,NARWHAL,"[6, 7, 8]",0.0,1024,,1088,3,ROMEO VICTOR QUEBEC,,,,0,True,True,True,1.0,"[{""name"": ""NARWHAL"", ""kind"": ""passphrase"", ""packet"": 6, ""rank"": 1, ""answer"": ""ROMEO VICTOR QUEBEC"", ""reported"": true, ""response"": ""ROMEO VICTOR QUEBEC"", ""correct"": true, ""correct_lenient"": true, ""answer_migrated"": false}, {""name"": ""FLAMINGO"", ""kind"": ""load"", ""packet"": 7, ""rank"": 2, ""answer"": ""HAWK"", ""reported"": true, ""response"": ""HAWK"", ""correct"": true, ""correct_lenient"": true, ""answer_migrated"": false}, {""name"": ""HEDGEHOG"", ""kind"": ""load"", ""packet"": 8, ""rank"": 3, ""answer"": ""OCEAN"", ""reported"": true, ""response"": ""OCEAN"", ""correct"": true, ""correct_lenient"": true, ""answer_migrated"": false}]",3,0,0.0,,,False,False,,,,,,"<Final_Answers>
- Task NARWHAL: ROMEO VICTOR QUEBEC
- Task FLAMINGO: HAWK
- Task HEDGEHOG: OCEAN
",qwen2.5:7b,7.0,Qwen2.5,97.0
3,non-ordered,False,True,,,,,,trivial,direct,4,1,UNICYCLE,"[4, 7, 13]",0.0,1024,,2088,3,SIERRA PAPA XRAY,,,,0,True,True,True,1.0,"[{""name"": ""UNICYCLE"", ""kind"": ""passphrase"", ""packet"": 4, ""rank"": 1, ""answer"": ""SIERRA PAPA XRAY"", ""reported"": true, ""response"": ""SIERRA PAPA XRAY"", ""correct"": true, ""correct_lenient"": true, ""answer_migrated"": false}, {""name"": ""CHIMNEY"", ""kind"": ""load"", ""packet"": 7, ""rank"": 2, ""answer"": ""SALMON"", ""reported"": true, ""response"": ""SALMON"", ""correct"": true, ""correct_lenient"": true, ""answer_migrated"": false}, {""name"": ""URCHIN"", ""kind"": ""load"", ""packet"": 13, ""rank"": 3, ""answer"": ""SALT"", ""reported"": true, ""response"": ""SALT"", ""correct"": true, ""correct_lenient"": true, ""answer_migrated"": false}]",3,0,0.0,,,False,False,,,,,,"<Final_Answers>
- Task UNICYCLE: SIERRA PAPA XRAY
- Task CHIMNEY: SALMON
- Task URCHIN: SALT
",qwen2.5:7b,7.0,Qwen2.5,97.0
3,non-ordered,False,True,,,,,,trivial,direct,9,2,TULIP,"[2, 9, 12]",0.0,1024,,3088,3,PAPA INDIA VICTOR,,,,0,True,True,True,1.0,"[{""name"": ""WALNUT"", ""kind"": ""load"", ""packet"": 2, ""rank"": 1, ""answer"": ""SUGAR"", ""reported"": true, ""response"": ""SUGAR"", ""correct"": true, ""correct_lenient"": true, ""answer_migrated"": false}, {""name"": ""TULIP"", ""kind"": ""passphrase"", ""packet"": 9, ""rank"": 2, ""answer"": ""PAPA INDIA VICTOR"", ""reported"": true, ""response"": ""PAPA INDIA VICTOR"", ""correct"": true, ""correct_lenient"": true, ""answer_migrated"": false}, {""name"": ""LOBSTER"", ""kind"": ""load"", ""packet"": 12, ""rank"": 3, ""answer"": ""CHAIR"", ""reported"": true, ""response"": ""CHAIR"", ""correct"": true, ""correct_lenient"": true, ""answer_migrated"": false}]",3,0,0.0,,,False,False,,,,,,"<Final_Answers>
- Task WALNUT: SUGAR
- Task TULIP: PAPA INDIA VICTOR
- Task LOBSTER: CHAIR
",qwen2.5:7b,7.0,Qwen2.5,97.0
3,non-ordered,False,True,,,,,,trivial,direct,13,3,LULLABY,"[2, 11, 13]",0.0,1024,,4088,3,ALPHA HOTEL INDIA,,,,0,True,True,True,1.0,"[{""name"": ""DOLPHIN"", ""kind"": ""load"", ""packet"": 2, ""rank"": 1, ""answer"": ""BRANCH"", ""reported"": true, ""response"": ""BRANCH"", ""correct"": true, ""correct_lenient"": true, ""answer_migrated"": false}, {""name"": ""RAVIOLI"", ""kind"": ""load"", ""packet"": 11, ""rank"": 2, ""answer"": ""SPOON"", ""reported"": true, ""response"": ""SPOON"", ""correct"": true, ""correct_lenient"": true, ""answer_migrated"": false}, {""name"": ""LULLABY"", ""kind"": ""passphrase"", ""packet"": 13, ""rank"": 3, ""answer"": ""ALPHA HOTEL INDIA"", ""reported"": true, ""response"": ""ALPHA HOTEL INDIA"", ""correct"": true, ""correct_lenient"": true, ""answer_migrated"": false}]",3,0,0.0,,,False,False,,,,,,"<Final_Answers>
- Task DOLPHIN: BRANCH
- Task RAVIOLI: SPOON
- Task LULLABY: ALPHA HOTEL INDIA
",qwen2.5:7b,7.0,Qwen2.5,97.0
3,non-ordered,False,True,,,,,,trivial,direct,8,3,TAPESTRY,"[2, 6, 8]",0.0,1024,,5088,3,WHISKEY ROMEO MIKE,,,,0,True,True,True,1.0,"[{""name"": ""URCHIN"", ""kind"": ""load"", ""packet"": 2, ""rank"": 1, ""answer"": ""LAKE"", ""reported"": true, ""response"": ""LAKE"", ""correct"": true, ""correct_lenient"": true, ""answer_migrated"": false}, {""name"": ""ANCHOVY"", ""kind"": ""load"", ""packet"": 6, ""rank"": 2, ""answer"": ""BLACK"", ""reported"": true, ""response"": ""BLACK"", ""correct"": true, ""correct_lenient"": true, ""answer_migrated"": false}, {""name"": ""TAPESTRY"", ""kind"": ""passphrase"", ""packet"": 8, ""rank"": 3, ""answer"": ""WHISKEY ROMEO MIKE"", ""reported"": true, ""response"": ""WHISKEY ROMEO MIKE"", ""correct"": true, ""correct_lenient"": true, ""answer_migrated"": false}]",3,0,0.0,,,False,False,,,,,,"<Final_Answers>
- Task URCHIN: LAKE
- Task ANCHOVY: BLACK
- Task TAPESTRY: WHISKEY ROMEO MIKE
",qwen2.5:7b,7.0,Qwen2.5,97.0
3,non-ordered,False,True,,,,,,trivial,direct,7,2,FALCON,"[1, 7, 15]",0.0,1024,,6088,3,QUEBEC JULIET UNIFORM,,,,0,True,True,True,1.0,"[{""name"": ""SNORKEL"", ""kind"": ""load"", ""packet"": 1, ""rank"": 1, ""answer"": ""HORSE"", ""reported"": true, ""response"": ""HORSE"", ""correct"": true, ""correct_lenient"": true, ""answer_migrated"": false}, {""name"": ""FALCON"", ""kind"": ""passphrase"", ""packet"": 7, ""rank"": 2, ""answer"": ""QUEBEC JULIET UNIFORM"", ""reported"": true, ""response"": ""QUEBEC JULIET UNIFORM"", ""correct"": true, ""correct_lenient"": true, ""answer_migrated"": false}, {""name"": ""KAYAK"", ""kind"": ""load"", ""packet"": 15, ""rank"": 3, ""answer"": ""STONE"", ""reported"": true, ""response"": ""STONE"", ""correct"": true, ""correct_lenient"": true, ""answer_migrated"": false}]",3,0,0.0,,,False,False,,,,,,"<Final_Answers>
- Task SNORKEL: HORSE
- Task FALCON: QUEBEC JULIET UNIFORM
- Task KAYAK: STONE
",qwen2.5:7b,7.0,Qwen2.5,97.0
3,non-ordered,False,True,,,,,,trivial,direct,4,2,MARBLE,"[1, 4, 5]",0.0,1024,,7088,3,ROMEO BRAVO MIKE,,,,0,True,True,True,1.0,"[{""name"": ""FALCON"", ""kind"": ""load"", ""packet"": 1, ""rank"": 1, ""answer"": ""BOWL"", ""reported"": true, ""response"": ""BOWL"", ""correct"": true, ""correct_lenient"": true, ""answer_migrated"": false}, {""name"": ""MARBLE"", ""kind"": ""passphrase"", ""packet"": 4, ""rank"": 2, ""answer"": ""ROMEO BRAVO MIKE"", ""reported"": true, ""response"": ""ROMEO BRAVO MIKE"", ""correct"": true, ""correct_lenient"": true, ""answer_migrated"": false}, {""name"": ""WATERMELON"", ""kind"": ""load"", ""packet"": 5, ""rank"": 3, ""answer"": ""SNAKE"", ""reported"": true, ""response"": ""SNAKE"", ""correct"": true, ""correct_lenient"": true, ""answer_migrated"": false}]",3,0,0.0,,,False,False,,,,,,"<Final_Answers>
- Task FALCON: BOWL
- Task MARBLE: ROMEO BRAVO MIKE
- Task WATERMELON: SNAKE
",qwen2.5:7b,7.0,Qwen2.5,97.0
3,non-ordered,True,True,,,,,,trivial,direct,15,3,URCHIN,"[3, 11, 15]",0.0,1024,,88,3,MIKE GOLF KILO,,,,0,True,True,True,1.0,"[{""name"": ""PYRAMID"", ""kind"": ""load"", ""packet"": 3, ""rank"": 1, ""answer"": ""PEACH"", ""reported"": true, ""response"": ""PEACH"", ""correct"": true, ""correct_lenient"": true, ""answer_migrated"": false}, {""name"": ""PLATYPUS"", ""kind"": ""load"", ""packet"": 11, ""rank"": 2, ""answer"": ""RED"", ""reported"": true, ""response"": ""RED"", ""correct"": true, ""correct_lenient"": true, ""answer_migrated"": false}, {""name"": ""URCHIN"", ""kind"": ""passphrase"", ""packet"": 15, ""rank"": 3, ""answer"": ""MIKE GOLF KILO"", ""reported"": true, ""response"": ""MIKE GOLF KILO"", ""correct"": true, ""correct_lenient"": true, ""answer_migrated"": false}]",3,0,0.0,,,False,False,,,,,,"<Final_Answers>
- Task PYRAMID: PEACH
- Task PLATYPUS: RED
- Task URCHIN: MIKE GOLF KILO
",qwen2.5:7b,7.0,Qwen2.5,97.0
3,non-ordered,True,True,,,,,,trivial,direct,8,3,FLAMINGO,"[6, 7, 8]",0.0,1024,,1088,3,ROMEO VICTOR QUEBEC,,,,0,True,True,True,1.0,"[{""name"": ""PELICAN"", ""kind"": ""load"", ""packet"": 6, ""rank"": 1, ""answer"": ""PEPPER"", ""reported"": true, ""response"": ""PEPPER"", ""correct"": true, ""correct_lenient"": true, ""answer_migrated"": false}, {""name"": ""NARWHAL"", ""kind"": ""load"", ""packet"": 7, ""rank"": 2, ""answer"": ""HAWK"", ""reported"": true, ""response"": ""HAWK"", ""correct"": true, ""correct_lenient"": true, ""answer_migrated"": false}, {""name"": ""FLAMINGO"", ""kind"": ""passphrase"", ""packet"": 8, ""rank"": 3, ""answer"": ""ROMEO VICTOR QUEBEC"", ""reported"": true, ""response"": ""ROMEO VICTOR QUEBEC"", ""correct"": true, ""correct_lenient"": true, ""answer_migrated"": false}]",3,0,0.0,,,False,False,,,,,,"<Final_Answers>
- Task PELICAN: PEPPER
- Task NARWHAL: HAWK
- Task FLAMINGO: ROMEO VICTOR QUEBEC
",qwen2.5:7b,7.0,Qwen2.5,97.0
3,non-ordered,True,True,,,,,,trivial,direct,13,3,CHIMNEY,"[4, 7, 13]",0.0,1024,,2088,3,SIERRA PAPA XRAY,,,,0,True,True,True,1.0,"[{""name"": ""YOGURT"", ""kind"": ""load"", ""packet"": 4, ""rank"": 1, ""answer"": ""TOMATO"", ""reported"": true, ""response"": ""TOMATO"", ""correct"": true, ""correct_lenient"": true, ""answer_migrated"": false}, {""name"": ""UNICYCLE"", ""kind"": ""load"", ""packet"": 7, ""rank"": 2, ""answer"": ""SALMON"", ""reported"": true, ""response"": ""SALMON"", ""correct"": true, ""correct_lenient"": true, ""answer_migrated"": false}, {""name"": ""CHIMNEY"", ""kind"": ""passphrase"", ""packet"": 13, ""rank"": 3, ""answer"": ""SIERRA PAPA XRAY"", ""reported"": true, ""response"": ""SIERRA PAPA XRAY"", ""correct"": true, ""correct_lenient"": true, ""answer_migrated"": false}]",3,0,0.0,,,False,False,,,,,,"<Final_Answers>
- Task YOGURT: TOMATO
- Task UNICYCLE: SALMON
- Task CHIMNEY: SIERRA PAPA XRAY
",qwen2.5:7b,7.0,Qwen2.5,97.0
3,non-ordered,True,True,,,,,,trivial,direct,12,3,TULIP,"[2, 9, 12]",0.0,1024,,3088,3,PAPA INDIA VICTOR,,,,0,True,True,True,1.0,"[{""name"": ""YODEL"", ""kind"": ""load"", ""packet"": 2, ""rank"": 1, ""answer"": ""SHARK"", ""reported"": true, ""response"": ""SHARK"", ""correct"": true, ""correct_lenient"": true, ""answer_migrated"": false}, {""name"": ""WALNUT"", ""kind"": ""load"", ""packet"": 9, ""rank"": 2, ""answer"": ""SUGAR"", ""reported"": true, ""response"": ""SUGAR"", ""correct"": true, ""correct_lenient"": true, ""answer_migrated"": false}, {""name"": ""TULIP"", ""kind"": ""passphrase"", ""packet"": 12, ""rank"": 3, ""answer"": ""PAPA INDIA VICTOR"", ""reported"": true, ""response"": ""PAPA INDIA VICTOR"", ""correct"": true, ""correct_lenient"": true, ""answer_migrated"": false}]",3,0,0.0,,,False,False,,,,,,"<Final_Answers>
- Task YODEL: SHARK
- Task WALNUT: SUGAR
- Task TULIP: PAPA INDIA VICTOR
",qwen2.5:7b,7.0,Qwen2.5,97.0
3,non-ordered,True,True,,,,,,trivial,direct,13,3,LULLABY,"[2, 11, 13]",0.0,1024,,4088,3,ALPHA HOTEL INDIA,,,,0,True,True,True,1.0,"[{""name"": ""RAVIOLI"", ""kind"": ""load"", ""packet"": 2, ""rank"": 1, ""answer"": ""BRANCH"", ""reported"": true, ""response"": ""BRANCH"", ""correct"": true, ""correct_lenient"": true, ""answer_migrated"": false}, {""name"": ""DOLPHIN"", ""kind"": ""load"", ""packet"": 11, ""rank"": 2, ""answer"": ""SPOON"", ""reported"": true, ""response"": ""SPOON"", ""correct"": true, ""correct_lenient"": true, ""answer_migrated"": false}, {""name"": ""LULLABY"", ""kind"": ""passphrase"", ""packet"": 13, ""rank"": 3, ""answer"": ""ALPHA HOTEL INDIA"", ""reported"": true, ""response"": ""ALPHA HOTEL INDIA"", ""correct"": true, ""correct_lenient"": true, ""answer_migrated"": false}]",3,0,0.0,,,False,False,,,,,,"<Final_Answers>
- Task RAVIOLI: BRANCH
- Task DOLPHIN: SPOON
- Task LULLABY: ALPHA HOTEL INDIA
",qwen2.5:7b,7.0,Qwen2.5,97.0
3,non-ordered,True,True,,,,,,trivial,direct,8,3,ANCHOVY,"[2, 6, 8]",0.0,1024,,5088,3,WHISKEY ROMEO MIKE,,,,0,True,True,True,1.0,"[{""name"": ""THIMBLE"", ""kind"": ""load"", ""packet"": 2, ""rank"": 1, ""answer"": ""ROBIN"", ""reported"": true, ""response"": ""ROBIN"", ""correct"": true, ""correct_lenient"": true, ""answer_migrated"": false}, {""name"": ""URCHIN"", ""kind"": ""load"", ""packet"": 6, ""rank"": 2, ""answer"": ""LAKE"", ""reported"": true, ""response"": ""LAKE"", ""correct"": true, ""correct_lenient"": true, ""answer_migrated"": false}, {""name"": ""ANCHOVY"", ""kind"": ""passphrase"", ""packet"": 8, ""rank"": 3, ""answer"": ""WHISKEY ROMEO MIKE"", ""reported"": true, ""response"": ""WHISKEY ROMEO MIKE"", ""correct"": true, ""correct_lenient"": true, ""answer_migrated"": false}]",3,0,0.0,,,False,False,,,,,,"<Final_Answers>
- Task THIMBLE: ROBIN
- Task URCHIN: LAKE
- Task ANCHOVY: WHISKEY ROMEO MIKE
",qwen2.5:7b,7.0,Qwen2.5,97.0
3,non-ordered,True,True,,,,,,trivial,direct,15,3,FALCON,"[1, 7, 15]",0.0,1024,,6088,3,QUEBEC JULIET UNIFORM,,,,0,True,True,True,1.0,"[{""name"": ""HARMONICA"", ""kind"": ""load"", ""packet"": 1, ""rank"": 1, ""answer"": ""WHALE"", ""reported"": true, ""response"": ""WHALE"", ""correct"": true, ""correct_lenient"": true, ""answer_migrated"": false}, {""name"": ""SNORKEL"", ""kind"": ""load"", ""packet"": 7, ""rank"": 2, ""answer"": ""HORSE"", ""reported"": true, ""response"": ""HORSE"", ""correct"": true, ""correct_lenient"": true, ""answer_migrated"": false}, {""name"": ""FALCON"", ""kind"": ""passphrase"", ""packet"": 15, ""rank"": 3, ""answer"": ""QUEBEC JULIET UNIFORM"", ""reported"": true, ""response"": ""QUEBEC JULIET UNIFORM"", ""correct"": true, ""correct_lenient"": true, ""answer_migrated"": false}]",3,0,0.0,,,False,False,,,,,,"<Final_Answers>
- Task HARMONICA: WHALE
- Task SNORKEL: HORSE
- Task FALCON: QUEBEC JULIET UNIFORM
",qwen2.5:7b,7.0,Qwen2.5,97.0
3,non-ordered,True,True,,,,,,trivial,direct,5,3,MARBLE,"[1, 4, 5]",0.0,1024,,7088,3,ROMEO BRAVO MIKE,,,,0,True,True,True,1.0,"[{""name"": ""FERRET"", ""kind"": ""load"", ""packet"": 1, ""rank"": 1, ""answer"": ""BLUE"", ""reported"": true, ""response"": ""BLUE"", ""correct"": true, ""correct_lenient"": true, ""answer_migrated"": false}, {""name"": ""FALCON"", ""kind"": ""load"", ""packet"": 4, ""rank"": 2, ""answer"": ""BOWL"", ""reported"": true, ""response"": ""BOWL"", ""correct"": true, ""correct_lenient"": true, ""answer_migrated"": false}, {""name"": ""MARBLE"", ""kind"": ""passphrase"", ""packet"": 5, ""rank"": 3, ""answer"": ""ROMEO BRAVO MIKE"", ""reported"": true, ""response"": ""ROMEO BRAVO MIKE"", ""correct"": true, ""correct_lenient"": true, ""answer_migrated"": false}]",3,0,0.0,,,False,False,,,,,,"<Final_Answers>
- Task FERRET: BLUE
- Task FALCON: BOWL
- Task MARBLE: ROMEO BRAVO MIKE
",qwen2.5:7b,7.0,Qwen2.5,97.0
3,non-ordered,False,True,,,,,,semantic_4,direct,1,1,CARNIVAL,"[1, 8, 9]",0.0,1024,,109,3,INDIA HOTEL OSCAR,,,,0,True,True,True,1.0,"[{""name"": ""CARNIVAL"", ""kind"": ""passphrase"", ""packet"": 1, ""rank"": 1, ""answer"": ""INDIA HOTEL OSCAR"", ""reported"": true, ""response"": ""INDIA HOTEL OSCAR"", ""correct"": true, ""correct_lenient"": true, ""answer_migrated"": false}, {""name"": ""LILAC"", ""kind"": ""load"", ""packet"": 8, ""rank"": 2, ""answer"": ""YES"", ""reported"": true, ""response"": ""YES"", ""correct"": true, ""correct_lenient"": true, ""answer_migrated"": false}, {""name"": ""KETTLE"", ""kind"": ""load"", ""packet"": 9, ""rank"": 3, ""answer"": ""INVALID"", ""reported"": true, ""response"": ""INVALID"", ""correct"": true, ""correct_lenient"": true, ""answer_migrated"": false}]",3,0,0.0,,,False,False,,,,,,"<Final_Answers>
- Task CARNIVAL: INDIA HOTEL OSCAR
- Task LILAC: YES
- Task KETTLE: INVALID
",qwen2.5:7b,7.0,Qwen2.5,97.0
3,non-ordered,False,True,,,,,,semantic_4,direct,11,3,LULLABY,"[2, 10, 11]",0.0,1024,,1109,3,MIKE CHARLIE PAPA,,,,0,True,True,True,0.0,"[{""name"": ""LANTERN"", ""kind"": ""load"", ""packet"": 2, ""rank"": 1, ""answer"": ""VALID"", ""reported"": true, ""response"": ""INVALID"", ""correct"": false, ""correct_lenient"": false, ""answer_migrated"": true}, {""name"": ""THIMBLE"", ""kind"": ""load"", ""packet"": 10, ""rank"": 2, ""answer"": ""INVALID"", ""reported"": true, ""response"": ""VALID"", ""correct"": false, ""correct_lenient"": false, ""answer_migrated"": true}, {""name"": ""LULLABY"", ""kind"": ""passphrase"", ""packet"": 11, ""rank"": 3, ""answer"": ""MIKE CHARLIE PAPA"", ""reported"": true, ""response"": ""MIKE CHARLIE PAPA"", ""correct"": true, ""correct_lenient"": true, ""answer_migrated"": false}]",3,0,0.6666666666666666,,,False,False,,,,,,"<Final_Answers>
- Task LANTERN: INVALID
- Task THIMBLE: VALID
- Task LULLABY: MIKE CHARLIE PAPA
",qwen2.5:7b,7.0,Qwen2.5,97.0
3,non-ordered,False,True,,,,,,semantic_4,direct,6,2,CHIMNEY,"[1, 6, 11]",0.0,1024,,2109,3,MIKE ROMEO NOVEMBER,,,,0,True,True,True,0.5,"[{""name"": ""HARMONICA"", ""kind"": ""load"", ""packet"": 1, ""rank"": 1, ""answer"": ""INVALID"", ""reported"": true, ""response"": ""INVALID"", ""correct"": true, ""correct_lenient"": true, ""answer_migrated"": false}, {""name"": ""CHIMNEY"", ""kind"": ""passphrase"", ""packet"": 6, ""rank"": 2, ""answer"": ""MIKE ROMEO NOVEMBER"", ""reported"": true, ""response"": ""MIKE ROMEO NOVEMBER"", ""correct"": true, ""correct_lenient"": true, ""answer_migrated"": false}, {""name"": ""WHEELBARROW"", ""kind"": ""load"", ""packet"": 11, ""rank"": 3, ""answer"": ""NO"", ""reported"": true, ""response"": ""YES"", ""correct"": false, ""correct_lenient"": false, ""answer_migrated"": false}]",3,0,0.0,,,False,False,,,,,,"<Final_Answers>
- Task HARMONICA: INVALID
- Task CHIMNEY: MIKE ROMEO NOVEMBER
- Task WHEELBARROW: YES
",qwen2.5:7b,7.0,Qwen2.5,97.0
3,non-ordered,False,True,,,,,,semantic_4,direct,11,3,VELVET,"[7, 10, 11]",0.0,1024,,3109,3,ECHO ZULU HOTEL,,,,0,True,True,True,1.0,"[{""name"": ""UNICYCLE"", ""kind"": ""load"", ""packet"": 7, ""rank"": 1, ""answer"": ""INVALID"", ""reported"": true, ""response"": ""INVALID"", ""correct"": true, ""correct_lenient"": true, ""answer_migrated"": false}, {""name"": ""WOMBAT"", ""kind"": ""load"", ""packet"": 10, ""rank"": 2, ""answer"": ""VALID"", ""reported"": true, ""response"": ""VALID"", ""correct"": true, ""correct_lenient"": true, ""answer_migrated"": false}, {""name"": ""VELVET"", ""kind"": ""passphrase"", ""packet"": 11, ""rank"": 3, ""answer"": ""ECHO ZULU HOTEL"", ""reported"": true, ""response"": ""ECHO ZULU HOTEL"", ""correct"": true, ""correct_lenient"": true, ""answer_migrated"": false}]",3,0,0.0,,,False,False,,,,,,"<Final_Answers>
- Task UNICYCLE: INVALID
- Task WOMBAT: VALID
- Task VELVET: ECHO ZULU HOTEL
",qwen2.5:7b,7.0,Qwen2.5,97.0
3,non-ordered,False,True,,,,,,semantic_4,direct,9,2,DOLPHIN,"[6, 9, 10]",0.0,1024,,4109,3,JULIET FOXTROT YANKEE,,,,0,True,True,True,1.0,"[{""name"": ""TULIP"", ""kind"": ""load"", ""packet"": 6, ""rank"": 1, ""answer"": ""NO"", ""reported"": true, ""response"": ""NO"", ""correct"": true, ""correct_lenient"": true, ""answer_migrated"": false}, {""name"": ""DOLPHIN"", ""kind"": ""passphrase"", ""packet"": 9, ""rank"": 2, ""answer"": ""JULIET FOXTROT YANKEE"", ""reported"": true, ""response"": ""JULIET FOXTROT YANKEE"", ""correct"": true, ""correct_lenient"": true, ""answer_migrated"": false}, {""name"": ""WALNUT"", ""kind"": ""load"", ""packet"": 10, ""rank"": 3, ""answer"": ""INVALID"", ""reported"": true, ""response"": ""INVALID"", ""correct"": true, ""correct_lenient"": true, ""answer_migrated"": false}]",3,0,0.0,,,False,False,,,,,,"<Final_Answers>
- Task TULIP: NO
- Task DOLPHIN: JULIET FOXTROT YANKEE
- Task WALNUT: INVALID
",qwen2.5:7b,7.0,Qwen2.5,97.0
3,non-ordered,False,True,,,,,,semantic_4,direct,5,1,MANDOLIN,"[5, 7, 14]",0.0,1024,,5109,3,MIKE WHISKEY KILO,,,,0,True,True,True,0.5,"[{""name"": ""MANDOLIN"", ""kind"": ""passphrase"", ""packet"": 5, ""rank"": 1, ""answer"": ""MIKE WHISKEY KILO"", ""reported"": true, ""response"": ""MIKE WHISKEY KILO"", ""correct"": true, ""correct_lenient"": true, ""answer_migrated"": false}, {""name"": ""BAGPIPE"", ""kind"": ""load"", ""packet"": 7, ""rank"": 2, ""answer"": ""INVALID"", ""reported"": true, ""response"": ""INVALID"", ""correct"": true, ""correct_lenient"": true, ""answer_migrated"": false}, {""name"": ""JASMINE"", ""kind"": ""load"", ""packet"": 14, ""rank"": 3, ""answer"": ""INVALID"", ""reported"": true, ""response"": ""VALID"", ""correct"": false, ""correct_lenient"": false, ""answer_migrated"": false}]",3,0,0.0,,,False,False,,,,,,"<Final_Answers>
- Task MANDOLIN: MIKE WHISKEY KILO
- Task BAGPIPE: INVALID
- Task JASMINE: VALID
",qwen2.5:7b,7.0,Qwen2.5,97.0
3,non-ordered,False,True,,,,,,semantic_4,direct,7,1,LILAC,"[7, 12, 15]",0.0,1024,,6109,3,GOLF ZULU YANKEE,,,,0,True,True,True,0.5,"[{""name"": ""LILAC"", ""kind"": ""passphrase"", ""packet"": 7, ""rank"": 1, ""answer"": ""GOLF ZULU YANKEE"", ""reported"": true, ""response"": ""GOLF ZULU YANKEE"", ""correct"": true, ""correct_lenient"": true, ""answer_migrated"": false}, {""name"": ""OPAL"", ""kind"": ""load"", ""packet"": 12, ""rank"": 2, ""answer"": ""NO"", ""reported"": true, ""response"": ""NO"", ""correct"": true, ""correct_lenient"": true, ""answer_migrated"": false}, {""name"": ""PISTACHIO"", ""kind"": ""load"", ""packet"": 15, ""rank"": 3, ""answer"": ""VALID"", ""reported"": true, ""response"": ""INVALID"", ""correct"": false, ""correct_lenient"": false, ""answer_migrated"": false}]",3,0,0.0,,,False,False,,,,,,"<Final_Answers>
- Task LILAC: GOLF ZULU YANKEE
- Task OPAL: NO
- Task PISTACHIO: INVALID
",qwen2.5:7b,7.0,Qwen2.5,97.0
3,non-ordered,False,True,,,,,,semantic_4,direct,3,1,URCHIN,"[3, 4, 6]",0.0,1024,,7109,3,BRAVO YANKEE TANGO,,,,0,True,True,True,0.5,"[{""name"": ""URCHIN"", ""kind"": ""passphrase"", ""packet"": 3, ""rank"": 1, ""answer"": ""BRAVO YANKEE TANGO"", ""reported"": true, ""response"": ""BRAVO YANKEE TANGO"", ""correct"": true, ""correct_lenient"": true, ""answer_migrated"": false}, {""name"": ""TAPESTRY"", ""kind"": ""load"", ""packet"": 4, ""rank"": 2, ""answer"": ""INVALID"", ""reported"": true, ""response"": ""INVALID"", ""correct"": true, ""correct_lenient"": true, ""answer_migrated"": false}, {""name"": ""PYRAMID"", ""kind"": ""load"", ""packet"": 6, ""rank"": 3, ""answer"": ""R"", ""reported"": true, ""response"": ""U"", ""correct"": false, ""correct_lenient"": false, ""answer_migrated"": false}]",3,0,0.0,,,False,False,,,,,,"<Final_Answers>
- Task URCHIN: BRAVO YANKEE TANGO
- Task TAPESTRY: INVALID
- Task PYRAMID: U
",qwen2.5:7b,7.0,Qwen2.5,97.0
3,non-ordered,True,True,,,,,,semantic_4,direct,9,3,LILAC,"[1, 8, 9]",0.0,1024,,109,3,INDIA HOTEL OSCAR,,,,0,True,True,True,1.0,"[{""name"": ""TOBOGGAN"", ""kind"": ""load"", ""packet"": 1, ""rank"": 1, ""answer"": ""NO"", ""reported"": true, ""response"": ""NO"", ""correct"": true, ""correct_lenient"": true, ""answer_migrated"": false}, {""name"": ""CARNIVAL"", ""kind"": ""load"", ""packet"": 8, ""rank"": 2, ""answer"": ""YES"", ""reported"": true, ""response"": ""YES"", ""correct"": true, ""correct_lenient"": true, ""answer_migrated"": false}, {""name"": ""LILAC"", ""kind"": ""passphrase"", ""packet"": 9, ""rank"": 3, ""answer"": ""INDIA HOTEL OSCAR"", ""reported"": true, ""response"": ""INDIA HOTEL OSCAR"", ""correct"": true, ""correct_lenient"": true, ""answer_migrated"": false}]",3,0,0.0,,,False,False,,,,,,"<Final_Answers>
- Task TOBOGGAN: NO
- Task CARNIVAL: YES
- Task LILAC: INDIA HOTEL OSCAR
",qwen2.5:7b,7.0,Qwen2.5,97.0
3,non-ordered,True,True,,,,,,semantic_4,direct,11,3,THIMBLE,"[2, 10, 11]",0.0,1024,,1109,3,MIKE CHARLIE PAPA,,,,0,True,True,True,0.5,"[{""name"": ""QUICKSAND"", ""kind"": ""load"", ""packet"": 2, ""rank"": 1, ""answer"": ""YES"", ""reported"": true, ""response"": ""YES"", ""correct"": true, ""correct_lenient"": true, ""answer_migrated"": false}, {""name"": ""LANTERN"", ""kind"": ""load"", ""packet"": 10, ""rank"": 2, ""answer"": ""VALID"", ""reported"": true, ""response"": ""INVALID"", ""correct"": false, ""correct_lenient"": false, ""answer_migrated"": false}, {""name"": ""THIMBLE"", ""kind"": ""passphrase"", ""packet"": 11, ""rank"": 3, ""answer"": ""MIKE CHARLIE PAPA"", ""reported"": true, ""response"": ""MIKE CHARLIE PAPA"", ""correct"": true, ""correct_lenient"": true, ""answer_migrated"": false}]",3,0,0.0,,,False,False,,,,,,"<Final_Answers>
- Task QUICKSAND: YES
- Task LANTERN: INVALID
- Task THIMBLE: MIKE CHARLIE PAPA
",qwen2.5:7b,7.0,Qwen2.5,97.0
3,non-ordered,True,True,,,,,,semantic_4,direct,11,3,CHIMNEY,"[1, 6, 11]",0.0,1024,,2109,3,MIKE ROMEO NOVEMBER,,,,0,True,True,True,0.5,"[{""name"": ""OBELISK"", ""kind"": ""load"", ""packet"": 1, ""rank"": 1, ""answer"": ""INVALID"", ""reported"": true, ""response"": ""INVALID"", ""correct"": true, ""correct_lenient"": true, ""answer_migrated"": false}, {""name"": ""HARMONICA"", ""kind"": ""load"", ""packet"": 6, ""rank"": 2, ""answer"": ""INVALID"", ""reported"": true, ""response"": ""VALID"", ""correct"": false, ""correct_lenient"": false, ""answer_migrated"": false}, {""name"": ""CHIMNEY"", ""kind"": ""passphrase"", ""packet"": 11, ""rank"": 3, ""answer"": ""MIKE ROMEO NOVEMBER"", ""reported"": true, ""response"": ""MIKE ROMEO NOVEMBER"", ""correct"": true, ""correct_lenient"": true, ""answer_migrated"": false}]",3,0,0.0,,,False,False,,,,,,"<Final_Answers>
- Task OBELISK: INVALID
- Task HARMONICA: VALID
- Task CHIMNEY: MIKE ROMEO NOVEMBER
",qwen2.5:7b,7.0,Qwen2.5,97.0
3,non-ordered,True,True,,,,,,semantic_4,direct,11,3,WOMBAT,"[7, 10, 11]",0.0,1024,,3109,3,ECHO ZULU HOTEL,,,,0,True,True,True,1.0,"[{""name"": ""NOODLE"", ""kind"": ""load"", ""packet"": 7, ""rank"": 1, ""answer"": ""VALID"", ""reported"": true, ""response"": ""VALID"", ""correct"": true, ""correct_lenient"": true, ""answer_migrated"": false}, {""name"": ""UNICYCLE"", ""kind"": ""load"", ""packet"": 10, ""rank"": 2, ""answer"": ""INVALID"", ""reported"": true, ""response"": ""INVALID"", ""correct"": true, ""correct_lenient"": true, ""answer_migrated"": false}, {""name"": ""WOMBAT"", ""kind"": ""passphrase"", ""packet"": 11, ""rank"": 3, ""answer"": ""ECHO ZULU HOTEL"", ""reported"": true, ""response"": ""ECHO ZULU HOTEL"", ""correct"": true, ""correct_lenient"": true, ""answer_migrated"": false}]",3,0,0.0,,,False,False,,,,,,"<Final_Answers>
- Task NOODLE: VALID
- Task UNICYCLE: INVALID
- Task WOMBAT: ECHO ZULU HOTEL
",qwen2.5:7b,7.0,Qwen2.5,97.0
3,non-ordered,True,True,,,,,,semantic_4,direct,10,3,DOLPHIN,"[6, 9, 10]",0.0,1024,,4109,3,JULIET FOXTROT YANKEE,,,,0,True,True,True,0.5,"[{""name"": ""NARWHAL"", ""kind"": ""load"", ""packet"": 6, ""rank"": 1, ""answer"": ""VALID"", ""reported"": true, ""response"": ""INVALID"", ""correct"": false, ""correct_lenient"": false, ""answer_migrated"": false}, {""name"": ""TULIP"", ""kind"": ""load"", ""packet"": 9, ""rank"": 2, ""answer"": ""NO"", ""reported"": true, ""response"": ""NO"", ""correct"": true, ""correct_lenient"": true, ""answer_migrated"": false}, {""name"": ""DOLPHIN"", ""kind"": ""passphrase"", ""packet"": 10, ""rank"": 3, ""answer"": ""JULIET FOXTROT YANKEE"", ""reported"": true, ""response"": ""JULIET FOXTROT YANKEE"", ""correct"": true, ""correct_lenient"": true, ""answer_migrated"": false}]",3,0,0.0,,,False,False,,,,,,"<Final_Answers>
- Task NARWHAL: INVALID
- Task TULIP: NO
- Task DOLPHIN: JULIET FOXTROT YANKEE
",qwen2.5:7b,7.0,Qwen2.5,97.0
3,non-ordered,True,True,,,,,,semantic_4,direct,14,3,BAGPIPE,"[5, 7, 14]",0.0,1024,,5109,3,MIKE WHISKEY KILO,,,,0,True,True,True,1.0,"[{""name"": ""SAPPHIRE"", ""kind"": ""load"", ""packet"": 5, ""rank"": 1, ""answer"": ""VALID"", ""reported"": true, ""response"": ""VALID"", ""correct"": true, ""correct_lenient"": true, ""answer_migrated"": false}, {""name"": ""MANDOLIN"", ""kind"": ""load"", ""packet"": 7, ""rank"": 2, ""answer"": ""INVALID"", ""reported"": true, ""response"": ""INVALID"", ""correct"": true, ""correct_lenient"": true, ""answer_migrated"": false}, {""name"": ""BAGPIPE"", ""kind"": ""passphrase"", ""packet"": 14, ""rank"": 3, ""answer"": ""MIKE WHISKEY KILO"", ""reported"": true, ""response"": ""MIKE WHISKEY KILO"", ""correct"": true, ""correct_lenient"": true, ""answer_migrated"": false}]",3,0,0.0,,,False,False,,,,,,"<Final_Answers>
- Task SAPPHIRE: VALID
- Task MANDOLIN: INVALID
- Task BAGPIPE: MIKE WHISKEY KILO
",qwen2.5:7b,7.0,Qwen2.5,97.0
3,non-ordered,True,True,,,,,,semantic_4,direct,15,3,OPAL,"[7, 12, 15]",0.0,1024,,6109,3,GOLF ZULU YANKEE,,,,0,True,True,True,0.5,"[{""name"": ""LANTERN"", ""kind"": ""load"", ""packet"": 7, ""rank"": 1, ""answer"": ""YES"", ""reported"": true, ""response"": ""YES"", ""correct"": true, ""correct_lenient"": true, ""answer_migrated"": false}, {""name"": ""LILAC"", ""kind"": ""load"", ""packet"": 12, ""rank"": 2, ""answer"": ""NO"", ""reported"": true, ""response"": ""YES"", ""correct"": false, ""correct_lenient"": false, ""answer_migrated"": true}, {""name"": ""OPAL"", ""kind"": ""passphrase"", ""packet"": 15, ""rank"": 3, ""answer"": ""GOLF ZULU YANKEE"", ""reported"": true, ""response"": ""GOLF ZULU YANKEE"", ""correct"": true, ""correct_lenient"": true, ""answer_migrated"": false}]",3,0,0.3333333333333333,,,False,False,,,,,,"<Final_Answers>
- Task LANTERN: YES
- Task LILAC: YES
- Task OPAL: GOLF ZULU YANKEE
",qwen2.5:7b,7.0,Qwen2.5,97.0
3,non-ordered,True,True,,,,,,semantic_4,direct,6,3,TAPESTRY,"[3, 4, 6]",0.0,1024,,7109,3,BRAVO YANKEE TANGO,,,,0,True,True,True,0.5,"[{""name"": ""SAPPHIRE"", ""kind"": ""load"", ""packet"": 3, ""rank"": 1, ""answer"": ""VALID"", ""reported"": true, ""response"": ""VALID"", ""correct"": true, ""correct_lenient"": true, ""answer_migrated"": false}, {""name"": ""URCHIN"", ""kind"": ""load"", ""packet"": 4, ""rank"": 2, ""answer"": ""INVALID"", ""reported"": true, ""response"": ""VALID"", ""correct"": false, ""correct_lenient"": false, ""answer_migrated"": true}, {""name"": ""TAPESTRY"", ""kind"": ""passphrase"", ""packet"": 6, ""rank"": 3, ""answer"": ""BRAVO YANKEE TANGO"", ""reported"": true, ""response"": ""BRAVO YANKEE TANGO"", ""correct"": true, ""correct_lenient"": true, ""answer_migrated"": false}]",3,0,0.3333333333333333,,,False,False,,,,,,"<Final_Answers>
- Task SAPPHIRE: VALID
- Task URCHIN: VALID
- Task TAPESTRY: BRAVO YANKEE TANGO
",qwen2.5:7b,7.0,Qwen2.5,97.0
5,non-ordered,False,True,,,,,,trivial,direct,4,1,RASPBERRY,"[4, 6, 10, 11, 14]",0.0,1024,,114,3,HOTEL SIERRA DELTA,,,,0,True,True,True,1.0,"[{""name"": ""RASPBERRY"", ""kind"": ""passphrase"", ""packet"": 4, ""rank"": 1, ""answer"": ""HOTEL SIERRA DELTA"", ""reported"": true, ""response"": ""HOTEL SIERRA DELTA"", ""correct"": true, ""correct_lenient"": true, ""answer_migrated"": false}, {""name"": ""NECTARINE"", ""kind"": ""load"", ""packet"": 6, ""rank"": 2, ""answer"": ""STORM"", ""reported"": true, ""response"": ""STORM"", ""correct"": true, ""correct_lenient"": true, ""answer_migrated"": false}, {""name"": ""PLATYPUS"", ""kind"": ""load"", ""packet"": 10, ""rank"": 3, ""answer"": ""BROWN"", ""reported"": true, ""response"": ""BROWN"", ""correct"": true, ""correct_lenient"": true, ""answer_migrated"": false}, {""name"": ""INKWELL"", ""kind"": ""load"", ""packet"": 11, ""rank"": 4, ""answer"": ""LAKE"", ""reported"": true, ""response"": ""LAKE"", ""correct"": true, ""correct_lenient"": true, ""answer_migrated"": false}, {""name"": ""KAYAK"", ""kind"": ""load"", ""packet"": 14, ""rank"": 5, ""answer"": ""FINCH"", ""reported"": true, ""response"": ""FINCH"", ""correct"": true, ""correct_lenient"": true, ""answer_migrated"": false}]",5,0,0.0,,,False,False,,,,,,"<Final_Answers>
- Task RASPBERRY: HOTEL SIERRA DELTA
- Task NECTARINE: STORM
- Task PLATYPUS: BROWN
- Task INKWELL: LAKE
- Task KAYAK: FINCH
",qwen2.5:7b,7.0,Qwen2.5,97.0
5,non-ordered,False,True,,,,,,trivial,direct,14,5,CENTIPEDE,"[8, 10, 11, 12, 14]",0.0,1024,,1114,3,QUEBEC INDIA OSCAR,,,,0,True,True,True,1.0,"[{""name"": ""METRONOME"", ""kind"": ""load"", ""packet"": 8, ""rank"": 1, ""answer"": ""RICE"", ""reported"": true, ""response"": ""RICE"", ""correct"": true, ""correct_lenient"": true, ""answer_migrated"": false}, {""name"": ""CATAPULT"", ""kind"": ""load"", ""packet"": 10, ""rank"": 2, ""answer"": ""SPOON"", ""reported"": true, ""response"": ""SPOON"", ""correct"": true, ""correct_lenient"": true, ""answer_migrated"": false}, {""name"": ""LANTERN"", ""kind"": ""load"", ""packet"": 11, ""rank"": 3, ""answer"": ""CHERRY"", ""reported"": true, ""response"": ""CHERRY"", ""correct"": true, ""correct_lenient"": true, ""answer_migrated"": false}, {""name"": ""DAFFODIL"", ""kind"": ""load"", ""packet"": 12, ""rank"": 4, ""answer"": ""PLATE"", ""reported"": true, ""response"": ""PLATE"", ""correct"": true, ""correct_lenient"": true, ""answer_migrated"": false}, {""name"": ""CENTIPEDE"", ""kind"": ""passphrase"", ""packet"": 14, ""rank"": 5, ""answer"": ""QUEBEC INDIA OSCAR"", ""reported"": true, ""response"": ""QUEBEC INDIA OSCAR"", ""correct"": true, ""correct_lenient"": true, ""answer_migrated"": false}]",5,0,0.0,,,False,False,,,,,,"<Final_Answers>
- Task METRONOME: RICE
- Task CATAPULT: SPOON
- Task LANTERN: CHERRY
- Task DAFFODIL: PLATE
- Task CENTIPEDE: QUEBEC INDIA OSCAR
",qwen2.5:7b,7.0,Qwen2.5,97.0
5,non-ordered,False,True,,,,,,trivial,direct,4,1,YOGURT,"[4, 5, 8, 9, 15]",0.0,1024,,2114,3,HOTEL GOLF VICTOR,,,,0,True,True,True,1.0,"[{""name"": ""YOGURT"", ""kind"": ""passphrase"", ""packet"": 4, ""rank"": 1, ""answer"": ""HOTEL GOLF VICTOR"", ""reported"": true, ""response"": ""HOTEL GOLF VICTOR"", ""correct"": true, ""correct_lenient"": true, ""answer_migrated"": false}, {""name"": ""EGGPLANT"", ""kind"": ""load"", ""packet"": 5, ""rank"": 2, ""answer"": ""BEAR"", ""reported"": true, ""response"": ""BEAR"", ""correct"": true, ""correct_lenient"": true, ""answer_migrated"": false}, {""name"": ""PISTACHIO"", ""kind"": ""load"", ""packet"": 8, ""rank"": 3, ""answer"": ""MAROON"", ""reported"": true, ""response"": ""MAROON"", ""correct"": true, ""correct_lenient"": true, ""answer_migrated"": false}, {""name"": ""QUARRY"", ""kind"": ""load"", ""packet"": 9, ""rank"": 4, ""answer"": ""VIOLET"", ""reported"": true, ""response"": ""VIOLET"", ""correct"": true, ""correct_lenient"": true, ""answer_migrated"": false}, {""name"": ""TROMBONE"", ""kind"": ""load"", ""packet"": 15, ""rank"": 5, ""answer"": ""DUCK"", ""reported"": true, ""response"": ""DUCK"", ""correct"": true, ""correct_lenient"": true, ""answer_migrated"": false}]",5,0,0.0,,,False,False,,,,,,"<Final_Answers>
- Task YOGURT: HOTEL GOLF VICTOR
- Task EGGPLANT: BEAR
- Task PISTACHIO: MAROON
- Task QUARRY: VIOLET
- Task TROMBONE: DUCK
",qwen2.5:7b,7.0,Qwen2.5,97.0
5,non-ordered,False,True,,,,,,trivial,direct,11,4,SAXOPHONE,"[5, 7, 8, 11, 13]",0.0,1024,,3114,3,HOTEL INDIA ROMEO,,,,0,True,True,True,1.0,"[{""name"": ""PARSNIP"", ""kind"": ""load"", ""packet"": 5, ""rank"": 1, ""answer"": ""CAT"", ""reported"": true, ""response"": ""CAT"", ""correct"": true, ""correct_lenient"": true, ""answer_migrated"": false}, {""name"": ""PELICAN"", ""kind"": ""load"", ""packet"": 7, ""rank"": 2, ""answer"": ""ONION"", ""reported"": true, ""response"": ""ONION"", ""correct"": true, ""correct_lenient"": true, ""answer_migrated"": false}, {""name"": ""DUMPLING"", ""kind"": ""load"", ""packet"": 8, ""rank"": 3, ""answer"": ""GRAPE"", ""reported"": true, ""response"": ""GRAPE"", ""correct"": true, ""correct_lenient"": true, ""answer_migrated"": false}, {""name"": ""SAXOPHONE"", ""kind"": ""passphrase"", ""packet"": 11, ""rank"": 4, ""answer"": ""HOTEL INDIA ROMEO"", ""reported"": true, ""response"": ""HOTEL INDIA ROMEO"", ""correct"": true, ""correct_lenient"": true, ""answer_migrated"": false}, {""name"": ""DAFFODIL"", ""kind"": ""load"", ""packet"": 13, ""rank"": 5, ""answer"": ""WALL"", ""reported"": true, ""response"": ""WALL"", ""correct"": true, ""correct_lenient"": true, ""answer_migrated"": false}]",5,0,0.0,,,False,False,,,,,,"<Final_Answers>
- Task PARSNIP: CAT
- Task PELICAN: ONION
- Task DUMPLING: GRAPE
- Task SAXOPHONE: HOTEL INDIA ROMEO
- Task DAFFODIL: WALL
",qwen2.5:7b,7.0,Qwen2.5,97.0
5,non-ordered,False,True,,,,,,trivial,direct,9,4,HAMMOCK,"[1, 2, 4, 9, 15]",0.0,1024,,4114,3,ALPHA XRAY WHISKEY,,,,0,True,True,True,1.0,"[{""name"": ""UNICYCLE"", ""kind"": ""load"", ""packet"": 1, ""rank"": 1, ""answer"": ""WOLF"", ""reported"": true, ""response"": ""WOLF"", ""correct"": true, ""correct_lenient"": true, ""answer_migrated"": false}, {""name"": ""KUMQUAT"", ""kind"": ""load"", ""packet"": 2, ""rank"": 2, ""answer"": ""CRAB"", ""reported"": true, ""response"": ""CRAB"", ""correct"": true, ""correct_lenient"": true, ""answer_migrated"": false}, {""name"": ""GONDOLA"", ""kind"": ""load"", ""packet"": 4, ""rank"": 3, ""answer"": ""LAMP"", ""reported"": true, ""response"": ""LAMP"", ""correct"": true, ""correct_lenient"": true, ""answer_migrated"": false}, {""name"": ""HAMMOCK"", ""kind"": ""passphrase"", ""packet"": 9, ""rank"": 4, ""answer"": ""ALPHA XRAY WHISKEY"", ""reported"": true, ""response"": ""ALPHA XRAY WHISKEY"", ""correct"": true, ""correct_lenient"": true, ""answer_migrated"": false}, {""name"": ""WATERMELON"", ""kind"": ""load"", ""packet"": 15, ""rank"": 5, ""answer"": ""CARROT"", ""reported"": true, ""response"": ""CARROT"", ""correct"": true, ""correct_lenient"": true, ""answer_migrated"": false}]",5,0,0.0,,,False,False,,,,,,"<Final_Answers>
- Task UNICYCLE: WOLF
- Task KUMQUAT: CRAB
- Task GONDOLA: LAMP
- Task HAMMOCK: ALPHA XRAY WHISKEY
- Task WATERMELON: CARROT
",qwen2.5:7b,7.0,Qwen2.5,97.0
5,non-ordered,False,True,,,,,,trivial,direct,4,1,JIGSAW,"[4, 10, 11, 12, 14]",0.0,1024,,5114,3,GOLF QUEBEC OSCAR,,,,0,True,True,True,1.0,"[{""name"": ""JIGSAW"", ""kind"": ""passphrase"", ""packet"": 4, ""rank"": 1, ""answer"": ""GOLF QUEBEC OSCAR"", ""reported"": true, ""response"": ""GOLF QUEBEC OSCAR"", ""correct"": true, ""correct_lenient"": true, ""answer_migrated"": false}, {""name"": ""ORIGAMI"", ""kind"": ""load"", ""packet"": 10, ""rank"": 2, ""answer"": ""SEAL"", ""reported"": true, ""response"": ""SEAL"", ""correct"": true, ""correct_lenient"": true, ""answer_migrated"": false}, {""name"": ""QUICKSAND"", ""kind"": ""load"", ""packet"": 11, ""rank"": 3, ""answer"": ""TABLE"", ""reported"": true, ""response"": ""TABLE"", ""correct"": true, ""correct_lenient"": true, ""answer_migrated"": false}, {""name"": ""BLIZZARD"", ""kind"": ""load"", ""packet"": 12, ""rank"": 4, ""answer"": ""BLUE"", ""reported"": true, ""response"": ""BLUE"", ""correct"": true, ""correct_lenient"": true, ""answer_migrated"": false}, {""name"": ""BAGPIPE"", ""kind"": ""load"", ""packet"": 14, ""rank"": 5, ""answer"": ""BLACK"", ""reported"": true, ""response"": ""BLACK"", ""correct"": true, ""correct_lenient"": true, ""answer_migrated"": false}]",5,0,0.0,,,False,False,,,,,,"<Final_Answers>
- Task JIGSAW: GOLF QUEBEC OSCAR
- Task ORIGAMI: SEAL
- Task QUICKSAND: TABLE
- Task BLIZZARD: BLUE
- Task BAGPIPE: BLACK
",qwen2.5:7b,7.0,Qwen2.5,97.0
5,non-ordered,False,True,,,,,,trivial,direct,14,5,ZIGZAG,"[7, 9, 11, 12, 14]",0.0,1024,,6114,3,CHARLIE SIERRA ECHO,,,,0,True,True,True,1.0,"[{""name"": ""JIGSAW"", ""kind"": ""load"", ""packet"": 7, ""rank"": 1, ""answer"": ""CRAB"", ""reported"": true, ""response"": ""CRAB"", ""correct"": true, ""correct_lenient"": true, ""answer_migrated"": false}, {""name"": ""ZEPPELIN"", ""kind"": ""load"", ""packet"": 9, ""rank"": 2, ""answer"": ""LEMON"", ""reported"": true, ""response"": ""LEMON"", ""correct"": true, ""correct_lenient"": true, ""answer_migrated"": false}, {""name"": ""CACTUS"", ""kind"": ""load"", ""packet"": 11, ""rank"": 3, ""answer"": ""MAROON"", ""reported"": true, ""response"": ""MAROON"", ""correct"": true, ""correct_lenient"": true, ""answer_migrated"": false}, {""name"": ""HARMONICA"", ""kind"": ""load"", ""packet"": 12, ""rank"": 4, ""answer"": ""STONE"", ""reported"": true, ""response"": ""STONE"", ""correct"": true, ""correct_lenient"": true, ""answer_migrated"": false}, {""name"": ""ZIGZAG"", ""kind"": ""passphrase"", ""packet"": 14, ""rank"": 5, ""answer"": ""CHARLIE SIERRA ECHO"", ""reported"": true, ""response"": ""CHARLIE SIERRA ECHO"", ""correct"": true, ""correct_lenient"": true, ""answer_migrated"": false}]",5,0,0.0,,,False,False,,,,,,"<Final_Answers>
- Task JIGSAW: CRAB
- Task ZEPPELIN: LEMON
- Task CACTUS: MAROON
- Task HARMONICA: STONE
- Task ZIGZAG: CHARLIE SIERRA ECHO
",qwen2.5:7b,7.0,Qwen2.5,97.0
5,non-ordered,False,True,,,,,,trivial,direct,3,2,UKULELE,"[2, 3, 6, 13, 15]",0.0,1024,,7114,3,HOTEL PAPA FOXTROT,,,,0,True,True,True,1.0,"[{""name"": ""DAFFODIL"", ""kind"": ""load"", ""packet"": 2, ""rank"": 1, ""answer"": ""GARLIC"", ""reported"": true, ""response"": ""GARLIC"", ""correct"": true, ""correct_lenient"": true, ""answer_migrated"": false}, {""name"": ""UKULELE"", ""kind"": ""passphrase"", ""packet"": 3, ""rank"": 2, ""answer"": ""HOTEL PAPA FOXTROT"", ""reported"": true, ""response"": ""HOTEL PAPA FOXTROT"", ""correct"": true, ""correct_lenient"": true, ""answer_migrated"": false}, {""name"": ""VOLCANO"", ""kind"": ""load"", ""packet"": 6, ""rank"": 3, ""answer"": ""CYAN"", ""reported"": true, ""response"": ""CYAN"", ""correct"": true, ""correct_lenient"": true, ""answer_migrated"": false}, {""name"": ""VINEYARD"", ""kind"": ""load"", ""packet"": 13, ""rank"": 4, ""answer"": ""OWL"", ""reported"": true, ""response"": ""OWL"", ""correct"": true, ""correct_lenient"": true, ""answer_migrated"": false}, {""name"": ""RAVIOLI"", ""kind"": ""load"", ""packet"": 15, ""rank"": 5, ""answer"": ""WHITE"", ""reported"": true, ""response"": ""WHITE"", ""correct"": true, ""correct_lenient"": true, ""answer_migrated"": false}]",5,0,0.0,,,False,False,,,,,,"<Final_Answers>
- Task DAFFODIL: GARLIC
- Task UKULELE: HOTEL PAPA FOXTROT
- Task VOLCANO: CYAN
- Task VINEYARD: OWL
- Task RAVIOLI: WHITE
",qwen2.5:7b,7.0,Qwen2.5,97.0
5,non-ordered,True,True,,,,,,trivial,direct,14,5,INKWELL,"[4, 6, 10, 11, 14]",0.0,1024,,114,3,HOTEL SIERRA DELTA,,,,0,True,True,True,1.0,"[{""name"": ""TROMBONE"", ""kind"": ""load"", ""packet"": 4, ""rank"": 1, ""answer"": ""STONE"", ""reported"": true, ""response"": ""STONE"", ""correct"": true, ""correct_lenient"": true, ""answer_migrated"": false}, {""name"": ""RASPBERRY"", ""kind"": ""load"", ""packet"": 6, ""rank"": 2, ""answer"": ""WHALE"", ""reported"": true, ""response"": ""WHALE"", ""correct"": true, ""correct_lenient"": true, ""answer_migrated"": false}, {""name"": ""NECTARINE"", ""kind"": ""load"", ""packet"": 10, ""rank"": 3, ""answer"": ""STORM"", ""reported"": true, ""response"": ""STORM"", ""correct"": true, ""correct_lenient"": true, ""answer_migrated"": false}, {""name"": ""PLATYPUS"", ""kind"": ""load"", ""packet"": 11, ""rank"": 4, ""answer"": ""BROWN"", ""reported"": true, ""response"": ""BROWN"", ""correct"": true, ""correct_lenient"": true, ""answer_migrated"": false}, {""name"": ""INKWELL"", ""kind"": ""passphrase"", ""packet"": 14, ""rank"": 5, ""answer"": ""HOTEL SIERRA DELTA"", ""reported"": true, ""response"": ""HOTEL SIERRA DELTA"", ""correct"": true, ""correct_lenient"": true, ""answer_migrated"": false}]",5,0,0.0,,,False,False,,,,,,"<Final_Answers>
- Task TROMBONE: STONE
- Task RASPBERRY: WHALE
- Task NECTARINE: STORM
- Task PLATYPUS: BROWN
- Task INKWELL: HOTEL SIERRA DELTA
",qwen2.5:7b,7.0,Qwen2.5,97.0
5,non-ordered,True,True,,,,,,trivial,direct,14,5,DAFFODIL,"[8, 10, 11, 12, 14]",0.0,1024,,1114,3,QUEBEC INDIA OSCAR,,,,0,True,True,True,1.0,"[{""name"": ""WALNUT"", ""kind"": ""load"", ""packet"": 8, ""rank"": 1, ""answer"": ""BREAD"", ""reported"": true, ""response"": ""BREAD"", ""correct"": true, ""correct_lenient"": true, ""answer_migrated"": false}, {""name"": ""METRONOME"", ""kind"": ""load"", ""packet"": 10, ""rank"": 2, ""answer"": ""RICE"", ""reported"": true, ""response"": ""RICE"", ""correct"": true, ""correct_lenient"": true, ""answer_migrated"": false}, {""name"": ""CATAPULT"", ""kind"": ""load"", ""packet"": 11, ""rank"": 3, ""answer"": ""SPOON"", ""reported"": true, ""response"": ""SPOON"", ""correct"": true, ""correct_lenient"": true, ""answer_migrated"": false}, {""name"": ""LANTERN"", ""kind"": ""load"", ""packet"": 12, ""rank"": 4, ""answer"": ""CHERRY"", ""reported"": true, ""response"": ""CHERRY"", ""correct"": true, ""correct_lenient"": true, ""answer_migrated"": false}, {""name"": ""DAFFODIL"", ""kind"": ""passphrase"", ""packet"": 14, ""rank"": 5, ""answer"": ""QUEBEC INDIA OSCAR"", ""reported"": true, ""response"": ""QUEBEC INDIA OSCAR"", ""correct"": true, ""correct_lenient"": true, ""answer_migrated"": false}]",5,0,0.0,,,False,False,,,,,,"<Final_Answers>
- Task WALNUT: BREAD
- Task METRONOME: RICE
- Task CATAPULT: SPOON
- Task LANTERN: CHERRY
- Task DAFFODIL: QUEBEC INDIA OSCAR
",qwen2.5:7b,7.0,Qwen2.5,97.0
5,non-ordered,True,True,,,,,,trivial,direct,15,5,QUARRY,"[4, 5, 8, 9, 15]",0.0,1024,,2114,3,HOTEL GOLF VICTOR,,,,0,True,True,True,1.0,"[{""name"": ""TROMBONE"", ""kind"": ""load"", ""packet"": 4, ""rank"": 1, ""answer"": ""BLACK"", ""reported"": true, ""response"": ""BLACK"", ""correct"": true, ""correct_lenient"": true, ""answer_migrated"": false}, {""name"": ""YOGURT"", ""kind"": ""load"", ""packet"": 5, ""rank"": 2, ""answer"": ""BEAR"", ""reported"": true, ""response"": ""BEAR"", ""correct"": true, ""correct_lenient"": true, ""answer_migrated"": false}, {""name"": ""EGGPLANT"", ""kind"": ""load"", ""packet"": 8, ""rank"": 3, ""answer"": ""MAROON"", ""reported"": true, ""response"": ""MAROON"", ""correct"": true, ""correct_lenient"": true, ""answer_migrated"": false}, {""name"": ""PISTACHIO"", ""kind"": ""load"", ""packet"": 9, ""rank"": 4, ""answer"": ""VIOLET"", ""reported"": true, ""response"": ""VIOLET"", ""correct"": true, ""correct_lenient"": true, ""answer_migrated"": false}, {""name"": ""QUARRY"", ""kind"": ""passphrase"", ""packet"": 15, ""rank"": 5, ""answer"": ""HOTEL GOLF VICTOR"", ""reported"": true, ""response"": ""HOTEL GOLF VICTOR"", ""correct"": true, ""correct_lenient"": true, ""answer_migrated"": false}]",5,0,0.0,,,False,False,,,,,,"<Final_Answers>
- Task TROMBONE: BLACK
- Task YOGURT: BEAR
- Task EGGPLANT: MAROON
- Task PISTACHIO: VIOLET
- Task QUARRY: HOTEL GOLF VICTOR
",qwen2.5:7b,7.0,Qwen2.5,97.0
5,non-ordered,True,True,,,,,,trivial,direct,13,5,SAXOPHONE,"[5, 7, 8, 11, 13]",0.0,1024,,3114,3,HOTEL INDIA ROMEO,,,,0,True,True,True,1.0,"[{""name"": ""BONSAI"", ""kind"": ""load"", ""packet"": 5, ""rank"": 1, ""answer"": ""FOX"", ""reported"": true, ""response"": ""FOX"", ""correct"": true, ""correct_lenient"": true, ""answer_migrated"": false}, {""name"": ""PARSNIP"", ""kind"": ""load"", ""packet"": 7, ""rank"": 2, ""answer"": ""CAT"", ""reported"": true, ""response"": ""CAT"", ""correct"": true, ""correct_lenient"": true, ""answer_migrated"": false}, {""name"": ""PELICAN"", ""kind"": ""load"", ""packet"": 8, ""rank"": 3, ""answer"": ""ONION"", ""reported"": true, ""response"": ""ONION"", ""correct"": true, ""correct_lenient"": true, ""answer_migrated"": false}, {""name"": ""DUMPLING"", ""kind"": ""load"", ""packet"": 11, ""rank"": 4, ""answer"": ""GRAPE"", ""reported"": true, ""response"": ""GRAPE"", ""correct"": true, ""correct_lenient"": true, ""answer_migrated"": false}, {""name"": ""SAXOPHONE"", ""kind"": ""passphrase"", ""packet"": 13, ""rank"": 5, ""answer"": ""HOTEL INDIA ROMEO"", ""reported"": true, ""response"": ""HOTEL INDIA ROMEO"", ""correct"": true, ""correct_lenient"": true, ""answer_migrated"": false}]",5,0,0.0,,,False,False,,,,,,"<Final_Answers>
- Task BONSAI: FOX
- Task PARSNIP: CAT
- Task PELICAN: ONION
- Task DUMPLING: GRAPE
- Task SAXOPHONE: HOTEL INDIA ROMEO
",qwen2.5:7b,7.0,Qwen2.5,97.0
5,non-ordered,True,True,,,,,,trivial,direct,15,5,HAMMOCK,"[1, 2, 4, 9, 15]",0.0,1024,,4114,3,ALPHA XRAY WHISKEY,,,,0,True,True,True,1.0,"[{""name"": ""HARMONICA"", ""kind"": ""load"", ""packet"": 1, ""rank"": 1, ""answer"": ""BLUE"", ""reported"": true, ""response"": ""BLUE"", ""correct"": true, ""correct_lenient"": true, ""answer_migrated"": false}, {""name"": ""UNICYCLE"", ""kind"": ""load"", ""packet"": 2, ""rank"": 2, ""answer"": ""WOLF"", ""reported"": true, ""response"": ""WOLF"", ""correct"": true, ""correct_lenient"": true, ""answer_migrated"": false}, {""name"": ""KUMQUAT"", ""kind"": ""load"", ""packet"": 4, ""rank"": 3, ""answer"": ""CRAB"", ""reported"": true, ""response"": ""CRAB"", ""correct"": true, ""correct_lenient"": true, ""answer_migrated"": false}, {""name"": ""GONDOLA"", ""kind"": ""load"", ""packet"": 9, ""rank"": 4, ""answer"": ""LAMP"", ""reported"": true, ""response"": ""LAMP"", ""correct"": true, ""correct_lenient"": true, ""answer_migrated"": false}, {""name"": ""HAMMOCK"", ""kind"": ""passphrase"", ""packet"": 15, ""rank"": 5, ""answer"": ""ALPHA XRAY WHISKEY"", ""reported"": true, ""response"": ""ALPHA XRAY WHISKEY"", ""correct"": true, ""correct_lenient"": true, ""answer_migrated"": false}]",5,0,0.0,,,False,False,,,,,,"<Final_Answers>
- Task HARMONICA: BLUE
- Task UNICYCLE: WOLF
- Task KUMQUAT: CRAB
- Task GONDOLA: LAMP
- Task HAMMOCK: ALPHA XRAY WHISKEY
",qwen2.5:7b,7.0,Qwen2.5,97.0
5,non-ordered,True,True,,,,,,trivial,direct,14,5,BLIZZARD,"[4, 10, 11, 12, 14]",0.0,1024,,5114,3,GOLF QUEBEC OSCAR,,,,0,True,True,True,1.0,"[{""name"": ""LANTERN"", ""kind"": ""load"", ""packet"": 4, ""rank"": 1, ""answer"": ""GOOSE"", ""reported"": true, ""response"": ""GOOSE"", ""correct"": true, ""correct_lenient"": true, ""answer_migrated"": false}, {""name"": ""JIGSAW"", ""kind"": ""load"", ""packet"": 10, ""rank"": 2, ""answer"": ""SEAL"", ""reported"": true, ""response"": ""SEAL"", ""correct"": true, ""correct_lenient"": true, ""answer_migrated"": false}, {""name"": ""ORIGAMI"", ""kind"": ""load"", ""packet"": 11, ""rank"": 3, ""answer"": ""TABLE"", ""reported"": true, ""response"": ""TABLE"", ""correct"": true, ""correct_lenient"": true, ""answer_migrated"": false}, {""name"": ""QUICKSAND"", ""kind"": ""load"", ""packet"": 12, ""rank"": 4, ""answer"": ""BLUE"", ""reported"": true, ""response"": ""BLUE"", ""correct"": true, ""correct_lenient"": true, ""answer_migrated"": false}, {""name"": ""BLIZZARD"", ""kind"": ""passphrase"", ""packet"": 14, ""rank"": 5, ""answer"": ""GOLF QUEBEC OSCAR"", ""reported"": true, ""response"": ""GOLF QUEBEC OSCAR"", ""correct"": true, ""correct_lenient"": true, ""answer_migrated"": false}]",5,0,0.0,,,False,False,,,,,,"<Final_Answers>
- Task LANTERN: GOOSE
- Task JIGSAW: SEAL
- Task ORIGAMI: TABLE
- Task QUICKSAND: BLUE
- Task BLIZZARD: GOLF QUEBEC OSCAR
",qwen2.5:7b,7.0,Qwen2.5,97.0
5,non-ordered,True,True,,,,,,trivial,direct,14,5,CACTUS,"[7, 9, 11, 12, 14]",0.0,1024,,6114,3,CHARLIE SIERRA ECHO,,,,0,True,True,True,1.0,"[{""name"": ""ROOSTER"", ""kind"": ""load"", ""packet"": 7, ""rank"": 1, ""answer"": ""DOOR"", ""reported"": true, ""response"": ""DOOR"", ""correct"": true, ""correct_lenient"": true, ""answer_migrated"": false}, {""name"": ""SAXOPHONE"", ""kind"": ""load"", ""packet"": 9, ""rank"": 2, ""answer"": ""ROOT"", ""reported"": true, ""response"": ""ROOT"", ""correct"": true, ""correct_lenient"": true, ""answer_migrated"": false}, {""name"": ""JIGSAW"", ""kind"": ""load"", ""packet"": 11, ""rank"": 3, ""answer"": ""CRAB"", ""reported"": true, ""response"": ""CRAB"", ""correct"": true, ""correct_lenient"": true, ""answer_migrated"": false}, {""name"": ""ZEPPELIN"", ""kind"": ""load"", ""packet"": 12, ""rank"": 4, ""answer"": ""LEMON"", ""reported"": true, ""response"": ""LEMON"", ""correct"": true, ""correct_lenient"": true, ""answer_migrated"": false}, {""name"": ""CACTUS"", ""kind"": ""passphrase"", ""packet"": 14, ""rank"": 5, ""answer"": ""CHARLIE SIERRA ECHO"", ""reported"": true, ""response"": ""CHARLIE SIERRA ECHO"", ""correct"": true, ""correct_lenient"": true, ""answer_migrated"": false}]",5,0,0.0,,,False,False,,,,,,"<Final_Answers>
- Task ROOSTER: DOOR
- Task SAXOPHONE: ROOT
- Task JIGSAW: CRAB
- Task ZEPPELIN: LEMON
- Task CACTUS: CHARLIE SIERRA ECHO
",qwen2.5:7b,7.0,Qwen2.5,97.0
5,non-ordered,True,True,,,,,,trivial,direct,15,5,VINEYARD,"[2, 3, 6, 13, 15]",0.0,1024,,7114,3,HOTEL PAPA FOXTROT,,,,0,True,True,True,1.0,"[{""name"": ""PELICAN"", ""kind"": ""load"", ""packet"": 2, ""rank"": 1, ""answer"": ""CLOUD"", ""reported"": true, ""response"": ""CLOUD"", ""correct"": true, ""correct_lenient"": true, ""answer_migrated"": false}, {""name"": ""DAFFODIL"", ""kind"": ""load"", ""packet"": 3, ""rank"": 2, ""answer"": ""GARLIC"", ""reported"": true, ""response"": ""GARLIC"", ""correct"": true, ""correct_lenient"": true, ""answer_migrated"": false}, {""name"": ""UKULELE"", ""kind"": ""load"", ""packet"": 6, ""rank"": 3, ""answer"": ""CYAN"", ""reported"": true, ""response"": ""CYAN"", ""correct"": true, ""correct_lenient"": true, ""answer_migrated"": false}, {""name"": ""VOLCANO"", ""kind"": ""load"", ""packet"": 13, ""rank"": 4, ""answer"": ""OWL"", ""reported"": true, ""response"": ""OWL"", ""correct"": true, ""correct_lenient"": true, ""answer_migrated"": false}, {""name"": ""VINEYARD"", ""kind"": ""passphrase"", ""packet"": 15, ""rank"": 5, ""answer"": ""HOTEL PAPA FOXTROT"", ""reported"": true, ""response"": ""HOTEL PAPA FOXTROT"", ""correct"": true, ""correct_lenient"": true, ""answer_migrated"": false}]",5,0,0.0,,,False,False,,,,,,"<Final_Answers>
- Task PELICAN: CLOUD
- Task DAFFODIL: GARLIC
- Task UKULELE: CYAN
- Task VOLCANO: OWL
- Task VINEYARD: HOTEL PAPA FOXTROT
",qwen2.5:7b,7.0,Qwen2.5,97.0
5,non-ordered,False,True,,,,,,semantic_4,direct,5,1,EMERALD,"[5, 8, 10, 11, 13]",0.0,1024,,135,3,VICTOR LIMA UNIFORM,,,,0,True,True,True,0.5,"[{""name"": ""EMERALD"", ""kind"": ""passphrase"", ""packet"": 5, ""rank"": 1, ""answer"": ""VICTOR LIMA UNIFORM"", ""reported"": true, ""response"": ""VICTOR LIMA UNIFORM"", ""correct"": true, ""correct_lenient"": true, ""answer_migrated"": false}, {""name"": ""JIGSAW"", ""kind"": ""load"", ""packet"": 8, ""rank"": 2, ""answer"": ""VALID"", ""reported"": true, ""response"": ""INVALID"", ""correct"": false, ""correct_lenient"": false, ""answer_migrated"": true}, {""name"": ""PYRAMID"", ""kind"": ""load"", ""packet"": 10, ""rank"": 3, ""answer"": ""VALID"", ""reported"": true, ""response"": ""VALID"", ""correct"": true, ""correct_lenient"": true, ""answer_migrated"": false}, {""name"": ""WALNUT"", ""kind"": ""load"", ""packet"": 11, ""rank"": 4, ""answer"": ""VALID"", ""reported"": true, ""response"": ""VALID"", ""correct"": true, ""correct_lenient"": true, ""answer_migrated"": false}, {""name"": ""RASPBERRY"", ""kind"": ""load"", ""packet"": 13, ""rank"": 5, ""answer"": ""INVALID"", ""reported"": true, ""response"": ""VALID"", ""correct"": false, ""correct_lenient"": false, ""answer_migrated"": true}]",5,0,0.4,,,False,False,,,,,,"<Final_Answers>
- Task EMERALD: VICTOR LIMA UNIFORM
- Task JIGSAW: INVALID
- Task PYRAMID: VALID
- Task WALNUT: VALID
- Task RASPBERRY: VALID
",qwen2.5:7b,7.0,Qwen2.5,97.0
5,non-ordered,False,True,,,,,,semantic_4,direct,10,4,GONDOLA,"[4, 5, 9, 10, 15]",0.0,1024,,1135,3,ROMEO OSCAR ECHO,,,,0,True,True,True,0.5,"[{""name"": ""OBELISK"", ""kind"": ""load"", ""packet"": 4, ""rank"": 1, ""answer"": ""VALID"", ""reported"": true, ""response"": ""VALID"", ""correct"": true, ""correct_lenient"": true, ""answer_migrated"": false}, {""name"": ""METRONOME"", ""kind"": ""load"", ""packet"": 5, ""rank"": 2, ""answer"": ""VALID"", ""reported"": true, ""response"": ""INVALID"", ""correct"": false, ""correct_lenient"": false, ""answer_migrated"": true}, {""name"": ""PYRAMID"", ""kind"": ""load"", ""packet"": 9, ""rank"": 3, ""answer"": ""VALID"", ""reported"": true, ""response"": ""VALID"", ""correct"": true, ""correct_lenient"": true, ""answer_migrated"": false}, {""name"": ""GONDOLA"", ""kind"": ""passphrase"", ""packet"": 10, ""rank"": 4, ""answer"": ""ROMEO OSCAR ECHO"", ""reported"": true, ""response"": ""ROMEO OSCAR ECHO"", ""correct"": true, ""correct_lenient"": true, ""answer_migrated"": false}, {""name"": ""VOLCANO"", ""kind"": ""load"", ""packet"": 15, ""rank"": 5, ""answer"": ""INVALID"", ""reported"": true, ""response"": ""VALID"", ""correct"": false, ""correct_lenient"": false, ""answer_migrated"": true}]",5,0,0.4,,,False,False,,,,,,"<Final_Answers>
- Task OBELISK: VALID
- Task METRONOME: INVALID
- Task PYRAMID: VALID
- Task GONDOLA: ROMEO OSCAR ECHO
- Task VOLCANO: VALID
",qwen2.5:7b,7.0,Qwen2.5,97.0
5,non-ordered,False,True,,,,,,semantic_4,direct,13,3,GARGOYLE,"[3, 10, 13, 14, 15]",0.0,1024,,2135,3,TANGO ALPHA YANKEE,,,,0,True,True,True,0.5,"[{""name"": ""SCARECROW"", ""kind"": ""load"", ""packet"": 3, ""rank"": 1, ""answer"": ""R"", ""reported"": true, ""response"": ""T"", ""correct"": false, ""correct_lenient"": false, ""answer_migrated"": false}, {""name"": ""KETTLE"", ""kind"": ""load"", ""packet"": 10, ""rank"": 2, ""answer"": ""INVALID"", ""reported"": true, ""response"": ""INVALID"", ""correct"": true, ""correct_lenient"": true, ""answer_migrated"": false}, {""name"": ""GARGOYLE"", ""kind"": ""passphrase"", ""packet"": 13, ""rank"": 3, ""answer"": ""TANGO ALPHA YANKEE"", ""reported"": true, ""response"": ""TANGO ALPHA YANKEE"", ""correct"": true, ""correct_lenient"": true, ""answer_migrated"": false}, {""name"": ""HEDGEHOG"", ""kind"": ""load"", ""packet"": 14, ""rank"": 4, ""answer"": ""W"", ""reported"": true, ""response"": ""V"", ""correct"": false, ""correct_lenient"": false, ""answer_migrated"": false}, {""name"": ""QUILT"", ""kind"": ""load"", ""packet"": 15, ""rank"": 5, ""answer"": ""INVALID"", ""reported"": true, ""response"": ""INVALID"", ""correct"": true, ""correct_lenient"": true, ""answer_migrated"": false}]",5,0,0.0,,,False,False,,,,,,"<Final_Answers>
- Task SCARECROW: T
- Task KETTLE: INVALID
- Task GARGOYLE: TANGO ALPHA YANKEE
- Task HEDGEHOG: V
- Task QUILT: INVALID
",qwen2.5:7b,7.0,Qwen2.5,97.0
5,non-ordered,False,True,,,,,,semantic_4,direct,10,4,PLATYPUS,"[7, 8, 9, 10, 15]",0.0,1024,,3135,3,NOVEMBER SIERRA ROMEO,,,,0,True,True,True,0.5,"[{""name"": ""OBELISK"", ""kind"": ""load"", ""packet"": 7, ""rank"": 1, ""answer"": ""INVALID"", ""reported"": true, ""response"": ""INVALID"", ""correct"": true, ""correct_lenient"": true, ""answer_migrated"": false}, {""name"": ""WALNUT"", ""kind"": ""load"", ""packet"": 8, ""rank"": 2, ""answer"": ""INVALID"", ""reported"": true, ""response"": ""VALID"", ""correct"": false, ""correct_lenient"": false, ""answer_migrated"": true}, {""name"": ""CACTUS"", ""kind"": ""load"", ""packet"": 9, ""rank"": 3, ""answer"": ""VALID"", ""reported"": true, ""response"": ""VALID"", ""correct"": true, ""correct_lenient"": true, ""answer_migrated"": false}, {""name"": ""PLATYPUS"", ""kind"": ""passphrase"", ""packet"": 10, ""rank"": 4, ""answer"": ""NOVEMBER SIERRA ROMEO"", ""reported"": true, ""response"": ""NOVEMBER SIERRA ROMEO"", ""correct"": true, ""correct_lenient"": true, ""answer_migrated"": false}, {""name"": ""HAMMOCK"", ""kind"": ""load"", ""packet"": 15, ""rank"": 5, ""answer"": ""INVALID"", ""reported"": true, ""response"": ""VALID"", ""correct"": false, ""correct_lenient"": false, ""answer_migrated"": true}]",5,0,0.4,,,False,False,,,,,,"<Final_Answers>
- Task OBELISK: INVALID
- Task WALNUT: VALID
- Task CACTUS: VALID
- Task PLATYPUS: NOVEMBER SIERRA ROMEO
- Task HAMMOCK: VALID
",qwen2.5:7b,7.0,Qwen2.5,97.0
5,non-ordered,False,True,,,,,,semantic_4,direct,8,4,URCHIN,"[1, 3, 6, 8, 11]",0.0,1024,,4135,3,INDIA WHISKEY VICTOR,,,,0,True,True,True,0.75,"[{""name"": ""QUILT"", ""kind"": ""load"", ""packet"": 1, ""rank"": 1, ""answer"": ""YES"", ""reported"": true, ""response"": ""YES"", ""correct"": true, ""correct_lenient"": true, ""answer_migrated"": false}, {""name"": ""VOLCANO"", ""kind"": ""load"", ""packet"": 3, ""rank"": 2, ""answer"": ""INVALID"", ""reported"": true, ""response"": ""VALID"", ""correct"": false, ""correct_lenient"": false, ""answer_migrated"": false}, {""name"": ""TROMBONE"", ""kind"": ""load"", ""packet"": 6, ""rank"": 3, ""answer"": ""YES"", ""reported"": true, ""response"": ""YES"", ""correct"": true, ""correct_lenient"": true, ""answer_migrated"": false}, {""name"": ""URCHIN"", ""kind"": ""passphrase"", ""packet"": 8, ""rank"": 4, ""answer"": ""INDIA WHISKEY VICTOR"", ""reported"": true, ""response"": ""INDIA WHISKEY VICTOR"", ""correct"": true, ""correct_lenient"": true, ""answer_migrated"": false}, {""name"": ""ORIGAMI"", ""kind"": ""load"", ""packet"": 11, ""rank"": 5, ""answer"": ""INVALID"", ""reported"": true, ""response"": ""INVALID"", ""correct"": true, ""correct_lenient"": true, ""answer_migrated"": false}]",5,0,0.0,,,False,False,,,,,,"<Final_Answers>
- Task QUILT: YES
- Task VOLCANO: VALID
- Task TROMBONE: YES
- Task URCHIN: INDIA WHISKEY VICTOR
- Task ORIGAMI: INVALID
",qwen2.5:7b,7.0,Qwen2.5,97.0
5,non-ordered,False,True,,,,,,semantic_4,direct,5,4,TAPESTRY,"[1, 2, 3, 5, 13]",0.0,1024,,5135,3,INDIA HOTEL QUEBEC,,,,0,True,True,True,0.5,"[{""name"": ""FLAMINGO"", ""kind"": ""load"", ""packet"": 1, ""rank"": 1, ""answer"": ""YES"", ""reported"": true, ""response"": ""YES"", ""correct"": true, ""correct_lenient"": true, ""answer_migrated"": false}, {""name"": ""DANDELION"", ""kind"": ""load"", ""packet"": 2, ""rank"": 2, ""answer"": ""P"", ""reported"": true, ""response"": ""P"", ""correct"": true, ""correct_lenient"": true, ""answer_migrated"": false}, {""name"": ""YOGURT"", ""kind"": ""load"", ""packet"": 3, ""rank"": 3, ""answer"": ""VALID"", ""reported"": true, ""response"": ""INVALID"", ""correct"": false, ""correct_lenient"": false, ""answer_migrated"": false}, {""name"": ""TAPESTRY"", ""kind"": ""passphrase"", ""packet"": 5, ""rank"": 4, ""answer"": ""INDIA HOTEL QUEBEC"", ""reported"": true, ""response"": ""INDIA HOTEL QUEBEC"", ""correct"": true, ""correct_lenient"": true, ""answer_migrated"": false}, {""name"": ""WALNUT"", ""kind"": ""load"", ""packet"": 13, ""rank"": 5, ""answer"": ""YES"", ""reported"": true, ""response"": ""NO"", ""correct"": false, ""correct_lenient"": false, ""answer_migrated"": false}]",5,0,0.0,,,False,False,,,,,,"<Final_Answers>
- Task FLAMINGO: YES
- Task DANDELION: P
- Task YOGURT: INVALID
- Task TAPESTRY: INDIA HOTEL QUEBEC
- Task WALNUT: NO
",qwen2.5:7b,7.0,Qwen2.5,97.0
5,non-ordered,False,True,,,,,,semantic_4,direct,8,2,OBELISK,"[2, 8, 10, 14, 15]",0.0,1024,,6135,3,ALPHA CHARLIE BRAVO,,,,0,True,True,True,0.25,"[{""name"": ""MONGOOSE"", ""kind"": ""load"", ""packet"": 2, ""rank"": 1, ""answer"": ""R"", ""reported"": true, ""response"": ""T"", ""correct"": false, ""correct_lenient"": false, ""answer_migrated"": false}, {""name"": ""OBELISK"", ""kind"": ""passphrase"", ""packet"": 8, ""rank"": 2, ""answer"": ""ALPHA CHARLIE BRAVO"", ""reported"": true, ""response"": ""ALPHA CHARLIE BRAVO"", ""correct"": true, ""correct_lenient"": true, ""answer_migrated"": false}, {""name"": ""XYLOPHONE"", ""kind"": ""load"", ""packet"": 10, ""rank"": 3, ""answer"": ""INVALID"", ""reported"": true, ""response"": ""INVALID"", ""correct"": true, ""correct_lenient"": true, ""answer_migrated"": false}, {""name"": ""KAYAK"", ""kind"": ""load"", ""packet"": 14, ""rank"": 4, ""answer"": ""INVALID"", ""reported"": true, ""response"": ""VALID"", ""correct"": false, ""correct_lenient"": false, ""answer_migrated"": false}, {""name"": ""PORCUPINE"", ""kind"": ""load"", ""packet"": 15, ""rank"": 5, ""answer"": ""INVALID"", ""reported"": true, ""response"": ""VALID"", ""correct"": false, ""correct_lenient"": false, ""answer_migrated"": false}]",5,0,0.0,,,False,False,,,,,,"<Final_Answers>
- Task MONGOOSE: T
- Task OBELISK: ALPHA CHARLIE BRAVO
- Task XYLOPHONE: INVALID
- Task KAYAK: VALID
- Task PORCUPINE: VALID
",qwen2.5:7b,7.0,Qwen2.5,97.0
5,non-ordered,False,True,,,,,,semantic_4,direct,8,4,METRONOME,"[1, 5, 7, 8, 11]",0.0,1024,,7135,3,XRAY KILO FOXTROT,,,,0,True,True,True,0.25,"[{""name"": ""MARBLE"", ""kind"": ""load"", ""packet"": 1, ""rank"": 1, ""answer"": ""INVALID"", ""reported"": true, ""response"": ""INVALID"", ""correct"": true, ""correct_lenient"": true, ""answer_migrated"": false}, {""name"": ""VOLCANO"", ""kind"": ""load"", ""packet"": 5, ""rank"": 2, ""answer"": ""INVALID"", ""reported"": true, ""response"": ""VALID"", ""correct"": false, ""correct_lenient"": false, ""answer_migrated"": false}, {""name"": ""KAYAK"", ""kind"": ""load"", ""packet"": 7, ""rank"": 3, ""answer"": ""INVALID"", ""reported"": true, ""response"": ""VALID"", ""correct"": false, ""correct_lenient"": false, ""answer_migrated"": false}, {""name"": ""METRONOME"", ""kind"": ""passphrase"", ""packet"": 8, ""rank"": 4, ""answer"": ""XRAY KILO FOXTROT"", ""reported"": true, ""response"": ""XRAY KILO FOXTROT"", ""correct"": true, ""correct_lenient"": true, ""answer_migrated"": false}, {""name"": ""JIGSAW"", ""kind"": ""load"", ""packet"": 11, ""rank"": 5, ""answer"": ""R"", ""reported"": true, ""response"": ""W"", ""correct"": false, ""correct_lenient"": false, ""answer_migrated"": false}]",5,0,0.0,,,False,False,,,,,,"<Final_Answers>
- Task MARBLE: INVALID
- Task VOLCANO: VALID
- Task KAYAK: VALID
- Task METRONOME: XRAY KILO FOXTROT
- Task JIGSAW: W
",qwen2.5:7b,7.0,Qwen2.5,97.0
5,non-ordered,True,True,,,,,,semantic_4,direct,13,5,PYRAMID,"[5, 8, 10, 11, 13]",0.0,1024,,135,3,VICTOR LIMA UNIFORM,,,,0,True,True,True,0.75,"[{""name"": ""MONGOOSE"", ""kind"": ""load"", ""packet"": 5, ""rank"": 1, ""answer"": ""VALID"", ""reported"": true, ""response"": ""INVALID"", ""correct"": false, ""correct_lenient"": false, ""answer_migrated"": false}, {""name"": ""NUTMEG"", ""kind"": ""load"", ""packet"": 8, ""rank"": 2, ""answer"": ""VALID"", ""reported"": true, ""response"": ""VALID"", ""correct"": true, ""correct_lenient"": true, ""answer_migrated"": false}, {""name"": ""EMERALD"", ""kind"": ""load"", ""packet"": 10, ""rank"": 3, ""answer"": ""VALID"", ""reported"": true, ""response"": ""VALID"", ""correct"": true, ""correct_lenient"": true, ""answer_migrated"": false}, {""name"": ""JIGSAW"", ""kind"": ""load"", ""packet"": 11, ""rank"": 4, ""answer"": ""VALID"", ""reported"": true, ""response"": ""VALID"", ""correct"": true, ""correct_lenient"": true, ""answer_migrated"": false}, {""name"": ""PYRAMID"", ""kind"": ""passphrase"", ""packet"": 13, ""rank"": 5, ""answer"": ""VICTOR LIMA UNIFORM"", ""reported"": true, ""response"": ""VICTOR LIMA UNIFORM"", ""correct"": true, ""correct_lenient"": true, ""answer_migrated"": false}]",5,0,0.0,,,False,False,,,,,,"<Final_Answers>
- Task MONGOOSE: INVALID
- Task NUTMEG: VALID
- Task EMERALD: VALID
- Task JIGSAW: VALID
- Task PYRAMID: VICTOR LIMA UNIFORM
",qwen2.5:7b,7.0,Qwen2.5,97.0
5,non-ordered,True,True,,,,,,semantic_4,direct,15,5,GONDOLA,"[4, 5, 9, 10, 15]",0.0,1024,,1135,3,ROMEO OSCAR ECHO,,,,0,True,True,True,0.5,"[{""name"": ""ICEBERG"", ""kind"": ""load"", ""packet"": 4, ""rank"": 1, ""answer"": ""INVALID"", ""reported"": true, ""response"": ""VALID"", ""correct"": false, ""correct_lenient"": false, ""answer_migrated"": true}, {""name"": ""OBELISK"", ""kind"": ""load"", ""packet"": 5, ""rank"": 2, ""answer"": ""VALID"", ""reported"": true, ""response"": ""INVALID"", ""correct"": false, ""correct_lenient"": false, ""answer_migrated"": true}, {""name"": ""METRONOME"", ""kind"": ""load"", ""packet"": 9, ""rank"": 3, ""answer"": ""VALID"", ""reported"": true, ""response"": ""VALID"", ""correct"": true, ""correct_lenient"": true, ""answer_migrated"": false}, {""name"": ""PYRAMID"", ""kind"": ""load"", ""packet"": 10, ""rank"": 4, ""answer"": ""VALID"", ""reported"": true, ""response"": ""VALID"", ""correct"": true, ""correct_lenient"": true, ""answer_migrated"": false}, {""name"": ""GONDOLA"", ""kind"": ""passphrase"", ""packet"": 15, ""rank"": 5, ""answer"": ""ROMEO OSCAR ECHO"", ""reported"": true, ""response"": ""ROMEO OSCAR ECHO"", ""correct"": true, ""correct_lenient"": true, ""answer_migrated"": false}]",5,0,0.4,,,False,False,,,,,,"<Final_Answers>
- Task ICEBERG: VALID
- Task OBELISK: INVALID
- Task METRONOME: VALID
- Task PYRAMID: VALID
- Task GONDOLA: ROMEO OSCAR ECHO
",qwen2.5:7b,7.0,Qwen2.5,97.0
5,non-ordered,True,True,,,,,,semantic_4,direct,15,5,HEDGEHOG,"[3, 10, 13, 14, 15]",0.0,1024,,2135,3,TANGO ALPHA YANKEE,,,,0,True,True,True,0.0,"[{""name"": ""HAMMOCK"", ""kind"": ""load"", ""packet"": 3, ""rank"": 1, ""answer"": ""VALID"", ""reported"": true, ""response"": ""INVALID"", ""correct"": false, ""correct_lenient"": false, ""answer_migrated"": true}, {""name"": ""SCARECROW"", ""kind"": ""load"", ""packet"": 10, ""rank"": 2, ""answer"": ""R"", ""reported"": true, ""response"": ""T"", ""correct"": false, ""correct_lenient"": false, ""answer_migrated"": false}, {""name"": ""KETTLE"", ""kind"": ""load"", ""packet"": 13, ""rank"": 3, ""answer"": ""INVALID"", ""reported"": true, ""response"": ""VALID"", ""correct"": false, ""correct_lenient"": false, ""answer_migrated"": true}, {""name"": ""GARGOYLE"", ""kind"": ""load"", ""packet"": 14, ""rank"": 4, ""answer"": ""W"", ""reported"": true, ""response"": ""V"", ""correct"": false, ""correct_lenient"": false, ""answer_migrated"": false}, {""name"": ""HEDGEHOG"", ""kind"": ""passphrase"", ""packet"": 15, ""rank"": 5, ""answer"": ""TANGO ALPHA YANKEE"", ""reported"": true, ""response"": ""TANGO ALPHA YANKEE"", ""correct"": true, ""correct_lenient"": true, ""answer_migrated"": false}]",5,0,0.4,,,False,False,,,,,,"<Final_Answers>
- Task HAMMOCK: INVALID
- Task SCARECROW: T
- Task KETTLE: VALID
- Task GARGOYLE: V
- Task HEDGEHOG: TANGO ALPHA YANKEE
",qwen2.5:7b,7.0,Qwen2.5,97.0
5,non-ordered,True,True,,,,,,semantic_4,direct,15,5,PLATYPUS,"[7, 8, 9, 10, 15]",0.0,1024,,3135,3,NOVEMBER SIERRA ROMEO,,,,0,True,True,True,0.5,"[{""name"": ""WOMBAT"", ""kind"": ""load"", ""packet"": 7, ""rank"": 1, ""answer"": ""INVALID"", ""reported"": true, ""response"": ""INVALID"", ""correct"": true, ""correct_lenient"": true, ""answer_migrated"": false}, {""name"": ""OBELISK"", ""kind"": ""load"", ""packet"": 8, ""rank"": 2, ""answer"": ""INVALID"", ""reported"": true, ""response"": ""VALID"", ""correct"": false, ""correct_lenient"": false, ""answer_migrated"": true}, {""name"": ""WALNUT"", ""kind"": ""load"", ""packet"": 9, ""rank"": 3, ""answer"": ""INVALID"", ""reported"": true, ""response"": ""VALID"", ""correct"": false, ""correct_lenient"": false, ""answer_migrated"": true}, {""name"": ""CACTUS"", ""kind"": ""load"", ""packet"": 10, ""rank"": 4, ""answer"": ""VALID"", ""reported"": true, ""response"": ""VALID"", ""correct"": true, ""correct_lenient"": true, ""answer_migrated"": false}, {""name"": ""PLATYPUS"", ""kind"": ""passphrase"", ""packet"": 15, ""rank"": 5, ""answer"": ""NOVEMBER SIERRA ROMEO"", ""reported"": true, ""response"": ""NOVEMBER SIERRA ROMEO"", ""correct"": true, ""correct_lenient"": true, ""answer_migrated"": false}]",5,0,0.4,,,False,False,,,,,,"<Final_Answers>
- Task WOMBAT: INVALID
- Task OBELISK: VALID
- Task WALNUT: VALID
- Task CACTUS: VALID
- Task PLATYPUS: NOVEMBER SIERRA ROMEO
",qwen2.5:7b,7.0,Qwen2.5,97.0
5,non-ordered,True,True,,,,,,semantic_4,direct,11,5,URCHIN,"[1, 3, 6, 8, 11]",0.0,1024,,4135,3,INDIA WHISKEY VICTOR,,,,0,True,True,True,0.75,"[{""name"": ""ICEBERG"", ""kind"": ""load"", ""packet"": 1, ""rank"": 1, ""answer"": ""INVALID"", ""reported"": true, ""response"": ""INVALID"", ""correct"": true, ""correct_lenient"": true, ""answer_migrated"": false}, {""name"": ""QUILT"", ""kind"": ""load"", ""packet"": 3, ""rank"": 2, ""answer"": ""YES"", ""reported"": true, ""response"": ""YES"", ""correct"": true, ""correct_lenient"": true, ""answer_migrated"": false}, {""name"": ""VOLCANO"", ""kind"": ""load"", ""packet"": 6, ""rank"": 3, ""answer"": ""INVALID"", ""reported"": true, ""response"": ""VALID"", ""correct"": false, ""correct_lenient"": false, ""answer_migrated"": false}, {""name"": ""TROMBONE"", ""kind"": ""load"", ""packet"": 8, ""rank"": 4, ""answer"": ""YES"", ""reported"": true, ""response"": ""YES"", ""correct"": true, ""correct_lenient"": true, ""answer_migrated"": false}, {""name"": ""URCHIN"", ""kind"": ""passphrase"", ""packet"": 11, ""rank"": 5, ""answer"": ""INDIA WHISKEY VICTOR"", ""reported"": true, ""response"": ""INDIA WHISKEY VICTOR"", ""correct"": true, ""correct_lenient"": true, ""answer_migrated"": false}]",5,0,0.0,,,False,False,,,,,,"<Final_Answers>
- Task ICEBERG: INVALID
- Task QUILT: YES
- Task VOLCANO: VALID
- Task TROMBONE: YES
- Task URCHIN: INDIA WHISKEY VICTOR
",qwen2.5:7b,7.0,Qwen2.5,97.0
5,non-ordered,True,True,,,,,,semantic_4,direct,13,5,TAPESTRY,"[1, 2, 3, 5, 13]",0.0,1024,,5135,3,INDIA HOTEL QUEBEC,,,,0,True,True,True,0.5,"[{""name"": ""EMERALD"", ""kind"": ""load"", ""packet"": 1, ""rank"": 1, ""answer"": ""VALID"", ""reported"": true, ""response"": ""INVALID"", ""correct"": false, ""correct_lenient"": false, ""answer_migrated"": false}, {""name"": ""FLAMINGO"", ""kind"": ""load"", ""packet"": 2, ""rank"": 2, ""answer"": ""YES"", ""reported"": true, ""response"": ""YES"", ""correct"": true, ""correct_lenient"": true, ""answer_migrated"": false}, {""name"": ""DANDELION"", ""kind"": ""load"", ""packet"": 3, ""rank"": 3, ""answer"": ""P"", ""reported"": true, ""response"": ""R"", ""correct"": false, ""correct_lenient"": false, ""answer_migrated"": false}, {""name"": ""YOGURT"", ""kind"": ""load"", ""packet"": 5, ""rank"": 4, ""answer"": ""VALID"", ""reported"": true, ""response"": ""VALID"", ""correct"": true, ""correct_lenient"": true, ""answer_migrated"": false}, {""name"": ""TAPESTRY"", ""kind"": ""passphrase"", ""packet"": 13, ""rank"": 5, ""answer"": ""INDIA HOTEL QUEBEC"", ""reported"": true, ""response"": ""INDIA HOTEL QUEBEC"", ""correct"": true, ""correct_lenient"": true, ""answer_migrated"": false}]",5,0,0.0,,,False,False,,,,,,"<Final_Answers>
- Task EMERALD: INVALID
- Task FLAMINGO: YES
- Task DANDELION: R
- Task YOGURT: VALID
- Task TAPESTRY: INDIA HOTEL QUEBEC
",qwen2.5:7b,7.0,Qwen2.5,97.0
5,non-ordered,True,True,,,,,,semantic_4,direct,15,5,KAYAK,"[2, 8, 10, 14, 15]",0.0,1024,,6135,3,ALPHA CHARLIE BRAVO,,,,0,True,True,True,0.25,"[{""name"": ""CARNIVAL"", ""kind"": ""load"", ""packet"": 2, ""rank"": 1, ""answer"": ""YES"", ""reported"": true, ""response"": ""NO"", ""correct"": false, ""correct_lenient"": false, ""answer_migrated"": false}, {""name"": ""MONGOOSE"", ""kind"": ""load"", ""packet"": 8, ""rank"": 2, ""answer"": ""R"", ""reported"": true, ""response"": ""T"", ""correct"": false, ""correct_lenient"": false, ""answer_migrated"": false}, {""name"": ""OBELISK"", ""kind"": ""load"", ""packet"": 10, ""rank"": 3, ""answer"": ""INVALID"", ""reported"": true, ""response"": ""INVALID"", ""correct"": true, ""correct_lenient"": true, ""answer_migrated"": false}, {""name"": ""XYLOPHONE"", ""kind"": ""load"", ""packet"": 14, ""rank"": 4, ""answer"": ""INVALID"", ""reported"": true, ""response"": ""VALID"", ""correct"": false, ""correct_lenient"": false, ""answer_migrated"": false}, {""name"": ""KAYAK"", ""kind"": ""passphrase"", ""packet"": 15, ""rank"": 5, ""answer"": ""ALPHA CHARLIE BRAVO"", ""reported"": true, ""response"": ""ALPHA CHARLIE BRAVO"", ""correct"": true, ""correct_lenient"": true, ""answer_migrated"": false}]",5,0,0.0,,,False,False,,,,,,"<Final_Answers>
- Task CARNIVAL: NO
- Task MONGOOSE: T
- Task OBELISK: INVALID
- Task XYLOPHONE: VALID
- Task KAYAK: ALPHA CHARLIE BRAVO
",qwen2.5:7b,7.0,Qwen2.5,97.0
5,non-ordered,True,True,,,,,,semantic_4,direct,11,5,METRONOME,"[1, 5, 7, 8, 11]",0.0,1024,,7135,3,XRAY KILO FOXTROT,,,,0,True,True,True,0.0,"[{""name"": ""DUMPLING"", ""kind"": ""load"", ""packet"": 1, ""rank"": 1, ""answer"": ""VALID"", ""reported"": true, ""response"": ""INVALID"", ""correct"": false, ""correct_lenient"": false, ""answer_migrated"": true}, {""name"": ""MARBLE"", ""kind"": ""load"", ""packet"": 5, ""rank"": 2, ""answer"": ""INVALID"", ""reported"": true, ""response"": ""VALID"", ""correct"": false, ""correct_lenient"": false, ""answer_migrated"": true}, {""name"": ""VOLCANO"", ""kind"": ""load"", ""packet"": 7, ""rank"": 3, ""answer"": ""INVALID"", ""reported"": true, ""response"": ""VALID"", ""correct"": false, ""correct_lenient"": false, ""answer_migrated"": true}, {""name"": ""KAYAK"", ""kind"": ""load"", ""packet"": 8, ""rank"": 4, ""answer"": ""INVALID"", ""reported"": true, ""response"": ""VALID"", ""correct"": false, ""correct_lenient"": false, ""answer_migrated"": true}, {""name"": ""METRONOME"", ""kind"": ""passphrase"", ""packet"": 11, ""rank"": 5, ""answer"": ""XRAY KILO FOXTROT"", ""reported"": true, ""response"": ""XRAY KILO FOXTROT"", ""correct"": true, ""correct_lenient"": true, ""answer_migrated"": false}]",5,0,0.8,,,False,False,,,,,,"<Final_Answers>
- Task DUMPLING: INVALID
- Task MARBLE: VALID
- Task VOLCANO: VALID
- Task KAYAK: VALID
- Task METRONOME: XRAY KILO FOXTROT
",qwen2.5:7b,7.0,Qwen2.5,97.0
