n_tasks,naming,passphrase_last,anti_enumeration,finite_budget,lag,mask,n_pre,n_post,t1_load,regime,t2_abs_index,t2_rank,t2_task_name,task_positions,temperature,max_new_tokens,answer_budget,seed,t2_words,t2_phrase,t2_total_logprob,t2_mean_logprob,t2_joint_prob,t2_n_tokens,report_correct,report_contains,phrase_anywhere,t1_correct,tasks,n_tasks_reported,n_hallucinated_tasks,answer_migration,cot_tokens_used,cot_forced_closed,output_truncated,t2_slot_missing,thinking_is_placeholder,t2_echoed_in_cot,n_packets_in_cot,n_filler_packets_in_cot,enumerated_fillers_in_cot,raw_output,model,params_b,family,natural_cot_median
3,non-ordered,False,True,1024.0,,,,,trivial,cot,3,1,PLATYPUS,"[3, 11, 15]",0.0,1024,512.0,88,3,MIKE GOLF KILO,,,,0,True,True,True,0.5,"[{""name"": ""PLATYPUS"", ""kind"": ""passphrase"", ""packet"": 3, ""rank"": 1, ""answer"": ""MIKE GOLF KILO"", ""reported"": true, ""response"": ""MIKE GOLF KILO"", ""correct"": true, ""correct_lenient"": true, ""answer_migrated"": false}, {""name"": ""URCHIN"", ""kind"": ""load"", ""packet"": 11, ""rank"": 2, ""answer"": ""RED"", ""reported"": true, ""response"": ""RED"", ""correct"": true, ""correct_lenient"": true, ""answer_migrated"": false}, {""name"": ""LULLABY"", ""kind"": ""load"", ""packet"": 15, ""rank"": 3, ""answer"": ""EAGLE"", ""reported"": true, ""response"": ""EAGLE</Final_Answers>"", ""correct"": false, ""correct_lenient"": true, ""answer_migrated"": false}]",3,0,0.0,84.0,False,False,False,False,True,4.0,1.0,False,"<Thinking>
Packet 03 is Task PLATYPUS: I must copy the three words MIKE GOLF KILO. Packet 06 is a vacuuming update and not a task. Packet 11 is Task URCHIN: The result of this task is the word RED. Packet 15 is Task LULLABY: This task's result is the word EAGLE.
</Thinking>  
<Final_Answers>
- Task PLATYPUS: MIKE GOLF KILO
- Task URCHIN: RED
- Task LULLABY: EAGLE</Final_Answers>",qwen2.5:3b,3.0,Qwen2.5,87.5
3,non-ordered,False,True,1024.0,,,,,trivial,cot,6,1,NARWHAL,"[6, 7, 8]",0.0,1024,512.0,1088,3,ROMEO VICTOR QUEBEC,,,,0,True,True,True,0.5,"[{""name"": ""NARWHAL"", ""kind"": ""passphrase"", ""packet"": 6, ""rank"": 1, ""answer"": ""ROMEO VICTOR QUEBEC"", ""reported"": true, ""response"": ""ROMEO VICTOR QUEBEC"", ""correct"": true, ""correct_lenient"": true, ""answer_migrated"": false}, {""name"": ""FLAMINGO"", ""kind"": ""load"", ""packet"": 7, ""rank"": 2, ""answer"": ""HAWK"", ""reported"": true, ""response"": ""HAWK"", ""correct"": true, ""correct_lenient"": true, ""answer_migrated"": false}, {""name"": ""HEDGEHOG"", ""kind"": ""load"", ""packet"": 8, ""rank"": 3, ""answer"": ""OCEAN"", ""reported"": true, ""response"": ""OCEAN</Final_Answers>"", ""correct"": false, ""correct_lenient"": true, ""answer_migrated"": false}]",3,0,0.0,71.0,False,False,False,False,True,3.0,0.0,False,"<Thinking>
Packet 06 is Task NARWHAL: I must copy-paste the three words ROMEO VICTOR QUEBEC. Packet 07 is Task FLAMINGO: The task's result is HAWK. Packet 08 is Task HEDGEHOG: The task's result is OCEAN.
</Thinking>  
<Final_Answers>
- Task NARWHAL: ROMEO VICTOR QUEBEC
- Task FLAMINGO: HAWK
- Task HEDGEHOG: OCEAN</Final_Answers>",qwen2.5:3b,3.0,Qwen2.5,87.5
3,non-ordered,False,True,1024.0,,,,,trivial,cot,4,1,UNICYCLE,"[4, 7, 13]",0.0,1024,512.0,2088,3,SIERRA PAPA XRAY,,,,0,True,True,True,0.5,"[{""name"": ""UNICYCLE"", ""kind"": ""passphrase"", ""packet"": 4, ""rank"": 1, ""answer"": ""SIERRA PAPA XRAY"", ""reported"": true, ""response"": ""SIERRA PAPA XRAY"", ""correct"": true, ""correct_lenient"": true, ""answer_migrated"": false}, {""name"": ""CHIMNEY"", ""kind"": ""load"", ""packet"": 7, ""rank"": 2, ""answer"": ""SALMON"", ""reported"": true, ""response"": ""SALMON"", ""correct"": true, ""correct_lenient"": true, ""answer_migrated"": false}, {""name"": ""URCHIN"", ""kind"": ""load"", ""packet"": 13, ""rank"": 3, ""answer"": ""SALT"", ""reported"": true, ""response"": ""SALT</Final_Answers>"", ""correct"": false, ""correct_lenient"": true, ""answer_migrated"": false}]",3,0,0.0,63.0,False,False,False,False,True,3.0,1.0,False,"<Thinking>
Packet 04 is Task UNICYCLE: I must copy the three words SIERRA PAPA XRAY. Packet 07 is Task CHIMNEY: The word to report is SALMON. Packet 12 is Task URCHIN: The word to report is SALT.
</Thinking>  
<Final_Answers>
- Task UNICYCLE: SIERRA PAPA XRAY
- Task CHIMNEY: SALMON
- Task URCHIN: SALT</Final_Answers>",qwen2.5:3b,3.0,Qwen2.5,87.5
3,non-ordered,False,True,1024.0,,,,,trivial,cot,9,2,TULIP,"[2, 9, 12]",0.0,1024,512.0,3088,3,PAPA INDIA VICTOR,,,,0,True,True,True,0.0,"[{""name"": ""WALNUT"", ""kind"": ""load"", ""packet"": 2, ""rank"": 1, ""answer"": ""SUGAR"", ""reported"": false, ""response"": null, ""correct"": false, ""correct_lenient"": false, ""answer_migrated"": false}, {""name"": ""TULIP"", ""kind"": ""passphrase"", ""packet"": 9, ""rank"": 2, ""answer"": ""PAPA INDIA VICTOR"", ""reported"": true, ""response"": ""PAPA INDIA VICTOR"", ""correct"": true, ""correct_lenient"": true, ""answer_migrated"": false}, {""name"": ""LOBSTER"", ""kind"": ""load"", ""packet"": 12, ""rank"": 3, ""answer"": ""CHAIR"", ""reported"": true, ""response"": ""CHAIR</Final_Answers>"", ""correct"": false, ""correct_lenient"": true, ""answer_migrated"": false}]",2,0,0.0,47.0,False,False,False,False,True,2.0,1.0,False,"<Thinking>
Packet 08 is Task TULIP: I must copy the three words PAPA INDIA VICTOR. Packet 12 is Task LOBSTER: The word CHAIR is this task's result.
</Thinking>  
<Final_Answers>
- Task TULIP: PAPA INDIA VICTOR
- Task LOBSTER: CHAIR</Final_Answers>",qwen2.5:3b,3.0,Qwen2.5,87.5
3,non-ordered,False,True,1024.0,,,,,trivial,cot,13,3,LULLABY,"[2, 11, 13]",0.0,1024,512.0,4088,3,ALPHA HOTEL INDIA,,,,0,False,False,False,0.5,"[{""name"": ""DOLPHIN"", ""kind"": ""load"", ""packet"": 2, ""rank"": 1, ""answer"": ""BRANCH"", ""reported"": false, ""response"": null, ""correct"": false, ""correct_lenient"": false, ""answer_migrated"": false}, {""name"": ""RAVIOLI"", ""kind"": ""load"", ""packet"": 11, ""rank"": 2, ""answer"": ""SPOON"", ""reported"": true, ""response"": ""SPOON"", ""correct"": true, ""correct_lenient"": true, ""answer_migrated"": false}, {""name"": ""LULLABY"", ""kind"": ""passphrase"", ""packet"": 13, ""rank"": 3, ""answer"": ""ALPHA HOTEL INDIA"", ""reported"": true, ""response"": ""ALFA HOTEL INDIA</Final_Answers>"", ""correct"": false, ""correct_lenient"": false, ""answer_migrated"": false}]",2,0,0.0,55.0,False,False,False,False,False,2.0,0.0,False,"<Thinking>
Packet 11 is Task RAVIOLI: I must report the word SPOON as this task's result. Packet 13 is Task LULLABY: I must copy-paste the three words ALFA HOTEL INDIA.
</Thinking>  
<Final_Answers>
- Task RAVIOLI: SPOON
- Task LULLABY: ALFA HOTEL INDIA</Final_Answers>",qwen2.5:3b,3.0,Qwen2.5,87.5
3,non-ordered,False,True,1024.0,,,,,trivial,cot,8,3,TAPESTRY,"[2, 6, 8]",0.0,1024,512.0,5088,3,WHISKEY ROMEO MIKE,,,,0,True,True,True,1.0,"[{""name"": ""URCHIN"", ""kind"": ""load"", ""packet"": 2, ""rank"": 1, ""answer"": ""LAKE"", ""reported"": true, ""response"": ""LAKE"", ""correct"": true, ""correct_lenient"": true, ""answer_migrated"": false}, {""name"": ""ANCHOVY"", ""kind"": ""load"", ""packet"": 6, ""rank"": 2, ""answer"": ""BLACK"", ""reported"": true, ""response"": ""BLACK"", ""correct"": true, ""correct_lenient"": true, ""answer_migrated"": false}, {""name"": ""TAPESTRY"", ""kind"": ""passphrase"", ""packet"": 8, ""rank"": 3, ""answer"": ""WHISKEY ROMEO MIKE"", ""reported"": true, ""response"": ""WHISKEY ROMEO MIKE"", ""correct"": true, ""correct_lenient"": true, ""answer_migrated"": false}]",3,0,0.0,79.0,False,False,False,False,True,3.0,0.0,False,"<Thinking>
Packet 02 is Task URCHIN: I must report the word LAKE as this task's result. Packet 06 is Task ANCHOVY: The task requires reporting the word BLACK as its result. Packet 08 is Task TAPESTRY: Copy-paste of three words ""WHISKEY ROMEO MIKE"" needs to be performed.
</Thinking>  
<Final_Answers>
- Task URCHIN: LAKE
- Task ANCHOVY: BLACK
- Task TAPESTRY: WHISKEY ROMEO MIKE
</Final_Answers>",qwen2.5:3b,3.0,Qwen2.5,87.5
5,non-ordered,False,True,1024.0,,,,,trivial,cot,4,1,RASPBERRY,"[4, 6, 10, 11, 14]",0.0,1024,512.0,114,3,HOTEL SIERRA DELTA,,,,0,True,True,True,0.75,"[{""name"": ""RASPBERRY"", ""kind"": ""passphrase"", ""packet"": 4, ""rank"": 1, ""answer"": ""HOTEL SIERRA DELTA"", ""reported"": true, ""response"": ""HOTEL SIERRA DELTA"", ""correct"": true, ""correct_lenient"": true, ""answer_migrated"": false}, {""name"": ""NECTARINE"", ""kind"": ""load"", ""packet"": 6, ""rank"": 2, ""answer"": ""STORM"", ""reported"": true, ""response"": ""STORM"", ""correct"": true, ""correct_lenient"": true, ""answer_migrated"": false}, {""name"": ""PLATYPUS"", ""kind"": ""load"", ""packet"": 10, ""rank"": 3, ""answer"": ""BROWN"", ""reported"": true, ""response"": ""BROWN"", ""correct"": true, ""correct_lenient"": true, ""answer_migrated"": false}, {""name"": ""INKWELL"", ""kind"": ""load"", ""packet"": 11, ""rank"": 4, ""answer"": ""LAKE"", ""reported"": true, ""response"": ""LAKE"", ""correct"": true, ""correct_lenient"": true, ""answer_migrated"": false}, {""name"": ""KAYAK"", ""kind"": ""load"", ""packet"": 14, ""rank"": 5, ""answer"": ""FINCH"", ""reported"": true, ""response"": ""FINCH</Final_Answers>"", ""correct"": false, ""correct_lenient"": true, ""answer_migrated"": false}]",5,0,0.0,102.0,False,False,False,False,True,5.0,0.0,False,"<Thinking>
Packet 04 is Task RASPBERRY: I must copy the three words HOTEL SIERRA DELTA. Packet 06 is Task NECTARINE: The task's result is STORM. Packet 10 is Task PLATYPUS: The task's result is BROWN. Packet 11 is Task INKWELL: The task's result is LAKE. Packet 14 is Task KAYAK: The task's result is FINCH.
</Thinking>  
<Final_Answers>
- Task RASPBERRY: HOTEL SIERRA DELTA
- Task NECTARINE: STORM
- Task PLATYPUS: BROWN
- Task INKWELL: LAKE
- Task KAYAK: FINCH</Final_Answers>",qwen2.5:3b,3.0,Qwen2.5,87.5
5,non-ordered,False,True,1024.0,,,,,trivial,cot,14,5,CENTIPEDE,"[8, 10, 11, 12, 14]",0.0,1024,512.0,1114,3,QUEBEC INDIA OSCAR,,,,0,False,True,True,1.0,"[{""name"": ""METRONOME"", ""kind"": ""load"", ""packet"": 8, ""rank"": 1, ""answer"": ""RICE"", ""reported"": true, ""response"": ""RICE"", ""correct"": true, ""correct_lenient"": true, ""answer_migrated"": false}, {""name"": ""CATAPULT"", ""kind"": ""load"", ""packet"": 10, ""rank"": 2, ""answer"": ""SPOON"", ""reported"": true, ""response"": ""SPOON"", ""correct"": true, ""correct_lenient"": true, ""answer_migrated"": false}, {""name"": ""LANTERN"", ""kind"": ""load"", ""packet"": 11, ""rank"": 3, ""answer"": ""CHERRY"", ""reported"": true, ""response"": ""CHERRY"", ""correct"": true, ""correct_lenient"": true, ""answer_migrated"": false}, {""name"": ""DAFFODIL"", ""kind"": ""load"", ""packet"": 12, ""rank"": 4, ""answer"": ""PLATE"", ""reported"": true, ""response"": ""PLATE"", ""correct"": true, ""correct_lenient"": true, ""answer_migrated"": false}, {""name"": ""CENTIPEDE"", ""kind"": ""passphrase"", ""packet"": 14, ""rank"": 5, ""answer"": ""QUEBEC INDIA OSCAR"", ""reported"": true, ""response"": ""QUEBEC INDIA OSCAR</Final_Answers>"", ""correct"": false, ""correct_lenient"": true, ""answer_migrated"": false}]",5,0,0.0,116.0,False,False,False,False,True,5.0,0.0,False,"<Thinking>
Packet 08 is Task METRONOME: The trivial task requires reporting RICE as its result. Packet 10 is Task CATAPULT: This trivial task requires reporting SPOON as its result. Packet 11 is Task LANTERN: This trivial task requires reporting CHERRY as its result. Packet 12 is Task DAFFODIL: This trivial task requires reporting PLATE as its result. Packet 14 is Task CENTIPEDE: The trivial task requires reporting QUEBEC INDIA OSCAR as its result.
</Thinking>  
<Final_Answers>
- Task METRONOME: RICE
- Task CATAPULT: SPOON
- Task LANTERN: CHERRY
- Task DAFFODIL: PLATE
- Task CENTIPEDE: QUEBEC INDIA OSCAR</Final_Answers>",qwen2.5:3b,3.0,Qwen2.5,87.5
5,non-ordered,False,True,1024.0,,,,,trivial,cot,4,1,YOGURT,"[4, 5, 8, 9, 15]",0.0,1024,512.0,2114,3,HOTEL GOLF VICTOR,,,,0,True,True,True,0.75,"[{""name"": ""YOGURT"", ""kind"": ""passphrase"", ""packet"": 4, ""rank"": 1, ""answer"": ""HOTEL GOLF VICTOR"", ""reported"": true, ""response"": ""HOTEL GOLF VICTOR"", ""correct"": true, ""correct_lenient"": true, ""answer_migrated"": false}, {""name"": ""EGGPLANT"", ""kind"": ""load"", ""packet"": 5, ""rank"": 2, ""answer"": ""BEAR"", ""reported"": true, ""response"": ""BEAR"", ""correct"": true, ""correct_lenient"": true, ""answer_migrated"": false}, {""name"": ""PISTACHIO"", ""kind"": ""load"", ""packet"": 8, ""rank"": 3, ""answer"": ""MAROON"", ""reported"": true, ""response"": ""MAROON"", ""correct"": true, ""correct_lenient"": true, ""answer_migrated"": false}, {""name"": ""QUARRY"", ""kind"": ""load"", ""packet"": 9, ""rank"": 4, ""answer"": ""VIOLET"", ""reported"": true, ""response"": ""VIOLET"", ""correct"": true, ""correct_lenient"": true, ""answer_migrated"": false}, {""name"": ""TROMBONE"", ""kind"": ""load"", ""packet"": 15, ""rank"": 5, ""answer"": ""DUCK"", ""reported"": true, ""response"": ""DUCK</Final_Answers>"", ""correct"": false, ""correct_lenient"": true, ""answer_migrated"": false}]",5,0,0.0,123.0,False,False,False,False,True,5.0,1.0,False,"<Thinking>
Packet 04 is Task YOGURT: I must copy the three words HOTEL GOLF VICTOR. Packet 05 is Task EGGPLANT: The trivial task requires reporting the word BEAR as its result. Packet 08 is Task PISTACHIO: This trivial task requires reporting the word MAROON as its result. Packet 09 is Task QUARRY: This trivial task requires reporting the word VIOLET as its result. Packet 13 is Task TROMBONE: The trivial task requires reporting the word DUCK as its result.
</Thinking>  
<Final_Answers>
- Task YOGURT: HOTEL GOLF VICTOR
- Task EGGPLANT: BEAR
- Task PISTACHIO: MAROON
- Task QUARRY: VIOLET
- Task TROMBONE: DUCK</Final_Answers>",qwen2.5:3b,3.0,Qwen2.5,87.5
5,non-ordered,False,True,1024.0,,,,,trivial,cot,11,4,SAXOPHONE,"[5, 7, 8, 11, 13]",0.0,1024,512.0,3114,3,HOTEL INDIA ROMEO,,,,0,True,True,True,1.0,"[{""name"": ""PARSNIP"", ""kind"": ""load"", ""packet"": 5, ""rank"": 1, ""answer"": ""CAT"", ""reported"": true, ""response"": ""CAT"", ""correct"": true, ""correct_lenient"": true, ""answer_migrated"": false}, {""name"": ""PELICAN"", ""kind"": ""load"", ""packet"": 7, ""rank"": 2, ""answer"": ""ONION"", ""reported"": true, ""response"": ""ONION"", ""correct"": true, ""correct_lenient"": true, ""answer_migrated"": false}, {""name"": ""DUMPLING"", ""kind"": ""load"", ""packet"": 8, ""rank"": 3, ""answer"": ""GRAPE"", ""reported"": true, ""response"": ""GRAPE"", ""correct"": true, ""correct_lenient"": true, ""answer_migrated"": false}, {""name"": ""SAXOPHONE"", ""kind"": ""passphrase"", ""packet"": 11, ""rank"": 4, ""answer"": ""HOTEL INDIA ROMEO"", ""reported"": true, ""response"": ""HOTEL INDIA ROMEO"", ""correct"": true, ""correct_lenient"": true, ""answer_migrated"": false}, {""name"": ""DAFFODIL"", ""kind"": ""load"", ""packet"": 13, ""rank"": 5, ""answer"": ""WALL"", ""reported"": true, ""response"": ""WALL"", ""correct"": true, ""correct_lenient"": true, ""answer_migrated"": false}]",5,0,0.0,124.0,False,False,False,False,True,5.0,0.0,False,"<Thinking>
Packet 05 is Task PARSNIP: The trivial task requires reporting the word CAT as its result. Packet 07 is Task PELICAN: The trivial task requires reporting the word ONION as its result. Packet 08 is Task DUMPLING: The trivial task requires reporting the word GRAPE as its result. Packet 11 is Task SAXOPHONE: The trivial task requires copying and pasting the words HOTEL INDIA ROMEO. Packet 13 is Task DAFFODIL: The trivial task requires reporting the word WALL as its result.
</Thinking>  
<Final_Answers>
- Task PARSNIP: CAT
- Task PELICAN: ONION
- Task DUMPLING: GRAPE
- Task SAXOPHONE: HOTEL INDIA ROMEO
- Task DAFFODIL: WALL
</Final_Answers>",qwen2.5:3b,3.0,Qwen2.5,87.5
5,non-ordered,False,True,1024.0,,,,,trivial,cot,9,4,HAMMOCK,"[1, 2, 4, 9, 15]",0.0,1024,512.0,4114,3,ALPHA XRAY WHISKEY,,,,0,True,True,True,0.75,"[{""name"": ""UNICYCLE"", ""kind"": ""load"", ""packet"": 1, ""rank"": 1, ""answer"": ""WOLF"", ""reported"": true, ""response"": ""WOLF"", ""correct"": true, ""correct_lenient"": true, ""answer_migrated"": false}, {""name"": ""KUMQUAT"", ""kind"": ""load"", ""packet"": 2, ""rank"": 2, ""answer"": ""CRAB"", ""reported"": false, ""response"": null, ""correct"": false, ""correct_lenient"": false, ""answer_migrated"": false}, {""name"": ""GONDOLA"", ""kind"": ""load"", ""packet"": 4, ""rank"": 3, ""answer"": ""LAMP"", ""reported"": true, ""response"": ""LAMP"", ""correct"": true, ""correct_lenient"": true, ""answer_migrated"": false}, {""name"": ""HAMMOCK"", ""kind"": ""passphrase"", ""packet"": 9, ""rank"": 4, ""answer"": ""ALPHA XRAY WHISKEY"", ""reported"": true, ""response"": ""ALPHA XRAY WHISKEY"", ""correct"": true, ""correct_lenient"": true, ""answer_migrated"": false}, {""name"": ""WATERMELON"", ""kind"": ""load"", ""packet"": 15, ""rank"": 5, ""answer"": ""CARROT"", ""reported"": true, ""response"": ""CARROT"", ""correct"": true, ""correct_lenient"": true, ""answer_migrated"": false}]",4,0,0.0,91.0,False,False,False,False,True,4.0,0.0,False,"<Thinking>
Packet 01 is Task UNICYCLE: The trivial task reports WOLF as its result. Packet 04 is Task GONDOLA: This trivial task's result is LAMP. Packet 09 is Task HAMMOCK: Copy-paste of the words ALPHA XRAY WHISKEY follows this task. Packet 15 is Task WATERMELON: The trivial task here reports CARROT as its result.
</Thinking>  
<Final_Answers>
- Task UNICYCLE: WOLF
- Task GONDOLA: LAMP
- Task HAMMOCK: ALPHA XRAY WHISKEY
- Task WATERMELON: CARROT
</Final_Answers>",qwen2.5:3b,3.0,Qwen2.5,87.5
5,non-ordered,False,True,1024.0,,,,,trivial,cot,4,1,JIGSAW,"[4, 10, 11, 12, 14]",0.0,1024,512.0,5114,3,GOLF QUEBEC OSCAR,,,,0,True,True,True,1.0,"[{""name"": ""JIGSAW"", ""kind"": ""passphrase"", ""packet"": 4, ""rank"": 1, ""answer"": ""GOLF QUEBEC OSCAR"", ""reported"": true, ""response"": ""GOLF QUEBEC OSCAR"", ""correct"": true, ""correct_lenient"": true, ""answer_migrated"": false}, {""name"": ""ORIGAMI"", ""kind"": ""load"", ""packet"": 10, ""rank"": 2, ""answer"": ""SEAL"", ""reported"": true, ""response"": ""SEAL"", ""correct"": true, ""correct_lenient"": true, ""answer_migrated"": false}, {""name"": ""QUICKSAND"", ""kind"": ""load"", ""packet"": 11, ""rank"": 3, ""answer"": ""TABLE"", ""reported"": true, ""response"": ""TABLE"", ""correct"": true, ""correct_lenient"": true, ""answer_migrated"": false}, {""name"": ""BLIZZARD"", ""kind"": ""load"", ""packet"": 12, ""rank"": 4, ""answer"": ""BLUE"", ""reported"": true, ""response"": ""BLUE"", ""correct"": true, ""correct_lenient"": true, ""answer_migrated"": false}, {""name"": ""BAGPIPE"", ""kind"": ""load"", ""packet"": 14, ""rank"": 5, ""answer"": ""BLACK"", ""reported"": true, ""response"": ""BLACK"", ""correct"": true, ""correct_lenient"": true, ""answer_migrated"": false}]",5,0,0.0,106.0,False,False,False,False,True,5.0,0.0,False,"<Thinking>
Packet 04 is Task JIGSAW: I must copy the three words GOLF QUEBEC OSCAR. Packet 010 is Task ORIGAMI: The task's result is the word SEAL. Packet 11 is Task QUICKSAND: The task's result is the word TABLE. Packet 12 is Task BLIZZARD: The task's result is the word BLUE. Packet 14 is Task BAGPIPE: The task's result is the word BLACK.
</Thinking>  
<Final_Answers>
- Task JIGSAW: GOLF QUEBEC OSCAR
- Task ORIGAMI: SEAL
- Task QUICKSAND: TABLE
- Task BLIZZARD: BLUE
- Task BAGPIPE: BLACK
</Final Answers></Final_Answers>",qwen2.5:3b,3.0,Qwen2.5,87.5
1,non-ordered,False,True,22.0,,,,,none,cot,3,1,UNICYCLE,[3],0.0,1024,512.0,41,3,MIKE KILO HOTEL,,,,0,False,False,False,,"[{""name"": ""UNICYCLE"", ""kind"": ""passphrase"", ""packet"": 3, ""rank"": 1, ""answer"": ""MIKE KILO HOTEL"", ""reported"": true, ""response"": ""MIKE KILO HOT"", ""correct"": false, ""correct_lenient"": false, ""answer_migrated"": false}]",1,0,0.0,22.0,True,False,False,False,False,1.0,0.0,False,"<Thinking>
Packet 03 is Task UNICYCLE: I must copy the three words MIKE KILO HOT
</Thinking>
<Final_Answers>
- Task UNICYCLE: MIKE KILO HOT
- Thinking about remaining packets.
Packet 06 is Task UNICYCLE: I must copy the three words MIKE KILO HOT
</Thinking>
<Final_Answers>
- Task UNICYCLE: MIKE KILO HOT
- No more tasks found in this stream.</Final_Answers>",qwen2.5:3b,3.0,Qwen2.5,87.5
1,non-ordered,False,True,22.0,,,,,none,cot,1,1,URCHIN,[1],0.0,1024,512.0,1041,3,OSCAR FOXTROT MIKE,,,,0,False,False,False,,"[{""name"": ""URCHIN"", ""kind"": ""passphrase"", ""packet"": 1, ""rank"": 1, ""answer"": ""OSCAR FOXTROT MIKE"", ""reported"": true, ""response"": ""OSCAR FOXT ROME"", ""correct"": false, ""correct_lenient"": false, ""answer_migrated"": false}]",1,0,0.0,22.0,True,False,False,False,False,1.0,0.0,False,"<Thinking>
Packet 01 is Task URCHIN: I must copy-paste the three words OSCAR FOXT
</Thinking>
<Final_Answers>
- Task URCHIN: OSCAR FOXT ROME
- Packet 02: MIGRATION 2.1.9 applied to inventory on qa.
- Packet 03: Ambient temperature in lab is 32C below 4C.
- Packet 04: Cache hit ratio for dns is 36 percent of 100.
- Packet 05: Feature flag 'webhook_beta' set to disabled.
- Packet 06: Humidity in operations center is 65 percent of 100.
- Packet 07: Heartbeat from billing received after 464 ms.
- Packet 08: Session 781 closed by kafka.
- Packet 09: Query against sessions returned 316 rows in 154 ms.
- Packet 10: CPU temperature on edge-eu is stable at 69C of 70.
- Packet 11: Deployment of version 5.2.0 started on canary.
- Packet 12: Feature flag 'queue_beta' set to enabled.
- Packet 13: Configuration file state.db reloaded on node-d.
- Packet 14: Vacuum on inventory reclaimed 926 pages.
- Packet 15: Queue 'priority' depth is 639 messages.</Final_Answers>",qwen2.5:3b,3.0,Qwen2.5,87.5
1,non-ordered,False,True,22.0,,,,,none,cot,10,1,ORIGAMI,[10],0.0,1024,512.0,2041,3,BRAVO OSCAR WHISKEY,,,,0,False,True,True,,"[{""name"": ""ORIGAMI"", ""kind"": ""passphrase"", ""packet"": 10, ""rank"": 1, ""answer"": ""BRAVO OSCAR WHISKEY"", ""reported"": true, ""response"": ""BRAVO OSCAR WHISKEY</Final_Answers>"", ""correct"": false, ""correct_lenient"": true, ""answer_migrated"": false}]",1,0,0.0,22.0,True,False,False,False,False,1.0,0.0,False,"<Thinking>
Packet 10 is Task ORIGAMI: I must copy the three words BRAVO OSCAR WHIS
</Thinking>
<Final_Answers>
- Task ORIGAMI: BRAVO OSCAR WHISKEY</Final_Answers>",qwen2.5:3b,3.0,Qwen2.5,87.5
1,non-ordered,False,True,22.0,,,,,none,cot,11,1,DANDELION,[11],0.0,1024,512.0,3041,3,BRAVO YANKEE MIKE,,,,0,False,False,False,,"[{""name"": ""DANDELION"", ""kind"": ""passphrase"", ""packet"": 11, ""rank"": 1, ""answer"": ""BRAVO YANKEE MIKE"", ""reported"": true, ""response"": ""BRAVO YANKEE</Final_Answers>"", ""correct"": false, ""correct_lenient"": false, ""answer_migrated"": false}]",1,0,0.0,22.0,True,False,False,False,False,1.0,0.0,False,"<Thinking>
Packet 11 is Task DANDELION: I must copy the three words BRAVO YANKEE
</Thinking>
<Final_Answers>
- Task DANDELION: BRAVO YANKEE</Final_Answers>",qwen2.5:3b,3.0,Qwen2.5,87.5
1,non-ordered,False,True,22.0,,,,,none,cot,3,1,HEDGEHOG,[3],0.0,1024,512.0,4041,3,UNIFORM ROMEO KILO,,,,0,False,False,False,,"[{""name"": ""HEDGEHOG"", ""kind"": ""passphrase"", ""packet"": 3, ""rank"": 1, ""answer"": ""UNIFORM ROMEO KILO"", ""reported"": true, ""response"": ""UNIFORM ROMEO K"", ""correct"": false, ""correct_lenient"": false, ""answer_migrated"": false}]",1,0,0.0,22.0,True,True,False,False,False,1.0,0.0,False,"<Thinking>
Packet 03 is Task HEDGEHOG: I must copy the three words UNIFORM ROMEO K
</Thinking>
<Final_Answers>
- Task HEDGEHOG: UNIFORM ROMEO K
- Thinking about remaining packets.
- Packet 09 is a filler packet, skipped.
- Packet 12 is a filler packet, skipped.
- Packet 15 is a filler packet, skipped.
- Packet 14 is a filler packet, skipped.
- Packet 13 is a filler packet, skipped.
- Packet 11 is a filler packet, skipped.
- Packet 06 is a filler packet, skipped.
- Packet 05 is a filler packet, skipped.
- Packet 04 is a filler packet, skipped.
- Packet 02 is a filler packet, skipped.
- Packet 01 is a filler packet, skipped.
- Packet 07 is a filler packet, skipped.
- Packet 08 is a filler packet, skipped.
- Packet 06 is a filler packet, skipped.
- Packet 05 is a filler packet, skipped.
- Packet 04 is a filler packet, skipped.
- Packet 03 is Task HEDGEHOG: UNIFORM ROMEO K
- Packet 12 is a filler packet, skipped.
- Packet 15 is a filler packet, skipped.
- Packet 14 is a filler packet, skipped.
- Packet 13 is a filler packet, skipped.
- Packet 11 is a filler packet, skipped.
- Packet 09 is a filler packet, skipped.
- Packet 08 is a filler packet, skipped.
- Packet 07 is a filler packet, skipped.
- Packet 06 is a filler packet, skipped.
- Packet 05 is a filler packet, skipped.
- Packet 04 is a filler packet, skipped.
- Packet 03 is Task HEDGEHOG: UNIFORM ROMEO K
- Packet 12 is a filler packet, skipped.
- Packet 15 is a filler packet, skipped.
- Packet 14 is a filler packet, skipped.
- Packet 13 is a filler packet, skipped.
- Packet 11 is a filler packet, skipped.
- Packet 09 is a filler packet, skipped.
- Packet 08 is a filler packet, skipped.
- Packet 07 is a filler packet, skipped.
- Packet 06 is a filler packet, skipped.
- Packet 05 is a filler packet, skipped.
- Packet 04 is a filler packet, skipped.
-",qwen2.5:3b,3.0,Qwen2.5,87.5
1,non-ordered,False,True,22.0,,,,,none,cot,12,1,YODEL,[12],0.0,1024,512.0,5041,3,WHISKEY YANKEE ROMEO,,,,0,False,False,False,,"[{""name"": ""YODEL"", ""kind"": ""passphrase"", ""packet"": 12, ""rank"": 1, ""answer"": ""WHISKEY YANKEE ROMEO"", ""reported"": true, ""response"": ""WHISKEY YANKE ROMEO</Final_Answers>"", ""correct"": false, ""correct_lenient"": false, ""answer_migrated"": false}]",1,0,0.0,22.0,True,False,False,False,False,1.0,0.0,False,"<Thinking>
Packet 12 is Task YODEL: I must copy the three words WHISKEY YANKE
</Thinking>
<Final_Answers>
- Task YODEL: WHISKEY YANKE ROMEO</Final_Answers>",qwen2.5:3b,3.0,Qwen2.5,87.5
1,non-ordered,False,True,22.0,,,,,none,cot,11,1,VINEYARD,[11],0.0,1024,512.0,6041,3,YANKEE ALPHA SIERRA,,,,0,False,False,False,,"[{""name"": ""VINEYARD"", ""kind"": ""passphrase"", ""packet"": 11, ""rank"": 1, ""answer"": ""YANKEE ALPHA SIERRA"", ""reported"": true, ""response"": ""YANKEE ALPHA</Final_Answers>"", ""correct"": false, ""correct_lenient"": false, ""answer_migrated"": false}]",1,0,0.0,22.0,True,False,False,False,False,1.0,0.0,False,"<Thinking>
Packet 11 is Task VINEYARD: I must copy the three words YANKEE ALPHA
</Thinking>
<Final_Answers>
- Task VINEYARD: YANKEE ALPHA</Final_Answers>",qwen2.5:3b,3.0,Qwen2.5,87.5
1,non-ordered,False,True,22.0,,,,,none,cot,12,1,YACHT,[12],0.0,1024,512.0,7041,3,YANKEE OSCAR CHARLIE,,,,0,False,False,False,,"[{""name"": ""YACHT"", ""kind"": ""passphrase"", ""packet"": 12, ""rank"": 1, ""answer"": ""YANKEE OSCAR CHARLIE"", ""reported"": true, ""response"": ""YANKEE OSCAR</Final_Answers>"", ""correct"": false, ""correct_lenient"": false, ""answer_migrated"": false}]",1,0,0.0,22.0,True,False,False,False,False,1.0,0.0,False,"<Thinking>
Packet 12 is Task YACHT: I must copy the three words YANKEE OSCAR
</Thinking>
<Final_Answers>
- Task YACHT: YANKEE OSCAR</Final_Answers>",qwen2.5:3b,3.0,Qwen2.5,87.5
1,non-ordered,True,True,22.0,,,,,none,cot,3,1,WOMBAT,[3],0.0,1024,512.0,41,3,MIKE KILO HOTEL,,,,0,False,False,False,,"[{""name"": ""WOMBAT"", ""kind"": ""passphrase"", ""packet"": 3, ""rank"": 1, ""answer"": ""MIKE KILO HOTEL"", ""reported"": true, ""response"": ""MIKE KILO HOT"", ""correct"": false, ""correct_lenient"": false, ""answer_migrated"": false}]",1,0,0.0,22.0,True,False,False,False,False,1.0,0.0,False,"<Thinking>
Packet 03 is Task WOMBAT: I must copy the three words MIKE KILO HOT
</Thinking>
<Final_Answers>
- Task WOMBAT: MIKE KILO HOT
- Thinking about remaining packets.
Packet 03 was indeed a task packet, but it ended prematurely. The rest of the stream does not contain any other tasks.
- Final Answers:
-</Final_Answers>",qwen2.5:3b,3.0,Qwen2.5,87.5
1,non-ordered,True,True,22.0,,,,,none,cot,1,1,ANCHOVY,[1],0.0,1024,512.0,1041,3,OSCAR FOXTROT MIKE,,,,0,False,False,False,,"[{""name"": ""ANCHOVY"", ""kind"": ""passphrase"", ""packet"": 1, ""rank"": 1, ""answer"": ""OSCAR FOXTROT MIKE"", ""reported"": true, ""response"": ""OSCRFOXMIK"", ""correct"": false, ""correct_lenient"": false, ""answer_migrated"": false}]",1,2,0.0,22.0,True,False,False,False,False,2.0,2.0,True,"<Thinking>
Packet 12 is Task DEPLOYMENT: Feature deployment process initiated. Packet 14 is Task CONFIG
</Thinking>
<Final_Answers>
- Task ANCHOVY: OSCRFOXMIK
- Task DEPLOYMENT: Deployment of version 5.2.0 started on canary.
- Task CONFIG: Configuration file state.db reloaded on node-d.</Final_Answers>",qwen2.5:3b,3.0,Qwen2.5,87.5
1,non-ordered,True,True,22.0,,,,,none,cot,10,1,MANDOLIN,[10],0.0,1024,512.0,2041,3,BRAVO OSCAR WHISKEY,,,,0,False,False,False,,"[{""name"": ""MANDOLIN"", ""kind"": ""passphrase"", ""packet"": 10, ""rank"": 1, ""answer"": ""BRAVO OSCAR WHISKEY"", ""reported"": true, ""response"": ""BRAVO OSCAR WH</Final_Answers>"", ""correct"": false, ""correct_lenient"": false, ""answer_migrated"": false}]",1,0,0.0,22.0,True,False,False,False,False,1.0,0.0,False,"<Thinking>
Packet 10 is Task MANDOLIN: I must copy the three words BRAVO OSCAR WH
</Thinking>
<Final_Answers>
- Task MANDOLIN: BRAVO OSCAR WH</Final_Answers>",qwen2.5:3b,3.0,Qwen2.5,87.5
1,non-ordered,True,True,22.0,,,,,none,cot,11,1,ZIGZAG,[11],0.0,1024,512.0,3041,3,BRAVO YANKEE MIKE,,,,0,False,False,False,,"[{""name"": ""ZIGZAG"", ""kind"": ""passphrase"", ""packet"": 11, ""rank"": 1, ""answer"": ""BRAVO YANKEE MIKE"", ""reported"": true, ""response"": ""BRAVO YANKE</Final_Answers>"", ""correct"": false, ""correct_lenient"": false, ""answer_migrated"": false}]",1,0,0.0,22.0,True,False,False,False,False,1.0,0.0,False,"<Thinking>
Packet 11 is Task ZIGZAG: I must copy the three words BRAVO YANKE
</Thinking>
<Final_Answers>
- Task ZIGZAG: BRAVO YANKE</Final_Answers>",qwen2.5:3b,3.0,Qwen2.5,87.5
1,non-ordered,True,True,22.0,,,,,none,cot,3,1,SCARECROW,[3],0.0,1024,512.0,4041,3,UNIFORM ROMEO KILO,,,,0,False,False,False,,"[{""name"": ""SCARECROW"", ""kind"": ""passphrase"", ""packet"": 3, ""rank"": 1, ""answer"": ""UNIFORM ROMEO KILO"", ""reported"": true, ""response"": ""UNIFORM ROMEO K"", ""correct"": false, ""correct_lenient"": false, ""answer_migrated"": false}]",1,0,0.0,22.0,True,False,False,False,False,1.0,0.0,False,"<Thinking>
Packet 03 is Task SCARECROW: I must copy the three words UNIFORM ROMEO K
</Thinking>
<Final_Answers>
- Task SCARECROW: UNIFORM ROMEO K
- Thinking about remaining packets.
- Packet 06 reports Index rebuild on table telemetry completed in 96 ms. This is a status update and not a task to be solved.
- Packet 14 mentions Cache hit ratio for queue is 31 percent. This is also a status update.
- Packet 15 indicates Component feature flag service reloaded configuration successfully. Another status update.
- No other packets contain tasks or require solving.
End of stream.</Final_Answers>",qwen2.5:3b,3.0,Qwen2.5,87.5
1,non-ordered,True,True,22.0,,,,,none,cot,12,1,IGLOO,[12],0.0,1024,512.0,5041,3,WHISKEY YANKEE ROMEO,,,,0,False,False,False,,"[{""name"": ""IGLOO"", ""kind"": ""passphrase"", ""packet"": 12, ""rank"": 1, ""answer"": ""WHISKEY YANKEE ROMEO"", ""reported"": true, ""response"": ""WHISKEY YANKE</Final_Answers>"", ""correct"": false, ""correct_lenient"": false, ""answer_migrated"": false}]",1,0,0.0,22.0,True,False,False,False,False,1.0,0.0,False,"<Thinking>
Packet 12 is Task IGLOO: I must copy the three words WHISKEY YANKE
</Thinking>
<Final_Answers>
- Task IGLOO: WHISKEY YANKE</Final_Answers>",qwen2.5:3b,3.0,Qwen2.5,87.5
1,non-ordered,True,True,22.0,,,,,none,cot,11,1,NECTARINE,[11],0.0,1024,512.0,6041,3,YANKEE ALPHA SIERRA,,,,0,False,False,False,,"[{""name"": ""NECTARINE"", ""kind"": ""passphrase"", ""packet"": 11, ""rank"": 1, ""answer"": ""YANKEE ALPHA SIERRA"", ""reported"": true, ""response"": ""YANKEE ALPHA</Final_Answers>"", ""correct"": false, ""correct_lenient"": false, ""answer_migrated"": false}]",1,0,0.0,22.0,True,False,False,False,False,1.0,0.0,False,"<Thinking>
Packet 11 is Task NECTARINE: I must copy the three words YANKEE ALPHA
</Thinking>
<Final_Answers>
- Task NECTARINE: YANKEE ALPHA</Final_Answers>",qwen2.5:3b,3.0,Qwen2.5,87.5
1,non-ordered,True,True,22.0,,,,,none,cot,12,1,SAPPHIRE,[12],0.0,1024,512.0,7041,3,YANKEE OSCAR CHARLIE,,,,0,False,False,False,,"[{""name"": ""SAPPHIRE"", ""kind"": ""passphrase"", ""packet"": 12, ""rank"": 1, ""answer"": ""YANKEE OSCAR CHARLIE"", ""reported"": true, ""response"": ""YANKEE OSCAR"", ""correct"": false, ""correct_lenient"": false, ""answer_migrated"": false}]",1,0,0.0,22.0,True,False,False,False,False,1.0,0.0,False,"<Thinking>
Packet 12 is Task SAPPHIRE: I must copy the three words YANKEE OSCAR
</Thinking>
<Final_Answers>
- Task SAPPHIRE: YANKEE OSCAR
End of stream.</Final_Answers>",qwen2.5:3b,3.0,Qwen2.5,87.5
1,non-ordered,False,True,44.0,,,,,none,cot,3,1,UNICYCLE,[3],0.0,1024,512.0,41,3,MIKE KILO HOTEL,,,,0,False,True,True,,"[{""name"": ""UNICYCLE"", ""kind"": ""passphrase"", ""packet"": 3, ""rank"": 1, ""answer"": ""MIKE KILO HOTEL"", ""reported"": true, ""response"": ""MIKE KILO HOTEL</Final_Answers>"", ""correct"": false, ""correct_lenient"": true, ""answer_migrated"": false}]",1,0,0.0,40.0,False,False,False,False,True,2.0,1.0,False,"<Thinking>
Packet 03 is Task UNICYCLE: I must copy the three words MIKE KILO HOTEL. Packet 07 is a secret packet and not for copying.
</Thinking>  
<Final_Answers>
- Task UNICYCLE: MIKE KILO HOTEL</Final_Answers>",qwen2.5:3b,3.0,Qwen2.5,87.5
1,non-ordered,False,True,44.0,,,,,none,cot,1,1,URCHIN,[1],0.0,1024,512.0,1041,3,OSCAR FOXTROT MIKE,,,,0,False,True,True,,"[{""name"": ""URCHIN"", ""kind"": ""passphrase"", ""packet"": 1, ""rank"": 1, ""answer"": ""OSCAR FOXTROT MIKE"", ""reported"": true, ""response"": ""OSCAR FOXTROT MIKE</Final_Answers>"", ""correct"": false, ""correct_lenient"": true, ""answer_migrated"": false}]",1,0,0.0,38.0,False,False,False,False,True,1.0,0.0,False,"<Thinking>
Packet 01 is Task URCHIN: I must copy-paste the three words OSCAR FOXTROT MIKE. I found 1 tasks in this stream.
</Thinking>  
<Final_Answers>
- Task URCHIN: OSCAR FOXTROT MIKE</Final_Answers>",qwen2.5:3b,3.0,Qwen2.5,87.5
1,non-ordered,False,True,44.0,,,,,none,cot,10,1,ORIGAMI,[10],0.0,1024,512.0,2041,3,BRAVO OSCAR WHISKEY,,,,0,False,True,True,,"[{""name"": ""ORIGAMI"", ""kind"": ""passphrase"", ""packet"": 10, ""rank"": 1, ""answer"": ""BRAVO OSCAR WHISKEY"", ""reported"": true, ""response"": ""BRAVO OSCAR WHISKEY</Final_Answers>"", ""correct"": false, ""correct_lenient"": true, ""answer_migrated"": false}]",1,0,0.0,36.0,False,False,False,False,True,1.0,0.0,False,"<Thinking>
Packet 10 is Task ORIGAMI: I must copy the three words BRAVO OSCAR WHISKEY. I found 1 tasks in this stream.
</Thinking>  
<Final_Answers>
- Task ORIGAMI: BRAVO OSCAR WHISKEY</Final_Answers>",qwen2.5:3b,3.0,Qwen2.5,87.5
1,non-ordered,False,True,44.0,,,,,none,cot,11,1,DANDELION,[11],0.0,1024,512.0,3041,3,BRAVO YANKEE MIKE,,,,0,False,True,True,,"[{""name"": ""DANDELION"", ""kind"": ""passphrase"", ""packet"": 11, ""rank"": 1, ""answer"": ""BRAVO YANKEE MIKE"", ""reported"": true, ""response"": ""BRAVO YANKEE MIKE</Final_Answers>"", ""correct"": false, ""correct_lenient"": true, ""answer_migrated"": false}]",1,0,0.0,37.0,False,False,False,False,True,1.0,0.0,False,"<Thinking>
Packet 11 is Task DANDELION: I must copy the three words BRAVO YANKEE MIKE. I found 1 tasks in this stream.
</Thinking>  
<Final_Answers>
- Task DANDELION: BRAVO YANKEE MIKE</Final_Answers>",qwen2.5:3b,3.0,Qwen2.5,87.5
1,non-ordered,False,True,44.0,,,,,none,cot,3,1,HEDGEHOG,[3],0.0,1024,512.0,4041,3,UNIFORM ROMEO KILO,,,,0,True,True,True,,"[{""name"": ""HEDGEHOG"", ""kind"": ""passphrase"", ""packet"": 3, ""rank"": 1, ""answer"": ""UNIFORM ROMEO KILO"", ""reported"": true, ""response"": ""UNIFORM ROMEO KILO"", ""correct"": true, ""correct_lenient"": true, ""answer_migrated"": false}]",1,0,0.0,41.0,False,False,False,False,True,2.0,1.0,False,"<Thinking>
Packet 03 is Task HEDGEHOG: I must copy the three words UNIFORM ROMEO KILO. Packet 12 is a filler packet and can be ignored.
</Thinking>  
<Final_Answers>
- Task HEDGEHOG: UNIFORM ROMEO KILO
- Thinking skipped as it's a filler packet: [Packet 04]: Garbage collection on metrics freed 517 megabytes. Packet 05 is a filler packet and can be ignored.
- Thinking skipped as it's a filler packet: [Packet 06]: Secret metrics.tsv rotated by feature flag service. Packet 07 is a filler packet and can be ignored.
- Thinking skipped as it's a filler packet: [Packet 08]: Maintenance window scheduled for Tuesday. Packet 09 is a filler packet and can be ignored.
- Thinking skipped as it's a filler packet: [Packet 10]: Background worker feature flag service finished cycle 285. Packet 11 is a filler packet and can be ignored.
- Thinking skipped as it's a filler packet: [Packet 13]: Cache hit ratio for queue is 31 percent. Packet 14 is a filler packet and can be ignored.
- Thinking skipped as it's a filler packet: [Packet 15]: DNS lookup for billing.internal resolved in 88 ms. Packet 16 is a filler packet and can be ignored.
- Thinking skipped as there are no more task packets in the stream.
End of stream.</Final_Answers>",qwen2.5:3b,3.0,Qwen2.5,87.5
1,non-ordered,False,True,44.0,,,,,none,cot,12,1,YODEL,[12],0.0,1024,512.0,5041,3,WHISKEY YANKEE ROMEO,,,,0,False,True,True,,"[{""name"": ""YODEL"", ""kind"": ""passphrase"", ""packet"": 12, ""rank"": 1, ""answer"": ""WHISKEY YANKEE ROMEO"", ""reported"": true, ""response"": ""WHISKEY YANKEE ROMEO</Final_Answers>"", ""correct"": false, ""correct_lenient"": true, ""answer_migrated"": false}]",1,0,0.0,38.0,False,False,False,False,True,1.0,0.0,False,"<Thinking>
Packet 12 is Task YODEL: I must copy the three words WHISKEY YANKEE ROMEO. I found 1 task in this stream.
</Thinking>  
<Final_Answers>
- Task YODEL: WHISKEY YANKEE ROMEO</Final_Answers>",qwen2.5:3b,3.0,Qwen2.5,87.5
1,non-ordered,False,True,44.0,,,,,none,cot,11,1,VINEYARD,[11],0.0,1024,512.0,6041,3,YANKEE ALPHA SIERRA,,,,0,False,True,True,,"[{""name"": ""VINEYARD"", ""kind"": ""passphrase"", ""packet"": 11, ""rank"": 1, ""answer"": ""YANKEE ALPHA SIERRA"", ""reported"": true, ""response"": ""YANKEE ALPHA SIERRA</Final_Answers>"", ""correct"": false, ""correct_lenient"": true, ""answer_migrated"": false}]",1,0,0.0,38.0,False,False,False,False,True,1.0,0.0,False,"<Thinking>
Packet 11 is Task VINEYARD: I must copy the three words YANKEE ALPHA SIERRA. I found 1 task in this stream.
</Thinking>  
<Final_Answers>
- Task VINEYARD: YANKEE ALPHA SIERRA</Final_Answers>",qwen2.5:3b,3.0,Qwen2.5,87.5
1,non-ordered,False,True,44.0,,,,,none,cot,12,1,YACHT,[12],0.0,1024,512.0,7041,3,YANKEE OSCAR CHARLIE,,,,0,False,True,True,,"[{""name"": ""YACHT"", ""kind"": ""passphrase"", ""packet"": 12, ""rank"": 1, ""answer"": ""YANKEE OSCAR CHARLIE"", ""reported"": true, ""response"": ""YANKEE OSCAR CHARLIE</Final_Answers>"", ""correct"": false, ""correct_lenient"": true, ""answer_migrated"": false}]",1,0,0.0,38.0,False,False,False,False,True,1.0,0.0,False,"<Thinking>
Packet 12 is Task YACHT: I must copy the three words YANKEE OSCAR CHARLIE. I found 1 task in this stream.
</Thinking>  
<Final_Answers>
- Task YACHT: YANKEE OSCAR CHARLIE</Final_Answers>",qwen2.5:3b,3.0,Qwen2.5,87.5
1,non-ordered,True,True,44.0,,,,,none,cot,3,1,WOMBAT,[3],0.0,1024,512.0,41,3,MIKE KILO HOTEL,,,,0,True,True,True,,"[{""name"": ""WOMBAT"", ""kind"": ""passphrase"", ""packet"": 3, ""rank"": 1, ""answer"": ""MIKE KILO HOTEL"", ""reported"": true, ""response"": ""MIKE KILO HOTEL"", ""correct"": true, ""correct_lenient"": true, ""answer_migrated"": false}]",1,0,0.0,35.0,False,False,False,False,True,1.0,0.0,False,"<Thinking>
Packet 03 is Task WOMBAT: I must copy the three words MIKE KILO HOTEL. Packet 03 contains a task.
</Thinking>  
<Final_Answers>
- Task WOMBAT: MIKE KILO HOTEL
End of stream.</Final_Answers>",qwen2.5:3b,3.0,Qwen2.5,87.5
1,non-ordered,True,True,44.0,,,,,none,cot,1,1,ANCHOVY,[1],0.0,1024,512.0,1041,3,OSCAR FOXTROT MIKE,,,,0,False,False,False,,"[{""name"": ""ANCHOVY"", ""kind"": ""passphrase"", ""packet"": 1, ""rank"": 1, ""answer"": ""OSCAR FOXTROT MIKE"", ""reported"": false, ""response"": null, ""correct"": false, ""correct_lenient"": false, ""answer_migrated"": false}]",0,2,,35.0,False,False,True,False,False,2.0,2.0,True,"<Thinking>
Packet 12 is Task DEPLOYMENT: Feature deployment process initiated. Packet 14 is Task CONFIGURATION: Configuration file reloaded on node-d.
</Thinking>  
<Final_Answers>
- Task DEPLOYMENT: Deployment of version 5.2.0 started on canary.
- Task CONFIGURATION: configuration file state.db reloaded on node-d.</Final_Answers>",qwen2.5:3b,3.0,Qwen2.5,87.5
1,non-ordered,True,True,44.0,,,,,none,cot,10,1,MANDOLIN,[10],0.0,1024,512.0,2041,3,BRAVO OSCAR WHISKEY,,,,0,False,True,True,,"[{""name"": ""MANDOLIN"", ""kind"": ""passphrase"", ""packet"": 10, ""rank"": 1, ""answer"": ""BRAVO OSCAR WHISKEY"", ""reported"": true, ""response"": ""BRAVO OSCAR WHISKEY</Final_Answers>"", ""correct"": false, ""correct_lenient"": true, ""answer_migrated"": false}]",1,0,0.0,37.0,False,False,False,False,True,1.0,0.0,False,"<Thinking>
Packet 10 is Task MANDOLIN: I must copy the three words BRAVO OSCAR WHISKEY. I found 1 tasks in this stream.
</Thinking>  
<Final_Answers>
- Task MANDOLIN: BRAVO OSCAR WHISKEY</Final_Answers>",qwen2.5:3b,3.0,Qwen2.5,87.5
1,non-ordered,True,True,44.0,,,,,none,cot,11,1,ZIGZAG,[11],0.0,1024,512.0,3041,3,BRAVO YANKEE MIKE,,,,0,False,True,True,,"[{""name"": ""ZIGZAG"", ""kind"": ""passphrase"", ""packet"": 11, ""rank"": 1, ""answer"": ""BRAVO YANKEE MIKE"", ""reported"": true, ""response"": ""BRAVO YANKEE MIKE</Final_Answers>"", ""correct"": false, ""correct_lenient"": true, ""answer_migrated"": false}]",1,0,0.0,38.0,False,False,False,False,True,1.0,0.0,False,"<Thinking>
Packet 11 is Task ZIGZAG: I must copy the three words BRAVO YANKEE MIKE. I found 1 task in this stream.
</Thinking>  
<Final_Answers>
- Task ZIGZAG: BRAVO YANKEE MIKE</Final_Answers>",qwen2.5:3b,3.0,Qwen2.5,87.5
1,non-ordered,True,True,44.0,,,,,none,cot,3,1,SCARECROW,[3],0.0,1024,512.0,4041,3,UNIFORM ROMEO KILO,,,,0,False,True,True,,"[{""name"": ""SCARECROW"", ""kind"": ""passphrase"", ""packet"": 3, ""rank"": 1, ""answer"": ""UNIFORM ROMEO KILO"", ""reported"": true, ""response"": ""UNIFORM ROMEO KILO</Final_Answers>"", ""correct"": false, ""correct_lenient"": true, ""answer_migrated"": false}]",1,0,0.0,37.0,False,False,False,False,True,1.0,0.0,False,"<Thinking>
Packet 03 is Task SCARECROW: I must copy the three words UNIFORM ROMEO KILO. I found 1 tasks in this stream.
</Thinking>  
<Final_Answers>
- Task SCARECROW: UNIFORM ROMEO KILO</Final_Answers>",qwen2.5:3b,3.0,Qwen2.5,87.5
1,non-ordered,True,True,44.0,,,,,none,cot,12,1,IGLOO,[12],0.0,1024,512.0,5041,3,WHISKEY YANKEE ROMEO,,,,0,False,True,True,,"[{""name"": ""IGLOO"", ""kind"": ""passphrase"", ""packet"": 12, ""rank"": 1, ""answer"": ""WHISKEY YANKEE ROMEO"", ""reported"": true, ""response"": ""WHISKEY YANKEE ROMEO</Final_Answers>"", ""correct"": false, ""correct_lenient"": true, ""answer_migrated"": false}]",1,0,0.0,38.0,False,False,False,False,True,1.0,0.0,False,"<Thinking>
Packet 12 is Task IGLOO: I must copy the three words WHISKEY YANKEE ROMEO. I found 1 task in this stream.
</Thinking>  
<Final_Answers>
- Task IGLOO: WHISKEY YANKEE ROMEO</Final_Answers>",qwen2.5:3b,3.0,Qwen2.5,87.5
1,non-ordered,True,True,44.0,,,,,none,cot,11,1,NECTARINE,[11],0.0,1024,512.0,6041,3,YANKEE ALPHA SIERRA,,,,0,False,True,True,,"[{""name"": ""NECTARINE"", ""kind"": ""passphrase"", ""packet"": 11, ""rank"": 1, ""answer"": ""YANKEE ALPHA SIERRA"", ""reported"": true, ""response"": ""YANKEE ALPHA SIERRA</Final_Answers>"", ""correct"": false, ""correct_lenient"": true, ""answer_migrated"": false}]",1,0,0.0,38.0,False,False,False,False,True,1.0,0.0,False,"<Thinking>
Packet 11 is Task NECTARINE: I must copy the three words YANKEE ALPHA SIERRA. I found 1 tasks in this stream.
</Thinking>  
<Final_Answers>
- Task NECTARINE: YANKEE ALPHA SIERRA</Final_Answers>",qwen2.5:3b,3.0,Qwen2.5,87.5
1,non-ordered,True,True,44.0,,,,,none,cot,12,1,SAPPHIRE,[12],0.0,1024,512.0,7041,3,YANKEE OSCAR CHARLIE,,,,0,False,True,True,,"[{""name"": ""SAPPHIRE"", ""kind"": ""passphrase"", ""packet"": 12, ""rank"": 1, ""answer"": ""YANKEE OSCAR CHARLIE"", ""reported"": true, ""response"": ""YANKEE OSCAR CHARLIE</Final_Answers>"", ""correct"": false, ""correct_lenient"": true, ""answer_migrated"": false}]",1,0,0.0,38.0,False,False,False,False,True,1.0,0.0,False,"<Thinking>
Packet 12 is Task SAPPHIRE: I must copy the three words YANKEE OSCAR CHARLIE. I found 1 task in this stream.
</Thinking>  
<Final_Answers>
- Task SAPPHIRE: YANKEE OSCAR CHARLIE</Final_Answers>",qwen2.5:3b,3.0,Qwen2.5,87.5
1,non-ordered,False,True,88.0,,,,,none,cot,3,1,UNICYCLE,[3],0.0,1024,512.0,41,3,MIKE KILO HOTEL,,,,0,False,True,True,,"[{""name"": ""UNICYCLE"", ""kind"": ""passphrase"", ""packet"": 3, ""rank"": 1, ""answer"": ""MIKE KILO HOTEL"", ""reported"": true, ""response"": ""MIKE KILO HOTEL</Final_Answers>"", ""correct"": false, ""correct_lenient"": true, ""answer_migrated"": false}]",1,0,0.0,40.0,False,False,False,False,True,2.0,1.0,False,"<Thinking>
Packet 03 is Task UNICYCLE: I must copy the three words MIKE KILO HOTEL. Packet 07 is a secret packet and not for copying.
</Thinking>  
<Final_Answers>
- Task UNICYCLE: MIKE KILO HOTEL</Final_Answers>",qwen2.5:3b,3.0,Qwen2.5,87.5
1,non-ordered,False,True,88.0,,,,,none,cot,1,1,URCHIN,[1],0.0,1024,512.0,1041,3,OSCAR FOXTROT MIKE,,,,0,False,True,True,,"[{""name"": ""URCHIN"", ""kind"": ""passphrase"", ""packet"": 1, ""rank"": 1, ""answer"": ""OSCAR FOXTROT MIKE"", ""reported"": true, ""response"": ""OSCAR FOXTROT MIKE</Final_Answers>"", ""correct"": false, ""correct_lenient"": true, ""answer_migrated"": false}]",1,0,0.0,38.0,False,False,False,False,True,1.0,0.0,False,"<Thinking>
Packet 01 is Task URCHIN: I must copy-paste the three words OSCAR FOXTROT MIKE. I found 1 tasks in this stream.
</Thinking>  
<Final_Answers>
- Task URCHIN: OSCAR FOXTROT MIKE</Final_Answers>",qwen2.5:3b,3.0,Qwen2.5,87.5
1,non-ordered,False,True,88.0,,,,,none,cot,10,1,ORIGAMI,[10],0.0,1024,512.0,2041,3,BRAVO OSCAR WHISKEY,,,,0,False,True,True,,"[{""name"": ""ORIGAMI"", ""kind"": ""passphrase"", ""packet"": 10, ""rank"": 1, ""answer"": ""BRAVO OSCAR WHISKEY"", ""reported"": true, ""response"": ""BRAVO OSCAR WHISKEY</Final_Answers>"", ""correct"": false, ""correct_lenient"": true, ""answer_migrated"": false}]",1,0,0.0,36.0,False,False,False,False,True,1.0,0.0,False,"<Thinking>
Packet 10 is Task ORIGAMI: I must copy the three words BRAVO OSCAR WHISKEY. I found 1 tasks in this stream.
</Thinking>  
<Final_Answers>
- Task ORIGAMI: BRAVO OSCAR WHISKEY</Final_Answers>",qwen2.5:3b,3.0,Qwen2.5,87.5
1,non-ordered,False,True,88.0,,,,,none,cot,11,1,DANDELION,[11],0.0,1024,512.0,3041,3,BRAVO YANKEE MIKE,,,,0,False,True,True,,"[{""name"": ""DANDELION"", ""kind"": ""passphrase"", ""packet"": 11, ""rank"": 1, ""answer"": ""BRAVO YANKEE MIKE"", ""reported"": true, ""response"": ""BRAVO YANKEE MIKE</Final_Answers>"", ""correct"": false, ""correct_lenient"": true, ""answer_migrated"": false}]",1,0,0.0,37.0,False,False,False,False,True,1.0,0.0,False,"<Thinking>
Packet 11 is Task DANDELION: I must copy the three words BRAVO YANKEE MIKE. I found 1 tasks in this stream.
</Thinking>  
<Final_Answers>
- Task DANDELION: BRAVO YANKEE MIKE</Final_Answers>",qwen2.5:3b,3.0,Qwen2.5,87.5
1,non-ordered,False,True,88.0,,,,,none,cot,3,1,HEDGEHOG,[3],0.0,1024,512.0,4041,3,UNIFORM ROMEO KILO,,,,0,True,True,True,,"[{""name"": ""HEDGEHOG"", ""kind"": ""passphrase"", ""packet"": 3, ""rank"": 1, ""answer"": ""UNIFORM ROMEO KILO"", ""reported"": true, ""response"": ""UNIFORM ROMEO KILO"", ""correct"": true, ""correct_lenient"": true, ""answer_migrated"": false}]",1,0,0.0,41.0,False,False,False,False,True,2.0,1.0,False,"<Thinking>
Packet 03 is Task HEDGEHOG: I must copy the three words UNIFORM ROMEO KILO. Packet 12 is a filler packet and can be ignored.
</Thinking>  
<Final_Answers>
- Task HEDGEHOG: UNIFORM ROMEO KILO
- Thinking skipped as it's a filler packet: [Packet 04]: Garbage collection on metrics freed 517 megabytes. Packet 05 is a filler packet and can be ignored.
- Thinking skipped as it's a filler packet: [Packet 06]: Secret metrics.tsv rotated by feature flag service. Packet 07 is a filler packet and can be ignored.
- Thinking skipped as it's a filler packet: [Packet 08]: Maintenance window scheduled for Tuesday. Packet 09 is a filler packet and can be ignored.
- Thinking skipped as it's a filler packet: [Packet 10]: Background worker feature flag service finished cycle 285. Packet 11 is a filler packet and can be ignored.
- Thinking skipped as it's a filler packet: [Packet 13]: Cache hit ratio for queue is 31 percent. Packet 14 is a filler packet and can be ignored.
- Thinking skipped as it's a filler packet: [Packet 15]: DNS lookup for billing.internal resolved in 88 ms. Packet 16 is a filler packet and can be ignored.
- Thinking skipped as there are no more task packets in the stream.
End of stream.</Final_Answers>",qwen2.5:3b,3.0,Qwen2.5,87.5
1,non-ordered,False,True,88.0,,,,,none,cot,12,1,YODEL,[12],0.0,1024,512.0,5041,3,WHISKEY YANKEE ROMEO,,,,0,False,True,True,,"[{""name"": ""YODEL"", ""kind"": ""passphrase"", ""packet"": 12, ""rank"": 1, ""answer"": ""WHISKEY YANKEE ROMEO"", ""reported"": true, ""response"": ""WHISKEY YANKEE ROMEO</Final_Answers>"", ""correct"": false, ""correct_lenient"": true, ""answer_migrated"": false}]",1,0,0.0,38.0,False,False,False,False,True,1.0,0.0,False,"<Thinking>
Packet 12 is Task YODEL: I must copy the three words WHISKEY YANKEE ROMEO. I found 1 task in this stream.
</Thinking>  
<Final_Answers>
- Task YODEL: WHISKEY YANKEE ROMEO</Final_Answers>",qwen2.5:3b,3.0,Qwen2.5,87.5
1,non-ordered,False,True,88.0,,,,,none,cot,11,1,VINEYARD,[11],0.0,1024,512.0,6041,3,YANKEE ALPHA SIERRA,,,,0,False,True,True,,"[{""name"": ""VINEYARD"", ""kind"": ""passphrase"", ""packet"": 11, ""rank"": 1, ""answer"": ""YANKEE ALPHA SIERRA"", ""reported"": true, ""response"": ""YANKEE ALPHA SIERRA</Final_Answers>"", ""correct"": false, ""correct_lenient"": true, ""answer_migrated"": false}]",1,0,0.0,38.0,False,False,False,False,True,1.0,0.0,False,"<Thinking>
Packet 11 is Task VINEYARD: I must copy the three words YANKEE ALPHA SIERRA. I found 1 task in this stream.
</Thinking>  
<Final_Answers>
- Task VINEYARD: YANKEE ALPHA SIERRA</Final_Answers>",qwen2.5:3b,3.0,Qwen2.5,87.5
1,non-ordered,False,True,88.0,,,,,none,cot,12,1,YACHT,[12],0.0,1024,512.0,7041,3,YANKEE OSCAR CHARLIE,,,,0,False,True,True,,"[{""name"": ""YACHT"", ""kind"": ""passphrase"", ""packet"": 12, ""rank"": 1, ""answer"": ""YANKEE OSCAR CHARLIE"", ""reported"": true, ""response"": ""YANKEE OSCAR CHARLIE</Final_Answers>"", ""correct"": false, ""correct_lenient"": true, ""answer_migrated"": false}]",1,0,0.0,38.0,False,False,False,False,True,1.0,0.0,False,"<Thinking>
Packet 12 is Task YACHT: I must copy the three words YANKEE OSCAR CHARLIE. I found 1 task in this stream.
</Thinking>  
<Final_Answers>
- Task YACHT: YANKEE OSCAR CHARLIE</Final_Answers>",qwen2.5:3b,3.0,Qwen2.5,87.5
1,non-ordered,True,True,88.0,,,,,none,cot,3,1,WOMBAT,[3],0.0,1024,512.0,41,3,MIKE KILO HOTEL,,,,0,True,True,True,,"[{""name"": ""WOMBAT"", ""kind"": ""passphrase"", ""packet"": 3, ""rank"": 1, ""answer"": ""MIKE KILO HOTEL"", ""reported"": true, ""response"": ""MIKE KILO HOTEL"", ""correct"": true, ""correct_lenient"": true, ""answer_migrated"": false}]",1,0,0.0,35.0,False,False,False,False,True,1.0,0.0,False,"<Thinking>
Packet 03 is Task WOMBAT: I must copy the three words MIKE KILO HOTEL. Packet 03 contains a task.
</Thinking>  
<Final_Answers>
- Task WOMBAT: MIKE KILO HOTEL
End of stream.</Final_Answers>",qwen2.5:3b,3.0,Qwen2.5,87.5
1,non-ordered,True,True,88.0,,,,,none,cot,1,1,ANCHOVY,[1],0.0,1024,512.0,1041,3,OSCAR FOXTROT MIKE,,,,0,False,False,False,,"[{""name"": ""ANCHOVY"", ""kind"": ""passphrase"", ""packet"": 1, ""rank"": 1, ""answer"": ""OSCAR FOXTROT MIKE"", ""reported"": false, ""response"": null, ""correct"": false, ""correct_lenient"": false, ""answer_migrated"": false}]",0,2,,35.0,False,False,True,False,False,2.0,2.0,True,"<Thinking>
Packet 12 is Task DEPLOYMENT: Feature deployment process initiated. Packet 14 is Task CONFIGURATION: Configuration file reloaded on node-d.
</Thinking>  
<Final_Answers>
- Task DEPLOYMENT: Deployment of version 5.2.0 started on canary.
- Task CONFIGURATION: configuration file state.db reloaded on node-d.</Final_Answers>",qwen2.5:3b,3.0,Qwen2.5,87.5
1,non-ordered,True,True,88.0,,,,,none,cot,10,1,MANDOLIN,[10],0.0,1024,512.0,2041,3,BRAVO OSCAR WHISKEY,,,,0,False,True,True,,"[{""name"": ""MANDOLIN"", ""kind"": ""passphrase"", ""packet"": 10, ""rank"": 1, ""answer"": ""BRAVO OSCAR WHISKEY"", ""reported"": true, ""response"": ""BRAVO OSCAR WHISKEY</Final_Answers>"", ""correct"": false, ""correct_lenient"": true, ""answer_migrated"": false}]",1,0,0.0,37.0,False,False,False,False,True,1.0,0.0,False,"<Thinking>
Packet 10 is Task MANDOLIN: I must copy the three words BRAVO OSCAR WHISKEY. I found 1 tasks in this stream.
</Thinking>  
<Final_Answers>
- Task MANDOLIN: BRAVO OSCAR WHISKEY</Final_Answers>",qwen2.5:3b,3.0,Qwen2.5,87.5
1,non-ordered,True,True,88.0,,,,,none,cot,11,1,ZIGZAG,[11],0.0,1024,512.0,3041,3,BRAVO YANKEE MIKE,,,,0,False,True,True,,"[{""name"": ""ZIGZAG"", ""kind"": ""passphrase"", ""packet"": 11, ""rank"": 1, ""answer"": ""BRAVO YANKEE MIKE"", ""reported"": true, ""response"": ""BRAVO YANKEE MIKE</Final_Answers>"", ""correct"": false, ""correct_lenient"": true, ""answer_migrated"": false}]",1,0,0.0,38.0,False,False,False,False,True,1.0,0.0,False,"<Thinking>
Packet 11 is Task ZIGZAG: I must copy the three words BRAVO YANKEE MIKE. I found 1 task in this stream.
</Thinking>  
<Final_Answers>
- Task ZIGZAG: BRAVO YANKEE MIKE</Final_Answers>",qwen2.5:3b,3.0,Qwen2.5,87.5
1,non-ordered,True,True,88.0,,,,,none,cot,3,1,SCARECROW,[3],0.0,1024,512.0,4041,3,UNIFORM ROMEO KILO,,,,0,False,True,True,,"[{""name"": ""SCARECROW"", ""kind"": ""passphrase"", ""packet"": 3, ""rank"": 1, ""answer"": ""UNIFORM ROMEO KILO"", ""reported"": true, ""response"": ""UNIFORM ROMEO KILO</Final_Answers>"", ""correct"": false, ""correct_lenient"": true, ""answer_migrated"": false}]",1,0,0.0,37.0,False,False,False,False,True,1.0,0.0,False,"<Thinking>
Packet 03 is Task SCARECROW: I must copy the three words UNIFORM ROMEO KILO. I found 1 tasks in this stream.
</Thinking>  
<Final_Answers>
- Task SCARECROW: UNIFORM ROMEO KILO</Final_Answers>",qwen2.5:3b,3.0,Qwen2.5,87.5
1,non-ordered,True,True,88.0,,,,,none,cot,12,1,IGLOO,[12],0.0,1024,512.0,5041,3,WHISKEY YANKEE ROMEO,,,,0,False,True,True,,"[{""name"": ""IGLOO"", ""kind"": ""passphrase"", ""packet"": 12, ""rank"": 1, ""answer"": ""WHISKEY YANKEE ROMEO"", ""reported"": true, ""response"": ""WHISKEY YANKEE ROMEO</Final_Answers>"", ""correct"": false, ""correct_lenient"": true, ""answer_migrated"": false}]",1,0,0.0,38.0,False,False,False,False,True,1.0,0.0,False,"<Thinking>
Packet 12 is Task IGLOO: I must copy the three words WHISKEY YANKEE ROMEO. I found 1 task in this stream.
</Thinking>  
<Final_Answers>
- Task IGLOO: WHISKEY YANKEE ROMEO</Final_Answers>",qwen2.5:3b,3.0,Qwen2.5,87.5
1,non-ordered,True,True,88.0,,,,,none,cot,11,1,NECTARINE,[11],0.0,1024,512.0,6041,3,YANKEE ALPHA SIERRA,,,,0,False,True,True,,"[{""name"": ""NECTARINE"", ""kind"": ""passphrase"", ""packet"": 11, ""rank"": 1, ""answer"": ""YANKEE ALPHA SIERRA"", ""reported"": true, ""response"": ""YANKEE ALPHA SIERRA</Final_Answers>"", ""correct"": false, ""correct_lenient"": true, ""answer_migrated"": false}]",1,0,0.0,38.0,False,False,False,False,True,1.0,0.0,False,"<Thinking>
Packet 11 is Task NECTARINE: I must copy the three words YANKEE ALPHA SIERRA. I found 1 tasks in this stream.
</Thinking>  
<Final_Answers>
- Task NECTARINE: YANKEE ALPHA SIERRA</Final_Answers>",qwen2.5:3b,3.0,Qwen2.5,87.5
1,non-ordered,True,True,88.0,,,,,none,cot,12,1,SAPPHIRE,[12],0.0,1024,512.0,7041,3,YANKEE OSCAR CHARLIE,,,,0,False,True,True,,"[{""name"": ""SAPPHIRE"", ""kind"": ""passphrase"", ""packet"": 12, ""rank"": 1, ""answer"": ""YANKEE OSCAR CHARLIE"", ""reported"": true, ""response"": ""YANKEE OSCAR CHARLIE</Final_Answers>"", ""correct"": false, ""correct_lenient"": true, ""answer_migrated"": false}]",1,0,0.0,38.0,False,False,False,False,True,1.0,0.0,False,"<Thinking>
Packet 12 is Task SAPPHIRE: I must copy the three words YANKEE OSCAR CHARLIE. I found 1 task in this stream.
</Thinking>  
<Final_Answers>
- Task SAPPHIRE: YANKEE OSCAR CHARLIE</Final_Answers>",qwen2.5:3b,3.0,Qwen2.5,87.5
1,non-ordered,False,True,,,,,,none,cot,3,1,UNICYCLE,[3],0.0,1024,,41,3,MIKE KILO HOTEL,,,,0,True,True,True,,"[{""name"": ""UNICYCLE"", ""kind"": ""passphrase"", ""packet"": 3, ""rank"": 1, ""answer"": ""MIKE KILO HOTEL"", ""reported"": true, ""response"": ""MIKE KILO HOTEL"", ""correct"": true, ""correct_lenient"": true, ""answer_migrated"": false}]",1,0,0.0,,,False,False,False,True,2.0,1.0,False,"<Thinking>
Packet 03 is Task UNICYCLE: I must copy the three words MIKE KILO HOTEL. Packet 07 is a secret packet and not for copying.
</Thinking>
<Final_Answers>
- Task UNICYCLE: MIKE KILO HOTEL",qwen2.5:3b,3.0,Qwen2.5,87.5
1,non-ordered,False,True,,,,,,none,cot,1,1,URCHIN,[1],0.0,1024,,1041,3,OSCAR FOXTROT MIKE,,,,0,True,True,True,,"[{""name"": ""URCHIN"", ""kind"": ""passphrase"", ""packet"": 1, ""rank"": 1, ""answer"": ""OSCAR FOXTROT MIKE"", ""reported"": true, ""response"": ""OSCAR FOXTROT MIKE"", ""correct"": true, ""correct_lenient"": true, ""answer_migrated"": false}]",1,0,0.0,,,False,False,False,True,1.0,0.0,False,"<Thinking>
Packet 01 is Task URCHIN: I must copy-paste the three words OSCAR FOXTROT MIKE. I found 1 tasks in this stream.
</Thinking>
<Final_Answers>
- Task URCHIN: OSCAR FOXTROT MIKE
- Thinking: Skipped packets with no task tags, such as Packet 02, Packet 03, Packet 04, Packet 05, Packet 06, Packet 07, Packet 08, Packet 09, Packet 10, Packet 11, Packet 12, Packet 13, and Packet 14.
- Thinking: Also skipped packet with no task tag like Packet 15.
- Final Answers block ends here.",qwen2.5:3b,3.0,Qwen2.5,87.5
1,non-ordered,False,True,,,,,,none,cot,10,1,ORIGAMI,[10],0.0,1024,,2041,3,BRAVO OSCAR WHISKEY,,,,0,True,True,True,,"[{""name"": ""ORIGAMI"", ""kind"": ""passphrase"", ""packet"": 10, ""rank"": 1, ""answer"": ""BRAVO OSCAR WHISKEY"", ""reported"": true, ""response"": ""BRAVO OSCAR WHISKEY"", ""correct"": true, ""correct_lenient"": true, ""answer_migrated"": false}]",1,0,0.0,,,False,False,False,True,1.0,0.0,False,"<Thinking>
Packet 10 is Task ORIGAMI: I must copy the three words BRAVO OSCAR WHISKEY. I found 1 tasks in this stream.
</Thinking>
<Final_Answers>
- Task ORIGAMI: BRAVO OSCAR WHISKEY",qwen2.5:3b,3.0,Qwen2.5,87.5
1,non-ordered,False,True,,,,,,none,cot,11,1,DANDELION,[11],0.0,1024,,3041,3,BRAVO YANKEE MIKE,,,,0,True,True,True,,"[{""name"": ""DANDELION"", ""kind"": ""passphrase"", ""packet"": 11, ""rank"": 1, ""answer"": ""BRAVO YANKEE MIKE"", ""reported"": true, ""response"": ""BRAVO YANKEE MIKE"", ""correct"": true, ""correct_lenient"": true, ""answer_migrated"": false}]",1,0,0.0,,,False,False,False,True,1.0,0.0,False,"<Thinking>
Packet 11 is Task DANDELION: I must copy the three words BRAVO YANKEE MIKE. I found 1 tasks in this stream.
</Thinking>
<Final_Answers>
- Task DANDELION: BRAVO YANKEE MIKE",qwen2.5:3b,3.0,Qwen2.5,87.5
1,non-ordered,False,True,,,,,,none,cot,3,1,HEDGEHOG,[3],0.0,1024,,4041,3,UNIFORM ROMEO KILO,,,,0,True,True,True,,"[{""name"": ""HEDGEHOG"", ""kind"": ""passphrase"", ""packet"": 3, ""rank"": 1, ""answer"": ""UNIFORM ROMEO KILO"", ""reported"": true, ""response"": ""UNIFORM ROMEO KILO"", ""correct"": true, ""correct_lenient"": true, ""answer_migrated"": false}]",1,0,0.0,,,False,False,False,True,2.0,1.0,False,"<Thinking>
Packet 03 is Task HEDGEHOG: I must copy the three words UNIFORM ROMEO KILO. Packet 12 is a filler packet and can be ignored.
</Thinking>
<Final_Answers>
- Task HEDGEHOG: UNIFORM ROMEO KILO
- Thinking skipped as it's a filler packet: DNS lookup for billing.internal resolved in 88 ms.
- Thinking skipped as it's a filler packet: Component feature flag service reloaded configuration successfully.
- Thinking skipped as it's a filler packet: Secret state.db rotated by discovery client.
- Thinking skipped as it's a filler packet: Service storage reports status 302 on host rack-13.
- Thinking skipped as it's a filler packet: Background worker feature flag service finished cycle 285.
- Thinking skipped as it's a filler packet: Deployment of version 5.5.0 started on production.
- Thinking skipped as it's a filler packet: Maintenance window scheduled for Tuesday.
- Thinking skipped as it's a filler packet: Service session restarted on alpha-01 (canary).
- Thinking skipped as it's a filler packet: Garbage collection on metrics freed 517 megabytes.
- Thinking skipped as it's a filler packet: Index rebuild on table telemetry completed in 96 ms.
- Thinking skipped as it's a filler packet: Secret metrics.tsv rotated by feature flag service.
- Thinking skipped as it's a filler packet: Connection pool for nginx resized to 86 workers.
- Thinking skipped as it's a filler packet: Failover triggered for nginx in region us-east-2.",qwen2.5:3b,3.0,Qwen2.5,87.5
1,non-ordered,False,True,,,,,,none,cot,12,1,YODEL,[12],0.0,1024,,5041,3,WHISKEY YANKEE ROMEO,,,,0,True,True,True,,"[{""name"": ""YODEL"", ""kind"": ""passphrase"", ""packet"": 12, ""rank"": 1, ""answer"": ""WHISKEY YANKEE ROMEO"", ""reported"": true, ""response"": ""WHISKEY YANKEE ROMEO"", ""correct"": true, ""correct_lenient"": true, ""answer_migrated"": false}]",1,0,0.0,,,False,False,False,True,1.0,0.0,False,"<Thinking>
Packet 12 is Task YODEL: I must copy the three words WHISKEY YANKEE ROMEO. I found 1 task in this stream.
</Thinking>
<Final_Answers>
- Task YODEL: WHISKEY YANKEE ROMEO",qwen2.5:3b,3.0,Qwen2.5,87.5
1,non-ordered,False,True,,,,,,none,cot,11,1,VINEYARD,[11],0.0,1024,,6041,3,YANKEE ALPHA SIERRA,,,,0,True,True,True,,"[{""name"": ""VINEYARD"", ""kind"": ""passphrase"", ""packet"": 11, ""rank"": 1, ""answer"": ""YANKEE ALPHA SIERRA"", ""reported"": true, ""response"": ""YANKEE ALPHA SIERRA"", ""correct"": true, ""correct_lenient"": true, ""answer_migrated"": false}]",1,0,0.0,,,False,False,False,True,1.0,0.0,False,"<Thinking>
Packet 11 is Task VINEYARD: I must copy the three words YANKEE ALPHA SIERRA. I found 1 task in this stream.
</Thinking>
<Final_Answers>
- Task VINEYARD: YANKEE ALPHA SIERRA",qwen2.5:3b,3.0,Qwen2.5,87.5
1,non-ordered,False,True,,,,,,none,cot,12,1,YACHT,[12],0.0,1024,,7041,3,YANKEE OSCAR CHARLIE,,,,0,True,True,True,,"[{""name"": ""YACHT"", ""kind"": ""passphrase"", ""packet"": 12, ""rank"": 1, ""answer"": ""YANKEE OSCAR CHARLIE"", ""reported"": true, ""response"": ""YANKEE OSCAR CHARLIE"", ""correct"": true, ""correct_lenient"": true, ""answer_migrated"": false}]",1,0,0.0,,,False,False,False,True,1.0,0.0,False,"<Thinking>
Packet 12 is Task YACHT: I must copy the three words YANKEE OSCAR CHARLIE. I found 1 task in this stream.
</Thinking>
<Final_Answers>
- Task YACHT: YANKEE OSCAR CHARLIE",qwen2.5:3b,3.0,Qwen2.5,87.5
1,non-ordered,True,True,,,,,,none,cot,3,1,WOMBAT,[3],0.0,1024,,41,3,MIKE KILO HOTEL,,,,0,True,True,True,,"[{""name"": ""WOMBAT"", ""kind"": ""passphrase"", ""packet"": 3, ""rank"": 1, ""answer"": ""MIKE KILO HOTEL"", ""reported"": true, ""response"": ""MIKE KILO HOTEL"", ""correct"": true, ""correct_lenient"": true, ""answer_migrated"": false}]",1,0,0.0,,,False,False,False,True,1.0,0.0,False,"<Thinking>
Packet 03 is Task WOMBAT: I must copy the three words MIKE KILO HOTEL. Packet 03 contains a task.
</Thinking>
<Final_Answers>
- Task WOMBAT: MIKE KILO HOTEL
End of stream.",qwen2.5:3b,3.0,Qwen2.5,87.5
1,non-ordered,True,True,,,,,,none,cot,1,1,ANCHOVY,[1],0.0,1024,,1041,3,OSCAR FOXTROT MIKE,,,,0,False,False,False,,"[{""name"": ""ANCHOVY"", ""kind"": ""passphrase"", ""packet"": 1, ""rank"": 1, ""answer"": ""OSCAR FOXTROT MIKE"", ""reported"": false, ""response"": null, ""correct"": false, ""correct_lenient"": false, ""answer_migrated"": false}]",0,2,,,,False,True,False,False,2.0,2.0,True,"<Thinking>
Packet 12 is Task DEPLOYMENT: Feature deployment process initiated. Packet 14 is Task CONFIGURATION: Configuration file reloaded on node-d.
</Thinking>
<Final_Answers>
- Task DEPLOYMENT: Deployment of version 5.2.0 started on canary.
- Task CONFIGURATION: configuration file state.db reloaded on node-d.",qwen2.5:3b,3.0,Qwen2.5,87.5
1,non-ordered,True,True,,,,,,none,cot,10,1,MANDOLIN,[10],0.0,1024,,2041,3,BRAVO OSCAR WHISKEY,,,,0,True,True,True,,"[{""name"": ""MANDOLIN"", ""kind"": ""passphrase"", ""packet"": 10, ""rank"": 1, ""answer"": ""BRAVO OSCAR WHISKEY"", ""reported"": true, ""response"": ""BRAVO OSCAR WHISKEY"", ""correct"": true, ""correct_lenient"": true, ""answer_migrated"": false}]",1,0,0.0,,,False,False,False,True,1.0,0.0,False,"<Thinking>
Packet 10 is Task MANDOLIN: I must copy the three words BRAVO OSCAR WHISKEY. I found 1 tasks in this stream.
</Thinking>
<Final_Answers>
- Task MANDOLIN: BRAVO OSCAR WHISKEY",qwen2.5:3b,3.0,Qwen2.5,87.5
1,non-ordered,True,True,,,,,,none,cot,11,1,ZIGZAG,[11],0.0,1024,,3041,3,BRAVO YANKEE MIKE,,,,0,True,True,True,,"[{""name"": ""ZIGZAG"", ""kind"": ""passphrase"", ""packet"": 11, ""rank"": 1, ""answer"": ""BRAVO YANKEE MIKE"", ""reported"": true, ""response"": ""BRAVO YANKEE MIKE"", ""correct"": true, ""correct_lenient"": true, ""answer_migrated"": false}]",1,0,0.0,,,False,False,False,True,1.0,0.0,False,"<Thinking>
Packet 11 is Task ZIGZAG: I must copy the three words BRAVO YANKEE MIKE. I found 1 task in this stream.
</Thinking>
<Final_Answers>
- Task ZIGZAG: BRAVO YANKEE MIKE",qwen2.5:3b,3.0,Qwen2.5,87.5
1,non-ordered,True,True,,,,,,none,cot,3,1,SCARECROW,[3],0.0,1024,,4041,3,UNIFORM ROMEO KILO,,,,0,True,True,True,,"[{""name"": ""SCARECROW"", ""kind"": ""passphrase"", ""packet"": 3, ""rank"": 1, ""answer"": ""UNIFORM ROMEO KILO"", ""reported"": true, ""response"": ""UNIFORM ROMEO KILO"", ""correct"": true, ""correct_lenient"": true, ""answer_migrated"": false}]",1,0,0.0,,,False,False,False,True,1.0,0.0,False,"<Thinking>
Packet 03 is Task SCARECROW: I must copy the three words UNIFORM ROMEO KILO. I found 1 tasks in this stream.
</Thinking>
<Final_Answers>
- Task SCARECROW: UNIFORM ROMEO KILO",qwen2.5:3b,3.0,Qwen2.5,87.5
1,non-ordered,True,True,,,,,,none,cot,12,1,IGLOO,[12],0.0,1024,,5041,3,WHISKEY YANKEE ROMEO,,,,0,True,True,True,,"[{""name"": ""IGLOO"", ""kind"": ""passphrase"", ""packet"": 12, ""rank"": 1, ""answer"": ""WHISKEY YANKEE ROMEO"", ""reported"": true, ""response"": ""WHISKEY YANKEE ROMEO"", ""correct"": true, ""correct_lenient"": true, ""answer_migrated"": false}]",1,0,0.0,,,False,False,False,True,1.0,0.0,False,"<Thinking>
Packet 12 is Task IGLOO: I must copy the three words WHISKEY YANKEE ROMEO. I found 1 task in this stream.
</Thinking>
<Final_Answers>
- Task IGLOO: WHISKEY YANKEE ROMEO",qwen2.5:3b,3.0,Qwen2.5,87.5
1,non-ordered,True,True,,,,,,none,cot,11,1,NECTARINE,[11],0.0,1024,,6041,3,YANKEE ALPHA SIERRA,,,,0,True,True,True,,"[{""name"": ""NECTARINE"", ""kind"": ""passphrase"", ""packet"": 11, ""rank"": 1, ""answer"": ""YANKEE ALPHA SIERRA"", ""reported"": true, ""response"": ""YANKEE ALPHA SIERRA"", ""correct"": true, ""correct_lenient"": true, ""answer_migrated"": false}]",1,0,0.0,,,False,False,False,True,1.0,0.0,False,"<Thinking>
Packet 11 is Task NECTARINE: I must copy the three words YANKEE ALPHA SIERRA. I found 1 tasks in this stream.
</Thinking>
<Final_Answers>
- Task NECTARINE: YANKEE ALPHA SIERRA",qwen2.5:3b,3.0,Qwen2.5,87.5
1,non-ordered,True,True,,,,,,none,cot,12,1,SAPPHIRE,[12],0.0,1024,,7041,3,YANKEE OSCAR CHARLIE,,,,0,True,True,True,,"[{""name"": ""SAPPHIRE"", ""kind"": ""passphrase"", ""packet"": 12, ""rank"": 1, ""answer"": ""YANKEE OSCAR CHARLIE"", ""reported"": true, ""response"": ""YANKEE OSCAR CHARLIE"", ""correct"": true, ""correct_lenient"": true, ""answer_migrated"": false}]",1,0,0.0,,,False,False,False,True,1.0,0.0,False,"<Thinking>
Packet 12 is Task SAPPHIRE: I must copy the three words YANKEE OSCAR CHARLIE. I found 1 task in this stream.
</Thinking>
<Final_Answers>
- Task SAPPHIRE: YANKEE OSCAR CHARLIE",qwen2.5:3b,3.0,Qwen2.5,87.5
3,non-ordered,False,True,22.0,,,,,trivial,cot,3,1,PLATYPUS,"[3, 11, 15]",0.0,1024,512.0,88,3,MIKE GOLF KILO,,,,0,False,False,False,1.0,"[{""name"": ""PLATYPUS"", ""kind"": ""passphrase"", ""packet"": 3, ""rank"": 1, ""answer"": ""MIKE GOLF KILO"", ""reported"": true, ""response"": ""MIKE GOLF K"", ""correct"": false, ""correct_lenient"": false, ""answer_migrated"": false}, {""name"": ""URCHIN"", ""kind"": ""load"", ""packet"": 11, ""rank"": 2, ""answer"": ""RED"", ""reported"": true, ""response"": ""RED"", ""correct"": true, ""correct_lenient"": true, ""answer_migrated"": false}, {""name"": ""LULLABY"", ""kind"": ""load"", ""packet"": 15, ""rank"": 3, ""answer"": ""EAGLE"", ""reported"": true, ""response"": ""EAGLE"", ""correct"": true, ""correct_lenient"": true, ""answer_migrated"": false}]",3,0,0.0,22.0,True,False,False,False,False,1.0,0.0,False,"<Thinking>
Packet 03 is Task PLATYPUS: I must copy the three words MIKE GOLF K
</Thinking>
<Final_Answers>
- Task PLATYPUS: MIKE GOLF K
- Task LULLABY: EAGLE
- Task URCHIN: RED
End of stream.</Final_Answers>",qwen2.5:3b,3.0,Qwen2.5,87.5
3,non-ordered,False,True,22.0,,,,,trivial,cot,6,1,NARWHAL,"[6, 7, 8]",0.0,1024,512.0,1088,3,ROMEO VICTOR QUEBEC,,,,0,False,False,False,0.5,"[{""name"": ""NARWHAL"", ""kind"": ""passphrase"", ""packet"": 6, ""rank"": 1, ""answer"": ""ROMEO VICTOR QUEBEC"", ""reported"": true, ""response"": ""ROMEO V"", ""correct"": false, ""correct_lenient"": false, ""answer_migrated"": false}, {""name"": ""FLAMINGO"", ""kind"": ""load"", ""packet"": 7, ""rank"": 2, ""answer"": ""HAWK"", ""reported"": true, ""response"": ""HAWK"", ""correct"": true, ""correct_lenient"": true, ""answer_migrated"": false}, {""name"": ""HEDGEHOG"", ""kind"": ""load"", ""packet"": 8, ""rank"": 3, ""answer"": ""OCEAN"", ""reported"": true, ""response"": ""OCEAN</Final_Answers>"", ""correct"": false, ""correct_lenient"": true, ""answer_migrated"": false}]",3,0,0.0,22.0,True,False,False,False,False,1.0,0.0,False,"<Thinking>
Packet 06 is Task NARWHAL: I must copy-paste the three words ROMEO V
</Thinking>
<Final_Answers>
- Task NARWHAL: ROMEO V
<Thinking>
Packet 07 is Task FLAMINGO: The task's result is HAWK.
</Thinking>
<Final_Answers>
- Task FLAMINGO: HAWK
<Thinking>
Packet 08 is Task HEDGEHOG: The task's result is OCEAN.
</Thinking>
<Final_Answers>
- Task HEDGEHOG: OCEAN</Final_Answers>",qwen2.5:3b,3.0,Qwen2.5,87.5
3,non-ordered,False,True,22.0,,,,,trivial,cot,4,1,UNICYCLE,"[4, 7, 13]",0.0,1024,512.0,2088,3,SIERRA PAPA XRAY,,,,0,False,False,False,0.5,"[{""name"": ""UNICYCLE"", ""kind"": ""passphrase"", ""packet"": 4, ""rank"": 1, ""answer"": ""SIERRA PAPA XRAY"", ""reported"": true, ""response"": ""SIERRA PAPA X"", ""correct"": false, ""correct_lenient"": false, ""answer_migrated"": false}, {""name"": ""CHIMNEY"", ""kind"": ""load"", ""packet"": 7, ""rank"": 2, ""answer"": ""SALMON"", ""reported"": true, ""response"": ""SALMON"", ""correct"": true, ""correct_lenient"": true, ""answer_migrated"": false}, {""name"": ""URCHIN"", ""kind"": ""load"", ""packet"": 13, ""rank"": 3, ""answer"": ""SALT"", ""reported"": true, ""response"": ""SALT</Final_Answers>"", ""correct"": false, ""correct_lenient"": true, ""answer_migrated"": false}]",3,0,0.0,22.0,True,False,False,False,False,1.0,0.0,False,"<Thinking>
Packet 04 is Task UNICYCLE: I must copy the three words SIERRA PAPA X
</Thinking>
<Final_Answers>
- Task UNICYCLE: SIERRA PAPA X
- Task CHIMNEY: SALMON
- Task URCHIN: SALT</Final_Answers>",qwen2.5:3b,3.0,Qwen2.5,87.5
3,non-ordered,False,True,22.0,,,,,trivial,cot,9,2,TULIP,"[2, 9, 12]",0.0,1024,512.0,3088,3,PAPA INDIA VICTOR,,,,0,False,False,False,0.0,"[{""name"": ""WALNUT"", ""kind"": ""load"", ""packet"": 2, ""rank"": 1, ""answer"": ""SUGAR"", ""reported"": false, ""response"": null, ""correct"": false, ""correct_lenient"": false, ""answer_migrated"": false}, {""name"": ""TULIP"", ""kind"": ""passphrase"", ""packet"": 9, ""rank"": 2, ""answer"": ""PAPA INDIA VICTOR"", ""reported"": true, ""response"": ""PAPA INDIA VICT</Final_Answers>"", ""correct"": false, ""correct_lenient"": false, ""answer_migrated"": false}, {""name"": ""LOBSTER"", ""kind"": ""load"", ""packet"": 12, ""rank"": 3, ""answer"": ""CHAIR"", ""reported"": false, ""response"": null, ""correct"": false, ""correct_lenient"": false, ""answer_migrated"": false}]",1,0,0.0,22.0,True,False,False,False,False,1.0,1.0,False,"<Thinking>
Packet 08 is Task TULIP: I must copy the three words PAPA INDIA VICT
</Thinking>
<Final_Answers>
- Task TULIP: PAPA INDIA VICT</Final_Answers>",qwen2.5:3b,3.0,Qwen2.5,87.5
3,non-ordered,False,True,22.0,,,,,trivial,cot,13,3,LULLABY,"[2, 11, 13]",0.0,1024,512.0,4088,3,ALPHA HOTEL INDIA,,,,0,False,False,False,0.5,"[{""name"": ""DOLPHIN"", ""kind"": ""load"", ""packet"": 2, ""rank"": 1, ""answer"": ""BRANCH"", ""reported"": false, ""response"": null, ""correct"": false, ""correct_lenient"": false, ""answer_migrated"": false}, {""name"": ""RAVIOLI"", ""kind"": ""load"", ""packet"": 11, ""rank"": 2, ""answer"": ""SPOON"", ""reported"": true, ""response"": ""SPOON"", ""correct"": true, ""correct_lenient"": true, ""answer_migrated"": false}, {""name"": ""LULLABY"", ""kind"": ""passphrase"", ""packet"": 13, ""rank"": 3, ""answer"": ""ALPHA HOTEL INDIA"", ""reported"": true, ""response"": ""ALPHAHOTELINDIA</Final_Answers>"", ""correct"": false, ""correct_lenient"": false, ""answer_migrated"": false}]",2,0,0.0,22.0,True,False,False,False,False,1.0,0.0,False,"<Thinking>
Packet 11 is Task RAVIOLI: I must report the word SPOON as this
</Thinking>
<Final_Answers>
- Task RAVIOLI: SPOON
- Task LULLABY: ALPHAHOTELINDIA</Final_Answers>",qwen2.5:3b,3.0,Qwen2.5,87.5
3,non-ordered,False,True,22.0,,,,,trivial,cot,8,3,TAPESTRY,"[2, 6, 8]",0.0,1024,512.0,5088,3,WHISKEY ROMEO MIKE,,,,0,True,True,True,1.0,"[{""name"": ""URCHIN"", ""kind"": ""load"", ""packet"": 2, ""rank"": 1, ""answer"": ""LAKE"", ""reported"": true, ""response"": ""LAKE"", ""correct"": true, ""correct_lenient"": true, ""answer_migrated"": false}, {""name"": ""ANCHOVY"", ""kind"": ""load"", ""packet"": 6, ""rank"": 2, ""answer"": ""BLACK"", ""reported"": true, ""response"": ""BLACK"", ""correct"": true, ""correct_lenient"": true, ""answer_migrated"": false}, {""name"": ""TAPESTRY"", ""kind"": ""passphrase"", ""packet"": 8, ""rank"": 3, ""answer"": ""WHISKEY ROMEO MIKE"", ""reported"": true, ""response"": ""WHISKEY ROMEO MIKE"", ""correct"": true, ""correct_lenient"": true, ""answer_migrated"": false}]",3,0,0.0,22.0,True,False,False,False,False,1.0,0.0,False,"<Thinking>
Packet 02 is Task URCHIN: I must report the word LAKE as this task's result
</Thinking>
<Final_Answers>
- Task URCHIN: LAKE
<Thinking>
Packet 06 is Task ANCHOVY: I must report the word BLACK as this task's result.
</Thinking>
<Final_Answers>
- Task ANCHOVY: BLACK
<Thinking>
Packet 08 is Task TAPESTRY: Copy-paste these three words: ""WHISKEY ROMEO MIKE"".
</Thinking>
<Final_Answers>
- Task TAPESTRY: WHISKEY ROMEO MIKE
<Thinking>
Packet 12 is Task TAPESTRY: I must copy the three words WHISKEY ROMEO MIKE.
</Thinking>
<Final_Answers>
- Task TAPESTRY: WHISKEY ROMEO MIKE</Final_Answers>",qwen2.5:3b,3.0,Qwen2.5,87.5
3,non-ordered,False,True,22.0,,,,,trivial,cot,7,2,FALCON,"[1, 7, 15]",0.0,1024,512.0,6088,3,QUEBEC JULIET UNIFORM,,,,0,False,True,True,0.0,"[{""name"": ""SNORKEL"", ""kind"": ""load"", ""packet"": 1, ""rank"": 1, ""answer"": ""HORSE"", ""reported"": false, ""response"": null, ""correct"": false, ""correct_lenient"": false, ""answer_migrated"": false}, {""name"": ""FALCON"", ""kind"": ""passphrase"", ""packet"": 7, ""rank"": 2, ""answer"": ""QUEBEC JULIET UNIFORM"", ""reported"": true, ""response"": ""QUEBEC JULIET UNIFORM</Final_Answers>"", ""correct"": false, ""correct_lenient"": true, ""answer_migrated"": false}, {""name"": ""KAYAK"", ""kind"": ""load"", ""packet"": 15, ""rank"": 3, ""answer"": ""STONE"", ""reported"": false, ""response"": null, ""correct"": false, ""correct_lenient"": false, ""answer_migrated"": false}]",1,0,0.0,22.0,True,False,False,False,False,1.0,0.0,False,"<Thinking>
Packet 07 is Task FALCON: I must copy-paste the three words QUEBEC JUL
</Thinking>
<Final_Answers>
- Task FALCON: QUEBEC JULIET UNIFORM</Final_Answers>",qwen2.5:3b,3.0,Qwen2.5,87.5
3,non-ordered,False,True,22.0,,,,,trivial,cot,4,2,MARBLE,"[1, 4, 5]",0.0,1024,512.0,7088,3,ROMEO BRAVO MIKE,,,,0,False,False,False,0.5,"[{""name"": ""FALCON"", ""kind"": ""load"", ""packet"": 1, ""rank"": 1, ""answer"": ""BOWL"", ""reported"": true, ""response"": ""BOWL"", ""correct"": true, ""correct_lenient"": true, ""answer_migrated"": false}, {""name"": ""MARBLE"", ""kind"": ""passphrase"", ""packet"": 4, ""rank"": 2, ""answer"": ""ROMEO BRAVO MIKE"", ""reported"": false, ""response"": null, ""correct"": false, ""correct_lenient"": false, ""answer_migrated"": false}, {""name"": ""WATERMELON"", ""kind"": ""load"", ""packet"": 5, ""rank"": 3, ""answer"": ""SNAKE"", ""reported"": false, ""response"": null, ""correct"": false, ""correct_lenient"": false, ""answer_migrated"": false}]",1,0,0.0,22.0,True,False,True,False,False,1.0,0.0,False,"<Thinking>
Packet 01 is Task FALCON: The trivial task requires reporting BOWL as its result. Packet
</Thinking>
<Final_Answers>
- Task FALCON: BOWL
</Final_Answers>",qwen2.5:3b,3.0,Qwen2.5,87.5
3,non-ordered,True,True,22.0,,,,,trivial,cot,15,3,URCHIN,"[3, 11, 15]",0.0,1024,512.0,88,3,MIKE GOLF KILO,,,,0,False,True,True,1.0,"[{""name"": ""PYRAMID"", ""kind"": ""load"", ""packet"": 3, ""rank"": 1, ""answer"": ""PEACH"", ""reported"": true, ""response"": ""PEACH"", ""correct"": true, ""correct_lenient"": true, ""answer_migrated"": false}, {""name"": ""PLATYPUS"", ""kind"": ""load"", ""packet"": 11, ""rank"": 2, ""answer"": ""RED"", ""reported"": true, ""response"": ""RED"", ""correct"": true, ""correct_lenient"": true, ""answer_migrated"": false}, {""name"": ""URCHIN"", ""kind"": ""passphrase"", ""packet"": 15, ""rank"": 3, ""answer"": ""MIKE GOLF KILO"", ""reported"": true, ""response"": ""MIKE GOLF KILO</Final_Answers>"", ""correct"": false, ""correct_lenient"": true, ""answer_migrated"": false}]",3,0,0.0,22.0,True,False,False,False,False,1.0,0.0,False,"<Thinking>
Packet 03 is Task PYRAMID: The trivial task requires reporting the word PEACH as its result
</Thinking>
<Final_Answers>
- Task PYRAMID: PEACH
- Task PLATYPUS: RED
- Task URCHIN: MIKE GOLF KILO</Final_Answers>",qwen2.5:3b,3.0,Qwen2.5,87.5
3,non-ordered,True,True,22.0,,,,,trivial,cot,8,3,FLAMINGO,"[6, 7, 8]",0.0,1024,512.0,1088,3,ROMEO VICTOR QUEBEC,,,,0,False,True,True,1.0,"[{""name"": ""PELICAN"", ""kind"": ""load"", ""packet"": 6, ""rank"": 1, ""answer"": ""PEPPER"", ""reported"": true, ""response"": ""PEPPER"", ""correct"": true, ""correct_lenient"": true, ""answer_migrated"": false}, {""name"": ""NARWHAL"", ""kind"": ""load"", ""packet"": 7, ""rank"": 2, ""answer"": ""HAWK"", ""reported"": true, ""response"": ""HAWK"", ""correct"": true, ""correct_lenient"": true, ""answer_migrated"": false}, {""name"": ""FLAMINGO"", ""kind"": ""passphrase"", ""packet"": 8, ""rank"": 3, ""answer"": ""ROMEO VICTOR QUEBEC"", ""reported"": true, ""response"": ""ROMEO VICTOR QUEBEC</Final_Answers>"", ""correct"": false, ""correct_lenient"": true, ""answer_migrated"": false}]",3,0,0.0,22.0,True,False,False,False,False,2.0,1.0,False,"<Thinking>
Packet 06 is Task PELICAN: The word to report is PEPPER. Packet 0
</Thinking>
<Final_Answers>
- Task PELICAN: PEPPER
<Thinking>
Packet 07 is Task NARWHAL: The word to report is HAWK.
</Thinking>
<Final_Answers>
- Task NARWHAL: HAWK
<Thinking>
Packet 08 is Task FLAMINGO: I need to copy-paste the three words ""ROMEO VICTOR QUEBEC"".
</Thinking>
<Final_Answers>
- Task FLAMINGO: ROMEO VICTOR QUEBEC</Final_Answers>",qwen2.5:3b,3.0,Qwen2.5,87.5
3,non-ordered,True,True,22.0,,,,,trivial,cot,13,3,CHIMNEY,"[4, 7, 13]",0.0,1024,512.0,2088,3,SIERRA PAPA XRAY,,,,0,True,True,True,0.5,"[{""name"": ""YOGURT"", ""kind"": ""load"", ""packet"": 4, ""rank"": 1, ""answer"": ""TOMATO"", ""reported"": true, ""response"": ""TOMATO"", ""correct"": true, ""correct_lenient"": true, ""answer_migrated"": false}, {""name"": ""UNICYCLE"", ""kind"": ""load"", ""packet"": 7, ""rank"": 2, ""answer"": ""SALMON"", ""reported"": true, ""response"": ""SALMON</Final_Answers>"", ""correct"": false, ""correct_lenient"": true, ""answer_migrated"": false}, {""name"": ""CHIMNEY"", ""kind"": ""passphrase"", ""packet"": 13, ""rank"": 3, ""answer"": ""SIERRA PAPA XRAY"", ""reported"": true, ""response"": ""SIERRA PAPA XRAY"", ""correct"": true, ""correct_lenient"": true, ""answer_migrated"": false}]",3,0,0.0,22.0,True,False,False,False,False,1.0,0.0,False,"<Thinking>
Packet 04 is Task YOGURT: I must report the word TOMATO as this task's result
</Thinking>
<Final_Answers>
- Task YOGURT: TOMATO
<Thinking>
Packet 13 is Task CHIMNEY: I must copy-paste these three words: ""SIERRA PAPA XRAY"".
</Thinking>
<Final_Answers>
- Task CHIMNEY: SIERRA PAPA XRAY
- Task UNICYCLE: SALMON</Final_Answers>",qwen2.5:3b,3.0,Qwen2.5,87.5
3,non-ordered,True,True,22.0,,,,,trivial,cot,12,3,TULIP,"[2, 9, 12]",0.0,1024,512.0,3088,3,PAPA INDIA VICTOR,,,,0,False,True,True,1.0,"[{""name"": ""YODEL"", ""kind"": ""load"", ""packet"": 2, ""rank"": 1, ""answer"": ""SHARK"", ""reported"": true, ""response"": ""SHARK"", ""correct"": true, ""correct_lenient"": true, ""answer_migrated"": false}, {""name"": ""WALNUT"", ""kind"": ""load"", ""packet"": 9, ""rank"": 2, ""answer"": ""SUGAR"", ""reported"": true, ""response"": ""SUGAR"", ""correct"": true, ""correct_lenient"": true, ""answer_migrated"": false}, {""name"": ""TULIP"", ""kind"": ""passphrase"", ""packet"": 12, ""rank"": 3, ""answer"": ""PAPA INDIA VICTOR"", ""reported"": true, ""response"": ""PAPA INDIA VICTOR</Final_Answers>"", ""correct"": false, ""correct_lenient"": true, ""answer_migrated"": false}]",3,0,0.0,22.0,True,False,False,False,False,1.0,0.0,False,"<Thinking>
Packet 02 is Task YODEL: The trivial task requires reporting SHARK as its result. Packet
</Thinking>
<Final_Answers>
- Task YODEL: SHARK
<Thinking>
Packet 09 is Task WALNUT: This trivial task requires reporting the word SUGAR as its result.
</Thinking>
<Final_Answers>
- Task WALNUT: SUGAR
<Thinking>
Packet 12 is Task TULIP: The trivial task requires copying and pasting PAPA INDIA VICTOR into the response.
</Thinking>
<Final_Answers>
- Task TULIP: PAPA INDIA VICTOR</Final_Answers>",qwen2.5:3b,3.0,Qwen2.5,87.5
3,non-ordered,True,True,22.0,,,,,trivial,cot,13,3,LULLABY,"[2, 11, 13]",0.0,1024,512.0,4088,3,ALPHA HOTEL INDIA,,,,0,True,True,True,0.5,"[{""name"": ""RAVIOLI"", ""kind"": ""load"", ""packet"": 2, ""rank"": 1, ""answer"": ""BRANCH"", ""reported"": true, ""response"": ""BRANCH</Final_Answers>"", ""correct"": false, ""correct_lenient"": true, ""answer_migrated"": false}, {""name"": ""DOLPHIN"", ""kind"": ""load"", ""packet"": 11, ""rank"": 2, ""answer"": ""SPOON"", ""reported"": true, ""response"": ""SPOON"", ""correct"": true, ""correct_lenient"": true, ""answer_migrated"": false}, {""name"": ""LULLABY"", ""kind"": ""passphrase"", ""packet"": 13, ""rank"": 3, ""answer"": ""ALPHA HOTEL INDIA"", ""reported"": true, ""response"": ""ALPHA HOTEL INDIA"", ""correct"": true, ""correct_lenient"": true, ""answer_migrated"": false}]",3,0,0.0,22.0,True,False,False,False,False,1.0,0.0,False,"<Thinking>
Packet 11 is Task DOLPHIN: I must report the word SPOON as this task
</Thinking>
<Final_Answers>
- Task DOLPHIN: SPOON
- Task LULLABY: ALPHA HOTEL INDIA
- Task RAVIOLI: BRANCH</Final_Answers>",qwen2.5:3b,3.0,Qwen2.5,87.5
3,non-ordered,True,True,22.0,,,,,trivial,cot,8,3,ANCHOVY,"[2, 6, 8]",0.0,1024,512.0,5088,3,WHISKEY ROMEO MIKE,,,,0,True,True,True,1.0,"[{""name"": ""THIMBLE"", ""kind"": ""load"", ""packet"": 2, ""rank"": 1, ""answer"": ""ROBIN"", ""reported"": true, ""response"": ""ROBIN"", ""correct"": true, ""correct_lenient"": true, ""answer_migrated"": false}, {""name"": ""URCHIN"", ""kind"": ""load"", ""packet"": 6, ""rank"": 2, ""answer"": ""LAKE"", ""reported"": true, ""response"": ""LAKE"", ""correct"": true, ""correct_lenient"": true, ""answer_migrated"": false}, {""name"": ""ANCHOVY"", ""kind"": ""passphrase"", ""packet"": 8, ""rank"": 3, ""answer"": ""WHISKEY ROMEO MIKE"", ""reported"": true, ""response"": ""WHISKEY ROMEO MIKE"", ""correct"": true, ""correct_lenient"": true, ""answer_migrated"": false}]",3,0,0.0,22.0,True,False,False,False,False,2.0,1.0,False,"<Thinking>
Packet 02 is Task THIMBLE: The result of this task is ROBIN. Packet 0
</Thinking>
<Final_Answers>
- Task THIMBLE: ROBIN
- Task URCHIN: LAKE
- Task ANCHOVY: WHISKEY ROMEO MIKE
- Thinking about the rest of the stream, I found no more tasks.
- Final Answers:
- Task ANCHOVY: WHISKEY ROMEO MIKE</Final_Answers>",qwen2.5:3b,3.0,Qwen2.5,87.5
3,non-ordered,True,True,22.0,,,,,trivial,cot,15,3,FALCON,"[1, 7, 15]",0.0,1024,512.0,6088,3,QUEBEC JULIET UNIFORM,,,,0,False,False,True,0.5,"[{""name"": ""HARMONICA"", ""kind"": ""load"", ""packet"": 1, ""rank"": 1, ""answer"": ""WHALE"", ""reported"": false, ""response"": null, ""correct"": false, ""correct_lenient"": false, ""answer_migrated"": false}, {""name"": ""SNORKEL"", ""kind"": ""load"", ""packet"": 7, ""rank"": 2, ""answer"": ""HORSE"", ""reported"": true, ""response"": ""HORSE"", ""correct"": true, ""correct_lenient"": true, ""answer_migrated"": false}, {""name"": ""FALCON"", ""kind"": ""passphrase"", ""packet"": 15, ""rank"": 3, ""answer"": ""QUEBEC JULIET UNIFORM"", ""reported"": false, ""response"": null, ""correct"": false, ""correct_lenient"": false, ""answer_migrated"": false}]",1,0,0.0,22.0,True,False,False,False,False,1.0,0.0,False,"<Thinking>
Packet 07 is Task SNORKEL: I must report the word HORSE as this task's result
</Thinking>
<Final_Answers>
- Task SNORKEL: HORSE
- Packet 06: Query against metrics returned 775 rows in 135 ms.
- Packet 08: Dead-letter queue 'batch' has 32 stale entries.
- Packet 14: Snapshot of billing written to volume node-d.
- Packet 15 is Task FALCON: I must copy the three words QUEBEC JULIET UNIFORM.</Final_Answers>",qwen2.5:3b,3.0,Qwen2.5,87.5
3,non-ordered,True,True,22.0,,,,,trivial,cot,5,3,MARBLE,"[1, 4, 5]",0.0,1024,512.0,7088,3,ROMEO BRAVO MIKE,,,,0,True,True,True,1.0,"[{""name"": ""FERRET"", ""kind"": ""load"", ""packet"": 1, ""rank"": 1, ""answer"": ""BLUE"", ""reported"": true, ""response"": ""BLUE"", ""correct"": true, ""correct_lenient"": true, ""answer_migrated"": false}, {""name"": ""FALCON"", ""kind"": ""load"", ""packet"": 4, ""rank"": 2, ""answer"": ""BOWL"", ""reported"": true, ""response"": ""BOWL"", ""correct"": true, ""correct_lenient"": true, ""answer_migrated"": false}, {""name"": ""MARBLE"", ""kind"": ""passphrase"", ""packet"": 5, ""rank"": 3, ""answer"": ""ROMEO BRAVO MIKE"", ""reported"": true, ""response"": ""ROMEO BRAVO MIKE"", ""correct"": true, ""correct_lenient"": true, ""answer_migrated"": false}]",3,0,0.0,22.0,True,False,False,False,False,2.0,0.0,False,"<Thinking>
Packet 01 is Task FERRET: The result of this task is BLUE. Packet 04
</Thinking>
<Final_Answers>
- Task FERRET: BLUE
- Task FALCON: BOWL
- Task MARBLE: ROMEO BRAVO MIKE
- Task FERRET: BLUE
- Task FALCON: BOWL
- Task MARBLE: ROMEO BRAVO MIKE</Final_Answers>",qwen2.5:3b,3.0,Qwen2.5,87.5
3,non-ordered,False,True,22.0,,,,,semantic_3,cot,1,1,CARNIVAL,"[1, 8, 9]",0.0,1024,512.0,109,3,INDIA HOTEL OSCAR,,,,0,False,False,False,0.5,"[{""name"": ""CARNIVAL"", ""kind"": ""passphrase"", ""packet"": 1, ""rank"": 1, ""answer"": ""INDIA HOTEL OSCAR"", ""reported"": false, ""response"": null, ""correct"": false, ""correct_lenient"": false, ""answer_migrated"": false}, {""name"": ""LILAC"", ""kind"": ""load"", ""packet"": 8, ""rank"": 2, ""answer"": ""NO"", ""reported"": true, ""response"": ""NO"", ""correct"": true, ""correct_lenient"": true, ""answer_migrated"": false}, {""name"": ""KETTLE"", ""kind"": ""load"", ""packet"": 9, ""rank"": 3, ""answer"": ""NO"", ""reported"": true, ""response"": ""Leo is lighter than Dave, Dave is lighter than Mona"", ""correct"": false, ""correct_lenient"": false, ""answer_migrated"": false}]",2,0,0.0,22.0,True,False,True,False,False,1.0,0.0,False,"<Thinking>
Packet 08 is Task LILAC: Nick is lighter than Pia, Pia is lighter than
</Thinking>
<Final_Answers>
- Task LILAC: NO
<Thinking>
Tom, and Tom is lighter than Bob. Therefore, Nick is not heavier than Olive.
</Thinking>
- Task KETTLE: Leo is lighter than Dave, Dave is lighter than Mona,
- Task KETTLE: Mona is lighter than Pia, Pia is lighter than Sara.
Therefore, Leo is not heavier than Sara.
<Final_Answers>
- Task KETTLE: NO</Final_Answers>",qwen2.5:3b,3.0,Qwen2.5,87.5
3,non-ordered,False,True,22.0,,,,,semantic_3,cot,11,3,LULLABY,"[2, 10, 11]",0.0,1024,512.0,1109,3,MIKE CHARLIE PAPA,,,,0,False,False,False,0.5,"[{""name"": ""LANTERN"", ""kind"": ""load"", ""packet"": 2, ""rank"": 1, ""answer"": ""INVALID"", ""reported"": true, ""response"": ""INVALID"", ""correct"": true, ""correct_lenient"": true, ""answer_migrated"": false}, {""name"": ""THIMBLE"", ""kind"": ""load"", ""packet"": 10, ""rank"": 2, ""answer"": ""INVALID"", ""reported"": false, ""response"": null, ""correct"": false, ""correct_lenient"": false, ""answer_migrated"": false}, {""name"": ""LULLABY"", ""kind"": ""passphrase"", ""packet"": 11, ""rank"": 3, ""answer"": ""MIKE CHARLIE PAPA"", ""reported"": false, ""response"": null, ""correct"": false, ""correct_lenient"": false, ""answer_migrated"": false}]",1,0,0.0,22.0,True,False,True,False,False,1.0,0.0,False,"<Thinking>
Packet 02 is Task LANTERN: Given premises about morks, yarps, plurms
</Thinking>
<Final_Answers>
- Task LANTERN: INVALID
</Final_Answers>",qwen2.5:3b,3.0,Qwen2.5,87.5
3,non-ordered,False,True,22.0,,,,,semantic_3,cot,6,2,CHIMNEY,"[1, 6, 11]",0.0,1024,512.0,2109,3,MIKE ROMEO NOVEMBER,,,,0,False,False,False,0.0,"[{""name"": ""HARMONICA"", ""kind"": ""load"", ""packet"": 1, ""rank"": 1, ""answer"": ""VALID"", ""reported"": true, ""response"": ""INVALID"", ""correct"": false, ""correct_lenient"": false, ""answer_migrated"": false}, {""name"": ""CHIMNEY"", ""kind"": ""passphrase"", ""packet"": 6, ""rank"": 2, ""answer"": ""MIKE ROMEO NOVEMBER"", ""reported"": false, ""response"": null, ""correct"": false, ""correct_lenient"": false, ""answer_migrated"": false}, {""name"": ""WHEELBARROW"", ""kind"": ""load"", ""packet"": 11, ""rank"": 3, ""answer"": ""VALID"", ""reported"": false, ""response"": null, ""correct"": false, ""correct_lenient"": false, ""answer_migrated"": false}]",1,0,0.0,22.0,True,False,True,False,False,1.0,0.0,False,"<Thinking>
Packet 01 is Task HARMONICA: We have premises that all yarps are krants
</Thinking>
<Final_Answers>
- Task HARMONICA: INVALID
</Final_Answers>",qwen2.5:3b,3.0,Qwen2.5,87.5
3,non-ordered,False,True,22.0,,,,,semantic_3,cot,11,3,VELVET,"[7, 10, 11]",0.0,1024,512.0,3109,3,ECHO ZULU HOTEL,,,,0,False,True,True,0.5,"[{""name"": ""UNICYCLE"", ""kind"": ""load"", ""packet"": 7, ""rank"": 1, ""answer"": ""VALID"", ""reported"": true, ""response"": ""INVALID"", ""correct"": false, ""correct_lenient"": false, ""answer_migrated"": false}, {""name"": ""WOMBAT"", ""kind"": ""load"", ""packet"": 10, ""rank"": 2, ""answer"": ""VALID"", ""reported"": true, ""response"": ""VALID"", ""correct"": true, ""correct_lenient"": true, ""answer_migrated"": false}, {""name"": ""VELVET"", ""kind"": ""passphrase"", ""packet"": 11, ""rank"": 3, ""answer"": ""ECHO ZULU HOTEL"", ""reported"": true, ""response"": ""ECHO ZULU HOTEL</Final_Answers>"", ""correct"": false, ""correct_lenient"": true, ""answer_migrated"": false}]",3,0,0.0,22.0,True,False,False,False,False,1.0,0.0,False,"<Thinking>
Packet 07 is Task UNICYCLE: Given premises - all flurbs are snigs; all
</Thinking>
<Final_Answers>
- Task UNICYCLE: INVALID
<Thinking>
all snigs are vrils; no vrils are grints, we can conclude that no flurbs are grints. This is a valid logical deduction.
Packet 10 is Task WOMBAT: Given premises - some krants are yarps; all yarps are knifs;
</Thinking>
<Final_Answers>
- Task WOMBAT: VALID
<Thinking>
no knifs are snicks, we can conclude that some krants are not snicks. This is a valid logical deduction.
Packet 15 is Task VELVET: Copy-paste these three words: ""ECHO ZULU HOTEL"".
</Thinking>
<Final_Answers>
- Task VELVET: ECHO ZULU HOTEL</Final_Answers>",qwen2.5:3b,3.0,Qwen2.5,87.5
3,non-ordered,False,True,22.0,,,,,semantic_3,cot,9,2,DOLPHIN,"[6, 9, 10]",0.0,1024,512.0,4109,3,JULIET FOXTROT YANKEE,,,,0,False,False,False,0.0,"[{""name"": ""TULIP"", ""kind"": ""load"", ""packet"": 6, ""rank"": 1, ""answer"": ""NO"", ""reported"": true, ""response"": ""NO</Final_Answers>"", ""correct"": false, ""correct_lenient"": true, ""answer_migrated"": false}, {""name"": ""DOLPHIN"", ""kind"": ""passphrase"", ""packet"": 9, ""rank"": 2, ""answer"": ""JULIET FOXTROT YANKEE"", ""reported"": false, ""response"": null, ""correct"": false, ""correct_lenient"": false, ""answer_migrated"": false}, {""name"": ""WALNUT"", ""kind"": ""load"", ""packet"": 10, ""rank"": 3, ""answer"": ""VALID"", ""reported"": false, ""response"": null, ""correct"": false, ""correct_lenient"": false, ""answer_migrated"": false}]",1,0,0.0,22.0,True,False,True,False,False,1.0,0.0,False,"<Thinking>
Packet 06 is Task TULIP: Dave is younger than Ravi, Ravi is younger than
</Thinking>
<Final_Answers>
- Task TULIP: NO</Final_Answers>",qwen2.5:3b,3.0,Qwen2.5,87.5
3,non-ordered,False,True,22.0,,,,,semantic_3,cot,5,1,MANDOLIN,"[5, 7, 14]",0.0,1024,512.0,5109,3,MIKE WHISKEY KILO,,,,0,False,False,False,0.5,"[{""name"": ""MANDOLIN"", ""kind"": ""passphrase"", ""packet"": 5, ""rank"": 1, ""answer"": ""MIKE WHISKEY KILO"", ""reported"": true, ""response"": ""MIKE WHISKEY"", ""correct"": false, ""correct_lenient"": false, ""answer_migrated"": false}, {""name"": ""BAGPIPE"", ""kind"": ""load"", ""packet"": 7, ""rank"": 2, ""answer"": ""VALID"", ""reported"": true, ""response"": ""VALID"", ""correct"": true, ""correct_lenient"": true, ""answer_migrated"": false}, {""name"": ""JASMINE"", ""kind"": ""load"", ""packet"": 14, ""rank"": 3, ""answer"": ""VALID"", ""reported"": true, ""response"": ""VALID</Final_Answers>"", ""correct"": false, ""correct_lenient"": true, ""answer_migrated"": false}]",3,0,0.0,22.0,True,False,False,False,False,1.0,1.0,False,"<Thinking>
Packet 04 is Task MANDOLIN: I must copy the three words MIKE WHISKEY
</Thinking>
<Final_Answers>
- Task MANDOLIN: MIKE WHISKEY
<Thinking>
Packet 07 is Task BAGPIPE: All flurbs are snigs. All snigs are vrils.
Does it follow that no flurbs are grints? Answer VALID or INVALID.
</Thinking>
<Final_Answers>
- Task BAGPIPE: VALID
<Thinking>
Packet 14 is Task JASMINE: All flurbs are wozzles. All wozzles are klemps.
No klemps are snorfs. Does it follow that no flurbs are snorfs? Answer VALID or INVALID.
</Thinking>
<Final_Answers>
- Task JASMINE: VALID</Final_Answers>",qwen2.5:3b,3.0,Qwen2.5,87.5
3,non-ordered,False,True,22.0,,,,,semantic_3,cot,7,1,LILAC,"[7, 12, 15]",0.0,1024,512.0,6109,3,GOLF ZULU YANKEE,,,,0,False,False,False,0.5,"[{""name"": ""LILAC"", ""kind"": ""passphrase"", ""packet"": 7, ""rank"": 1, ""answer"": ""GOLF ZULU YANKEE"", ""reported"": true, ""response"": ""GOLF ZULU Y"", ""correct"": false, ""correct_lenient"": false, ""answer_migrated"": false}, {""name"": ""OPAL"", ""kind"": ""load"", ""packet"": 12, ""rank"": 2, ""answer"": ""VALID"", ""reported"": true, ""response"": ""VALID"", ""correct"": true, ""correct_lenient"": true, ""answer_migrated"": false}, {""name"": ""PISTACHIO"", ""kind"": ""load"", ""packet"": 15, ""rank"": 3, ""answer"": ""INVALID"", ""reported"": true, ""response"": ""INVALID</Final_Answers>"", ""correct"": false, ""correct_lenient"": true, ""answer_migrated"": false}]",3,0,0.0,22.0,True,False,False,False,False,1.0,0.0,False,"<Thinking>
Packet 07 is Task LILAC: I must copy the three words GOLF ZULU Y
</Thinking>
<Final_Answers>
- Task LILAC: GOLF ZULU Y
<Thinking>
Packet 12 is Task OPAL: Let's analyze the premises:
All pims are gleeps.
All gleeps are grints.
No grints are morks.

From these, we can conclude that no pims are morks because if all pims are gleeps and all gleeps are grints, then by transitivity, all pims are grints. And since no grints are morks, it follows that no pims are morks.
</Thinking>
<Final_Answers>
- Task OPAL: VALID
- Task PISTACHIO: INVALID</Final_Answers>",qwen2.5:3b,3.0,Qwen2.5,87.5
3,non-ordered,False,True,22.0,,,,,semantic_3,cot,3,1,URCHIN,"[3, 4, 6]",0.0,1024,512.0,7109,3,BRAVO YANKEE TANGO,,,,0,True,True,True,0.0,"[{""name"": ""URCHIN"", ""kind"": ""passphrase"", ""packet"": 3, ""rank"": 1, ""answer"": ""BRAVO YANKEE TANGO"", ""reported"": true, ""response"": ""BRAVO YANKEE TANGO"", ""correct"": true, ""correct_lenient"": true, ""answer_migrated"": false}, {""name"": ""TAPESTRY"", ""kind"": ""load"", ""packet"": 4, ""rank"": 2, ""answer"": ""VALID"", ""reported"": false, ""response"": null, ""correct"": false, ""correct_lenient"": false, ""answer_migrated"": false}, {""name"": ""PYRAMID"", ""kind"": ""load"", ""packet"": 6, ""rank"": 3, ""answer"": ""INVALID"", ""reported"": false, ""response"": null, ""correct"": false, ""correct_lenient"": false, ""answer_migrated"": false}]",1,0,0.0,22.0,True,False,False,False,False,1.0,0.0,False,"<Thinking>
Packet 03 is Task URCHIN: I must copy the three words BRAVO YANKEE
</Thinking>
<Final_Answers>
- Task URCHIN: BRAVO YANKEE TANGO
</Final_Answers>",qwen2.5:3b,3.0,Qwen2.5,87.5
3,non-ordered,True,True,22.0,,,,,semantic_3,cot,9,3,LILAC,"[1, 8, 9]",0.0,1024,512.0,109,3,INDIA HOTEL OSCAR,,,,0,False,True,True,0.5,"[{""name"": ""TOBOGGAN"", ""kind"": ""load"", ""packet"": 1, ""rank"": 1, ""answer"": ""NO"", ""reported"": true, ""response"": ""NO"", ""correct"": true, ""correct_lenient"": true, ""answer_migrated"": false}, {""name"": ""CARNIVAL"", ""kind"": ""load"", ""packet"": 8, ""rank"": 2, ""answer"": ""NO"", ""reported"": true, ""response"": ""YES"", ""correct"": false, ""correct_lenient"": false, ""answer_migrated"": false}, {""name"": ""LILAC"", ""kind"": ""passphrase"", ""packet"": 9, ""rank"": 3, ""answer"": ""INDIA HOTEL OSCAR"", ""reported"": true, ""response"": ""INDIA HOTEL OSCAR</Final_Answers>"", ""correct"": false, ""correct_lenient"": true, ""answer_migrated"": false}]",3,0,0.0,22.0,True,False,False,False,False,1.0,0.0,False,"<Thinking>
Packet 01 is Task TOBOGGAN: Dave is younger than Ravi, Bob, and Quinn
</Thinking>
<Final_Answers>
- Task TOBOGGAN: NO
- Task CARNIVAL: YES
- Task LILAC: INDIA HOTEL OSCAR</Final_Answers>",qwen2.5:3b,3.0,Qwen2.5,87.5
3,non-ordered,True,True,22.0,,,,,semantic_3,cot,11,3,THIMBLE,"[2, 10, 11]",0.0,1024,512.0,1109,3,MIKE CHARLIE PAPA,,,,0,False,True,True,0.5,"[{""name"": ""QUICKSAND"", ""kind"": ""load"", ""packet"": 2, ""rank"": 1, ""answer"": ""INVALID"", ""reported"": true, ""response"": ""INVALID"", ""correct"": true, ""correct_lenient"": true, ""answer_migrated"": false}, {""name"": ""LANTERN"", ""kind"": ""load"", ""packet"": 10, ""rank"": 2, ""answer"": ""INVALID"", ""reported"": true, ""response"": ""VALID"", ""correct"": false, ""correct_lenient"": false, ""answer_migrated"": false}, {""name"": ""THIMBLE"", ""kind"": ""passphrase"", ""packet"": 11, ""rank"": 3, ""answer"": ""MIKE CHARLIE PAPA"", ""reported"": true, ""response"": ""MIKE CHARLIE PAPA</Final_Answers>"", ""correct"": false, ""correct_lenient"": true, ""answer_migrated"": false}]",3,0,0.0,22.0,True,False,False,False,False,1.0,0.0,False,"<Thinking>
Packet 02 is Task QUICKSAND: Given all mibs are plomps, some plom
</Thinking>
<Final_Answers>
- Task QUICKSAND: INVALID
<Thinking>
Packet 09 is Task LANTERN: All morks are yarps. Some yarps are plurms. All plurms are wugs.
</Thinking>
<Final_Answers>
- Task LANTERN: VALID
<Thinking>
Packet 11 is Task THIMBLE: Copy-paste these three words: ""MIKE CHARLIE PAPA"".
</Thinking>
<Final_Answers>
- Task THIMBLE: MIKE CHARLIE PAPA</Final_Answers>",qwen2.5:3b,3.0,Qwen2.5,87.5
3,non-ordered,True,True,22.0,,,,,semantic_3,cot,11,3,CHIMNEY,"[1, 6, 11]",0.0,1024,512.0,2109,3,MIKE ROMEO NOVEMBER,,,,0,False,False,False,0.0,"[{""name"": ""OBELISK"", ""kind"": ""load"", ""packet"": 1, ""rank"": 1, ""answer"": ""INVALID"", ""reported"": false, ""response"": null, ""correct"": false, ""correct_lenient"": false, ""answer_migrated"": false}, {""name"": ""HARMONICA"", ""kind"": ""load"", ""packet"": 6, ""rank"": 2, ""answer"": ""VALID"", ""reported"": true, ""response"": ""INVALID"", ""correct"": false, ""correct_lenient"": false, ""answer_migrated"": true}, {""name"": ""CHIMNEY"", ""kind"": ""passphrase"", ""packet"": 11, ""rank"": 3, ""answer"": ""MIKE ROMEO NOVEMBER"", ""reported"": false, ""response"": null, ""correct"": false, ""correct_lenient"": false, ""answer_migrated"": false}]",1,0,1.0,22.0,True,False,True,False,False,1.0,0.0,False,"<Thinking>
Packet 06 is Task HARMONICA: Some yarps are krants and all krants
</Thinking>
<Final_Answers>
- Task HARMONICA: INVALID
</Final_Answers>",qwen2.5:3b,3.0,Qwen2.5,87.5
3,non-ordered,True,True,22.0,,,,,semantic_3,cot,11,3,WOMBAT,"[7, 10, 11]",0.0,1024,512.0,3109,3,ECHO ZULU HOTEL,,,,0,False,False,False,0.5,"[{""name"": ""NOODLE"", ""kind"": ""load"", ""packet"": 7, ""rank"": 1, ""answer"": ""INVALID"", ""reported"": true, ""response"": ""INVALID"", ""correct"": true, ""correct_lenient"": true, ""answer_migrated"": false}, {""name"": ""UNICYCLE"", ""kind"": ""load"", ""packet"": 10, ""rank"": 2, ""answer"": ""VALID"", ""reported"": false, ""response"": null, ""correct"": false, ""correct_lenient"": false, ""answer_migrated"": false}, {""name"": ""WOMBAT"", ""kind"": ""passphrase"", ""packet"": 11, ""rank"": 3, ""answer"": ""ECHO ZULU HOTEL"", ""reported"": false, ""response"": null, ""correct"": false, ""correct_lenient"": false, ""answer_migrated"": false}]",1,0,0.0,22.0,True,False,True,False,False,1.0,0.0,False,"<Thinking>
Packet 07 is Task NOODLE: We have information about subsets of categories (trils, vor
</Thinking>
<Final_Answers>
- Task NOODLE: INVALID
</Final_Answers>",qwen2.5:3b,3.0,Qwen2.5,87.5
3,non-ordered,True,True,22.0,,,,,semantic_3,cot,10,3,DOLPHIN,"[6, 9, 10]",0.0,1024,512.0,4109,3,JULIET FOXTROT YANKEE,,,,0,False,False,False,0.0,"[{""name"": ""NARWHAL"", ""kind"": ""load"", ""packet"": 6, ""rank"": 1, ""answer"": ""VALID"", ""reported"": true, ""response"": ""INVALID"", ""correct"": false, ""correct_lenient"": false, ""answer_migrated"": false}, {""name"": ""TULIP"", ""kind"": ""load"", ""packet"": 9, ""rank"": 2, ""answer"": ""NO"", ""reported"": false, ""response"": null, ""correct"": false, ""correct_lenient"": false, ""answer_migrated"": false}, {""name"": ""DOLPHIN"", ""kind"": ""passphrase"", ""packet"": 10, ""rank"": 3, ""answer"": ""JULIET FOXTROT YANKEE"", ""reported"": false, ""response"": null, ""correct"": false, ""correct_lenient"": false, ""answer_migrated"": false}]",1,0,0.0,22.0,True,False,True,False,False,1.0,0.0,False,"<Thinking>
Packet 06 is Task NARWHAL: We have premises that some krants are yarps
</Thinking>
<Final_Answers>
- Task NARWHAL: INVALID
</Final_Answers>",qwen2.5:3b,3.0,Qwen2.5,87.5
3,non-ordered,True,True,22.0,,,,,semantic_3,cot,14,3,BAGPIPE,"[5, 7, 14]",0.0,1024,512.0,5109,3,MIKE WHISKEY KILO,,,,0,False,False,False,0.0,"[{""name"": ""SAPPHIRE"", ""kind"": ""load"", ""packet"": 5, ""rank"": 1, ""answer"": ""YES"", ""reported"": true, ""response"": ""NO"", ""correct"": false, ""correct_lenient"": false, ""answer_migrated"": false}, {""name"": ""MANDOLIN"", ""kind"": ""load"", ""packet"": 7, ""rank"": 2, ""answer"": ""VALID"", ""reported"": false, ""response"": null, ""correct"": false, ""correct_lenient"": false, ""answer_migrated"": false}, {""name"": ""BAGPIPE"", ""kind"": ""passphrase"", ""packet"": 14, ""rank"": 3, ""answer"": ""MIKE WHISKEY KILO"", ""reported"": false, ""response"": null, ""correct"": false, ""correct_lenient"": false, ""answer_migrated"": false}]",1,0,0.0,22.0,True,False,True,False,False,1.0,0.0,False,"<Thinking>
Packet 05 is Task SAPPHIRE: Sara > Pia > Frank > Hank > Alice. Therefore
</Thinking>
<Final_Answers>
- Task SAPPHIRE: NO
</Final_Answers>",qwen2.5:3b,3.0,Qwen2.5,87.5
3,non-ordered,True,True,22.0,,,,,semantic_3,cot,15,3,OPAL,"[7, 12, 15]",0.0,1024,512.0,6109,3,GOLF ZULU YANKEE,,,,0,False,False,False,0.0,"[{""name"": ""LANTERN"", ""kind"": ""load"", ""packet"": 7, ""rank"": 1, ""answer"": ""VALID"", ""reported"": true, ""response"": ""INVALID"", ""correct"": false, ""correct_lenient"": false, ""answer_migrated"": false}, {""name"": ""LILAC"", ""kind"": ""load"", ""packet"": 12, ""rank"": 2, ""answer"": ""VALID"", ""reported"": false, ""response"": null, ""correct"": false, ""correct_lenient"": false, ""answer_migrated"": false}, {""name"": ""OPAL"", ""kind"": ""passphrase"", ""packet"": 15, ""rank"": 3, ""answer"": ""GOLF ZULU YANKEE"", ""reported"": false, ""response"": null, ""correct"": false, ""correct_lenient"": false, ""answer_migrated"": false}]",1,0,0.0,22.0,True,False,True,False,False,1.0,0.0,False,"<Thinking>
Packet 07 is Task LANTERN: We have premises that some thrups are grints (all
</Thinking>
<Final_Answers>
- Task LANTERN: INVALID
</Final_Answers>",qwen2.5:3b,3.0,Qwen2.5,87.5
3,non-ordered,True,True,22.0,,,,,semantic_3,cot,6,3,TAPESTRY,"[3, 4, 6]",0.0,1024,512.0,7109,3,BRAVO YANKEE TANGO,,,,0,False,False,False,0.0,"[{""name"": ""SAPPHIRE"", ""kind"": ""load"", ""packet"": 3, ""rank"": 1, ""answer"": ""VALID"", ""reported"": true, ""response"": ""INVALID"", ""correct"": false, ""correct_lenient"": false, ""answer_migrated"": false}, {""name"": ""URCHIN"", ""kind"": ""load"", ""packet"": 4, ""rank"": 2, ""answer"": ""VALID"", ""reported"": false, ""response"": null, ""correct"": false, ""correct_lenient"": false, ""answer_migrated"": false}, {""name"": ""TAPESTRY"", ""kind"": ""passphrase"", ""packet"": 6, ""rank"": 3, ""answer"": ""BRAVO YANKEE TANGO"", ""reported"": false, ""response"": null, ""correct"": false, ""correct_lenient"": false, ""answer_migrated"": false}]",1,0,0.0,22.0,True,False,True,False,False,1.0,0.0,False,"<Thinking>
Packet 03 is Task SAPPHIRE: Given premises - all vorps are blims and all bl
</Thinking>
<Final_Answers>
- Task SAPPHIRE: INVALID
</Final_Answers>",qwen2.5:3b,3.0,Qwen2.5,87.5
3,non-ordered,False,True,44.0,,,,,trivial,cot,3,1,PLATYPUS,"[3, 11, 15]",0.0,1024,512.0,88,3,MIKE GOLF KILO,,,,0,False,False,True,0.5,"[{""name"": ""PLATYPUS"", ""kind"": ""passphrase"", ""packet"": 3, ""rank"": 1, ""answer"": ""MIKE GOLF KILO"", ""reported"": false, ""response"": null, ""correct"": false, ""correct_lenient"": false, ""answer_migrated"": false}, {""name"": ""URCHIN"", ""kind"": ""load"", ""packet"": 11, ""rank"": 2, ""answer"": ""RED"", ""reported"": true, ""response"": ""RED"", ""correct"": true, ""correct_lenient"": true, ""answer_migrated"": false}, {""name"": ""LULLABY"", ""kind"": ""load"", ""packet"": 15, ""rank"": 3, ""answer"": ""EAGLE"", ""reported"": true, ""response"": ""EAGLE</Final_Answers>"", ""correct"": false, ""correct_lenient"": true, ""answer_migrated"": false}]",2,0,0.0,44.0,True,False,True,False,True,3.0,1.0,False,"<Thinking>
Packet 03 is Task PLATYPUS: I must copy the three words MIKE GOLF KILO. Packet 06 is a vacuuming update and not a task. Packet 11 is
</Thinking>
<Final_Answers>
- Task URCHIN: RED
- Task LULLABY: EAGLE</Final_Answers>",qwen2.5:3b,3.0,Qwen2.5,87.5
3,non-ordered,False,True,44.0,,,,,trivial,cot,6,1,NARWHAL,"[6, 7, 8]",0.0,1024,512.0,1088,3,ROMEO VICTOR QUEBEC,,,,0,True,True,True,0.0,"[{""name"": ""NARWHAL"", ""kind"": ""passphrase"", ""packet"": 6, ""rank"": 1, ""answer"": ""ROMEO VICTOR QUEBEC"", ""reported"": true, ""response"": ""ROMEO VICTOR QUEBEC"", ""correct"": true, ""correct_lenient"": true, ""answer_migrated"": false}, {""name"": ""FLAMINGO"", ""kind"": ""load"", ""packet"": 7, ""rank"": 2, ""answer"": ""HAWK"", ""reported"": true, ""response"": ""HAWK</Final_Answers>"", ""correct"": false, ""correct_lenient"": true, ""answer_migrated"": false}, {""name"": ""HEDGEHOG"", ""kind"": ""load"", ""packet"": 8, ""rank"": 3, ""answer"": ""OCEAN"", ""reported"": false, ""response"": null, ""correct"": false, ""correct_lenient"": false, ""answer_migrated"": false}]",2,0,0.0,44.0,True,False,False,False,True,2.0,0.0,False,"<Thinking>
Packet 06 is Task NARWHAL: I must copy-paste the three words ROMEO VICTOR QUEBEC. Packet 07 is Task FLAMINGO: The task's result is
</Thinking>
<Final_Answers>
- Task NARWHAL: ROMEO VICTOR QUEBEC
- Task FLAMINGO: HAWK</Final_Answers>",qwen2.5:3b,3.0,Qwen2.5,87.5
3,non-ordered,False,True,44.0,,,,,trivial,cot,4,1,UNICYCLE,"[4, 7, 13]",0.0,1024,512.0,2088,3,SIERRA PAPA XRAY,,,,0,True,True,True,1.0,"[{""name"": ""UNICYCLE"", ""kind"": ""passphrase"", ""packet"": 4, ""rank"": 1, ""answer"": ""SIERRA PAPA XRAY"", ""reported"": true, ""response"": ""SIERRA PAPA XRAY"", ""correct"": true, ""correct_lenient"": true, ""answer_migrated"": false}, {""name"": ""CHIMNEY"", ""kind"": ""load"", ""packet"": 7, ""rank"": 2, ""answer"": ""SALMON"", ""reported"": true, ""response"": ""SALMON"", ""correct"": true, ""correct_lenient"": true, ""answer_migrated"": false}, {""name"": ""URCHIN"", ""kind"": ""load"", ""packet"": 13, ""rank"": 3, ""answer"": ""SALT"", ""reported"": true, ""response"": ""SALT"", ""correct"": true, ""correct_lenient"": true, ""answer_migrated"": false}]",3,0,0.0,44.0,True,False,False,False,True,2.0,0.0,False,"<Thinking>
Packet 04 is Task UNICYCLE: I must copy the three words SIERRA PAPA XRAY. Packet 07 is Task CHIMNEY: The word to report is SALMON. Packet 
</Thinking>
<Final_Answers>
- Task UNICYCLE: SIERRA PAPA XRAY
- Task CHIMNEY: SALMON
- Task URCHIN: SALT
-</Final_Answers>",qwen2.5:3b,3.0,Qwen2.5,87.5
3,non-ordered,False,True,44.0,,,,,trivial,cot,9,2,TULIP,"[2, 9, 12]",0.0,1024,512.0,3088,3,PAPA INDIA VICTOR,,,,0,True,True,True,0.5,"[{""name"": ""WALNUT"", ""kind"": ""load"", ""packet"": 2, ""rank"": 1, ""answer"": ""SUGAR"", ""reported"": false, ""response"": null, ""correct"": false, ""correct_lenient"": false, ""answer_migrated"": false}, {""name"": ""TULIP"", ""kind"": ""passphrase"", ""packet"": 9, ""rank"": 2, ""answer"": ""PAPA INDIA VICTOR"", ""reported"": true, ""response"": ""PAPA INDIA VICTOR"", ""correct"": true, ""correct_lenient"": true, ""answer_migrated"": false}, {""name"": ""LOBSTER"", ""kind"": ""load"", ""packet"": 12, ""rank"": 3, ""answer"": ""CHAIR"", ""reported"": true, ""response"": ""CHAIR"", ""correct"": true, ""correct_lenient"": true, ""answer_migrated"": false}]",2,0,0.0,44.0,True,False,False,False,True,2.0,1.0,False,"<Thinking>
Packet 08 is Task TULIP: I must copy the three words PAPA INDIA VICTOR. Packet 12 is Task LOBSTER: The word CHAIR is this task's result.
</Thinking>
<Final_Answers>
- Task TULIP: PAPA INDIA VICTOR
- Task LOBSTER: CHAIR
</Final_Answers>",qwen2.5:3b,3.0,Qwen2.5,87.5
3,non-ordered,False,True,44.0,,,,,trivial,cot,13,3,LULLABY,"[2, 11, 13]",0.0,1024,512.0,4088,3,ALPHA HOTEL INDIA,,,,0,False,False,False,0.5,"[{""name"": ""DOLPHIN"", ""kind"": ""load"", ""packet"": 2, ""rank"": 1, ""answer"": ""BRANCH"", ""reported"": false, ""response"": null, ""correct"": false, ""correct_lenient"": false, ""answer_migrated"": false}, {""name"": ""RAVIOLI"", ""kind"": ""load"", ""packet"": 11, ""rank"": 2, ""answer"": ""SPOON"", ""reported"": true, ""response"": ""SPOON"", ""correct"": true, ""correct_lenient"": true, ""answer_migrated"": false}, {""name"": ""LULLABY"", ""kind"": ""passphrase"", ""packet"": 13, ""rank"": 3, ""answer"": ""ALPHA HOTEL INDIA"", ""reported"": true, ""response"": ""ALPHAHOTIND</Final_Answers>"", ""correct"": false, ""correct_lenient"": false, ""answer_migrated"": false}]",2,0,0.0,44.0,True,False,False,False,False,2.0,0.0,False,"<Thinking>
Packet 11 is Task RAVIOLI: I must report the word SPOON as this task's result. Packet 13 is Task LULLABY: I must copy-paste the three
</Thinking>
<Final_Answers>
- Task RAVIOLI: SPOON
- Task LULLABY: ALPHAHOTIND</Final_Answers>",qwen2.5:3b,3.0,Qwen2.5,87.5
3,non-ordered,False,True,44.0,,,,,trivial,cot,8,3,TAPESTRY,"[2, 6, 8]",0.0,1024,512.0,5088,3,WHISKEY ROMEO MIKE,,,,0,True,True,True,1.0,"[{""name"": ""URCHIN"", ""kind"": ""load"", ""packet"": 2, ""rank"": 1, ""answer"": ""LAKE"", ""reported"": true, ""response"": ""LAKE"", ""correct"": true, ""correct_lenient"": true, ""answer_migrated"": false}, {""name"": ""ANCHOVY"", ""kind"": ""load"", ""packet"": 6, ""rank"": 2, ""answer"": ""BLACK"", ""reported"": true, ""response"": ""BLACK"", ""correct"": true, ""correct_lenient"": true, ""answer_migrated"": false}, {""name"": ""TAPESTRY"", ""kind"": ""passphrase"", ""packet"": 8, ""rank"": 3, ""answer"": ""WHISKEY ROMEO MIKE"", ""reported"": true, ""response"": ""WHISKEY ROMEO MIKE"", ""correct"": true, ""correct_lenient"": true, ""answer_migrated"": false}]",3,0,0.0,44.0,True,False,False,False,False,2.0,0.0,False,"<Thinking>
Packet 02 is Task URCHIN: I must report the word LAKE as this task's result. Packet 06 is Task ANCHOVY: The task requires reporting the word BLACK as its result
</Thinking>
<Final_Answers>
- Task URCHIN: LAKE
- Task ANCHOVY: BLACK
- Task TAPESTRY: WHISKEY ROMEO MIKE
- Thinking about remaining packets, they are not tasks and can be skipped.
End of stream.</Final_Answers>",qwen2.5:3b,3.0,Qwen2.5,87.5
3,non-ordered,False,True,44.0,,,,,trivial,cot,7,2,FALCON,"[1, 7, 15]",0.0,1024,512.0,6088,3,QUEBEC JULIET UNIFORM,,,,0,True,True,True,0.0,"[{""name"": ""SNORKEL"", ""kind"": ""load"", ""packet"": 1, ""rank"": 1, ""answer"": ""HORSE"", ""reported"": false, ""response"": null, ""correct"": false, ""correct_lenient"": false, ""answer_migrated"": false}, {""name"": ""FALCON"", ""kind"": ""passphrase"", ""packet"": 7, ""rank"": 2, ""answer"": ""QUEBEC JULIET UNIFORM"", ""reported"": true, ""response"": ""QUEBEC JULIET UNIFORM"", ""correct"": true, ""correct_lenient"": true, ""answer_migrated"": false}, {""name"": ""KAYAK"", ""kind"": ""load"", ""packet"": 15, ""rank"": 3, ""answer"": ""STONE"", ""reported"": true, ""response"": ""STONE</Final_Answers>"", ""correct"": false, ""correct_lenient"": true, ""answer_migrated"": false}]",2,0,0.0,44.0,True,False,False,False,True,2.0,0.0,False,"<Thinking>
Packet 07 is Task FALCON: I must copy-paste the three words QUEBEC JULIET UNIFORM. Packet 15 is Task KAYAK: I must report the word STONE
</Thinking>
<Final_Answers>
- Task FALCON: QUEBEC JULIET UNIFORM
- Task KAYAK: STONE</Final_Answers>",qwen2.5:3b,3.0,Qwen2.5,87.5
3,non-ordered,False,True,44.0,,,,,trivial,cot,4,2,MARBLE,"[1, 4, 5]",0.0,1024,512.0,7088,3,ROMEO BRAVO MIKE,,,,0,False,True,True,0.5,"[{""name"": ""FALCON"", ""kind"": ""load"", ""packet"": 1, ""rank"": 1, ""answer"": ""BOWL"", ""reported"": true, ""response"": ""BOWL"", ""correct"": true, ""correct_lenient"": true, ""answer_migrated"": false}, {""name"": ""MARBLE"", ""kind"": ""passphrase"", ""packet"": 4, ""rank"": 2, ""answer"": ""ROMEO BRAVO MIKE"", ""reported"": true, ""response"": ""ROMEO BRAVO MIKE</Final_Answers>"", ""correct"": false, ""correct_lenient"": true, ""answer_migrated"": false}, {""name"": ""WATERMELON"", ""kind"": ""load"", ""packet"": 5, ""rank"": 3, ""answer"": ""SNAKE"", ""reported"": false, ""response"": null, ""correct"": false, ""correct_lenient"": false, ""answer_migrated"": false}]",2,0,0.0,44.0,True,False,False,False,True,2.0,0.0,False,"<Thinking>
Packet 01 is Task FALCON: The trivial task requires reporting BOWL as its result. Packet 04 is Task MARBLE: Copy-paste of ""ROMEO BRAVO MIKE"" must be
</Thinking>
<Final_Answers>
- Task FALCON: BOWL
- Task MARBLE: ROMEO BRAVO MIKE</Final_Answers>",qwen2.5:3b,3.0,Qwen2.5,87.5
3,non-ordered,True,True,44.0,,,,,trivial,cot,15,3,URCHIN,"[3, 11, 15]",0.0,1024,512.0,88,3,MIKE GOLF KILO,,,,0,False,False,False,1.0,"[{""name"": ""PYRAMID"", ""kind"": ""load"", ""packet"": 3, ""rank"": 1, ""answer"": ""PEACH"", ""reported"": true, ""response"": ""PEACH"", ""correct"": true, ""correct_lenient"": true, ""answer_migrated"": false}, {""name"": ""PLATYPUS"", ""kind"": ""load"", ""packet"": 11, ""rank"": 2, ""answer"": ""RED"", ""reported"": true, ""response"": ""RED"", ""correct"": true, ""correct_lenient"": true, ""answer_migrated"": false}, {""name"": ""URCHIN"", ""kind"": ""passphrase"", ""packet"": 15, ""rank"": 3, ""answer"": ""MIKE GOLF KILO"", ""reported"": false, ""response"": null, ""correct"": false, ""correct_lenient"": false, ""answer_migrated"": false}]",2,0,0.0,44.0,True,False,True,False,False,2.0,0.0,False,"<Thinking>
Packet 03 is Task PYRAMID: The trivial task requires reporting the word PEACH as its result. Packet 11 is Task PLATYPUS: This trivial task requires reporting the word RED as its
</Thinking>
<Final_Answers>
- Task PYRAMID: PEACH
- Task PLATYPUS: RED
</Final_Answers>",qwen2.5:3b,3.0,Qwen2.5,87.5
3,non-ordered,True,True,44.0,,,,,trivial,cot,8,3,FLAMINGO,"[6, 7, 8]",0.0,1024,512.0,1088,3,ROMEO VICTOR QUEBEC,,,,0,False,False,False,0.5,"[{""name"": ""PELICAN"", ""kind"": ""load"", ""packet"": 6, ""rank"": 1, ""answer"": ""PEPPER"", ""reported"": true, ""response"": ""PEPPER"", ""correct"": true, ""correct_lenient"": true, ""answer_migrated"": false}, {""name"": ""NARWHAL"", ""kind"": ""load"", ""packet"": 7, ""rank"": 2, ""answer"": ""HAWK"", ""reported"": true, ""response"": ""HAWK</Final_Answers>"", ""correct"": false, ""correct_lenient"": true, ""answer_migrated"": false}, {""name"": ""FLAMINGO"", ""kind"": ""passphrase"", ""packet"": 8, ""rank"": 3, ""answer"": ""ROMEO VICTOR QUEBEC"", ""reported"": false, ""response"": null, ""correct"": false, ""correct_lenient"": false, ""answer_migrated"": false}]",2,0,0.0,44.0,True,False,True,False,False,3.0,0.0,False,"<Thinking>
Packet 06 is Task PELICAN: The word to report is PEPPER. Packet 07 is Task NARWHAL: The word to report is HAWK. Packet 08 is
</Thinking>
<Final_Answers>
- Task PELICAN: PEPPER
- Task NARWHAL: HAWK</Final_Answers>",qwen2.5:3b,3.0,Qwen2.5,87.5
3,non-ordered,True,True,44.0,,,,,trivial,cot,13,3,CHIMNEY,"[4, 7, 13]",0.0,1024,512.0,2088,3,SIERRA PAPA XRAY,,,,0,False,True,True,0.5,"[{""name"": ""YOGURT"", ""kind"": ""load"", ""packet"": 4, ""rank"": 1, ""answer"": ""TOMATO"", ""reported"": true, ""response"": ""TOMATO"", ""correct"": true, ""correct_lenient"": true, ""answer_migrated"": false}, {""name"": ""UNICYCLE"", ""kind"": ""load"", ""packet"": 7, ""rank"": 2, ""answer"": ""SALMON"", ""reported"": false, ""response"": null, ""correct"": false, ""correct_lenient"": false, ""answer_migrated"": false}, {""name"": ""CHIMNEY"", ""kind"": ""passphrase"", ""packet"": 13, ""rank"": 3, ""answer"": ""SIERRA PAPA XRAY"", ""reported"": true, ""response"": ""SIERRA PAPA XRAY</Final_Answers>"", ""correct"": false, ""correct_lenient"": true, ""answer_migrated"": false}]",2,0,0.0,44.0,True,False,False,False,False,2.0,0.0,False,"<Thinking>
Packet 04 is Task YOGURT: I must report the word TOMATO as this task's result. Packet 13 is Task CHIMNEY: I must copy-paste the three words SIERRA
</Thinking>
<Final_Answers>
- Task YOGURT: TOMATO
- Task CHIMNEY: SIERRA PAPA XRAY</Final_Answers>",qwen2.5:3b,3.0,Qwen2.5,87.5
3,non-ordered,True,True,44.0,,,,,trivial,cot,12,3,TULIP,"[2, 9, 12]",0.0,1024,512.0,3088,3,PAPA INDIA VICTOR,,,,0,True,True,True,1.0,"[{""name"": ""YODEL"", ""kind"": ""load"", ""packet"": 2, ""rank"": 1, ""answer"": ""SHARK"", ""reported"": true, ""response"": ""SHARK"", ""correct"": true, ""correct_lenient"": true, ""answer_migrated"": false}, {""name"": ""WALNUT"", ""kind"": ""load"", ""packet"": 9, ""rank"": 2, ""answer"": ""SUGAR"", ""reported"": true, ""response"": ""SUGAR"", ""correct"": true, ""correct_lenient"": true, ""answer_migrated"": false}, {""name"": ""TULIP"", ""kind"": ""passphrase"", ""packet"": 12, ""rank"": 3, ""answer"": ""PAPA INDIA VICTOR"", ""reported"": true, ""response"": ""PAPA INDIA VICTOR"", ""correct"": true, ""correct_lenient"": true, ""answer_migrated"": false}]",3,0,0.0,44.0,True,False,False,False,False,2.0,0.0,False,"<Thinking>
Packet 02 is Task YODEL: The trivial task requires reporting SHARK as its result. Packet 09 is Task WALNUT: This trivial task requires reporting SUGAR as its result. Packet
</Thinking>
<Final_Answers>
- Task YODEL: SHARK
- Task WALNUT: SUGAR
- Task TULIP: PAPA INDIA VICTOR
-</Final_Answers>",qwen2.5:3b,3.0,Qwen2.5,87.5
3,non-ordered,True,True,44.0,,,,,trivial,cot,13,3,LULLABY,"[2, 11, 13]",0.0,1024,512.0,4088,3,ALPHA HOTEL INDIA,,,,0,False,True,True,1.0,"[{""name"": ""RAVIOLI"", ""kind"": ""load"", ""packet"": 2, ""rank"": 1, ""answer"": ""BRANCH"", ""reported"": true, ""response"": ""BRANCH"", ""correct"": true, ""correct_lenient"": true, ""answer_migrated"": false}, {""name"": ""DOLPHIN"", ""kind"": ""load"", ""packet"": 11, ""rank"": 2, ""answer"": ""SPOON"", ""reported"": true, ""response"": ""SPOON"", ""correct"": true, ""correct_lenient"": true, ""answer_migrated"": false}, {""name"": ""LULLABY"", ""kind"": ""passphrase"", ""packet"": 13, ""rank"": 3, ""answer"": ""ALPHA HOTEL INDIA"", ""reported"": true, ""response"": ""ALPHA HOTEL INDIA</Final_Answers>"", ""correct"": false, ""correct_lenient"": true, ""answer_migrated"": false}]",3,0,0.0,44.0,True,False,False,False,False,2.0,0.0,False,"<Thinking>
Packet 11 is Task DOLPHIN: I must report the word SPOON as this task's result. Packet 02 is Task RAVIOLI: The trivial task requires reporting the word
</Thinking>
<Final_Answers>
- Task DOLPHIN: SPOON
- Task RAVIOLI: BRANCH
- Task LULLABY: ALPHA HOTEL INDIA</Final_Answers>",qwen2.5:3b,3.0,Qwen2.5,87.5
3,non-ordered,True,True,44.0,,,,,trivial,cot,8,3,ANCHOVY,"[2, 6, 8]",0.0,1024,512.0,5088,3,WHISKEY ROMEO MIKE,,,,0,True,True,True,0.5,"[{""name"": ""THIMBLE"", ""kind"": ""load"", ""packet"": 2, ""rank"": 1, ""answer"": ""ROBIN"", ""reported"": true, ""response"": ""ROBIN"", ""correct"": true, ""correct_lenient"": true, ""answer_migrated"": false}, {""name"": ""URCHIN"", ""kind"": ""load"", ""packet"": 6, ""rank"": 2, ""answer"": ""LAKE"", ""reported"": true, ""response"": ""LAKE</Final_Answers>"", ""correct"": false, ""correct_lenient"": true, ""answer_migrated"": false}, {""name"": ""ANCHOVY"", ""kind"": ""passphrase"", ""packet"": 8, ""rank"": 3, ""answer"": ""WHISKEY ROMEO MIKE"", ""reported"": true, ""response"": ""WHISKEY ROMEO MIKE"", ""correct"": true, ""correct_lenient"": true, ""answer_migrated"": false}]",3,0,0.0,44.0,True,False,False,False,False,3.0,0.0,False,"<Thinking>
Packet 02 is Task THIMBLE: The result of this task is ROBIN. Packet 06 is Task URCHIN: The result of this task is LAKE. Packet 08 is Task
</Thinking>
<Final_Answers>
- Task ANCHOVY: WHISKEY ROMEO MIKE
- Task THIMBLE: ROBIN
- Task URCHIN: LAKE</Final_Answers>",qwen2.5:3b,3.0,Qwen2.5,87.5
3,non-ordered,True,True,44.0,,,,,trivial,cot,15,3,FALCON,"[1, 7, 15]",0.0,1024,512.0,6088,3,QUEBEC JULIET UNIFORM,,,,0,False,False,False,0.5,"[{""name"": ""HARMONICA"", ""kind"": ""load"", ""packet"": 1, ""rank"": 1, ""answer"": ""WHALE"", ""reported"": false, ""response"": null, ""correct"": false, ""correct_lenient"": false, ""answer_migrated"": false}, {""name"": ""SNORKEL"", ""kind"": ""load"", ""packet"": 7, ""rank"": 2, ""answer"": ""HORSE"", ""reported"": true, ""response"": ""HORSE"", ""correct"": true, ""correct_lenient"": true, ""answer_migrated"": false}, {""name"": ""FALCON"", ""kind"": ""passphrase"", ""packet"": 15, ""rank"": 3, ""answer"": ""QUEBEC JULIET UNIFORM"", ""reported"": true, ""response"": ""QUEBEC</Final_Answers>"", ""correct"": false, ""correct_lenient"": false, ""answer_migrated"": false}]",2,0,0.0,44.0,True,False,False,False,False,2.0,0.0,False,"<Thinking>
Packet 07 is Task SNORKEL: I must report the word HORSE as this task's result. Packet 15 is Task FALCON: I must copy-paste the three words QUEBEC
</Thinking>
<Final_Answers>
- Task SNORKEL: HORSE
- Task FALCON: QUEBEC</Final_Answers>",qwen2.5:3b,3.0,Qwen2.5,87.5
3,non-ordered,True,True,44.0,,,,,trivial,cot,5,3,MARBLE,"[1, 4, 5]",0.0,1024,512.0,7088,3,ROMEO BRAVO MIKE,,,,0,False,True,True,1.0,"[{""name"": ""FERRET"", ""kind"": ""load"", ""packet"": 1, ""rank"": 1, ""answer"": ""BLUE"", ""reported"": true, ""response"": ""BLUE"", ""correct"": true, ""correct_lenient"": true, ""answer_migrated"": false}, {""name"": ""FALCON"", ""kind"": ""load"", ""packet"": 4, ""rank"": 2, ""answer"": ""BOWL"", ""reported"": true, ""response"": ""BOWL"", ""correct"": true, ""correct_lenient"": true, ""answer_migrated"": false}, {""name"": ""MARBLE"", ""kind"": ""passphrase"", ""packet"": 5, ""rank"": 3, ""answer"": ""ROMEO BRAVO MIKE"", ""reported"": true, ""response"": ""ROMEO BRAVO MIKE</Final_Answers>"", ""correct"": false, ""correct_lenient"": true, ""answer_migrated"": false}]",3,0,0.0,44.0,True,False,False,False,False,3.0,0.0,False,"<Thinking>
Packet 01 is Task FERRET: The result of this task is BLUE. Packet 04 is Task FALCON: The result of this task is BOWL. Packet 05 is Task MAR
</Thinking>
<Final_Answers>
- Task FERRET: BLUE
- Task FALCON: BOWL
- Task MARBLE: ROMEO BRAVO MIKE</Final_Answers>",qwen2.5:3b,3.0,Qwen2.5,87.5
3,non-ordered,False,True,44.0,,,,,semantic_3,cot,1,1,CARNIVAL,"[1, 8, 9]",0.0,1024,512.0,109,3,INDIA HOTEL OSCAR,,,,0,False,False,False,0.0,"[{""name"": ""CARNIVAL"", ""kind"": ""passphrase"", ""packet"": 1, ""rank"": 1, ""answer"": ""INDIA HOTEL OSCAR"", ""reported"": false, ""response"": null, ""correct"": false, ""correct_lenient"": false, ""answer_migrated"": false}, {""name"": ""LILAC"", ""kind"": ""load"", ""packet"": 8, ""rank"": 2, ""answer"": ""NO"", ""reported"": true, ""response"": ""YES"", ""correct"": false, ""correct_lenient"": false, ""answer_migrated"": false}, {""name"": ""KETTLE"", ""kind"": ""load"", ""packet"": 9, ""rank"": 3, ""answer"": ""NO"", ""reported"": false, ""response"": null, ""correct"": false, ""correct_lenient"": false, ""answer_migrated"": false}]",1,0,0.0,44.0,True,False,True,False,False,1.0,0.0,False,"<Thinking>
Packet 08 is Task LILAC: Nick is lighter than Pia, Pia is lighter than Tom, and Tom is lighter than Bob. Therefore, Nick is heavier than Olive. The answer is YES.
</Thinking>
<Final_Answers>
- Task LILAC: YES
-</Final_Answers>",qwen2.5:3b,3.0,Qwen2.5,87.5
3,non-ordered,False,True,44.0,,,,,semantic_3,cot,11,3,LULLABY,"[2, 10, 11]",0.0,1024,512.0,1109,3,MIKE CHARLIE PAPA,,,,0,False,False,False,0.5,"[{""name"": ""LANTERN"", ""kind"": ""load"", ""packet"": 2, ""rank"": 1, ""answer"": ""INVALID"", ""reported"": true, ""response"": ""INVALID"", ""correct"": true, ""correct_lenient"": true, ""answer_migrated"": false}, {""name"": ""THIMBLE"", ""kind"": ""load"", ""packet"": 10, ""rank"": 2, ""answer"": ""INVALID"", ""reported"": false, ""response"": null, ""correct"": false, ""correct_lenient"": false, ""answer_migrated"": false}, {""name"": ""LULLABY"", ""kind"": ""passphrase"", ""packet"": 11, ""rank"": 3, ""answer"": ""MIKE CHARLIE PAPA"", ""reported"": false, ""response"": null, ""correct"": false, ""correct_lenient"": false, ""answer_migrated"": false}]",1,0,0.0,44.0,True,False,True,False,False,1.0,0.0,False,"<Thinking>
Packet 02 is Task LANTERN: Given premises about morks, yarps, plurms, and wugs, we can analyze them as follows. All morks are yarps (Premise
</Thinking>
<Final_Answers>
- Task LANTERN: INVALID
</Final_Answers>",qwen2.5:3b,3.0,Qwen2.5,87.5
3,non-ordered,False,True,44.0,,,,,semantic_3,cot,6,2,CHIMNEY,"[1, 6, 11]",0.0,1024,512.0,2109,3,MIKE ROMEO NOVEMBER,,,,0,False,False,False,0.0,"[{""name"": ""HARMONICA"", ""kind"": ""load"", ""packet"": 1, ""rank"": 1, ""answer"": ""VALID"", ""reported"": true, ""response"": ""INVALID"", ""correct"": false, ""correct_lenient"": false, ""answer_migrated"": false}, {""name"": ""CHIMNEY"", ""kind"": ""passphrase"", ""packet"": 6, ""rank"": 2, ""answer"": ""MIKE ROMEO NOVEMBER"", ""reported"": false, ""response"": null, ""correct"": false, ""correct_lenient"": false, ""answer_migrated"": false}, {""name"": ""WHEELBARROW"", ""kind"": ""load"", ""packet"": 11, ""rank"": 3, ""answer"": ""VALID"", ""reported"": false, ""response"": null, ""correct"": false, ""correct_lenient"": false, ""answer_migrated"": false}]",1,0,0.0,44.0,True,False,True,False,False,1.0,0.0,False,"<Thinking>
Packet 01 is Task HARMONICA: We have premises that all yarps are krants (Y → K), all krants are torps (K → T), and no torps are tr
</Thinking>
<Final_Answers>
- Task HARMONICA: INVALID
</Final_Answers>",qwen2.5:3b,3.0,Qwen2.5,87.5
3,non-ordered,False,True,44.0,,,,,semantic_3,cot,11,3,VELVET,"[7, 10, 11]",0.0,1024,512.0,3109,3,ECHO ZULU HOTEL,,,,0,False,False,False,0.0,"[{""name"": ""UNICYCLE"", ""kind"": ""load"", ""packet"": 7, ""rank"": 1, ""answer"": ""VALID"", ""reported"": true, ""response"": ""INVALID"", ""correct"": false, ""correct_lenient"": false, ""answer_migrated"": false}, {""name"": ""WOMBAT"", ""kind"": ""load"", ""packet"": 10, ""rank"": 2, ""answer"": ""VALID"", ""reported"": false, ""response"": null, ""correct"": false, ""correct_lenient"": false, ""answer_migrated"": false}, {""name"": ""VELVET"", ""kind"": ""passphrase"", ""packet"": 11, ""rank"": 3, ""answer"": ""ECHO ZULU HOTEL"", ""reported"": false, ""response"": null, ""correct"": false, ""correct_lenient"": false, ""answer_migrated"": false}]",1,0,0.0,44.0,True,False,True,False,False,1.0,0.0,False,"<Thinking>
Packet 07 is Task UNICYCLE: Given the premises - all flurbs are snigs (F → S), all snigs are vrils (S → V), and no vrils are grints
</Thinking>
<Final_Answers>
- Task UNICYCLE: INVALID
</Final_Answers>",qwen2.5:3b,3.0,Qwen2.5,87.5
3,non-ordered,False,True,44.0,,,,,semantic_3,cot,9,2,DOLPHIN,"[6, 9, 10]",0.0,1024,512.0,4109,3,JULIET FOXTROT YANKEE,,,,0,False,False,False,0.5,"[{""name"": ""TULIP"", ""kind"": ""load"", ""packet"": 6, ""rank"": 1, ""answer"": ""NO"", ""reported"": true, ""response"": ""NO"", ""correct"": true, ""correct_lenient"": true, ""answer_migrated"": false}, {""name"": ""DOLPHIN"", ""kind"": ""passphrase"", ""packet"": 9, ""rank"": 2, ""answer"": ""JULIET FOXTROT YANKEE"", ""reported"": false, ""response"": null, ""correct"": false, ""correct_lenient"": false, ""answer_migrated"": false}, {""name"": ""WALNUT"", ""kind"": ""load"", ""packet"": 10, ""rank"": 3, ""answer"": ""VALID"", ""reported"": true, ""response"": ""INVALID</Final_Answers>"", ""correct"": false, ""correct_lenient"": false, ""answer_migrated"": false}]",2,0,0.0,44.0,True,False,True,False,False,2.0,0.0,False,"<Thinking>
Packet 06 is Task TULIP: Dave is younger than Ravi, Ravi is younger than Bob, and Bob is younger than Quinn. This means Dave is not older than Bob.
Packet 09
</Thinking>
<Final_Answers>
- Task TULIP: NO
- Task WALNUT: INVALID</Final_Answers>",qwen2.5:3b,3.0,Qwen2.5,87.5
3,non-ordered,False,True,44.0,,,,,semantic_3,cot,5,1,MANDOLIN,"[5, 7, 14]",0.0,1024,512.0,5109,3,MIKE WHISKEY KILO,,,,0,True,True,True,0.5,"[{""name"": ""MANDOLIN"", ""kind"": ""passphrase"", ""packet"": 5, ""rank"": 1, ""answer"": ""MIKE WHISKEY KILO"", ""reported"": true, ""response"": ""MIKE WHISKEY KILO"", ""correct"": true, ""correct_lenient"": true, ""answer_migrated"": false}, {""name"": ""BAGPIPE"", ""kind"": ""load"", ""packet"": 7, ""rank"": 2, ""answer"": ""VALID"", ""reported"": true, ""response"": ""INVALID"", ""correct"": false, ""correct_lenient"": false, ""answer_migrated"": false}, {""name"": ""JASMINE"", ""kind"": ""load"", ""packet"": 14, ""rank"": 3, ""answer"": ""VALID"", ""reported"": true, ""response"": ""VALID"", ""correct"": true, ""correct_lenient"": true, ""answer_migrated"": false}]",3,0,0.0,44.0,True,False,False,False,True,2.0,1.0,False,"<Thinking>
Packet 04 is Task MANDOLIN: I must copy the three words MIKE WHISKEY KILO. Packet 05 - Task BAGPIPE: All flurbs are snigs,
</Thinking>
<Final_Answers>
- Task MANDOLIN: MIKE WHISKEY KILO
- Task BAGPIPE: INVALID
- Task JASMINE: VALID
</Final_Answers>",qwen2.5:3b,3.0,Qwen2.5,87.5
3,non-ordered,False,True,44.0,,,,,semantic_3,cot,7,1,LILAC,"[7, 12, 15]",0.0,1024,512.0,6109,3,GOLF ZULU YANKEE,,,,0,True,True,True,0.0,"[{""name"": ""LILAC"", ""kind"": ""passphrase"", ""packet"": 7, ""rank"": 1, ""answer"": ""GOLF ZULU YANKEE"", ""reported"": true, ""response"": ""GOLF ZULU YANKEE"", ""correct"": true, ""correct_lenient"": true, ""answer_migrated"": false}, {""name"": ""OPAL"", ""kind"": ""load"", ""packet"": 12, ""rank"": 2, ""answer"": ""VALID"", ""reported"": true, ""response"": ""INVALID</Final_Answers>"", ""correct"": false, ""correct_lenient"": false, ""answer_migrated"": false}, {""name"": ""PISTACHIO"", ""kind"": ""load"", ""packet"": 15, ""rank"": 3, ""answer"": ""INVALID"", ""reported"": false, ""response"": null, ""correct"": false, ""correct_lenient"": false, ""answer_migrated"": false}]",2,0,0.0,44.0,True,False,False,False,True,2.0,0.0,False,"<Thinking>
Packet 07 is Task LILAC: I must copy the three words GOLF ZULU YANKEE. Packet 12 is Task OPAL: From the premises provided, we can deduce
</Thinking>
<Final_Answers>
- Task LILAC: GOLF ZULU YANKEE
- Task OPAL: INVALID</Final_Answers>",qwen2.5:3b,3.0,Qwen2.5,87.5
3,non-ordered,False,True,44.0,,,,,semantic_3,cot,3,1,URCHIN,"[3, 4, 6]",0.0,1024,512.0,7109,3,BRAVO YANKEE TANGO,,,,0,True,True,True,0.0,"[{""name"": ""URCHIN"", ""kind"": ""passphrase"", ""packet"": 3, ""rank"": 1, ""answer"": ""BRAVO YANKEE TANGO"", ""reported"": true, ""response"": ""BRAVO YANKEE TANGO"", ""correct"": true, ""correct_lenient"": true, ""answer_migrated"": false}, {""name"": ""TAPESTRY"", ""kind"": ""load"", ""packet"": 4, ""rank"": 2, ""answer"": ""VALID"", ""reported"": false, ""response"": null, ""correct"": false, ""correct_lenient"": false, ""answer_migrated"": false}, {""name"": ""PYRAMID"", ""kind"": ""load"", ""packet"": 6, ""rank"": 3, ""answer"": ""INVALID"", ""reported"": false, ""response"": null, ""correct"": false, ""correct_lenient"": false, ""answer_migrated"": false}]",1,0,0.0,37.0,False,False,False,False,True,1.0,0.0,False,"<Thinking>
Packet 03 is Task URCHIN: I must copy the three words BRAVO YANKEE TANGO. I found 1 tasks in this stream.
</Thinking>  
<Final_Answers>
- Task URCHIN: BRAVO YANKEE TANGO
</Final_Answers>",qwen2.5:3b,3.0,Qwen2.5,87.5
3,non-ordered,True,True,44.0,,,,,semantic_3,cot,9,3,LILAC,"[1, 8, 9]",0.0,1024,512.0,109,3,INDIA HOTEL OSCAR,,,,0,False,True,True,0.5,"[{""name"": ""TOBOGGAN"", ""kind"": ""load"", ""packet"": 1, ""rank"": 1, ""answer"": ""NO"", ""reported"": true, ""response"": ""YES"", ""correct"": false, ""correct_lenient"": false, ""answer_migrated"": false}, {""name"": ""CARNIVAL"", ""kind"": ""load"", ""packet"": 8, ""rank"": 2, ""answer"": ""NO"", ""reported"": true, ""response"": ""NO"", ""correct"": true, ""correct_lenient"": true, ""answer_migrated"": false}, {""name"": ""LILAC"", ""kind"": ""passphrase"", ""packet"": 9, ""rank"": 3, ""answer"": ""INDIA HOTEL OSCAR"", ""reported"": true, ""response"": ""INDIA HOTEL OSCAR</Final_Answers>"", ""correct"": false, ""correct_lenient"": true, ""answer_migrated"": false}]",3,0,0.0,44.0,True,False,False,False,False,2.0,0.0,False,"<Thinking>
Packet 01 is Task TOBOGGAN: Dave is younger than Ravi, Bob, and Quinn. Bob is younger than Leo. Therefore, Dave is older than Bob.
Packet 08 is Task C
</Thinking>
<Final_Answers>
- Task TOBOGGAN: YES
- Task CARNIVAL: NO
- Task LILAC: INDIA HOTEL OSCAR</Final_Answers>",qwen2.5:3b,3.0,Qwen2.5,87.5
3,non-ordered,True,True,44.0,,,,,semantic_3,cot,11,3,THIMBLE,"[2, 10, 11]",0.0,1024,512.0,1109,3,MIKE CHARLIE PAPA,,,,0,False,True,True,0.0,"[{""name"": ""QUICKSAND"", ""kind"": ""load"", ""packet"": 2, ""rank"": 1, ""answer"": ""INVALID"", ""reported"": true, ""response"": ""VALID"", ""correct"": false, ""correct_lenient"": false, ""answer_migrated"": false}, {""name"": ""LANTERN"", ""kind"": ""load"", ""packet"": 10, ""rank"": 2, ""answer"": ""INVALID"", ""reported"": true, ""response"": ""VALID"", ""correct"": false, ""correct_lenient"": false, ""answer_migrated"": false}, {""name"": ""THIMBLE"", ""kind"": ""passphrase"", ""packet"": 11, ""rank"": 3, ""answer"": ""MIKE CHARLIE PAPA"", ""reported"": true, ""response"": ""MIKE CHARLIE PAPA</Final_Answers>"", ""correct"": false, ""correct_lenient"": true, ""answer_migrated"": false}]",3,0,0.0,44.0,True,False,False,False,False,1.0,0.0,False,"<Thinking>
Packet 02 is Task QUICKSAND: Given all mibs are plomps, some plomps are krants, and all krants are pims, it follows that some mibs (plom
</Thinking>
<Final_Answers>
- Task QUICKSAND: VALID
<Thinking>
Packet 09 is Task LANTERN: All morks are yarps, some yarps are plurms, and all plurms are wugs. Therefore, it follows that some morks (plunks) are wugs.
</Thinking>
<Final_Answers>
- Task QUICKSAND: VALID
- Task LANTERN: VALID
<Thinking>
Packet 07 is Task THIMBLE: Copy-paste the words MIKE CHARLIE PAPA.
</Thinking>
<Final_Answers>
- Task THIMBLE: MIKE CHARLIE PAPA</Final_Answers>",qwen2.5:3b,3.0,Qwen2.5,87.5
3,non-ordered,True,True,44.0,,,,,semantic_3,cot,11,3,CHIMNEY,"[1, 6, 11]",0.0,1024,512.0,2109,3,MIKE ROMEO NOVEMBER,,,,0,False,False,False,0.5,"[{""name"": ""OBELISK"", ""kind"": ""load"", ""packet"": 1, ""rank"": 1, ""answer"": ""INVALID"", ""reported"": false, ""response"": null, ""correct"": false, ""correct_lenient"": false, ""answer_migrated"": false}, {""name"": ""HARMONICA"", ""kind"": ""load"", ""packet"": 6, ""rank"": 2, ""answer"": ""VALID"", ""reported"": true, ""response"": ""VALID"", ""correct"": true, ""correct_lenient"": true, ""answer_migrated"": false}, {""name"": ""CHIMNEY"", ""kind"": ""passphrase"", ""packet"": 11, ""rank"": 3, ""answer"": ""MIKE ROMEO NOVEMBER"", ""reported"": false, ""response"": null, ""correct"": false, ""correct_lenient"": false, ""answer_migrated"": false}]",1,0,0.0,44.0,True,False,True,False,False,1.0,0.0,False,"<Thinking>
Packet 06 is Task HARMONICA: Some yarps are krants and all krants are torps. Since no torps are trils, it follows that some yarps (which are
</Thinking>
<Final_Answers>
- Task HARMONICA: VALID
</Final_Answers>",qwen2.5:3b,3.0,Qwen2.5,87.5
3,non-ordered,True,True,44.0,,,,,semantic_3,cot,11,3,WOMBAT,"[7, 10, 11]",0.0,1024,512.0,3109,3,ECHO ZULU HOTEL,,,,0,False,False,False,0.5,"[{""name"": ""NOODLE"", ""kind"": ""load"", ""packet"": 7, ""rank"": 1, ""answer"": ""INVALID"", ""reported"": true, ""response"": ""INVALID"", ""correct"": true, ""correct_lenient"": true, ""answer_migrated"": false}, {""name"": ""UNICYCLE"", ""kind"": ""load"", ""packet"": 10, ""rank"": 2, ""answer"": ""VALID"", ""reported"": false, ""response"": null, ""correct"": false, ""correct_lenient"": false, ""answer_migrated"": false}, {""name"": ""WOMBAT"", ""kind"": ""passphrase"", ""packet"": 11, ""rank"": 3, ""answer"": ""ECHO ZULU HOTEL"", ""reported"": false, ""response"": null, ""correct"": false, ""correct_lenient"": false, ""answer_migrated"": false}]",1,0,0.0,44.0,True,False,True,False,False,1.0,0.0,False,"<Thinking>
Packet 07 is Task NOODLE: We have information about subsets of categories (trils, vorps, gleeps, krants) but no direct relationship between trils and krants. Given this
</Thinking>
<Final_Answers>
- Task NOODLE: INVALID
</Final_Answers>",qwen2.5:3b,3.0,Qwen2.5,87.5
3,non-ordered,True,True,44.0,,,,,semantic_3,cot,10,3,DOLPHIN,"[6, 9, 10]",0.0,1024,512.0,4109,3,JULIET FOXTROT YANKEE,,,,0,False,False,False,0.0,"[{""name"": ""NARWHAL"", ""kind"": ""load"", ""packet"": 6, ""rank"": 1, ""answer"": ""VALID"", ""reported"": true, ""response"": ""INVALID"", ""correct"": false, ""correct_lenient"": false, ""answer_migrated"": false}, {""name"": ""TULIP"", ""kind"": ""load"", ""packet"": 9, ""rank"": 2, ""answer"": ""NO"", ""reported"": false, ""response"": null, ""correct"": false, ""correct_lenient"": false, ""answer_migrated"": false}, {""name"": ""DOLPHIN"", ""kind"": ""passphrase"", ""packet"": 10, ""rank"": 3, ""answer"": ""JULIET FOXTROT YANKEE"", ""reported"": false, ""response"": null, ""correct"": false, ""correct_lenient"": false, ""answer_migrated"": false}]",1,0,0.0,44.0,True,False,True,False,False,1.0,0.0,False,"<Thinking>
Packet 06 is Task NARWHAL: We have premises that some krants are yarps and all yarps are knifs. Therefore, some krants are knifs. Since no knifs
</Thinking>
<Final_Answers>
- Task NARWHAL: INVALID
</Final_Answers>",qwen2.5:3b,3.0,Qwen2.5,87.5
3,non-ordered,True,True,44.0,,,,,semantic_3,cot,14,3,BAGPIPE,"[5, 7, 14]",0.0,1024,512.0,5109,3,MIKE WHISKEY KILO,,,,0,True,True,True,0.0,"[{""name"": ""SAPPHIRE"", ""kind"": ""load"", ""packet"": 5, ""rank"": 1, ""answer"": ""YES"", ""reported"": true, ""response"": ""NO"", ""correct"": false, ""correct_lenient"": false, ""answer_migrated"": false}, {""name"": ""MANDOLIN"", ""kind"": ""load"", ""packet"": 7, ""rank"": 2, ""answer"": ""VALID"", ""reported"": false, ""response"": null, ""correct"": false, ""correct_lenient"": false, ""answer_migrated"": false}, {""name"": ""BAGPIPE"", ""kind"": ""passphrase"", ""packet"": 14, ""rank"": 3, ""answer"": ""MIKE WHISKEY KILO"", ""reported"": true, ""response"": ""MIKE WHISKEY KILO"", ""correct"": true, ""correct_lenient"": true, ""answer_migrated"": false}]",2,0,0.0,44.0,True,False,False,False,False,2.0,0.0,False,"<Thinking>
Packet 05 is Task SAPPHIRE: Sara > Pia > Frank > Hank > Alice. Therefore, Pia is not taller than Hank. The answer is NO.
Packet 14 is Task BAG
</Thinking>
<Final_Answers>
- Task SAPPHIRE: NO
- Task BAGPIPE: MIKE WHISKEY KILO
</Final_Answers>",qwen2.5:3b,3.0,Qwen2.5,87.5
3,non-ordered,True,True,44.0,,,,,semantic_3,cot,15,3,OPAL,"[7, 12, 15]",0.0,1024,512.0,6109,3,GOLF ZULU YANKEE,,,,0,False,False,False,0.5,"[{""name"": ""LANTERN"", ""kind"": ""load"", ""packet"": 7, ""rank"": 1, ""answer"": ""VALID"", ""reported"": true, ""response"": ""VALID"", ""correct"": true, ""correct_lenient"": true, ""answer_migrated"": false}, {""name"": ""LILAC"", ""kind"": ""load"", ""packet"": 12, ""rank"": 2, ""answer"": ""VALID"", ""reported"": false, ""response"": null, ""correct"": false, ""correct_lenient"": false, ""answer_migrated"": false}, {""name"": ""OPAL"", ""kind"": ""passphrase"", ""packet"": 15, ""rank"": 3, ""answer"": ""GOLF ZULU YANKEE"", ""reported"": false, ""response"": null, ""correct"": false, ""correct_lenient"": false, ""answer_migrated"": false}]",1,0,0.0,44.0,True,False,True,False,False,1.0,0.0,False,"<Thinking>
Packet 07 is Task LANTERN: We have premises that some thrups are grints (all grints are zorps and no zorps are plonks). Given this, we can infer
</Thinking>
<Final_Answers>
- Task LANTERN: VALID
</Final_Answers>",qwen2.5:3b,3.0,Qwen2.5,87.5
3,non-ordered,True,True,44.0,,,,,semantic_3,cot,6,3,TAPESTRY,"[3, 4, 6]",0.0,1024,512.0,7109,3,BRAVO YANKEE TANGO,,,,0,False,False,False,0.5,"[{""name"": ""SAPPHIRE"", ""kind"": ""load"", ""packet"": 3, ""rank"": 1, ""answer"": ""VALID"", ""reported"": true, ""response"": ""VALID"", ""correct"": true, ""correct_lenient"": true, ""answer_migrated"": false}, {""name"": ""URCHIN"", ""kind"": ""load"", ""packet"": 4, ""rank"": 2, ""answer"": ""VALID"", ""reported"": false, ""response"": null, ""correct"": false, ""correct_lenient"": false, ""answer_migrated"": false}, {""name"": ""TAPESTRY"", ""kind"": ""passphrase"", ""packet"": 6, ""rank"": 3, ""answer"": ""BRAVO YANKEE TANGO"", ""reported"": false, ""response"": null, ""correct"": false, ""correct_lenient"": false, ""answer_migrated"": false}]",1,0,0.0,44.0,True,False,True,False,False,1.0,0.0,False,"<Thinking>
Packet 03 is Task SAPPHIRE: Given premises - all vorps are blims and all blims are snorfs and no snorfs are gleeks. This logically leads to a conclusion that no
</Thinking>
<Final_Answers>
- Task SAPPHIRE: VALID
</Final_Answers>",qwen2.5:3b,3.0,Qwen2.5,87.5
3,non-ordered,False,True,88.0,,,,,trivial,cot,3,1,PLATYPUS,"[3, 11, 15]",0.0,1024,512.0,88,3,MIKE GOLF KILO,,,,0,True,True,True,0.5,"[{""name"": ""PLATYPUS"", ""kind"": ""passphrase"", ""packet"": 3, ""rank"": 1, ""answer"": ""MIKE GOLF KILO"", ""reported"": true, ""response"": ""MIKE GOLF KILO"", ""correct"": true, ""correct_lenient"": true, ""answer_migrated"": false}, {""name"": ""URCHIN"", ""kind"": ""load"", ""packet"": 11, ""rank"": 2, ""answer"": ""RED"", ""reported"": true, ""response"": ""RED"", ""correct"": true, ""correct_lenient"": true, ""answer_migrated"": false}, {""name"": ""LULLABY"", ""kind"": ""load"", ""packet"": 15, ""rank"": 3, ""answer"": ""EAGLE"", ""reported"": true, ""response"": ""EAGLE</Final_Answers>"", ""correct"": false, ""correct_lenient"": true, ""answer_migrated"": false}]",3,0,0.0,84.0,False,False,False,False,True,4.0,1.0,False,"<Thinking>
Packet 03 is Task PLATYPUS: I must copy the three words MIKE GOLF KILO. Packet 06 is a vacuuming update and not a task. Packet 11 is Task URCHIN: The result of this task is the word RED. Packet 15 is Task LULLABY: This task's result is the word EAGLE.
</Thinking>  
<Final_Answers>
- Task PLATYPUS: MIKE GOLF KILO
- Task URCHIN: RED
- Task LULLABY: EAGLE</Final_Answers>",qwen2.5:3b,3.0,Qwen2.5,87.5
3,non-ordered,False,True,88.0,,,,,trivial,cot,6,1,NARWHAL,"[6, 7, 8]",0.0,1024,512.0,1088,3,ROMEO VICTOR QUEBEC,,,,0,True,True,True,0.5,"[{""name"": ""NARWHAL"", ""kind"": ""passphrase"", ""packet"": 6, ""rank"": 1, ""answer"": ""ROMEO VICTOR QUEBEC"", ""reported"": true, ""response"": ""ROMEO VICTOR QUEBEC"", ""correct"": true, ""correct_lenient"": true, ""answer_migrated"": false}, {""name"": ""FLAMINGO"", ""kind"": ""load"", ""packet"": 7, ""rank"": 2, ""answer"": ""HAWK"", ""reported"": true, ""response"": ""HAWK"", ""correct"": true, ""correct_lenient"": true, ""answer_migrated"": false}, {""name"": ""HEDGEHOG"", ""kind"": ""load"", ""packet"": 8, ""rank"": 3, ""answer"": ""OCEAN"", ""reported"": true, ""response"": ""OCEAN</Final_Answers>"", ""correct"": false, ""correct_lenient"": true, ""answer_migrated"": false}]",3,0,0.0,71.0,False,False,False,False,True,3.0,0.0,False,"<Thinking>
Packet 06 is Task NARWHAL: I must copy-paste the three words ROMEO VICTOR QUEBEC. Packet 07 is Task FLAMINGO: The task's result is HAWK. Packet 08 is Task HEDGEHOG: The task's result is OCEAN.
</Thinking>  
<Final_Answers>
- Task NARWHAL: ROMEO VICTOR QUEBEC
- Task FLAMINGO: HAWK
- Task HEDGEHOG: OCEAN</Final_Answers>",qwen2.5:3b,3.0,Qwen2.5,87.5
3,non-ordered,False,True,88.0,,,,,trivial,cot,4,1,UNICYCLE,"[4, 7, 13]",0.0,1024,512.0,2088,3,SIERRA PAPA XRAY,,,,0,True,True,True,0.5,"[{""name"": ""UNICYCLE"", ""kind"": ""passphrase"", ""packet"": 4, ""rank"": 1, ""answer"": ""SIERRA PAPA XRAY"", ""reported"": true, ""response"": ""SIERRA PAPA XRAY"", ""correct"": true, ""correct_lenient"": true, ""answer_migrated"": false}, {""name"": ""CHIMNEY"", ""kind"": ""load"", ""packet"": 7, ""rank"": 2, ""answer"": ""SALMON"", ""reported"": true, ""response"": ""SALMON"", ""correct"": true, ""correct_lenient"": true, ""answer_migrated"": false}, {""name"": ""URCHIN"", ""kind"": ""load"", ""packet"": 13, ""rank"": 3, ""answer"": ""SALT"", ""reported"": true, ""response"": ""SALT</Final_Answers>"", ""correct"": false, ""correct_lenient"": true, ""answer_migrated"": false}]",3,0,0.0,63.0,False,False,False,False,True,3.0,1.0,False,"<Thinking>
Packet 04 is Task UNICYCLE: I must copy the three words SIERRA PAPA XRAY. Packet 07 is Task CHIMNEY: The word to report is SALMON. Packet 12 is Task URCHIN: The word to report is SALT.
</Thinking>  
<Final_Answers>
- Task UNICYCLE: SIERRA PAPA XRAY
- Task CHIMNEY: SALMON
- Task URCHIN: SALT</Final_Answers>",qwen2.5:3b,3.0,Qwen2.5,87.5
3,non-ordered,False,True,88.0,,,,,trivial,cot,9,2,TULIP,"[2, 9, 12]",0.0,1024,512.0,3088,3,PAPA INDIA VICTOR,,,,0,True,True,True,0.0,"[{""name"": ""WALNUT"", ""kind"": ""load"", ""packet"": 2, ""rank"": 1, ""answer"": ""SUGAR"", ""reported"": false, ""response"": null, ""correct"": false, ""correct_lenient"": false, ""answer_migrated"": false}, {""name"": ""TULIP"", ""kind"": ""passphrase"", ""packet"": 9, ""rank"": 2, ""answer"": ""PAPA INDIA VICTOR"", ""reported"": true, ""response"": ""PAPA INDIA VICTOR"", ""correct"": true, ""correct_lenient"": true, ""answer_migrated"": false}, {""name"": ""LOBSTER"", ""kind"": ""load"", ""packet"": 12, ""rank"": 3, ""answer"": ""CHAIR"", ""reported"": true, ""response"": ""CHAIR</Final_Answers>"", ""correct"": false, ""correct_lenient"": true, ""answer_migrated"": false}]",2,0,0.0,47.0,False,False,False,False,True,2.0,1.0,False,"<Thinking>
Packet 08 is Task TULIP: I must copy the three words PAPA INDIA VICTOR. Packet 12 is Task LOBSTER: The word CHAIR is this task's result.
</Thinking>  
<Final_Answers>
- Task TULIP: PAPA INDIA VICTOR
- Task LOBSTER: CHAIR</Final_Answers>",qwen2.5:3b,3.0,Qwen2.5,87.5
3,non-ordered,False,True,88.0,,,,,trivial,cot,13,3,LULLABY,"[2, 11, 13]",0.0,1024,512.0,4088,3,ALPHA HOTEL INDIA,,,,0,False,False,False,0.5,"[{""name"": ""DOLPHIN"", ""kind"": ""load"", ""packet"": 2, ""rank"": 1, ""answer"": ""BRANCH"", ""reported"": false, ""response"": null, ""correct"": false, ""correct_lenient"": false, ""answer_migrated"": false}, {""name"": ""RAVIOLI"", ""kind"": ""load"", ""packet"": 11, ""rank"": 2, ""answer"": ""SPOON"", ""reported"": true, ""response"": ""SPOON"", ""correct"": true, ""correct_lenient"": true, ""answer_migrated"": false}, {""name"": ""LULLABY"", ""kind"": ""passphrase"", ""packet"": 13, ""rank"": 3, ""answer"": ""ALPHA HOTEL INDIA"", ""reported"": true, ""response"": ""ALFA HOTEL INDIA</Final_Answers>"", ""correct"": false, ""correct_lenient"": false, ""answer_migrated"": false}]",2,0,0.0,55.0,False,False,False,False,False,2.0,0.0,False,"<Thinking>
Packet 11 is Task RAVIOLI: I must report the word SPOON as this task's result. Packet 13 is Task LULLABY: I must copy-paste the three words ALFA HOTEL INDIA.
</Thinking>  
<Final_Answers>
- Task RAVIOLI: SPOON
- Task LULLABY: ALFA HOTEL INDIA</Final_Answers>",qwen2.5:3b,3.0,Qwen2.5,87.5
3,non-ordered,False,True,88.0,,,,,trivial,cot,8,3,TAPESTRY,"[2, 6, 8]",0.0,1024,512.0,5088,3,WHISKEY ROMEO MIKE,,,,0,True,True,True,1.0,"[{""name"": ""URCHIN"", ""kind"": ""load"", ""packet"": 2, ""rank"": 1, ""answer"": ""LAKE"", ""reported"": true, ""response"": ""LAKE"", ""correct"": true, ""correct_lenient"": true, ""answer_migrated"": false}, {""name"": ""ANCHOVY"", ""kind"": ""load"", ""packet"": 6, ""rank"": 2, ""answer"": ""BLACK"", ""reported"": true, ""response"": ""BLACK"", ""correct"": true, ""correct_lenient"": true, ""answer_migrated"": false}, {""name"": ""TAPESTRY"", ""kind"": ""passphrase"", ""packet"": 8, ""rank"": 3, ""answer"": ""WHISKEY ROMEO MIKE"", ""reported"": true, ""response"": ""WHISKEY ROMEO MIKE"", ""correct"": true, ""correct_lenient"": true, ""answer_migrated"": false}]",3,0,0.0,79.0,False,False,False,False,True,3.0,0.0,False,"<Thinking>
Packet 02 is Task URCHIN: I must report the word LAKE as this task's result. Packet 06 is Task ANCHOVY: The task requires reporting the word BLACK as its result. Packet 08 is Task TAPESTRY: Copy-paste of three words ""WHISKEY ROMEO MIKE"" needs to be performed.
</Thinking>  
<Final_Answers>
- Task URCHIN: LAKE
- Task ANCHOVY: BLACK
- Task TAPESTRY: WHISKEY ROMEO MIKE
</Final_Answers>",qwen2.5:3b,3.0,Qwen2.5,87.5
3,non-ordered,False,True,88.0,,,,,trivial,cot,7,2,FALCON,"[1, 7, 15]",0.0,1024,512.0,6088,3,QUEBEC JULIET UNIFORM,,,,0,True,True,True,0.0,"[{""name"": ""SNORKEL"", ""kind"": ""load"", ""packet"": 1, ""rank"": 1, ""answer"": ""HORSE"", ""reported"": false, ""response"": null, ""correct"": false, ""correct_lenient"": false, ""answer_migrated"": false}, {""name"": ""FALCON"", ""kind"": ""passphrase"", ""packet"": 7, ""rank"": 2, ""answer"": ""QUEBEC JULIET UNIFORM"", ""reported"": true, ""response"": ""QUEBEC JULIET UNIFORM"", ""correct"": true, ""correct_lenient"": true, ""answer_migrated"": false}, {""name"": ""KAYAK"", ""kind"": ""load"", ""packet"": 15, ""rank"": 3, ""answer"": ""STONE"", ""reported"": true, ""response"": ""STONE</Final_Answers>"", ""correct"": false, ""correct_lenient"": true, ""answer_migrated"": false}]",2,0,0.0,53.0,False,False,False,False,True,2.0,0.0,False,"<Thinking>
Packet 07 is Task FALCON: I must copy-paste the three words QUEBEC JULIET UNIFORM. Packet 15 is Task KAYAK: I must report the word STONE as this task's result.
</Thinking>  
<Final_Answers>
- Task FALCON: QUEBEC JULIET UNIFORM
- Task KAYAK: STONE</Final_Answers>",qwen2.5:3b,3.0,Qwen2.5,87.5
3,non-ordered,False,True,88.0,,,,,trivial,cot,4,2,MARBLE,"[1, 4, 5]",0.0,1024,512.0,7088,3,ROMEO BRAVO MIKE,,,,0,True,True,True,1.0,"[{""name"": ""FALCON"", ""kind"": ""load"", ""packet"": 1, ""rank"": 1, ""answer"": ""BOWL"", ""reported"": true, ""response"": ""BOWL"", ""correct"": true, ""correct_lenient"": true, ""answer_migrated"": false}, {""name"": ""MARBLE"", ""kind"": ""passphrase"", ""packet"": 4, ""rank"": 2, ""answer"": ""ROMEO BRAVO MIKE"", ""reported"": true, ""response"": ""ROMEO BRAVO MIKE"", ""correct"": true, ""correct_lenient"": true, ""answer_migrated"": false}, {""name"": ""WATERMELON"", ""kind"": ""load"", ""packet"": 5, ""rank"": 3, ""answer"": ""SNAKE"", ""reported"": true, ""response"": ""SNAKE"", ""correct"": true, ""correct_lenient"": true, ""answer_migrated"": false}]",3,0,0.0,73.0,False,False,False,False,True,3.0,0.0,False,"<Thinking>
Packet 01 is Task FALCON: The trivial task requires reporting BOWL as its result. Packet 04 is Task MARBLE: Copy-paste of ""ROMEO BRAVO MIKE"" must be performed. Packet 05 is Task WATERMELON: This trivial task demands the word SNAKE to be reported.
</Thinking>  
<Final_Answers>
- Task FALCON: BOWL
- Task MARBLE: ROMEO BRAVO MIKE
- Task WATERMELON: SNAKE
</Final_Answers>",qwen2.5:3b,3.0,Qwen2.5,87.5
3,non-ordered,True,True,88.0,,,,,trivial,cot,15,3,URCHIN,"[3, 11, 15]",0.0,1024,512.0,88,3,MIKE GOLF KILO,,,,0,False,True,True,1.0,"[{""name"": ""PYRAMID"", ""kind"": ""load"", ""packet"": 3, ""rank"": 1, ""answer"": ""PEACH"", ""reported"": true, ""response"": ""PEACH"", ""correct"": true, ""correct_lenient"": true, ""answer_migrated"": false}, {""name"": ""PLATYPUS"", ""kind"": ""load"", ""packet"": 11, ""rank"": 2, ""answer"": ""RED"", ""reported"": true, ""response"": ""RED"", ""correct"": true, ""correct_lenient"": true, ""answer_migrated"": false}, {""name"": ""URCHIN"", ""kind"": ""passphrase"", ""packet"": 15, ""rank"": 3, ""answer"": ""MIKE GOLF KILO"", ""reported"": true, ""response"": ""MIKE GOLF KILO</Final_Answers>"", ""correct"": false, ""correct_lenient"": true, ""answer_migrated"": false}]",3,0,0.0,75.0,False,False,False,False,True,3.0,0.0,False,"<Thinking>
Packet 03 is Task PYRAMID: The trivial task requires reporting the word PEACH as its result. Packet 11 is Task PLATYPUS: This trivial task requires reporting the word RED as its result. Packet 15 is Task URCHIN: I must copy-paste the three words MIKE GOLF KILO.
</Thinking>  
<Final_Answers>
- Task PYRAMID: PEACH
- Task PLATYPUS: RED
- Task URCHIN: MIKE GOLF KILO</Final_Answers>",qwen2.5:3b,3.0,Qwen2.5,87.5
3,non-ordered,True,True,88.0,,,,,trivial,cot,8,3,FLAMINGO,"[6, 7, 8]",0.0,1024,512.0,1088,3,ROMEO VICTOR QUEBEC,,,,0,False,False,True,1.0,"[{""name"": ""PELICAN"", ""kind"": ""load"", ""packet"": 6, ""rank"": 1, ""answer"": ""PEPPER"", ""reported"": true, ""response"": ""PEPPER"", ""correct"": true, ""correct_lenient"": true, ""answer_migrated"": false}, {""name"": ""NARWHAL"", ""kind"": ""load"", ""packet"": 7, ""rank"": 2, ""answer"": ""HAWK"", ""reported"": true, ""response"": ""HAWK"", ""correct"": true, ""correct_lenient"": true, ""answer_migrated"": false}, {""name"": ""FLAMINGO"", ""kind"": ""passphrase"", ""packet"": 8, ""rank"": 3, ""answer"": ""ROMEO VICTOR QUEBEC"", ""reported"": true, ""response"": ""ROMEO VICTOR QUEBC</Final_Answers>"", ""correct"": false, ""correct_lenient"": false, ""answer_migrated"": false}]",3,0,0.0,68.0,False,False,False,False,True,3.0,0.0,False,"<Thinking>
Packet 06 is Task PELICAN: The word to report is PEPPER. Packet 07 is Task NARWHAL: The word to report is HAWK. Packet 08 is Task FLAMINGO: I must copy the three words ROMEO VICTOR QUEBEC.
</Thinking>  
<Final_Answers>
- Task PELICAN: PEPPER
- Task NARWHAL: HAWK
- Task FLAMINGO: ROMEO VICTOR QUEBC</Final_Answers>",qwen2.5:3b,3.0,Qwen2.5,87.5
3,non-ordered,True,True,88.0,,,,,trivial,cot,13,3,CHIMNEY,"[4, 7, 13]",0.0,1024,512.0,2088,3,SIERRA PAPA XRAY,,,,0,False,True,True,0.5,"[{""name"": ""YOGURT"", ""kind"": ""load"", ""packet"": 4, ""rank"": 1, ""answer"": ""TOMATO"", ""reported"": true, ""response"": ""TOMATO"", ""correct"": true, ""correct_lenient"": true, ""answer_migrated"": false}, {""name"": ""UNICYCLE"", ""kind"": ""load"", ""packet"": 7, ""rank"": 2, ""answer"": ""SALMON"", ""reported"": false, ""response"": null, ""correct"": false, ""correct_lenient"": false, ""answer_migrated"": false}, {""name"": ""CHIMNEY"", ""kind"": ""passphrase"", ""packet"": 13, ""rank"": 3, ""answer"": ""SIERRA PAPA XRAY"", ""reported"": true, ""response"": ""SIERRA PAPA XRAY</Final_Answers>"", ""correct"": false, ""correct_lenient"": true, ""answer_migrated"": false}]",2,0,0.0,52.0,False,False,False,False,True,2.0,0.0,False,"<Thinking>
Packet 04 is Task YOGURT: I must report the word TOMATO as this task's result. Packet 13 is Task CHIMNEY: I must copy-paste the three words SIERRA PAPA XRAY.
</Thinking>  
<Final_Answers>
- Task YOGURT: TOMATO
- Task CHIMNEY: SIERRA PAPA XRAY</Final_Answers>",qwen2.5:3b,3.0,Qwen2.5,87.5
3,non-ordered,True,True,88.0,,,,,trivial,cot,12,3,TULIP,"[2, 9, 12]",0.0,1024,512.0,3088,3,PAPA INDIA VICTOR,,,,0,False,True,True,1.0,"[{""name"": ""YODEL"", ""kind"": ""load"", ""packet"": 2, ""rank"": 1, ""answer"": ""SHARK"", ""reported"": true, ""response"": ""SHARK"", ""correct"": true, ""correct_lenient"": true, ""answer_migrated"": false}, {""name"": ""WALNUT"", ""kind"": ""load"", ""packet"": 9, ""rank"": 2, ""answer"": ""SUGAR"", ""reported"": true, ""response"": ""SUGAR"", ""correct"": true, ""correct_lenient"": true, ""answer_migrated"": false}, {""name"": ""TULIP"", ""kind"": ""passphrase"", ""packet"": 12, ""rank"": 3, ""answer"": ""PAPA INDIA VICTOR"", ""reported"": true, ""response"": ""PAPA INDIA VICTOR</Final_Answers>"", ""correct"": false, ""correct_lenient"": true, ""answer_migrated"": false}]",3,0,0.0,81.0,False,False,False,False,True,3.0,0.0,False,"<Thinking>
Packet 02 is Task YODEL: The trivial task requires reporting SHARK as its result. Packet 09 is Task WALNUT: This trivial task requires reporting SUGAR as its result. Packet 12 is Task TULIP: Copy-paste of the words PAPA INDIA VICTOR must be done. I found three tasks in this stream.
</Thinking>  
<Final_Answers>
- Task YODEL: SHARK
- Task WALNUT: SUGAR
- Task TULIP: PAPA INDIA VICTOR</Final_Answers>",qwen2.5:3b,3.0,Qwen2.5,87.5
3,non-ordered,True,True,88.0,,,,,trivial,cot,13,3,LULLABY,"[2, 11, 13]",0.0,1024,512.0,4088,3,ALPHA HOTEL INDIA,,,,0,False,True,True,1.0,"[{""name"": ""RAVIOLI"", ""kind"": ""load"", ""packet"": 2, ""rank"": 1, ""answer"": ""BRANCH"", ""reported"": true, ""response"": ""BRANCH"", ""correct"": true, ""correct_lenient"": true, ""answer_migrated"": false}, {""name"": ""DOLPHIN"", ""kind"": ""load"", ""packet"": 11, ""rank"": 2, ""answer"": ""SPOON"", ""reported"": true, ""response"": ""SPOON"", ""correct"": true, ""correct_lenient"": true, ""answer_migrated"": false}, {""name"": ""LULLABY"", ""kind"": ""passphrase"", ""packet"": 13, ""rank"": 3, ""answer"": ""ALPHA HOTEL INDIA"", ""reported"": true, ""response"": ""ALPHA HOTEL INDIA</Final_Answers>"", ""correct"": false, ""correct_lenient"": true, ""answer_migrated"": false}]",3,0,0.0,57.0,False,False,False,False,False,2.0,0.0,False,"<Thinking>
Packet 11 is Task DOLPHIN: I must report the word SPOON as this task's result. Packet 02 is Task RAVIOLI: The trivial task requires reporting the word BRANCH, so that is my next answer.
</Thinking>  
<Final_Answers>
- Task DOLPHIN: SPOON
- Task RAVIOLI: BRANCH
- Task LULLABY: ALPHA HOTEL INDIA</Final_Answers>",qwen2.5:3b,3.0,Qwen2.5,87.5
3,non-ordered,True,True,88.0,,,,,trivial,cot,8,3,ANCHOVY,"[2, 6, 8]",0.0,1024,512.0,5088,3,WHISKEY ROMEO MIKE,,,,0,True,True,True,1.0,"[{""name"": ""THIMBLE"", ""kind"": ""load"", ""packet"": 2, ""rank"": 1, ""answer"": ""ROBIN"", ""reported"": true, ""response"": ""ROBIN"", ""correct"": true, ""correct_lenient"": true, ""answer_migrated"": false}, {""name"": ""URCHIN"", ""kind"": ""load"", ""packet"": 6, ""rank"": 2, ""answer"": ""LAKE"", ""reported"": true, ""response"": ""LAKE"", ""correct"": true, ""correct_lenient"": true, ""answer_migrated"": false}, {""name"": ""ANCHOVY"", ""kind"": ""passphrase"", ""packet"": 8, ""rank"": 3, ""answer"": ""WHISKEY ROMEO MIKE"", ""reported"": true, ""response"": ""WHISKEY ROMEO MIKE"", ""correct"": true, ""correct_lenient"": true, ""answer_migrated"": false}]",3,0,0.0,66.0,False,False,False,False,True,3.0,0.0,False,"<Thinking>
Packet 02 is Task THIMBLE: The result of this task is ROBIN. Packet 06 is Task URCHIN: The result of this task is LAKE. Packet 08 is Task ANCHOVY: The result of this task is WHISKEY ROMEO MIKE.
</Thinking>  
<Final_Answers>
- Task THIMBLE: ROBIN
- Task URCHIN: LAKE
- Task ANCHOVY: WHISKEY ROMEO MIKE
</Final_Answers>",qwen2.5:3b,3.0,Qwen2.5,87.5
3,non-ordered,True,True,88.0,,,,,trivial,cot,15,3,FALCON,"[1, 7, 15]",0.0,1024,512.0,6088,3,QUEBEC JULIET UNIFORM,,,,0,False,True,True,0.5,"[{""name"": ""HARMONICA"", ""kind"": ""load"", ""packet"": 1, ""rank"": 1, ""answer"": ""WHALE"", ""reported"": false, ""response"": null, ""correct"": false, ""correct_lenient"": false, ""answer_migrated"": false}, {""name"": ""SNORKEL"", ""kind"": ""load"", ""packet"": 7, ""rank"": 2, ""answer"": ""HORSE"", ""reported"": true, ""response"": ""HORSE"", ""correct"": true, ""correct_lenient"": true, ""answer_migrated"": false}, {""name"": ""FALCON"", ""kind"": ""passphrase"", ""packet"": 15, ""rank"": 3, ""answer"": ""QUEBEC JULIET UNIFORM"", ""reported"": true, ""response"": ""QUEBEC JULIET UNIFORM</Final_Answers>"", ""correct"": false, ""correct_lenient"": true, ""answer_migrated"": false}]",2,0,0.0,53.0,False,False,False,False,True,2.0,0.0,False,"<Thinking>
Packet 07 is Task SNORKEL: I must report the word HORSE as this task's result. Packet 15 is Task FALCON: I must copy-paste the three words QUEBEC JULIET UNIFORM.
</Thinking>  
<Final_Answers>
- Task SNORKEL: HORSE
- Task FALCON: QUEBEC JULIET UNIFORM</Final_Answers>",qwen2.5:3b,3.0,Qwen2.5,87.5
3,non-ordered,True,True,88.0,,,,,trivial,cot,5,3,MARBLE,"[1, 4, 5]",0.0,1024,512.0,7088,3,ROMEO BRAVO MIKE,,,,0,False,True,True,1.0,"[{""name"": ""FERRET"", ""kind"": ""load"", ""packet"": 1, ""rank"": 1, ""answer"": ""BLUE"", ""reported"": true, ""response"": ""BLUE"", ""correct"": true, ""correct_lenient"": true, ""answer_migrated"": false}, {""name"": ""FALCON"", ""kind"": ""load"", ""packet"": 4, ""rank"": 2, ""answer"": ""BOWL"", ""reported"": true, ""response"": ""BOWL"", ""correct"": true, ""correct_lenient"": true, ""answer_migrated"": false}, {""name"": ""MARBLE"", ""kind"": ""passphrase"", ""packet"": 5, ""rank"": 3, ""answer"": ""ROMEO BRAVO MIKE"", ""reported"": true, ""response"": ""ROMEO BRAVO MIKE</Final_Answers>"", ""correct"": false, ""correct_lenient"": true, ""answer_migrated"": false}]",3,0,0.0,64.0,False,False,False,False,True,3.0,0.0,False,"<Thinking>
Packet 01 is Task FERRET: The result of this task is BLUE. Packet 04 is Task FALCON: The result of this task is BOWL. Packet 05 is Task MARBLE: I must copy-paste the three words ROMEO BRAVO MIKE.
</Thinking>  
<Final_Answers>
- Task FERRET: BLUE
- Task FALCON: BOWL
- Task MARBLE: ROMEO BRAVO MIKE</Final_Answers>",qwen2.5:3b,3.0,Qwen2.5,87.5
3,non-ordered,False,True,88.0,,,,,semantic_3,cot,1,1,CARNIVAL,"[1, 8, 9]",0.0,1024,512.0,109,3,INDIA HOTEL OSCAR,,,,0,False,False,False,0.0,"[{""name"": ""CARNIVAL"", ""kind"": ""passphrase"", ""packet"": 1, ""rank"": 1, ""answer"": ""INDIA HOTEL OSCAR"", ""reported"": false, ""response"": null, ""correct"": false, ""correct_lenient"": false, ""answer_migrated"": false}, {""name"": ""LILAC"", ""kind"": ""load"", ""packet"": 8, ""rank"": 2, ""answer"": ""NO"", ""reported"": true, ""response"": ""YES"", ""correct"": false, ""correct_lenient"": false, ""answer_migrated"": false}, {""name"": ""KETTLE"", ""kind"": ""load"", ""packet"": 9, ""rank"": 3, ""answer"": ""NO"", ""reported"": true, ""response"": ""NO</Final_Answers>"", ""correct"": false, ""correct_lenient"": true, ""answer_migrated"": false}]",2,0,0.0,88.0,True,False,True,False,False,2.0,0.0,False,"<Thinking>
Packet 08 is Task LILAC: Nick is lighter than Pia, Pia is lighter than Tom, and Tom is lighter than Bob. Therefore, Nick is heavier than Olive. The answer is YES.
Packet 09 is Task KETTLE: Leo is lighter than Dave, Dave is lighter than Mona, and Mona is lighter than Pia. Since Pia is lighter than Sara, Leo is not heavier than
</Thinking>
<Final_Answers>
- Task LILAC: YES
- Task KETTLE: NO</Final_Answers>",qwen2.5:3b,3.0,Qwen2.5,87.5
3,non-ordered,False,True,88.0,,,,,semantic_3,cot,11,3,LULLABY,"[2, 10, 11]",0.0,1024,512.0,1109,3,MIKE CHARLIE PAPA,,,,0,False,False,False,0.5,"[{""name"": ""LANTERN"", ""kind"": ""load"", ""packet"": 2, ""rank"": 1, ""answer"": ""INVALID"", ""reported"": true, ""response"": ""INVALID"", ""correct"": true, ""correct_lenient"": true, ""answer_migrated"": false}, {""name"": ""THIMBLE"", ""kind"": ""load"", ""packet"": 10, ""rank"": 2, ""answer"": ""INVALID"", ""reported"": false, ""response"": null, ""correct"": false, ""correct_lenient"": false, ""answer_migrated"": false}, {""name"": ""LULLABY"", ""kind"": ""passphrase"", ""packet"": 11, ""rank"": 3, ""answer"": ""MIKE CHARLIE PAPA"", ""reported"": false, ""response"": null, ""correct"": false, ""correct_lenient"": false, ""answer_migrated"": false}]",1,0,0.0,88.0,True,False,True,False,False,1.0,0.0,False,"<Thinking>
Packet 02 is Task LANTERN: Given premises about morks, yarps, plurms, and wugs, we can analyze them as follows. All morks are yarps (Premise 1), some yarps are plurms (Premise 2), all plurms are wugs (Premise 3). From Premises 1 and 2, we know that some morks are
</Thinking>
<Final_Answers>
- Task LANTERN: INVALID
</Final_Answers>",qwen2.5:3b,3.0,Qwen2.5,87.5
3,non-ordered,False,True,88.0,,,,,semantic_3,cot,6,2,CHIMNEY,"[1, 6, 11]",0.0,1024,512.0,2109,3,MIKE ROMEO NOVEMBER,,,,0,True,True,True,0.0,"[{""name"": ""HARMONICA"", ""kind"": ""load"", ""packet"": 1, ""rank"": 1, ""answer"": ""VALID"", ""reported"": true, ""response"": ""INVALID"", ""correct"": false, ""correct_lenient"": false, ""answer_migrated"": false}, {""name"": ""CHIMNEY"", ""kind"": ""passphrase"", ""packet"": 6, ""rank"": 2, ""answer"": ""MIKE ROMEO NOVEMBER"", ""reported"": true, ""response"": ""MIKE ROMEO NOVEMBER"", ""correct"": true, ""correct_lenient"": true, ""answer_migrated"": false}, {""name"": ""WHEELBARROW"", ""kind"": ""load"", ""packet"": 11, ""rank"": 3, ""answer"": ""VALID"", ""reported"": false, ""response"": null, ""correct"": false, ""correct_lenient"": false, ""answer_migrated"": false}]",2,0,0.0,88.0,True,False,False,False,False,2.0,0.0,False,"<Thinking>
Packet 01 is Task HARMONICA: We have premises that all yarps are krants (Y → K), all krants are torps (K → T), and no torps are trils (T ⊥ T). From these, we cannot conclude anything about whether some yarps are not trils. Therefore, the answer is INVALID.
Packet 06 is Task CHIMNEY: I must
</Thinking>
<Final_Answers>
- Task HARMONICA: INVALID
- Task CHIMNEY: MIKE ROMEO NOVEMBER
</Final_Answers>",qwen2.5:3b,3.0,Qwen2.5,87.5
3,non-ordered,False,True,88.0,,,,,semantic_3,cot,11,3,VELVET,"[7, 10, 11]",0.0,1024,512.0,3109,3,ECHO ZULU HOTEL,,,,0,False,False,False,0.0,"[{""name"": ""UNICYCLE"", ""kind"": ""load"", ""packet"": 7, ""rank"": 1, ""answer"": ""VALID"", ""reported"": true, ""response"": ""INVALID"", ""correct"": false, ""correct_lenient"": false, ""answer_migrated"": false}, {""name"": ""WOMBAT"", ""kind"": ""load"", ""packet"": 10, ""rank"": 2, ""answer"": ""VALID"", ""reported"": false, ""response"": null, ""correct"": false, ""correct_lenient"": false, ""answer_migrated"": false}, {""name"": ""VELVET"", ""kind"": ""passphrase"", ""packet"": 11, ""rank"": 3, ""answer"": ""ECHO ZULU HOTEL"", ""reported"": false, ""response"": null, ""correct"": false, ""correct_lenient"": false, ""answer_migrated"": false}]",1,0,0.0,88.0,True,False,True,False,False,1.0,0.0,False,"<Thinking>
Packet 07 is Task UNICYCLE: Given the premises - all flurbs are snigs (F → S), all snigs are vrils (S → V), and no vrils are grints (V → ¬G) - we can deduce that if there were any flurbs, they would be part of a chain leading to grints. However, the premises do not provide information about whether there are
</Thinking>
<Final_Answers>
- Task UNICYCLE: INVALID
</Final_Answers>",qwen2.5:3b,3.0,Qwen2.5,87.5
3,non-ordered,False,True,88.0,,,,,semantic_3,cot,9,2,DOLPHIN,"[6, 9, 10]",0.0,1024,512.0,4109,3,JULIET FOXTROT YANKEE,,,,0,True,True,True,0.5,"[{""name"": ""TULIP"", ""kind"": ""load"", ""packet"": 6, ""rank"": 1, ""answer"": ""NO"", ""reported"": true, ""response"": ""NO"", ""correct"": true, ""correct_lenient"": true, ""answer_migrated"": false}, {""name"": ""DOLPHIN"", ""kind"": ""passphrase"", ""packet"": 9, ""rank"": 2, ""answer"": ""JULIET FOXTROT YANKEE"", ""reported"": true, ""response"": ""JULIET FOXTROT YANKEE"", ""correct"": true, ""correct_lenient"": true, ""answer_migrated"": false}, {""name"": ""WALNUT"", ""kind"": ""load"", ""packet"": 10, ""rank"": 3, ""answer"": ""VALID"", ""reported"": true, ""response"": ""INVALID</Final_Answers>"", ""correct"": false, ""correct_lenient"": false, ""answer_migrated"": false}]",3,0,0.0,88.0,True,False,False,False,True,3.0,1.0,False,"<Thinking>
Packet 06 is Task TULIP: Dave is younger than Ravi, Ravi is younger than Bob, and Bob is younger than Quinn. This means Dave is not older than Bob.
Packet 09 is Task DOLPHIN: I must copy the three words JULIET FOXTROT YANKEE.
Packet 15 is Task WALNUT: Given some wozzles are smegs
</Thinking>
<Final_Answers>
- Task TULIP: NO
- Task DOLPHIN: JULIET FOXTROT YANKEE
- Task WALNUT: INVALID</Final_Answers>",qwen2.5:3b,3.0,Qwen2.5,87.5
3,non-ordered,False,True,88.0,,,,,semantic_3,cot,5,1,MANDOLIN,"[5, 7, 14]",0.0,1024,512.0,5109,3,MIKE WHISKEY KILO,,,,0,True,True,True,0.5,"[{""name"": ""MANDOLIN"", ""kind"": ""passphrase"", ""packet"": 5, ""rank"": 1, ""answer"": ""MIKE WHISKEY KILO"", ""reported"": true, ""response"": ""MIKE WHISKEY KILO"", ""correct"": true, ""correct_lenient"": true, ""answer_migrated"": false}, {""name"": ""BAGPIPE"", ""kind"": ""load"", ""packet"": 7, ""rank"": 2, ""answer"": ""VALID"", ""reported"": true, ""response"": ""INVALID"", ""correct"": false, ""correct_lenient"": false, ""answer_migrated"": false}, {""name"": ""JASMINE"", ""kind"": ""load"", ""packet"": 14, ""rank"": 3, ""answer"": ""VALID"", ""reported"": true, ""response"": ""VALID"", ""correct"": true, ""correct_lenient"": true, ""answer_migrated"": false}]",3,0,0.0,88.0,True,False,False,False,True,3.0,1.0,False,"<Thinking>
Packet 04 is Task MANDOLIN: I must copy the three words MIKE WHISKEY KILO. Packet 05 - Task BAGPIPE: All flurbs are snigs, all snigs are vrils, and no vrils are grints. Therefore, it follows that no flurbs can be grints. Packet 07 is Task MANDOLIN: I must copy the
</Thinking>
<Final_Answers>
- Task MANDOLIN: MIKE WHISKEY KILO
- Task BAGPIPE: INVALID
- Thinking continued:
Packet 14 is Task JASMINE: All flurbs are wozzles, all wozzles are klemps, and no klemps are snorfs. Therefore, it follows that no flurbs can be snorfs.
- Task JASMINE: VALID
</Final_Answers>",qwen2.5:3b,3.0,Qwen2.5,87.5
3,non-ordered,False,True,88.0,,,,,semantic_3,cot,7,1,LILAC,"[7, 12, 15]",0.0,1024,512.0,6109,3,GOLF ZULU YANKEE,,,,0,True,True,True,0.5,"[{""name"": ""LILAC"", ""kind"": ""passphrase"", ""packet"": 7, ""rank"": 1, ""answer"": ""GOLF ZULU YANKEE"", ""reported"": true, ""response"": ""GOLF ZULU YANKEE"", ""correct"": true, ""correct_lenient"": true, ""answer_migrated"": false}, {""name"": ""OPAL"", ""kind"": ""load"", ""packet"": 12, ""rank"": 2, ""answer"": ""VALID"", ""reported"": true, ""response"": ""VALID"", ""correct"": true, ""correct_lenient"": true, ""answer_migrated"": false}, {""name"": ""PISTACHIO"", ""kind"": ""load"", ""packet"": 15, ""rank"": 3, ""answer"": ""INVALID"", ""reported"": true, ""response"": ""INVALID</Final_Answers>"", ""correct"": false, ""correct_lenient"": true, ""answer_migrated"": false}]",3,0,0.0,88.0,True,False,False,False,True,2.0,0.0,False,"<Thinking>
Packet 07 is Task LILAC: I must copy the three words GOLF ZULU YANKEE. Packet 12 is Task OPAL: From the premises provided, we can deduce that no pims are morks because if all pims are gleeps and all gleeps are grints but no grints are morks, then by transitivity, no pims can be morks
</Thinking>
<Final_Answers>
- Task LILAC: GOLF ZULU YANKEE
- Task OPAL: VALID
- Task PISTACHIO: INVALID</Final_Answers>",qwen2.5:3b,3.0,Qwen2.5,87.5
3,non-ordered,False,True,88.0,,,,,semantic_3,cot,3,1,URCHIN,"[3, 4, 6]",0.0,1024,512.0,7109,3,BRAVO YANKEE TANGO,,,,0,True,True,True,0.0,"[{""name"": ""URCHIN"", ""kind"": ""passphrase"", ""packet"": 3, ""rank"": 1, ""answer"": ""BRAVO YANKEE TANGO"", ""reported"": true, ""response"": ""BRAVO YANKEE TANGO"", ""correct"": true, ""correct_lenient"": true, ""answer_migrated"": false}, {""name"": ""TAPESTRY"", ""kind"": ""load"", ""packet"": 4, ""rank"": 2, ""answer"": ""VALID"", ""reported"": false, ""response"": null, ""correct"": false, ""correct_lenient"": false, ""answer_migrated"": false}, {""name"": ""PYRAMID"", ""kind"": ""load"", ""packet"": 6, ""rank"": 3, ""answer"": ""INVALID"", ""reported"": false, ""response"": null, ""correct"": false, ""correct_lenient"": false, ""answer_migrated"": false}]",1,0,0.0,37.0,False,False,False,False,True,1.0,0.0,False,"<Thinking>
Packet 03 is Task URCHIN: I must copy the three words BRAVO YANKEE TANGO. I found 1 tasks in this stream.
</Thinking>  
<Final_Answers>
- Task URCHIN: BRAVO YANKEE TANGO
</Final_Answers>",qwen2.5:3b,3.0,Qwen2.5,87.5
3,non-ordered,True,True,88.0,,,,,semantic_3,cot,9,3,LILAC,"[1, 8, 9]",0.0,1024,512.0,109,3,INDIA HOTEL OSCAR,,,,0,False,False,False,0.0,"[{""name"": ""TOBOGGAN"", ""kind"": ""load"", ""packet"": 1, ""rank"": 1, ""answer"": ""NO"", ""reported"": true, ""response"": ""YES"", ""correct"": false, ""correct_lenient"": false, ""answer_migrated"": false}, {""name"": ""CARNIVAL"", ""kind"": ""load"", ""packet"": 8, ""rank"": 2, ""answer"": ""NO"", ""reported"": true, ""response"": ""YES"", ""correct"": false, ""correct_lenient"": false, ""answer_migrated"": false}, {""name"": ""LILAC"", ""kind"": ""passphrase"", ""packet"": 9, ""rank"": 3, ""answer"": ""INDIA HOTEL OSCAR"", ""reported"": false, ""response"": null, ""correct"": false, ""correct_lenient"": false, ""answer_migrated"": false}]",2,0,0.0,77.0,False,False,True,False,False,2.0,0.0,False,"<Thinking>
Packet 01 is Task TOBOGGAN: Dave is younger than Ravi, Bob, and Quinn. Bob is younger than Leo. Therefore, Dave is older than Bob.
Packet 08 is Task CARNIVAL: Nick is lighter than Pia, Tom, and Bob. Bob is lighter than Olive. This means that Nick is heavier than Olive.
</Thinking>  
<Final_Answers>
- Task TOBOGGAN: YES
- Task CARNIVAL: YES
</Final_Answers>",qwen2.5:3b,3.0,Qwen2.5,87.5
3,non-ordered,True,True,88.0,,,,,semantic_3,cot,11,3,THIMBLE,"[2, 10, 11]",0.0,1024,512.0,1109,3,MIKE CHARLIE PAPA,,,,0,False,False,False,0.0,"[{""name"": ""QUICKSAND"", ""kind"": ""load"", ""packet"": 2, ""rank"": 1, ""answer"": ""INVALID"", ""reported"": true, ""response"": ""VALID"", ""correct"": false, ""correct_lenient"": false, ""answer_migrated"": false}, {""name"": ""LANTERN"", ""kind"": ""load"", ""packet"": 10, ""rank"": 2, ""answer"": ""INVALID"", ""reported"": true, ""response"": ""VALID"", ""correct"": false, ""correct_lenient"": false, ""answer_migrated"": false}, {""name"": ""THIMBLE"", ""kind"": ""passphrase"", ""packet"": 11, ""rank"": 3, ""answer"": ""MIKE CHARLIE PAPA"", ""reported"": false, ""response"": null, ""correct"": false, ""correct_lenient"": false, ""answer_migrated"": false}]",2,0,0.0,88.0,True,False,True,False,False,2.0,0.0,False,"<Thinking>
Packet 02 is Task QUICKSAND: Given all mibs are plomps, some plomps are krants, and all krants are pims, it follows that some mibs (plomps) are pims. The answer is VALID.
Packet 10 is Task LANTERN: All morks are yarps, some yarps are plurms, and all plurms are wugs
</Thinking>
<Final_Answers>
- Task QUICKSAND: VALID
- Task LANTERN: VALID
</Final_Answers>",qwen2.5:3b,3.0,Qwen2.5,87.5
3,non-ordered,True,True,88.0,,,,,semantic_3,cot,11,3,CHIMNEY,"[1, 6, 11]",0.0,1024,512.0,2109,3,MIKE ROMEO NOVEMBER,,,,0,True,True,True,0.5,"[{""name"": ""OBELISK"", ""kind"": ""load"", ""packet"": 1, ""rank"": 1, ""answer"": ""INVALID"", ""reported"": false, ""response"": null, ""correct"": false, ""correct_lenient"": false, ""answer_migrated"": false}, {""name"": ""HARMONICA"", ""kind"": ""load"", ""packet"": 6, ""rank"": 2, ""answer"": ""VALID"", ""reported"": true, ""response"": ""VALID"", ""correct"": true, ""correct_lenient"": true, ""answer_migrated"": false}, {""name"": ""CHIMNEY"", ""kind"": ""passphrase"", ""packet"": 11, ""rank"": 3, ""answer"": ""MIKE ROMEO NOVEMBER"", ""reported"": true, ""response"": ""MIKE ROMEO NOVEMBER"", ""correct"": true, ""correct_lenient"": true, ""answer_migrated"": false}]",2,0,0.0,88.0,True,False,False,False,True,2.0,0.0,False,"<Thinking>
Packet 06 is Task HARMONICA: Some yarps are krants and all krants are torps. Since no torps are trils, it follows that some yarps (which are a subset of krants) cannot be trils. The answer is VALID.
Packet 11 is Task CHIMNEY: I must copy the three words MIKE ROMEO NOVEMBER. I found 2
</Thinking>
<Final_Answers>
- Task HARMONICA: VALID
- Task CHIMNEY: MIKE ROMEO NOVEMBER
</Final_Answers>",qwen2.5:3b,3.0,Qwen2.5,87.5
3,non-ordered,True,True,88.0,,,,,semantic_3,cot,11,3,WOMBAT,"[7, 10, 11]",0.0,1024,512.0,3109,3,ECHO ZULU HOTEL,,,,0,False,True,True,0.5,"[{""name"": ""NOODLE"", ""kind"": ""load"", ""packet"": 7, ""rank"": 1, ""answer"": ""INVALID"", ""reported"": true, ""response"": ""INVALID"", ""correct"": true, ""correct_lenient"": true, ""answer_migrated"": false}, {""name"": ""UNICYCLE"", ""kind"": ""load"", ""packet"": 10, ""rank"": 2, ""answer"": ""VALID"", ""reported"": true, ""response"": ""NO"", ""correct"": false, ""correct_lenient"": false, ""answer_migrated"": false}, {""name"": ""WOMBAT"", ""kind"": ""passphrase"", ""packet"": 11, ""rank"": 3, ""answer"": ""ECHO ZULU HOTEL"", ""reported"": true, ""response"": ""ECHO ZULU HOTEL</Final_Answers>"", ""correct"": false, ""correct_lenient"": true, ""answer_migrated"": false}]",3,0,0.0,88.0,True,False,False,False,False,2.0,1.0,False,"<Thinking>
Packet 07 is Task NOODLE: We have information about subsets of categories (trils, vorps, gleeps, krants) but no direct relationship between trils and krants. Given this limited information, it's not possible to definitively conclude that some trils are krants. The answer is INVALID.
Packet 08 is Task UNICYCLE: We have a chain of subset relationships (flur
</Thinking>
<Final_Answers>
- Task NOODLE: INVALID
- Task UNICYCLE: NO
- Task WOMBAT: ECHO ZULU HOTEL</Final_Answers>",qwen2.5:3b,3.0,Qwen2.5,87.5
3,non-ordered,True,True,88.0,,,,,semantic_3,cot,10,3,DOLPHIN,"[6, 9, 10]",0.0,1024,512.0,4109,3,JULIET FOXTROT YANKEE,,,,0,False,False,False,0.5,"[{""name"": ""NARWHAL"", ""kind"": ""load"", ""packet"": 6, ""rank"": 1, ""answer"": ""VALID"", ""reported"": true, ""response"": ""VALID"", ""correct"": true, ""correct_lenient"": true, ""answer_migrated"": false}, {""name"": ""TULIP"", ""kind"": ""load"", ""packet"": 9, ""rank"": 2, ""answer"": ""NO"", ""reported"": true, ""response"": ""YES"", ""correct"": false, ""correct_lenient"": false, ""answer_migrated"": false}, {""name"": ""DOLPHIN"", ""kind"": ""passphrase"", ""packet"": 10, ""rank"": 3, ""answer"": ""JULIET FOXTROT YANKEE"", ""reported"": false, ""response"": null, ""correct"": false, ""correct_lenient"": false, ""answer_migrated"": false}]",2,0,0.0,88.0,True,False,True,False,False,2.0,1.0,False,"<Thinking>
Packet 06 is Task NARWHAL: We have premises that some krants are yarps and all yarps are knifs. Therefore, some krants are knifs. Since no knifs are snicks, it follows that some krants are not snicks.
Packet 08 is Task TULIP: Dave is younger than Ravi, Ravi is younger than Bob, Bob is younger than Quinn
</Thinking>
<Final_Answers>
- Task NARWHAL: VALID
- Task TULIP: YES
</Final_Answers>",qwen2.5:3b,3.0,Qwen2.5,87.5
3,non-ordered,True,True,88.0,,,,,semantic_3,cot,14,3,BAGPIPE,"[5, 7, 14]",0.0,1024,512.0,5109,3,MIKE WHISKEY KILO,,,,0,True,True,True,0.0,"[{""name"": ""SAPPHIRE"", ""kind"": ""load"", ""packet"": 5, ""rank"": 1, ""answer"": ""YES"", ""reported"": true, ""response"": ""NO"", ""correct"": false, ""correct_lenient"": false, ""answer_migrated"": false}, {""name"": ""MANDOLIN"", ""kind"": ""load"", ""packet"": 7, ""rank"": 2, ""answer"": ""VALID"", ""reported"": false, ""response"": null, ""correct"": false, ""correct_lenient"": false, ""answer_migrated"": false}, {""name"": ""BAGPIPE"", ""kind"": ""passphrase"", ""packet"": 14, ""rank"": 3, ""answer"": ""MIKE WHISKEY KILO"", ""reported"": true, ""response"": ""MIKE WHISKEY KILO"", ""correct"": true, ""correct_lenient"": true, ""answer_migrated"": false}]",2,0,0.0,64.0,False,False,False,False,True,2.0,0.0,False,"<Thinking>
Packet 05 is Task SAPPHIRE: Sara > Pia > Frank > Hank > Alice. Therefore, Pia is not taller than Hank. The answer is NO.
Packet 14 is Task BAGPIPE: I must copy the three words MIKE WHISKEY KILO.
</Thinking>  
<Final_Answers>
- Task SAPPHIRE: NO
- Task BAGPIPE: MIKE WHISKEY KILO
</Final_Answers>",qwen2.5:3b,3.0,Qwen2.5,87.5
3,non-ordered,True,True,88.0,,,,,semantic_3,cot,15,3,OPAL,"[7, 12, 15]",0.0,1024,512.0,6109,3,GOLF ZULU YANKEE,,,,0,False,True,True,0.5,"[{""name"": ""LANTERN"", ""kind"": ""load"", ""packet"": 7, ""rank"": 1, ""answer"": ""VALID"", ""reported"": true, ""response"": ""INVALID"", ""correct"": false, ""correct_lenient"": false, ""answer_migrated"": false}, {""name"": ""LILAC"", ""kind"": ""load"", ""packet"": 12, ""rank"": 2, ""answer"": ""VALID"", ""reported"": true, ""response"": ""VALID"", ""correct"": true, ""correct_lenient"": true, ""answer_migrated"": false}, {""name"": ""OPAL"", ""kind"": ""passphrase"", ""packet"": 15, ""rank"": 3, ""answer"": ""GOLF ZULU YANKEE"", ""reported"": true, ""response"": ""GOLF ZULU YANKEE</Final_Answers>"", ""correct"": false, ""correct_lenient"": true, ""answer_migrated"": false}]",3,0,0.0,88.0,True,False,False,False,False,1.0,0.0,False,"<Thinking>
Packet 07 is Task LANTERN: We have premises that some thrups are grints (all grints are zorps and no zorps are plonks). Given this, we can infer that if all thrups were to be considered, they would also fall under the category of grints. Since there's no overlap between grints and plonks, it follows that some thrups must not be pl
</Thinking>
<Final_Answers>
- Task LANTERN: INVALID
- Task LILAC: VALID
- Task OPAL: GOLF ZULU YANKEE</Final_Answers>",qwen2.5:3b,3.0,Qwen2.5,87.5
3,non-ordered,True,True,88.0,,,,,semantic_3,cot,6,3,TAPESTRY,"[3, 4, 6]",0.0,1024,512.0,7109,3,BRAVO YANKEE TANGO,,,,0,False,False,False,0.5,"[{""name"": ""SAPPHIRE"", ""kind"": ""load"", ""packet"": 3, ""rank"": 1, ""answer"": ""VALID"", ""reported"": true, ""response"": ""VALID"", ""correct"": true, ""correct_lenient"": true, ""answer_migrated"": false}, {""name"": ""URCHIN"", ""kind"": ""load"", ""packet"": 4, ""rank"": 2, ""answer"": ""VALID"", ""reported"": true, ""response"": ""INVALID"", ""correct"": false, ""correct_lenient"": false, ""answer_migrated"": false}, {""name"": ""TAPESTRY"", ""kind"": ""passphrase"", ""packet"": 6, ""rank"": 3, ""answer"": ""BRAVO YANKEE TANGO"", ""reported"": false, ""response"": null, ""correct"": false, ""correct_lenient"": false, ""answer_migrated"": false}]",2,0,0.0,88.0,True,False,True,False,False,2.0,0.0,False,"<Thinking>
Packet 03 is Task SAPPHIRE: Given premises - all vorps are blims and all blims are snorfs and no snorfs are gleeks. This logically leads to a conclusion that no vorps can be gleeks, as they would have to go through the chain of being blims and then snorfs before reaching gleeks. The answer is VALID.
Packet 04 is Task URCHIN
</Thinking>
<Final_Answers>
- Task SAPPHIRE: VALID
- Task URCHIN: INVALID
</Final_Answers>",qwen2.5:3b,3.0,Qwen2.5,87.5
3,non-ordered,False,True,,,,,,trivial,cot,3,1,PLATYPUS,"[3, 11, 15]",0.0,1024,,88,3,MIKE GOLF KILO,,,,0,True,True,True,1.0,"[{""name"": ""PLATYPUS"", ""kind"": ""passphrase"", ""packet"": 3, ""rank"": 1, ""answer"": ""MIKE GOLF KILO"", ""reported"": true, ""response"": ""MIKE GOLF KILO"", ""correct"": true, ""correct_lenient"": true, ""answer_migrated"": false}, {""name"": ""URCHIN"", ""kind"": ""load"", ""packet"": 11, ""rank"": 2, ""answer"": ""RED"", ""reported"": true, ""response"": ""RED"", ""correct"": true, ""correct_lenient"": true, ""answer_migrated"": false}, {""name"": ""LULLABY"", ""kind"": ""load"", ""packet"": 15, ""rank"": 3, ""answer"": ""EAGLE"", ""reported"": true, ""response"": ""EAGLE"", ""correct"": true, ""correct_lenient"": true, ""answer_migrated"": false}]",3,0,0.0,,,False,False,False,True,4.0,1.0,False,"<Thinking>
Packet 03 is Task PLATYPUS: I must copy the three words MIKE GOLF KILO. Packet 06 is a vacuuming update and not a task. Packet 11 is Task URCHIN: The result of this task is the word RED. Packet 15 is Task LULLABY: This task's result is the word EAGLE.
</Thinking>
<Final_Answers>
- Task PLATYPUS: MIKE GOLF KILO
- Task URCHIN: RED
- Task LULLABY: EAGLE",qwen2.5:3b,3.0,Qwen2.5,87.5
3,non-ordered,False,True,,,,,,trivial,cot,6,1,NARWHAL,"[6, 7, 8]",0.0,1024,,1088,3,ROMEO VICTOR QUEBEC,,,,0,True,True,True,1.0,"[{""name"": ""NARWHAL"", ""kind"": ""passphrase"", ""packet"": 6, ""rank"": 1, ""answer"": ""ROMEO VICTOR QUEBEC"", ""reported"": true, ""response"": ""ROMEO VICTOR QUEBEC"", ""correct"": true, ""correct_lenient"": true, ""answer_migrated"": false}, {""name"": ""FLAMINGO"", ""kind"": ""load"", ""packet"": 7, ""rank"": 2, ""answer"": ""HAWK"", ""reported"": true, ""response"": ""HAWK"", ""correct"": true, ""correct_lenient"": true, ""answer_migrated"": false}, {""name"": ""HEDGEHOG"", ""kind"": ""load"", ""packet"": 8, ""rank"": 3, ""answer"": ""OCEAN"", ""reported"": true, ""response"": ""OCEAN"", ""correct"": true, ""correct_lenient"": true, ""answer_migrated"": false}]",3,0,0.0,,,False,False,False,True,3.0,0.0,False,"<Thinking>
Packet 06 is Task NARWHAL: I must copy-paste the three words ROMEO VICTOR QUEBEC. Packet 07 is Task FLAMINGO: The task's result is HAWK. Packet 08 is Task HEDGEHOG: The task's result is OCEAN.
</Thinking>
<Final_Answers>
- Task NARWHAL: ROMEO VICTOR QUEBEC
- Task FLAMINGO: HAWK
- Task HEDGEHOG: OCEAN",qwen2.5:3b,3.0,Qwen2.5,87.5
3,non-ordered,False,True,,,,,,trivial,cot,4,1,UNICYCLE,"[4, 7, 13]",0.0,1024,,2088,3,SIERRA PAPA XRAY,,,,0,True,True,True,1.0,"[{""name"": ""UNICYCLE"", ""kind"": ""passphrase"", ""packet"": 4, ""rank"": 1, ""answer"": ""SIERRA PAPA XRAY"", ""reported"": true, ""response"": ""SIERRA PAPA XRAY"", ""correct"": true, ""correct_lenient"": true, ""answer_migrated"": false}, {""name"": ""CHIMNEY"", ""kind"": ""load"", ""packet"": 7, ""rank"": 2, ""answer"": ""SALMON"", ""reported"": true, ""response"": ""SALMON"", ""correct"": true, ""correct_lenient"": true, ""answer_migrated"": false}, {""name"": ""URCHIN"", ""kind"": ""load"", ""packet"": 13, ""rank"": 3, ""answer"": ""SALT"", ""reported"": true, ""response"": ""SALT"", ""correct"": true, ""correct_lenient"": true, ""answer_migrated"": false}]",3,0,0.0,,,False,False,False,True,3.0,1.0,False,"<Thinking>
Packet 04 is Task UNICYCLE: I must copy the three words SIERRA PAPA XRAY. Packet 07 is Task CHIMNEY: The word to report is SALMON. Packet 12 is Task URCHIN: The word to report is SALT.
</Thinking>
<Final_Answers>
- Task UNICYCLE: SIERRA PAPA XRAY
- Task CHIMNEY: SALMON
- Task URCHIN: SALT",qwen2.5:3b,3.0,Qwen2.5,87.5
3,non-ordered,False,True,,,,,,trivial,cot,9,2,TULIP,"[2, 9, 12]",0.0,1024,,3088,3,PAPA INDIA VICTOR,,,,0,True,True,True,0.5,"[{""name"": ""WALNUT"", ""kind"": ""load"", ""packet"": 2, ""rank"": 1, ""answer"": ""SUGAR"", ""reported"": false, ""response"": null, ""correct"": false, ""correct_lenient"": false, ""answer_migrated"": false}, {""name"": ""TULIP"", ""kind"": ""passphrase"", ""packet"": 9, ""rank"": 2, ""answer"": ""PAPA INDIA VICTOR"", ""reported"": true, ""response"": ""PAPA INDIA VICTOR"", ""correct"": true, ""correct_lenient"": true, ""answer_migrated"": false}, {""name"": ""LOBSTER"", ""kind"": ""load"", ""packet"": 12, ""rank"": 3, ""answer"": ""CHAIR"", ""reported"": true, ""response"": ""CHAIR"", ""correct"": true, ""correct_lenient"": true, ""answer_migrated"": false}]",2,0,0.0,,,False,False,False,True,2.0,1.0,False,"<Thinking>
Packet 08 is Task TULIP: I must copy the three words PAPA INDIA VICTOR. Packet 12 is Task LOBSTER: The word CHAIR is this task's result.
</Thinking>
<Final_Answers>
- Task TULIP: PAPA INDIA VICTOR
- Task LOBSTER: CHAIR
",qwen2.5:3b,3.0,Qwen2.5,87.5
3,non-ordered,False,True,,,,,,trivial,cot,13,3,LULLABY,"[2, 11, 13]",0.0,1024,,4088,3,ALPHA HOTEL INDIA,,,,0,False,False,False,0.5,"[{""name"": ""DOLPHIN"", ""kind"": ""load"", ""packet"": 2, ""rank"": 1, ""answer"": ""BRANCH"", ""reported"": false, ""response"": null, ""correct"": false, ""correct_lenient"": false, ""answer_migrated"": false}, {""name"": ""RAVIOLI"", ""kind"": ""load"", ""packet"": 11, ""rank"": 2, ""answer"": ""SPOON"", ""reported"": true, ""response"": ""SPOON"", ""correct"": true, ""correct_lenient"": true, ""answer_migrated"": false}, {""name"": ""LULLABY"", ""kind"": ""passphrase"", ""packet"": 13, ""rank"": 3, ""answer"": ""ALPHA HOTEL INDIA"", ""reported"": true, ""response"": ""ALFA HOTEL INDIA"", ""correct"": false, ""correct_lenient"": false, ""answer_migrated"": false}]",2,0,0.0,,,False,False,False,False,2.0,0.0,False,"<Thinking>
Packet 11 is Task RAVIOLI: I must report the word SPOON as this task's result. Packet 13 is Task LULLABY: I must copy-paste the three words ALFA HOTEL INDIA.
</Thinking>
<Final_Answers>
- Task RAVIOLI: SPOON
- Task LULLABY: ALFA HOTEL INDIA",qwen2.5:3b,3.0,Qwen2.5,87.5
3,non-ordered,False,True,,,,,,trivial,cot,8,3,TAPESTRY,"[2, 6, 8]",0.0,1024,,5088,3,WHISKEY ROMEO MIKE,,,,0,True,True,True,1.0,"[{""name"": ""URCHIN"", ""kind"": ""load"", ""packet"": 2, ""rank"": 1, ""answer"": ""LAKE"", ""reported"": true, ""response"": ""LAKE"", ""correct"": true, ""correct_lenient"": true, ""answer_migrated"": false}, {""name"": ""ANCHOVY"", ""kind"": ""load"", ""packet"": 6, ""rank"": 2, ""answer"": ""BLACK"", ""reported"": true, ""response"": ""BLACK"", ""correct"": true, ""correct_lenient"": true, ""answer_migrated"": false}, {""name"": ""TAPESTRY"", ""kind"": ""passphrase"", ""packet"": 8, ""rank"": 3, ""answer"": ""WHISKEY ROMEO MIKE"", ""reported"": true, ""response"": ""WHISKEY ROMEO MIKE"", ""correct"": true, ""correct_lenient"": true, ""answer_migrated"": false}]",3,0,0.0,,,False,False,False,True,3.0,0.0,False,"<Thinking>
Packet 02 is Task URCHIN: I must report the word LAKE as this task's result. Packet 06 is Task ANCHOVY: The task requires reporting the word BLACK as its result. Packet 08 is Task TAPESTRY: Copy-paste of three words ""WHISKEY ROMEO MIKE"" needs to be performed.
</Thinking>
<Final_Answers>
- Task URCHIN: LAKE
- Task ANCHOVY: BLACK
- Task TAPESTRY: WHISKEY ROMEO MIKE
",qwen2.5:3b,3.0,Qwen2.5,87.5
3,non-ordered,False,True,,,,,,trivial,cot,7,2,FALCON,"[1, 7, 15]",0.0,1024,,6088,3,QUEBEC JULIET UNIFORM,,,,0,True,True,True,0.5,"[{""name"": ""SNORKEL"", ""kind"": ""load"", ""packet"": 1, ""rank"": 1, ""answer"": ""HORSE"", ""reported"": false, ""response"": null, ""correct"": false, ""correct_lenient"": false, ""answer_migrated"": false}, {""name"": ""FALCON"", ""kind"": ""passphrase"", ""packet"": 7, ""rank"": 2, ""answer"": ""QUEBEC JULIET UNIFORM"", ""reported"": true, ""response"": ""QUEBEC JULIET UNIFORM"", ""correct"": true, ""correct_lenient"": true, ""answer_migrated"": false}, {""name"": ""KAYAK"", ""kind"": ""load"", ""packet"": 15, ""rank"": 3, ""answer"": ""STONE"", ""reported"": true, ""response"": ""STONE"", ""correct"": true, ""correct_lenient"": true, ""answer_migrated"": false}]",2,0,0.0,,,False,False,False,True,2.0,0.0,False,"<Thinking>
Packet 07 is Task FALCON: I must copy-paste the three words QUEBEC JULIET UNIFORM. Packet 15 is Task KAYAK: I must report the word STONE as this task's result.
</Thinking>
<Final_Answers>
- Task FALCON: QUEBEC JULIET UNIFORM
- Task KAYAK: STONE
",qwen2.5:3b,3.0,Qwen2.5,87.5
3,non-ordered,False,True,,,,,,trivial,cot,4,2,MARBLE,"[1, 4, 5]",0.0,1024,,7088,3,ROMEO BRAVO MIKE,,,,0,True,True,True,1.0,"[{""name"": ""FALCON"", ""kind"": ""load"", ""packet"": 1, ""rank"": 1, ""answer"": ""BOWL"", ""reported"": true, ""response"": ""BOWL"", ""correct"": true, ""correct_lenient"": true, ""answer_migrated"": false}, {""name"": ""MARBLE"", ""kind"": ""passphrase"", ""packet"": 4, ""rank"": 2, ""answer"": ""ROMEO BRAVO MIKE"", ""reported"": true, ""response"": ""ROMEO BRAVO MIKE"", ""correct"": true, ""correct_lenient"": true, ""answer_migrated"": false}, {""name"": ""WATERMELON"", ""kind"": ""load"", ""packet"": 5, ""rank"": 3, ""answer"": ""SNAKE"", ""reported"": true, ""response"": ""SNAKE"", ""correct"": true, ""correct_lenient"": true, ""answer_migrated"": false}]",3,0,0.0,,,False,False,False,True,3.0,0.0,False,"<Thinking>
Packet 01 is Task FALCON: The trivial task requires reporting BOWL as its result. Packet 04 is Task MARBLE: Copy-paste of ""ROMEO BRAVO MIKE"" must be performed. Packet 05 is Task WATERMELON: This trivial task demands the word SNAKE to be reported.
</Thinking>
<Final_Answers>
- Task FALCON: BOWL
- Task MARBLE: ROMEO BRAVO MIKE
- Task WATERMELON: SNAKE
",qwen2.5:3b,3.0,Qwen2.5,87.5
3,non-ordered,True,True,,,,,,trivial,cot,15,3,URCHIN,"[3, 11, 15]",0.0,1024,,88,3,MIKE GOLF KILO,,,,0,True,True,True,1.0,"[{""name"": ""PYRAMID"", ""kind"": ""load"", ""packet"": 3, ""rank"": 1, ""answer"": ""PEACH"", ""reported"": true, ""response"": ""PEACH"", ""correct"": true, ""correct_lenient"": true, ""answer_migrated"": false}, {""name"": ""PLATYPUS"", ""kind"": ""load"", ""packet"": 11, ""rank"": 2, ""answer"": ""RED"", ""reported"": true, ""response"": ""RED"", ""correct"": true, ""correct_lenient"": true, ""answer_migrated"": false}, {""name"": ""URCHIN"", ""kind"": ""passphrase"", ""packet"": 15, ""rank"": 3, ""answer"": ""MIKE GOLF KILO"", ""reported"": true, ""response"": ""MIKE GOLF KILO"", ""correct"": true, ""correct_lenient"": true, ""answer_migrated"": false}]",3,0,0.0,,,False,False,False,True,3.0,0.0,False,"<Thinking>
Packet 03 is Task PYRAMID: The trivial task requires reporting the word PEACH as its result. Packet 11 is Task PLATYPUS: This trivial task requires reporting the word RED as its result. Packet 15 is Task URCHIN: I must copy-paste the three words MIKE GOLF KILO.
</Thinking>
<Final_Answers>
- Task PYRAMID: PEACH
- Task PLATYPUS: RED
- Task URCHIN: MIKE GOLF KILO",qwen2.5:3b,3.0,Qwen2.5,87.5
3,non-ordered,True,True,,,,,,trivial,cot,8,3,FLAMINGO,"[6, 7, 8]",0.0,1024,,1088,3,ROMEO VICTOR QUEBEC,,,,0,False,False,True,1.0,"[{""name"": ""PELICAN"", ""kind"": ""load"", ""packet"": 6, ""rank"": 1, ""answer"": ""PEPPER"", ""reported"": true, ""response"": ""PEPPER"", ""correct"": true, ""correct_lenient"": true, ""answer_migrated"": false}, {""name"": ""NARWHAL"", ""kind"": ""load"", ""packet"": 7, ""rank"": 2, ""answer"": ""HAWK"", ""reported"": true, ""response"": ""HAWK"", ""correct"": true, ""correct_lenient"": true, ""answer_migrated"": false}, {""name"": ""FLAMINGO"", ""kind"": ""passphrase"", ""packet"": 8, ""rank"": 3, ""answer"": ""ROMEO VICTOR QUEBEC"", ""reported"": true, ""response"": ""ROMEO VICTOR QUEBC"", ""correct"": false, ""correct_lenient"": false, ""answer_migrated"": false}]",3,0,0.0,,,False,False,False,True,3.0,0.0,False,"<Thinking>
Packet 06 is Task PELICAN: The word to report is PEPPER. Packet 07 is Task NARWHAL: The word to report is HAWK. Packet 08 is Task FLAMINGO: I must copy the three words ROMEO VICTOR QUEBEC.
</Thinking>
<Final_Answers>
- Task PELICAN: PEPPER
- Task NARWHAL: HAWK
- Task FLAMINGO: ROMEO VICTOR QUEBC
",qwen2.5:3b,3.0,Qwen2.5,87.5
3,non-ordered,True,True,,,,,,trivial,cot,13,3,CHIMNEY,"[4, 7, 13]",0.0,1024,,2088,3,SIERRA PAPA XRAY,,,,0,True,True,True,0.5,"[{""name"": ""YOGURT"", ""kind"": ""load"", ""packet"": 4, ""rank"": 1, ""answer"": ""TOMATO"", ""reported"": true, ""response"": ""TOMATO"", ""correct"": true, ""correct_lenient"": true, ""answer_migrated"": false}, {""name"": ""UNICYCLE"", ""kind"": ""load"", ""packet"": 7, ""rank"": 2, ""answer"": ""SALMON"", ""reported"": false, ""response"": null, ""correct"": false, ""correct_lenient"": false, ""answer_migrated"": false}, {""name"": ""CHIMNEY"", ""kind"": ""passphrase"", ""packet"": 13, ""rank"": 3, ""answer"": ""SIERRA PAPA XRAY"", ""reported"": true, ""response"": ""SIERRA PAPA XRAY"", ""correct"": true, ""correct_lenient"": true, ""answer_migrated"": false}]",2,0,0.0,,,False,False,False,True,2.0,0.0,False,"<Thinking>
Packet 04 is Task YOGURT: I must report the word TOMATO as this task's result. Packet 13 is Task CHIMNEY: I must copy-paste the three words SIERRA PAPA XRAY.
</Thinking>
<Final_Answers>
- Task YOGURT: TOMATO
- Task CHIMNEY: SIERRA PAPA XRAY",qwen2.5:3b,3.0,Qwen2.5,87.5
3,non-ordered,True,True,,,,,,trivial,cot,12,3,TULIP,"[2, 9, 12]",0.0,1024,,3088,3,PAPA INDIA VICTOR,,,,0,True,True,True,1.0,"[{""name"": ""YODEL"", ""kind"": ""load"", ""packet"": 2, ""rank"": 1, ""answer"": ""SHARK"", ""reported"": true, ""response"": ""SHARK"", ""correct"": true, ""correct_lenient"": true, ""answer_migrated"": false}, {""name"": ""WALNUT"", ""kind"": ""load"", ""packet"": 9, ""rank"": 2, ""answer"": ""SUGAR"", ""reported"": true, ""response"": ""SUGAR"", ""correct"": true, ""correct_lenient"": true, ""answer_migrated"": false}, {""name"": ""TULIP"", ""kind"": ""passphrase"", ""packet"": 12, ""rank"": 3, ""answer"": ""PAPA INDIA VICTOR"", ""reported"": true, ""response"": ""PAPA INDIA VICTOR"", ""correct"": true, ""correct_lenient"": true, ""answer_migrated"": false}]",3,0,0.0,,,False,False,False,True,3.0,0.0,False,"<Thinking>
Packet 02 is Task YODEL: The trivial task requires reporting SHARK as its result. Packet 09 is Task WALNUT: This trivial task requires reporting SUGAR as its result. Packet 12 is Task TULIP: Copy-paste of the words PAPA INDIA VICTOR must be done. I found three tasks in this stream.
</Thinking>
<Final_Answers>
- Task YODEL: SHARK
- Task WALNUT: SUGAR
- Task TULIP: PAPA INDIA VICTOR
",qwen2.5:3b,3.0,Qwen2.5,87.5
3,non-ordered,True,True,,,,,,trivial,cot,13,3,LULLABY,"[2, 11, 13]",0.0,1024,,4088,3,ALPHA HOTEL INDIA,,,,0,True,True,True,1.0,"[{""name"": ""RAVIOLI"", ""kind"": ""load"", ""packet"": 2, ""rank"": 1, ""answer"": ""BRANCH"", ""reported"": true, ""response"": ""BRANCH"", ""correct"": true, ""correct_lenient"": true, ""answer_migrated"": false}, {""name"": ""DOLPHIN"", ""kind"": ""load"", ""packet"": 11, ""rank"": 2, ""answer"": ""SPOON"", ""reported"": true, ""response"": ""SPOON"", ""correct"": true, ""correct_lenient"": true, ""answer_migrated"": false}, {""name"": ""LULLABY"", ""kind"": ""passphrase"", ""packet"": 13, ""rank"": 3, ""answer"": ""ALPHA HOTEL INDIA"", ""reported"": true, ""response"": ""ALPHA HOTEL INDIA"", ""correct"": true, ""correct_lenient"": true, ""answer_migrated"": false}]",3,0,0.0,,,False,False,False,False,2.0,0.0,False,"<Thinking>
Packet 11 is Task DOLPHIN: I must report the word SPOON as this task's result. Packet 02 is Task RAVIOLI: The trivial task requires reporting the word BRANCH, so that is my next answer.
</Thinking>
<Final_Answers>
- Task DOLPHIN: SPOON
- Task RAVIOLI: BRANCH
- Task LULLABY: ALPHA HOTEL INDIA",qwen2.5:3b,3.0,Qwen2.5,87.5
3,non-ordered,True,True,,,,,,trivial,cot,8,3,ANCHOVY,"[2, 6, 8]",0.0,1024,,5088,3,WHISKEY ROMEO MIKE,,,,0,True,True,True,1.0,"[{""name"": ""THIMBLE"", ""kind"": ""load"", ""packet"": 2, ""rank"": 1, ""answer"": ""ROBIN"", ""reported"": true, ""response"": ""ROBIN"", ""correct"": true, ""correct_lenient"": true, ""answer_migrated"": false}, {""name"": ""URCHIN"", ""kind"": ""load"", ""packet"": 6, ""rank"": 2, ""answer"": ""LAKE"", ""reported"": true, ""response"": ""LAKE"", ""correct"": true, ""correct_lenient"": true, ""answer_migrated"": false}, {""name"": ""ANCHOVY"", ""kind"": ""passphrase"", ""packet"": 8, ""rank"": 3, ""answer"": ""WHISKEY ROMEO MIKE"", ""reported"": true, ""response"": ""WHISKEY ROMEO MIKE"", ""correct"": true, ""correct_lenient"": true, ""answer_migrated"": false}]",3,0,0.0,,,False,False,False,True,3.0,0.0,False,"<Thinking>
Packet 02 is Task THIMBLE: The result of this task is ROBIN. Packet 06 is Task URCHIN: The result of this task is LAKE. Packet 08 is Task ANCHOVY: The result of this task is WHISKEY ROMEO MIKE.
</Thinking>
<Final_Answers>
- Task THIMBLE: ROBIN
- Task URCHIN: LAKE
- Task ANCHOVY: WHISKEY ROMEO MIKE
",qwen2.5:3b,3.0,Qwen2.5,87.5
3,non-ordered,True,True,,,,,,trivial,cot,15,3,FALCON,"[1, 7, 15]",0.0,1024,,6088,3,QUEBEC JULIET UNIFORM,,,,0,True,True,True,0.5,"[{""name"": ""HARMONICA"", ""kind"": ""load"", ""packet"": 1, ""rank"": 1, ""answer"": ""WHALE"", ""reported"": false, ""response"": null, ""correct"": false, ""correct_lenient"": false, ""answer_migrated"": false}, {""name"": ""SNORKEL"", ""kind"": ""load"", ""packet"": 7, ""rank"": 2, ""answer"": ""HORSE"", ""reported"": true, ""response"": ""HORSE"", ""correct"": true, ""correct_lenient"": true, ""answer_migrated"": false}, {""name"": ""FALCON"", ""kind"": ""passphrase"", ""packet"": 15, ""rank"": 3, ""answer"": ""QUEBEC JULIET UNIFORM"", ""reported"": true, ""response"": ""QUEBEC JULIET UNIFORM"", ""correct"": true, ""correct_lenient"": true, ""answer_migrated"": false}]",2,0,0.0,,,False,False,False,True,2.0,0.0,False,"<Thinking>
Packet 07 is Task SNORKEL: I must report the word HORSE as this task's result. Packet 15 is Task FALCON: I must copy-paste the three words QUEBEC JULIET UNIFORM.
</Thinking>
<Final_Answers>
- Task SNORKEL: HORSE
- Task FALCON: QUEBEC JULIET UNIFORM
",qwen2.5:3b,3.0,Qwen2.5,87.5
3,non-ordered,True,True,,,,,,trivial,cot,5,3,MARBLE,"[1, 4, 5]",0.0,1024,,7088,3,ROMEO BRAVO MIKE,,,,0,True,True,True,1.0,"[{""name"": ""FERRET"", ""kind"": ""load"", ""packet"": 1, ""rank"": 1, ""answer"": ""BLUE"", ""reported"": true, ""response"": ""BLUE"", ""correct"": true, ""correct_lenient"": true, ""answer_migrated"": false}, {""name"": ""FALCON"", ""kind"": ""load"", ""packet"": 4, ""rank"": 2, ""answer"": ""BOWL"", ""reported"": true, ""response"": ""BOWL"", ""correct"": true, ""correct_lenient"": true, ""answer_migrated"": false}, {""name"": ""MARBLE"", ""kind"": ""passphrase"", ""packet"": 5, ""rank"": 3, ""answer"": ""ROMEO BRAVO MIKE"", ""reported"": true, ""response"": ""ROMEO BRAVO MIKE"", ""correct"": true, ""correct_lenient"": true, ""answer_migrated"": false}]",3,0,0.0,,,False,False,False,True,3.0,0.0,False,"<Thinking>
Packet 01 is Task FERRET: The result of this task is BLUE. Packet 04 is Task FALCON: The result of this task is BOWL. Packet 05 is Task MARBLE: I must copy-paste the three words ROMEO BRAVO MIKE.
</Thinking>
<Final_Answers>
- Task FERRET: BLUE
- Task FALCON: BOWL
- Task MARBLE: ROMEO BRAVO MIKE",qwen2.5:3b,3.0,Qwen2.5,87.5
3,non-ordered,False,True,,,,,,semantic_3,cot,1,1,CARNIVAL,"[1, 8, 9]",0.0,1024,,109,3,INDIA HOTEL OSCAR,,,,0,False,False,False,0.5,"[{""name"": ""CARNIVAL"", ""kind"": ""passphrase"", ""packet"": 1, ""rank"": 1, ""answer"": ""INDIA HOTEL OSCAR"", ""reported"": false, ""response"": null, ""correct"": false, ""correct_lenient"": false, ""answer_migrated"": false}, {""name"": ""LILAC"", ""kind"": ""load"", ""packet"": 8, ""rank"": 2, ""answer"": ""NO"", ""reported"": true, ""response"": ""YES"", ""correct"": false, ""correct_lenient"": false, ""answer_migrated"": false}, {""name"": ""KETTLE"", ""kind"": ""load"", ""packet"": 9, ""rank"": 3, ""answer"": ""NO"", ""reported"": true, ""response"": ""NO"", ""correct"": true, ""correct_lenient"": true, ""answer_migrated"": false}]",2,0,0.0,,,False,True,False,False,2.0,0.0,False,"<Thinking>
Packet 08 is Task LILAC: Nick is lighter than Pia, Pia is lighter than Tom, and Tom is lighter than Bob. Therefore, Nick is heavier than Olive. The answer is YES.
Packet 09 is Task KETTLE: Leo is lighter than Dave, Dave is lighter than Mona, and Mona is lighter than Pia. Since Pia is lighter than Sara, Leo is not heavier than Sara. The answer is NO.
</Thinking>
<Final_Answers>
- Task LILAC: YES
- Task KETTLE: NO
",qwen2.5:3b,3.0,Qwen2.5,87.5
3,non-ordered,False,True,,,,,,semantic_3,cot,11,3,LULLABY,"[2, 10, 11]",0.0,1024,,1109,3,MIKE CHARLIE PAPA,,,,0,False,False,False,0.0,"[{""name"": ""LANTERN"", ""kind"": ""load"", ""packet"": 2, ""rank"": 1, ""answer"": ""INVALID"", ""reported"": true, ""response"": ""VALID"", ""correct"": false, ""correct_lenient"": false, ""answer_migrated"": false}, {""name"": ""THIMBLE"", ""kind"": ""load"", ""packet"": 10, ""rank"": 2, ""answer"": ""INVALID"", ""reported"": true, ""response"": ""VALID"", ""correct"": false, ""correct_lenient"": false, ""answer_migrated"": false}, {""name"": ""LULLABY"", ""kind"": ""passphrase"", ""packet"": 11, ""rank"": 3, ""answer"": ""MIKE CHARLIE PAPA"", ""reported"": false, ""response"": null, ""correct"": false, ""correct_lenient"": false, ""answer_migrated"": false}]",2,0,0.0,,,False,True,False,False,2.0,1.0,False,"<Thinking>
Packet 02 is Task LANTERN: Given premises about morks, yarps, plurms, and wugs, we can analyze them as follows. All morks are yarps (Premise 1), some yarps are plurms (Premise 2), all plurms are wugs (Premise 3). From Premises 1 and 2, we know that some morks are plurms. Since all plurms are wugs (Premise 3), it follows that some morks are also wugs. Therefore, the answer is VALID.
Packet 09 is Task THIMBLE: Given premises about skrans, drabs, smegs, and zorps, we can analyze them as follows. All skrans are drabs (Premise 1), some drabs are smegs (Premise 2), all smegs are zorps (Premise 3). From Premises 1 and 2, we know that some skrans are smegs. Since all smegs are zorps (Premise 3), it follows that some skrans are also zorps. Therefore, the answer is VALID.
</Thinking>
<Final_Answers>
- Task LANTERN: VALID
- Task THIMBLE: VALID
",qwen2.5:3b,3.0,Qwen2.5,87.5
3,non-ordered,False,True,,,,,,semantic_3,cot,6,2,CHIMNEY,"[1, 6, 11]",0.0,1024,,2109,3,MIKE ROMEO NOVEMBER,,,,0,True,True,True,0.0,"[{""name"": ""HARMONICA"", ""kind"": ""load"", ""packet"": 1, ""rank"": 1, ""answer"": ""VALID"", ""reported"": true, ""response"": ""INVALID"", ""correct"": false, ""correct_lenient"": false, ""answer_migrated"": false}, {""name"": ""CHIMNEY"", ""kind"": ""passphrase"", ""packet"": 6, ""rank"": 2, ""answer"": ""MIKE ROMEO NOVEMBER"", ""reported"": true, ""response"": ""MIKE ROMEO NOVEMBER"", ""correct"": true, ""correct_lenient"": true, ""answer_migrated"": false}, {""name"": ""WHEELBARROW"", ""kind"": ""load"", ""packet"": 11, ""rank"": 3, ""answer"": ""VALID"", ""reported"": false, ""response"": null, ""correct"": false, ""correct_lenient"": false, ""answer_migrated"": false}]",2,0,0.0,,,False,False,False,True,2.0,0.0,False,"<Thinking>
Packet 01 is Task HARMONICA: We have premises that all yarps are krants (Y → K), all krants are torps (K → T), and no torps are trils (T ⊥ T). From these, we cannot conclude anything about whether some yarps are not trils. Therefore, the answer is INVALID.
Packet 06 is Task CHIMNEY: I must copy the three words MIKE ROMEO NOVEMBER. Found 1 task in this stream.
</Thinking>
<Final_Answers>
- Task HARMONICA: INVALID
- Task CHIMNEY: MIKE ROMEO NOVEMBER
",qwen2.5:3b,3.0,Qwen2.5,87.5
3,non-ordered,False,True,,,,,,semantic_3,cot,11,3,VELVET,"[7, 10, 11]",0.0,1024,,3109,3,ECHO ZULU HOTEL,,,,0,True,True,True,0.0,"[{""name"": ""UNICYCLE"", ""kind"": ""load"", ""packet"": 7, ""rank"": 1, ""answer"": ""VALID"", ""reported"": true, ""response"": ""INVALID"", ""correct"": false, ""correct_lenient"": false, ""answer_migrated"": false}, {""name"": ""WOMBAT"", ""kind"": ""load"", ""packet"": 10, ""rank"": 2, ""answer"": ""VALID"", ""reported"": true, ""response"": ""INVALID"", ""correct"": false, ""correct_lenient"": false, ""answer_migrated"": false}, {""name"": ""VELVET"", ""kind"": ""passphrase"", ""packet"": 11, ""rank"": 3, ""answer"": ""ECHO ZULU HOTEL"", ""reported"": true, ""response"": ""ECHO ZULU HOTEL"", ""correct"": true, ""correct_lenient"": true, ""answer_migrated"": false}]",3,0,0.0,,,False,False,False,True,3.0,1.0,False,"<Thinking>
Packet 07 is Task UNICYCLE: Given the premises - all flurbs are snigs (F → S), all snigs are vrils (S → V), and no vrils are grints (V → ¬G) - we can deduce that if there were any flurbs, they would be part of a chain leading to grints. However, the premises do not provide information about whether there are any flurbs or snigs at all. Therefore, based on the given information alone, it cannot be concluded that no flurbs are grints (¬G). The answer is INVALID.
Packet 10 is Task WOMBAT: Given the premises - some krants are yarps (K → Y), all yarps are knifs (Y → K), and no knifs are snicks (K → ¬S) - we can deduce that if there were any yarps, they would be part of a chain leading to snicks. Since the premises do not provide information about whether there are any yarps or krants at all, it cannot be concluded that some krants are not snicks (¬S). The answer is INVALID.
Packet 15 is Task VELVET: I must copy the three words ECHO ZULU HOTEL. Found 2 tasks in this stream.
</Thinking>
<Final_Answers>
- Task UNICYCLE: INVALID
- Task WOMBAT: INVALID
- Task VELVET: ECHO ZULU HOTEL
</Final Answers>",qwen2.5:3b,3.0,Qwen2.5,87.5
3,non-ordered,False,True,,,,,,semantic_3,cot,9,2,DOLPHIN,"[6, 9, 10]",0.0,1024,,4109,3,JULIET FOXTROT YANKEE,,,,0,True,True,True,1.0,"[{""name"": ""TULIP"", ""kind"": ""load"", ""packet"": 6, ""rank"": 1, ""answer"": ""NO"", ""reported"": true, ""response"": ""NO"", ""correct"": true, ""correct_lenient"": true, ""answer_migrated"": false}, {""name"": ""DOLPHIN"", ""kind"": ""passphrase"", ""packet"": 9, ""rank"": 2, ""answer"": ""JULIET FOXTROT YANKEE"", ""reported"": true, ""response"": ""JULIET FOXTROT YANKEE"", ""correct"": true, ""correct_lenient"": true, ""answer_migrated"": false}, {""name"": ""WALNUT"", ""kind"": ""load"", ""packet"": 10, ""rank"": 3, ""answer"": ""VALID"", ""reported"": true, ""response"": ""VALID"", ""correct"": true, ""correct_lenient"": true, ""answer_migrated"": false}]",3,0,0.0,,,False,False,False,True,3.0,1.0,False,"<Thinking>
Packet 06 is Task TULIP: Dave is younger than Ravi, Ravi is younger than Bob, and Bob is younger than Quinn. This means Dave is not older than Bob.
Packet 09 is Task DOLPHIN: I must copy the three words JULIET FOXTROT YANKEE.
Packet 15 is Task WALNUT: Given some wozzles are smegs, all smegs are knifs, and no knifs are pims, it follows that some wozzles (being a subset of smegs) cannot be pims. Therefore, the answer is VALID.
</Thinking>
<Final_Answers>
- Task TULIP: NO
- Task DOLPHIN: JULIET FOXTROT YANKEE
- Task WALNUT: VALID
",qwen2.5:3b,3.0,Qwen2.5,87.5
3,non-ordered,False,True,,,,,,semantic_3,cot,5,1,MANDOLIN,"[5, 7, 14]",0.0,1024,,5109,3,MIKE WHISKEY KILO,,,,0,True,True,True,0.5,"[{""name"": ""MANDOLIN"", ""kind"": ""passphrase"", ""packet"": 5, ""rank"": 1, ""answer"": ""MIKE WHISKEY KILO"", ""reported"": true, ""response"": ""MIKE WHISKEY KILO"", ""correct"": true, ""correct_lenient"": true, ""answer_migrated"": false}, {""name"": ""BAGPIPE"", ""kind"": ""load"", ""packet"": 7, ""rank"": 2, ""answer"": ""VALID"", ""reported"": true, ""response"": ""VALID"", ""correct"": true, ""correct_lenient"": true, ""answer_migrated"": false}, {""name"": ""JASMINE"", ""kind"": ""load"", ""packet"": 14, ""rank"": 3, ""answer"": ""VALID"", ""reported"": true, ""response"": ""INVALID"", ""correct"": false, ""correct_lenient"": false, ""answer_migrated"": false}]",3,0,0.0,,,False,False,False,True,4.0,1.0,False,"<Thinking>
Packet 04 is Task MANDOLIN: I must copy the three words MIKE WHISKEY KILO. Packet 05 - Task BAGPIPE: All flurbs are snigs, all snigs are vrils, and no vrils are grints. Therefore, it follows that no flurbs can be grints. Packet 07 is Task MANDOLIN: I must copy the three words MIKE WHISKEY KILO. Packet 14 is Task JASMINE: All flurbs are wozzles, all wozzles are klemps, and no klemps are snorfs. Therefore, it follows that no flurbs can be snorfs.
</Thinking>
<Final_Answers>
- Task MANDOLIN: MIKE WHISKEY KILO
- Task BAGPIPE: VALID
- Task JASMINE: INVALID
",qwen2.5:3b,3.0,Qwen2.5,87.5
3,non-ordered,False,True,,,,,,semantic_3,cot,7,1,LILAC,"[7, 12, 15]",0.0,1024,,6109,3,GOLF ZULU YANKEE,,,,0,True,True,True,1.0,"[{""name"": ""LILAC"", ""kind"": ""passphrase"", ""packet"": 7, ""rank"": 1, ""answer"": ""GOLF ZULU YANKEE"", ""reported"": true, ""response"": ""GOLF ZULU YANKEE"", ""correct"": true, ""correct_lenient"": true, ""answer_migrated"": false}, {""name"": ""OPAL"", ""kind"": ""load"", ""packet"": 12, ""rank"": 2, ""answer"": ""VALID"", ""reported"": true, ""response"": ""VALID"", ""correct"": true, ""correct_lenient"": true, ""answer_migrated"": false}, {""name"": ""PISTACHIO"", ""kind"": ""load"", ""packet"": 15, ""rank"": 3, ""answer"": ""INVALID"", ""reported"": true, ""response"": ""INVALID"", ""correct"": true, ""correct_lenient"": true, ""answer_migrated"": false}]",3,0,0.0,,,False,False,False,True,3.0,0.0,False,"<Thinking>
Packet 07 is Task LILAC: I must copy the three words GOLF ZULU YANKEE. Packet 12 is Task OPAL: From the premises provided, we can deduce that no pims are morks because if all pims are gleeps and all gleeps are grints but no grints are morks, then by transitivity, no pims can be morks. Packet 15 is Task PISTACHIO: Some knifs being snicks does not necessarily mean that some knifs are snicks; it only confirms the relationship between knifs and plonks and plonks and snicks.
</Thinking>
<Final_Answers>
- Task LILAC: GOLF ZULU YANKEE
- Task OPAL: VALID
- Task PISTACHIO: INVALID",qwen2.5:3b,3.0,Qwen2.5,87.5
3,non-ordered,False,True,,,,,,semantic_3,cot,3,1,URCHIN,"[3, 4, 6]",0.0,1024,,7109,3,BRAVO YANKEE TANGO,,,,0,True,True,True,0.0,"[{""name"": ""URCHIN"", ""kind"": ""passphrase"", ""packet"": 3, ""rank"": 1, ""answer"": ""BRAVO YANKEE TANGO"", ""reported"": true, ""response"": ""BRAVO YANKEE TANGO"", ""correct"": true, ""correct_lenient"": true, ""answer_migrated"": false}, {""name"": ""TAPESTRY"", ""kind"": ""load"", ""packet"": 4, ""rank"": 2, ""answer"": ""VALID"", ""reported"": false, ""response"": null, ""correct"": false, ""correct_lenient"": false, ""answer_migrated"": false}, {""name"": ""PYRAMID"", ""kind"": ""load"", ""packet"": 6, ""rank"": 3, ""answer"": ""INVALID"", ""reported"": false, ""response"": null, ""correct"": false, ""correct_lenient"": false, ""answer_migrated"": false}]",1,0,0.0,,,False,False,False,True,1.0,0.0,False,"<Thinking>
Packet 03 is Task URCHIN: I must copy the three words BRAVO YANKEE TANGO. I found 1 tasks in this stream.
</Thinking>
<Final_Answers>
- Task URCHIN: BRAVO YANKEE TANGO
",qwen2.5:3b,3.0,Qwen2.5,87.5
3,non-ordered,True,True,,,,,,semantic_3,cot,9,3,LILAC,"[1, 8, 9]",0.0,1024,,109,3,INDIA HOTEL OSCAR,,,,0,False,False,False,0.0,"[{""name"": ""TOBOGGAN"", ""kind"": ""load"", ""packet"": 1, ""rank"": 1, ""answer"": ""NO"", ""reported"": true, ""response"": ""YES"", ""correct"": false, ""correct_lenient"": false, ""answer_migrated"": false}, {""name"": ""CARNIVAL"", ""kind"": ""load"", ""packet"": 8, ""rank"": 2, ""answer"": ""NO"", ""reported"": true, ""response"": ""YES"", ""correct"": false, ""correct_lenient"": false, ""answer_migrated"": false}, {""name"": ""LILAC"", ""kind"": ""passphrase"", ""packet"": 9, ""rank"": 3, ""answer"": ""INDIA HOTEL OSCAR"", ""reported"": false, ""response"": null, ""correct"": false, ""correct_lenient"": false, ""answer_migrated"": false}]",2,0,0.0,,,False,True,False,False,2.0,0.0,False,"<Thinking>
Packet 01 is Task TOBOGGAN: Dave is younger than Ravi, Bob, and Quinn. Bob is younger than Leo. Therefore, Dave is older than Bob.
Packet 08 is Task CARNIVAL: Nick is lighter than Pia, Tom, and Bob. Bob is lighter than Olive. This means that Nick is heavier than Olive.
</Thinking>
<Final_Answers>
- Task TOBOGGAN: YES
- Task CARNIVAL: YES
",qwen2.5:3b,3.0,Qwen2.5,87.5
3,non-ordered,True,True,,,,,,semantic_3,cot,11,3,THIMBLE,"[2, 10, 11]",0.0,1024,,1109,3,MIKE CHARLIE PAPA,,,,0,True,True,True,0.0,"[{""name"": ""QUICKSAND"", ""kind"": ""load"", ""packet"": 2, ""rank"": 1, ""answer"": ""INVALID"", ""reported"": true, ""response"": ""VALID"", ""correct"": false, ""correct_lenient"": false, ""answer_migrated"": false}, {""name"": ""LANTERN"", ""kind"": ""load"", ""packet"": 10, ""rank"": 2, ""answer"": ""INVALID"", ""reported"": true, ""response"": ""VALID"", ""correct"": false, ""correct_lenient"": false, ""answer_migrated"": false}, {""name"": ""THIMBLE"", ""kind"": ""passphrase"", ""packet"": 11, ""rank"": 3, ""answer"": ""MIKE CHARLIE PAPA"", ""reported"": true, ""response"": ""MIKE CHARLIE PAPA"", ""correct"": true, ""correct_lenient"": true, ""answer_migrated"": false}]",3,0,0.0,,,False,False,False,True,3.0,1.0,False,"<Thinking>
Packet 02 is Task QUICKSAND: Given all mibs are plomps, some plomps are krants, and all krants are pims, it follows that some mibs (plomps) are pims. The answer is VALID.
Packet 10 is Task LANTERN: All morks are yarps, some yarps are plurms, and all plurms are wugs. Therefore, some morks (yarps) are wugs. The answer is VALID.
Packet 07 is Task THIMBLE: Copy-paste the words MIKE CHARLIE PAPA.
</Thinking>
<Final_Answers>
- Task QUICKSAND: VALID
- Task LANTERN: VALID
- Task THIMBLE: MIKE CHARLIE PAPA
",qwen2.5:3b,3.0,Qwen2.5,87.5
3,non-ordered,True,True,,,,,,semantic_3,cot,11,3,CHIMNEY,"[1, 6, 11]",0.0,1024,,2109,3,MIKE ROMEO NOVEMBER,,,,0,True,True,True,0.5,"[{""name"": ""OBELISK"", ""kind"": ""load"", ""packet"": 1, ""rank"": 1, ""answer"": ""INVALID"", ""reported"": false, ""response"": null, ""correct"": false, ""correct_lenient"": false, ""answer_migrated"": false}, {""name"": ""HARMONICA"", ""kind"": ""load"", ""packet"": 6, ""rank"": 2, ""answer"": ""VALID"", ""reported"": true, ""response"": ""VALID"", ""correct"": true, ""correct_lenient"": true, ""answer_migrated"": false}, {""name"": ""CHIMNEY"", ""kind"": ""passphrase"", ""packet"": 11, ""rank"": 3, ""answer"": ""MIKE ROMEO NOVEMBER"", ""reported"": true, ""response"": ""MIKE ROMEO NOVEMBER"", ""correct"": true, ""correct_lenient"": true, ""answer_migrated"": false}]",2,0,0.0,,,False,False,False,True,2.0,0.0,False,"<Thinking>
Packet 06 is Task HARMONICA: Some yarps are krants and all krants are torps. Since no torps are trils, it follows that some yarps (which are a subset of krants) cannot be trils. The answer is VALID.
Packet 11 is Task CHIMNEY: I must copy the three words MIKE ROMEO NOVEMBER. Found 2 tasks in this stream.
</Thinking>
<Final_Answers>
- Task HARMONICA: VALID
- Task CHIMNEY: MIKE ROMEO NOVEMBER
",qwen2.5:3b,3.0,Qwen2.5,87.5
3,non-ordered,True,True,,,,,,semantic_3,cot,11,3,WOMBAT,"[7, 10, 11]",0.0,1024,,3109,3,ECHO ZULU HOTEL,,,,0,True,True,True,1.0,"[{""name"": ""NOODLE"", ""kind"": ""load"", ""packet"": 7, ""rank"": 1, ""answer"": ""INVALID"", ""reported"": true, ""response"": ""INVALID"", ""correct"": true, ""correct_lenient"": true, ""answer_migrated"": false}, {""name"": ""UNICYCLE"", ""kind"": ""load"", ""packet"": 10, ""rank"": 2, ""answer"": ""VALID"", ""reported"": true, ""response"": ""VALID"", ""correct"": true, ""correct_lenient"": true, ""answer_migrated"": false}, {""name"": ""WOMBAT"", ""kind"": ""passphrase"", ""packet"": 11, ""rank"": 3, ""answer"": ""ECHO ZULU HOTEL"", ""reported"": true, ""response"": ""ECHO ZULU HOTEL"", ""correct"": true, ""correct_lenient"": true, ""answer_migrated"": false}]",3,0,0.0,,,False,False,False,True,3.0,2.0,True,"<Thinking>
Packet 07 is Task NOODLE: We have information about subsets of categories (trils, vorps, gleeps, krants) but no direct relationship between trils and krants. Given this limited information, it's not possible to definitively conclude that some trils are krants. The answer is INVALID.
Packet 08 is Task UNICYCLE: We have a chain of subset relationships (flurbs -> snigs -> vrils) with no overlap or contradiction between flurbs and grints. Therefore, we can't say for certain that no flurbs are grints. The answer is VALID.
Packet 15 is Task WOMBAT: I must copy the three words ECHO ZULU HOTEL.
</Thinking>
<Final_Answers>
- Task NOODLE: INVALID
- Task UNICYCLE: VALID
- Task WOMBAT: ECHO ZULU HOTEL
",qwen2.5:3b,3.0,Qwen2.5,87.5
3,non-ordered,True,True,,,,,,semantic_3,cot,10,3,DOLPHIN,"[6, 9, 10]",0.0,1024,,4109,3,JULIET FOXTROT YANKEE,,,,0,True,True,True,0.5,"[{""name"": ""NARWHAL"", ""kind"": ""load"", ""packet"": 6, ""rank"": 1, ""answer"": ""VALID"", ""reported"": true, ""response"": ""VALID"", ""correct"": true, ""correct_lenient"": true, ""answer_migrated"": false}, {""name"": ""TULIP"", ""kind"": ""load"", ""packet"": 9, ""rank"": 2, ""answer"": ""NO"", ""reported"": true, ""response"": ""YES"", ""correct"": false, ""correct_lenient"": false, ""answer_migrated"": false}, {""name"": ""DOLPHIN"", ""kind"": ""passphrase"", ""packet"": 10, ""rank"": 3, ""answer"": ""JULIET FOXTROT YANKEE"", ""reported"": true, ""response"": ""JULIET FOXTROT YANKEE"", ""correct"": true, ""correct_lenient"": true, ""answer_migrated"": false}]",3,0,0.0,,,False,False,False,True,3.0,1.0,False,"<Thinking>
Packet 06 is Task NARWHAL: We have premises that some krants are yarps and all yarps are knifs. Therefore, some krants are knifs. Since no knifs are snicks, it follows that some krants are not snicks.
Packet 08 is Task TULIP: Dave is younger than Ravi, Ravi is younger than Bob, Bob is younger than Quinn, and Quinn is younger than Leo. This means Dave is younger than Bob.
Packet 09 is Task DOLPHIN: I must copy the three words JULIET FOXTROT YANKEE.
</Thinking>
<Final_Answers>
- Task NARWHAL: VALID
- Task TULIP: YES
- Task DOLPHIN: JULIET FOXTROT YANKEE
",qwen2.5:3b,3.0,Qwen2.5,87.5
3,non-ordered,True,True,,,,,,semantic_3,cot,14,3,BAGPIPE,"[5, 7, 14]",0.0,1024,,5109,3,MIKE WHISKEY KILO,,,,0,True,True,True,0.0,"[{""name"": ""SAPPHIRE"", ""kind"": ""load"", ""packet"": 5, ""rank"": 1, ""answer"": ""YES"", ""reported"": true, ""response"": ""NO"", ""correct"": false, ""correct_lenient"": false, ""answer_migrated"": false}, {""name"": ""MANDOLIN"", ""kind"": ""load"", ""packet"": 7, ""rank"": 2, ""answer"": ""VALID"", ""reported"": false, ""response"": null, ""correct"": false, ""correct_lenient"": false, ""answer_migrated"": false}, {""name"": ""BAGPIPE"", ""kind"": ""passphrase"", ""packet"": 14, ""rank"": 3, ""answer"": ""MIKE WHISKEY KILO"", ""reported"": true, ""response"": ""MIKE WHISKEY KILO"", ""correct"": true, ""correct_lenient"": true, ""answer_migrated"": false}]",2,0,0.0,,,False,False,False,True,2.0,0.0,False,"<Thinking>
Packet 05 is Task SAPPHIRE: Sara > Pia > Frank > Hank > Alice. Therefore, Pia is not taller than Hank. The answer is NO.
Packet 14 is Task BAGPIPE: I must copy the three words MIKE WHISKEY KILO.
</Thinking>
<Final_Answers>
- Task SAPPHIRE: NO
- Task BAGPIPE: MIKE WHISKEY KILO
",qwen2.5:3b,3.0,Qwen2.5,87.5
3,non-ordered,True,True,,,,,,semantic_3,cot,15,3,OPAL,"[7, 12, 15]",0.0,1024,,6109,3,GOLF ZULU YANKEE,,,,0,False,False,False,1.0,"[{""name"": ""LANTERN"", ""kind"": ""load"", ""packet"": 7, ""rank"": 1, ""answer"": ""VALID"", ""reported"": true, ""response"": ""VALID"", ""correct"": true, ""correct_lenient"": true, ""answer_migrated"": false}, {""name"": ""LILAC"", ""kind"": ""load"", ""packet"": 12, ""rank"": 2, ""answer"": ""VALID"", ""reported"": true, ""response"": ""VALID"", ""correct"": true, ""correct_lenient"": true, ""answer_migrated"": false}, {""name"": ""OPAL"", ""kind"": ""passphrase"", ""packet"": 15, ""rank"": 3, ""answer"": ""GOLF ZULU YANKEE"", ""reported"": false, ""response"": null, ""correct"": false, ""correct_lenient"": false, ""answer_migrated"": false}]",2,0,0.0,,,False,True,False,False,2.0,0.0,False,"<Thinking>
Packet 07 is Task LANTERN: We have premises that some thrups are grints (all grints are zorps and no zorps are plonks). Given this, we can infer that if all thrups were to be considered, they would also fall under the category of grints. Since there's no overlap between grints and plonks, it follows that some thrups must not be plonks.
Packet 12 is Task LILAC: We have premises stating that all pims are gleeps (all gleeps are grints) and no grints are morks. From these premises, we can conclude that since there's no overlap between the set of pims and the set of grints, it follows that no pims can be in the category of grints or morks.
</Thinking>
<Final_Answers>
- Task LANTERN: VALID
- Task LILAC: VALID
",qwen2.5:3b,3.0,Qwen2.5,87.5
3,non-ordered,True,True,,,,,,semantic_3,cot,6,3,TAPESTRY,"[3, 4, 6]",0.0,1024,,7109,3,BRAVO YANKEE TANGO,,,,0,False,False,False,0.5,"[{""name"": ""SAPPHIRE"", ""kind"": ""load"", ""packet"": 3, ""rank"": 1, ""answer"": ""VALID"", ""reported"": true, ""response"": ""VALID"", ""correct"": true, ""correct_lenient"": true, ""answer_migrated"": false}, {""name"": ""URCHIN"", ""kind"": ""load"", ""packet"": 4, ""rank"": 2, ""answer"": ""VALID"", ""reported"": true, ""response"": ""INVALID"", ""correct"": false, ""correct_lenient"": false, ""answer_migrated"": false}, {""name"": ""TAPESTRY"", ""kind"": ""passphrase"", ""packet"": 6, ""rank"": 3, ""answer"": ""BRAVO YANKEE TANGO"", ""reported"": false, ""response"": null, ""correct"": false, ""correct_lenient"": false, ""answer_migrated"": false}]",2,0,0.0,,,False,True,False,False,2.0,0.0,False,"<Thinking>
Packet 03 is Task SAPPHIRE: Given premises - all vorps are blims and all blims are snorfs and no snorfs are gleeks. This logically leads to a conclusion that no vorps can be gleeks, as they would have to go through the chain of being blims and then snorfs before reaching gleeks. The answer is VALID.
Packet 04 is Task URCHIN: Given premises - some klemps are snicks and all snicks are drabs and no drabs are vails. This does not provide enough information to conclude that some klemps are not vails, as the chain of being snicks then drabs does not directly link klemps to vails. The answer is INVALID.
</Thinking>
<Final_Answers>
- Task SAPPHIRE: VALID
- Task URCHIN: INVALID
",qwen2.5:3b,3.0,Qwen2.5,87.5
5,non-ordered,False,True,22.0,,,,,trivial,cot,4,1,RASPBERRY,"[4, 6, 10, 11, 14]",0.0,1024,512.0,114,3,HOTEL SIERRA DELTA,,,,0,False,False,False,0.75,"[{""name"": ""RASPBERRY"", ""kind"": ""passphrase"", ""packet"": 4, ""rank"": 1, ""answer"": ""HOTEL SIERRA DELTA"", ""reported"": true, ""response"": ""HOTEL SIERRA"", ""correct"": false, ""correct_lenient"": false, ""answer_migrated"": false}, {""name"": ""NECTARINE"", ""kind"": ""load"", ""packet"": 6, ""rank"": 2, ""answer"": ""STORM"", ""reported"": true, ""response"": ""STORM"", ""correct"": true, ""correct_lenient"": true, ""answer_migrated"": false}, {""name"": ""PLATYPUS"", ""kind"": ""load"", ""packet"": 10, ""rank"": 3, ""answer"": ""BROWN"", ""reported"": true, ""response"": ""BROWN"", ""correct"": true, ""correct_lenient"": true, ""answer_migrated"": false}, {""name"": ""INKWELL"", ""kind"": ""load"", ""packet"": 11, ""rank"": 4, ""answer"": ""LAKE"", ""reported"": true, ""response"": ""LAKE"", ""correct"": true, ""correct_lenient"": true, ""answer_migrated"": false}, {""name"": ""KAYAK"", ""kind"": ""load"", ""packet"": 14, ""rank"": 5, ""answer"": ""FINCH"", ""reported"": true, ""response"": ""FINCH</Final_Answers>"", ""correct"": false, ""correct_lenient"": true, ""answer_migrated"": false}]",5,0,0.0,22.0,True,False,False,False,False,1.0,0.0,False,"<Thinking>
Packet 04 is Task RASPBERRY: I must copy the three words HOTEL SIERRA
</Thinking>
<Final_Answers>
- Task RASPBERRY: HOTEL SIERRA
- Task NECTARINE: STORM
- Task PLATYPUS: BROWN
- Task INKWELL: LAKE
- Task KAYAK: FINCH</Final_Answers>",qwen2.5:3b,3.0,Qwen2.5,87.5
5,non-ordered,False,True,22.0,,,,,trivial,cot,14,5,CENTIPEDE,"[8, 10, 11, 12, 14]",0.0,1024,512.0,1114,3,QUEBEC INDIA OSCAR,,,,0,False,True,True,1.0,"[{""name"": ""METRONOME"", ""kind"": ""load"", ""packet"": 8, ""rank"": 1, ""answer"": ""RICE"", ""reported"": true, ""response"": ""RICE"", ""correct"": true, ""correct_lenient"": true, ""answer_migrated"": false}, {""name"": ""CATAPULT"", ""kind"": ""load"", ""packet"": 10, ""rank"": 2, ""answer"": ""SPOON"", ""reported"": true, ""response"": ""SPOON"", ""correct"": true, ""correct_lenient"": true, ""answer_migrated"": false}, {""name"": ""LANTERN"", ""kind"": ""load"", ""packet"": 11, ""rank"": 3, ""answer"": ""CHERRY"", ""reported"": true, ""response"": ""CHERRY"", ""correct"": true, ""correct_lenient"": true, ""answer_migrated"": false}, {""name"": ""DAFFODIL"", ""kind"": ""load"", ""packet"": 12, ""rank"": 4, ""answer"": ""PLATE"", ""reported"": true, ""response"": ""PLATE"", ""correct"": true, ""correct_lenient"": true, ""answer_migrated"": false}, {""name"": ""CENTIPEDE"", ""kind"": ""passphrase"", ""packet"": 14, ""rank"": 5, ""answer"": ""QUEBEC INDIA OSCAR"", ""reported"": true, ""response"": ""QUEBEC INDIA OSCAR</Final_Answers>"", ""correct"": false, ""correct_lenient"": true, ""answer_migrated"": false}]",5,0,0.0,22.0,True,False,False,False,False,1.0,0.0,False,"<Thinking>
Packet 08 is Task METRONOME: The trivial task requires reporting RICE as its result. Packet
</Thinking>
<Final_Answers>
- Task METRONOME: RICE
<Thinking>
Packet 10 is Task CATAPULT: The trivial task requires reporting SPOON as its result. Packet
</Thinking>
<Final_Answers>
- Task CATAPULT: SPOON
<Thinking>
Packet 11 is Task LANTERN: The trivial task requires reporting CHERRY as its result. Packet
</Thinking>
<Final_Answers>
- Task LANTERN: CHERRY
<Thinking>
Packet 12 is Task DAFFODIL: The trivial task requires reporting PLATE as its result. Packet
</Thinking>
<Final_Answers>
- Task DAFFODIL: PLATE
<Thinking>
Packet 14 is Task CENTIPEDE: The trivial task requires reporting QUEBEC INDIA OSCAR as its result. Packet
</Thinking>
<Final_Answers>
- Task CENTIPEDE: QUEBEC INDIA OSCAR</Final_Answers>",qwen2.5:3b,3.0,Qwen2.5,87.5
5,non-ordered,False,True,22.0,,,,,trivial,cot,4,1,YOGURT,"[4, 5, 8, 9, 15]",0.0,1024,512.0,2114,3,HOTEL GOLF VICTOR,,,,0,False,False,False,0.75,"[{""name"": ""YOGURT"", ""kind"": ""passphrase"", ""packet"": 4, ""rank"": 1, ""answer"": ""HOTEL GOLF VICTOR"", ""reported"": true, ""response"": ""HOTEL GOLF VICT"", ""correct"": false, ""correct_lenient"": false, ""answer_migrated"": false}, {""name"": ""EGGPLANT"", ""kind"": ""load"", ""packet"": 5, ""rank"": 2, ""answer"": ""BEAR"", ""reported"": true, ""response"": ""BEAR"", ""correct"": true, ""correct_lenient"": true, ""answer_migrated"": false}, {""name"": ""PISTACHIO"", ""kind"": ""load"", ""packet"": 8, ""rank"": 3, ""answer"": ""MAROON"", ""reported"": true, ""response"": ""MAROON"", ""correct"": true, ""correct_lenient"": true, ""answer_migrated"": false}, {""name"": ""QUARRY"", ""kind"": ""load"", ""packet"": 9, ""rank"": 4, ""answer"": ""VIOLET"", ""reported"": true, ""response"": ""VIOLET"", ""correct"": true, ""correct_lenient"": true, ""answer_migrated"": false}, {""name"": ""TROMBONE"", ""kind"": ""load"", ""packet"": 15, ""rank"": 5, ""answer"": ""DUCK"", ""reported"": true, ""response"": ""DUCK</Final_Answers>"", ""correct"": false, ""correct_lenient"": true, ""answer_migrated"": false}]",5,1,0.0,22.0,True,False,False,False,False,1.0,0.0,False,"<Thinking>
Packet 04 is Task YOGURT: I must copy the three words HOTEL GOLF VICT
</Thinking>
<Final_Answers>
- Task YOGURT: HOTEL GOLF VICT
<Thinking>
Packet 05 is Task EGGPLANT: The task is trivial, so the result is BEAR.
</Thinking>
<Final_Answers>
- Task EGGPLANT: BEAR
<Thinking>
Packet 08 is Task PISTACHIO: This task is trivial, so the result is MAROON.
</Thinking>
<Final_Answers>
- Task PISTACHIO: MAROON
<Thinking>
Packet 09 is Task QUARRY: This task is trivial, so the result is VIOLET.
</Thinking>
<Final_Answers>
- Task QUARRY: VIOLET
<Thinking>
Packet 13 is Task DEADLINES: The task is trivial, so the result is DEDLINES.
</Thinking>
<Final_Answers>
- Task DEADLINES: DEDLINES
<Thinking>
Packet 15 is Task TROMBONE: This task is trivial, so the result is DUCK.
</Thinking>
<Final_Answers>
- Task TROMBONE: DUCK</Final_Answers>",qwen2.5:3b,3.0,Qwen2.5,87.5
5,non-ordered,False,True,22.0,,,,,trivial,cot,11,4,SAXOPHONE,"[5, 7, 8, 11, 13]",0.0,1024,512.0,3114,3,HOTEL INDIA ROMEO,,,,0,True,True,True,0.75,"[{""name"": ""PARSNIP"", ""kind"": ""load"", ""packet"": 5, ""rank"": 1, ""answer"": ""CAT"", ""reported"": true, ""response"": ""CAT"", ""correct"": true, ""correct_lenient"": true, ""answer_migrated"": false}, {""name"": ""PELICAN"", ""kind"": ""load"", ""packet"": 7, ""rank"": 2, ""answer"": ""ONION"", ""reported"": true, ""response"": ""ONION"", ""correct"": true, ""correct_lenient"": true, ""answer_migrated"": false}, {""name"": ""DUMPLING"", ""kind"": ""load"", ""packet"": 8, ""rank"": 3, ""answer"": ""GRAPE"", ""reported"": true, ""response"": ""GRAPE"", ""correct"": true, ""correct_lenient"": true, ""answer_migrated"": false}, {""name"": ""SAXOPHONE"", ""kind"": ""passphrase"", ""packet"": 11, ""rank"": 4, ""answer"": ""HOTEL INDIA ROMEO"", ""reported"": true, ""response"": ""HOTEL INDIA ROMEO"", ""correct"": true, ""correct_lenient"": true, ""answer_migrated"": false}, {""name"": ""DAFFODIL"", ""kind"": ""load"", ""packet"": 13, ""rank"": 5, ""answer"": ""WALL"", ""reported"": true, ""response"": ""WALL</Final_Answers>"", ""correct"": false, ""correct_lenient"": true, ""answer_migrated"": false}]",5,0,0.0,22.0,True,False,False,False,False,1.0,0.0,False,"<Thinking>
Packet 05 is Task PARSNIP: The trivial task requires reporting the word CAT as its result
</Thinking>
<Final_Answers>
- Task PARSNIP: CAT
- Task PELICAN: ONION
- Task DUMPLING: GRAPE
- Task SAXOPHONE: HOTEL INDIA ROMEO
- Task DAFFODIL: WALL</Final_Answers>",qwen2.5:3b,3.0,Qwen2.5,87.5
5,non-ordered,False,True,22.0,,,,,trivial,cot,9,4,HAMMOCK,"[1, 2, 4, 9, 15]",0.0,1024,512.0,4114,3,ALPHA XRAY WHISKEY,,,,0,False,False,False,0.25,"[{""name"": ""UNICYCLE"", ""kind"": ""load"", ""packet"": 1, ""rank"": 1, ""answer"": ""WOLF"", ""reported"": true, ""response"": ""WOLF"", ""correct"": true, ""correct_lenient"": true, ""answer_migrated"": false}, {""name"": ""KUMQUAT"", ""kind"": ""load"", ""packet"": 2, ""rank"": 2, ""answer"": ""CRAB"", ""reported"": false, ""response"": null, ""correct"": false, ""correct_lenient"": false, ""answer_migrated"": false}, {""name"": ""GONDOLA"", ""kind"": ""load"", ""packet"": 4, ""rank"": 3, ""answer"": ""LAMP"", ""reported"": false, ""response"": null, ""correct"": false, ""correct_lenient"": false, ""answer_migrated"": false}, {""name"": ""HAMMOCK"", ""kind"": ""passphrase"", ""packet"": 9, ""rank"": 4, ""answer"": ""ALPHA XRAY WHISKEY"", ""reported"": false, ""response"": null, ""correct"": false, ""correct_lenient"": false, ""answer_migrated"": false}, {""name"": ""WATERMELON"", ""kind"": ""load"", ""packet"": 15, ""rank"": 5, ""answer"": ""CARROT"", ""reported"": false, ""response"": null, ""correct"": false, ""correct_lenient"": false, ""answer_migrated"": false}]",1,0,0.0,22.0,True,False,True,False,False,1.0,0.0,False,"<Thinking>
Packet 01 is Task UNICYCLE: The trivial task reports WOLF as its result. Packet 
</Thinking>
<Final_Answers>
- Task UNICYCLE: WOLF
-</Final_Answers>",qwen2.5:3b,3.0,Qwen2.5,87.5
5,non-ordered,False,True,22.0,,,,,trivial,cot,4,1,JIGSAW,"[4, 10, 11, 12, 14]",0.0,1024,512.0,5114,3,GOLF QUEBEC OSCAR,,,,0,False,False,False,0.75,"[{""name"": ""JIGSAW"", ""kind"": ""passphrase"", ""packet"": 4, ""rank"": 1, ""answer"": ""GOLF QUEBEC OSCAR"", ""reported"": true, ""response"": ""GOLF QUEBEC"", ""correct"": false, ""correct_lenient"": false, ""answer_migrated"": false}, {""name"": ""ORIGAMI"", ""kind"": ""load"", ""packet"": 10, ""rank"": 2, ""answer"": ""SEAL"", ""reported"": true, ""response"": ""SEAL"", ""correct"": true, ""correct_lenient"": true, ""answer_migrated"": false}, {""name"": ""QUICKSAND"", ""kind"": ""load"", ""packet"": 11, ""rank"": 3, ""answer"": ""TABLE"", ""reported"": true, ""response"": ""TABLE"", ""correct"": true, ""correct_lenient"": true, ""answer_migrated"": false}, {""name"": ""BLIZZARD"", ""kind"": ""load"", ""packet"": 12, ""rank"": 4, ""answer"": ""BLUE"", ""reported"": true, ""response"": ""BLUE"", ""correct"": true, ""correct_lenient"": true, ""answer_migrated"": false}, {""name"": ""BAGPIPE"", ""kind"": ""load"", ""packet"": 14, ""rank"": 5, ""answer"": ""BLACK"", ""reported"": true, ""response"": ""BLACK</Final_Answers>"", ""correct"": false, ""correct_lenient"": true, ""answer_migrated"": false}]",5,0,0.0,22.0,True,False,False,False,False,1.0,0.0,False,"<Thinking>
Packet 04 is Task JIGSAW: I must copy the three words GOLF QUEBEC
</Thinking>
<Final_Answers>
- Task JIGSAW: GOLF QUEBEC
- Task ORIGAMI: SEAL
- Task QUICKSAND: TABLE
- Task BLIZZARD: BLUE
- Task BAGPIPE: BLACK</Final_Answers>",qwen2.5:3b,3.0,Qwen2.5,87.5
5,non-ordered,False,True,22.0,,,,,trivial,cot,14,5,ZIGZAG,"[7, 9, 11, 12, 14]",0.0,1024,512.0,6114,3,CHARLIE SIERRA ECHO,,,,0,False,False,False,0.25,"[{""name"": ""JIGSAW"", ""kind"": ""load"", ""packet"": 7, ""rank"": 1, ""answer"": ""CRAB"", ""reported"": true, ""response"": ""CRAB"", ""correct"": true, ""correct_lenient"": true, ""answer_migrated"": false}, {""name"": ""ZEPPELIN"", ""kind"": ""load"", ""packet"": 9, ""rank"": 2, ""answer"": ""LEMON"", ""reported"": false, ""response"": null, ""correct"": false, ""correct_lenient"": false, ""answer_migrated"": false}, {""name"": ""CACTUS"", ""kind"": ""load"", ""packet"": 11, ""rank"": 3, ""answer"": ""MAROON"", ""reported"": false, ""response"": null, ""correct"": false, ""correct_lenient"": false, ""answer_migrated"": false}, {""name"": ""HARMONICA"", ""kind"": ""load"", ""packet"": 12, ""rank"": 4, ""answer"": ""STONE"", ""reported"": false, ""response"": null, ""correct"": false, ""correct_lenient"": false, ""answer_migrated"": false}, {""name"": ""ZIGZAG"", ""kind"": ""passphrase"", ""packet"": 14, ""rank"": 5, ""answer"": ""CHARLIE SIERRA ECHO"", ""reported"": false, ""response"": null, ""correct"": false, ""correct_lenient"": false, ""answer_migrated"": false}]",1,0,0.0,22.0,True,False,True,False,False,2.0,1.0,False,"<Thinking>
Packet 07 is Task JIGSAW: The word to report is CRAB. Packet 0
</Thinking>
<Final_Answers>
- Task JIGSAW: CRAB
</Final_Answers>",qwen2.5:3b,3.0,Qwen2.5,87.5
5,non-ordered,False,True,22.0,,,,,trivial,cot,3,2,UKULELE,"[2, 3, 6, 13, 15]",0.0,1024,512.0,7114,3,HOTEL PAPA FOXTROT,,,,0,True,True,True,0.75,"[{""name"": ""DAFFODIL"", ""kind"": ""load"", ""packet"": 2, ""rank"": 1, ""answer"": ""GARLIC"", ""reported"": true, ""response"": ""GARLIC"", ""correct"": true, ""correct_lenient"": true, ""answer_migrated"": false}, {""name"": ""UKULELE"", ""kind"": ""passphrase"", ""packet"": 3, ""rank"": 2, ""answer"": ""HOTEL PAPA FOXTROT"", ""reported"": true, ""response"": ""HOTEL PAPA FOXTROT"", ""correct"": true, ""correct_lenient"": true, ""answer_migrated"": false}, {""name"": ""VOLCANO"", ""kind"": ""load"", ""packet"": 6, ""rank"": 3, ""answer"": ""CYAN"", ""reported"": true, ""response"": ""CYAN"", ""correct"": true, ""correct_lenient"": true, ""answer_migrated"": false}, {""name"": ""VINEYARD"", ""kind"": ""load"", ""packet"": 13, ""rank"": 4, ""answer"": ""OWL"", ""reported"": true, ""response"": ""OWL</Final_Answers>"", ""correct"": false, ""correct_lenient"": true, ""answer_migrated"": false}, {""name"": ""RAVIOLI"", ""kind"": ""load"", ""packet"": 15, ""rank"": 5, ""answer"": ""WHITE"", ""reported"": true, ""response"": ""WHITE"", ""correct"": true, ""correct_lenient"": true, ""answer_migrated"": false}]",5,0,0.0,22.0,True,False,False,False,False,1.0,0.0,False,"<Thinking>
Packet 02 is Task DAFFODIL: I must report the word GARLIC as this task
</Thinking>
<Final_Answers>
- Task DAFFODIL: GARLIC
<Thinking>
Packet 03 is Task UKULELE: I must copy-paste the words HOTEL PAPA FOXTROT
</Thinking>
<Final_Answers>
- Task UKULELE: HOTEL PAPA FOXTROT
<Thinking>
Packet 06 is Task VOLCANO: I must report the word CYAN as this task's result.
</Thinking>
<Final_Answers>
- Task VOLCANO: CYAN
<Thinking>
Packet 12 is Task RAVIOLI: This task is trivial, so I must report the word WHITE as its result.
</Thinking>
<Final_Answers>
- Task RAVIOLI: WHITE
<Thinking>
Packet 13 is Task VINEYARD: I must report the word OWL as this task's result.
</Thinking>
<Final_Answers>
- Task VINEYARD: OWL</Final_Answers>",qwen2.5:3b,3.0,Qwen2.5,87.5
5,non-ordered,True,True,22.0,,,,,trivial,cot,14,5,INKWELL,"[4, 6, 10, 11, 14]",0.0,1024,512.0,114,3,HOTEL SIERRA DELTA,,,,0,False,False,False,0.25,"[{""name"": ""TROMBONE"", ""kind"": ""load"", ""packet"": 4, ""rank"": 1, ""answer"": ""STONE"", ""reported"": false, ""response"": null, ""correct"": false, ""correct_lenient"": false, ""answer_migrated"": false}, {""name"": ""RASPBERRY"", ""kind"": ""load"", ""packet"": 6, ""rank"": 2, ""answer"": ""WHALE"", ""reported"": false, ""response"": null, ""correct"": false, ""correct_lenient"": false, ""answer_migrated"": false}, {""name"": ""NECTARINE"", ""kind"": ""load"", ""packet"": 10, ""rank"": 3, ""answer"": ""STORM"", ""reported"": true, ""response"": ""STORM"", ""correct"": true, ""correct_lenient"": true, ""answer_migrated"": false}, {""name"": ""PLATYPUS"", ""kind"": ""load"", ""packet"": 11, ""rank"": 4, ""answer"": ""BROWN"", ""reported"": true, ""response"": ""BROWN</Final_Answers>"", ""correct"": false, ""correct_lenient"": true, ""answer_migrated"": false}, {""name"": ""INKWELL"", ""kind"": ""passphrase"", ""packet"": 14, ""rank"": 5, ""answer"": ""HOTEL SIERRA DELTA"", ""reported"": false, ""response"": null, ""correct"": false, ""correct_lenient"": false, ""answer_migrated"": false}]",2,0,0.0,22.0,True,False,True,False,False,1.0,0.0,False,"<Thinking>
Packet 10 is Task NECTARINE: I must report the word STORM as this task's
</Thinking>
<Final_Answers>
- Task NECTARINE: STORM
<Thinking>
Packet 11 is Task PLATYPUS: I must report the word BROWN as this task's result.
</Thinking>
<Final_Answers>
- Task PLATYPUS: BROWN</Final_Answers>",qwen2.5:3b,3.0,Qwen2.5,87.5
5,non-ordered,True,True,22.0,,,,,trivial,cot,14,5,DAFFODIL,"[8, 10, 11, 12, 14]",0.0,1024,512.0,1114,3,QUEBEC INDIA OSCAR,,,,0,False,True,True,0.25,"[{""name"": ""WALNUT"", ""kind"": ""load"", ""packet"": 8, ""rank"": 1, ""answer"": ""BREAD"", ""reported"": true, ""response"": ""BREAD"", ""correct"": true, ""correct_lenient"": true, ""answer_migrated"": false}, {""name"": ""METRONOME"", ""kind"": ""load"", ""packet"": 10, ""rank"": 2, ""answer"": ""RICE"", ""reported"": false, ""response"": null, ""correct"": false, ""correct_lenient"": false, ""answer_migrated"": false}, {""name"": ""CATAPULT"", ""kind"": ""load"", ""packet"": 11, ""rank"": 3, ""answer"": ""SPOON"", ""reported"": false, ""response"": null, ""correct"": false, ""correct_lenient"": false, ""answer_migrated"": false}, {""name"": ""LANTERN"", ""kind"": ""load"", ""packet"": 12, ""rank"": 4, ""answer"": ""CHERRY"", ""reported"": false, ""response"": null, ""correct"": false, ""correct_lenient"": false, ""answer_migrated"": false}, {""name"": ""DAFFODIL"", ""kind"": ""passphrase"", ""packet"": 14, ""rank"": 5, ""answer"": ""QUEBEC INDIA OSCAR"", ""reported"": true, ""response"": ""QUEBEC INDIA OSCAR</Final_Answers>"", ""correct"": false, ""correct_lenient"": true, ""answer_migrated"": false}]",2,0,0.0,22.0,True,False,False,False,False,1.0,0.0,False,"<Thinking>
Packet 08 is Task WALNUT: The trivial task requires reporting BREAD as its result. Packet
</Thinking>
<Final_Answers>
- Task WALNUT: BREAD
<Thinking>
Packet 14 is Task DAFFODIL: The trivial task requires copying and pasting the words QUEBEC INDIA OSCAR into the response. Packet
</Thinking>
<Final_Answers>
- Task DAFFODIL: QUEBEC INDIA OSCAR</Final_Answers>",qwen2.5:3b,3.0,Qwen2.5,87.5
5,non-ordered,True,True,22.0,,,,,trivial,cot,15,5,QUARRY,"[4, 5, 8, 9, 15]",0.0,1024,512.0,2114,3,HOTEL GOLF VICTOR,,,,0,False,True,True,1.0,"[{""name"": ""TROMBONE"", ""kind"": ""load"", ""packet"": 4, ""rank"": 1, ""answer"": ""BLACK"", ""reported"": true, ""response"": ""BLACK"", ""correct"": true, ""correct_lenient"": true, ""answer_migrated"": false}, {""name"": ""YOGURT"", ""kind"": ""load"", ""packet"": 5, ""rank"": 2, ""answer"": ""BEAR"", ""reported"": true, ""response"": ""BEAR"", ""correct"": true, ""correct_lenient"": true, ""answer_migrated"": false}, {""name"": ""EGGPLANT"", ""kind"": ""load"", ""packet"": 8, ""rank"": 3, ""answer"": ""MAROON"", ""reported"": true, ""response"": ""MAROON"", ""correct"": true, ""correct_lenient"": true, ""answer_migrated"": false}, {""name"": ""PISTACHIO"", ""kind"": ""load"", ""packet"": 9, ""rank"": 4, ""answer"": ""VIOLET"", ""reported"": true, ""response"": ""VIOLET"", ""correct"": true, ""correct_lenient"": true, ""answer_migrated"": false}, {""name"": ""QUARRY"", ""kind"": ""passphrase"", ""packet"": 15, ""rank"": 5, ""answer"": ""HOTEL GOLF VICTOR"", ""reported"": true, ""response"": ""HOTEL GOLF VICTOR</Final_Answers>"", ""correct"": false, ""correct_lenient"": true, ""answer_migrated"": false}]",5,0,0.0,22.0,True,False,False,False,False,1.0,0.0,False,"<Thinking>
Packet 04 is Task TROMBONE: I must report the word BLACK as this task's result
</Thinking>
<Final_Answers>
- Task TROMBONE: BLACK
<Thinking>
Packet 05 is Task YOGURT: I must report the word BEAR as this task's result.
</Thinking>
<Final_Answers>
- Task YOGURT: BEAR
<Thinking>
Packet 08 is Task EGGPLANT: I must report the word MAROON as this task's result.
</Thinking>
<Final_Answers>
- Task EGGPLANT: MAROON
<Thinking>
Packet 09 is Task PISTACHIO: I must report the word VIOLET as this task's result.
</Thinking>
<Final_Answers>
- Task PISTACHIO: VIOLET
<Thinking>
Packet 14 is Task QUARRY: Copy-paste these three words: ""HOTEL GOLF VICTOR"".
</Thinking>
<Final_Answers>
- Task QUARRY: HOTEL GOLF VICTOR</Final_Answers>",qwen2.5:3b,3.0,Qwen2.5,87.5
5,non-ordered,True,True,22.0,,,,,trivial,cot,13,5,SAXOPHONE,"[5, 7, 8, 11, 13]",0.0,1024,512.0,3114,3,HOTEL INDIA ROMEO,,,,0,False,True,True,1.0,"[{""name"": ""BONSAI"", ""kind"": ""load"", ""packet"": 5, ""rank"": 1, ""answer"": ""FOX"", ""reported"": true, ""response"": ""FOX"", ""correct"": true, ""correct_lenient"": true, ""answer_migrated"": false}, {""name"": ""PARSNIP"", ""kind"": ""load"", ""packet"": 7, ""rank"": 2, ""answer"": ""CAT"", ""reported"": true, ""response"": ""CAT"", ""correct"": true, ""correct_lenient"": true, ""answer_migrated"": false}, {""name"": ""PELICAN"", ""kind"": ""load"", ""packet"": 8, ""rank"": 3, ""answer"": ""ONION"", ""reported"": true, ""response"": ""ONION"", ""correct"": true, ""correct_lenient"": true, ""answer_migrated"": false}, {""name"": ""DUMPLING"", ""kind"": ""load"", ""packet"": 11, ""rank"": 4, ""answer"": ""GRAPE"", ""reported"": true, ""response"": ""GRAPE"", ""correct"": true, ""correct_lenient"": true, ""answer_migrated"": false}, {""name"": ""SAXOPHONE"", ""kind"": ""passphrase"", ""packet"": 13, ""rank"": 5, ""answer"": ""HOTEL INDIA ROMEO"", ""reported"": true, ""response"": ""HOTEL INDIA ROMEO</Final_Answers>"", ""correct"": false, ""correct_lenient"": true, ""answer_migrated"": false}]",5,0,0.0,22.0,True,False,False,False,False,1.0,0.0,False,"<Thinking>
Packet 05 is Task BONSAI: The trivial task requires reporting the word FOX as its result
</Thinking>
<Final_Answers>
- Task BONSAI: FOX
<Thinking>
Packet 07 is Task PARSNIP: The trivial task requires reporting the word CAT as its result.
</Thinking>
<Final_Answers>
- Task PARSNIP: CAT
<Thinking>
Packet 08 is Task PELICAN: The trivial task requires reporting the word ONION as its result.
</Thinking>
<Final_Answers>
- Task PELICAN: ONION
<Thinking>
Packet 11 is Task DUMPLING: The trivial task requires reporting the word GRAPE as its result.
</Thinking>
<Final_Answers>
- Task DUMPLING: GRAPE
<Thinking>
Packet 13 is Task SAXOPHONE: The trivial task requires copying and pasting the words HOTEL INDIA ROMEO into the response.
</Thinking>
<Final_Answers>
- Task SAXOPHONE: HOTEL INDIA ROMEO</Final_Answers>",qwen2.5:3b,3.0,Qwen2.5,87.5
5,non-ordered,True,True,22.0,,,,,trivial,cot,15,5,HAMMOCK,"[1, 2, 4, 9, 15]",0.0,1024,512.0,4114,3,ALPHA XRAY WHISKEY,,,,0,False,False,False,1.0,"[{""name"": ""HARMONICA"", ""kind"": ""load"", ""packet"": 1, ""rank"": 1, ""answer"": ""BLUE"", ""reported"": true, ""response"": ""BLUE"", ""correct"": true, ""correct_lenient"": true, ""answer_migrated"": false}, {""name"": ""UNICYCLE"", ""kind"": ""load"", ""packet"": 2, ""rank"": 2, ""answer"": ""WOLF"", ""reported"": true, ""response"": ""WOLF"", ""correct"": true, ""correct_lenient"": true, ""answer_migrated"": false}, {""name"": ""KUMQUAT"", ""kind"": ""load"", ""packet"": 4, ""rank"": 3, ""answer"": ""CRAB"", ""reported"": true, ""response"": ""CRAB"", ""correct"": true, ""correct_lenient"": true, ""answer_migrated"": false}, {""name"": ""GONDOLA"", ""kind"": ""load"", ""packet"": 9, ""rank"": 4, ""answer"": ""LAMP"", ""reported"": true, ""response"": ""LAMP"", ""correct"": true, ""correct_lenient"": true, ""answer_migrated"": false}, {""name"": ""HAMMOCK"", ""kind"": ""passphrase"", ""packet"": 15, ""rank"": 5, ""answer"": ""ALPHA XRAY WHISKEY"", ""reported"": true, ""response"": ""ALPHAXRAYWHISKEY</Final_Answers>"", ""correct"": false, ""correct_lenient"": false, ""answer_migrated"": false}]",5,0,0.0,22.0,True,False,False,False,False,1.0,0.0,False,"<Thinking>
Packet 01 is Task HARMONICA: The word BLUE should be reported as this task's result
</Thinking>
<Final_Answers>
- Task HARMONICA: BLUE
- Task UNICYCLE: WOLF
- Task KUMQUAT: CRAB
- Task GONDOLA: LAMP
- Task HAMMOCK: ALPHAXRAYWHISKEY</Final_Answers>",qwen2.5:3b,3.0,Qwen2.5,87.5
5,non-ordered,True,True,22.0,,,,,trivial,cot,14,5,BLIZZARD,"[4, 10, 11, 12, 14]",0.0,1024,512.0,5114,3,GOLF QUEBEC OSCAR,,,,0,True,True,True,0.75,"[{""name"": ""LANTERN"", ""kind"": ""load"", ""packet"": 4, ""rank"": 1, ""answer"": ""GOOSE"", ""reported"": false, ""response"": null, ""correct"": false, ""correct_lenient"": false, ""answer_migrated"": false}, {""name"": ""JIGSAW"", ""kind"": ""load"", ""packet"": 10, ""rank"": 2, ""answer"": ""SEAL"", ""reported"": true, ""response"": ""SEAL"", ""correct"": true, ""correct_lenient"": true, ""answer_migrated"": false}, {""name"": ""ORIGAMI"", ""kind"": ""load"", ""packet"": 11, ""rank"": 3, ""answer"": ""TABLE"", ""reported"": true, ""response"": ""TABLE"", ""correct"": true, ""correct_lenient"": true, ""answer_migrated"": false}, {""name"": ""QUICKSAND"", ""kind"": ""load"", ""packet"": 12, ""rank"": 4, ""answer"": ""BLUE"", ""reported"": true, ""response"": ""BLUE"", ""correct"": true, ""correct_lenient"": true, ""answer_migrated"": false}, {""name"": ""BLIZZARD"", ""kind"": ""passphrase"", ""packet"": 14, ""rank"": 5, ""answer"": ""GOLF QUEBEC OSCAR"", ""reported"": true, ""response"": ""GOLF QUEBEC OSCAR"", ""correct"": true, ""correct_lenient"": true, ""answer_migrated"": false}]",4,0,0.0,22.0,True,True,False,False,False,1.0,0.0,False,"<Thinking>
Packet 10 is Task JIGSAW: I must report the word SEAL as this task's result
</Thinking>
<Final_Answers>
- Task JIGSAW: SEAL
<Thinking>
Packet 11 is Task ORIGAMI: I must report the word TABLE as this task's result.
</Thinking>
<Final_Answers>
- Task ORIGAMI: TABLE
<Thinking>
Packet 12 is Task QUICKSAND: I must report the word BLUE as this task's result.
</Thinking>
<Final_Answers>
- Task QUICKSAND: BLUE
<Thinking>
Packet 14 is Task BLIZZARD: I must copy-paste these three words: ""GOLF QUEBEC OSCAR"".
</Thinking>
<Final_Answers>
- Task BLIZZARD: GOLF QUEBEC OSCAR
<Thinking>
Packet 16 is not present in the stream, so it's ignored.
Packet 17 is not present in the stream, so it's ignored.
Packet 18 is not present in the stream, so it's ignored.
Packet 19 is not present in the stream, so it's ignored.
Packet 20 is not present in the stream, so it's ignored.
Packet 21 is not present in the stream, so it's ignored.
Packet 22 is not present in the stream, so it's ignored.
Packet 23 is not present in the stream, so it's ignored.
Packet 24 is not present in the stream, so it's ignored.
Packet 25 is not present in the stream, so it's ignored.
Packet 26 is not present in the stream, so it's ignored.
Packet 27 is not present in the stream, so it's ignored.
Packet 28 is not present in the stream, so it's ignored.
Packet 29 is not present in the stream, so it's ignored.
Packet 30 is not present in the stream, so it's ignored.
Packet 31 is not present in the stream, so it's ignored.
Packet 32 is not present in the stream, so it's ignored.
Packet 33 is not present in the stream, so it's ignored.
Packet 34 is not present in the stream, so it's ignored.
Packet 35 is not present in the stream, so it's ignored.
Packet 36 is not present in the stream, so it's ignored.
Packet 37 is not present in the stream, so it's ignored.
Packet 38 is not present in the stream,",qwen2.5:3b,3.0,Qwen2.5,87.5
5,non-ordered,True,True,22.0,,,,,trivial,cot,14,5,CACTUS,"[7, 9, 11, 12, 14]",0.0,1024,512.0,6114,3,CHARLIE SIERRA ECHO,,,,0,False,False,False,0.25,"[{""name"": ""ROOSTER"", ""kind"": ""load"", ""packet"": 7, ""rank"": 1, ""answer"": ""DOOR"", ""reported"": true, ""response"": ""DOOR"", ""correct"": true, ""correct_lenient"": true, ""answer_migrated"": false}, {""name"": ""SAXOPHONE"", ""kind"": ""load"", ""packet"": 9, ""rank"": 2, ""answer"": ""ROOT"", ""reported"": false, ""response"": null, ""correct"": false, ""correct_lenient"": false, ""answer_migrated"": false}, {""name"": ""JIGSAW"", ""kind"": ""load"", ""packet"": 11, ""rank"": 3, ""answer"": ""CRAB"", ""reported"": false, ""response"": null, ""correct"": false, ""correct_lenient"": false, ""answer_migrated"": false}, {""name"": ""ZEPPELIN"", ""kind"": ""load"", ""packet"": 12, ""rank"": 4, ""answer"": ""LEMON"", ""reported"": false, ""response"": null, ""correct"": false, ""correct_lenient"": false, ""answer_migrated"": false}, {""name"": ""CACTUS"", ""kind"": ""passphrase"", ""packet"": 14, ""rank"": 5, ""answer"": ""CHARLIE SIERRA ECHO"", ""reported"": false, ""response"": null, ""correct"": false, ""correct_lenient"": false, ""answer_migrated"": false}]",1,0,0.0,22.0,True,False,True,False,False,1.0,0.0,False,"<Thinking>
Packet 07 is Task ROOSTER: The trivial task requires reporting the word DOOR. Packet 
</Thinking>
<Final_Answers>
- Task ROOSTER: DOOR
</Final_Answers>",qwen2.5:3b,3.0,Qwen2.5,87.5
5,non-ordered,True,True,22.0,,,,,trivial,cot,15,5,VINEYARD,"[2, 3, 6, 13, 15]",0.0,1024,512.0,7114,3,HOTEL PAPA FOXTROT,,,,0,True,True,True,0.5,"[{""name"": ""PELICAN"", ""kind"": ""load"", ""packet"": 2, ""rank"": 1, ""answer"": ""CLOUD"", ""reported"": true, ""response"": ""CLOUD"", ""correct"": true, ""correct_lenient"": true, ""answer_migrated"": false}, {""name"": ""DAFFODIL"", ""kind"": ""load"", ""packet"": 3, ""rank"": 2, ""answer"": ""GARLIC"", ""reported"": false, ""response"": null, ""correct"": false, ""correct_lenient"": false, ""answer_migrated"": false}, {""name"": ""UKULELE"", ""kind"": ""load"", ""packet"": 6, ""rank"": 3, ""answer"": ""CYAN"", ""reported"": true, ""response"": ""CYAN"", ""correct"": true, ""correct_lenient"": true, ""answer_migrated"": false}, {""name"": ""VOLCANO"", ""kind"": ""load"", ""packet"": 13, ""rank"": 4, ""answer"": ""OWL"", ""reported"": true, ""response"": ""OWL</Final_Answers>"", ""correct"": false, ""correct_lenient"": true, ""answer_migrated"": false}, {""name"": ""VINEYARD"", ""kind"": ""passphrase"", ""packet"": 15, ""rank"": 5, ""answer"": ""HOTEL PAPA FOXTROT"", ""reported"": true, ""response"": ""HOTEL PAPA FOXTROT"", ""correct"": true, ""correct_lenient"": true, ""answer_migrated"": false}]",4,0,0.0,22.0,True,False,False,False,False,1.0,0.0,False,"<Thinking>
Packet 02 is Task PELICAN: I must report the word CLOUD as this task's
</Thinking>
<Final_Answers>
- Task PELICAN: CLOUD
<Thinking>
Packet 06 is Task UKULELE: I must report the word CYAN as this task's result.
</Thinking>
<Final_Answers>
- Task UKULELE: CYAN
<Thinking>
Packet 12 is Task VINEYARD: I must copy-paste these three words: ""HOTEL PAPA FOXTROT"".
</Thinking>
<Final_Answers>
- Task VINEYARD: HOTEL PAPA FOXTROT
<Thinking>
Packet 13 is Task VOLCANO: I must report the word OWL as this task's result.
</Thinking>
<Final_Answers>
- Task VOLCANO: OWL</Final_Answers>",qwen2.5:3b,3.0,Qwen2.5,87.5
5,non-ordered,False,True,22.0,,,,,semantic_3,cot,5,1,EMERALD,"[5, 8, 10, 11, 13]",0.0,1024,512.0,135,3,VICTOR LIMA UNIFORM,,,,0,False,False,False,0.0,"[{""name"": ""EMERALD"", ""kind"": ""passphrase"", ""packet"": 5, ""rank"": 1, ""answer"": ""VICTOR LIMA UNIFORM"", ""reported"": true, ""response"": ""VICTOR LIMA UN"", ""correct"": false, ""correct_lenient"": false, ""answer_migrated"": false}, {""name"": ""JIGSAW"", ""kind"": ""load"", ""packet"": 8, ""rank"": 2, ""answer"": ""INVALID"", ""reported"": true, ""response"": ""VALID"", ""correct"": false, ""correct_lenient"": false, ""answer_migrated"": true}, {""name"": ""PYRAMID"", ""kind"": ""load"", ""packet"": 10, ""rank"": 3, ""answer"": ""VALID"", ""reported"": true, ""response"": ""INVALID"", ""correct"": false, ""correct_lenient"": false, ""answer_migrated"": true}, {""name"": ""WALNUT"", ""kind"": ""load"", ""packet"": 11, ""rank"": 4, ""answer"": ""INVALID"", ""reported"": true, ""response"": ""VALID"", ""correct"": false, ""correct_lenient"": false, ""answer_migrated"": true}, {""name"": ""RASPBERRY"", ""kind"": ""load"", ""packet"": 13, ""rank"": 5, ""answer"": ""INVALID"", ""reported"": true, ""response"": ""VALID</Final_Answers>"", ""correct"": false, ""correct_lenient"": false, ""answer_migrated"": false}]",5,0,0.6,22.0,True,False,False,False,False,1.0,0.0,False,"<Thinking>
Packet 05 is Task EMERALD: I must copy the three words VICTOR LIMA UN
</Thinking>
<Final_Answers>
- Task EMERALD: VICTOR LIMA UN
<Thinking>
Packet 08 is Task JIGSAW: We have premises:
1. All wumps are florks.
2. Some florks are plonks.
3. Some plonks are ralks.

From these, we can conclude that some wumps (via transitivity) are ralks. Therefore the answer is VALID.
</Thinking>
<Final_Answers>
- Task JIGSAW: VALID
- Task PYRAMID: INVALID
<Thinking>
Packet 11 is Task WALNUT: We have premises:
1. All ralks are wumps.
2. Some wumps are wozzles.
3. All wozzles are skrans.

From these, we can conclude that some ralks (via transitivity) are skrans. Therefore the answer is VALID.
</Thinking>
<Final_Answers>
- Task WALNUT: VALID
<Thinking>
Packet 12 is Task RASPBERRY: We have premises:
1. All snicks are flurbs.
2. Some flurbs are snorfs.
3. Some snorfs are blims.

From these, we can conclude that some snicks (via transitivity) are blims. Therefore the answer is VALID.
</Thinking>
<Final_Answers>
- Task RASPBERRY: VALID</Final_Answers>",qwen2.5:3b,3.0,Qwen2.5,87.5
5,non-ordered,False,True,22.0,,,,,semantic_3,cot,10,4,GONDOLA,"[4, 5, 9, 10, 15]",0.0,1024,512.0,1135,3,ROMEO OSCAR ECHO,,,,0,False,False,False,0.25,"[{""name"": ""OBELISK"", ""kind"": ""load"", ""packet"": 4, ""rank"": 1, ""answer"": ""NO"", ""reported"": true, ""response"": ""NO"", ""correct"": true, ""correct_lenient"": true, ""answer_migrated"": false}, {""name"": ""METRONOME"", ""kind"": ""load"", ""packet"": 5, ""rank"": 2, ""answer"": ""VALID"", ""reported"": false, ""response"": null, ""correct"": false, ""correct_lenient"": false, ""answer_migrated"": false}, {""name"": ""PYRAMID"", ""kind"": ""load"", ""packet"": 9, ""rank"": 3, ""answer"": ""INVALID"", ""reported"": false, ""response"": null, ""correct"": false, ""correct_lenient"": false, ""answer_migrated"": false}, {""name"": ""GONDOLA"", ""kind"": ""passphrase"", ""packet"": 10, ""rank"": 4, ""answer"": ""ROMEO OSCAR ECHO"", ""reported"": false, ""response"": null, ""correct"": false, ""correct_lenient"": false, ""answer_migrated"": false}, {""name"": ""VOLCANO"", ""kind"": ""load"", ""packet"": 15, ""rank"": 5, ""answer"": ""YES"", ""reported"": false, ""response"": null, ""correct"": false, ""correct_lenient"": false, ""answer_migrated"": false}]",1,0,0.0,22.0,True,False,True,False,False,1.0,0.0,False,"<Thinking>
Packet 04 is Task OBELISK: Sara > Dave > Bob > Carol > Olive. Therefore,
</Thinking>
<Final_Answers>
- Task OBELISK: NO
</Final_Answers>",qwen2.5:3b,3.0,Qwen2.5,87.5
5,non-ordered,False,True,22.0,,,,,semantic_3,cot,13,3,GARGOYLE,"[3, 10, 13, 14, 15]",0.0,1024,512.0,2135,3,TANGO ALPHA YANKEE,,,,0,False,False,False,0.25,"[{""name"": ""SCARECROW"", ""kind"": ""load"", ""packet"": 3, ""rank"": 1, ""answer"": ""YES"", ""reported"": true, ""response"": ""YES"", ""correct"": true, ""correct_lenient"": true, ""answer_migrated"": false}, {""name"": ""KETTLE"", ""kind"": ""load"", ""packet"": 10, ""rank"": 2, ""answer"": ""VALID"", ""reported"": false, ""response"": null, ""correct"": false, ""correct_lenient"": false, ""answer_migrated"": false}, {""name"": ""GARGOYLE"", ""kind"": ""passphrase"", ""packet"": 13, ""rank"": 3, ""answer"": ""TANGO ALPHA YANKEE"", ""reported"": false, ""response"": null, ""correct"": false, ""correct_lenient"": false, ""answer_migrated"": false}, {""name"": ""HEDGEHOG"", ""kind"": ""load"", ""packet"": 14, ""rank"": 4, ""answer"": ""VALID"", ""reported"": false, ""response"": null, ""correct"": false, ""correct_lenient"": false, ""answer_migrated"": false}, {""name"": ""QUILT"", ""kind"": ""load"", ""packet"": 15, ""rank"": 5, ""answer"": ""INVALID"", ""reported"": false, ""response"": null, ""correct"": false, ""correct_lenient"": false, ""answer_migrated"": false}]",1,0,0.0,22.0,True,False,True,False,False,1.0,0.0,False,"<Thinking>
Packet 03 is Task SCARECROW: Bob > Mona > Nick. Therefore, Bob > Nick
</Thinking>
<Final_Answers>
- Task SCARECROW: YES
</Final_Answers>",qwen2.5:3b,3.0,Qwen2.5,87.5
5,non-ordered,False,True,22.0,,,,,semantic_3,cot,10,4,PLATYPUS,"[7, 8, 9, 10, 15]",0.0,1024,512.0,3135,3,NOVEMBER SIERRA ROMEO,,,,0,False,False,False,0.25,"[{""name"": ""OBELISK"", ""kind"": ""load"", ""packet"": 7, ""rank"": 1, ""answer"": ""INVALID"", ""reported"": true, ""response"": ""INVALID"", ""correct"": true, ""correct_lenient"": true, ""answer_migrated"": false}, {""name"": ""WALNUT"", ""kind"": ""load"", ""packet"": 8, ""rank"": 2, ""answer"": ""VALID"", ""reported"": false, ""response"": null, ""correct"": false, ""correct_lenient"": false, ""answer_migrated"": false}, {""name"": ""CACTUS"", ""kind"": ""load"", ""packet"": 9, ""rank"": 3, ""answer"": ""VALID"", ""reported"": false, ""response"": null, ""correct"": false, ""correct_lenient"": false, ""answer_migrated"": false}, {""name"": ""PLATYPUS"", ""kind"": ""passphrase"", ""packet"": 10, ""rank"": 4, ""answer"": ""NOVEMBER SIERRA ROMEO"", ""reported"": false, ""response"": null, ""correct"": false, ""correct_lenient"": false, ""answer_migrated"": false}, {""name"": ""HAMMOCK"", ""kind"": ""load"", ""packet"": 15, ""rank"": 5, ""answer"": ""VALID"", ""reported"": false, ""response"": null, ""correct"": false, ""correct_lenient"": false, ""answer_migrated"": false}]",1,0,0.0,22.0,True,False,True,False,False,1.0,0.0,False,"<Thinking>
Packet 07 is Task OBELISK: All plonks are smegs. Some smeg
</Thinking>
<Final_Answers>
- Task OBELISK: INVALID
</Final_Answers>",qwen2.5:3b,3.0,Qwen2.5,87.5
5,non-ordered,False,True,22.0,,,,,semantic_3,cot,8,4,URCHIN,"[1, 3, 6, 8, 11]",0.0,1024,512.0,4135,3,INDIA WHISKEY VICTOR,,,,0,True,True,True,0.5,"[{""name"": ""QUILT"", ""kind"": ""load"", ""packet"": 1, ""rank"": 1, ""answer"": ""VALID"", ""reported"": true, ""response"": ""INVALID"", ""correct"": false, ""correct_lenient"": false, ""answer_migrated"": true}, {""name"": ""VOLCANO"", ""kind"": ""load"", ""packet"": 3, ""rank"": 2, ""answer"": ""VALID"", ""reported"": true, ""response"": ""VALID"", ""correct"": true, ""correct_lenient"": true, ""answer_migrated"": false}, {""name"": ""TROMBONE"", ""kind"": ""load"", ""packet"": 6, ""rank"": 3, ""answer"": ""INVALID"", ""reported"": true, ""response"": ""VALID"", ""correct"": false, ""correct_lenient"": false, ""answer_migrated"": true}, {""name"": ""URCHIN"", ""kind"": ""passphrase"", ""packet"": 8, ""rank"": 4, ""answer"": ""INDIA WHISKEY VICTOR"", ""reported"": true, ""response"": ""INDIA WHISKEY VICTOR"", ""correct"": true, ""correct_lenient"": true, ""answer_migrated"": false}, {""name"": ""ORIGAMI"", ""kind"": ""load"", ""packet"": 11, ""rank"": 5, ""answer"": ""NO"", ""reported"": true, ""response"": ""NO"", ""correct"": true, ""correct_lenient"": true, ""answer_migrated"": false}]",5,0,0.4,22.0,True,False,False,True,False,1.0,0.0,False,"<Thinking>
Packet 01 is Task QUILT: Given premises - all wozzles are drabs, all
</Thinking>
<Final_Answers>
- Task QUILT: INVALID
<Thinking>
drabs are drovs, and no drovs are snigs. The conclusion that no wozzles are
snigs does not logically follow from the given premises.
Packet 03 is Task VOLCANO: Given premises - some wozzles are smegs,
</Thinking>
<Final_Answers>
- Task VOLCANO: VALID
<Thinking>
all smegs are knifs, and no knigs are pims. The conclusion that some
wozzles are not pims follows from the given premises.
Packet 06 is Task TROMBONE: Given premises - all blorgs are skrans,
</Thinking>
<Final_Answers>
- Task TROMBONE: VALID
<Thinking>
some skrans are wumps, and all wumps are knigs. The conclusion that some
blorgs are knigs follows from the given premises.
Packet 05 is Task URCHIN: Copy-paste these three words: ""INDIA WHISKEY VICTOR"".
</Thinking>
<Final_Answers>
- Task URCHIN: INDIA WHISKEY VICTOR
<Thinking>
Packet 06 is Task ORIGAMI: Given premises - Leo < Pia < Mona < Sara,
</Thinking>
<Final_Answers>
- Task ORIGAMI: NO
<Thinking>
the conclusion that Leo is not heavier than Sara does not follow from the
given premises.
Packet 08 is Task TROMBONE: Copy-paste these three words: ""INDIA WHISKEY VICTOR"".
</Thinking>
<Final_Answers>
- Task TROMBONE: INDIA WHISKEY VICTOR
First a <Thinking> block: reason step by step in your own words - identify every task packet in the stream and solve each one. Do not copy instruction text into it. Do NOT list or summarize the stream packet by packet: skip filler packets entirely and mention ONLY the task packets you found.
Then a <Final_Answers> block with EXACTLY one line per task you found in the stream, each line in the form:
- Task <NAME>: <result></Final_Answers>",qwen2.5:3b,3.0,Qwen2.5,87.5
5,non-ordered,False,True,22.0,,,,,semantic_3,cot,5,4,TAPESTRY,"[1, 2, 3, 5, 13]",0.0,1024,512.0,5135,3,INDIA HOTEL QUEBEC,,,,0,False,False,False,0.25,"[{""name"": ""FLAMINGO"", ""kind"": ""load"", ""packet"": 1, ""rank"": 1, ""answer"": ""NO"", ""reported"": true, ""response"": ""NO"", ""correct"": true, ""correct_lenient"": true, ""answer_migrated"": false}, {""name"": ""DANDELION"", ""kind"": ""load"", ""packet"": 2, ""rank"": 2, ""answer"": ""VALID"", ""reported"": false, ""response"": null, ""correct"": false, ""correct_lenient"": false, ""answer_migrated"": false}, {""name"": ""YOGURT"", ""kind"": ""load"", ""packet"": 3, ""rank"": 3, ""answer"": ""NO"", ""reported"": false, ""response"": null, ""correct"": false, ""correct_lenient"": false, ""answer_migrated"": false}, {""name"": ""TAPESTRY"", ""kind"": ""passphrase"", ""packet"": 5, ""rank"": 4, ""answer"": ""INDIA HOTEL QUEBEC"", ""reported"": false, ""response"": null, ""correct"": false, ""correct_lenient"": false, ""answer_migrated"": false}, {""name"": ""WALNUT"", ""kind"": ""load"", ""packet"": 13, ""rank"": 5, ""answer"": ""VALID"", ""reported"": false, ""response"": null, ""correct"": false, ""correct_lenient"": false, ""answer_migrated"": false}]",1,0,0.0,22.0,True,False,True,False,False,1.0,0.0,False,"<Thinking>
Packet 01 is Task FLAMINGO: Eve is lighter than Mona, Mona is lighter than Carol
</Thinking>
<Final_Answers>
- Task FLAMINGO: NO
</Final_Answers>",qwen2.5:3b,3.0,Qwen2.5,87.5
5,non-ordered,False,True,22.0,,,,,semantic_3,cot,8,2,OBELISK,"[2, 8, 10, 14, 15]",0.0,1024,512.0,6135,3,ALPHA CHARLIE BRAVO,,,,0,False,False,True,0.0,"[{""name"": ""MONGOOSE"", ""kind"": ""load"", ""packet"": 2, ""rank"": 1, ""answer"": ""YES"", ""reported"": true, ""response"": ""NO"", ""correct"": false, ""correct_lenient"": false, ""answer_migrated"": true}, {""name"": ""OBELISK"", ""kind"": ""passphrase"", ""packet"": 8, ""rank"": 2, ""answer"": ""ALPHA CHARLIE BRAVO"", ""reported"": true, ""response"": ""ALPHA CHARLICE BRAVO"", ""correct"": false, ""correct_lenient"": false, ""answer_migrated"": false}, {""name"": ""XYLOPHONE"", ""kind"": ""load"", ""packet"": 10, ""rank"": 3, ""answer"": ""NO"", ""reported"": true, ""response"": ""YES"", ""correct"": false, ""correct_lenient"": false, ""answer_migrated"": true}, {""name"": ""KAYAK"", ""kind"": ""load"", ""packet"": 14, ""rank"": 4, ""answer"": ""INVALID"", ""reported"": true, ""response"": ""VALID"", ""correct"": false, ""correct_lenient"": false, ""answer_migrated"": false}, {""name"": ""PORCUPINE"", ""kind"": ""load"", ""packet"": 15, ""rank"": 5, ""answer"": ""INVALID"", ""reported"": true, ""response"": ""VALID"", ""correct"": false, ""correct_lenient"": false, ""answer_migrated"": false}]",5,0,0.4,22.0,True,False,False,False,False,1.0,0.0,False,"<Thinking>
Packet 02 is Task MONGOOSE: Bob is heavier than Nick. The answer is NO.
Packet
</Thinking>
<Final_Answers>
- Task MONGOOSE: NO
</Final Answers>

<Thinking>
Packet 08 is Task OBELISK: I must copy the three words ALPHA CHARLIE BRAVO.
Packet
</Thinking>
<Final_Answers>
- Task OBELISK: ALPHA CHARLICE BRAVO
</Final Answers>

<Thinking>
Packet 10 is Task XYLOPHONE: Iris is faster than Grace. The answer is YES.
Packet
</Thinking>
<Final_Answers>
- Task XYLOPHONE: YES
</Final Answers>

<Thinking>
Packet 14 is Task KAYAK: All plonks are smegs, some smegs are trils, and all trils are grints. Therefore, it follows that some plonks are grints. The answer is VALID.
Packet
</Thinking>
<Final_Answers>
- Task KAYAK: VALID
</Final Answers>

<Thinking>
Packet 15 is Task PORCUPINE: Some zorps are trels and some trels are blims, so it follows that some snigs (which are all zorps) are blims. The answer is VALID.
Packet
</Thinking>
<Final_Answers>
- Task PORCUPINE: VALID
</Final Answers></Final_Answers>",qwen2.5:3b,3.0,Qwen2.5,87.5
5,non-ordered,False,True,22.0,,,,,semantic_3,cot,8,4,METRONOME,"[1, 5, 7, 8, 11]",0.0,1024,512.0,7135,3,XRAY KILO FOXTROT,,,,0,False,True,True,0.25,"[{""name"": ""MARBLE"", ""kind"": ""load"", ""packet"": 1, ""rank"": 1, ""answer"": ""INVALID"", ""reported"": false, ""response"": null, ""correct"": false, ""correct_lenient"": false, ""answer_migrated"": false}, {""name"": ""VOLCANO"", ""kind"": ""load"", ""packet"": 5, ""rank"": 2, ""answer"": ""INVALID"", ""reported"": true, ""response"": ""INVALID"", ""correct"": true, ""correct_lenient"": true, ""answer_migrated"": false}, {""name"": ""KAYAK"", ""kind"": ""load"", ""packet"": 7, ""rank"": 3, ""answer"": ""INVALID"", ""reported"": true, ""response"": ""VALID"", ""correct"": false, ""correct_lenient"": false, ""answer_migrated"": false}, {""name"": ""METRONOME"", ""kind"": ""passphrase"", ""packet"": 8, ""rank"": 4, ""answer"": ""XRAY KILO FOXTROT"", ""reported"": true, ""response"": ""XRAY KILO FOXTROT</Final_Answers>"", ""correct"": false, ""correct_lenient"": true, ""answer_migrated"": false}, {""name"": ""JIGSAW"", ""kind"": ""load"", ""packet"": 11, ""rank"": 5, ""answer"": ""YES"", ""reported"": false, ""response"": null, ""correct"": false, ""correct_lenient"": false, ""answer_migrated"": false}]",3,0,0.0,22.0,True,False,False,False,False,1.0,0.0,False,"<Thinking>
Packet 05 is Task VOLCANO: Given all plonks are smegs, some sm
</Thinking>
<Final_Answers>
- Task VOLCANO: INVALID
<Thinking>
Packet 07 is Task KAYAK: All trens are plonks and some plonks are snools. Some snools are quibs. Therefore, it follows that some trens are quibs.
- Task KAYAK: VALID
<Thinking>
Packet 08 is Task METRONOME: Copy-paste these three words: ""XRAY KILO FOXTROT"".
</Thinking>
<Final_Answers>
- Task KAYAK: VALID
- Task METRONOME: XRAY KILO FOXTROT</Final_Answers>",qwen2.5:3b,3.0,Qwen2.5,87.5
5,non-ordered,True,True,22.0,,,,,semantic_3,cot,13,5,PYRAMID,"[5, 8, 10, 11, 13]",0.0,1024,512.0,135,3,VICTOR LIMA UNIFORM,,,,0,False,False,False,0.0,"[{""name"": ""MONGOOSE"", ""kind"": ""load"", ""packet"": 5, ""rank"": 1, ""answer"": ""VALID"", ""reported"": true, ""response"": ""INVALID"", ""correct"": false, ""correct_lenient"": false, ""answer_migrated"": true}, {""name"": ""NUTMEG"", ""kind"": ""load"", ""packet"": 8, ""rank"": 2, ""answer"": ""INVALID"", ""reported"": false, ""response"": null, ""correct"": false, ""correct_lenient"": false, ""answer_migrated"": false}, {""name"": ""EMERALD"", ""kind"": ""load"", ""packet"": 10, ""rank"": 3, ""answer"": ""INVALID"", ""reported"": false, ""response"": null, ""correct"": false, ""correct_lenient"": false, ""answer_migrated"": false}, {""name"": ""JIGSAW"", ""kind"": ""load"", ""packet"": 11, ""rank"": 4, ""answer"": ""VALID"", ""reported"": false, ""response"": null, ""correct"": false, ""correct_lenient"": false, ""answer_migrated"": false}, {""name"": ""PYRAMID"", ""kind"": ""passphrase"", ""packet"": 13, ""rank"": 5, ""answer"": ""VICTOR LIMA UNIFORM"", ""reported"": false, ""response"": null, ""correct"": false, ""correct_lenient"": false, ""answer_migrated"": false}]",1,0,1.0,22.0,True,False,True,False,False,1.0,0.0,False,"<Thinking>
Packet 05 is Task MONGOOSE: krants are yarps and yarps are kn
</Thinking>
<Final_Answers>
- Task MONGOOSE: INVALID
</Final_Answers>",qwen2.5:3b,3.0,Qwen2.5,87.5
5,non-ordered,True,True,22.0,,,,,semantic_3,cot,15,5,GONDOLA,"[4, 5, 9, 10, 15]",0.0,1024,512.0,1135,3,ROMEO OSCAR ECHO,,,,0,False,False,False,0.0,"[{""name"": ""ICEBERG"", ""kind"": ""load"", ""packet"": 4, ""rank"": 1, ""answer"": ""VALID"", ""reported"": true, ""response"": ""INVALID"", ""correct"": false, ""correct_lenient"": false, ""answer_migrated"": true}, {""name"": ""OBELISK"", ""kind"": ""load"", ""packet"": 5, ""rank"": 2, ""answer"": ""NO"", ""reported"": false, ""response"": null, ""correct"": false, ""correct_lenient"": false, ""answer_migrated"": false}, {""name"": ""METRONOME"", ""kind"": ""load"", ""packet"": 9, ""rank"": 3, ""answer"": ""VALID"", ""reported"": false, ""response"": null, ""correct"": false, ""correct_lenient"": false, ""answer_migrated"": false}, {""name"": ""PYRAMID"", ""kind"": ""load"", ""packet"": 10, ""rank"": 4, ""answer"": ""INVALID"", ""reported"": false, ""response"": null, ""correct"": false, ""correct_lenient"": false, ""answer_migrated"": false}, {""name"": ""GONDOLA"", ""kind"": ""passphrase"", ""packet"": 15, ""rank"": 5, ""answer"": ""ROMEO OSCAR ECHO"", ""reported"": false, ""response"": null, ""correct"": false, ""correct_lenient"": false, ""answer_migrated"": false}]",1,0,1.0,22.0,True,False,True,False,False,1.0,0.0,False,"<Thinking>
Packet 04 is Task ICEBERG: We have premises that some trels are morks, all
</Thinking>
<Final_Answers>
- Task ICEBERG: INVALID
</Final_Answers>",qwen2.5:3b,3.0,Qwen2.5,87.5
5,non-ordered,True,True,22.0,,,,,semantic_3,cot,15,5,HEDGEHOG,"[3, 10, 13, 14, 15]",0.0,1024,512.0,2135,3,TANGO ALPHA YANKEE,,,,0,False,True,True,0.5,"[{""name"": ""HAMMOCK"", ""kind"": ""load"", ""packet"": 3, ""rank"": 1, ""answer"": ""YES"", ""reported"": true, ""response"": ""NO"", ""correct"": false, ""correct_lenient"": false, ""answer_migrated"": false}, {""name"": ""SCARECROW"", ""kind"": ""load"", ""packet"": 10, ""rank"": 2, ""answer"": ""YES"", ""reported"": true, ""response"": ""YES"", ""correct"": true, ""correct_lenient"": true, ""answer_migrated"": false}, {""name"": ""KETTLE"", ""kind"": ""load"", ""packet"": 13, ""rank"": 3, ""answer"": ""VALID"", ""reported"": true, ""response"": ""INVALID"", ""correct"": false, ""correct_lenient"": false, ""answer_migrated"": false}, {""name"": ""GARGOYLE"", ""kind"": ""load"", ""packet"": 14, ""rank"": 4, ""answer"": ""VALID"", ""reported"": true, ""response"": ""VALID"", ""correct"": true, ""correct_lenient"": true, ""answer_migrated"": false}, {""name"": ""HEDGEHOG"", ""kind"": ""passphrase"", ""packet"": 15, ""rank"": 5, ""answer"": ""TANGO ALPHA YANKEE"", ""reported"": true, ""response"": ""TANGO ALPHA YANKEE</Final_Answers>"", ""correct"": false, ""correct_lenient"": true, ""answer_migrated"": false}]",5,0,0.0,22.0,True,False,False,False,False,1.0,0.0,False,"<Thinking>
Packet 03 is Task HAMMOCK: The height comparison indicates that Frank is taller than Hank.
</Thinking>
<Final_Answers>
- Task HAMMOCK: NO
<Thinking>
Packet 10 is Task SCARECROW: Bob is heavier than Nick, so the answer is YES.
</Thinking>
<Final_Answers>
- Task SCARECROW: YES
<Thinking>
Packet 13 is Task KETTLE: The given premises do not provide a direct relationship between grints and snigs. No flurbs are snigs, but there's no information about grints or ralks.
</Thinking>
<Final_Answers>
- Task KETTLE: INVALID
<Thinking>
Packet 14 is Task GARGOYLE: Some torps being flurbs and all flurbs being grebs means some torps are also grebs. No grebs are mibs, so it follows that some torps are not mibs.
</Thinking>
<Final_Answers>
- Task GARGOYLE: VALID
<Thinking>
Packet 15 is Task HEDGEHOG: I must copy the three words TANGO ALPHA YANKEE.
</Thinking>
<Final_Answers>
- Task HEDGEHOG: TANGO ALPHA YANKEE</Final_Answers>",qwen2.5:3b,3.0,Qwen2.5,87.5
5,non-ordered,True,True,22.0,,,,,semantic_3,cot,15,5,PLATYPUS,"[7, 8, 9, 10, 15]",0.0,1024,512.0,3135,3,NOVEMBER SIERRA ROMEO,,,,0,False,False,False,0.25,"[{""name"": ""WOMBAT"", ""kind"": ""load"", ""packet"": 7, ""rank"": 1, ""answer"": ""INVALID"", ""reported"": true, ""response"": ""INVALID"", ""correct"": true, ""correct_lenient"": true, ""answer_migrated"": false}, {""name"": ""OBELISK"", ""kind"": ""load"", ""packet"": 8, ""rank"": 2, ""answer"": ""INVALID"", ""reported"": false, ""response"": null, ""correct"": false, ""correct_lenient"": false, ""answer_migrated"": false}, {""name"": ""WALNUT"", ""kind"": ""load"", ""packet"": 9, ""rank"": 3, ""answer"": ""VALID"", ""reported"": false, ""response"": null, ""correct"": false, ""correct_lenient"": false, ""answer_migrated"": false}, {""name"": ""CACTUS"", ""kind"": ""load"", ""packet"": 10, ""rank"": 4, ""answer"": ""VALID"", ""reported"": false, ""response"": null, ""correct"": false, ""correct_lenient"": false, ""answer_migrated"": false}, {""name"": ""PLATYPUS"", ""kind"": ""passphrase"", ""packet"": 15, ""rank"": 5, ""answer"": ""NOVEMBER SIERRA ROMEO"", ""reported"": false, ""response"": null, ""correct"": false, ""correct_lenient"": false, ""answer_migrated"": false}]",1,0,0.0,22.0,True,False,True,False,False,1.0,0.0,False,"<Thinking>
Packet 07 is Task WOMBAT: We have premises that all knifs are blorgs and
</Thinking>
<Final_Answers>
- Task WOMBAT: INVALID
</Final_Answers>",qwen2.5:3b,3.0,Qwen2.5,87.5
5,non-ordered,True,True,22.0,,,,,semantic_3,cot,11,5,URCHIN,"[1, 3, 6, 8, 11]",0.0,1024,512.0,4135,3,INDIA WHISKEY VICTOR,,,,0,False,False,False,0.0,"[{""name"": ""ICEBERG"", ""kind"": ""load"", ""packet"": 1, ""rank"": 1, ""answer"": ""NO"", ""reported"": false, ""response"": null, ""correct"": false, ""correct_lenient"": false, ""answer_migrated"": false}, {""name"": ""QUILT"", ""kind"": ""load"", ""packet"": 3, ""rank"": 2, ""answer"": ""VALID"", ""reported"": false, ""response"": null, ""correct"": false, ""correct_lenient"": false, ""answer_migrated"": false}, {""name"": ""VOLCANO"", ""kind"": ""load"", ""packet"": 6, ""rank"": 3, ""answer"": ""VALID"", ""reported"": true, ""response"": ""INVALID"", ""correct"": false, ""correct_lenient"": false, ""answer_migrated"": true}, {""name"": ""TROMBONE"", ""kind"": ""load"", ""packet"": 8, ""rank"": 4, ""answer"": ""INVALID"", ""reported"": false, ""response"": null, ""correct"": false, ""correct_lenient"": false, ""answer_migrated"": false}, {""name"": ""URCHIN"", ""kind"": ""passphrase"", ""packet"": 11, ""rank"": 5, ""answer"": ""INDIA WHISKEY VICTOR"", ""reported"": false, ""response"": null, ""correct"": false, ""correct_lenient"": false, ""answer_migrated"": false}]",1,0,1.0,22.0,True,False,True,False,False,1.0,0.0,False,"<Thinking>
Packet 06 is Task VOLCANO: Given premises - some wozzles are smegs
</Thinking>
<Final_Answers>
- Task VOLCANO: INVALID
</Final_Answers>",qwen2.5:3b,3.0,Qwen2.5,87.5
5,non-ordered,True,True,22.0,,,,,semantic_3,cot,13,5,TAPESTRY,"[1, 2, 3, 5, 13]",0.0,1024,512.0,5135,3,INDIA HOTEL QUEBEC,,,,0,False,False,False,0.0,"[{""name"": ""EMERALD"", ""kind"": ""load"", ""packet"": 1, ""rank"": 1, ""answer"": ""VALID"", ""reported"": true, ""response"": ""INVALID"", ""correct"": false, ""correct_lenient"": false, ""answer_migrated"": false}, {""name"": ""FLAMINGO"", ""kind"": ""load"", ""packet"": 2, ""rank"": 2, ""answer"": ""NO"", ""reported"": false, ""response"": null, ""correct"": false, ""correct_lenient"": false, ""answer_migrated"": false}, {""name"": ""DANDELION"", ""kind"": ""load"", ""packet"": 3, ""rank"": 3, ""answer"": ""VALID"", ""reported"": false, ""response"": null, ""correct"": false, ""correct_lenient"": false, ""answer_migrated"": false}, {""name"": ""YOGURT"", ""kind"": ""load"", ""packet"": 5, ""rank"": 4, ""answer"": ""NO"", ""reported"": false, ""response"": null, ""correct"": false, ""correct_lenient"": false, ""answer_migrated"": false}, {""name"": ""TAPESTRY"", ""kind"": ""passphrase"", ""packet"": 13, ""rank"": 5, ""answer"": ""INDIA HOTEL QUEBEC"", ""reported"": false, ""response"": null, ""correct"": false, ""correct_lenient"": false, ""answer_migrated"": false}]",1,0,0.0,22.0,True,False,True,False,False,1.0,0.0,False,"<Thinking>
Packet 01 is Task EMERALD: We have premises that some krants are yarps and
</Thinking>
<Final_Answers>
- Task EMERALD: INVALID
</Final_Answers>",qwen2.5:3b,3.0,Qwen2.5,87.5
5,non-ordered,True,True,22.0,,,,,semantic_3,cot,15,5,KAYAK,"[2, 8, 10, 14, 15]",0.0,1024,512.0,6135,3,ALPHA CHARLIE BRAVO,,,,0,False,False,False,0.25,"[{""name"": ""CARNIVAL"", ""kind"": ""load"", ""packet"": 2, ""rank"": 1, ""answer"": ""INVALID"", ""reported"": true, ""response"": ""INVALID"", ""correct"": true, ""correct_lenient"": true, ""answer_migrated"": false}, {""name"": ""MONGOOSE"", ""kind"": ""load"", ""packet"": 8, ""rank"": 2, ""answer"": ""YES"", ""reported"": false, ""response"": null, ""correct"": false, ""correct_lenient"": false, ""answer_migrated"": false}, {""name"": ""OBELISK"", ""kind"": ""load"", ""packet"": 10, ""rank"": 3, ""answer"": ""NO"", ""reported"": false, ""response"": null, ""correct"": false, ""correct_lenient"": false, ""answer_migrated"": false}, {""name"": ""XYLOPHONE"", ""kind"": ""load"", ""packet"": 14, ""rank"": 4, ""answer"": ""INVALID"", ""reported"": false, ""response"": null, ""correct"": false, ""correct_lenient"": false, ""answer_migrated"": false}, {""name"": ""KAYAK"", ""kind"": ""passphrase"", ""packet"": 15, ""rank"": 5, ""answer"": ""ALPHA CHARLIE BRAVO"", ""reported"": false, ""response"": null, ""correct"": false, ""correct_lenient"": false, ""answer_migrated"": false}]",1,0,0.0,22.0,True,False,True,False,False,1.0,0.0,False,"<Thinking>
Packet 02 is Task CARNIVAL: We have premises - all blorgs are skrans,
</Thinking>
<Final_Answers>
- Task CARNIVAL: INVALID
</Final_Answers>",qwen2.5:3b,3.0,Qwen2.5,87.5
5,non-ordered,True,True,22.0,,,,,semantic_3,cot,11,5,METRONOME,"[1, 5, 7, 8, 11]",0.0,1024,512.0,7135,3,XRAY KILO FOXTROT,,,,0,False,False,False,0.25,"[{""name"": ""DUMPLING"", ""kind"": ""load"", ""packet"": 1, ""rank"": 1, ""answer"": ""VALID"", ""reported"": false, ""response"": null, ""correct"": false, ""correct_lenient"": false, ""answer_migrated"": false}, {""name"": ""MARBLE"", ""kind"": ""load"", ""packet"": 5, ""rank"": 2, ""answer"": ""INVALID"", ""reported"": true, ""response"": ""INVALID"", ""correct"": true, ""correct_lenient"": true, ""answer_migrated"": false}, {""name"": ""VOLCANO"", ""kind"": ""load"", ""packet"": 7, ""rank"": 3, ""answer"": ""INVALID"", ""reported"": false, ""response"": null, ""correct"": false, ""correct_lenient"": false, ""answer_migrated"": false}, {""name"": ""KAYAK"", ""kind"": ""load"", ""packet"": 8, ""rank"": 4, ""answer"": ""INVALID"", ""reported"": false, ""response"": null, ""correct"": false, ""correct_lenient"": false, ""answer_migrated"": false}, {""name"": ""METRONOME"", ""kind"": ""passphrase"", ""packet"": 11, ""rank"": 5, ""answer"": ""XRAY KILO FOXTROT"", ""reported"": false, ""response"": null, ""correct"": false, ""correct_lenient"": false, ""answer_migrated"": false}]",1,0,0.0,22.0,True,False,True,False,False,1.0,0.0,False,"<Thinking>
Packet 05 - Task MARBLE: Given some gleeps are snicks (from plomps
</Thinking>
<Final_Answers>
- Task MARBLE: INVALID
</Final_Answers>",qwen2.5:3b,3.0,Qwen2.5,87.5
5,non-ordered,False,True,44.0,,,,,trivial,cot,4,1,RASPBERRY,"[4, 6, 10, 11, 14]",0.0,1024,512.0,114,3,HOTEL SIERRA DELTA,,,,0,True,True,True,0.75,"[{""name"": ""RASPBERRY"", ""kind"": ""passphrase"", ""packet"": 4, ""rank"": 1, ""answer"": ""HOTEL SIERRA DELTA"", ""reported"": true, ""response"": ""HOTEL SIERRA DELTA"", ""correct"": true, ""correct_lenient"": true, ""answer_migrated"": false}, {""name"": ""NECTARINE"", ""kind"": ""load"", ""packet"": 6, ""rank"": 2, ""answer"": ""STORM"", ""reported"": true, ""response"": ""STORM"", ""correct"": true, ""correct_lenient"": true, ""answer_migrated"": false}, {""name"": ""PLATYPUS"", ""kind"": ""load"", ""packet"": 10, ""rank"": 3, ""answer"": ""BROWN"", ""reported"": true, ""response"": ""BROWN"", ""correct"": true, ""correct_lenient"": true, ""answer_migrated"": false}, {""name"": ""INKWELL"", ""kind"": ""load"", ""packet"": 11, ""rank"": 4, ""answer"": ""LAKE"", ""reported"": true, ""response"": ""LAKE"", ""correct"": true, ""correct_lenient"": true, ""answer_migrated"": false}, {""name"": ""KAYAK"", ""kind"": ""load"", ""packet"": 14, ""rank"": 5, ""answer"": ""FINCH"", ""reported"": true, ""response"": ""FINCH</Final_Answers>"", ""correct"": false, ""correct_lenient"": true, ""answer_migrated"": false}]",5,0,0.0,44.0,True,False,False,False,True,2.0,0.0,False,"<Thinking>
Packet 04 is Task RASPBERRY: I must copy the three words HOTEL SIERRA DELTA. Packet 06 is Task NECTARINE: The task's result is STORM.
</Thinking>
<Final_Answers>
- Task RASPBERRY: HOTEL SIERRA DELTA
- Task NECTARINE: STORM
- Task PLATYPUS: BROWN
- Task INKWELL: LAKE
- Task KAYAK: FINCH</Final_Answers>",qwen2.5:3b,3.0,Qwen2.5,87.5
5,non-ordered,False,True,44.0,,,,,trivial,cot,14,5,CENTIPEDE,"[8, 10, 11, 12, 14]",0.0,1024,512.0,1114,3,QUEBEC INDIA OSCAR,,,,0,False,False,False,0.25,"[{""name"": ""METRONOME"", ""kind"": ""load"", ""packet"": 8, ""rank"": 1, ""answer"": ""RICE"", ""reported"": true, ""response"": ""RICE"", ""correct"": true, ""correct_lenient"": true, ""answer_migrated"": false}, {""name"": ""CATAPULT"", ""kind"": ""load"", ""packet"": 10, ""rank"": 2, ""answer"": ""SPOON"", ""reported"": true, ""response"": ""SPOON</Final_Answers>"", ""correct"": false, ""correct_lenient"": true, ""answer_migrated"": false}, {""name"": ""LANTERN"", ""kind"": ""load"", ""packet"": 11, ""rank"": 3, ""answer"": ""CHERRY"", ""reported"": false, ""response"": null, ""correct"": false, ""correct_lenient"": false, ""answer_migrated"": false}, {""name"": ""DAFFODIL"", ""kind"": ""load"", ""packet"": 12, ""rank"": 4, ""answer"": ""PLATE"", ""reported"": false, ""response"": null, ""correct"": false, ""correct_lenient"": false, ""answer_migrated"": false}, {""name"": ""CENTIPEDE"", ""kind"": ""passphrase"", ""packet"": 14, ""rank"": 5, ""answer"": ""QUEBEC INDIA OSCAR"", ""reported"": false, ""response"": null, ""correct"": false, ""correct_lenient"": false, ""answer_migrated"": false}]",2,0,0.0,44.0,True,False,True,False,False,2.0,0.0,False,"<Thinking>
Packet 08 is Task METRONOME: The trivial task requires reporting RICE as its result. Packet 10 is Task CATAPULT: This trivial task requires reporting SPOON as its result. Packet
</Thinking>
<Final_Answers>
- Task METRONOME: RICE
- Task CATAPULT: SPOON</Final_Answers>",qwen2.5:3b,3.0,Qwen2.5,87.5
5,non-ordered,False,True,44.0,,,,,trivial,cot,4,1,YOGURT,"[4, 5, 8, 9, 15]",0.0,1024,512.0,2114,3,HOTEL GOLF VICTOR,,,,0,True,True,True,0.75,"[{""name"": ""YOGURT"", ""kind"": ""passphrase"", ""packet"": 4, ""rank"": 1, ""answer"": ""HOTEL GOLF VICTOR"", ""reported"": true, ""response"": ""HOTEL GOLF VICTOR"", ""correct"": true, ""correct_lenient"": true, ""answer_migrated"": false}, {""name"": ""EGGPLANT"", ""kind"": ""load"", ""packet"": 5, ""rank"": 2, ""answer"": ""BEAR"", ""reported"": true, ""response"": ""BEAR"", ""correct"": true, ""correct_lenient"": true, ""answer_migrated"": false}, {""name"": ""PISTACHIO"", ""kind"": ""load"", ""packet"": 8, ""rank"": 3, ""answer"": ""MAROON"", ""reported"": true, ""response"": ""MAROON"", ""correct"": true, ""correct_lenient"": true, ""answer_migrated"": false}, {""name"": ""QUARRY"", ""kind"": ""load"", ""packet"": 9, ""rank"": 4, ""answer"": ""VIOLET"", ""reported"": true, ""response"": ""VIOLET"", ""correct"": true, ""correct_lenient"": true, ""answer_migrated"": false}, {""name"": ""TROMBONE"", ""kind"": ""load"", ""packet"": 15, ""rank"": 5, ""answer"": ""DUCK"", ""reported"": true, ""response"": ""DUCK</Final_Answers>"", ""correct"": false, ""correct_lenient"": true, ""answer_migrated"": false}]",5,0,0.0,44.0,True,False,False,False,True,2.0,0.0,False,"<Thinking>
Packet 04 is Task YOGURT: I must copy the three words HOTEL GOLF VICTOR. Packet 05 is Task EGGPLANT: The trivial task requires reporting the word BEAR
</Thinking>
<Final_Answers>
- Task YOGURT: HOTEL GOLF VICTOR
- Task EGGPLANT: BEAR
- Task PISTACHIO: MAROON
- Task QUARRY: VIOLET
- Task TROMBONE: DUCK</Final_Answers>",qwen2.5:3b,3.0,Qwen2.5,87.5
5,non-ordered,False,True,44.0,,,,,trivial,cot,11,4,SAXOPHONE,"[5, 7, 8, 11, 13]",0.0,1024,512.0,3114,3,HOTEL INDIA ROMEO,,,,0,True,True,True,0.75,"[{""name"": ""PARSNIP"", ""kind"": ""load"", ""packet"": 5, ""rank"": 1, ""answer"": ""CAT"", ""reported"": true, ""response"": ""CAT"", ""correct"": true, ""correct_lenient"": true, ""answer_migrated"": false}, {""name"": ""PELICAN"", ""kind"": ""load"", ""packet"": 7, ""rank"": 2, ""answer"": ""ONION"", ""reported"": true, ""response"": ""ONION"", ""correct"": true, ""correct_lenient"": true, ""answer_migrated"": false}, {""name"": ""DUMPLING"", ""kind"": ""load"", ""packet"": 8, ""rank"": 3, ""answer"": ""GRAPE"", ""reported"": true, ""response"": ""GRAPE"", ""correct"": true, ""correct_lenient"": true, ""answer_migrated"": false}, {""name"": ""SAXOPHONE"", ""kind"": ""passphrase"", ""packet"": 11, ""rank"": 4, ""answer"": ""HOTEL INDIA ROMEO"", ""reported"": true, ""response"": ""HOTEL INDIA ROMEO"", ""correct"": true, ""correct_lenient"": true, ""answer_migrated"": false}, {""name"": ""DAFFODIL"", ""kind"": ""load"", ""packet"": 13, ""rank"": 5, ""answer"": ""WALL"", ""reported"": true, ""response"": ""WALL</Final_Answers>"", ""correct"": false, ""correct_lenient"": true, ""answer_migrated"": false}]",5,0,0.0,44.0,True,False,False,False,False,2.0,0.0,False,"<Thinking>
Packet 05 is Task PARSNIP: The trivial task requires reporting the word CAT as its result. Packet 07 is Task PELICAN: The trivial task requires reporting the word ONION as
</Thinking>
<Final_Answers>
- Task PARSNIP: CAT
- Task PELICAN: ONION
- Task DUMPLING: GRAPE
- Task SAXOPHONE: HOTEL INDIA ROMEO
- Task DAFFODIL: WALL</Final_Answers>",qwen2.5:3b,3.0,Qwen2.5,87.5
5,non-ordered,False,True,44.0,,,,,trivial,cot,9,4,HAMMOCK,"[1, 2, 4, 9, 15]",0.0,1024,512.0,4114,3,ALPHA XRAY WHISKEY,,,,0,False,False,False,0.25,"[{""name"": ""UNICYCLE"", ""kind"": ""load"", ""packet"": 1, ""rank"": 1, ""answer"": ""WOLF"", ""reported"": false, ""response"": null, ""correct"": false, ""correct_lenient"": false, ""answer_migrated"": false}, {""name"": ""KUMQUAT"", ""kind"": ""load"", ""packet"": 2, ""rank"": 2, ""answer"": ""CRAB"", ""reported"": false, ""response"": null, ""correct"": false, ""correct_lenient"": false, ""answer_migrated"": false}, {""name"": ""GONDOLA"", ""kind"": ""load"", ""packet"": 4, ""rank"": 3, ""answer"": ""LAMP"", ""reported"": false, ""response"": null, ""correct"": false, ""correct_lenient"": false, ""answer_migrated"": false}, {""name"": ""HAMMOCK"", ""kind"": ""passphrase"", ""packet"": 9, ""rank"": 4, ""answer"": ""ALPHA XRAY WHISKEY"", ""reported"": true, ""response"": ""ALPHAXRAYWHISKEY"", ""correct"": false, ""correct_lenient"": false, ""answer_migrated"": false}, {""name"": ""WATERMELON"", ""kind"": ""load"", ""packet"": 15, ""rank"": 5, ""answer"": ""CARROT"", ""reported"": true, ""response"": ""CARROT"", ""correct"": true, ""correct_lenient"": true, ""answer_migrated"": false}]",2,0,0.0,44.0,True,False,False,False,False,3.0,0.0,False,"<Thinking>
Packet 01 is Task UNICYCLE: The trivial task reports WOLF as its result. Packet 04 is Task GONDOLA: This trivial task's result is LAMP. Packet 09 is
</Thinking>
<Final_Answers>
- Task HAMMOCK: ALPHAXRAYWHISKEY
- Task WATERMELON: CARROT
</Final_Answers>",qwen2.5:3b,3.0,Qwen2.5,87.5
5,non-ordered,False,True,44.0,,,,,trivial,cot,4,1,JIGSAW,"[4, 10, 11, 12, 14]",0.0,1024,512.0,5114,3,GOLF QUEBEC OSCAR,,,,0,True,True,True,0.75,"[{""name"": ""JIGSAW"", ""kind"": ""passphrase"", ""packet"": 4, ""rank"": 1, ""answer"": ""GOLF QUEBEC OSCAR"", ""reported"": true, ""response"": ""GOLF QUEBEC OSCAR"", ""correct"": true, ""correct_lenient"": true, ""answer_migrated"": false}, {""name"": ""ORIGAMI"", ""kind"": ""load"", ""packet"": 10, ""rank"": 2, ""answer"": ""SEAL"", ""reported"": true, ""response"": ""SEAL"", ""correct"": true, ""correct_lenient"": true, ""answer_migrated"": false}, {""name"": ""QUICKSAND"", ""kind"": ""load"", ""packet"": 11, ""rank"": 3, ""answer"": ""TABLE"", ""reported"": true, ""response"": ""TABLE"", ""correct"": true, ""correct_lenient"": true, ""answer_migrated"": false}, {""name"": ""BLIZZARD"", ""kind"": ""load"", ""packet"": 12, ""rank"": 4, ""answer"": ""BLUE"", ""reported"": true, ""response"": ""BLUE"", ""correct"": true, ""correct_lenient"": true, ""answer_migrated"": false}, {""name"": ""BAGPIPE"", ""kind"": ""load"", ""packet"": 14, ""rank"": 5, ""answer"": ""BLACK"", ""reported"": true, ""response"": ""BLACK</Final_Answers>"", ""correct"": false, ""correct_lenient"": true, ""answer_migrated"": false}]",5,0,0.0,44.0,True,False,False,False,True,2.0,0.0,False,"<Thinking>
Packet 04 is Task JIGSAW: I must copy the three words GOLF QUEBEC OSCAR. Packet 010 is Task ORIGAMI: The task's result is the word SEAL
</Thinking>
<Final_Answers>
- Task JIGSAW: GOLF QUEBEC OSCAR
- Task ORIGAMI: SEAL
- Task QUICKSAND: TABLE
- Task BLIZZARD: BLUE
- Task BAGPIPE: BLACK</Final_Answers>",qwen2.5:3b,3.0,Qwen2.5,87.5
5,non-ordered,False,True,44.0,,,,,trivial,cot,14,5,ZIGZAG,"[7, 9, 11, 12, 14]",0.0,1024,512.0,6114,3,CHARLIE SIERRA ECHO,,,,0,False,False,False,1.0,"[{""name"": ""JIGSAW"", ""kind"": ""load"", ""packet"": 7, ""rank"": 1, ""answer"": ""CRAB"", ""reported"": true, ""response"": ""CRAB"", ""correct"": true, ""correct_lenient"": true, ""answer_migrated"": false}, {""name"": ""ZEPPELIN"", ""kind"": ""load"", ""packet"": 9, ""rank"": 2, ""answer"": ""LEMON"", ""reported"": true, ""response"": ""LEMON"", ""correct"": true, ""correct_lenient"": true, ""answer_migrated"": false}, {""name"": ""CACTUS"", ""kind"": ""load"", ""packet"": 11, ""rank"": 3, ""answer"": ""MAROON"", ""reported"": true, ""response"": ""MAROON"", ""correct"": true, ""correct_lenient"": true, ""answer_migrated"": false}, {""name"": ""HARMONICA"", ""kind"": ""load"", ""packet"": 12, ""rank"": 4, ""answer"": ""STONE"", ""reported"": true, ""response"": ""STONE"", ""correct"": true, ""correct_lenient"": true, ""answer_migrated"": false}, {""name"": ""ZIGZAG"", ""kind"": ""passphrase"", ""packet"": 14, ""rank"": 5, ""answer"": ""CHARLIE SIERRA ECHO"", ""reported"": false, ""response"": null, ""correct"": false, ""correct_lenient"": false, ""answer_migrated"": false}]",4,0,0.0,44.0,True,False,True,False,False,3.0,0.0,False,"<Thinking>
Packet 07 is Task JIGSAW: The word to report is CRAB. Packet 09 is Task ZEPPELIN: The word to report is LEMON. Packet 11 is Task
</Thinking>
<Final_Answers>
- Task CACTUS: MAROON
- Task HARMONICA: STONE
- Task JIGSAW: CRAB
- Task ZEPPELIN: LEMON
- Task CACTUS: MAROON
- Task HARMONICA: STONE
- Task ZEPPELIN: LEMON</Final_Answers>",qwen2.5:3b,3.0,Qwen2.5,87.5
5,non-ordered,False,True,44.0,,,,,trivial,cot,3,2,UKULELE,"[2, 3, 6, 13, 15]",0.0,1024,512.0,7114,3,HOTEL PAPA FOXTROT,,,,0,False,False,False,0.75,"[{""name"": ""DAFFODIL"", ""kind"": ""load"", ""packet"": 2, ""rank"": 1, ""answer"": ""GARLIC"", ""reported"": true, ""response"": ""GARLIC"", ""correct"": true, ""correct_lenient"": true, ""answer_migrated"": false}, {""name"": ""UKULELE"", ""kind"": ""passphrase"", ""packet"": 3, ""rank"": 2, ""answer"": ""HOTEL PAPA FOXTROT"", ""reported"": true, ""response"": ""HOTEL"", ""correct"": false, ""correct_lenient"": false, ""answer_migrated"": false}, {""name"": ""VOLCANO"", ""kind"": ""load"", ""packet"": 6, ""rank"": 3, ""answer"": ""CYAN"", ""reported"": true, ""response"": ""CYAN"", ""correct"": true, ""correct_lenient"": true, ""answer_migrated"": false}, {""name"": ""VINEYARD"", ""kind"": ""load"", ""packet"": 13, ""rank"": 4, ""answer"": ""OWL"", ""reported"": true, ""response"": ""OWL"", ""correct"": true, ""correct_lenient"": true, ""answer_migrated"": false}, {""name"": ""RAVIOLI"", ""kind"": ""load"", ""packet"": 15, ""rank"": 5, ""answer"": ""WHITE"", ""reported"": true, ""response"": ""WHITE</Final_Answers>"", ""correct"": false, ""correct_lenient"": true, ""answer_migrated"": false}]",5,0,0.0,44.0,True,False,False,False,False,2.0,0.0,False,"<Thinking>
Packet 02 is Task DAFFODIL: I must report the word GARLIC as this task's result. Packet 03 is Task UKULELE: I must copy-paste the words HOTEL
</Thinking>
<Final_Answers>
- Task DAFFODIL: GARLIC
- Task UKULELE: HOTEL
- Task VOLCANO: CYAN
- Task VINEYARD: OWL
- Task RAVIOLI: WHITE</Final_Answers>",qwen2.5:3b,3.0,Qwen2.5,87.5
5,non-ordered,True,True,44.0,,,,,trivial,cot,14,5,INKWELL,"[4, 6, 10, 11, 14]",0.0,1024,512.0,114,3,HOTEL SIERRA DELTA,,,,0,False,False,False,0.25,"[{""name"": ""TROMBONE"", ""kind"": ""load"", ""packet"": 4, ""rank"": 1, ""answer"": ""STONE"", ""reported"": false, ""response"": null, ""correct"": false, ""correct_lenient"": false, ""answer_migrated"": false}, {""name"": ""RASPBERRY"", ""kind"": ""load"", ""packet"": 6, ""rank"": 2, ""answer"": ""WHALE"", ""reported"": false, ""response"": null, ""correct"": false, ""correct_lenient"": false, ""answer_migrated"": false}, {""name"": ""NECTARINE"", ""kind"": ""load"", ""packet"": 10, ""rank"": 3, ""answer"": ""STORM"", ""reported"": true, ""response"": ""STORM"", ""correct"": true, ""correct_lenient"": true, ""answer_migrated"": false}, {""name"": ""PLATYPUS"", ""kind"": ""load"", ""packet"": 11, ""rank"": 4, ""answer"": ""BROWN"", ""reported"": true, ""response"": ""BROWN</Final_Answers>"", ""correct"": false, ""correct_lenient"": true, ""answer_migrated"": false}, {""name"": ""INKWELL"", ""kind"": ""passphrase"", ""packet"": 14, ""rank"": 5, ""answer"": ""HOTEL SIERRA DELTA"", ""reported"": false, ""response"": null, ""correct"": false, ""correct_lenient"": false, ""answer_migrated"": false}]",2,0,0.0,44.0,True,False,True,False,False,2.0,0.0,False,"<Thinking>
Packet 10 is Task NECTARINE: I must report the word STORM as this task's result. Packet 11 is Task PLATYPUS: I must report the word BROWN as this
</Thinking>
<Final_Answers>
- Task NECTARINE: STORM
- Task PLATYPUS: BROWN</Final_Answers>",qwen2.5:3b,3.0,Qwen2.5,87.5
5,non-ordered,True,True,44.0,,,,,trivial,cot,14,5,DAFFODIL,"[8, 10, 11, 12, 14]",0.0,1024,512.0,1114,3,QUEBEC INDIA OSCAR,,,,0,True,True,True,1.0,"[{""name"": ""WALNUT"", ""kind"": ""load"", ""packet"": 8, ""rank"": 1, ""answer"": ""BREAD"", ""reported"": true, ""response"": ""BREAD"", ""correct"": true, ""correct_lenient"": true, ""answer_migrated"": false}, {""name"": ""METRONOME"", ""kind"": ""load"", ""packet"": 10, ""rank"": 2, ""answer"": ""RICE"", ""reported"": true, ""response"": ""RICE"", ""correct"": true, ""correct_lenient"": true, ""answer_migrated"": false}, {""name"": ""CATAPULT"", ""kind"": ""load"", ""packet"": 11, ""rank"": 3, ""answer"": ""SPOON"", ""reported"": true, ""response"": ""SPOON"", ""correct"": true, ""correct_lenient"": true, ""answer_migrated"": false}, {""name"": ""LANTERN"", ""kind"": ""load"", ""packet"": 12, ""rank"": 4, ""answer"": ""CHERRY"", ""reported"": true, ""response"": ""CHERRY"", ""correct"": true, ""correct_lenient"": true, ""answer_migrated"": false}, {""name"": ""DAFFODIL"", ""kind"": ""passphrase"", ""packet"": 14, ""rank"": 5, ""answer"": ""QUEBEC INDIA OSCAR"", ""reported"": true, ""response"": ""QUEBEC INDIA OSCAR"", ""correct"": true, ""correct_lenient"": true, ""answer_migrated"": false}]",5,0,0.0,44.0,True,False,False,False,False,2.0,0.0,False,"<Thinking>
Packet 08 is Task WALNUT: The trivial task requires reporting BREAD as its result. Packet 10 is Task METRONOME: This trivial task requires reporting RICE as its result. Packet 
</Thinking>
<Final_Answers>
- Task WALNUT: BREAD
- Task METRONOME: RICE
- Task CATAPULT: SPOON
- Task LANTERN: CHERRY
- Task DAFFODIL: QUEBEC INDIA OSCAR
</Final_Answers>",qwen2.5:3b,3.0,Qwen2.5,87.5
5,non-ordered,True,True,44.0,,,,,trivial,cot,15,5,QUARRY,"[4, 5, 8, 9, 15]",0.0,1024,512.0,2114,3,HOTEL GOLF VICTOR,,,,0,False,False,False,0.25,"[{""name"": ""TROMBONE"", ""kind"": ""load"", ""packet"": 4, ""rank"": 1, ""answer"": ""BLACK"", ""reported"": true, ""response"": ""BLACK"", ""correct"": true, ""correct_lenient"": true, ""answer_migrated"": false}, {""name"": ""YOGURT"", ""kind"": ""load"", ""packet"": 5, ""rank"": 2, ""answer"": ""BEAR"", ""reported"": true, ""response"": ""BEAR</Final_Answers>"", ""correct"": false, ""correct_lenient"": true, ""answer_migrated"": false}, {""name"": ""EGGPLANT"", ""kind"": ""load"", ""packet"": 8, ""rank"": 3, ""answer"": ""MAROON"", ""reported"": false, ""response"": null, ""correct"": false, ""correct_lenient"": false, ""answer_migrated"": false}, {""name"": ""PISTACHIO"", ""kind"": ""load"", ""packet"": 9, ""rank"": 4, ""answer"": ""VIOLET"", ""reported"": false, ""response"": null, ""correct"": false, ""correct_lenient"": false, ""answer_migrated"": false}, {""name"": ""QUARRY"", ""kind"": ""passphrase"", ""packet"": 15, ""rank"": 5, ""answer"": ""HOTEL GOLF VICTOR"", ""reported"": false, ""response"": null, ""correct"": false, ""correct_lenient"": false, ""answer_migrated"": false}]",2,0,0.0,44.0,True,False,True,False,False,2.0,0.0,False,"<Thinking>
Packet 04 is Task TROMBONE: I must report the word BLACK as this task's result. Packet 05 is Task YOGURT: I must report the word BEAR as this task's
</Thinking>
<Final_Answers>
- Task TROMBONE: BLACK
- Task YOGURT: BEAR</Final_Answers>",qwen2.5:3b,3.0,Qwen2.5,87.5
5,non-ordered,True,True,44.0,,,,,trivial,cot,13,5,SAXOPHONE,"[5, 7, 8, 11, 13]",0.0,1024,512.0,3114,3,HOTEL INDIA ROMEO,,,,0,True,True,True,0.75,"[{""name"": ""BONSAI"", ""kind"": ""load"", ""packet"": 5, ""rank"": 1, ""answer"": ""FOX"", ""reported"": true, ""response"": ""FOX"", ""correct"": true, ""correct_lenient"": true, ""answer_migrated"": false}, {""name"": ""PARSNIP"", ""kind"": ""load"", ""packet"": 7, ""rank"": 2, ""answer"": ""CAT"", ""reported"": true, ""response"": ""CAT"", ""correct"": true, ""correct_lenient"": true, ""answer_migrated"": false}, {""name"": ""PELICAN"", ""kind"": ""load"", ""packet"": 8, ""rank"": 3, ""answer"": ""ONION"", ""reported"": true, ""response"": ""ONION"", ""correct"": true, ""correct_lenient"": true, ""answer_migrated"": false}, {""name"": ""DUMPLING"", ""kind"": ""load"", ""packet"": 11, ""rank"": 4, ""answer"": ""GRAPE"", ""reported"": true, ""response"": ""GRAPE</Final_Answers>"", ""correct"": false, ""correct_lenient"": true, ""answer_migrated"": false}, {""name"": ""SAXOPHONE"", ""kind"": ""passphrase"", ""packet"": 13, ""rank"": 5, ""answer"": ""HOTEL INDIA ROMEO"", ""reported"": true, ""response"": ""HOTEL INDIA ROMEO"", ""correct"": true, ""correct_lenient"": true, ""answer_migrated"": false}]",5,0,0.0,44.0,True,False,False,False,False,2.0,0.0,False,"<Thinking>
Packet 05 is Task BONSAI: The trivial task requires reporting the word FOX as its result. Packet 07 is Task PARSNIP: This trivial task requires reporting the word CAT as its
</Thinking>
<Final_Answers>
- Task BONSAI: FOX
- Task PARSNIP: CAT
- Task PELICAN: ONION
- Task SAXOPHONE: HOTEL INDIA ROMEO
- Task DUMPLING: GRAPE</Final_Answers>",qwen2.5:3b,3.0,Qwen2.5,87.5
5,non-ordered,True,True,44.0,,,,,trivial,cot,15,5,HAMMOCK,"[1, 2, 4, 9, 15]",0.0,1024,512.0,4114,3,ALPHA XRAY WHISKEY,,,,0,False,False,False,1.0,"[{""name"": ""HARMONICA"", ""kind"": ""load"", ""packet"": 1, ""rank"": 1, ""answer"": ""BLUE"", ""reported"": true, ""response"": ""BLUE"", ""correct"": true, ""correct_lenient"": true, ""answer_migrated"": false}, {""name"": ""UNICYCLE"", ""kind"": ""load"", ""packet"": 2, ""rank"": 2, ""answer"": ""WOLF"", ""reported"": true, ""response"": ""WOLF"", ""correct"": true, ""correct_lenient"": true, ""answer_migrated"": false}, {""name"": ""KUMQUAT"", ""kind"": ""load"", ""packet"": 4, ""rank"": 3, ""answer"": ""CRAB"", ""reported"": true, ""response"": ""CRAB"", ""correct"": true, ""correct_lenient"": true, ""answer_migrated"": false}, {""name"": ""GONDOLA"", ""kind"": ""load"", ""packet"": 9, ""rank"": 4, ""answer"": ""LAMP"", ""reported"": true, ""response"": ""LAMP"", ""correct"": true, ""correct_lenient"": true, ""answer_migrated"": false}, {""name"": ""HAMMOCK"", ""kind"": ""passphrase"", ""packet"": 15, ""rank"": 5, ""answer"": ""ALPHA XRAY WHISKEY"", ""reported"": true, ""response"": ""ALPHAXRAYWHISKEY</Final_Answers>"", ""correct"": false, ""correct_lenient"": false, ""answer_migrated"": false}]",5,0,0.0,44.0,True,False,False,False,False,2.0,0.0,False,"<Thinking>
Packet 01 is Task HARMONICA: The word BLUE should be reported as this task's result.
Packet 02 is Task UNICYCLE: The word WOLF should be reported as this task's
</Thinking>
<Final_Answers>
- Task HARMONICA: BLUE
- Task UNICYCLE: WOLF
- Task KUMQUAT: CRAB
- Task GONDOLA: LAMP
- Task HAMMOCK: ALPHAXRAYWHISKEY</Final_Answers>",qwen2.5:3b,3.0,Qwen2.5,87.5
5,non-ordered,True,True,44.0,,,,,trivial,cot,14,5,BLIZZARD,"[4, 10, 11, 12, 14]",0.0,1024,512.0,5114,3,GOLF QUEBEC OSCAR,,,,0,True,True,True,0.75,"[{""name"": ""LANTERN"", ""kind"": ""load"", ""packet"": 4, ""rank"": 1, ""answer"": ""GOOSE"", ""reported"": false, ""response"": null, ""correct"": false, ""correct_lenient"": false, ""answer_migrated"": false}, {""name"": ""JIGSAW"", ""kind"": ""load"", ""packet"": 10, ""rank"": 2, ""answer"": ""SEAL"", ""reported"": true, ""response"": ""SEAL"", ""correct"": true, ""correct_lenient"": true, ""answer_migrated"": false}, {""name"": ""ORIGAMI"", ""kind"": ""load"", ""packet"": 11, ""rank"": 3, ""answer"": ""TABLE"", ""reported"": true, ""response"": ""TABLE"", ""correct"": true, ""correct_lenient"": true, ""answer_migrated"": false}, {""name"": ""QUICKSAND"", ""kind"": ""load"", ""packet"": 12, ""rank"": 4, ""answer"": ""BLUE"", ""reported"": true, ""response"": ""BLUE"", ""correct"": true, ""correct_lenient"": true, ""answer_migrated"": false}, {""name"": ""BLIZZARD"", ""kind"": ""passphrase"", ""packet"": 14, ""rank"": 5, ""answer"": ""GOLF QUEBEC OSCAR"", ""reported"": true, ""response"": ""GOLF QUEBEC OSCAR"", ""correct"": true, ""correct_lenient"": true, ""answer_migrated"": false}]",4,0,0.0,44.0,True,False,False,False,False,2.0,0.0,False,"<Thinking>
Packet 10 is Task JIGSAW: I must report the word SEAL as this task's result. Packet 11 is Task ORIGAMI: I must report the word TABLE as this task's result
</Thinking>
<Final_Answers>
- Task JIGSAW: SEAL
- Task ORIGAMI: TABLE
- Task QUICKSAND: BLUE
- Task BLIZZARD: GOLF QUEBEC OSCAR
End of stream.</Final_Answers>",qwen2.5:3b,3.0,Qwen2.5,87.5
5,non-ordered,True,True,44.0,,,,,trivial,cot,14,5,CACTUS,"[7, 9, 11, 12, 14]",0.0,1024,512.0,6114,3,CHARLIE SIERRA ECHO,,,,0,False,True,True,1.0,"[{""name"": ""ROOSTER"", ""kind"": ""load"", ""packet"": 7, ""rank"": 1, ""answer"": ""DOOR"", ""reported"": true, ""response"": ""DOOR"", ""correct"": true, ""correct_lenient"": true, ""answer_migrated"": false}, {""name"": ""SAXOPHONE"", ""kind"": ""load"", ""packet"": 9, ""rank"": 2, ""answer"": ""ROOT"", ""reported"": true, ""response"": ""ROOT"", ""correct"": true, ""correct_lenient"": true, ""answer_migrated"": false}, {""name"": ""JIGSAW"", ""kind"": ""load"", ""packet"": 11, ""rank"": 3, ""answer"": ""CRAB"", ""reported"": true, ""response"": ""CRAB"", ""correct"": true, ""correct_lenient"": true, ""answer_migrated"": false}, {""name"": ""ZEPPELIN"", ""kind"": ""load"", ""packet"": 12, ""rank"": 4, ""answer"": ""LEMON"", ""reported"": true, ""response"": ""LEMON"", ""correct"": true, ""correct_lenient"": true, ""answer_migrated"": false}, {""name"": ""CACTUS"", ""kind"": ""passphrase"", ""packet"": 14, ""rank"": 5, ""answer"": ""CHARLIE SIERRA ECHO"", ""reported"": true, ""response"": ""CHARLIE SIERRA ECHO</Final_Answers>"", ""correct"": false, ""correct_lenient"": true, ""answer_migrated"": false}]",5,0,0.0,44.0,True,False,False,False,False,3.0,0.0,False,"<Thinking>
Packet 07 is Task ROOSTER: The trivial task requires reporting the word DOOR. Packet 09 is Task SAXOPHONE: The trivial task requires reporting the word ROOT. Packet 11 is
</Thinking>
<Final_Answers>
- Task ROOSTER: DOOR
- Task SAXOPHONE: ROOT
- Task JIGSAW: CRAB
- Task ZEPPELIN: LEMON
- Task CACTUS: CHARLIE SIERRA ECHO</Final_Answers>",qwen2.5:3b,3.0,Qwen2.5,87.5
5,non-ordered,True,True,44.0,,,,,trivial,cot,15,5,VINEYARD,"[2, 3, 6, 13, 15]",0.0,1024,512.0,7114,3,HOTEL PAPA FOXTROT,,,,0,False,True,True,0.75,"[{""name"": ""PELICAN"", ""kind"": ""load"", ""packet"": 2, ""rank"": 1, ""answer"": ""CLOUD"", ""reported"": true, ""response"": ""CLOUD"", ""correct"": true, ""correct_lenient"": true, ""answer_migrated"": false}, {""name"": ""DAFFODIL"", ""kind"": ""load"", ""packet"": 3, ""rank"": 2, ""answer"": ""GARLIC"", ""reported"": false, ""response"": null, ""correct"": false, ""correct_lenient"": false, ""answer_migrated"": false}, {""name"": ""UKULELE"", ""kind"": ""load"", ""packet"": 6, ""rank"": 3, ""answer"": ""CYAN"", ""reported"": true, ""response"": ""CYAN"", ""correct"": true, ""correct_lenient"": true, ""answer_migrated"": false}, {""name"": ""VOLCANO"", ""kind"": ""load"", ""packet"": 13, ""rank"": 4, ""answer"": ""OWL"", ""reported"": true, ""response"": ""OWL"", ""correct"": true, ""correct_lenient"": true, ""answer_migrated"": false}, {""name"": ""VINEYARD"", ""kind"": ""passphrase"", ""packet"": 15, ""rank"": 5, ""answer"": ""HOTEL PAPA FOXTROT"", ""reported"": true, ""response"": ""HOTEL PAPA FOXTROT</Final_Answers>"", ""correct"": false, ""correct_lenient"": true, ""answer_migrated"": false}]",4,0,0.0,44.0,True,False,False,False,False,2.0,0.0,False,"<Thinking>
Packet 02 is Task PELICAN: I must report the word CLOUD as this task's result. Packet 06 is Task UKULELE: I must report the word CYAN as this task
</Thinking>
<Final_Answers>
- Task PELICAN: CLOUD
- Task UKULELE: CYAN
- Task VOLCANO: OWL
- Task VINEYARD: HOTEL PAPA FOXTROT</Final_Answers>",qwen2.5:3b,3.0,Qwen2.5,87.5
5,non-ordered,False,True,44.0,,,,,semantic_3,cot,5,1,EMERALD,"[5, 8, 10, 11, 13]",0.0,1024,512.0,135,3,VICTOR LIMA UNIFORM,,,,0,True,True,True,0.5,"[{""name"": ""EMERALD"", ""kind"": ""passphrase"", ""packet"": 5, ""rank"": 1, ""answer"": ""VICTOR LIMA UNIFORM"", ""reported"": true, ""response"": ""VICTOR LIMA UNIFORM"", ""correct"": true, ""correct_lenient"": true, ""answer_migrated"": false}, {""name"": ""JIGSAW"", ""kind"": ""load"", ""packet"": 8, ""rank"": 2, ""answer"": ""INVALID"", ""reported"": true, ""response"": ""INVALID"", ""correct"": true, ""correct_lenient"": true, ""answer_migrated"": false}, {""name"": ""PYRAMID"", ""kind"": ""load"", ""packet"": 10, ""rank"": 3, ""answer"": ""VALID"", ""reported"": true, ""response"": ""VALID"", ""correct"": true, ""correct_lenient"": true, ""answer_migrated"": false}, {""name"": ""WALNUT"", ""kind"": ""load"", ""packet"": 11, ""rank"": 4, ""answer"": ""INVALID"", ""reported"": true, ""response"": ""VALID"", ""correct"": false, ""correct_lenient"": false, ""answer_migrated"": true}, {""name"": ""RASPBERRY"", ""kind"": ""load"", ""packet"": 13, ""rank"": 5, ""answer"": ""INVALID"", ""reported"": true, ""response"": ""VALID</Final_Answers>"", ""correct"": false, ""correct_lenient"": false, ""answer_migrated"": false}]",5,0,0.2,44.0,True,False,False,False,True,2.0,0.0,False,"<Thinking>
Packet 05 is Task EMERALD: I must copy the three words VICTOR LIMA UNIFORM. Packet 08 is Task JIGSAW: All wumps are florks and some fl
</Thinking>
<Final_Answers>
- Task EMERALD: VICTOR LIMA UNIFORM
- Task JIGSAW: INVALID
- Task PYRAMID: VALID
- Task WALNUT: VALID
- Task RASPBERRY: VALID</Final_Answers>",qwen2.5:3b,3.0,Qwen2.5,87.5
5,non-ordered,False,True,44.0,,,,,semantic_3,cot,10,4,GONDOLA,"[4, 5, 9, 10, 15]",0.0,1024,512.0,1135,3,ROMEO OSCAR ECHO,,,,0,True,True,True,0.25,"[{""name"": ""OBELISK"", ""kind"": ""load"", ""packet"": 4, ""rank"": 1, ""answer"": ""NO"", ""reported"": true, ""response"": ""NO"", ""correct"": true, ""correct_lenient"": true, ""answer_migrated"": false}, {""name"": ""METRONOME"", ""kind"": ""load"", ""packet"": 5, ""rank"": 2, ""answer"": ""VALID"", ""reported"": true, ""response"": ""INVALID"", ""correct"": false, ""correct_lenient"": false, ""answer_migrated"": true}, {""name"": ""PYRAMID"", ""kind"": ""load"", ""packet"": 9, ""rank"": 3, ""answer"": ""INVALID"", ""reported"": true, ""response"": ""VALID"", ""correct"": false, ""correct_lenient"": false, ""answer_migrated"": true}, {""name"": ""GONDOLA"", ""kind"": ""passphrase"", ""packet"": 10, ""rank"": 4, ""answer"": ""ROMEO OSCAR ECHO"", ""reported"": true, ""response"": ""ROMEO OSCAR ECHO"", ""correct"": true, ""correct_lenient"": true, ""answer_migrated"": false}, {""name"": ""VOLCANO"", ""kind"": ""load"", ""packet"": 15, ""rank"": 5, ""answer"": ""YES"", ""reported"": true, ""response"": ""NO</Final_Answers>"", ""correct"": false, ""correct_lenient"": false, ""answer_migrated"": false}]",5,0,0.4,44.0,True,False,False,False,False,2.0,0.0,False,"<Thinking>
Packet 04 is Task OBELISK: Sara > Dave > Bob > Carol > Olive. Therefore, Bob is not slower than Olive.
Packet 05 is Task METRONOME: Some pims are gr
</Thinking>
<Final_Answers>
- Task OBELISK: NO
- Task METRONOME: INVALID
<Thinking>
Packet 09 is Task PYRAMID: All trils are vorps, some vorps are gleeps, and some gleeps are krants. Therefore, it follows that some trils are krants.
Packet 10 is Task GONDOLA: Copy-paste these three words: ""ROMEO OSCAR ECHO"".
Packet 15 is Task VOLCANO: Iris > Bob > Sara. Therefore, Iris is not faster than Sara.
</Thinking>
<Final_Answers>
- Task OBELISK: NO
- Task PYRAMID: VALID
- Task GONDOLA: ROMEO OSCAR ECHO
- Task VOLCANO: NO</Final_Answers>",qwen2.5:3b,3.0,Qwen2.5,87.5
5,non-ordered,False,True,44.0,,,,,semantic_3,cot,13,3,GARGOYLE,"[3, 10, 13, 14, 15]",0.0,1024,512.0,2135,3,TANGO ALPHA YANKEE,,,,0,False,False,False,0.5,"[{""name"": ""SCARECROW"", ""kind"": ""load"", ""packet"": 3, ""rank"": 1, ""answer"": ""YES"", ""reported"": true, ""response"": ""YES"", ""correct"": true, ""correct_lenient"": true, ""answer_migrated"": false}, {""name"": ""KETTLE"", ""kind"": ""load"", ""packet"": 10, ""rank"": 2, ""answer"": ""VALID"", ""reported"": true, ""response"": ""INVALID"", ""correct"": false, ""correct_lenient"": false, ""answer_migrated"": true}, {""name"": ""GARGOYLE"", ""kind"": ""passphrase"", ""packet"": 13, ""rank"": 3, ""answer"": ""TANGO ALPHA YANKEE"", ""reported"": false, ""response"": null, ""correct"": false, ""correct_lenient"": false, ""answer_migrated"": false}, {""name"": ""HEDGEHOG"", ""kind"": ""load"", ""packet"": 14, ""rank"": 4, ""answer"": ""VALID"", ""reported"": true, ""response"": ""VALID"", ""correct"": true, ""correct_lenient"": true, ""answer_migrated"": false}, {""name"": ""QUILT"", ""kind"": ""load"", ""packet"": 15, ""rank"": 5, ""answer"": ""INVALID"", ""reported"": true, ""response"": ""VALID"", ""correct"": false, ""correct_lenient"": false, ""answer_migrated"": true}]",4,0,0.5,44.0,True,False,True,False,False,2.0,0.0,False,"<Thinking>
Packet 03 is Task SCARECROW: Bob > Mona > Nick. Therefore, Bob > Nick. The answer is YES.
Packet 10 is Task KETTLE: Grints are a subset
</Thinking>
<Final_Answers>
- Task SCARECROW: YES
- Task KETTLE: INVALID
- Task HEDGEHOG: VALID
- Task QUILT: VALID
</Final_Answers>",qwen2.5:3b,3.0,Qwen2.5,87.5
5,non-ordered,False,True,44.0,,,,,semantic_3,cot,10,4,PLATYPUS,"[7, 8, 9, 10, 15]",0.0,1024,512.0,3135,3,NOVEMBER SIERRA ROMEO,,,,0,False,False,False,0.5,"[{""name"": ""OBELISK"", ""kind"": ""load"", ""packet"": 7, ""rank"": 1, ""answer"": ""INVALID"", ""reported"": true, ""response"": ""VALID"", ""correct"": false, ""correct_lenient"": false, ""answer_migrated"": true}, {""name"": ""WALNUT"", ""kind"": ""load"", ""packet"": 8, ""rank"": 2, ""answer"": ""VALID"", ""reported"": true, ""response"": ""VALID"", ""correct"": true, ""correct_lenient"": true, ""answer_migrated"": false}, {""name"": ""CACTUS"", ""kind"": ""load"", ""packet"": 9, ""rank"": 3, ""answer"": ""VALID"", ""reported"": true, ""response"": ""VALID"", ""correct"": true, ""correct_lenient"": true, ""answer_migrated"": false}, {""name"": ""PLATYPUS"", ""kind"": ""passphrase"", ""packet"": 10, ""rank"": 4, ""answer"": ""NOVEMBER SIERRA ROMEO"", ""reported"": false, ""response"": null, ""correct"": false, ""correct_lenient"": false, ""answer_migrated"": false}, {""name"": ""HAMMOCK"", ""kind"": ""load"", ""packet"": 15, ""rank"": 5, ""answer"": ""VALID"", ""reported"": true, ""response"": ""VALID</Final_Answers>"", ""correct"": false, ""correct_lenient"": true, ""answer_migrated"": false}]",4,0,0.25,44.0,True,False,True,False,False,1.0,0.0,False,"<Thinking>
Packet 07 is Task OBELISK: All plonks are smegs. Some smegs are trils. All trils are grints. This means some plonks must be grints
</Thinking>
<Final_Answers>
- Task OBELISK: VALID
First I identified Packet 07 as the Obelisk task and determined that since all plonks are smegs, and some smegs are trils, which in turn are all grints, it follows that some plonks must be grints.
Next I moved on to Packet 08 - Task WALNUT: All trens are krants. All krants are wugs. No wugs are wozzles. This means no trens can be wozzles
- Task WALNUT: VALID
Then, Packet 09 is Task CACTUS: Some pims are grints. All grints are florks. No florks are mibs. Therefore some pims cannot be mibs.
- Task CACTUS: VALID
Finally, Packet 14 is a Backup job success message and does not contain a task to solve.
Packet 15 is Task HAMMOCK: All flurbs are snigs. All snigs are vrils. No vrils are grints. This means no flurbs can be grints
- Task HAMMOCK: VALID</Final_Answers>",qwen2.5:3b,3.0,Qwen2.5,87.5
5,non-ordered,False,True,44.0,,,,,semantic_3,cot,8,4,URCHIN,"[1, 3, 6, 8, 11]",0.0,1024,512.0,4135,3,INDIA WHISKEY VICTOR,,,,0,False,False,False,0.0,"[{""name"": ""QUILT"", ""kind"": ""load"", ""packet"": 1, ""rank"": 1, ""answer"": ""VALID"", ""reported"": true, ""response"": ""INVALID"", ""correct"": false, ""correct_lenient"": false, ""answer_migrated"": true}, {""name"": ""VOLCANO"", ""kind"": ""load"", ""packet"": 3, ""rank"": 2, ""answer"": ""VALID"", ""reported"": false, ""response"": null, ""correct"": false, ""correct_lenient"": false, ""answer_migrated"": false}, {""name"": ""TROMBONE"", ""kind"": ""load"", ""packet"": 6, ""rank"": 3, ""answer"": ""INVALID"", ""reported"": false, ""response"": null, ""correct"": false, ""correct_lenient"": false, ""answer_migrated"": false}, {""name"": ""URCHIN"", ""kind"": ""passphrase"", ""packet"": 8, ""rank"": 4, ""answer"": ""INDIA WHISKEY VICTOR"", ""reported"": false, ""response"": null, ""correct"": false, ""correct_lenient"": false, ""answer_migrated"": false}, {""name"": ""ORIGAMI"", ""kind"": ""load"", ""packet"": 11, ""rank"": 5, ""answer"": ""NO"", ""reported"": false, ""response"": null, ""correct"": false, ""correct_lenient"": false, ""answer_migrated"": false}]",1,0,1.0,44.0,True,False,True,False,False,1.0,0.0,False,"<Thinking>
Packet 01 is Task QUILT: Given premises - all wozzles are drabs, all drabs are drovs, no drovs are snigs. We need to determine if it follows that no
</Thinking>
<Final_Answers>
- Task QUILT: INVALID
</Final_Answers>",qwen2.5:3b,3.0,Qwen2.5,87.5
5,non-ordered,False,True,44.0,,,,,semantic_3,cot,5,4,TAPESTRY,"[1, 2, 3, 5, 13]",0.0,1024,512.0,5135,3,INDIA HOTEL QUEBEC,,,,0,False,False,False,0.75,"[{""name"": ""FLAMINGO"", ""kind"": ""load"", ""packet"": 1, ""rank"": 1, ""answer"": ""NO"", ""reported"": true, ""response"": ""NO"", ""correct"": true, ""correct_lenient"": true, ""answer_migrated"": false}, {""name"": ""DANDELION"", ""kind"": ""load"", ""packet"": 2, ""rank"": 2, ""answer"": ""VALID"", ""reported"": true, ""response"": ""VALID"", ""correct"": true, ""correct_lenient"": true, ""answer_migrated"": false}, {""name"": ""YOGURT"", ""kind"": ""load"", ""packet"": 3, ""rank"": 3, ""answer"": ""NO"", ""reported"": true, ""response"": ""NO"", ""correct"": true, ""correct_lenient"": true, ""answer_migrated"": false}, {""name"": ""TAPESTRY"", ""kind"": ""passphrase"", ""packet"": 5, ""rank"": 4, ""answer"": ""INDIA HOTEL QUEBEC"", ""reported"": false, ""response"": null, ""correct"": false, ""correct_lenient"": false, ""answer_migrated"": false}, {""name"": ""WALNUT"", ""kind"": ""load"", ""packet"": 13, ""rank"": 5, ""answer"": ""VALID"", ""reported"": true, ""response"": ""INVALID</Final_Answers>"", ""correct"": false, ""correct_lenient"": false, ""answer_migrated"": false}]",4,0,0.0,44.0,True,False,True,False,False,2.0,0.0,False,"<Thinking>
Packet 01 is Task FLAMINGO: Eve is lighter than Mona, Mona is lighter than Carol. Therefore, Eve is not heavier than Carol.
Packet 02 is Task DANDELION: Some vor
</Thinking>
<Final_Answers>
- Task FLAMINGO: NO
- Task DANDELION: VALID
- Task YOGURT: NO
- Task WALNUT: INVALID</Final_Answers>",qwen2.5:3b,3.0,Qwen2.5,87.5
5,non-ordered,False,True,44.0,,,,,semantic_3,cot,8,2,OBELISK,"[2, 8, 10, 14, 15]",0.0,1024,512.0,6135,3,ALPHA CHARLIE BRAVO,,,,0,True,True,True,0.25,"[{""name"": ""MONGOOSE"", ""kind"": ""load"", ""packet"": 2, ""rank"": 1, ""answer"": ""YES"", ""reported"": true, ""response"": ""NO"", ""correct"": false, ""correct_lenient"": false, ""answer_migrated"": true}, {""name"": ""OBELISK"", ""kind"": ""passphrase"", ""packet"": 8, ""rank"": 2, ""answer"": ""ALPHA CHARLIE BRAVO"", ""reported"": true, ""response"": ""ALPHA CHARLIE BRAVO"", ""correct"": true, ""correct_lenient"": true, ""answer_migrated"": false}, {""name"": ""XYLOPHONE"", ""kind"": ""load"", ""packet"": 10, ""rank"": 3, ""answer"": ""NO"", ""reported"": true, ""response"": ""YES"", ""correct"": false, ""correct_lenient"": false, ""answer_migrated"": true}, {""name"": ""KAYAK"", ""kind"": ""load"", ""packet"": 14, ""rank"": 4, ""answer"": ""INVALID"", ""reported"": true, ""response"": ""INVALID"", ""correct"": true, ""correct_lenient"": true, ""answer_migrated"": false}, {""name"": ""PORCUPINE"", ""kind"": ""load"", ""packet"": 15, ""rank"": 5, ""answer"": ""INVALID"", ""reported"": true, ""response"": ""VALID"", ""correct"": false, ""correct_lenient"": false, ""answer_migrated"": false}]",5,0,0.4,44.0,True,False,False,False,True,2.0,0.0,False,"<Thinking>
Packet 02 is Task MONGOOSE: Bob is heavier than Nick. The answer is NO.
Packet 08 is Task OBELISK: I must copy the three words ALPHA CHARLIE BRAVO.
</Thinking>
<Final_Answers>
- Task MONGOOSE: NO
- Task OBELISK: ALPHA CHARLIE BRAVO
- Task XYLOPHONE: YES
- Task KAYAK: INVALID
- Task PORCUPINE: VALID
</Final_Answers>",qwen2.5:3b,3.0,Qwen2.5,87.5
5,non-ordered,False,True,44.0,,,,,semantic_3,cot,8,4,METRONOME,"[1, 5, 7, 8, 11]",0.0,1024,512.0,7135,3,XRAY KILO FOXTROT,,,,0,False,True,True,0.0,"[{""name"": ""MARBLE"", ""kind"": ""load"", ""packet"": 1, ""rank"": 1, ""answer"": ""INVALID"", ""reported"": false, ""response"": null, ""correct"": false, ""correct_lenient"": false, ""answer_migrated"": false}, {""name"": ""VOLCANO"", ""kind"": ""load"", ""packet"": 5, ""rank"": 2, ""answer"": ""INVALID"", ""reported"": true, ""response"": ""VALID"", ""correct"": false, ""correct_lenient"": false, ""answer_migrated"": false}, {""name"": ""KAYAK"", ""kind"": ""load"", ""packet"": 7, ""rank"": 3, ""answer"": ""INVALID"", ""reported"": true, ""response"": ""VALID"", ""correct"": false, ""correct_lenient"": false, ""answer_migrated"": false}, {""name"": ""METRONOME"", ""kind"": ""passphrase"", ""packet"": 8, ""rank"": 4, ""answer"": ""XRAY KILO FOXTROT"", ""reported"": true, ""response"": ""XRAY KILO FOXTROT</Final_Answers>"", ""correct"": false, ""correct_lenient"": true, ""answer_migrated"": false}, {""name"": ""JIGSAW"", ""kind"": ""load"", ""packet"": 11, ""rank"": 5, ""answer"": ""YES"", ""reported"": false, ""response"": null, ""correct"": false, ""correct_lenient"": false, ""answer_migrated"": false}]",3,0,0.0,44.0,True,False,False,False,False,1.0,0.0,False,"<Thinking>
Packet 05 is Task VOLCANO: Given all plonks are smegs, some smegs are trils, and all trils are grints, it follows that some plonks are
</Thinking>
<Final_Answers>
- Task VOLCANO: VALID
<Thinking>
Packet 07 is Task KAYAK: From the premises, only a part of trens (some) can be both plonks and snools. Since all snools are quibs, some trens must be quibs.
</Thinking>
<Final_Answers>
- Task KAYAK: VALID
<Thinking>
Packet 04 is Task METRONOME: I need to copy the three words XRAY KILO FOXTROT.
</Thinking>
<Final_Answers>
- Task METRONOME: XRAY KILO FOXTROT</Final_Answers>",qwen2.5:3b,3.0,Qwen2.5,87.5
5,non-ordered,True,True,44.0,,,,,semantic_3,cot,13,5,PYRAMID,"[5, 8, 10, 11, 13]",0.0,1024,512.0,135,3,VICTOR LIMA UNIFORM,,,,0,False,False,False,0.25,"[{""name"": ""MONGOOSE"", ""kind"": ""load"", ""packet"": 5, ""rank"": 1, ""answer"": ""VALID"", ""reported"": true, ""response"": ""VALID"", ""correct"": true, ""correct_lenient"": true, ""answer_migrated"": false}, {""name"": ""NUTMEG"", ""kind"": ""load"", ""packet"": 8, ""rank"": 2, ""answer"": ""INVALID"", ""reported"": false, ""response"": null, ""correct"": false, ""correct_lenient"": false, ""answer_migrated"": false}, {""name"": ""EMERALD"", ""kind"": ""load"", ""packet"": 10, ""rank"": 3, ""answer"": ""INVALID"", ""reported"": false, ""response"": null, ""correct"": false, ""correct_lenient"": false, ""answer_migrated"": false}, {""name"": ""JIGSAW"", ""kind"": ""load"", ""packet"": 11, ""rank"": 4, ""answer"": ""VALID"", ""reported"": false, ""response"": null, ""correct"": false, ""correct_lenient"": false, ""answer_migrated"": false}, {""name"": ""PYRAMID"", ""kind"": ""passphrase"", ""packet"": 13, ""rank"": 5, ""answer"": ""VICTOR LIMA UNIFORM"", ""reported"": false, ""response"": null, ""correct"": false, ""correct_lenient"": false, ""answer_migrated"": false}]",1,0,0.0,44.0,True,False,True,False,False,1.0,0.0,False,"<Thinking>
Packet 05 is Task MONGOOSE: krants are yarps and yarps are knifs. Since no knifs are snicks, it follows that some krants (which are yarps
</Thinking>
<Final_Answers>
- Task MONGOOSE: VALID
</Final_Answers>",qwen2.5:3b,3.0,Qwen2.5,87.5
5,non-ordered,True,True,44.0,,,,,semantic_3,cot,15,5,GONDOLA,"[4, 5, 9, 10, 15]",0.0,1024,512.0,1135,3,ROMEO OSCAR ECHO,,,,0,False,False,False,0.0,"[{""name"": ""ICEBERG"", ""kind"": ""load"", ""packet"": 4, ""rank"": 1, ""answer"": ""VALID"", ""reported"": true, ""response"": ""INVALID"", ""correct"": false, ""correct_lenient"": false, ""answer_migrated"": true}, {""name"": ""OBELISK"", ""kind"": ""load"", ""packet"": 5, ""rank"": 2, ""answer"": ""NO"", ""reported"": false, ""response"": null, ""correct"": false, ""correct_lenient"": false, ""answer_migrated"": false}, {""name"": ""METRONOME"", ""kind"": ""load"", ""packet"": 9, ""rank"": 3, ""answer"": ""VALID"", ""reported"": false, ""response"": null, ""correct"": false, ""correct_lenient"": false, ""answer_migrated"": false}, {""name"": ""PYRAMID"", ""kind"": ""load"", ""packet"": 10, ""rank"": 4, ""answer"": ""INVALID"", ""reported"": false, ""response"": null, ""correct"": false, ""correct_lenient"": false, ""answer_migrated"": false}, {""name"": ""GONDOLA"", ""kind"": ""passphrase"", ""packet"": 15, ""rank"": 5, ""answer"": ""ROMEO OSCAR ECHO"", ""reported"": false, ""response"": null, ""correct"": false, ""correct_lenient"": false, ""answer_migrated"": false}]",1,0,1.0,44.0,True,False,True,False,False,1.0,0.0,False,"<Thinking>
Packet 04 is Task ICEBERG: We have premises that some trels are morks, all morks are vorps, and no vorps are grints. From these premises, we can conclude that
</Thinking>
<Final_Answers>
- Task ICEBERG: INVALID
</Final_Answers>",qwen2.5:3b,3.0,Qwen2.5,87.5
5,non-ordered,True,True,44.0,,,,,semantic_3,cot,15,5,HEDGEHOG,"[3, 10, 13, 14, 15]",0.0,1024,512.0,2135,3,TANGO ALPHA YANKEE,,,,0,False,False,False,0.0,"[{""name"": ""HAMMOCK"", ""kind"": ""load"", ""packet"": 3, ""rank"": 1, ""answer"": ""YES"", ""reported"": true, ""response"": ""NO"", ""correct"": false, ""correct_lenient"": false, ""answer_migrated"": false}, {""name"": ""SCARECROW"", ""kind"": ""load"", ""packet"": 10, ""rank"": 2, ""answer"": ""YES"", ""reported"": true, ""response"": ""INVALID</Final_Answers>"", ""correct"": false, ""correct_lenient"": false, ""answer_migrated"": false}, {""name"": ""KETTLE"", ""kind"": ""load"", ""packet"": 13, ""rank"": 3, ""answer"": ""VALID"", ""reported"": false, ""response"": null, ""correct"": false, ""correct_lenient"": false, ""answer_migrated"": false}, {""name"": ""GARGOYLE"", ""kind"": ""load"", ""packet"": 14, ""rank"": 4, ""answer"": ""VALID"", ""reported"": false, ""response"": null, ""correct"": false, ""correct_lenient"": false, ""answer_migrated"": false}, {""name"": ""HEDGEHOG"", ""kind"": ""passphrase"", ""packet"": 15, ""rank"": 5, ""answer"": ""TANGO ALPHA YANKEE"", ""reported"": false, ""response"": null, ""correct"": false, ""correct_lenient"": false, ""answer_migrated"": false}]",2,0,0.0,44.0,True,False,True,False,False,2.0,0.0,False,"<Thinking>
Packet 03 is Task HAMMOCK: The height comparison indicates that Frank is taller than Hank. Therefore, the answer is NO.
Packet 10 is Task SCARECROW: Dave is heavier than
</Thinking>
<Final_Answers>
- Task HAMMOCK: NO
- Task SCARECROW: INVALID</Final_Answers>",qwen2.5:3b,3.0,Qwen2.5,87.5
5,non-ordered,True,True,44.0,,,,,semantic_3,cot,15,5,PLATYPUS,"[7, 8, 9, 10, 15]",0.0,1024,512.0,3135,3,NOVEMBER SIERRA ROMEO,,,,0,False,False,False,0.25,"[{""name"": ""WOMBAT"", ""kind"": ""load"", ""packet"": 7, ""rank"": 1, ""answer"": ""INVALID"", ""reported"": true, ""response"": ""INVALID"", ""correct"": true, ""correct_lenient"": true, ""answer_migrated"": false}, {""name"": ""OBELISK"", ""kind"": ""load"", ""packet"": 8, ""rank"": 2, ""answer"": ""INVALID"", ""reported"": false, ""response"": null, ""correct"": false, ""correct_lenient"": false, ""answer_migrated"": false}, {""name"": ""WALNUT"", ""kind"": ""load"", ""packet"": 9, ""rank"": 3, ""answer"": ""VALID"", ""reported"": false, ""response"": null, ""correct"": false, ""correct_lenient"": false, ""answer_migrated"": false}, {""name"": ""CACTUS"", ""kind"": ""load"", ""packet"": 10, ""rank"": 4, ""answer"": ""VALID"", ""reported"": false, ""response"": null, ""correct"": false, ""correct_lenient"": false, ""answer_migrated"": false}, {""name"": ""PLATYPUS"", ""kind"": ""passphrase"", ""packet"": 15, ""rank"": 5, ""answer"": ""NOVEMBER SIERRA ROMEO"", ""reported"": false, ""response"": null, ""correct"": false, ""correct_lenient"": false, ""answer_migrated"": false}]",1,0,0.0,44.0,True,False,True,False,False,1.0,0.0,False,"<Thinking>
Packet 07 is Task WOMBAT: We have premises that all knifs are blorgs and some blorgs are trens. Also, some trens are plurms. From these premises, we
</Thinking>
<Final_Answers>
- Task WOMBAT: INVALID
</Final_Answers>",qwen2.5:3b,3.0,Qwen2.5,87.5
5,non-ordered,True,True,44.0,,,,,semantic_3,cot,11,5,URCHIN,"[1, 3, 6, 8, 11]",0.0,1024,512.0,4135,3,INDIA WHISKEY VICTOR,,,,0,False,False,False,0.0,"[{""name"": ""ICEBERG"", ""kind"": ""load"", ""packet"": 1, ""rank"": 1, ""answer"": ""NO"", ""reported"": false, ""response"": null, ""correct"": false, ""correct_lenient"": false, ""answer_migrated"": false}, {""name"": ""QUILT"", ""kind"": ""load"", ""packet"": 3, ""rank"": 2, ""answer"": ""VALID"", ""reported"": false, ""response"": null, ""correct"": false, ""correct_lenient"": false, ""answer_migrated"": false}, {""name"": ""VOLCANO"", ""kind"": ""load"", ""packet"": 6, ""rank"": 3, ""answer"": ""VALID"", ""reported"": true, ""response"": ""INVALID</Final_Answers>"", ""correct"": false, ""correct_lenient"": false, ""answer_migrated"": false}, {""name"": ""TROMBONE"", ""kind"": ""load"", ""packet"": 8, ""rank"": 4, ""answer"": ""INVALID"", ""reported"": false, ""response"": null, ""correct"": false, ""correct_lenient"": false, ""answer_migrated"": false}, {""name"": ""URCHIN"", ""kind"": ""passphrase"", ""packet"": 11, ""rank"": 5, ""answer"": ""INDIA WHISKEY VICTOR"", ""reported"": false, ""response"": null, ""correct"": false, ""correct_lenient"": false, ""answer_migrated"": false}]",1,0,0.0,44.0,True,False,True,False,False,1.0,0.0,False,"<Thinking>
Packet 06 is Task VOLCANO: Given premises - some wozzles are smegs, all smegs are knifs, and no knifs are pims. This logically implies that no
</Thinking>
<Final_Answers>
- Task VOLCANO: INVALID</Final_Answers>",qwen2.5:3b,3.0,Qwen2.5,87.5
5,non-ordered,True,True,44.0,,,,,semantic_3,cot,13,5,TAPESTRY,"[1, 2, 3, 5, 13]",0.0,1024,512.0,5135,3,INDIA HOTEL QUEBEC,,,,0,False,False,False,0.0,"[{""name"": ""EMERALD"", ""kind"": ""load"", ""packet"": 1, ""rank"": 1, ""answer"": ""VALID"", ""reported"": true, ""response"": ""INVALID"", ""correct"": false, ""correct_lenient"": false, ""answer_migrated"": false}, {""name"": ""FLAMINGO"", ""kind"": ""load"", ""packet"": 2, ""rank"": 2, ""answer"": ""NO"", ""reported"": false, ""response"": null, ""correct"": false, ""correct_lenient"": false, ""answer_migrated"": false}, {""name"": ""DANDELION"", ""kind"": ""load"", ""packet"": 3, ""rank"": 3, ""answer"": ""VALID"", ""reported"": false, ""response"": null, ""correct"": false, ""correct_lenient"": false, ""answer_migrated"": false}, {""name"": ""YOGURT"", ""kind"": ""load"", ""packet"": 5, ""rank"": 4, ""answer"": ""NO"", ""reported"": false, ""response"": null, ""correct"": false, ""correct_lenient"": false, ""answer_migrated"": false}, {""name"": ""TAPESTRY"", ""kind"": ""passphrase"", ""packet"": 13, ""rank"": 5, ""answer"": ""INDIA HOTEL QUEBEC"", ""reported"": false, ""response"": null, ""correct"": false, ""correct_lenient"": false, ""answer_migrated"": false}]",1,0,0.0,44.0,True,False,True,False,False,1.0,0.0,False,"<Thinking>
Packet 01 is Task EMERALD: We have premises that some krants are yarps and all yarps are knifs. No knifs are snicks. From these premises, we cannot conclude
</Thinking>
<Final_Answers>
- Task EMERALD: INVALID
</Final_Answers>",qwen2.5:3b,3.0,Qwen2.5,87.5
5,non-ordered,True,True,44.0,,,,,semantic_3,cot,15,5,KAYAK,"[2, 8, 10, 14, 15]",0.0,1024,512.0,6135,3,ALPHA CHARLIE BRAVO,,,,0,False,False,False,0.25,"[{""name"": ""CARNIVAL"", ""kind"": ""load"", ""packet"": 2, ""rank"": 1, ""answer"": ""INVALID"", ""reported"": true, ""response"": ""INVALID"", ""correct"": true, ""correct_lenient"": true, ""answer_migrated"": false}, {""name"": ""MONGOOSE"", ""kind"": ""load"", ""packet"": 8, ""rank"": 2, ""answer"": ""YES"", ""reported"": false, ""response"": null, ""correct"": false, ""correct_lenient"": false, ""answer_migrated"": false}, {""name"": ""OBELISK"", ""kind"": ""load"", ""packet"": 10, ""rank"": 3, ""answer"": ""NO"", ""reported"": false, ""response"": null, ""correct"": false, ""correct_lenient"": false, ""answer_migrated"": false}, {""name"": ""XYLOPHONE"", ""kind"": ""load"", ""packet"": 14, ""rank"": 4, ""answer"": ""INVALID"", ""reported"": false, ""response"": null, ""correct"": false, ""correct_lenient"": false, ""answer_migrated"": false}, {""name"": ""KAYAK"", ""kind"": ""passphrase"", ""packet"": 15, ""rank"": 5, ""answer"": ""ALPHA CHARLIE BRAVO"", ""reported"": false, ""response"": null, ""correct"": false, ""correct_lenient"": false, ""answer_migrated"": false}]",1,0,0.0,44.0,True,False,True,False,False,1.0,0.0,False,"<Thinking>
Packet 02 is Task CARNIVAL: We have premises - all blorgs are skrans, some skrans are wumps, and all wumps are knifs. From these premises, we cannot conclude
</Thinking>
<Final_Answers>
- Task CARNIVAL: INVALID
</Final_Answers>",qwen2.5:3b,3.0,Qwen2.5,87.5
5,non-ordered,True,True,44.0,,,,,semantic_3,cot,11,5,METRONOME,"[1, 5, 7, 8, 11]",0.0,1024,512.0,7135,3,XRAY KILO FOXTROT,,,,0,False,False,False,0.0,"[{""name"": ""DUMPLING"", ""kind"": ""load"", ""packet"": 1, ""rank"": 1, ""answer"": ""VALID"", ""reported"": false, ""response"": null, ""correct"": false, ""correct_lenient"": false, ""answer_migrated"": false}, {""name"": ""MARBLE"", ""kind"": ""load"", ""packet"": 5, ""rank"": 2, ""answer"": ""INVALID"", ""reported"": true, ""response"": ""INVALID</Final_Answers>"", ""correct"": false, ""correct_lenient"": true, ""answer_migrated"": false}, {""name"": ""VOLCANO"", ""kind"": ""load"", ""packet"": 7, ""rank"": 3, ""answer"": ""INVALID"", ""reported"": false, ""response"": null, ""correct"": false, ""correct_lenient"": false, ""answer_migrated"": false}, {""name"": ""KAYAK"", ""kind"": ""load"", ""packet"": 8, ""rank"": 4, ""answer"": ""INVALID"", ""reported"": false, ""response"": null, ""correct"": false, ""correct_lenient"": false, ""answer_migrated"": false}, {""name"": ""METRONOME"", ""kind"": ""passphrase"", ""packet"": 11, ""rank"": 5, ""answer"": ""XRAY KILO FOXTROT"", ""reported"": false, ""response"": null, ""correct"": false, ""correct_lenient"": false, ""answer_migrated"": false}]",1,0,0.0,44.0,True,False,True,False,False,1.0,0.0,False,"<Thinking>
Packet 05 - Task MARBLE: Given some gleeps are snicks (from plomps being snicks and all plomps being snicks), it follows that some gleeps are not y
</Thinking>
<Final_Answers>
- Task MARBLE: INVALID</Final_Answers>",qwen2.5:3b,3.0,Qwen2.5,87.5
5,non-ordered,False,True,88.0,,,,,trivial,cot,4,1,RASPBERRY,"[4, 6, 10, 11, 14]",0.0,1024,512.0,114,3,HOTEL SIERRA DELTA,,,,0,True,True,True,0.75,"[{""name"": ""RASPBERRY"", ""kind"": ""passphrase"", ""packet"": 4, ""rank"": 1, ""answer"": ""HOTEL SIERRA DELTA"", ""reported"": true, ""response"": ""HOTEL SIERRA DELTA"", ""correct"": true, ""correct_lenient"": true, ""answer_migrated"": false}, {""name"": ""NECTARINE"", ""kind"": ""load"", ""packet"": 6, ""rank"": 2, ""answer"": ""STORM"", ""reported"": true, ""response"": ""STORM"", ""correct"": true, ""correct_lenient"": true, ""answer_migrated"": false}, {""name"": ""PLATYPUS"", ""kind"": ""load"", ""packet"": 10, ""rank"": 3, ""answer"": ""BROWN"", ""reported"": true, ""response"": ""BROWN"", ""correct"": true, ""correct_lenient"": true, ""answer_migrated"": false}, {""name"": ""INKWELL"", ""kind"": ""load"", ""packet"": 11, ""rank"": 4, ""answer"": ""LAKE"", ""reported"": true, ""response"": ""LAKE"", ""correct"": true, ""correct_lenient"": true, ""answer_migrated"": false}, {""name"": ""KAYAK"", ""kind"": ""load"", ""packet"": 14, ""rank"": 5, ""answer"": ""FINCH"", ""reported"": true, ""response"": ""FINCH</Final_Answers>"", ""correct"": false, ""correct_lenient"": true, ""answer_migrated"": false}]",5,0,0.0,88.0,True,False,False,False,True,5.0,0.0,False,"<Thinking>
Packet 04 is Task RASPBERRY: I must copy the three words HOTEL SIERRA DELTA. Packet 06 is Task NECTARINE: The task's result is STORM. Packet 10 is Task PLATYPUS: The task's result is BROWN. Packet 11 is Task INKWELL: The task's result is LAKE. Packet 14 is Task K
</Thinking>
<Final_Answers>
- Task RASPBERRY: HOTEL SIERRA DELTA
- Task NECTARINE: STORM
- Task PLATYPUS: BROWN
- Task INKWELL: LAKE
- Task KAYAK: FINCH</Final_Answers>",qwen2.5:3b,3.0,Qwen2.5,87.5
5,non-ordered,False,True,88.0,,,,,trivial,cot,14,5,CENTIPEDE,"[8, 10, 11, 12, 14]",0.0,1024,512.0,1114,3,QUEBEC INDIA OSCAR,,,,0,True,True,True,1.0,"[{""name"": ""METRONOME"", ""kind"": ""load"", ""packet"": 8, ""rank"": 1, ""answer"": ""RICE"", ""reported"": true, ""response"": ""RICE"", ""correct"": true, ""correct_lenient"": true, ""answer_migrated"": false}, {""name"": ""CATAPULT"", ""kind"": ""load"", ""packet"": 10, ""rank"": 2, ""answer"": ""SPOON"", ""reported"": true, ""response"": ""SPOON"", ""correct"": true, ""correct_lenient"": true, ""answer_migrated"": false}, {""name"": ""LANTERN"", ""kind"": ""load"", ""packet"": 11, ""rank"": 3, ""answer"": ""CHERRY"", ""reported"": true, ""response"": ""CHERRY"", ""correct"": true, ""correct_lenient"": true, ""answer_migrated"": false}, {""name"": ""DAFFODIL"", ""kind"": ""load"", ""packet"": 12, ""rank"": 4, ""answer"": ""PLATE"", ""reported"": true, ""response"": ""PLATE"", ""correct"": true, ""correct_lenient"": true, ""answer_migrated"": false}, {""name"": ""CENTIPEDE"", ""kind"": ""passphrase"", ""packet"": 14, ""rank"": 5, ""answer"": ""QUEBEC INDIA OSCAR"", ""reported"": true, ""response"": ""QUEBEC INDIA OSCAR"", ""correct"": true, ""correct_lenient"": true, ""answer_migrated"": false}]",5,0,0.0,88.0,True,False,False,False,False,4.0,0.0,False,"<Thinking>
Packet 08 is Task METRONOME: The trivial task requires reporting RICE as its result. Packet 10 is Task CATAPULT: This trivial task requires reporting SPOON as its result. Packet 11 is Task LANTERN: This trivial task requires reporting CHERRY as its result. Packet 12 is Task DAFFODIL: This trivial task requires reporting PLATE as its result. Packet 
</Thinking>
<Final_Answers>
- Task METRONOME: RICE
- Task CATAPULT: SPOON
- Task LANTERN: CHERRY
- Task DAFFODIL: PLATE
- Task CENTIPEDE: QUEBEC INDIA OSCAR
</Final_Answers>",qwen2.5:3b,3.0,Qwen2.5,87.5
5,non-ordered,False,True,88.0,,,,,trivial,cot,4,1,YOGURT,"[4, 5, 8, 9, 15]",0.0,1024,512.0,2114,3,HOTEL GOLF VICTOR,,,,0,True,True,True,1.0,"[{""name"": ""YOGURT"", ""kind"": ""passphrase"", ""packet"": 4, ""rank"": 1, ""answer"": ""HOTEL GOLF VICTOR"", ""reported"": true, ""response"": ""HOTEL GOLF VICTOR"", ""correct"": true, ""correct_lenient"": true, ""answer_migrated"": false}, {""name"": ""EGGPLANT"", ""kind"": ""load"", ""packet"": 5, ""rank"": 2, ""answer"": ""BEAR"", ""reported"": true, ""response"": ""BEAR"", ""correct"": true, ""correct_lenient"": true, ""answer_migrated"": false}, {""name"": ""PISTACHIO"", ""kind"": ""load"", ""packet"": 8, ""rank"": 3, ""answer"": ""MAROON"", ""reported"": true, ""response"": ""MAROON"", ""correct"": true, ""correct_lenient"": true, ""answer_migrated"": false}, {""name"": ""QUARRY"", ""kind"": ""load"", ""packet"": 9, ""rank"": 4, ""answer"": ""VIOLET"", ""reported"": true, ""response"": ""VIOLET"", ""correct"": true, ""correct_lenient"": true, ""answer_migrated"": false}, {""name"": ""TROMBONE"", ""kind"": ""load"", ""packet"": 15, ""rank"": 5, ""answer"": ""DUCK"", ""reported"": true, ""response"": ""DUCK"", ""correct"": true, ""correct_lenient"": true, ""answer_migrated"": false}]",5,0,0.0,88.0,True,False,False,False,True,4.0,0.0,False,"<Thinking>
Packet 04 is Task YOGURT: I must copy the three words HOTEL GOLF VICTOR. Packet 05 is Task EGGPLANT: The trivial task requires reporting the word BEAR as its result. Packet 08 is Task PISTACHIO: This trivial task requires reporting the word MAROON as its result. Packet 09 is Task QUARRY: This trivial task requires reporting the
</Thinking>
<Final_Answers>
- Task YOGURT: HOTEL GOLF VICTOR
- Task EGGPLANT: BEAR
- Task PISTACHIO: MAROON
- Task QUARRY: VIOLET
- Task TROMBONE: DUCK
</Final_Answers>",qwen2.5:3b,3.0,Qwen2.5,87.5
5,non-ordered,False,True,88.0,,,,,trivial,cot,11,4,SAXOPHONE,"[5, 7, 8, 11, 13]",0.0,1024,512.0,3114,3,HOTEL INDIA ROMEO,,,,0,True,True,True,1.0,"[{""name"": ""PARSNIP"", ""kind"": ""load"", ""packet"": 5, ""rank"": 1, ""answer"": ""CAT"", ""reported"": true, ""response"": ""CAT"", ""correct"": true, ""correct_lenient"": true, ""answer_migrated"": false}, {""name"": ""PELICAN"", ""kind"": ""load"", ""packet"": 7, ""rank"": 2, ""answer"": ""ONION"", ""reported"": true, ""response"": ""ONION"", ""correct"": true, ""correct_lenient"": true, ""answer_migrated"": false}, {""name"": ""DUMPLING"", ""kind"": ""load"", ""packet"": 8, ""rank"": 3, ""answer"": ""GRAPE"", ""reported"": true, ""response"": ""GRAPE"", ""correct"": true, ""correct_lenient"": true, ""answer_migrated"": false}, {""name"": ""SAXOPHONE"", ""kind"": ""passphrase"", ""packet"": 11, ""rank"": 4, ""answer"": ""HOTEL INDIA ROMEO"", ""reported"": true, ""response"": ""HOTEL INDIA ROMEO"", ""correct"": true, ""correct_lenient"": true, ""answer_migrated"": false}, {""name"": ""DAFFODIL"", ""kind"": ""load"", ""packet"": 13, ""rank"": 5, ""answer"": ""WALL"", ""reported"": true, ""response"": ""WALL"", ""correct"": true, ""correct_lenient"": true, ""answer_migrated"": false}]",5,0,0.0,88.0,True,False,False,False,False,4.0,0.0,False,"<Thinking>
Packet 05 is Task PARSNIP: The trivial task requires reporting the word CAT as its result. Packet 07 is Task PELICAN: The trivial task requires reporting the word ONION as its result. Packet 08 is Task DUMPLING: The trivial task requires reporting the word GRAPE as its result. Packet 11 is Task SAXOPHONE: The trivial task requires copying and past
</Thinking>
<Final_Answers>
- Task PARSNIP: CAT
- Task PELICAN: ONION
- Task DUMPLING: GRAPE
- Task SAXOPHONE: HOTEL INDIA ROMEO
- Task DAFFODIL: WALL
- Task SAXOPHONE: HOTEL INDIA ROMEO
- Task DAFFODIL: WALL</Final_Answers>",qwen2.5:3b,3.0,Qwen2.5,87.5
5,non-ordered,False,True,88.0,,,,,trivial,cot,9,4,HAMMOCK,"[1, 2, 4, 9, 15]",0.0,1024,512.0,4114,3,ALPHA XRAY WHISKEY,,,,0,True,True,True,0.75,"[{""name"": ""UNICYCLE"", ""kind"": ""load"", ""packet"": 1, ""rank"": 1, ""answer"": ""WOLF"", ""reported"": true, ""response"": ""WOLF"", ""correct"": true, ""correct_lenient"": true, ""answer_migrated"": false}, {""name"": ""KUMQUAT"", ""kind"": ""load"", ""packet"": 2, ""rank"": 2, ""answer"": ""CRAB"", ""reported"": false, ""response"": null, ""correct"": false, ""correct_lenient"": false, ""answer_migrated"": false}, {""name"": ""GONDOLA"", ""kind"": ""load"", ""packet"": 4, ""rank"": 3, ""answer"": ""LAMP"", ""reported"": true, ""response"": ""LAMP"", ""correct"": true, ""correct_lenient"": true, ""answer_migrated"": false}, {""name"": ""HAMMOCK"", ""kind"": ""passphrase"", ""packet"": 9, ""rank"": 4, ""answer"": ""ALPHA XRAY WHISKEY"", ""reported"": true, ""response"": ""ALPHA XRAY WHISKEY"", ""correct"": true, ""correct_lenient"": true, ""answer_migrated"": false}, {""name"": ""WATERMELON"", ""kind"": ""load"", ""packet"": 15, ""rank"": 5, ""answer"": ""CARROT"", ""reported"": true, ""response"": ""CARROT"", ""correct"": true, ""correct_lenient"": true, ""answer_migrated"": false}]",4,0,0.0,88.0,True,False,False,False,True,4.0,0.0,False,"<Thinking>
Packet 01 is Task UNICYCLE: The trivial task reports WOLF as its result. Packet 04 is Task GONDOLA: This trivial task's result is LAMP. Packet 09 is Task HAMMOCK: Copy-paste of the words ALPHA XRAY WHISKEY follows this task. Packet 15 is Task WATERMELON: The trivial task here reports CARROT as its result.
</Thinking>
<Final_Answers>
- Task UNICYCLE: WOLF
- Task GONDOLA: LAMP
- Task HAMMOCK: ALPHA XRAY WHISKEY
- Task WATERMELON: CARROT
</Final_Answers>",qwen2.5:3b,3.0,Qwen2.5,87.5
5,non-ordered,False,True,88.0,,,,,trivial,cot,4,1,JIGSAW,"[4, 10, 11, 12, 14]",0.0,1024,512.0,5114,3,GOLF QUEBEC OSCAR,,,,0,True,True,True,1.0,"[{""name"": ""JIGSAW"", ""kind"": ""passphrase"", ""packet"": 4, ""rank"": 1, ""answer"": ""GOLF QUEBEC OSCAR"", ""reported"": true, ""response"": ""GOLF QUEBEC OSCAR"", ""correct"": true, ""correct_lenient"": true, ""answer_migrated"": false}, {""name"": ""ORIGAMI"", ""kind"": ""load"", ""packet"": 10, ""rank"": 2, ""answer"": ""SEAL"", ""reported"": true, ""response"": ""SEAL"", ""correct"": true, ""correct_lenient"": true, ""answer_migrated"": false}, {""name"": ""QUICKSAND"", ""kind"": ""load"", ""packet"": 11, ""rank"": 3, ""answer"": ""TABLE"", ""reported"": true, ""response"": ""TABLE"", ""correct"": true, ""correct_lenient"": true, ""answer_migrated"": false}, {""name"": ""BLIZZARD"", ""kind"": ""load"", ""packet"": 12, ""rank"": 4, ""answer"": ""BLUE"", ""reported"": true, ""response"": ""BLUE"", ""correct"": true, ""correct_lenient"": true, ""answer_migrated"": false}, {""name"": ""BAGPIPE"", ""kind"": ""load"", ""packet"": 14, ""rank"": 5, ""answer"": ""BLACK"", ""reported"": true, ""response"": ""BLACK"", ""correct"": true, ""correct_lenient"": true, ""answer_migrated"": false}]",5,0,0.0,88.0,True,False,False,False,True,5.0,0.0,False,"<Thinking>
Packet 04 is Task JIGSAW: I must copy the three words GOLF QUEBEC OSCAR. Packet 010 is Task ORIGAMI: The task's result is the word SEAL. Packet 11 is Task QUICKSAND: The task's result is the word TABLE. Packet 12 is Task BLIZZARD: The task's result is the word BLUE. Packet 14
</Thinking>
<Final_Answers>
- Task JIGSAW: GOLF QUEBEC OSCAR
- Task ORIGAMI: SEAL
- Task QUICKSAND: TABLE
- Task BLIZZARD: BLUE
- Task BAGPIPE: BLACK
</Final_Answers>",qwen2.5:3b,3.0,Qwen2.5,87.5
5,non-ordered,False,True,88.0,,,,,trivial,cot,14,5,ZIGZAG,"[7, 9, 11, 12, 14]",0.0,1024,512.0,6114,3,CHARLIE SIERRA ECHO,,,,0,True,True,True,1.0,"[{""name"": ""JIGSAW"", ""kind"": ""load"", ""packet"": 7, ""rank"": 1, ""answer"": ""CRAB"", ""reported"": true, ""response"": ""CRAB"", ""correct"": true, ""correct_lenient"": true, ""answer_migrated"": false}, {""name"": ""ZEPPELIN"", ""kind"": ""load"", ""packet"": 9, ""rank"": 2, ""answer"": ""LEMON"", ""reported"": true, ""response"": ""LEMON"", ""correct"": true, ""correct_lenient"": true, ""answer_migrated"": false}, {""name"": ""CACTUS"", ""kind"": ""load"", ""packet"": 11, ""rank"": 3, ""answer"": ""MAROON"", ""reported"": true, ""response"": ""MAROON"", ""correct"": true, ""correct_lenient"": true, ""answer_migrated"": false}, {""name"": ""HARMONICA"", ""kind"": ""load"", ""packet"": 12, ""rank"": 4, ""answer"": ""STONE"", ""reported"": true, ""response"": ""STONE"", ""correct"": true, ""correct_lenient"": true, ""answer_migrated"": false}, {""name"": ""ZIGZAG"", ""kind"": ""passphrase"", ""packet"": 14, ""rank"": 5, ""answer"": ""CHARLIE SIERRA ECHO"", ""reported"": true, ""response"": ""CHARLIE SIERRA ECHO"", ""correct"": true, ""correct_lenient"": true, ""answer_migrated"": false}]",5,0,0.0,88.0,True,False,False,False,False,5.0,0.0,False,"<Thinking>
Packet 07 is Task JIGSAW: The word to report is CRAB. Packet 09 is Task ZEPPELIN: The word to report is LEMON. Packet 11 is Task CACTUS: The word to report is MAROON. Packet 12 is Task HARMONICA: The word to report is STONE. Packet 14 is Task ZIGZAG: I
</Thinking>
<Final_Answers>
- Task JIGSAW: CRAB
- Task ZEPPELIN: LEMON
- Task CACTUS: MAROON
- Task HARMONICA: STONE
- Task ZIGZAG: CHARLIE SIERRA ECHO
</Final_Answers>",qwen2.5:3b,3.0,Qwen2.5,87.5
5,non-ordered,False,True,88.0,,,,,trivial,cot,3,2,UKULELE,"[2, 3, 6, 13, 15]",0.0,1024,512.0,7114,3,HOTEL PAPA FOXTROT,,,,0,True,True,True,0.75,"[{""name"": ""DAFFODIL"", ""kind"": ""load"", ""packet"": 2, ""rank"": 1, ""answer"": ""GARLIC"", ""reported"": true, ""response"": ""GARLIC"", ""correct"": true, ""correct_lenient"": true, ""answer_migrated"": false}, {""name"": ""UKULELE"", ""kind"": ""passphrase"", ""packet"": 3, ""rank"": 2, ""answer"": ""HOTEL PAPA FOXTROT"", ""reported"": true, ""response"": ""HOTEL PAPA FOXTROT"", ""correct"": true, ""correct_lenient"": true, ""answer_migrated"": false}, {""name"": ""VOLCANO"", ""kind"": ""load"", ""packet"": 6, ""rank"": 3, ""answer"": ""CYAN"", ""reported"": true, ""response"": ""CYAN"", ""correct"": true, ""correct_lenient"": true, ""answer_migrated"": false}, {""name"": ""VINEYARD"", ""kind"": ""load"", ""packet"": 13, ""rank"": 4, ""answer"": ""OWL"", ""reported"": true, ""response"": ""OWL"", ""correct"": true, ""correct_lenient"": true, ""answer_migrated"": false}, {""name"": ""RAVIOLI"", ""kind"": ""load"", ""packet"": 15, ""rank"": 5, ""answer"": ""WHITE"", ""reported"": true, ""response"": ""WHITE</Final_Answers>"", ""correct"": false, ""correct_lenient"": true, ""answer_migrated"": false}]",5,0,0.0,88.0,True,False,False,False,True,4.0,1.0,False,"<Thinking>
Packet 02 is Task DAFFODIL: I must report the word GARLIC as this task's result. Packet 03 is Task UKULELE: I must copy-paste the words HOTEL PAPA FOXTROT. Packet 06 is Task VOLCANO: I must report the word CYAN as this task's result. Packet 09 is Task VINEYARD: I must report the
</Thinking>
<Final_Answers>
- Task DAFFODIL: GARLIC
- Task UKULELE: HOTEL PAPA FOXTROT
- Task VOLCANO: CYAN
- Task VINEYARD: OWL
- Task RAVIOLI: WHITE</Final_Answers>",qwen2.5:3b,3.0,Qwen2.5,87.5
5,non-ordered,True,True,88.0,,,,,trivial,cot,14,5,INKWELL,"[4, 6, 10, 11, 14]",0.0,1024,512.0,114,3,HOTEL SIERRA DELTA,,,,0,False,False,False,0.25,"[{""name"": ""TROMBONE"", ""kind"": ""load"", ""packet"": 4, ""rank"": 1, ""answer"": ""STONE"", ""reported"": false, ""response"": null, ""correct"": false, ""correct_lenient"": false, ""answer_migrated"": false}, {""name"": ""RASPBERRY"", ""kind"": ""load"", ""packet"": 6, ""rank"": 2, ""answer"": ""WHALE"", ""reported"": false, ""response"": null, ""correct"": false, ""correct_lenient"": false, ""answer_migrated"": false}, {""name"": ""NECTARINE"", ""kind"": ""load"", ""packet"": 10, ""rank"": 3, ""answer"": ""STORM"", ""reported"": true, ""response"": ""STORM"", ""correct"": true, ""correct_lenient"": true, ""answer_migrated"": false}, {""name"": ""PLATYPUS"", ""kind"": ""load"", ""packet"": 11, ""rank"": 4, ""answer"": ""BROWN"", ""reported"": true, ""response"": ""BROWN</Final_Answers>"", ""correct"": false, ""correct_lenient"": true, ""answer_migrated"": false}, {""name"": ""INKWELL"", ""kind"": ""passphrase"", ""packet"": 14, ""rank"": 5, ""answer"": ""HOTEL SIERRA DELTA"", ""reported"": false, ""response"": null, ""correct"": false, ""correct_lenient"": false, ""answer_migrated"": false}]",2,0,0.0,51.0,False,False,True,False,False,2.0,0.0,False,"<Thinking>
Packet 10 is Task NECTARINE: I must report the word STORM as this task's result. Packet 11 is Task PLATYPUS: I must report the word BROWN as this task's result.
</Thinking>  
<Final_Answers>
- Task NECTARINE: STORM
- Task PLATYPUS: BROWN</Final_Answers>",qwen2.5:3b,3.0,Qwen2.5,87.5
5,non-ordered,True,True,88.0,,,,,trivial,cot,14,5,DAFFODIL,"[8, 10, 11, 12, 14]",0.0,1024,512.0,1114,3,QUEBEC INDIA OSCAR,,,,0,False,True,True,1.0,"[{""name"": ""WALNUT"", ""kind"": ""load"", ""packet"": 8, ""rank"": 1, ""answer"": ""BREAD"", ""reported"": true, ""response"": ""BREAD"", ""correct"": true, ""correct_lenient"": true, ""answer_migrated"": false}, {""name"": ""METRONOME"", ""kind"": ""load"", ""packet"": 10, ""rank"": 2, ""answer"": ""RICE"", ""reported"": true, ""response"": ""RICE"", ""correct"": true, ""correct_lenient"": true, ""answer_migrated"": false}, {""name"": ""CATAPULT"", ""kind"": ""load"", ""packet"": 11, ""rank"": 3, ""answer"": ""SPOON"", ""reported"": true, ""response"": ""SPOON"", ""correct"": true, ""correct_lenient"": true, ""answer_migrated"": false}, {""name"": ""LANTERN"", ""kind"": ""load"", ""packet"": 12, ""rank"": 4, ""answer"": ""CHERRY"", ""reported"": true, ""response"": ""CHERRY"", ""correct"": true, ""correct_lenient"": true, ""answer_migrated"": false}, {""name"": ""DAFFODIL"", ""kind"": ""passphrase"", ""packet"": 14, ""rank"": 5, ""answer"": ""QUEBEC INDIA OSCAR"", ""reported"": true, ""response"": ""QUEBEC INDIA OSCAR</Final_Answers>"", ""correct"": false, ""correct_lenient"": true, ""answer_migrated"": false}]",5,0,0.0,88.0,True,False,False,False,False,5.0,1.0,False,"<Thinking>
Packet 08 is Task WALNUT: The trivial task requires reporting BREAD as its result. Packet 10 is Task METRONOME: This trivial task requires reporting RICE as its result. Packet 07 is Task ROTATION: This trivial task requires reporting metrics.tsv as its result. Packet 11 is Task CATAPULT: This trivial task requires reporting SPOON as its result. Packet 12
</Thinking>
<Final_Answers>
- Task WALNUT: BREAD
- Task METRONOME: RICE
- Task CATAPULT: SPOON
- Task LANTERN: CHERRY
- Task DAFFODIL: QUEBEC INDIA OSCAR</Final_Answers>",qwen2.5:3b,3.0,Qwen2.5,87.5
5,non-ordered,True,True,88.0,,,,,trivial,cot,15,5,QUARRY,"[4, 5, 8, 9, 15]",0.0,1024,512.0,2114,3,HOTEL GOLF VICTOR,,,,0,False,False,False,0.75,"[{""name"": ""TROMBONE"", ""kind"": ""load"", ""packet"": 4, ""rank"": 1, ""answer"": ""BLACK"", ""reported"": true, ""response"": ""BLACK"", ""correct"": true, ""correct_lenient"": true, ""answer_migrated"": false}, {""name"": ""YOGURT"", ""kind"": ""load"", ""packet"": 5, ""rank"": 2, ""answer"": ""BEAR"", ""reported"": true, ""response"": ""BEAR"", ""correct"": true, ""correct_lenient"": true, ""answer_migrated"": false}, {""name"": ""EGGPLANT"", ""kind"": ""load"", ""packet"": 8, ""rank"": 3, ""answer"": ""MAROON"", ""reported"": true, ""response"": ""MAROON"", ""correct"": true, ""correct_lenient"": true, ""answer_migrated"": false}, {""name"": ""PISTACHIO"", ""kind"": ""load"", ""packet"": 9, ""rank"": 4, ""answer"": ""VIOLET"", ""reported"": true, ""response"": ""VIOLET</Final_Answers>"", ""correct"": false, ""correct_lenient"": true, ""answer_migrated"": false}, {""name"": ""QUARRY"", ""kind"": ""passphrase"", ""packet"": 15, ""rank"": 5, ""answer"": ""HOTEL GOLF VICTOR"", ""reported"": false, ""response"": null, ""correct"": false, ""correct_lenient"": false, ""answer_migrated"": false}]",4,0,0.0,88.0,True,False,True,False,False,4.0,0.0,False,"<Thinking>
Packet 04 is Task TROMBONE: I must report the word BLACK as this task's result. Packet 05 is Task YOGURT: I must report the word BEAR as this task's result. Packet 08 is Task EGGPLANT: I must report the word MAROON as this task's result. Packet 09 is Task PISTACHIO: I must report the word V
</Thinking>
<Final_Answers>
- Task TROMBONE: BLACK
- Task YOGURT: BEAR
- Task EGGPLANT: MAROON
- Task PISTACHIO: VIOLET</Final_Answers>",qwen2.5:3b,3.0,Qwen2.5,87.5
5,non-ordered,True,True,88.0,,,,,trivial,cot,13,5,SAXOPHONE,"[5, 7, 8, 11, 13]",0.0,1024,512.0,3114,3,HOTEL INDIA ROMEO,,,,0,False,True,True,1.0,"[{""name"": ""BONSAI"", ""kind"": ""load"", ""packet"": 5, ""rank"": 1, ""answer"": ""FOX"", ""reported"": true, ""response"": ""FOX"", ""correct"": true, ""correct_lenient"": true, ""answer_migrated"": false}, {""name"": ""PARSNIP"", ""kind"": ""load"", ""packet"": 7, ""rank"": 2, ""answer"": ""CAT"", ""reported"": true, ""response"": ""CAT"", ""correct"": true, ""correct_lenient"": true, ""answer_migrated"": false}, {""name"": ""PELICAN"", ""kind"": ""load"", ""packet"": 8, ""rank"": 3, ""answer"": ""ONION"", ""reported"": true, ""response"": ""ONION"", ""correct"": true, ""correct_lenient"": true, ""answer_migrated"": false}, {""name"": ""DUMPLING"", ""kind"": ""load"", ""packet"": 11, ""rank"": 4, ""answer"": ""GRAPE"", ""reported"": true, ""response"": ""GRAPE"", ""correct"": true, ""correct_lenient"": true, ""answer_migrated"": false}, {""name"": ""SAXOPHONE"", ""kind"": ""passphrase"", ""packet"": 13, ""rank"": 5, ""answer"": ""HOTEL INDIA ROMEO"", ""reported"": true, ""response"": ""HOTEL INDIA ROMEO</Final_Answers>"", ""correct"": false, ""correct_lenient"": true, ""answer_migrated"": false}]",5,0,0.0,88.0,True,False,False,False,False,4.0,1.0,False,"<Thinking>
Packet 05 is Task BONSAI: The trivial task requires reporting the word FOX as its result. Packet 07 is Task PARSNIP: This trivial task requires reporting the word CAT as its result. Packet 08 is Task PELICAN: This trivial task requires reporting the word ONION as its result. Packet 04 is Task DUMPLING: The trivial task requires reporting the word
</Thinking>
<Final_Answers>
- Task BONSAI: FOX
- Task PARSNIP: CAT
- Task PELICAN: ONION
- Task DUMPLING: GRAPE
- Task SAXOPHONE: HOTEL INDIA ROMEO</Final_Answers>",qwen2.5:3b,3.0,Qwen2.5,87.5
5,non-ordered,True,True,88.0,,,,,trivial,cot,15,5,HAMMOCK,"[1, 2, 4, 9, 15]",0.0,1024,512.0,4114,3,ALPHA XRAY WHISKEY,,,,0,False,False,False,1.0,"[{""name"": ""HARMONICA"", ""kind"": ""load"", ""packet"": 1, ""rank"": 1, ""answer"": ""BLUE"", ""reported"": true, ""response"": ""BLUE"", ""correct"": true, ""correct_lenient"": true, ""answer_migrated"": false}, {""name"": ""UNICYCLE"", ""kind"": ""load"", ""packet"": 2, ""rank"": 2, ""answer"": ""WOLF"", ""reported"": true, ""response"": ""WOLF"", ""correct"": true, ""correct_lenient"": true, ""answer_migrated"": false}, {""name"": ""KUMQUAT"", ""kind"": ""load"", ""packet"": 4, ""rank"": 3, ""answer"": ""CRAB"", ""reported"": true, ""response"": ""CRAB"", ""correct"": true, ""correct_lenient"": true, ""answer_migrated"": false}, {""name"": ""GONDOLA"", ""kind"": ""load"", ""packet"": 9, ""rank"": 4, ""answer"": ""LAMP"", ""reported"": true, ""response"": ""LAMP"", ""correct"": true, ""correct_lenient"": true, ""answer_migrated"": false}, {""name"": ""HAMMOCK"", ""kind"": ""passphrase"", ""packet"": 15, ""rank"": 5, ""answer"": ""ALPHA XRAY WHISKEY"", ""reported"": true, ""response"": ""ALPHAXRAYWHISKEY</Final_Answers>"", ""correct"": false, ""correct_lenient"": false, ""answer_migrated"": false}]",5,0,0.0,88.0,True,False,False,False,False,4.0,0.0,False,"<Thinking>
Packet 01 is Task HARMONICA: The word BLUE should be reported as this task's result.
Packet 02 is Task UNICYCLE: The word WOLF should be reported as this task's result.
Packet 04 is Task KUMQUAT: The word CRAB should be reported as this task's result.
Packet 09 is Task GONDOLA: The word LAMP should be reported as
</Thinking>
<Final_Answers>
- Task HARMONICA: BLUE
- Task UNICYCLE: WOLF
- Task KUMQUAT: CRAB
- Task GONDOLA: LAMP
- Task HAMMOCK: ALPHAXRAYWHISKEY</Final_Answers>",qwen2.5:3b,3.0,Qwen2.5,87.5
5,non-ordered,True,True,88.0,,,,,trivial,cot,14,5,BLIZZARD,"[4, 10, 11, 12, 14]",0.0,1024,512.0,5114,3,GOLF QUEBEC OSCAR,,,,0,True,True,True,0.75,"[{""name"": ""LANTERN"", ""kind"": ""load"", ""packet"": 4, ""rank"": 1, ""answer"": ""GOOSE"", ""reported"": false, ""response"": null, ""correct"": false, ""correct_lenient"": false, ""answer_migrated"": false}, {""name"": ""JIGSAW"", ""kind"": ""load"", ""packet"": 10, ""rank"": 2, ""answer"": ""SEAL"", ""reported"": true, ""response"": ""SEAL"", ""correct"": true, ""correct_lenient"": true, ""answer_migrated"": false}, {""name"": ""ORIGAMI"", ""kind"": ""load"", ""packet"": 11, ""rank"": 3, ""answer"": ""TABLE"", ""reported"": true, ""response"": ""TABLE"", ""correct"": true, ""correct_lenient"": true, ""answer_migrated"": false}, {""name"": ""QUICKSAND"", ""kind"": ""load"", ""packet"": 12, ""rank"": 4, ""answer"": ""BLUE"", ""reported"": true, ""response"": ""BLUE"", ""correct"": true, ""correct_lenient"": true, ""answer_migrated"": false}, {""name"": ""BLIZZARD"", ""kind"": ""passphrase"", ""packet"": 14, ""rank"": 5, ""answer"": ""GOLF QUEBEC OSCAR"", ""reported"": true, ""response"": ""GOLF QUEBEC OSCAR"", ""correct"": true, ""correct_lenient"": true, ""answer_migrated"": false}]",4,0,0.0,88.0,True,False,False,False,False,4.0,0.0,False,"<Thinking>
Packet 10 is Task JIGSAW: I must report the word SEAL as this task's result. Packet 11 is Task ORIGAMI: I must report the word TABLE as this task's result. Packet 12 is Task QUICKSAND: I must report the word BLUE as this task's result. Packet 14 is Task BLIZZARD: I must copy-paste the three words GOLF
</Thinking>
<Final_Answers>
- Task JIGSAW: SEAL
- Task ORIGAMI: TABLE
- Task QUICKSAND: BLUE
- Task BLIZZARD: GOLF QUEBEC OSCAR
</Final_Answers>",qwen2.5:3b,3.0,Qwen2.5,87.5
5,non-ordered,True,True,88.0,,,,,trivial,cot,14,5,CACTUS,"[7, 9, 11, 12, 14]",0.0,1024,512.0,6114,3,CHARLIE SIERRA ECHO,,,,0,False,True,True,1.0,"[{""name"": ""ROOSTER"", ""kind"": ""load"", ""packet"": 7, ""rank"": 1, ""answer"": ""DOOR"", ""reported"": true, ""response"": ""DOOR"", ""correct"": true, ""correct_lenient"": true, ""answer_migrated"": false}, {""name"": ""SAXOPHONE"", ""kind"": ""load"", ""packet"": 9, ""rank"": 2, ""answer"": ""ROOT"", ""reported"": true, ""response"": ""ROOT"", ""correct"": true, ""correct_lenient"": true, ""answer_migrated"": false}, {""name"": ""JIGSAW"", ""kind"": ""load"", ""packet"": 11, ""rank"": 3, ""answer"": ""CRAB"", ""reported"": true, ""response"": ""CRAB"", ""correct"": true, ""correct_lenient"": true, ""answer_migrated"": false}, {""name"": ""ZEPPELIN"", ""kind"": ""load"", ""packet"": 12, ""rank"": 4, ""answer"": ""LEMON"", ""reported"": true, ""response"": ""LEMON"", ""correct"": true, ""correct_lenient"": true, ""answer_migrated"": false}, {""name"": ""CACTUS"", ""kind"": ""passphrase"", ""packet"": 14, ""rank"": 5, ""answer"": ""CHARLIE SIERRA ECHO"", ""reported"": true, ""response"": ""CHARLIE SIERRA ECHO</Final_Answers>"", ""correct"": false, ""correct_lenient"": true, ""answer_migrated"": false}]",5,0,0.0,88.0,True,False,False,False,False,5.0,0.0,False,"<Thinking>
Packet 07 is Task ROOSTER: The trivial task requires reporting the word DOOR. Packet 09 is Task SAXOPHONE: The trivial task requires reporting the word ROOT. Packet 11 is Task JIGSAW: The trivial task requires reporting the word CRAB. Packet 12 is Task ZEPPELIN: The trivial task requires reporting the word LEMON. Packet 14 is Task C
</Thinking>
<Final_Answers>
- Task ROOSTER: DOOR
- Task SAXOPHONE: ROOT
- Task JIGSAW: CRAB
- Task ZEPPELIN: LEMON
- Task CACTUS: CHARLIE SIERRA ECHO</Final_Answers>",qwen2.5:3b,3.0,Qwen2.5,87.5
5,non-ordered,True,True,88.0,,,,,trivial,cot,15,5,VINEYARD,"[2, 3, 6, 13, 15]",0.0,1024,512.0,7114,3,HOTEL PAPA FOXTROT,,,,0,False,True,True,0.75,"[{""name"": ""PELICAN"", ""kind"": ""load"", ""packet"": 2, ""rank"": 1, ""answer"": ""CLOUD"", ""reported"": true, ""response"": ""CLOUD"", ""correct"": true, ""correct_lenient"": true, ""answer_migrated"": false}, {""name"": ""DAFFODIL"", ""kind"": ""load"", ""packet"": 3, ""rank"": 2, ""answer"": ""GARLIC"", ""reported"": false, ""response"": null, ""correct"": false, ""correct_lenient"": false, ""answer_migrated"": false}, {""name"": ""UKULELE"", ""kind"": ""load"", ""packet"": 6, ""rank"": 3, ""answer"": ""CYAN"", ""reported"": true, ""response"": ""CYAN"", ""correct"": true, ""correct_lenient"": true, ""answer_migrated"": false}, {""name"": ""VOLCANO"", ""kind"": ""load"", ""packet"": 13, ""rank"": 4, ""answer"": ""OWL"", ""reported"": true, ""response"": ""OWL"", ""correct"": true, ""correct_lenient"": true, ""answer_migrated"": false}, {""name"": ""VINEYARD"", ""kind"": ""passphrase"", ""packet"": 15, ""rank"": 5, ""answer"": ""HOTEL PAPA FOXTROT"", ""reported"": true, ""response"": ""HOTEL PAPA FOXTROT</Final_Answers>"", ""correct"": false, ""correct_lenient"": true, ""answer_migrated"": false}]",4,0,0.0,88.0,True,False,False,False,False,4.0,0.0,False,"<Thinking>
Packet 02 is Task PELICAN: I must report the word CLOUD as this task's result. Packet 06 is Task UKULELE: I must report the word CYAN as this task's result. Packet 13 is Task VOLCANO: I must report the word OWL as this task's result. Packet 15 is Task VINEYARD: I must copy-paste the three
</Thinking>
<Final_Answers>
- Task PELICAN: CLOUD
- Task UKULELE: CYAN
- Task VOLCANO: OWL
- Task VINEYARD: HOTEL PAPA FOXTROT</Final_Answers>",qwen2.5:3b,3.0,Qwen2.5,87.5
5,non-ordered,False,True,88.0,,,,,semantic_3,cot,5,1,EMERALD,"[5, 8, 10, 11, 13]",0.0,1024,512.0,135,3,VICTOR LIMA UNIFORM,,,,0,False,False,True,0.0,"[{""name"": ""EMERALD"", ""kind"": ""passphrase"", ""packet"": 5, ""rank"": 1, ""answer"": ""VICTOR LIMA UNIFORM"", ""reported"": false, ""response"": null, ""correct"": false, ""correct_lenient"": false, ""answer_migrated"": false}, {""name"": ""JIGSAW"", ""kind"": ""load"", ""packet"": 8, ""rank"": 2, ""answer"": ""INVALID"", ""reported"": true, ""response"": ""VALID"", ""correct"": false, ""correct_lenient"": false, ""answer_migrated"": true}, {""name"": ""PYRAMID"", ""kind"": ""load"", ""packet"": 10, ""rank"": 3, ""answer"": ""VALID"", ""reported"": true, ""response"": ""INVALID"", ""correct"": false, ""correct_lenient"": false, ""answer_migrated"": true}, {""name"": ""WALNUT"", ""kind"": ""load"", ""packet"": 11, ""rank"": 4, ""answer"": ""INVALID"", ""reported"": true, ""response"": ""VALID"", ""correct"": false, ""correct_lenient"": false, ""answer_migrated"": true}, {""name"": ""RASPBERRY"", ""kind"": ""load"", ""packet"": 13, ""rank"": 5, ""answer"": ""INVALID"", ""reported"": true, ""response"": ""VALID"", ""correct"": false, ""correct_lenient"": false, ""answer_migrated"": true}]",4,0,1.0,88.0,True,False,True,False,True,2.0,0.0,False,"<Thinking>
Packet 05 is Task EMERALD: I must copy the three words VICTOR LIMA UNIFORM. Packet 08 is Task JIGSAW: All wumps are florks and some florks are plonks, which means that some plonks are also wumps (since all wumps are florks). Since some plonks are ralks, it follows that some wumps are r
</Thinking>
<Final_Answers>
- Task JIGSAW: VALID
- Task PYRAMID: INVALID
- Task WALNUT: VALID
- Task RASPBERRY: VALID
</Final_Answers>",qwen2.5:3b,3.0,Qwen2.5,87.5
5,non-ordered,False,True,88.0,,,,,semantic_3,cot,10,4,GONDOLA,"[4, 5, 9, 10, 15]",0.0,1024,512.0,1135,3,ROMEO OSCAR ECHO,,,,0,False,False,False,0.5,"[{""name"": ""OBELISK"", ""kind"": ""load"", ""packet"": 4, ""rank"": 1, ""answer"": ""NO"", ""reported"": true, ""response"": ""NO"", ""correct"": true, ""correct_lenient"": true, ""answer_migrated"": false}, {""name"": ""METRONOME"", ""kind"": ""load"", ""packet"": 5, ""rank"": 2, ""answer"": ""VALID"", ""reported"": true, ""response"": ""VALID"", ""correct"": true, ""correct_lenient"": true, ""answer_migrated"": false}, {""name"": ""PYRAMID"", ""kind"": ""load"", ""packet"": 9, ""rank"": 3, ""answer"": ""INVALID"", ""reported"": false, ""response"": null, ""correct"": false, ""correct_lenient"": false, ""answer_migrated"": false}, {""name"": ""GONDOLA"", ""kind"": ""passphrase"", ""packet"": 10, ""rank"": 4, ""answer"": ""ROMEO OSCAR ECHO"", ""reported"": false, ""response"": null, ""correct"": false, ""correct_lenient"": false, ""answer_migrated"": false}, {""name"": ""VOLCANO"", ""kind"": ""load"", ""packet"": 15, ""rank"": 5, ""answer"": ""YES"", ""reported"": false, ""response"": null, ""correct"": false, ""correct_lenient"": false, ""answer_migrated"": false}]",2,0,0.0,88.0,True,False,True,False,False,2.0,0.0,False,"<Thinking>
Packet 04 is Task OBELISK: Sara > Dave > Bob > Carol > Olive. Therefore, Bob is not slower than Olive.
Packet 05 is Task METRONOME: Some pims are grints and all grints are florks, while no florks are mibs. This implies some pims (grints) cannot be mibs. Thus, it follows that some pims are not mibs.
</Thinking>
<Final_Answers>
- Task OBELISK: NO
- Task METRONOME: VALID
</Final_Answers>",qwen2.5:3b,3.0,Qwen2.5,87.5
5,non-ordered,False,True,88.0,,,,,semantic_3,cot,13,3,GARGOYLE,"[3, 10, 13, 14, 15]",0.0,1024,512.0,2135,3,TANGO ALPHA YANKEE,,,,0,False,True,True,0.25,"[{""name"": ""SCARECROW"", ""kind"": ""load"", ""packet"": 3, ""rank"": 1, ""answer"": ""YES"", ""reported"": true, ""response"": ""NO"", ""correct"": false, ""correct_lenient"": false, ""answer_migrated"": false}, {""name"": ""KETTLE"", ""kind"": ""load"", ""packet"": 10, ""rank"": 2, ""answer"": ""VALID"", ""reported"": true, ""response"": ""VALID"", ""correct"": true, ""correct_lenient"": true, ""answer_migrated"": false}, {""name"": ""GARGOYLE"", ""kind"": ""passphrase"", ""packet"": 13, ""rank"": 3, ""answer"": ""TANGO ALPHA YANKEE"", ""reported"": true, ""response"": ""TANGO ALPHA YANKEE</Final_Answers>"", ""correct"": false, ""correct_lenient"": true, ""answer_migrated"": false}, {""name"": ""HEDGEHOG"", ""kind"": ""load"", ""packet"": 14, ""rank"": 4, ""answer"": ""VALID"", ""reported"": false, ""response"": null, ""correct"": false, ""correct_lenient"": false, ""answer_migrated"": false}, {""name"": ""QUILT"", ""kind"": ""load"", ""packet"": 15, ""rank"": 5, ""answer"": ""INVALID"", ""reported"": false, ""response"": null, ""correct"": false, ""correct_lenient"": false, ""answer_migrated"": false}]",3,0,0.0,88.0,True,False,False,False,False,3.0,0.0,False,"<Thinking>
Packet 03 is Task SCARECROW: Bob is heavier than Nick. Answer NO.
Packet 10 is Task KETTLE: Grints are a subset of ralks and all ralks are flurbs, but no flurbs are snigs. Therefore, no grints can be snigs. Answer VALID.
Packet 13 is Task GARGOYLE: Copy-paste the words
</Thinking>
<Final_Answers>
- Task SCARECROW: NO
- Task KETTLE: VALID
- Task GARGOYLE: TANGO ALPHA YANKEE</Final_Answers>",qwen2.5:3b,3.0,Qwen2.5,87.5
5,non-ordered,False,True,88.0,,,,,semantic_3,cot,10,4,PLATYPUS,"[7, 8, 9, 10, 15]",0.0,1024,512.0,3135,3,NOVEMBER SIERRA ROMEO,,,,0,False,False,False,0.0,"[{""name"": ""OBELISK"", ""kind"": ""load"", ""packet"": 7, ""rank"": 1, ""answer"": ""INVALID"", ""reported"": true, ""response"": ""VALID"", ""correct"": false, ""correct_lenient"": false, ""answer_migrated"": true}, {""name"": ""WALNUT"", ""kind"": ""load"", ""packet"": 8, ""rank"": 2, ""answer"": ""VALID"", ""reported"": false, ""response"": null, ""correct"": false, ""correct_lenient"": false, ""answer_migrated"": false}, {""name"": ""CACTUS"", ""kind"": ""load"", ""packet"": 9, ""rank"": 3, ""answer"": ""VALID"", ""reported"": false, ""response"": null, ""correct"": false, ""correct_lenient"": false, ""answer_migrated"": false}, {""name"": ""PLATYPUS"", ""kind"": ""passphrase"", ""packet"": 10, ""rank"": 4, ""answer"": ""NOVEMBER SIERRA ROMEO"", ""reported"": false, ""response"": null, ""correct"": false, ""correct_lenient"": false, ""answer_migrated"": false}, {""name"": ""HAMMOCK"", ""kind"": ""load"", ""packet"": 15, ""rank"": 5, ""answer"": ""VALID"", ""reported"": false, ""response"": null, ""correct"": false, ""correct_lenient"": false, ""answer_migrated"": false}]",1,0,1.0,88.0,True,False,True,False,False,1.0,0.0,False,"<Thinking>
Packet 07 is Task OBELISK: All plonks are smegs. Some smegs are trils. All trils are grints. This means some plonks must be grints because if all plonks are smegs and some of those smegs are trils, then the plonks that are part of these smegs (and thus also part of the trils)
</Thinking>
<Final_Answers>
- Task OBELISK: VALID
</Final_Answers>",qwen2.5:3b,3.0,Qwen2.5,87.5
5,non-ordered,False,True,88.0,,,,,semantic_3,cot,8,4,URCHIN,"[1, 3, 6, 8, 11]",0.0,1024,512.0,4135,3,INDIA WHISKEY VICTOR,,,,0,False,False,False,0.0,"[{""name"": ""QUILT"", ""kind"": ""load"", ""packet"": 1, ""rank"": 1, ""answer"": ""VALID"", ""reported"": true, ""response"": ""INVALID"", ""correct"": false, ""correct_lenient"": false, ""answer_migrated"": true}, {""name"": ""VOLCANO"", ""kind"": ""load"", ""packet"": 3, ""rank"": 2, ""answer"": ""VALID"", ""reported"": false, ""response"": null, ""correct"": false, ""correct_lenient"": false, ""answer_migrated"": false}, {""name"": ""TROMBONE"", ""kind"": ""load"", ""packet"": 6, ""rank"": 3, ""answer"": ""INVALID"", ""reported"": false, ""response"": null, ""correct"": false, ""correct_lenient"": false, ""answer_migrated"": false}, {""name"": ""URCHIN"", ""kind"": ""passphrase"", ""packet"": 8, ""rank"": 4, ""answer"": ""INDIA WHISKEY VICTOR"", ""reported"": false, ""response"": null, ""correct"": false, ""correct_lenient"": false, ""answer_migrated"": false}, {""name"": ""ORIGAMI"", ""kind"": ""load"", ""packet"": 11, ""rank"": 5, ""answer"": ""NO"", ""reported"": false, ""response"": null, ""correct"": false, ""correct_lenient"": false, ""answer_migrated"": false}]",1,0,1.0,88.0,True,False,True,False,False,1.0,0.0,False,"<Thinking>
Packet 01 is Task QUILT: Given premises - all wozzles are drabs, all drabs are drovs, no drovs are snigs. We need to determine if it follows that no wozzles are snigs.
- If all wozzles are drabs (W ⊆ D), and all drabs are drovs (D ⊆ R), then we have W ⊆ R
</Thinking>
<Final_Answers>
- Task QUILT: INVALID
</Final_Answers>",qwen2.5:3b,3.0,Qwen2.5,87.5
5,non-ordered,False,True,88.0,,,,,semantic_3,cot,5,4,TAPESTRY,"[1, 2, 3, 5, 13]",0.0,1024,512.0,5135,3,INDIA HOTEL QUEBEC,,,,0,False,False,False,0.25,"[{""name"": ""FLAMINGO"", ""kind"": ""load"", ""packet"": 1, ""rank"": 1, ""answer"": ""NO"", ""reported"": true, ""response"": ""NO"", ""correct"": true, ""correct_lenient"": true, ""answer_migrated"": false}, {""name"": ""DANDELION"", ""kind"": ""load"", ""packet"": 2, ""rank"": 2, ""answer"": ""VALID"", ""reported"": true, ""response"": ""INVALID"", ""correct"": false, ""correct_lenient"": false, ""answer_migrated"": false}, {""name"": ""YOGURT"", ""kind"": ""load"", ""packet"": 3, ""rank"": 3, ""answer"": ""NO"", ""reported"": true, ""response"": ""YES"", ""correct"": false, ""correct_lenient"": false, ""answer_migrated"": false}, {""name"": ""TAPESTRY"", ""kind"": ""passphrase"", ""packet"": 5, ""rank"": 4, ""answer"": ""INDIA HOTEL QUEBEC"", ""reported"": false, ""response"": null, ""correct"": false, ""correct_lenient"": false, ""answer_migrated"": false}, {""name"": ""WALNUT"", ""kind"": ""load"", ""packet"": 13, ""rank"": 5, ""answer"": ""VALID"", ""reported"": false, ""response"": null, ""correct"": false, ""correct_lenient"": false, ""answer_migrated"": false}]",3,0,0.0,88.0,True,False,True,False,False,3.0,0.0,False,"<Thinking>
Packet 01 is Task FLAMINGO: Eve is lighter than Mona, Mona is lighter than Carol. Therefore, Eve is not heavier than Carol.
Packet 02 is Task DANDELION: Some vorps are morks because some vorps are blims and all blims are morks. This does not allow us to conclude that some vorps are not morks.
Packet 03 is Task YOGURT
</Thinking>
<Final_Answers>
- Task FLAMINGO: NO
- Task DANDELION: INVALID
- Task YOGURT: YES
</Final_Answers>",qwen2.5:3b,3.0,Qwen2.5,87.5
5,non-ordered,False,True,88.0,,,,,semantic_3,cot,8,2,OBELISK,"[2, 8, 10, 14, 15]",0.0,1024,512.0,6135,3,ALPHA CHARLIE BRAVO,,,,0,True,True,True,0.25,"[{""name"": ""MONGOOSE"", ""kind"": ""load"", ""packet"": 2, ""rank"": 1, ""answer"": ""YES"", ""reported"": true, ""response"": ""NO"", ""correct"": false, ""correct_lenient"": false, ""answer_migrated"": true}, {""name"": ""OBELISK"", ""kind"": ""passphrase"", ""packet"": 8, ""rank"": 2, ""answer"": ""ALPHA CHARLIE BRAVO"", ""reported"": true, ""response"": ""ALPHA CHARLIE BRAVO"", ""correct"": true, ""correct_lenient"": true, ""answer_migrated"": false}, {""name"": ""XYLOPHONE"", ""kind"": ""load"", ""packet"": 10, ""rank"": 3, ""answer"": ""NO"", ""reported"": true, ""response"": ""NO"", ""correct"": true, ""correct_lenient"": true, ""answer_migrated"": false}, {""name"": ""KAYAK"", ""kind"": ""load"", ""packet"": 14, ""rank"": 4, ""answer"": ""INVALID"", ""reported"": false, ""response"": null, ""correct"": false, ""correct_lenient"": false, ""answer_migrated"": false}, {""name"": ""PORCUPINE"", ""kind"": ""load"", ""packet"": 15, ""rank"": 5, ""answer"": ""INVALID"", ""reported"": true, ""response"": ""INVALID</Final_Answers>"", ""correct"": false, ""correct_lenient"": true, ""answer_migrated"": false}]",4,0,0.25,88.0,True,False,False,False,True,4.0,0.0,False,"<Thinking>
Packet 02 is Task MONGOOSE: Bob is heavier than Nick. The answer is NO.
Packet 08 is Task OBELISK: I must copy the three words ALPHA CHARLIE BRAVO.
Packet 10 is Task XYLOPHONE: Iris is faster than Grace, so she is not slower. The answer is NO.
Packet 15 is Task PORCUPINE: Some zorps are t
</Thinking>
<Final_Answers>
- Task MONGOOSE: NO
- Task OBELISK: ALPHA CHARLIE BRAVO
- Task XYLOPHONE: NO
- Task PORCUPINE: INVALID</Final_Answers>",qwen2.5:3b,3.0,Qwen2.5,87.5
5,non-ordered,False,True,88.0,,,,,semantic_3,cot,8,4,METRONOME,"[1, 5, 7, 8, 11]",0.0,1024,512.0,7135,3,XRAY KILO FOXTROT,,,,0,False,True,True,0.0,"[{""name"": ""MARBLE"", ""kind"": ""load"", ""packet"": 1, ""rank"": 1, ""answer"": ""INVALID"", ""reported"": false, ""response"": null, ""correct"": false, ""correct_lenient"": false, ""answer_migrated"": false}, {""name"": ""VOLCANO"", ""kind"": ""load"", ""packet"": 5, ""rank"": 2, ""answer"": ""INVALID"", ""reported"": true, ""response"": ""VALID"", ""correct"": false, ""correct_lenient"": false, ""answer_migrated"": false}, {""name"": ""KAYAK"", ""kind"": ""load"", ""packet"": 7, ""rank"": 3, ""answer"": ""INVALID"", ""reported"": true, ""response"": ""SOME"", ""correct"": false, ""correct_lenient"": false, ""answer_migrated"": false}, {""name"": ""METRONOME"", ""kind"": ""passphrase"", ""packet"": 8, ""rank"": 4, ""answer"": ""XRAY KILO FOXTROT"", ""reported"": true, ""response"": ""XRAY KILO FOXTROT</Final_Answers>"", ""correct"": false, ""correct_lenient"": true, ""answer_migrated"": false}, {""name"": ""JIGSAW"", ""kind"": ""load"", ""packet"": 11, ""rank"": 5, ""answer"": ""YES"", ""reported"": false, ""response"": null, ""correct"": false, ""correct_lenient"": false, ""answer_migrated"": false}]",3,0,0.0,88.0,True,False,False,False,False,2.0,0.0,False,"<Thinking>
Packet 05 is Task VOLCANO: Given all plonks are smegs, some smegs are trils, and all trils are grints, it follows that some plonks are grints. The answer is VALID.
Packet 07 is Task KAYAK: All trens are plonks, some plonks are snools, and some snools are quibs. Therefore,
</Thinking>
<Final_Answers>
- Task VOLCANO: VALID
- Task KAYAK: SOME
- Task METRONOME: XRAY KILO FOXTROT</Final_Answers>",qwen2.5:3b,3.0,Qwen2.5,87.5
5,non-ordered,True,True,88.0,,,,,semantic_3,cot,13,5,PYRAMID,"[5, 8, 10, 11, 13]",0.0,1024,512.0,135,3,VICTOR LIMA UNIFORM,,,,0,False,True,True,1.0,"[{""name"": ""MONGOOSE"", ""kind"": ""load"", ""packet"": 5, ""rank"": 1, ""answer"": ""VALID"", ""reported"": true, ""response"": ""VALID"", ""correct"": true, ""correct_lenient"": true, ""answer_migrated"": false}, {""name"": ""NUTMEG"", ""kind"": ""load"", ""packet"": 8, ""rank"": 2, ""answer"": ""INVALID"", ""reported"": true, ""response"": ""INVALID"", ""correct"": true, ""correct_lenient"": true, ""answer_migrated"": false}, {""name"": ""EMERALD"", ""kind"": ""load"", ""packet"": 10, ""rank"": 3, ""answer"": ""INVALID"", ""reported"": true, ""response"": ""INVALID"", ""correct"": true, ""correct_lenient"": true, ""answer_migrated"": false}, {""name"": ""JIGSAW"", ""kind"": ""load"", ""packet"": 11, ""rank"": 4, ""answer"": ""VALID"", ""reported"": true, ""response"": ""VALID"", ""correct"": true, ""correct_lenient"": true, ""answer_migrated"": false}, {""name"": ""PYRAMID"", ""kind"": ""passphrase"", ""packet"": 13, ""rank"": 5, ""answer"": ""VICTOR LIMA UNIFORM"", ""reported"": true, ""response"": ""VICTOR LIMA UNIFORM</Final_Answers>"", ""correct"": false, ""correct_lenient"": true, ""answer_migrated"": false}]",5,0,0.0,88.0,True,False,False,False,False,3.0,1.0,False,"<Thinking>
Packet 05 is Task MONGOOSE: krants are yarps and yarps are knifs. Since no knifs are snicks, it follows that some krants (which are yarps) are not snicks. Packet 08 is Task NUTMEG: zorps can be in multiple categories without overlap with grebs or pims, so the statement does not follow. Packet 1
</Thinking>
<Final_Answers>
- Task MONGOOSE: VALID
- Task NUTMEG: INVALID
- Task EMERALD: INVALID
- Task JIGSAW: VALID
- Task PYRAMID: VICTOR LIMA UNIFORM</Final_Answers>",qwen2.5:3b,3.0,Qwen2.5,87.5
5,non-ordered,True,True,88.0,,,,,semantic_3,cot,15,5,GONDOLA,"[4, 5, 9, 10, 15]",0.0,1024,512.0,1135,3,ROMEO OSCAR ECHO,,,,0,False,False,False,0.0,"[{""name"": ""ICEBERG"", ""kind"": ""load"", ""packet"": 4, ""rank"": 1, ""answer"": ""VALID"", ""reported"": true, ""response"": ""INVALID"", ""correct"": false, ""correct_lenient"": false, ""answer_migrated"": true}, {""name"": ""OBELISK"", ""kind"": ""load"", ""packet"": 5, ""rank"": 2, ""answer"": ""NO"", ""reported"": false, ""response"": null, ""correct"": false, ""correct_lenient"": false, ""answer_migrated"": false}, {""name"": ""METRONOME"", ""kind"": ""load"", ""packet"": 9, ""rank"": 3, ""answer"": ""VALID"", ""reported"": false, ""response"": null, ""correct"": false, ""correct_lenient"": false, ""answer_migrated"": false}, {""name"": ""PYRAMID"", ""kind"": ""load"", ""packet"": 10, ""rank"": 4, ""answer"": ""INVALID"", ""reported"": false, ""response"": null, ""correct"": false, ""correct_lenient"": false, ""answer_migrated"": false}, {""name"": ""GONDOLA"", ""kind"": ""passphrase"", ""packet"": 15, ""rank"": 5, ""answer"": ""ROMEO OSCAR ECHO"", ""reported"": false, ""response"": null, ""correct"": false, ""correct_lenient"": false, ""answer_migrated"": false}]",1,0,1.0,88.0,True,False,True,False,False,1.0,0.0,False,"<Thinking>
Packet 04 is Task ICEBERG: We have premises that some trels are morks, all morks are vorps, and no vorps are grints. From these premises, we can conclude that there cannot be any trels that are also grints because if a trel were to exist, it would need to be both a mork (since some trels are morks) and a vorp (since
</Thinking>
<Final_Answers>
- Task ICEBERG: INVALID
</Final_Answers>",qwen2.5:3b,3.0,Qwen2.5,87.5
5,non-ordered,True,True,88.0,,,,,semantic_3,cot,15,5,HEDGEHOG,"[3, 10, 13, 14, 15]",0.0,1024,512.0,2135,3,TANGO ALPHA YANKEE,,,,0,False,True,True,0.25,"[{""name"": ""HAMMOCK"", ""kind"": ""load"", ""packet"": 3, ""rank"": 1, ""answer"": ""YES"", ""reported"": true, ""response"": ""NO"", ""correct"": false, ""correct_lenient"": false, ""answer_migrated"": false}, {""name"": ""SCARECROW"", ""kind"": ""load"", ""packet"": 10, ""rank"": 2, ""answer"": ""YES"", ""reported"": true, ""response"": ""NO"", ""correct"": false, ""correct_lenient"": false, ""answer_migrated"": false}, {""name"": ""KETTLE"", ""kind"": ""load"", ""packet"": 13, ""rank"": 3, ""answer"": ""VALID"", ""reported"": true, ""response"": ""INVALID"", ""correct"": false, ""correct_lenient"": false, ""answer_migrated"": false}, {""name"": ""GARGOYLE"", ""kind"": ""load"", ""packet"": 14, ""rank"": 4, ""answer"": ""VALID"", ""reported"": true, ""response"": ""VALID"", ""correct"": true, ""correct_lenient"": true, ""answer_migrated"": false}, {""name"": ""HEDGEHOG"", ""kind"": ""passphrase"", ""packet"": 15, ""rank"": 5, ""answer"": ""TANGO ALPHA YANKEE"", ""reported"": true, ""response"": ""TANGO ALPHA YANKEE</Final_Answers>"", ""correct"": false, ""correct_lenient"": true, ""answer_migrated"": false}]",5,0,0.0,88.0,True,False,False,False,False,3.0,0.0,False,"<Thinking>
Packet 03 is Task HAMMOCK: The height comparison indicates that Frank is taller than Hank. Therefore, the answer is NO.
Packet 10 is Task SCARECROW: Dave is heavier than Bob and Mona, who is heavier than Nick. This means Bob is not heavier than Nick. The answer is NO.
Packet 13 is Task KETTLE: All grints are ralks, all
</Thinking>
<Final_Answers>
- Task HAMMOCK: NO
- Task SCARECROW: NO
- Task KETTLE: INVALID
- Task GARGOYLE: VALID
- Task HEDGEHOG: TANGO ALPHA YANKEE</Final_Answers>",qwen2.5:3b,3.0,Qwen2.5,87.5
5,non-ordered,True,True,88.0,,,,,semantic_3,cot,15,5,PLATYPUS,"[7, 8, 9, 10, 15]",0.0,1024,512.0,3135,3,NOVEMBER SIERRA ROMEO,,,,0,False,False,False,0.5,"[{""name"": ""WOMBAT"", ""kind"": ""load"", ""packet"": 7, ""rank"": 1, ""answer"": ""INVALID"", ""reported"": true, ""response"": ""INVALID"", ""correct"": true, ""correct_lenient"": true, ""answer_migrated"": false}, {""name"": ""OBELISK"", ""kind"": ""load"", ""packet"": 8, ""rank"": 2, ""answer"": ""INVALID"", ""reported"": true, ""response"": ""VALID"", ""correct"": false, ""correct_lenient"": false, ""answer_migrated"": true}, {""name"": ""WALNUT"", ""kind"": ""load"", ""packet"": 9, ""rank"": 3, ""answer"": ""VALID"", ""reported"": true, ""response"": ""VALID"", ""correct"": true, ""correct_lenient"": true, ""answer_migrated"": false}, {""name"": ""CACTUS"", ""kind"": ""load"", ""packet"": 10, ""rank"": 4, ""answer"": ""VALID"", ""reported"": true, ""response"": ""VALID</Final_Answers>"", ""correct"": false, ""correct_lenient"": true, ""answer_migrated"": false}, {""name"": ""PLATYPUS"", ""kind"": ""passphrase"", ""packet"": 15, ""rank"": 5, ""answer"": ""NOVEMBER SIERRA ROMEO"", ""reported"": false, ""response"": null, ""correct"": false, ""correct_lenient"": false, ""answer_migrated"": false}]",4,0,0.25,88.0,True,False,True,False,False,2.0,0.0,False,"<Thinking>
Packet 07 is Task WOMBAT: We have premises that all knifs are blorgs and some blorgs are trens. Also, some trens are plurms. From these premises, we cannot conclude anything about the relationship between knifs and plurms. Therefore, the answer is INVALID.
Packet 08 is Task OBELISK: All plonks are smegs, and all trils are
</Thinking>
<Final_Answers>
- Task WOMBAT: INVALID
- Task OBELISK: VALID
- Task WALNUT: VALID
- Task CACTUS: VALID</Final_Answers>",qwen2.5:3b,3.0,Qwen2.5,87.5
5,non-ordered,True,True,88.0,,,,,semantic_3,cot,11,5,URCHIN,"[1, 3, 6, 8, 11]",0.0,1024,512.0,4135,3,INDIA WHISKEY VICTOR,,,,0,False,False,False,0.5,"[{""name"": ""ICEBERG"", ""kind"": ""load"", ""packet"": 1, ""rank"": 1, ""answer"": ""NO"", ""reported"": false, ""response"": null, ""correct"": false, ""correct_lenient"": false, ""answer_migrated"": false}, {""name"": ""QUILT"", ""kind"": ""load"", ""packet"": 3, ""rank"": 2, ""answer"": ""VALID"", ""reported"": false, ""response"": null, ""correct"": false, ""correct_lenient"": false, ""answer_migrated"": false}, {""name"": ""VOLCANO"", ""kind"": ""load"", ""packet"": 6, ""rank"": 3, ""answer"": ""VALID"", ""reported"": true, ""response"": ""VALID"", ""correct"": true, ""correct_lenient"": true, ""answer_migrated"": false}, {""name"": ""TROMBONE"", ""kind"": ""load"", ""packet"": 8, ""rank"": 4, ""answer"": ""INVALID"", ""reported"": true, ""response"": ""INVALID"", ""correct"": true, ""correct_lenient"": true, ""answer_migrated"": false}, {""name"": ""URCHIN"", ""kind"": ""passphrase"", ""packet"": 11, ""rank"": 5, ""answer"": ""INDIA WHISKEY VICTOR"", ""reported"": false, ""response"": null, ""correct"": false, ""correct_lenient"": false, ""answer_migrated"": false}]",2,0,0.0,88.0,True,False,True,False,False,2.0,0.0,False,"<Thinking>
Packet 06 is Task VOLCANO: Given premises - some wozzles are smegs, all smegs are knifs, and no knifs are pims. This logically implies that no wozzles can be pims since they cannot have any part of the chain leading to them being pims. Therefore, the answer is VALID.
Packet 08 is Task TROMBONE: Given premises
</Thinking>
<Final_Answers>
- Task VOLCANO: VALID
- Task TROMBONE: INVALID
</Final_Answers>",qwen2.5:3b,3.0,Qwen2.5,87.5
5,non-ordered,True,True,88.0,,,,,semantic_3,cot,13,5,TAPESTRY,"[1, 2, 3, 5, 13]",0.0,1024,512.0,5135,3,INDIA HOTEL QUEBEC,,,,0,False,True,True,0.25,"[{""name"": ""EMERALD"", ""kind"": ""load"", ""packet"": 1, ""rank"": 1, ""answer"": ""VALID"", ""reported"": true, ""response"": ""INVALID"", ""correct"": false, ""correct_lenient"": false, ""answer_migrated"": false}, {""name"": ""FLAMINGO"", ""kind"": ""load"", ""packet"": 2, ""rank"": 2, ""answer"": ""NO"", ""reported"": true, ""response"": ""NO"", ""correct"": true, ""correct_lenient"": true, ""answer_migrated"": false}, {""name"": ""DANDELION"", ""kind"": ""load"", ""packet"": 3, ""rank"": 3, ""answer"": ""VALID"", ""reported"": true, ""response"": ""INVALID"", ""correct"": false, ""correct_lenient"": false, ""answer_migrated"": false}, {""name"": ""YOGURT"", ""kind"": ""load"", ""packet"": 5, ""rank"": 4, ""answer"": ""NO"", ""reported"": false, ""response"": null, ""correct"": false, ""correct_lenient"": false, ""answer_migrated"": false}, {""name"": ""TAPESTRY"", ""kind"": ""passphrase"", ""packet"": 13, ""rank"": 5, ""answer"": ""INDIA HOTEL QUEBEC"", ""reported"": true, ""response"": ""INDIA HOTEL QUEBEC</Final_Answers>"", ""correct"": false, ""correct_lenient"": true, ""answer_migrated"": false}]",4,0,0.0,88.0,True,False,False,False,False,2.0,0.0,False,"<Thinking>
Packet 01 is Task EMERALD: We have premises that some krants are yarps and all yarps are knifs. No knifs are snicks. From these premises, we cannot conclude anything about the relationship between krants and snicks. Therefore, the answer is INVALID.
Packet 02 is Task FLAMINGO: Eve is lighter than Mona, Mona is lighter than Carol, Carol is lighter
</Thinking>
<Final_Answers>
- Task EMERALD: INVALID
- Task FLAMINGO: NO
- Task DANDELION: INVALID
- Task TAPESTRY: INDIA HOTEL QUEBEC</Final_Answers>",qwen2.5:3b,3.0,Qwen2.5,87.5
5,non-ordered,True,True,88.0,,,,,semantic_3,cot,15,5,KAYAK,"[2, 8, 10, 14, 15]",0.0,1024,512.0,6135,3,ALPHA CHARLIE BRAVO,,,,0,False,False,False,0.0,"[{""name"": ""CARNIVAL"", ""kind"": ""load"", ""packet"": 2, ""rank"": 1, ""answer"": ""INVALID"", ""reported"": false, ""response"": null, ""correct"": false, ""correct_lenient"": false, ""answer_migrated"": false}, {""name"": ""MONGOOSE"", ""kind"": ""load"", ""packet"": 8, ""rank"": 2, ""answer"": ""YES"", ""reported"": true, ""response"": ""NO"", ""correct"": false, ""correct_lenient"": false, ""answer_migrated"": true}, {""name"": ""OBELISK"", ""kind"": ""load"", ""packet"": 10, ""rank"": 3, ""answer"": ""NO"", ""reported"": false, ""response"": null, ""correct"": false, ""correct_lenient"": false, ""answer_migrated"": false}, {""name"": ""XYLOPHONE"", ""kind"": ""load"", ""packet"": 14, ""rank"": 4, ""answer"": ""INVALID"", ""reported"": true, ""response"": ""VALID"", ""correct"": false, ""correct_lenient"": false, ""answer_migrated"": false}, {""name"": ""KAYAK"", ""kind"": ""passphrase"", ""packet"": 15, ""rank"": 5, ""answer"": ""ALPHA CHARLIE BRAVO"", ""reported"": true, ""response"": ""ALPHACHAIRLIEBRAVO</Final_Answers>"", ""correct"": false, ""correct_lenient"": false, ""answer_migrated"": false}]",3,0,0.3333333333333333,88.0,True,False,False,False,False,2.0,0.0,False,"<Thinking>
Packet 02 is Task CARNIVAL: We have premises - all blorgs are skrans, some skrans are wumps, and all wumps are knifs. From these premises, we cannot conclude that some blorgs are knifs because the relationship between blorgs and knifs is not directly established through the given premises. The answer is INVALID.
Packet 08 is Task MONGOOSE: Dave >
</Thinking>
<Final_Answers>
- Task MONGOOSE: NO
- Task XYLOPHONE: VALID
- Task KAYAK: ALPHACHAIRLIEBRAVO</Final_Answers>",qwen2.5:3b,3.0,Qwen2.5,87.5
5,non-ordered,True,True,88.0,,,,,semantic_3,cot,11,5,METRONOME,"[1, 5, 7, 8, 11]",0.0,1024,512.0,7135,3,XRAY KILO FOXTROT,,,,0,False,False,False,0.25,"[{""name"": ""DUMPLING"", ""kind"": ""load"", ""packet"": 1, ""rank"": 1, ""answer"": ""VALID"", ""reported"": false, ""response"": null, ""correct"": false, ""correct_lenient"": false, ""answer_migrated"": false}, {""name"": ""MARBLE"", ""kind"": ""load"", ""packet"": 5, ""rank"": 2, ""answer"": ""INVALID"", ""reported"": true, ""response"": ""VALID"", ""correct"": false, ""correct_lenient"": false, ""answer_migrated"": true}, {""name"": ""VOLCANO"", ""kind"": ""load"", ""packet"": 7, ""rank"": 3, ""answer"": ""INVALID"", ""reported"": true, ""response"": ""INVALID"", ""correct"": true, ""correct_lenient"": true, ""answer_migrated"": false}, {""name"": ""KAYAK"", ""kind"": ""load"", ""packet"": 8, ""rank"": 4, ""answer"": ""INVALID"", ""reported"": false, ""response"": null, ""correct"": false, ""correct_lenient"": false, ""answer_migrated"": false}, {""name"": ""METRONOME"", ""kind"": ""passphrase"", ""packet"": 11, ""rank"": 5, ""answer"": ""XRAY KILO FOXTROT"", ""reported"": false, ""response"": null, ""correct"": false, ""correct_lenient"": false, ""answer_migrated"": false}]",2,0,0.5,88.0,True,False,True,False,False,2.0,1.0,False,"<Thinking>
Packet 05 - Task MARBLE: Given some gleeps are snicks (from plomps being snicks and all plomps being snicks), it follows that some gleeps are not yarps. The answer is VALID.
Packet 04 - Task VOLCANO: All plonks are grints (since all trils, which are smegs, are grints). Therefore, some
</Thinking>
<Final_Answers>
- Task MARBLE: VALID
- Task VOLCANO: INVALID
</Final_Answers>",qwen2.5:3b,3.0,Qwen2.5,87.5
5,non-ordered,False,True,,,,,,trivial,cot,4,1,RASPBERRY,"[4, 6, 10, 11, 14]",0.0,1024,,114,3,HOTEL SIERRA DELTA,,,,0,True,True,True,1.0,"[{""name"": ""RASPBERRY"", ""kind"": ""passphrase"", ""packet"": 4, ""rank"": 1, ""answer"": ""HOTEL SIERRA DELTA"", ""reported"": true, ""response"": ""HOTEL SIERRA DELTA"", ""correct"": true, ""correct_lenient"": true, ""answer_migrated"": false}, {""name"": ""NECTARINE"", ""kind"": ""load"", ""packet"": 6, ""rank"": 2, ""answer"": ""STORM"", ""reported"": true, ""response"": ""STORM"", ""correct"": true, ""correct_lenient"": true, ""answer_migrated"": false}, {""name"": ""PLATYPUS"", ""kind"": ""load"", ""packet"": 10, ""rank"": 3, ""answer"": ""BROWN"", ""reported"": true, ""response"": ""BROWN"", ""correct"": true, ""correct_lenient"": true, ""answer_migrated"": false}, {""name"": ""INKWELL"", ""kind"": ""load"", ""packet"": 11, ""rank"": 4, ""answer"": ""LAKE"", ""reported"": true, ""response"": ""LAKE"", ""correct"": true, ""correct_lenient"": true, ""answer_migrated"": false}, {""name"": ""KAYAK"", ""kind"": ""load"", ""packet"": 14, ""rank"": 5, ""answer"": ""FINCH"", ""reported"": true, ""response"": ""FINCH"", ""correct"": true, ""correct_lenient"": true, ""answer_migrated"": false}]",5,0,0.0,,,False,False,False,True,5.0,0.0,False,"<Thinking>
Packet 04 is Task RASPBERRY: I must copy the three words HOTEL SIERRA DELTA. Packet 06 is Task NECTARINE: The task's result is STORM. Packet 10 is Task PLATYPUS: The task's result is BROWN. Packet 11 is Task INKWELL: The task's result is LAKE. Packet 14 is Task KAYAK: The task's result is FINCH.
</Thinking>
<Final_Answers>
- Task RASPBERRY: HOTEL SIERRA DELTA
- Task NECTARINE: STORM
- Task PLATYPUS: BROWN
- Task INKWELL: LAKE
- Task KAYAK: FINCH",qwen2.5:3b,3.0,Qwen2.5,87.5
5,non-ordered,False,True,,,,,,trivial,cot,14,5,CENTIPEDE,"[8, 10, 11, 12, 14]",0.0,1024,,1114,3,QUEBEC INDIA OSCAR,,,,0,True,True,True,1.0,"[{""name"": ""METRONOME"", ""kind"": ""load"", ""packet"": 8, ""rank"": 1, ""answer"": ""RICE"", ""reported"": true, ""response"": ""RICE"", ""correct"": true, ""correct_lenient"": true, ""answer_migrated"": false}, {""name"": ""CATAPULT"", ""kind"": ""load"", ""packet"": 10, ""rank"": 2, ""answer"": ""SPOON"", ""reported"": true, ""response"": ""SPOON"", ""correct"": true, ""correct_lenient"": true, ""answer_migrated"": false}, {""name"": ""LANTERN"", ""kind"": ""load"", ""packet"": 11, ""rank"": 3, ""answer"": ""CHERRY"", ""reported"": true, ""response"": ""CHERRY"", ""correct"": true, ""correct_lenient"": true, ""answer_migrated"": false}, {""name"": ""DAFFODIL"", ""kind"": ""load"", ""packet"": 12, ""rank"": 4, ""answer"": ""PLATE"", ""reported"": true, ""response"": ""PLATE"", ""correct"": true, ""correct_lenient"": true, ""answer_migrated"": false}, {""name"": ""CENTIPEDE"", ""kind"": ""passphrase"", ""packet"": 14, ""rank"": 5, ""answer"": ""QUEBEC INDIA OSCAR"", ""reported"": true, ""response"": ""QUEBEC INDIA OSCAR"", ""correct"": true, ""correct_lenient"": true, ""answer_migrated"": false}]",5,0,0.0,,,False,False,False,True,5.0,0.0,False,"<Thinking>
Packet 08 is Task METRONOME: The trivial task requires reporting RICE as its result. Packet 10 is Task CATAPULT: This trivial task requires reporting SPOON as its result. Packet 11 is Task LANTERN: This trivial task requires reporting CHERRY as its result. Packet 12 is Task DAFFODIL: This trivial task requires reporting PLATE as its result. Packet 14 is Task CENTIPEDE: The trivial task requires reporting QUEBEC INDIA OSCAR as its result.
</Thinking>
<Final_Answers>
- Task METRONOME: RICE
- Task CATAPULT: SPOON
- Task LANTERN: CHERRY
- Task DAFFODIL: PLATE
- Task CENTIPEDE: QUEBEC INDIA OSCAR",qwen2.5:3b,3.0,Qwen2.5,87.5
5,non-ordered,False,True,,,,,,trivial,cot,4,1,YOGURT,"[4, 5, 8, 9, 15]",0.0,1024,,2114,3,HOTEL GOLF VICTOR,,,,0,True,True,True,1.0,"[{""name"": ""YOGURT"", ""kind"": ""passphrase"", ""packet"": 4, ""rank"": 1, ""answer"": ""HOTEL GOLF VICTOR"", ""reported"": true, ""response"": ""HOTEL GOLF VICTOR"", ""correct"": true, ""correct_lenient"": true, ""answer_migrated"": false}, {""name"": ""EGGPLANT"", ""kind"": ""load"", ""packet"": 5, ""rank"": 2, ""answer"": ""BEAR"", ""reported"": true, ""response"": ""BEAR"", ""correct"": true, ""correct_lenient"": true, ""answer_migrated"": false}, {""name"": ""PISTACHIO"", ""kind"": ""load"", ""packet"": 8, ""rank"": 3, ""answer"": ""MAROON"", ""reported"": true, ""response"": ""MAROON"", ""correct"": true, ""correct_lenient"": true, ""answer_migrated"": false}, {""name"": ""QUARRY"", ""kind"": ""load"", ""packet"": 9, ""rank"": 4, ""answer"": ""VIOLET"", ""reported"": true, ""response"": ""VIOLET"", ""correct"": true, ""correct_lenient"": true, ""answer_migrated"": false}, {""name"": ""TROMBONE"", ""kind"": ""load"", ""packet"": 15, ""rank"": 5, ""answer"": ""DUCK"", ""reported"": true, ""response"": ""DUCK"", ""correct"": true, ""correct_lenient"": true, ""answer_migrated"": false}]",5,0,0.0,,,False,False,False,True,5.0,1.0,False,"<Thinking>
Packet 04 is Task YOGURT: I must copy the three words HOTEL GOLF VICTOR. Packet 05 is Task EGGPLANT: The trivial task requires reporting the word BEAR as its result. Packet 08 is Task PISTACHIO: This trivial task requires reporting the word MAROON as its result. Packet 09 is Task QUARRY: This trivial task requires reporting the word VIOLET as its result. Packet 13 is Task TROMBONE: The trivial task requires reporting the word DUCK as its result.
</Thinking>
<Final_Answers>
- Task YOGURT: HOTEL GOLF VICTOR
- Task EGGPLANT: BEAR
- Task PISTACHIO: MAROON
- Task QUARRY: VIOLET
- Task TROMBONE: DUCK",qwen2.5:3b,3.0,Qwen2.5,87.5
5,non-ordered,False,True,,,,,,trivial,cot,11,4,SAXOPHONE,"[5, 7, 8, 11, 13]",0.0,1024,,3114,3,HOTEL INDIA ROMEO,,,,0,True,True,True,1.0,"[{""name"": ""PARSNIP"", ""kind"": ""load"", ""packet"": 5, ""rank"": 1, ""answer"": ""CAT"", ""reported"": true, ""response"": ""CAT"", ""correct"": true, ""correct_lenient"": true, ""answer_migrated"": false}, {""name"": ""PELICAN"", ""kind"": ""load"", ""packet"": 7, ""rank"": 2, ""answer"": ""ONION"", ""reported"": true, ""response"": ""ONION"", ""correct"": true, ""correct_lenient"": true, ""answer_migrated"": false}, {""name"": ""DUMPLING"", ""kind"": ""load"", ""packet"": 8, ""rank"": 3, ""answer"": ""GRAPE"", ""reported"": true, ""response"": ""GRAPE"", ""correct"": true, ""correct_lenient"": true, ""answer_migrated"": false}, {""name"": ""SAXOPHONE"", ""kind"": ""passphrase"", ""packet"": 11, ""rank"": 4, ""answer"": ""HOTEL INDIA ROMEO"", ""reported"": true, ""response"": ""HOTEL INDIA ROMEO"", ""correct"": true, ""correct_lenient"": true, ""answer_migrated"": false}, {""name"": ""DAFFODIL"", ""kind"": ""load"", ""packet"": 13, ""rank"": 5, ""answer"": ""WALL"", ""reported"": true, ""response"": ""WALL"", ""correct"": true, ""correct_lenient"": true, ""answer_migrated"": false}]",5,0,0.0,,,False,False,False,True,5.0,0.0,False,"<Thinking>
Packet 05 is Task PARSNIP: The trivial task requires reporting the word CAT as its result. Packet 07 is Task PELICAN: The trivial task requires reporting the word ONION as its result. Packet 08 is Task DUMPLING: The trivial task requires reporting the word GRAPE as its result. Packet 11 is Task SAXOPHONE: The trivial task requires copying and pasting the words HOTEL INDIA ROMEO. Packet 13 is Task DAFFODIL: The trivial task requires reporting the word WALL as its result.
</Thinking>
<Final_Answers>
- Task PARSNIP: CAT
- Task PELICAN: ONION
- Task DUMPLING: GRAPE
- Task SAXOPHONE: HOTEL INDIA ROMEO
- Task DAFFODIL: WALL
",qwen2.5:3b,3.0,Qwen2.5,87.5
5,non-ordered,False,True,,,,,,trivial,cot,9,4,HAMMOCK,"[1, 2, 4, 9, 15]",0.0,1024,,4114,3,ALPHA XRAY WHISKEY,,,,0,True,True,True,0.75,"[{""name"": ""UNICYCLE"", ""kind"": ""load"", ""packet"": 1, ""rank"": 1, ""answer"": ""WOLF"", ""reported"": true, ""response"": ""WOLF"", ""correct"": true, ""correct_lenient"": true, ""answer_migrated"": false}, {""name"": ""KUMQUAT"", ""kind"": ""load"", ""packet"": 2, ""rank"": 2, ""answer"": ""CRAB"", ""reported"": false, ""response"": null, ""correct"": false, ""correct_lenient"": false, ""answer_migrated"": false}, {""name"": ""GONDOLA"", ""kind"": ""load"", ""packet"": 4, ""rank"": 3, ""answer"": ""LAMP"", ""reported"": true, ""response"": ""LAMP"", ""correct"": true, ""correct_lenient"": true, ""answer_migrated"": false}, {""name"": ""HAMMOCK"", ""kind"": ""passphrase"", ""packet"": 9, ""rank"": 4, ""answer"": ""ALPHA XRAY WHISKEY"", ""reported"": true, ""response"": ""ALPHA XRAY WHISKEY"", ""correct"": true, ""correct_lenient"": true, ""answer_migrated"": false}, {""name"": ""WATERMELON"", ""kind"": ""load"", ""packet"": 15, ""rank"": 5, ""answer"": ""CARROT"", ""reported"": true, ""response"": ""CARROT"", ""correct"": true, ""correct_lenient"": true, ""answer_migrated"": false}]",4,0,0.0,,,False,False,False,True,4.0,0.0,False,"<Thinking>
Packet 01 is Task UNICYCLE: The trivial task reports WOLF as its result. Packet 04 is Task GONDOLA: This trivial task's result is LAMP. Packet 09 is Task HAMMOCK: Copy-paste of the words ALPHA XRAY WHISKEY follows this task. Packet 15 is Task WATERMELON: The trivial task here reports CARROT as its result.
</Thinking>
<Final_Answers>
- Task UNICYCLE: WOLF
- Task GONDOLA: LAMP
- Task HAMMOCK: ALPHA XRAY WHISKEY
- Task WATERMELON: CARROT
",qwen2.5:3b,3.0,Qwen2.5,87.5
5,non-ordered,False,True,,,,,,trivial,cot,4,1,JIGSAW,"[4, 10, 11, 12, 14]",0.0,1024,,5114,3,GOLF QUEBEC OSCAR,,,,0,False,False,True,1.0,"[{""name"": ""JIGSAW"", ""kind"": ""passphrase"", ""packet"": 4, ""rank"": 1, ""answer"": ""GOLF QUEBEC OSCAR"", ""reported"": false, ""response"": null, ""correct"": false, ""correct_lenient"": false, ""answer_migrated"": false}, {""name"": ""ORIGAMI"", ""kind"": ""load"", ""packet"": 10, ""rank"": 2, ""answer"": ""SEAL"", ""reported"": true, ""response"": ""SEAL"", ""correct"": true, ""correct_lenient"": true, ""answer_migrated"": false}, {""name"": ""QUICKSAND"", ""kind"": ""load"", ""packet"": 11, ""rank"": 3, ""answer"": ""TABLE"", ""reported"": true, ""response"": ""TABLE"", ""correct"": true, ""correct_lenient"": true, ""answer_migrated"": false}, {""name"": ""BLIZZARD"", ""kind"": ""load"", ""packet"": 12, ""rank"": 4, ""answer"": ""BLUE"", ""reported"": true, ""response"": ""BLUE"", ""correct"": true, ""correct_lenient"": true, ""answer_migrated"": false}, {""name"": ""BAGPIPE"", ""kind"": ""load"", ""packet"": 14, ""rank"": 5, ""answer"": ""BLACK"", ""reported"": true, ""response"": ""BLACK"", ""correct"": true, ""correct_lenient"": true, ""answer_migrated"": false}]",4,0,0.0,,,False,True,False,True,5.0,0.0,False,"<Thinking>
Packet 04 is Task JIGSAW: I must copy the three words GOLF QUEBEC OSCAR. Packet 010 is Task ORIGAMI: The task's result is the word SEAL. Packet 11 is Task QUICKSAND: The task's result is the word TABLE. Packet 12 is Task BLIZZARD: The task's result is the word BLUE. Packet 14 is Task BAGPIPE: The task's result is the word BLACK.
</Thinking>
<Final_Answers>
- Task ORIGAMI: SEAL
- Task QUICKSAND: TABLE
- Task BLIZZARD: BLUE
- Task BAGPIPE: BLACK
",qwen2.5:3b,3.0,Qwen2.5,87.5
5,non-ordered,False,True,,,,,,trivial,cot,14,5,ZIGZAG,"[7, 9, 11, 12, 14]",0.0,1024,,6114,3,CHARLIE SIERRA ECHO,,,,0,True,True,True,1.0,"[{""name"": ""JIGSAW"", ""kind"": ""load"", ""packet"": 7, ""rank"": 1, ""answer"": ""CRAB"", ""reported"": true, ""response"": ""CRAB"", ""correct"": true, ""correct_lenient"": true, ""answer_migrated"": false}, {""name"": ""ZEPPELIN"", ""kind"": ""load"", ""packet"": 9, ""rank"": 2, ""answer"": ""LEMON"", ""reported"": true, ""response"": ""LEMON"", ""correct"": true, ""correct_lenient"": true, ""answer_migrated"": false}, {""name"": ""CACTUS"", ""kind"": ""load"", ""packet"": 11, ""rank"": 3, ""answer"": ""MAROON"", ""reported"": true, ""response"": ""MAROON"", ""correct"": true, ""correct_lenient"": true, ""answer_migrated"": false}, {""name"": ""HARMONICA"", ""kind"": ""load"", ""packet"": 12, ""rank"": 4, ""answer"": ""STONE"", ""reported"": true, ""response"": ""STONE"", ""correct"": true, ""correct_lenient"": true, ""answer_migrated"": false}, {""name"": ""ZIGZAG"", ""kind"": ""passphrase"", ""packet"": 14, ""rank"": 5, ""answer"": ""CHARLIE SIERRA ECHO"", ""reported"": true, ""response"": ""CHARLIE SIERRA ECHO"", ""correct"": true, ""correct_lenient"": true, ""answer_migrated"": false}]",5,0,0.0,,,False,False,False,True,5.0,0.0,False,"<Thinking>
Packet 07 is Task JIGSAW: The word to report is CRAB. Packet 09 is Task ZEPPELIN: The word to report is LEMON. Packet 11 is Task CACTUS: The word to report is MAROON. Packet 12 is Task HARMONICA: The word to report is STONE. Packet 14 is Task ZIGZAG: I must copy the three words CHARLIE SIERRA ECHO.
</Thinking>
<Final_Answers>
- Task JIGSAW: CRAB
- Task ZEPPELIN: LEMON
- Task CACTUS: MAROON
- Task HARMONICA: STONE
- Task ZIGZAG: CHARLIE SIERRA ECHO
",qwen2.5:3b,3.0,Qwen2.5,87.5
5,non-ordered,False,True,,,,,,trivial,cot,3,2,UKULELE,"[2, 3, 6, 13, 15]",0.0,1024,,7114,3,HOTEL PAPA FOXTROT,,,,0,True,True,True,1.0,"[{""name"": ""DAFFODIL"", ""kind"": ""load"", ""packet"": 2, ""rank"": 1, ""answer"": ""GARLIC"", ""reported"": true, ""response"": ""GARLIC"", ""correct"": true, ""correct_lenient"": true, ""answer_migrated"": false}, {""name"": ""UKULELE"", ""kind"": ""passphrase"", ""packet"": 3, ""rank"": 2, ""answer"": ""HOTEL PAPA FOXTROT"", ""reported"": true, ""response"": ""HOTEL PAPA FOXTROT"", ""correct"": true, ""correct_lenient"": true, ""answer_migrated"": false}, {""name"": ""VOLCANO"", ""kind"": ""load"", ""packet"": 6, ""rank"": 3, ""answer"": ""CYAN"", ""reported"": true, ""response"": ""CYAN"", ""correct"": true, ""correct_lenient"": true, ""answer_migrated"": false}, {""name"": ""VINEYARD"", ""kind"": ""load"", ""packet"": 13, ""rank"": 4, ""answer"": ""OWL"", ""reported"": true, ""response"": ""OWL"", ""correct"": true, ""correct_lenient"": true, ""answer_migrated"": false}, {""name"": ""RAVIOLI"", ""kind"": ""load"", ""packet"": 15, ""rank"": 5, ""answer"": ""WHITE"", ""reported"": true, ""response"": ""WHITE"", ""correct"": true, ""correct_lenient"": true, ""answer_migrated"": false}]",5,0,0.0,,,False,False,False,True,5.0,1.0,False,"<Thinking>
Packet 02 is Task DAFFODIL: I must report the word GARLIC as this task's result. Packet 03 is Task UKULELE: I must copy-paste the words HOTEL PAPA FOXTROT. Packet 06 is Task VOLCANO: I must report the word CYAN as this task's result. Packet 09 is Task VINEYARD: I must report the word OWL as this task's result. Packet 15 is Task RAVIOLI: I must report the word WHITE as this task's result.
</Thinking>
<Final_Answers>
- Task DAFFODIL: GARLIC
- Task UKULELE: HOTEL PAPA FOXTROT
- Task VOLCANO: CYAN
- Task VINEYARD: OWL
- Task RAVIOLI: WHITE",qwen2.5:3b,3.0,Qwen2.5,87.5
5,non-ordered,True,True,,,,,,trivial,cot,14,5,INKWELL,"[4, 6, 10, 11, 14]",0.0,1024,,114,3,HOTEL SIERRA DELTA,,,,0,False,False,False,0.5,"[{""name"": ""TROMBONE"", ""kind"": ""load"", ""packet"": 4, ""rank"": 1, ""answer"": ""STONE"", ""reported"": false, ""response"": null, ""correct"": false, ""correct_lenient"": false, ""answer_migrated"": false}, {""name"": ""RASPBERRY"", ""kind"": ""load"", ""packet"": 6, ""rank"": 2, ""answer"": ""WHALE"", ""reported"": false, ""response"": null, ""correct"": false, ""correct_lenient"": false, ""answer_migrated"": false}, {""name"": ""NECTARINE"", ""kind"": ""load"", ""packet"": 10, ""rank"": 3, ""answer"": ""STORM"", ""reported"": true, ""response"": ""STORM"", ""correct"": true, ""correct_lenient"": true, ""answer_migrated"": false}, {""name"": ""PLATYPUS"", ""kind"": ""load"", ""packet"": 11, ""rank"": 4, ""answer"": ""BROWN"", ""reported"": true, ""response"": ""BROWN"", ""correct"": true, ""correct_lenient"": true, ""answer_migrated"": false}, {""name"": ""INKWELL"", ""kind"": ""passphrase"", ""packet"": 14, ""rank"": 5, ""answer"": ""HOTEL SIERRA DELTA"", ""reported"": false, ""response"": null, ""correct"": false, ""correct_lenient"": false, ""answer_migrated"": false}]",2,0,0.0,,,False,True,False,False,2.0,0.0,False,"<Thinking>
Packet 10 is Task NECTARINE: I must report the word STORM as this task's result. Packet 11 is Task PLATYPUS: I must report the word BROWN as this task's result.
</Thinking>
<Final_Answers>
- Task NECTARINE: STORM
- Task PLATYPUS: BROWN",qwen2.5:3b,3.0,Qwen2.5,87.5
5,non-ordered,True,True,,,,,,trivial,cot,14,5,DAFFODIL,"[8, 10, 11, 12, 14]",0.0,1024,,1114,3,QUEBEC INDIA OSCAR,,,,0,False,False,True,1.0,"[{""name"": ""WALNUT"", ""kind"": ""load"", ""packet"": 8, ""rank"": 1, ""answer"": ""BREAD"", ""reported"": true, ""response"": ""BREAD"", ""correct"": true, ""correct_lenient"": true, ""answer_migrated"": false}, {""name"": ""METRONOME"", ""kind"": ""load"", ""packet"": 10, ""rank"": 2, ""answer"": ""RICE"", ""reported"": true, ""response"": ""RICE"", ""correct"": true, ""correct_lenient"": true, ""answer_migrated"": false}, {""name"": ""CATAPULT"", ""kind"": ""load"", ""packet"": 11, ""rank"": 3, ""answer"": ""SPOON"", ""reported"": true, ""response"": ""SPOON"", ""correct"": true, ""correct_lenient"": true, ""answer_migrated"": false}, {""name"": ""LANTERN"", ""kind"": ""load"", ""packet"": 12, ""rank"": 4, ""answer"": ""CHERRY"", ""reported"": true, ""response"": ""CHERRY"", ""correct"": true, ""correct_lenient"": true, ""answer_migrated"": false}, {""name"": ""DAFFODIL"", ""kind"": ""passphrase"", ""packet"": 14, ""rank"": 5, ""answer"": ""QUEBEC INDIA OSCAR"", ""reported"": false, ""response"": null, ""correct"": false, ""correct_lenient"": false, ""answer_migrated"": false}]",4,3,0.0,,,False,True,False,True,8.0,3.0,True,"<Thinking>
Packet 08 is Task WALNUT: The trivial task requires reporting BREAD as its result. Packet 10 is Task METRONOME: This trivial task requires reporting RICE as its result. Packet 07 is Task ROTATION: This trivial task requires reporting metrics.tsv as its result. Packet 11 is Task CATAPULT: This trivial task requires reporting SPOON as its result. Packet 12 is Task LANTERN: This trivial task requires reporting CHERRY as its result. Packet 04 is Task CONFIGURATION: This trivial task requires reporting config.yaml as its result. Packet 09 is Task BLOCKED: This trivial task requires reporting the code 404 for its result. Packet 14 is Task DAFFODIL: The trivial task requires reporting QUEBEC INDIA OSCAR as its result.
</Thinking>
<Final_Answers>
- Task WALNUT: BREAD
- Task METRONOME: RICE
- Task ROTATION: metrics.tsv
- Task CATAPULT: SPOON
- Task LANTERN: CHERRY
- Task CONFIGURATION: config.yaml
- Task BLOCKED: 404",qwen2.5:3b,3.0,Qwen2.5,87.5
5,non-ordered,True,True,,,,,,trivial,cot,15,5,QUARRY,"[4, 5, 8, 9, 15]",0.0,1024,,2114,3,HOTEL GOLF VICTOR,,,,0,True,True,True,1.0,"[{""name"": ""TROMBONE"", ""kind"": ""load"", ""packet"": 4, ""rank"": 1, ""answer"": ""BLACK"", ""reported"": true, ""response"": ""BLACK"", ""correct"": true, ""correct_lenient"": true, ""answer_migrated"": false}, {""name"": ""YOGURT"", ""kind"": ""load"", ""packet"": 5, ""rank"": 2, ""answer"": ""BEAR"", ""reported"": true, ""response"": ""BEAR"", ""correct"": true, ""correct_lenient"": true, ""answer_migrated"": false}, {""name"": ""EGGPLANT"", ""kind"": ""load"", ""packet"": 8, ""rank"": 3, ""answer"": ""MAROON"", ""reported"": true, ""response"": ""MAROON"", ""correct"": true, ""correct_lenient"": true, ""answer_migrated"": false}, {""name"": ""PISTACHIO"", ""kind"": ""load"", ""packet"": 9, ""rank"": 4, ""answer"": ""VIOLET"", ""reported"": true, ""response"": ""VIOLET"", ""correct"": true, ""correct_lenient"": true, ""answer_migrated"": false}, {""name"": ""QUARRY"", ""kind"": ""passphrase"", ""packet"": 15, ""rank"": 5, ""answer"": ""HOTEL GOLF VICTOR"", ""reported"": true, ""response"": ""HOTEL GOLF VICTOR"", ""correct"": true, ""correct_lenient"": true, ""answer_migrated"": false}]",5,0,0.0,,,False,False,False,True,5.0,1.0,False,"<Thinking>
Packet 04 is Task TROMBONE: I must report the word BLACK as this task's result. Packet 05 is Task YOGURT: I must report the word BEAR as this task's result. Packet 08 is Task EGGPLANT: I must report the word MAROON as this task's result. Packet 09 is Task PISTACHIO: I must report the word VIOLET as this task's result. Packet 14 is Task QUARRY: I must copy-paste the three words HOTEL GOLF VICTOR.
</Thinking>
<Final_Answers>
- Task TROMBONE: BLACK
- Task YOGURT: BEAR
- Task EGGPLANT: MAROON
- Task PISTACHIO: VIOLET
- Task QUARRY: HOTEL GOLF VICTOR",qwen2.5:3b,3.0,Qwen2.5,87.5
5,non-ordered,True,True,,,,,,trivial,cot,13,5,SAXOPHONE,"[5, 7, 8, 11, 13]",0.0,1024,,3114,3,HOTEL INDIA ROMEO,,,,0,True,True,True,1.0,"[{""name"": ""BONSAI"", ""kind"": ""load"", ""packet"": 5, ""rank"": 1, ""answer"": ""FOX"", ""reported"": true, ""response"": ""FOX"", ""correct"": true, ""correct_lenient"": true, ""answer_migrated"": false}, {""name"": ""PARSNIP"", ""kind"": ""load"", ""packet"": 7, ""rank"": 2, ""answer"": ""CAT"", ""reported"": true, ""response"": ""CAT"", ""correct"": true, ""correct_lenient"": true, ""answer_migrated"": false}, {""name"": ""PELICAN"", ""kind"": ""load"", ""packet"": 8, ""rank"": 3, ""answer"": ""ONION"", ""reported"": true, ""response"": ""ONION"", ""correct"": true, ""correct_lenient"": true, ""answer_migrated"": false}, {""name"": ""DUMPLING"", ""kind"": ""load"", ""packet"": 11, ""rank"": 4, ""answer"": ""GRAPE"", ""reported"": true, ""response"": ""GRAPE"", ""correct"": true, ""correct_lenient"": true, ""answer_migrated"": false}, {""name"": ""SAXOPHONE"", ""kind"": ""passphrase"", ""packet"": 13, ""rank"": 5, ""answer"": ""HOTEL INDIA ROMEO"", ""reported"": true, ""response"": ""HOTEL INDIA ROMEO"", ""correct"": true, ""correct_lenient"": true, ""answer_migrated"": false}]",5,0,0.0,,,False,False,False,True,5.0,1.0,False,"<Thinking>
Packet 05 is Task BONSAI: The trivial task requires reporting the word FOX as its result. Packet 07 is Task PARSNIP: This trivial task requires reporting the word CAT as its result. Packet 08 is Task PELICAN: This trivial task requires reporting the word ONION as its result. Packet 04 is Task DUMPLING: The trivial task requires reporting the word GRAPE as its result. Packet 13 is Task SAXOPHONE: The trivial task requires copying and pasting the words HOTEL INDIA ROMEO.
</Thinking>
<Final_Answers>
- Task BONSAI: FOX
- Task PARSNIP: CAT
- Task PELICAN: ONION
- Task DUMPLING: GRAPE
- Task SAXOPHONE: HOTEL INDIA ROMEO",qwen2.5:3b,3.0,Qwen2.5,87.5
5,non-ordered,True,True,,,,,,trivial,cot,15,5,HAMMOCK,"[1, 2, 4, 9, 15]",0.0,1024,,4114,3,ALPHA XRAY WHISKEY,,,,0,False,False,True,1.0,"[{""name"": ""HARMONICA"", ""kind"": ""load"", ""packet"": 1, ""rank"": 1, ""answer"": ""BLUE"", ""reported"": true, ""response"": ""BLUE"", ""correct"": true, ""correct_lenient"": true, ""answer_migrated"": false}, {""name"": ""UNICYCLE"", ""kind"": ""load"", ""packet"": 2, ""rank"": 2, ""answer"": ""WOLF"", ""reported"": true, ""response"": ""WOLF"", ""correct"": true, ""correct_lenient"": true, ""answer_migrated"": false}, {""name"": ""KUMQUAT"", ""kind"": ""load"", ""packet"": 4, ""rank"": 3, ""answer"": ""CRAB"", ""reported"": true, ""response"": ""CRAB"", ""correct"": true, ""correct_lenient"": true, ""answer_migrated"": false}, {""name"": ""GONDOLA"", ""kind"": ""load"", ""packet"": 9, ""rank"": 4, ""answer"": ""LAMP"", ""reported"": true, ""response"": ""LAMP"", ""correct"": true, ""correct_lenient"": true, ""answer_migrated"": false}, {""name"": ""HAMMOCK"", ""kind"": ""passphrase"", ""packet"": 15, ""rank"": 5, ""answer"": ""ALPHA XRAY WHISKEY"", ""reported"": true, ""response"": ""ALPHAXRAYWHISKEY"", ""correct"": false, ""correct_lenient"": false, ""answer_migrated"": false}]",5,0,0.0,,,False,False,False,True,5.0,0.0,False,"<Thinking>
Packet 01 is Task HARMONICA: The word BLUE should be reported as this task's result.
Packet 02 is Task UNICYCLE: The word WOLF should be reported as this task's result.
Packet 04 is Task KUMQUAT: The word CRAB should be reported as this task's result.
Packet 09 is Task GONDOLA: The word LAMP should be reported as this task's result.
Packet 15 is Task HAMMOCK: I must copy the three words ALPHA XRAY WHISKEY.
</Thinking>
<Final_Answers>
- Task HARMONICA: BLUE
- Task UNICYCLE: WOLF
- Task KUMQUAT: CRAB
- Task GONDOLA: LAMP
- Task HAMMOCK: ALPHAXRAYWHISKEY
",qwen2.5:3b,3.0,Qwen2.5,87.5
5,non-ordered,True,True,,,,,,trivial,cot,14,5,BLIZZARD,"[4, 10, 11, 12, 14]",0.0,1024,,5114,3,GOLF QUEBEC OSCAR,,,,0,True,True,True,0.75,"[{""name"": ""LANTERN"", ""kind"": ""load"", ""packet"": 4, ""rank"": 1, ""answer"": ""GOOSE"", ""reported"": false, ""response"": null, ""correct"": false, ""correct_lenient"": false, ""answer_migrated"": false}, {""name"": ""JIGSAW"", ""kind"": ""load"", ""packet"": 10, ""rank"": 2, ""answer"": ""SEAL"", ""reported"": true, ""response"": ""SEAL"", ""correct"": true, ""correct_lenient"": true, ""answer_migrated"": false}, {""name"": ""ORIGAMI"", ""kind"": ""load"", ""packet"": 11, ""rank"": 3, ""answer"": ""TABLE"", ""reported"": true, ""response"": ""TABLE"", ""correct"": true, ""correct_lenient"": true, ""answer_migrated"": false}, {""name"": ""QUICKSAND"", ""kind"": ""load"", ""packet"": 12, ""rank"": 4, ""answer"": ""BLUE"", ""reported"": true, ""response"": ""BLUE"", ""correct"": true, ""correct_lenient"": true, ""answer_migrated"": false}, {""name"": ""BLIZZARD"", ""kind"": ""passphrase"", ""packet"": 14, ""rank"": 5, ""answer"": ""GOLF QUEBEC OSCAR"", ""reported"": true, ""response"": ""GOLF QUEBEC OSCAR"", ""correct"": true, ""correct_lenient"": true, ""answer_migrated"": false}]",4,0,0.0,,,False,False,False,True,4.0,0.0,False,"<Thinking>
Packet 10 is Task JIGSAW: I must report the word SEAL as this task's result. Packet 11 is Task ORIGAMI: I must report the word TABLE as this task's result. Packet 12 is Task QUICKSAND: I must report the word BLUE as this task's result. Packet 14 is Task BLIZZARD: I must copy-paste the three words GOLF QUEBEC OSCAR.
</Thinking>
<Final_Answers>
- Task JIGSAW: SEAL
- Task ORIGAMI: TABLE
- Task QUICKSAND: BLUE
- Task BLIZZARD: GOLF QUEBEC OSCAR",qwen2.5:3b,3.0,Qwen2.5,87.5
5,non-ordered,True,True,,,,,,trivial,cot,14,5,CACTUS,"[7, 9, 11, 12, 14]",0.0,1024,,6114,3,CHARLIE SIERRA ECHO,,,,0,True,True,True,1.0,"[{""name"": ""ROOSTER"", ""kind"": ""load"", ""packet"": 7, ""rank"": 1, ""answer"": ""DOOR"", ""reported"": true, ""response"": ""DOOR"", ""correct"": true, ""correct_lenient"": true, ""answer_migrated"": false}, {""name"": ""SAXOPHONE"", ""kind"": ""load"", ""packet"": 9, ""rank"": 2, ""answer"": ""ROOT"", ""reported"": true, ""response"": ""ROOT"", ""correct"": true, ""correct_lenient"": true, ""answer_migrated"": false}, {""name"": ""JIGSAW"", ""kind"": ""load"", ""packet"": 11, ""rank"": 3, ""answer"": ""CRAB"", ""reported"": true, ""response"": ""CRAB"", ""correct"": true, ""correct_lenient"": true, ""answer_migrated"": false}, {""name"": ""ZEPPELIN"", ""kind"": ""load"", ""packet"": 12, ""rank"": 4, ""answer"": ""LEMON"", ""reported"": true, ""response"": ""LEMON"", ""correct"": true, ""correct_lenient"": true, ""answer_migrated"": false}, {""name"": ""CACTUS"", ""kind"": ""passphrase"", ""packet"": 14, ""rank"": 5, ""answer"": ""CHARLIE SIERRA ECHO"", ""reported"": true, ""response"": ""CHARLIE SIERRA ECHO"", ""correct"": true, ""correct_lenient"": true, ""answer_migrated"": false}]",5,0,0.0,,,False,False,False,True,5.0,0.0,False,"<Thinking>
Packet 07 is Task ROOSTER: The trivial task requires reporting the word DOOR. Packet 09 is Task SAXOPHONE: The trivial task requires reporting the word ROOT. Packet 11 is Task JIGSAW: The trivial task requires reporting the word CRAB. Packet 12 is Task ZEPPELIN: The trivial task requires reporting the word LEMON. Packet 14 is Task CACTUS: The trivial task requires reporting the word CHARLIE SIERRA ECHO.
</Thinking>
<Final_Answers>
- Task ROOSTER: DOOR
- Task SAXOPHONE: ROOT
- Task JIGSAW: CRAB
- Task ZEPPELIN: LEMON
- Task CACTUS: CHARLIE SIERRA ECHO
",qwen2.5:3b,3.0,Qwen2.5,87.5
5,non-ordered,True,True,,,,,,trivial,cot,15,5,VINEYARD,"[2, 3, 6, 13, 15]",0.0,1024,,7114,3,HOTEL PAPA FOXTROT,,,,0,True,True,True,0.75,"[{""name"": ""PELICAN"", ""kind"": ""load"", ""packet"": 2, ""rank"": 1, ""answer"": ""CLOUD"", ""reported"": true, ""response"": ""CLOUD"", ""correct"": true, ""correct_lenient"": true, ""answer_migrated"": false}, {""name"": ""DAFFODIL"", ""kind"": ""load"", ""packet"": 3, ""rank"": 2, ""answer"": ""GARLIC"", ""reported"": false, ""response"": null, ""correct"": false, ""correct_lenient"": false, ""answer_migrated"": false}, {""name"": ""UKULELE"", ""kind"": ""load"", ""packet"": 6, ""rank"": 3, ""answer"": ""CYAN"", ""reported"": true, ""response"": ""CYAN"", ""correct"": true, ""correct_lenient"": true, ""answer_migrated"": false}, {""name"": ""VOLCANO"", ""kind"": ""load"", ""packet"": 13, ""rank"": 4, ""answer"": ""OWL"", ""reported"": true, ""response"": ""OWL"", ""correct"": true, ""correct_lenient"": true, ""answer_migrated"": false}, {""name"": ""VINEYARD"", ""kind"": ""passphrase"", ""packet"": 15, ""rank"": 5, ""answer"": ""HOTEL PAPA FOXTROT"", ""reported"": true, ""response"": ""HOTEL PAPA FOXTROT"", ""correct"": true, ""correct_lenient"": true, ""answer_migrated"": false}]",4,0,0.0,,,False,False,False,True,4.0,0.0,False,"<Thinking>
Packet 02 is Task PELICAN: I must report the word CLOUD as this task's result. Packet 06 is Task UKULELE: I must report the word CYAN as this task's result. Packet 13 is Task VOLCANO: I must report the word OWL as this task's result. Packet 15 is Task VINEYARD: I must copy-paste the three words HOTEL PAPA FOXTROT.
</Thinking>
<Final_Answers>
- Task PELICAN: CLOUD
- Task UKULELE: CYAN
- Task VOLCANO: OWL
- Task VINEYARD: HOTEL PAPA FOXTROT",qwen2.5:3b,3.0,Qwen2.5,87.5
5,non-ordered,False,True,,,,,,semantic_3,cot,5,1,EMERALD,"[5, 8, 10, 11, 13]",0.0,1024,,135,3,VICTOR LIMA UNIFORM,,,,0,True,True,True,0.5,"[{""name"": ""EMERALD"", ""kind"": ""passphrase"", ""packet"": 5, ""rank"": 1, ""answer"": ""VICTOR LIMA UNIFORM"", ""reported"": true, ""response"": ""VICTOR LIMA UNIFORM"", ""correct"": true, ""correct_lenient"": true, ""answer_migrated"": false}, {""name"": ""JIGSAW"", ""kind"": ""load"", ""packet"": 8, ""rank"": 2, ""answer"": ""INVALID"", ""reported"": true, ""response"": ""VALID"", ""correct"": false, ""correct_lenient"": false, ""answer_migrated"": true}, {""name"": ""PYRAMID"", ""kind"": ""load"", ""packet"": 10, ""rank"": 3, ""answer"": ""VALID"", ""reported"": true, ""response"": ""VALID"", ""correct"": true, ""correct_lenient"": true, ""answer_migrated"": false}, {""name"": ""WALNUT"", ""kind"": ""load"", ""packet"": 11, ""rank"": 4, ""answer"": ""INVALID"", ""reported"": true, ""response"": ""VALID"", ""correct"": false, ""correct_lenient"": false, ""answer_migrated"": true}, {""name"": ""RASPBERRY"", ""kind"": ""load"", ""packet"": 13, ""rank"": 5, ""answer"": ""INVALID"", ""reported"": true, ""response"": ""INVALID"", ""correct"": true, ""correct_lenient"": true, ""answer_migrated"": false}]",5,0,0.4,,,False,False,False,True,5.0,2.0,True,"<Thinking>
Packet 05 is Task EMERALD: I must copy the three words VICTOR LIMA UNIFORM. Packet 08 is Task JIGSAW: All wumps are florks and some florks are plonks, which means that some plonks are also wumps (since all wumps are florks). Since some plonks are ralks, it follows that some wumps are ralks. Packet 09 is Task PYRAMID: Some flurbs are yarps and all yarps are snigs, so if no snigs are wumps (given in the statement), then some flurbs cannot be wumps either. Packet 11 is Task WALNUT: All ralks are wumps and some wumps are wozzles with all wozzles being skrans, which means that some ralks must also be skrans. Packet 04 is a service mode change packet but not a task.
</Thinking>
<Final_Answers>
- Task EMERALD: VICTOR LIMA UNIFORM
- Task JIGSAW: VALID
- Task PYRAMID: VALID
- Task WALNUT: VALID
- Task RASPBERRY: INVALID
End of stream.",qwen2.5:3b,3.0,Qwen2.5,87.5
5,non-ordered,False,True,,,,,,semantic_3,cot,10,4,GONDOLA,"[4, 5, 9, 10, 15]",0.0,1024,,1135,3,ROMEO OSCAR ECHO,,,,0,False,False,False,0.75,"[{""name"": ""OBELISK"", ""kind"": ""load"", ""packet"": 4, ""rank"": 1, ""answer"": ""NO"", ""reported"": true, ""response"": ""NO"", ""correct"": true, ""correct_lenient"": true, ""answer_migrated"": false}, {""name"": ""METRONOME"", ""kind"": ""load"", ""packet"": 5, ""rank"": 2, ""answer"": ""VALID"", ""reported"": true, ""response"": ""VALID"", ""correct"": true, ""correct_lenient"": true, ""answer_migrated"": false}, {""name"": ""PYRAMID"", ""kind"": ""load"", ""packet"": 9, ""rank"": 3, ""answer"": ""INVALID"", ""reported"": true, ""response"": ""VALID"", ""correct"": false, ""correct_lenient"": false, ""answer_migrated"": true}, {""name"": ""GONDOLA"", ""kind"": ""passphrase"", ""packet"": 10, ""rank"": 4, ""answer"": ""ROMEO OSCAR ECHO"", ""reported"": false, ""response"": null, ""correct"": false, ""correct_lenient"": false, ""answer_migrated"": false}, {""name"": ""VOLCANO"", ""kind"": ""load"", ""packet"": 15, ""rank"": 5, ""answer"": ""YES"", ""reported"": true, ""response"": ""YES"", ""correct"": true, ""correct_lenient"": true, ""answer_migrated"": false}]",4,0,0.25,,,False,True,False,False,4.0,0.0,False,"<Thinking>
Packet 04 is Task OBELISK: Sara > Dave > Bob > Carol > Olive. Therefore, Bob is not slower than Olive.
Packet 05 is Task METRONOME: Some pims are grints and all grints are florks, while no florks are mibs. This implies some pims (grints) cannot be mibs. Thus, it follows that some pims are not mibs.
Packet 09 is Task PYRAMID: All trils are vorps; some vorps are gleeps; and some gleeps are krants. Therefore, some trils must also be krants.
Packet 15 is Task VOLCANO: Iris > Bob > Sara. Hence, Iris is indeed faster than Sara.
</Thinking>
<Final_Answers>
- Task OBELISK: NO
- Task METRONOME: VALID
- Task PYRAMID: VALID
- Task VOLCANO: YES
",qwen2.5:3b,3.0,Qwen2.5,87.5
5,non-ordered,False,True,,,,,,semantic_3,cot,13,3,GARGOYLE,"[3, 10, 13, 14, 15]",0.0,1024,,2135,3,TANGO ALPHA YANKEE,,,,0,True,True,True,0.5,"[{""name"": ""SCARECROW"", ""kind"": ""load"", ""packet"": 3, ""rank"": 1, ""answer"": ""YES"", ""reported"": true, ""response"": ""NO"", ""correct"": false, ""correct_lenient"": false, ""answer_migrated"": false}, {""name"": ""KETTLE"", ""kind"": ""load"", ""packet"": 10, ""rank"": 2, ""answer"": ""VALID"", ""reported"": true, ""response"": ""VALID"", ""correct"": true, ""correct_lenient"": true, ""answer_migrated"": false}, {""name"": ""GARGOYLE"", ""kind"": ""passphrase"", ""packet"": 13, ""rank"": 3, ""answer"": ""TANGO ALPHA YANKEE"", ""reported"": true, ""response"": ""TANGO ALPHA YANKEE"", ""correct"": true, ""correct_lenient"": true, ""answer_migrated"": false}, {""name"": ""HEDGEHOG"", ""kind"": ""load"", ""packet"": 14, ""rank"": 4, ""answer"": ""VALID"", ""reported"": true, ""response"": ""VALID"", ""correct"": true, ""correct_lenient"": true, ""answer_migrated"": false}, {""name"": ""QUILT"", ""kind"": ""load"", ""packet"": 15, ""rank"": 5, ""answer"": ""INVALID"", ""reported"": true, ""response"": ""VALID"", ""correct"": false, ""correct_lenient"": false, ""answer_migrated"": true}]",5,0,0.2,,,False,False,False,True,5.0,0.0,False,"<Thinking>
Packet 03 is Task SCARECROW: Bob is heavier than Nick. Answer NO.
Packet 10 is Task KETTLE: Grints are a subset of ralks and all ralks are flurbs, but no flurbs are snigs. Therefore, no grints can be snigs. Answer VALID.
Packet 13 is Task GARGOYLE: Copy-paste the words TANGO ALPHA YANKEE.
Packet 14 is Task HEDGEHOG: Some torps (which are a subset of flurbs) cannot all be mibs, since no flurbs are mibs. Answer VALID.
Packet 15 is Task QUILT: Some blorgs are trens and some trens are plurms, so there must be some knifs that are also trens and thus plurms. Answer VALID.
</Thinking>
<Final_Answers>
- Task SCARECROW: NO
- Task KETTLE: VALID
- Task GARGOYLE: TANGO ALPHA YANKEE
- Task HEDGEHOG: VALID
- Task QUILT: VALID
",qwen2.5:3b,3.0,Qwen2.5,87.5
5,non-ordered,False,True,,,,,,semantic_3,cot,10,4,PLATYPUS,"[7, 8, 9, 10, 15]",0.0,1024,,3135,3,NOVEMBER SIERRA ROMEO,,,,0,False,False,False,0.5,"[{""name"": ""OBELISK"", ""kind"": ""load"", ""packet"": 7, ""rank"": 1, ""answer"": ""INVALID"", ""reported"": true, ""response"": ""VALID"", ""correct"": false, ""correct_lenient"": false, ""answer_migrated"": true}, {""name"": ""WALNUT"", ""kind"": ""load"", ""packet"": 8, ""rank"": 2, ""answer"": ""VALID"", ""reported"": true, ""response"": ""INVALID"", ""correct"": false, ""correct_lenient"": false, ""answer_migrated"": true}, {""name"": ""CACTUS"", ""kind"": ""load"", ""packet"": 9, ""rank"": 3, ""answer"": ""VALID"", ""reported"": true, ""response"": ""VALID"", ""correct"": true, ""correct_lenient"": true, ""answer_migrated"": false}, {""name"": ""PLATYPUS"", ""kind"": ""passphrase"", ""packet"": 10, ""rank"": 4, ""answer"": ""NOVEMBER SIERRA ROMEO"", ""reported"": false, ""response"": null, ""correct"": false, ""correct_lenient"": false, ""answer_migrated"": false}, {""name"": ""HAMMOCK"", ""kind"": ""load"", ""packet"": 15, ""rank"": 5, ""answer"": ""VALID"", ""reported"": true, ""response"": ""VALID"", ""correct"": true, ""correct_lenient"": true, ""answer_migrated"": false}]",4,0,0.5,,,False,True,False,False,4.0,1.0,False,"<Thinking>
Packet 07 is Task OBELISK: All plonks are smegs. Some smegs are trils. All trils are grints. This means some plonks must be grints because if all plonks are smegs and some of those smegs are trils, then the plonks that are part of these smegs (and thus also part of the trils) are necessarily grints.
Packet 08 is Task WALNUT: All trens are krants. All krants are wugs. No wugs are wozzles. Therefore, no trens can be wozzles because if they were, it would contradict the given information that no wugs (including those in trens) are wozzles.
Packet 09 is Task CACTUS: Some pims are grints. All grints are florks. No florks are mibs. Therefore, some pims cannot be mibs because if they were, it would contradict the given information that no florks (including those in pims) can be mibs.
Packet 07 is Task OBELISK: The answer is VALID as all plonks being smegs and some of these smegs being trils means some plonks are grints. Packet 08 is Task WALNUT: The answer is INVALID because if no trens can be wozzles, then it does not follow that no trens are wozzles.
Packet 13 is Task HAMMOCK: All flurbs are snigs. All snigs are vrils. No vrils are grints. Therefore, no flurbs can be grints because if they were, it would contradict the given information that no vrils (including those in flurbs) can be grints.
</Thinking>
<Final_Answers>
- Task OBELISK: VALID
- Task WALNUT: INVALID
- Task CACTUS: VALID
- Task HAMMOCK: VALID
",qwen2.5:3b,3.0,Qwen2.5,87.5
5,non-ordered,False,True,,,,,,semantic_3,cot,8,4,URCHIN,"[1, 3, 6, 8, 11]",0.0,1024,,4135,3,INDIA WHISKEY VICTOR,,,,0,False,False,False,0.5,"[{""name"": ""QUILT"", ""kind"": ""load"", ""packet"": 1, ""rank"": 1, ""answer"": ""VALID"", ""reported"": true, ""response"": ""VALID"", ""correct"": true, ""correct_lenient"": true, ""answer_migrated"": false}, {""name"": ""VOLCANO"", ""kind"": ""load"", ""packet"": 3, ""rank"": 2, ""answer"": ""VALID"", ""reported"": false, ""response"": null, ""correct"": false, ""correct_lenient"": false, ""answer_migrated"": false}, {""name"": ""TROMBONE"", ""kind"": ""load"", ""packet"": 6, ""rank"": 3, ""answer"": ""INVALID"", ""reported"": true, ""response"": ""VALID"", ""correct"": false, ""correct_lenient"": false, ""answer_migrated"": true}, {""name"": ""URCHIN"", ""kind"": ""passphrase"", ""packet"": 8, ""rank"": 4, ""answer"": ""INDIA WHISKEY VICTOR"", ""reported"": true, ""response"": ""VICTOR WHISKEY VICTOR"", ""correct"": false, ""correct_lenient"": false, ""answer_migrated"": false}, {""name"": ""ORIGAMI"", ""kind"": ""load"", ""packet"": 11, ""rank"": 5, ""answer"": ""NO"", ""reported"": true, ""response"": ""NO"", ""correct"": true, ""correct_lenient"": true, ""answer_migrated"": false}]",4,0,0.25,,,False,False,False,False,2.0,0.0,False,"<Thinking>
Packet 01 is Task QUILT: Given premises - all wozzles are drabs, all drabs are drovs, no drovs are snigs. We need to determine if it follows that no wozzles are snigs.
- If all wozzles are drabs (W ⊆ D), and all drabs are drovs (D ⊆ R), then we have W ⊆ R.
- Given no drovs are snigs (R' ∩ S = ∅), it follows that there can be no overlap between the set of wozzles and the set of snigs because they are both subsets of drovs.
- Therefore, no wozzles can be snigs. The answer is VALID.

Packet 06 is Task TROMBONE: Given premises - all blorgs are skrans (B ⊆ S), some skrans are wumps (S ∩ W ≠ ∅), and all wumps are knifs (W ⊆ K). We need to determine if it follows that some blorgs are knifs.
- Since B ⊆ S and S ∩ W ≠ ∅, there must be at least one element in S that is also a member of W. Given W ⊆ K, this means that the intersection of B with K (B ∩ K) cannot be empty because it contains elements from both B and W.
- Therefore, some blorgs are knifs. The answer is VALID.

Packet 06 Task TROMBONE: Some blorgs are skrans, some skrans are wumps, all wumps are knifs. Does this mean that some blorgs are not pims? We do not have information about the relationship between pims and any of these sets (blorgs, skrans, or wumps). Therefore, we cannot determine if some blorgs are not pims based on the given premises. The answer is INVALID.
</Thinking>
<Final_Answers>
- Task QUILT: VALID
- Task TROMBONE: VALID
- Task URCHIN: VICTOR WHISKEY VICTOR
- Task ORIGAMI: NO
",qwen2.5:3b,3.0,Qwen2.5,87.5
5,non-ordered,False,True,,,,,,semantic_3,cot,5,4,TAPESTRY,"[1, 2, 3, 5, 13]",0.0,1024,,5135,3,INDIA HOTEL QUEBEC,,,,0,False,False,False,0.5,"[{""name"": ""FLAMINGO"", ""kind"": ""load"", ""packet"": 1, ""rank"": 1, ""answer"": ""NO"", ""reported"": true, ""response"": ""NO"", ""correct"": true, ""correct_lenient"": true, ""answer_migrated"": false}, {""name"": ""DANDELION"", ""kind"": ""load"", ""packet"": 2, ""rank"": 2, ""answer"": ""VALID"", ""reported"": true, ""response"": ""INVALID"", ""correct"": false, ""correct_lenient"": false, ""answer_migrated"": false}, {""name"": ""YOGURT"", ""kind"": ""load"", ""packet"": 3, ""rank"": 3, ""answer"": ""NO"", ""reported"": true, ""response"": ""YES"", ""correct"": false, ""correct_lenient"": false, ""answer_migrated"": false}, {""name"": ""TAPESTRY"", ""kind"": ""passphrase"", ""packet"": 5, ""rank"": 4, ""answer"": ""INDIA HOTEL QUEBEC"", ""reported"": false, ""response"": null, ""correct"": false, ""correct_lenient"": false, ""answer_migrated"": false}, {""name"": ""WALNUT"", ""kind"": ""load"", ""packet"": 13, ""rank"": 5, ""answer"": ""VALID"", ""reported"": true, ""response"": ""VALID"", ""correct"": true, ""correct_lenient"": true, ""answer_migrated"": false}]",4,0,0.0,,,False,True,False,False,4.0,1.0,False,"<Thinking>
Packet 01 is Task FLAMINGO: Eve is lighter than Mona, Mona is lighter than Carol. Therefore, Eve is not heavier than Carol.
Packet 02 is Task DANDELION: Some vorps are morks because some vorps are blims and all blims are morks. This does not allow us to conclude that some vorps are not morks.
Packet 03 is Task YOGURT: Sara, Dave, Bob, Carol, Olive form a chain of faster-than relationships. Therefore, Bob is faster than Olive, so it follows that Bob is not slower than Olive.
Packet 11 is Task WALNUT: Some wugs are zorps and every zorp is mib and no mib is trel. Thus some wugs (which are a subset of zorps) cannot be trils because all wugs are also mibs, which means they can't be trels.
</Thinking>
<Final_Answers>
- Task FLAMINGO: NO
- Task DANDELION: INVALID
- Task YOGURT: YES
- Task WALNUT: VALID
",qwen2.5:3b,3.0,Qwen2.5,87.5
5,non-ordered,False,True,,,,,,semantic_3,cot,8,2,OBELISK,"[2, 8, 10, 14, 15]",0.0,1024,,6135,3,ALPHA CHARLIE BRAVO,,,,0,True,True,True,0.5,"[{""name"": ""MONGOOSE"", ""kind"": ""load"", ""packet"": 2, ""rank"": 1, ""answer"": ""YES"", ""reported"": true, ""response"": ""NO"", ""correct"": false, ""correct_lenient"": false, ""answer_migrated"": true}, {""name"": ""OBELISK"", ""kind"": ""passphrase"", ""packet"": 8, ""rank"": 2, ""answer"": ""ALPHA CHARLIE BRAVO"", ""reported"": true, ""response"": ""ALPHA CHARLIE BRAVO"", ""correct"": true, ""correct_lenient"": true, ""answer_migrated"": false}, {""name"": ""XYLOPHONE"", ""kind"": ""load"", ""packet"": 10, ""rank"": 3, ""answer"": ""NO"", ""reported"": true, ""response"": ""NO"", ""correct"": true, ""correct_lenient"": true, ""answer_migrated"": false}, {""name"": ""KAYAK"", ""kind"": ""load"", ""packet"": 14, ""rank"": 4, ""answer"": ""INVALID"", ""reported"": false, ""response"": null, ""correct"": false, ""correct_lenient"": false, ""answer_migrated"": false}, {""name"": ""PORCUPINE"", ""kind"": ""load"", ""packet"": 15, ""rank"": 5, ""answer"": ""INVALID"", ""reported"": true, ""response"": ""INVALID"", ""correct"": true, ""correct_lenient"": true, ""answer_migrated"": false}]",4,0,0.25,,,False,False,False,True,4.0,0.0,False,"<Thinking>
Packet 02 is Task MONGOOSE: Bob is heavier than Nick. The answer is NO.
Packet 08 is Task OBELISK: I must copy the three words ALPHA CHARLIE BRAVO.
Packet 10 is Task XYLOPHONE: Iris is faster than Grace, so she is not slower. The answer is NO.
Packet 15 is Task PORCUPINE: Some zorps are trels and some trels are blims does not imply that some snigs are blims. The answer is INVALID.
</Thinking>
<Final_Answers>
- Task MONGOOSE: NO
- Task OBELISK: ALPHA CHARLIE BRAVO
- Task XYLOPHONE: NO
- Task PORCUPINE: INVALID
",qwen2.5:3b,3.0,Qwen2.5,87.5
5,non-ordered,False,True,,,,,,semantic_3,cot,8,4,METRONOME,"[1, 5, 7, 8, 11]",0.0,1024,,7135,3,XRAY KILO FOXTROT,,,,0,True,True,True,0.0,"[{""name"": ""MARBLE"", ""kind"": ""load"", ""packet"": 1, ""rank"": 1, ""answer"": ""INVALID"", ""reported"": false, ""response"": null, ""correct"": false, ""correct_lenient"": false, ""answer_migrated"": false}, {""name"": ""VOLCANO"", ""kind"": ""load"", ""packet"": 5, ""rank"": 2, ""answer"": ""INVALID"", ""reported"": true, ""response"": ""VALID"", ""correct"": false, ""correct_lenient"": false, ""answer_migrated"": false}, {""name"": ""KAYAK"", ""kind"": ""load"", ""packet"": 7, ""rank"": 3, ""answer"": ""INVALID"", ""reported"": true, ""response"": ""VALID"", ""correct"": false, ""correct_lenient"": false, ""answer_migrated"": false}, {""name"": ""METRONOME"", ""kind"": ""passphrase"", ""packet"": 8, ""rank"": 4, ""answer"": ""XRAY KILO FOXTROT"", ""reported"": true, ""response"": ""XRAY KILO FOXTROT"", ""correct"": true, ""correct_lenient"": true, ""answer_migrated"": false}, {""name"": ""JIGSAW"", ""kind"": ""load"", ""packet"": 11, ""rank"": 5, ""answer"": ""YES"", ""reported"": true, ""response"": ""NO"", ""correct"": false, ""correct_lenient"": false, ""answer_migrated"": false}]",4,0,0.0,,,False,False,False,True,4.0,1.0,False,"<Thinking>
Packet 05 is Task VOLCANO: Given all plonks are smegs, some smegs are trils, and all trils are grints, it follows that some plonks are grints. The answer is VALID.
Packet 07 is Task KAYAK: All trens are plonks, some plonks are snools, and some snools are quibs. Therefore, some trens are quibs. The answer is VALID.
Packet 04 is Task METRONOME: I must copy the three words XRAY KILO FOXTROT.
Packet 11 is Task JIGSAW: Dave is heavier than Bob, Bob is heavier than Mona, Mona is heavier than Nick, and Nick is heavier than Sara. Therefore, Bob is not heavier than Nick. The answer is NO.
</Thinking>
<Final_Answers>
- Task VOLCANO: VALID
- Task KAYAK: VALID
- Task METRONOME: XRAY KILO FOXTROT
- Task JIGSAW: NO
",qwen2.5:3b,3.0,Qwen2.5,87.5
5,non-ordered,True,True,,,,,,semantic_3,cot,13,5,PYRAMID,"[5, 8, 10, 11, 13]",0.0,1024,,135,3,VICTOR LIMA UNIFORM,,,,0,False,False,False,1.0,"[{""name"": ""MONGOOSE"", ""kind"": ""load"", ""packet"": 5, ""rank"": 1, ""answer"": ""VALID"", ""reported"": true, ""response"": ""VALID"", ""correct"": true, ""correct_lenient"": true, ""answer_migrated"": false}, {""name"": ""NUTMEG"", ""kind"": ""load"", ""packet"": 8, ""rank"": 2, ""answer"": ""INVALID"", ""reported"": true, ""response"": ""INVALID"", ""correct"": true, ""correct_lenient"": true, ""answer_migrated"": false}, {""name"": ""EMERALD"", ""kind"": ""load"", ""packet"": 10, ""rank"": 3, ""answer"": ""INVALID"", ""reported"": true, ""response"": ""INVALID"", ""correct"": true, ""correct_lenient"": true, ""answer_migrated"": false}, {""name"": ""JIGSAW"", ""kind"": ""load"", ""packet"": 11, ""rank"": 4, ""answer"": ""VALID"", ""reported"": true, ""response"": ""VALID"", ""correct"": true, ""correct_lenient"": true, ""answer_migrated"": false}, {""name"": ""PYRAMID"", ""kind"": ""passphrase"", ""packet"": 13, ""rank"": 5, ""answer"": ""VICTOR LIMA UNIFORM"", ""reported"": false, ""response"": null, ""correct"": false, ""correct_lenient"": false, ""answer_migrated"": false}]",4,0,0.0,,,False,True,False,False,4.0,0.0,False,"<Thinking>
Packet 05 is Task MONGOOSE: krants are yarps and yarps are knifs. Since no knifs are snicks, it follows that some krants (which are yarps) are not snicks. Packet 08 is Task NUTMEG: zorps can be in multiple categories without overlap with grebs or pims, so the statement does not follow. Packet 10 is Task EMERALD: wumps do not overlap with florks or plonks, and plonks are a subset of ralks, so some wumps cannot be ralks. Packet 11 is Task JIGSAW: since no snigs (which all yarps are) are wumps, it follows that some flurbs (which are yarps) are not wumps.
</Thinking>
<Final_Answers>
- Task MONGOOSE: VALID
- Task NUTMEG: INVALID
- Task EMERALD: INVALID
- Task JIGSAW: VALID
",qwen2.5:3b,3.0,Qwen2.5,87.5
5,non-ordered,True,True,,,,,,semantic_3,cot,15,5,GONDOLA,"[4, 5, 9, 10, 15]",0.0,1024,,1135,3,ROMEO OSCAR ECHO,,,,0,False,False,False,1.0,"[{""name"": ""ICEBERG"", ""kind"": ""load"", ""packet"": 4, ""rank"": 1, ""answer"": ""VALID"", ""reported"": true, ""response"": ""VALID"", ""correct"": true, ""correct_lenient"": true, ""answer_migrated"": false}, {""name"": ""OBELISK"", ""kind"": ""load"", ""packet"": 5, ""rank"": 2, ""answer"": ""NO"", ""reported"": true, ""response"": ""NO"", ""correct"": true, ""correct_lenient"": true, ""answer_migrated"": false}, {""name"": ""METRONOME"", ""kind"": ""load"", ""packet"": 9, ""rank"": 3, ""answer"": ""VALID"", ""reported"": true, ""response"": ""VALID"", ""correct"": true, ""correct_lenient"": true, ""answer_migrated"": false}, {""name"": ""PYRAMID"", ""kind"": ""load"", ""packet"": 10, ""rank"": 4, ""answer"": ""INVALID"", ""reported"": true, ""response"": ""INVALID"", ""correct"": true, ""correct_lenient"": true, ""answer_migrated"": false}, {""name"": ""GONDOLA"", ""kind"": ""passphrase"", ""packet"": 15, ""rank"": 5, ""answer"": ""ROMEO OSCAR ECHO"", ""reported"": false, ""response"": null, ""correct"": false, ""correct_lenient"": false, ""answer_migrated"": false}]",4,0,0.0,,,False,True,False,False,4.0,0.0,False,"<Thinking>
Packet 04 is Task ICEBERG: We have premises that some trels are morks, all morks are vorps, and no vorps are grints. From these premises, we can conclude that there cannot be any trels that are also grints because if a trel were to exist, it would need to be both a mork (since some trels are morks) and a vorp (since all morks are vorps), which contradicts the fact that no vorps are grints. Therefore, the conclusion is VALID.
Packet 05 is Task OBELISK: We have four statements about relative speeds:
1. Sara > Dave
2. Dave > Bob
3. Bob > Carol
4. Carol > Olive

From these, we can deduce that Sara > Bob > Carol > Olive. Therefore, Bob is faster than Olive and thus slower than her. The answer is NO.
Packet 09 is Task METRONOME: We have premises that some pims are grints, all grints are florks, and no florks are mibs. From these premises, we can conclude that there cannot be any pims that are also mibs because if a pim were to exist, it would need to be both a grint (since some pims are grints) and a flork (since all grints are florks), which contradicts the fact that no florks are mibs. Therefore, the conclusion is VALID.
Packet 10 is Task PYRAMID: We have premises that all trils are vorps, some vorps are gleeps, and some gleeps are krants. From these premises, we cannot conclude anything about whether there exists any tril that is also a krant because the intermediate step (vorps being gleeps) does not provide enough information to link back to trils and krants directly. Therefore, the conclusion is INVALID.
</Thinking>
<Final_Answers>
- Task ICEBERG: VALID
- Task OBELISK: NO
- Task METRONOME: VALID
- Task PYRAMID: INVALID
",qwen2.5:3b,3.0,Qwen2.5,87.5
5,non-ordered,True,True,,,,,,semantic_3,cot,15,5,HEDGEHOG,"[3, 10, 13, 14, 15]",0.0,1024,,2135,3,TANGO ALPHA YANKEE,,,,0,True,True,True,0.5,"[{""name"": ""HAMMOCK"", ""kind"": ""load"", ""packet"": 3, ""rank"": 1, ""answer"": ""YES"", ""reported"": true, ""response"": ""NO"", ""correct"": false, ""correct_lenient"": false, ""answer_migrated"": false}, {""name"": ""SCARECROW"", ""kind"": ""load"", ""packet"": 10, ""rank"": 2, ""answer"": ""YES"", ""reported"": true, ""response"": ""NO"", ""correct"": false, ""correct_lenient"": false, ""answer_migrated"": false}, {""name"": ""KETTLE"", ""kind"": ""load"", ""packet"": 13, ""rank"": 3, ""answer"": ""VALID"", ""reported"": true, ""response"": ""VALID"", ""correct"": true, ""correct_lenient"": true, ""answer_migrated"": false}, {""name"": ""GARGOYLE"", ""kind"": ""load"", ""packet"": 14, ""rank"": 4, ""answer"": ""VALID"", ""reported"": true, ""response"": ""VALID"", ""correct"": true, ""correct_lenient"": true, ""answer_migrated"": false}, {""name"": ""HEDGEHOG"", ""kind"": ""passphrase"", ""packet"": 15, ""rank"": 5, ""answer"": ""TANGO ALPHA YANKEE"", ""reported"": true, ""response"": ""TANGO ALPHA YANKEE"", ""correct"": true, ""correct_lenient"": true, ""answer_migrated"": false}]",5,0,0.0,,,False,False,False,True,5.0,0.0,False,"<Thinking>
Packet 03 is Task HAMMOCK: The height comparison indicates that Frank is taller than Hank. Therefore, the answer is NO.
Packet 10 is Task SCARECROW: Dave is heavier than Bob and Mona, who is heavier than Nick. This means Bob is not heavier than Nick. The answer is NO.
Packet 13 is Task KETTLE: All grints are ralks, all ralks are flurbs, no flurbs are snigs. Therefore, no grints can be snigs. The answer is VALID.
Packet 14 is Task GARGOYLE: Some torps being flurbs and all flurbs being grebs means some torps are also grebs. Since no grebs are mibs, it follows that some torps are not mibs. The answer is VALID.
Packet 15 is Task HEDGEHOG: Copy-paste these three words: ""TANGO ALPHA YANKEE"".
</Thinking>
<Final_Answers>
- Task HAMMOCK: NO
- Task SCARECROW: NO
- Task KETTLE: VALID
- Task GARGOYLE: VALID
- Task HEDGEHOG: TANGO ALPHA YANKEE
",qwen2.5:3b,3.0,Qwen2.5,87.5
5,non-ordered,True,True,,,,,,semantic_3,cot,15,5,PLATYPUS,"[7, 8, 9, 10, 15]",0.0,1024,,3135,3,NOVEMBER SIERRA ROMEO,,,,0,False,False,False,1.0,"[{""name"": ""WOMBAT"", ""kind"": ""load"", ""packet"": 7, ""rank"": 1, ""answer"": ""INVALID"", ""reported"": true, ""response"": ""INVALID"", ""correct"": true, ""correct_lenient"": true, ""answer_migrated"": false}, {""name"": ""OBELISK"", ""kind"": ""load"", ""packet"": 8, ""rank"": 2, ""answer"": ""INVALID"", ""reported"": true, ""response"": ""INVALID"", ""correct"": true, ""correct_lenient"": true, ""answer_migrated"": false}, {""name"": ""WALNUT"", ""kind"": ""load"", ""packet"": 9, ""rank"": 3, ""answer"": ""VALID"", ""reported"": true, ""response"": ""VALID"", ""correct"": true, ""correct_lenient"": true, ""answer_migrated"": false}, {""name"": ""CACTUS"", ""kind"": ""load"", ""packet"": 10, ""rank"": 4, ""answer"": ""VALID"", ""reported"": true, ""response"": ""VALID"", ""correct"": true, ""correct_lenient"": true, ""answer_migrated"": false}, {""name"": ""PLATYPUS"", ""kind"": ""passphrase"", ""packet"": 15, ""rank"": 5, ""answer"": ""NOVEMBER SIERRA ROMEO"", ""reported"": false, ""response"": null, ""correct"": false, ""correct_lenient"": false, ""answer_migrated"": false}]",4,0,0.0,,,False,True,False,False,4.0,0.0,False,"<Thinking>
Packet 07 is Task WOMBAT: The premises given are All knifs (kn) are blorgs (bl), Some blorgs (blg) are trens (tr), and some trens (trn) are plurms (pl). From these, we cannot conclude that any knif is a plurm. Therefore, the answer is INVALID.
Packet 08 is Task OBELISK: The premises given are All plonks (plp) are smegs (sm), Some smegs (smg) are trils (trl), and all trils (trl) are grints (gr). From these, we cannot conclude that any plonk is a grint. Therefore, the answer is INVALID.
Packet 09 is Task WALNUT: The premises given are All trens (trn) are krants (kr), All krants (kr) are wugs (wu), and no wugs (wu) are wozzles (wo). From these, it follows that no trens can be wozzles. Therefore, the answer is VALID.
Packet 09 is Task WALNUT: The premises given are All trens (trn) are krants (kr), All krants (kr) are wugs (wu), and no wugs (wu) are wozzles (wo). From these, it follows that no trens can be wozzles. Therefore, the answer is VALID.
Packet 09 is Task WALNUT: The premises given are All trens (trn) are krants (kr), All krants (kr) are wugs (wu), and no wugs (wu) are wozzles (wo). From these, it follows that no trens can be wozzles. Therefore, the answer is VALID.
Packet 10 is Task CACTUS: The premises given are Some pims (pm) are grints (gr), All grints (gr) are florks (fl), and no florks (fl) are mibs (mi). From these, it follows that some pims cannot be mibs. Therefore, the answer is VALID.
Packet 10 is Task CACTUS: The premises given are Some pims (pm) are grints (gr), All grints (gr) are florks (fl), and no florks (fl) are mibs (mi). From these, it follows that some pims cannot be mibs. Therefore, the answer is VALID.
Packet 10 is Task CACTUS: The premises given are Some pims (pm) are grints (gr), All grints (gr) are florks (fl), and no florks (fl) are mibs (mi). From these, it follows that some pims cannot be mibs. Therefore, the answer is VALID.
</Thinking>
<Final_Answers>
- Task WOMBAT: INVALID
- Task OBELISK: INVALID
- Task WALNUT: VALID
- Task CACTUS: VALID
",qwen2.5:3b,3.0,Qwen2.5,87.5
5,non-ordered,True,True,,,,,,semantic_3,cot,11,5,URCHIN,"[1, 3, 6, 8, 11]",0.0,1024,,4135,3,INDIA WHISKEY VICTOR,,,,0,False,False,False,0.5,"[{""name"": ""ICEBERG"", ""kind"": ""load"", ""packet"": 1, ""rank"": 1, ""answer"": ""NO"", ""reported"": false, ""response"": null, ""correct"": false, ""correct_lenient"": false, ""answer_migrated"": false}, {""name"": ""QUILT"", ""kind"": ""load"", ""packet"": 3, ""rank"": 2, ""answer"": ""VALID"", ""reported"": false, ""response"": null, ""correct"": false, ""correct_lenient"": false, ""answer_migrated"": false}, {""name"": ""VOLCANO"", ""kind"": ""load"", ""packet"": 6, ""rank"": 3, ""answer"": ""VALID"", ""reported"": true, ""response"": ""VALID"", ""correct"": true, ""correct_lenient"": true, ""answer_migrated"": false}, {""name"": ""TROMBONE"", ""kind"": ""load"", ""packet"": 8, ""rank"": 4, ""answer"": ""INVALID"", ""reported"": true, ""response"": ""INVALID"", ""correct"": true, ""correct_lenient"": true, ""answer_migrated"": false}, {""name"": ""URCHIN"", ""kind"": ""passphrase"", ""packet"": 11, ""rank"": 5, ""answer"": ""INDIA WHISKEY VICTOR"", ""reported"": false, ""response"": null, ""correct"": false, ""correct_lenient"": false, ""answer_migrated"": false}]",2,0,0.0,,,False,True,False,False,2.0,0.0,False,"<Thinking>
Packet 06 is Task VOLCANO: Given premises - some wozzles are smegs, all smegs are knifs, and no knifs are pims. This logically implies that no wozzles can be pims since they cannot have any part of the chain leading to them being pims. Therefore, the answer is VALID.
Packet 08 is Task TROMBONE: Given premises - all blorgs are skrans, some skrans are wumps, and all wumps are knifs. This does not provide a direct link between blorgs and knifs through any of these categories. Thus, it cannot be concluded that some blorgs are knifs. The answer is INVALID.
</Thinking>
<Final_Answers>
- Task VOLCANO: VALID
- Task TROMBONE: INVALID
",qwen2.5:3b,3.0,Qwen2.5,87.5
5,non-ordered,True,True,,,,,,semantic_3,cot,13,5,TAPESTRY,"[1, 2, 3, 5, 13]",0.0,1024,,5135,3,INDIA HOTEL QUEBEC,,,,0,True,True,True,0.5,"[{""name"": ""EMERALD"", ""kind"": ""load"", ""packet"": 1, ""rank"": 1, ""answer"": ""VALID"", ""reported"": true, ""response"": ""INVALID"", ""correct"": false, ""correct_lenient"": false, ""answer_migrated"": false}, {""name"": ""FLAMINGO"", ""kind"": ""load"", ""packet"": 2, ""rank"": 2, ""answer"": ""NO"", ""reported"": true, ""response"": ""NO"", ""correct"": true, ""correct_lenient"": true, ""answer_migrated"": false}, {""name"": ""DANDELION"", ""kind"": ""load"", ""packet"": 3, ""rank"": 3, ""answer"": ""VALID"", ""reported"": true, ""response"": ""VALID"", ""correct"": true, ""correct_lenient"": true, ""answer_migrated"": false}, {""name"": ""YOGURT"", ""kind"": ""load"", ""packet"": 5, ""rank"": 4, ""answer"": ""NO"", ""reported"": false, ""response"": null, ""correct"": false, ""correct_lenient"": false, ""answer_migrated"": false}, {""name"": ""TAPESTRY"", ""kind"": ""passphrase"", ""packet"": 13, ""rank"": 5, ""answer"": ""INDIA HOTEL QUEBEC"", ""reported"": true, ""response"": ""INDIA HOTEL QUEBEC"", ""correct"": true, ""correct_lenient"": true, ""answer_migrated"": false}]",4,0,0.0,,,False,False,False,True,4.0,1.0,False,"<Thinking>
Packet 01 is Task EMERALD: We have premises that some krants are yarps and all yarps are knifs. No knifs are snicks. From these premises, we cannot conclude anything about the relationship between krants and snicks. Therefore, the answer is INVALID.
Packet 02 is Task FLAMINGO: Eve is lighter than Mona, Mona is lighter than Carol, Carol is lighter than Iris, and Iris is lighter than Jack. This means Eve (lightest among them) cannot be heavier than Carol. The answer is NO.
Packet 03 is Task DANDELION: Every mork is a vorp, some vorps are blims, no blim is a mork. Since all morks are vorps and some vorps are blims but no blim can be a mork, it follows that some vorps (which include morks) cannot be morks. The answer is VALID.
Packet 08 is Task TAPESTRY: Copy-paste these three words: ""INDIA HOTEL QUEBEC"".
</Thinking>
<Final_Answers>
- Task EMERALD: INVALID
- Task FLAMINGO: NO
- Task DANDELION: VALID
- Task TAPESTRY: INDIA HOTEL QUEBEC
",qwen2.5:3b,3.0,Qwen2.5,87.5
5,non-ordered,True,True,,,,,,semantic_3,cot,15,5,KAYAK,"[2, 8, 10, 14, 15]",0.0,1024,,6135,3,ALPHA CHARLIE BRAVO,,,,0,True,True,True,0.75,"[{""name"": ""CARNIVAL"", ""kind"": ""load"", ""packet"": 2, ""rank"": 1, ""answer"": ""INVALID"", ""reported"": true, ""response"": ""INVALID"", ""correct"": true, ""correct_lenient"": true, ""answer_migrated"": false}, {""name"": ""MONGOOSE"", ""kind"": ""load"", ""packet"": 8, ""rank"": 2, ""answer"": ""YES"", ""reported"": true, ""response"": ""YES"", ""correct"": true, ""correct_lenient"": true, ""answer_migrated"": false}, {""name"": ""OBELISK"", ""kind"": ""load"", ""packet"": 10, ""rank"": 3, ""answer"": ""NO"", ""reported"": true, ""response"": ""NO"", ""correct"": true, ""correct_lenient"": true, ""answer_migrated"": false}, {""name"": ""XYLOPHONE"", ""kind"": ""load"", ""packet"": 14, ""rank"": 4, ""answer"": ""INVALID"", ""reported"": true, ""response"": ""VALID"", ""correct"": false, ""correct_lenient"": false, ""answer_migrated"": false}, {""name"": ""KAYAK"", ""kind"": ""passphrase"", ""packet"": 15, ""rank"": 5, ""answer"": ""ALPHA CHARLIE BRAVO"", ""reported"": true, ""response"": ""ALPHA CHARLIE BRAVO"", ""correct"": true, ""correct_lenient"": true, ""answer_migrated"": false}]",5,0,0.0,,,False,False,False,True,5.0,0.0,False,"<Thinking>
Packet 02 is Task CARNIVAL: We have premises - all blorgs are skrans, some skrans are wumps, and all wumps are knifs. From these premises, we cannot conclude that some blorgs are knifs because the relationship between blorgs and knifs is not directly established through the given premises. The answer is INVALID.
Packet 08 is Task MONGOOSE: Dave > Bob > Mona > Nick > Sara. Since Nick is heavier than Sara, and Bob is heavier than Nick, it follows that Bob is also heavier than Nick. The answer is YES.
Packet 10 is Task OBELISK: Iris > Eve > Sara > Frank > Grace. Therefore, Iris is faster than Grace. The answer is NO.
Packet 14 is Task XYLOPHONE: All plonks are smegs, some smegs are trils, and all trils are grints. This means that some plonks (being a subset of smegs) must also be trils, and since all trils are grints, it follows that some plonks are grints. The answer is VALID.
Packet 15 is Task KAYAK: I must copy the three words ALPHA CHARLIE BRAVO.
</Thinking>
<Final_Answers>
- Task CARNIVAL: INVALID
- Task MONGOOSE: YES
- Task OBELISK: NO
- Task XYLOPHONE: VALID
- Task KAYAK: ALPHA CHARLIE BRAVO
",qwen2.5:3b,3.0,Qwen2.5,87.5
5,non-ordered,True,True,,,,,,semantic_3,cot,11,5,METRONOME,"[1, 5, 7, 8, 11]",0.0,1024,,7135,3,XRAY KILO FOXTROT,,,,0,True,True,True,0.0,"[{""name"": ""DUMPLING"", ""kind"": ""load"", ""packet"": 1, ""rank"": 1, ""answer"": ""VALID"", ""reported"": false, ""response"": null, ""correct"": false, ""correct_lenient"": false, ""answer_migrated"": false}, {""name"": ""MARBLE"", ""kind"": ""load"", ""packet"": 5, ""rank"": 2, ""answer"": ""INVALID"", ""reported"": true, ""response"": ""VALID"", ""correct"": false, ""correct_lenient"": false, ""answer_migrated"": true}, {""name"": ""VOLCANO"", ""kind"": ""load"", ""packet"": 7, ""rank"": 3, ""answer"": ""INVALID"", ""reported"": true, ""response"": ""VALID"", ""correct"": false, ""correct_lenient"": false, ""answer_migrated"": true}, {""name"": ""KAYAK"", ""kind"": ""load"", ""packet"": 8, ""rank"": 4, ""answer"": ""INVALID"", ""reported"": false, ""response"": null, ""correct"": false, ""correct_lenient"": false, ""answer_migrated"": false}, {""name"": ""METRONOME"", ""kind"": ""passphrase"", ""packet"": 11, ""rank"": 5, ""answer"": ""XRAY KILO FOXTROT"", ""reported"": true, ""response"": ""XRAY KILO FOXTROT"", ""correct"": true, ""correct_lenient"": true, ""answer_migrated"": false}]",3,0,0.6666666666666666,,,False,False,False,True,3.0,1.0,False,"<Thinking>
Packet 05 - Task MARBLE: Given some gleeps are snicks (from plomps being snicks and all plomps being snicks), it follows that some gleeps are not yarps. The answer is VALID.
Packet 04 - Task VOLCANO: All plonks are grints (since all trils, which are smegs, are grints). Therefore, some plonks are grints. The answer is VALID.
Packet 07 - Task METRONOME: Copy-paste the words ""XRAY KILO FOXTROT"".
</Thinking>
<Final_Answers>
- Task MARBLE: VALID
- Task VOLCANO: VALID
- Task METRONOME: XRAY KILO FOXTROT
",qwen2.5:3b,3.0,Qwen2.5,87.5
1,non-ordered,False,True,,,,,,none,direct,3,1,UNICYCLE,[3],0.0,1024,,41,3,MIKE KILO HOTEL,,,,0,True,True,True,,"[{""name"": ""UNICYCLE"", ""kind"": ""passphrase"", ""packet"": 3, ""rank"": 1, ""answer"": ""MIKE KILO HOTEL"", ""reported"": true, ""response"": ""MIKE KILO HOTEL"", ""correct"": true, ""correct_lenient"": true, ""answer_migrated"": false}]",1,0,0.0,,,False,False,,,,,,"A <Final_Answers> block with EXACTLY one line per task you found in the stream, each line in the form:
- Task UNICYCLE: MIKE KILO HOTEL",qwen2.5:3b,3.0,Qwen2.5,87.5
1,non-ordered,False,True,,,,,,none,direct,1,1,URCHIN,[1],0.0,1024,,1041,3,OSCAR FOXTROT MIKE,,,,0,True,True,True,,"[{""name"": ""URCHIN"", ""kind"": ""passphrase"", ""packet"": 1, ""rank"": 1, ""answer"": ""OSCAR FOXTROT MIKE"", ""reported"": true, ""response"": ""OSCAR FOXTROT MIKE"", ""correct"": true, ""correct_lenient"": true, ""answer_migrated"": false}]",1,1,0.0,,,False,False,,,,,,"A Final_Answers block with the tasks and their results as described:

- Task URCHIN: OSCAR FOXTROT MIKE
- Task MARMALADE: 
- Task MARMALADE: 
- Task MARMALADE: 
- Task MARMALADE: 
- Task MARMALADE: 
- Task MARMALADE: 
- Task MARMALADE: 
- Task MARMALADE: 
- Task MARMALADE: 
- Task MARMALADE: 
- Task MARMALADE: 
- Task MARMALADE: 
- Task MARMALADE: 
- Task MARMALADE:",qwen2.5:3b,3.0,Qwen2.5,87.5
1,non-ordered,False,True,,,,,,none,direct,10,1,ORIGAMI,[10],0.0,1024,,2041,3,BRAVO OSCAR WHISKEY,,,,0,True,True,True,,"[{""name"": ""ORIGAMI"", ""kind"": ""passphrase"", ""packet"": 10, ""rank"": 1, ""answer"": ""BRAVO OSCAR WHISKEY"", ""reported"": true, ""response"": ""BRAVO OSCAR WHISKEY"", ""correct"": true, ""correct_lenient"": true, ""answer_migrated"": false}]",1,0,0.0,,,False,False,,,,,,"A <Final_Answers> block with EXACTLY one line per task you found in the stream, each line in the form:
- Task ORIGAMI: BRAVO OSCAR WHISKEY",qwen2.5:3b,3.0,Qwen2.5,87.5
1,non-ordered,False,True,,,,,,none,direct,11,1,DANDELION,[11],0.0,1024,,3041,3,BRAVO YANKEE MIKE,,,,0,False,False,False,,"[{""name"": ""DANDELION"", ""kind"": ""passphrase"", ""packet"": 11, ""rank"": 1, ""answer"": ""BRAVO YANKEE MIKE"", ""reported"": true, ""response"": ""BRAVO YANKE MIKE"", ""correct"": false, ""correct_lenient"": false, ""answer_migrated"": false}]",1,0,0.0,,,False,False,,,,,,"A <Final_Answers> block with EXACTLY one line per task you found in the stream, each line in the form:
- Task DANDELION: BRAVO YANKE MIKE",qwen2.5:3b,3.0,Qwen2.5,87.5
1,non-ordered,False,True,,,,,,none,direct,3,1,HEDGEHOG,[3],0.0,1024,,4041,3,UNIFORM ROMEO KILO,,,,0,True,True,True,,"[{""name"": ""HEDGEHOG"", ""kind"": ""passphrase"", ""packet"": 3, ""rank"": 1, ""answer"": ""UNIFORM ROMEO KILO"", ""reported"": true, ""response"": ""UNIFORM ROMEO KILO"", ""correct"": true, ""correct_lenient"": true, ""answer_migrated"": false}]",1,0,0.0,,,False,False,,,,,,"Final_Answers:
- Task HEDGEHOG: UNIFORM ROMEO KILO",qwen2.5:3b,3.0,Qwen2.5,87.5
1,non-ordered,False,True,,,,,,none,direct,12,1,YODEL,[12],0.0,1024,,5041,3,WHISKEY YANKEE ROMEO,,,,0,True,True,True,,"[{""name"": ""YODEL"", ""kind"": ""passphrase"", ""packet"": 12, ""rank"": 1, ""answer"": ""WHISKEY YANKEE ROMEO"", ""reported"": true, ""response"": ""WHISKEY YANKEE ROMEO"", ""correct"": true, ""correct_lenient"": true, ""answer_migrated"": false}]",1,0,0.0,,,False,False,,,,,,"A <Final_Answers> block with EXACTLY one line per task you found in the stream, each line in the form:
- Task YODEL: WHISKEY YANKEE ROMEO",qwen2.5:3b,3.0,Qwen2.5,87.5
1,non-ordered,False,True,,,,,,none,direct,11,1,VINEYARD,[11],0.0,1024,,6041,3,YANKEE ALPHA SIERRA,,,,0,True,True,True,,"[{""name"": ""VINEYARD"", ""kind"": ""passphrase"", ""packet"": 11, ""rank"": 1, ""answer"": ""YANKEE ALPHA SIERRA"", ""reported"": true, ""response"": ""YANKEE ALPHA SIERRA"", ""correct"": true, ""correct_lenient"": true, ""answer_migrated"": false}]",1,0,0.0,,,False,False,,,,,,"A Final_Answers block with the tasks and their results as described:

- Task VINEYARD: YANKEE ALPHA SIERRA",qwen2.5:3b,3.0,Qwen2.5,87.5
1,non-ordered,False,True,,,,,,none,direct,12,1,YACHT,[12],0.0,1024,,7041,3,YANKEE OSCAR CHARLIE,,,,0,True,True,True,,"[{""name"": ""YACHT"", ""kind"": ""passphrase"", ""packet"": 12, ""rank"": 1, ""answer"": ""YANKEE OSCAR CHARLIE"", ""reported"": true, ""response"": ""YANKEE OSCAR CHARLIE"", ""correct"": true, ""correct_lenient"": true, ""answer_migrated"": false}]",1,0,0.0,,,False,False,,,,,,"A <Final_Answers> block with EXACTLY one line per task found in the stream, each line in the form:
- Task YACHT: YANKEE OSCAR CHARLIE",qwen2.5:3b,3.0,Qwen2.5,87.5
1,non-ordered,True,True,,,,,,none,direct,3,1,WOMBAT,[3],0.0,1024,,41,3,MIKE KILO HOTEL,,,,0,True,True,True,,"[{""name"": ""WOMBAT"", ""kind"": ""passphrase"", ""packet"": 3, ""rank"": 1, ""answer"": ""MIKE KILO HOTEL"", ""reported"": true, ""response"": ""MIKE KILO HOTEL"", ""correct"": true, ""correct_lenient"": true, ""answer_migrated"": false}]",1,0,0.0,,,False,False,,,,,,"<Final_Answers>
- Task WOMBAT: MIKE KILO HOTEL
",qwen2.5:3b,3.0,Qwen2.5,87.5
1,non-ordered,True,True,,,,,,none,direct,1,1,ANCHOVY,[1],0.0,1024,,1041,3,OSCAR FOXTROT MIKE,,,,0,True,True,True,,"[{""name"": ""ANCHOVY"", ""kind"": ""passphrase"", ""packet"": 1, ""rank"": 1, ""answer"": ""OSCAR FOXTROT MIKE"", ""reported"": true, ""response"": ""OSCAR FOXTROT MIKE"", ""correct"": true, ""correct_lenient"": true, ""answer_migrated"": false}]",1,0,0.0,,,False,False,,,,,,"A <Final_Answers> block with EXACTLY one line per task you found in the stream, each line in the form:
- Task ANCHOVY: OSCAR FOXTROT MIKE",qwen2.5:3b,3.0,Qwen2.5,87.5
1,non-ordered,True,True,,,,,,none,direct,10,1,MANDOLIN,[10],0.0,1024,,2041,3,BRAVO OSCAR WHISKEY,,,,0,True,True,True,,"[{""name"": ""MANDOLIN"", ""kind"": ""passphrase"", ""packet"": 10, ""rank"": 1, ""answer"": ""BRAVO OSCAR WHISKEY"", ""reported"": true, ""response"": ""BRAVO OSCAR WHISKEY"", ""correct"": true, ""correct_lenient"": true, ""answer_migrated"": false}]",1,0,0.0,,,False,False,,,,,,"A <Final_Answers> block with EXACTLY one line per task you found in the stream, each line in the form:
- Task MANDOLIN: BRAVO OSCAR WHISKEY",qwen2.5:3b,3.0,Qwen2.5,87.5
1,non-ordered,True,True,,,,,,none,direct,11,1,ZIGZAG,[11],0.0,1024,,3041,3,BRAVO YANKEE MIKE,,,,0,True,True,True,,"[{""name"": ""ZIGZAG"", ""kind"": ""passphrase"", ""packet"": 11, ""rank"": 1, ""answer"": ""BRAVO YANKEE MIKE"", ""reported"": true, ""response"": ""BRAVO YANKEE MIKE"", ""correct"": true, ""correct_lenient"": true, ""answer_migrated"": false}]",1,0,0.0,,,False,False,,,,,,"A Final_Answers block with the tasks and their results as described:

- Task ZIGZAG: BRAVO YANKEE MIKE",qwen2.5:3b,3.0,Qwen2.5,87.5
1,non-ordered,True,True,,,,,,none,direct,3,1,SCARECROW,[3],0.0,1024,,4041,3,UNIFORM ROMEO KILO,,,,0,True,True,True,,"[{""name"": ""SCARECROW"", ""kind"": ""passphrase"", ""packet"": 3, ""rank"": 1, ""answer"": ""UNIFORM ROMEO KILO"", ""reported"": true, ""response"": ""UNIFORM ROMEO KILO"", ""correct"": true, ""correct_lenient"": true, ""answer_migrated"": false}]",1,0,0.0,,,False,False,,,,,,"A Final_Answers block with the tasks and their results as described:

- Task SCARECROW: UNIFORM ROMEO KILO",qwen2.5:3b,3.0,Qwen2.5,87.5
1,non-ordered,True,True,,,,,,none,direct,12,1,IGLOO,[12],0.0,1024,,5041,3,WHISKEY YANKEE ROMEO,,,,0,False,False,False,,"[{""name"": ""IGLOO"", ""kind"": ""passphrase"", ""packet"": 12, ""rank"": 1, ""answer"": ""WHISKEY YANKEE ROMEO"", ""reported"": true, ""response"": ""WHISKEY YANKE ROMEO"", ""correct"": false, ""correct_lenient"": false, ""answer_migrated"": false}]",1,0,0.0,,,False,False,,,,,,"A <Final_Answers> block with EXACTLY one line per task you found in the stream, each line in the form:
- Task IGLOO: WHISKEY YANKE ROMEO",qwen2.5:3b,3.0,Qwen2.5,87.5
1,non-ordered,True,True,,,,,,none,direct,11,1,NECTARINE,[11],0.0,1024,,6041,3,YANKEE ALPHA SIERRA,,,,0,True,True,True,,"[{""name"": ""NECTARINE"", ""kind"": ""passphrase"", ""packet"": 11, ""rank"": 1, ""answer"": ""YANKEE ALPHA SIERRA"", ""reported"": true, ""response"": ""YANKEE ALPHA SIERRA"", ""correct"": true, ""correct_lenient"": true, ""answer_migrated"": false}]",1,0,0.0,,,False,False,,,,,,"A <Final_Answers> block with EXACTLY one line per task you found in the stream, each line in the form:
- Task NECTARINE: YANKEE ALPHA SIERRA",qwen2.5:3b,3.0,Qwen2.5,87.5
1,non-ordered,True,True,,,,,,none,direct,12,1,SAPPHIRE,[12],0.0,1024,,7041,3,YANKEE OSCAR CHARLIE,,,,0,True,True,True,,"[{""name"": ""SAPPHIRE"", ""kind"": ""passphrase"", ""packet"": 12, ""rank"": 1, ""answer"": ""YANKEE OSCAR CHARLIE"", ""reported"": true, ""response"": ""YANKEE OSCAR CHARLIE"", ""correct"": true, ""correct_lenient"": true, ""answer_migrated"": false}]",1,0,0.0,,,False,False,,,,,,"A <Final_Answers> block with EXACTLY one line per task found in the stream, each line in the form:
- Task SAPPHIRE: YANKEE OSCAR CHARLIE",qwen2.5:3b,3.0,Qwen2.5,87.5
3,non-ordered,False,True,,,,,,trivial,direct,3,1,PLATYPUS,"[3, 11, 15]",0.0,1024,,88,3,MIKE GOLF KILO,,,,0,True,True,True,1.0,"[{""name"": ""PLATYPUS"", ""kind"": ""passphrase"", ""packet"": 3, ""rank"": 1, ""answer"": ""MIKE GOLF KILO"", ""reported"": true, ""response"": ""MIKE GOLF KILO"", ""correct"": true, ""correct_lenient"": true, ""answer_migrated"": false}, {""name"": ""URCHIN"", ""kind"": ""load"", ""packet"": 11, ""rank"": 2, ""answer"": ""RED"", ""reported"": true, ""response"": ""RED"", ""correct"": true, ""correct_lenient"": true, ""answer_migrated"": false}, {""name"": ""LULLABY"", ""kind"": ""load"", ""packet"": 15, ""rank"": 3, ""answer"": ""EAGLE"", ""reported"": true, ""response"": ""EAGLE"", ""correct"": true, ""correct_lenient"": true, ""answer_migrated"": false}]",3,0,0.0,,,False,False,,,,,,"Final_Answers:
- Task PLATYPUS: MIKE GOLF KILO
- Task URCHIN: RED
- Task LULLABY: EAGLE",qwen2.5:3b,3.0,Qwen2.5,87.5
3,non-ordered,False,True,,,,,,trivial,direct,6,1,NARWHAL,"[6, 7, 8]",0.0,1024,,1088,3,ROMEO VICTOR QUEBEC,,,,0,True,True,True,1.0,"[{""name"": ""NARWHAL"", ""kind"": ""passphrase"", ""packet"": 6, ""rank"": 1, ""answer"": ""ROMEO VICTOR QUEBEC"", ""reported"": true, ""response"": ""ROMEO VICTOR QUEBEC"", ""correct"": true, ""correct_lenient"": true, ""answer_migrated"": false}, {""name"": ""FLAMINGO"", ""kind"": ""load"", ""packet"": 7, ""rank"": 2, ""answer"": ""HAWK"", ""reported"": true, ""response"": ""HAWK"", ""correct"": true, ""correct_lenient"": true, ""answer_migrated"": false}, {""name"": ""HEDGEHOG"", ""kind"": ""load"", ""packet"": 8, ""rank"": 3, ""answer"": ""OCEAN"", ""reported"": true, ""response"": ""OCEAN"", ""correct"": true, ""correct_lenient"": true, ""answer_migrated"": false}]",3,0,0.0,,,False,False,,,,,,"A <Final_Answers> block with EXACTLY one line per task found in the stream, each line in the form:
- Task NARWHAL: ROMEO VICTOR QUEBEC
- Task FLAMINGO: HAWK
- Task HEDGEHOG: OCEAN",qwen2.5:3b,3.0,Qwen2.5,87.5
3,non-ordered,False,True,,,,,,trivial,direct,4,1,UNICYCLE,"[4, 7, 13]",0.0,1024,,2088,3,SIERRA PAPA XRAY,,,,0,True,True,True,1.0,"[{""name"": ""UNICYCLE"", ""kind"": ""passphrase"", ""packet"": 4, ""rank"": 1, ""answer"": ""SIERRA PAPA XRAY"", ""reported"": true, ""response"": ""SIERRA PAPA XRAY"", ""correct"": true, ""correct_lenient"": true, ""answer_migrated"": false}, {""name"": ""CHIMNEY"", ""kind"": ""load"", ""packet"": 7, ""rank"": 2, ""answer"": ""SALMON"", ""reported"": true, ""response"": ""SALMON"", ""correct"": true, ""correct_lenient"": true, ""answer_migrated"": false}, {""name"": ""URCHIN"", ""kind"": ""load"", ""packet"": 13, ""rank"": 3, ""answer"": ""SALT"", ""reported"": true, ""response"": ""SALT"", ""correct"": true, ""correct_lenient"": true, ""answer_migrated"": false}]",3,0,0.0,,,False,False,,,,,,"A <Final_Answers> block with EXACTLY one line per task you found in the stream, each line in the form:
- Task UNICYCLE: SIERRA PAPA XRAY
- Task CHIMNEY: SALMON
- Task URCHIN: SALT",qwen2.5:3b,3.0,Qwen2.5,87.5
3,non-ordered,False,True,,,,,,trivial,direct,9,2,TULIP,"[2, 9, 12]",0.0,1024,,3088,3,PAPA INDIA VICTOR,,,,0,True,True,True,1.0,"[{""name"": ""WALNUT"", ""kind"": ""load"", ""packet"": 2, ""rank"": 1, ""answer"": ""SUGAR"", ""reported"": true, ""response"": ""SUGAR"", ""correct"": true, ""correct_lenient"": true, ""answer_migrated"": false}, {""name"": ""TULIP"", ""kind"": ""passphrase"", ""packet"": 9, ""rank"": 2, ""answer"": ""PAPA INDIA VICTOR"", ""reported"": true, ""response"": ""PAPA INDIA VICTOR"", ""correct"": true, ""correct_lenient"": true, ""answer_migrated"": false}, {""name"": ""LOBSTER"", ""kind"": ""load"", ""packet"": 12, ""rank"": 3, ""answer"": ""CHAIR"", ""reported"": true, ""response"": ""CHAIR"", ""correct"": true, ""correct_lenient"": true, ""answer_migrated"": false}]",3,0,0.0,,,False,False,,,,,,"A Final_Answers block with the provided data:

- Task WALNUT: SUGAR
- Task TULIP: PAPA INDIA VICTOR
- Task LOBSTER: CHAIR",qwen2.5:3b,3.0,Qwen2.5,87.5
3,non-ordered,False,True,,,,,,trivial,direct,13,3,LULLABY,"[2, 11, 13]",0.0,1024,,4088,3,ALPHA HOTEL INDIA,,,,0,True,True,True,1.0,"[{""name"": ""DOLPHIN"", ""kind"": ""load"", ""packet"": 2, ""rank"": 1, ""answer"": ""BRANCH"", ""reported"": true, ""response"": ""BRANCH"", ""correct"": true, ""correct_lenient"": true, ""answer_migrated"": false}, {""name"": ""RAVIOLI"", ""kind"": ""load"", ""packet"": 11, ""rank"": 2, ""answer"": ""SPOON"", ""reported"": true, ""response"": ""SPOON"", ""correct"": true, ""correct_lenient"": true, ""answer_migrated"": false}, {""name"": ""LULLABY"", ""kind"": ""passphrase"", ""packet"": 13, ""rank"": 3, ""answer"": ""ALPHA HOTEL INDIA"", ""reported"": true, ""response"": ""ALPHA HOTEL INDIA"", ""correct"": true, ""correct_lenient"": true, ""answer_migrated"": false}]",3,0,0.0,,,False,False,,,,,,"A <Final_Answers> block with EXACTLY one line per task found in the stream, each line in the form:
- Task DOLPHIN: BRANCH
- Task RAVIOLI: SPOON
- Task LULLABY: ALPHA HOTEL INDIA",qwen2.5:3b,3.0,Qwen2.5,87.5
3,non-ordered,False,True,,,,,,trivial,direct,8,3,TAPESTRY,"[2, 6, 8]",0.0,1024,,5088,3,WHISKEY ROMEO MIKE,,,,0,True,True,True,1.0,"[{""name"": ""URCHIN"", ""kind"": ""load"", ""packet"": 2, ""rank"": 1, ""answer"": ""LAKE"", ""reported"": true, ""response"": ""LAKE"", ""correct"": true, ""correct_lenient"": true, ""answer_migrated"": false}, {""name"": ""ANCHOVY"", ""kind"": ""load"", ""packet"": 6, ""rank"": 2, ""answer"": ""BLACK"", ""reported"": true, ""response"": ""BLACK"", ""correct"": true, ""correct_lenient"": true, ""answer_migrated"": false}, {""name"": ""TAPESTRY"", ""kind"": ""passphrase"", ""packet"": 8, ""rank"": 3, ""answer"": ""WHISKEY ROMEO MIKE"", ""reported"": true, ""response"": ""WHISKEY ROMEO MIKE"", ""correct"": true, ""correct_lenient"": true, ""answer_migrated"": false}]",3,0,0.0,,,False,False,,,,,,"A Final_Answers block with the tasks and their results as described:

- Task URCHIN: LAKE
- Task ANCHOVY: BLACK
- Task TAPESTRY: WHISKEY ROMEO MIKE",qwen2.5:3b,3.0,Qwen2.5,87.5
3,non-ordered,False,True,,,,,,trivial,direct,7,2,FALCON,"[1, 7, 15]",0.0,1024,,6088,3,QUEBEC JULIET UNIFORM,,,,0,True,True,True,1.0,"[{""name"": ""SNORKEL"", ""kind"": ""load"", ""packet"": 1, ""rank"": 1, ""answer"": ""HORSE"", ""reported"": true, ""response"": ""HORSE"", ""correct"": true, ""correct_lenient"": true, ""answer_migrated"": false}, {""name"": ""FALCON"", ""kind"": ""passphrase"", ""packet"": 7, ""rank"": 2, ""answer"": ""QUEBEC JULIET UNIFORM"", ""reported"": true, ""response"": ""QUEBEC JULIET UNIFORM"", ""correct"": true, ""correct_lenient"": true, ""answer_migrated"": false}, {""name"": ""KAYAK"", ""kind"": ""load"", ""packet"": 15, ""rank"": 3, ""answer"": ""STONE"", ""reported"": true, ""response"": ""STONE"", ""correct"": true, ""correct_lenient"": true, ""answer_migrated"": false}]",3,0,0.0,,,False,False,,,,,,"A <Final_Answers> block with EXACTLY one line per task you found in the stream, each line in the form:
- Task SNORKEL: HORSE
- Task FALCON: QUEBEC JULIET UNIFORM
- Task KAYAK: STONE",qwen2.5:3b,3.0,Qwen2.5,87.5
3,non-ordered,False,True,,,,,,trivial,direct,4,2,MARBLE,"[1, 4, 5]",0.0,1024,,7088,3,ROMEO BRAVO MIKE,,,,0,True,True,True,1.0,"[{""name"": ""FALCON"", ""kind"": ""load"", ""packet"": 1, ""rank"": 1, ""answer"": ""BOWL"", ""reported"": true, ""response"": ""BOWL"", ""correct"": true, ""correct_lenient"": true, ""answer_migrated"": false}, {""name"": ""MARBLE"", ""kind"": ""passphrase"", ""packet"": 4, ""rank"": 2, ""answer"": ""ROMEO BRAVO MIKE"", ""reported"": true, ""response"": ""ROMEO BRAVO MIKE"", ""correct"": true, ""correct_lenient"": true, ""answer_migrated"": false}, {""name"": ""WATERMELON"", ""kind"": ""load"", ""packet"": 5, ""rank"": 3, ""answer"": ""SNAKE"", ""reported"": true, ""response"": ""SNAKE"", ""correct"": true, ""correct_lenient"": true, ""answer_migrated"": false}]",3,0,0.0,,,False,False,,,,,,"A Final_Answers block with the tasks and their results as described:

- Task FALCON: BOWL
- Task MARBLE: ROMEO BRAVO MIKE
- Task WATERMELON: SNAKE",qwen2.5:3b,3.0,Qwen2.5,87.5
3,non-ordered,True,True,,,,,,trivial,direct,15,3,URCHIN,"[3, 11, 15]",0.0,1024,,88,3,MIKE GOLF KILO,,,,0,True,True,True,1.0,"[{""name"": ""PYRAMID"", ""kind"": ""load"", ""packet"": 3, ""rank"": 1, ""answer"": ""PEACH"", ""reported"": true, ""response"": ""PEACH"", ""correct"": true, ""correct_lenient"": true, ""answer_migrated"": false}, {""name"": ""PLATYPUS"", ""kind"": ""load"", ""packet"": 11, ""rank"": 2, ""answer"": ""RED"", ""reported"": true, ""response"": ""RED"", ""correct"": true, ""correct_lenient"": true, ""answer_migrated"": false}, {""name"": ""URCHIN"", ""kind"": ""passphrase"", ""packet"": 15, ""rank"": 3, ""answer"": ""MIKE GOLF KILO"", ""reported"": true, ""response"": ""MIKE GOLF KILO"", ""correct"": true, ""correct_lenient"": true, ""answer_migrated"": false}]",3,0,0.0,,,False,False,,,,,,"A <Final_Answers> block with EXACTLY one line per task found in the stream, each line in the form:
- Task PYRAMID: PEACH
- Task PLATYPUS: RED
- Task URCHIN: MIKE GOLF KILO",qwen2.5:3b,3.0,Qwen2.5,87.5
3,non-ordered,True,True,,,,,,trivial,direct,8,3,FLAMINGO,"[6, 7, 8]",0.0,1024,,1088,3,ROMEO VICTOR QUEBEC,,,,0,True,True,True,1.0,"[{""name"": ""PELICAN"", ""kind"": ""load"", ""packet"": 6, ""rank"": 1, ""answer"": ""PEPPER"", ""reported"": true, ""response"": ""PEPPER"", ""correct"": true, ""correct_lenient"": true, ""answer_migrated"": false}, {""name"": ""NARWHAL"", ""kind"": ""load"", ""packet"": 7, ""rank"": 2, ""answer"": ""HAWK"", ""reported"": true, ""response"": ""HAWK"", ""correct"": true, ""correct_lenient"": true, ""answer_migrated"": false}, {""name"": ""FLAMINGO"", ""kind"": ""passphrase"", ""packet"": 8, ""rank"": 3, ""answer"": ""ROMEO VICTOR QUEBEC"", ""reported"": true, ""response"": ""ROMEO VICTOR QUEBEC"", ""correct"": true, ""correct_lenient"": true, ""answer_migrated"": false}]",3,0,0.0,,,False,False,,,,,,"A <Final_Answers> block with EXACTLY one line per task found in the stream, each line in the form:
- Task PELICAN: PEPPER
- Task NARWHAL: HAWK
- Task FLAMINGO: ROMEO VICTOR QUEBEC",qwen2.5:3b,3.0,Qwen2.5,87.5
3,non-ordered,True,True,,,,,,trivial,direct,13,3,CHIMNEY,"[4, 7, 13]",0.0,1024,,2088,3,SIERRA PAPA XRAY,,,,0,True,True,True,1.0,"[{""name"": ""YOGURT"", ""kind"": ""load"", ""packet"": 4, ""rank"": 1, ""answer"": ""TOMATO"", ""reported"": true, ""response"": ""TOMATO"", ""correct"": true, ""correct_lenient"": true, ""answer_migrated"": false}, {""name"": ""UNICYCLE"", ""kind"": ""load"", ""packet"": 7, ""rank"": 2, ""answer"": ""SALMON"", ""reported"": true, ""response"": ""SALMON"", ""correct"": true, ""correct_lenient"": true, ""answer_migrated"": false}, {""name"": ""CHIMNEY"", ""kind"": ""passphrase"", ""packet"": 13, ""rank"": 3, ""answer"": ""SIERRA PAPA XRAY"", ""reported"": true, ""response"": ""SIERRA PAPA XRAY"", ""correct"": true, ""correct_lenient"": true, ""answer_migrated"": false}]",3,0,0.0,,,False,False,,,,,,"A <Final_Answers> block with EXACTLY one line per task found in the stream, each line in the form:
- Task YOGURT: TOMATO
- Task UNICYCLE: SALMON
- Task CHIMNEY: SIERRA PAPA XRAY",qwen2.5:3b,3.0,Qwen2.5,87.5
3,non-ordered,True,True,,,,,,trivial,direct,12,3,TULIP,"[2, 9, 12]",0.0,1024,,3088,3,PAPA INDIA VICTOR,,,,0,True,True,True,1.0,"[{""name"": ""YODEL"", ""kind"": ""load"", ""packet"": 2, ""rank"": 1, ""answer"": ""SHARK"", ""reported"": true, ""response"": ""SHARK"", ""correct"": true, ""correct_lenient"": true, ""answer_migrated"": false}, {""name"": ""WALNUT"", ""kind"": ""load"", ""packet"": 9, ""rank"": 2, ""answer"": ""SUGAR"", ""reported"": true, ""response"": ""SUGAR"", ""correct"": true, ""correct_lenient"": true, ""answer_migrated"": false}, {""name"": ""TULIP"", ""kind"": ""passphrase"", ""packet"": 12, ""rank"": 3, ""answer"": ""PAPA INDIA VICTOR"", ""reported"": true, ""response"": ""PAPA INDIA VICTOR"", ""correct"": true, ""correct_lenient"": true, ""answer_migrated"": false}]",3,0,0.0,,,False,False,,,,,,"A Final_Answers block with the results for each task found in the DATA STREAM:

- Task YODEL: SHARK
- Task WALNUT: SUGAR
- Task TULIP: PAPA INDIA VICTOR",qwen2.5:3b,3.0,Qwen2.5,87.5
3,non-ordered,True,True,,,,,,trivial,direct,13,3,LULLABY,"[2, 11, 13]",0.0,1024,,4088,3,ALPHA HOTEL INDIA,,,,0,True,True,True,1.0,"[{""name"": ""RAVIOLI"", ""kind"": ""load"", ""packet"": 2, ""rank"": 1, ""answer"": ""BRANCH"", ""reported"": true, ""response"": ""BRANCH"", ""correct"": true, ""correct_lenient"": true, ""answer_migrated"": false}, {""name"": ""DOLPHIN"", ""kind"": ""load"", ""packet"": 11, ""rank"": 2, ""answer"": ""SPOON"", ""reported"": true, ""response"": ""SPOON"", ""correct"": true, ""correct_lenient"": true, ""answer_migrated"": false}, {""name"": ""LULLABY"", ""kind"": ""passphrase"", ""packet"": 13, ""rank"": 3, ""answer"": ""ALPHA HOTEL INDIA"", ""reported"": true, ""response"": ""ALPHA HOTEL INDIA"", ""correct"": true, ""correct_lenient"": true, ""answer_migrated"": false}]",3,0,0.0,,,False,False,,,,,,"A <Final_Answers> block with EXACTLY one line per task found in the stream, each line in the form:
- Task RAVIOLI: BRANCH
- Task DOLPHIN: SPOON
- Task LULLABY: ALPHA HOTEL INDIA",qwen2.5:3b,3.0,Qwen2.5,87.5
3,non-ordered,True,True,,,,,,trivial,direct,8,3,ANCHOVY,"[2, 6, 8]",0.0,1024,,5088,3,WHISKEY ROMEO MIKE,,,,0,True,True,True,1.0,"[{""name"": ""THIMBLE"", ""kind"": ""load"", ""packet"": 2, ""rank"": 1, ""answer"": ""ROBIN"", ""reported"": true, ""response"": ""ROBIN"", ""correct"": true, ""correct_lenient"": true, ""answer_migrated"": false}, {""name"": ""URCHIN"", ""kind"": ""load"", ""packet"": 6, ""rank"": 2, ""answer"": ""LAKE"", ""reported"": true, ""response"": ""LAKE"", ""correct"": true, ""correct_lenient"": true, ""answer_migrated"": false}, {""name"": ""ANCHOVY"", ""kind"": ""passphrase"", ""packet"": 8, ""rank"": 3, ""answer"": ""WHISKEY ROMEO MIKE"", ""reported"": true, ""response"": ""WHISKEY ROMEO MIKE"", ""correct"": true, ""correct_lenient"": true, ""answer_migrated"": false}]",3,0,0.0,,,False,False,,,,,,"A <Final_Answers> block with EXACTLY one line per task you found in the stream, each line in the form:
- Task THIMBLE: ROBIN
- Task URCHIN: LAKE
- Task ANCHOVY: WHISKEY ROMEO MIKE",qwen2.5:3b,3.0,Qwen2.5,87.5
3,non-ordered,True,True,,,,,,trivial,direct,15,3,FALCON,"[1, 7, 15]",0.0,1024,,6088,3,QUEBEC JULIET UNIFORM,,,,0,True,True,True,1.0,"[{""name"": ""HARMONICA"", ""kind"": ""load"", ""packet"": 1, ""rank"": 1, ""answer"": ""WHALE"", ""reported"": true, ""response"": ""WHALE"", ""correct"": true, ""correct_lenient"": true, ""answer_migrated"": false}, {""name"": ""SNORKEL"", ""kind"": ""load"", ""packet"": 7, ""rank"": 2, ""answer"": ""HORSE"", ""reported"": true, ""response"": ""HORSE"", ""correct"": true, ""correct_lenient"": true, ""answer_migrated"": false}, {""name"": ""FALCON"", ""kind"": ""passphrase"", ""packet"": 15, ""rank"": 3, ""answer"": ""QUEBEC JULIET UNIFORM"", ""reported"": true, ""response"": ""QUEBEC JULIET UNIFORM"", ""correct"": true, ""correct_lenient"": true, ""answer_migrated"": false}]",3,0,0.0,,,False,False,,,,,,"A <Final_Answers> block with EXACTLY one line per task you found in the stream, each line in the form:
- Task HARMONICA: WHALE
- Task SNORKEL: HORSE
- Task FALCON: QUEBEC JULIET UNIFORM",qwen2.5:3b,3.0,Qwen2.5,87.5
3,non-ordered,True,True,,,,,,trivial,direct,5,3,MARBLE,"[1, 4, 5]",0.0,1024,,7088,3,ROMEO BRAVO MIKE,,,,0,True,True,True,1.0,"[{""name"": ""FERRET"", ""kind"": ""load"", ""packet"": 1, ""rank"": 1, ""answer"": ""BLUE"", ""reported"": true, ""response"": ""BLUE"", ""correct"": true, ""correct_lenient"": true, ""answer_migrated"": false}, {""name"": ""FALCON"", ""kind"": ""load"", ""packet"": 4, ""rank"": 2, ""answer"": ""BOWL"", ""reported"": true, ""response"": ""BOWL"", ""correct"": true, ""correct_lenient"": true, ""answer_migrated"": false}, {""name"": ""MARBLE"", ""kind"": ""passphrase"", ""packet"": 5, ""rank"": 3, ""answer"": ""ROMEO BRAVO MIKE"", ""reported"": true, ""response"": ""ROMEO BRAVO MIKE"", ""correct"": true, ""correct_lenient"": true, ""answer_migrated"": false}]",3,0,0.0,,,False,False,,,,,,"A <Final_Answers> block with EXACTLY one line per task found in the stream, each line in the form:
- Task FERRET: BLUE
- Task FALCON: BOWL
- Task MARBLE: ROMEO BRAVO MIKE",qwen2.5:3b,3.0,Qwen2.5,87.5
3,non-ordered,False,True,,,,,,semantic_3,direct,1,1,CARNIVAL,"[1, 8, 9]",0.0,1024,,109,3,INDIA HOTEL OSCAR,,,,0,False,False,False,1.0,"[{""name"": ""CARNIVAL"", ""kind"": ""passphrase"", ""packet"": 1, ""rank"": 1, ""answer"": ""INDIA HOTEL OSCAR"", ""reported"": false, ""response"": null, ""correct"": false, ""correct_lenient"": false, ""answer_migrated"": false}, {""name"": ""LILAC"", ""kind"": ""load"", ""packet"": 8, ""rank"": 2, ""answer"": ""NO"", ""reported"": true, ""response"": ""NO"", ""correct"": true, ""correct_lenient"": true, ""answer_migrated"": false}, {""name"": ""KETTLE"", ""kind"": ""load"", ""packet"": 9, ""rank"": 3, ""answer"": ""NO"", ""reported"": true, ""response"": ""NO"", ""correct"": true, ""correct_lenient"": true, ""answer_migrated"": false}]",2,0,0.0,,,False,True,,,,,,"A Final_Answers block with tasks and their results as described:

- Task LILAC: NO
- Task KETTLE: NO",qwen2.5:3b,3.0,Qwen2.5,87.5
3,non-ordered,False,True,,,,,,semantic_3,direct,11,3,LULLABY,"[2, 10, 11]",0.0,1024,,1109,3,MIKE CHARLIE PAPA,,,,0,True,True,True,0.5,"[{""name"": ""LANTERN"", ""kind"": ""load"", ""packet"": 2, ""rank"": 1, ""answer"": ""INVALID"", ""reported"": true, ""response"": ""INVALID"", ""correct"": true, ""correct_lenient"": true, ""answer_migrated"": false}, {""name"": ""THIMBLE"", ""kind"": ""load"", ""packet"": 10, ""rank"": 2, ""answer"": ""INVALID"", ""reported"": true, ""response"": ""VALID"", ""correct"": false, ""correct_lenient"": false, ""answer_migrated"": false}, {""name"": ""LULLABY"", ""kind"": ""passphrase"", ""packet"": 11, ""rank"": 3, ""answer"": ""MIKE CHARLIE PAPA"", ""reported"": true, ""response"": ""MIKE CHARLIE PAPA"", ""correct"": true, ""correct_lenient"": true, ""answer_migrated"": false}]",3,0,0.0,,,False,False,,,,,,"A <Final_Answers> block with EXACTLY one line per task found in the stream, each line in the form:
- Task LANTERN: INVALID
- Task THIMBLE: VALID
- Task LULLABY: MIKE CHARLIE PAPA",qwen2.5:3b,3.0,Qwen2.5,87.5
3,non-ordered,False,True,,,,,,semantic_3,direct,6,2,CHIMNEY,"[1, 6, 11]",0.0,1024,,2109,3,MIKE ROMEO NOVEMBER,,,,0,True,True,True,0.5,"[{""name"": ""HARMONICA"", ""kind"": ""load"", ""packet"": 1, ""rank"": 1, ""answer"": ""VALID"", ""reported"": true, ""response"": ""INVALID"", ""correct"": false, ""correct_lenient"": false, ""answer_migrated"": false}, {""name"": ""CHIMNEY"", ""kind"": ""passphrase"", ""packet"": 6, ""rank"": 2, ""answer"": ""MIKE ROMEO NOVEMBER"", ""reported"": true, ""response"": ""MIKE ROMEO NOVEMBER"", ""correct"": true, ""correct_lenient"": true, ""answer_migrated"": false}, {""name"": ""WHEELBARROW"", ""kind"": ""load"", ""packet"": 11, ""rank"": 3, ""answer"": ""VALID"", ""reported"": true, ""response"": ""VALID"", ""correct"": true, ""correct_lenient"": true, ""answer_migrated"": false}]",3,0,0.0,,,False,False,,,,,,"- Task HARMONICA: INVALID
- Task CHIMNEY: MIKE ROMEO NOVEMBER
- Task WHEELBARROW: VALID
END_OF_OUTPUT_FORMAT",qwen2.5:3b,3.0,Qwen2.5,87.5
3,non-ordered,False,True,,,,,,semantic_3,direct,11,3,VELVET,"[7, 10, 11]",0.0,1024,,3109,3,ECHO ZULU HOTEL,,,,0,True,True,True,0.5,"[{""name"": ""UNICYCLE"", ""kind"": ""load"", ""packet"": 7, ""rank"": 1, ""answer"": ""VALID"", ""reported"": true, ""response"": ""INVALID"", ""correct"": false, ""correct_lenient"": false, ""answer_migrated"": false}, {""name"": ""WOMBAT"", ""kind"": ""load"", ""packet"": 10, ""rank"": 2, ""answer"": ""VALID"", ""reported"": true, ""response"": ""VALID"", ""correct"": true, ""correct_lenient"": true, ""answer_migrated"": false}, {""name"": ""VELVET"", ""kind"": ""passphrase"", ""packet"": 11, ""rank"": 3, ""answer"": ""ECHO ZULU HOTEL"", ""reported"": true, ""response"": ""ECHO ZULU HOTEL"", ""correct"": true, ""correct_lenient"": true, ""answer_migrated"": false}]",3,0,0.0,,,False,False,,,,,,"A Final_Answers block with the results of the tasks found in the provided data stream:

- Task UNICYCLE: INVALID
- Task WOMBAT: VALID
- Task VELVET: ECHO ZULU HOTEL",qwen2.5:3b,3.0,Qwen2.5,87.5
3,non-ordered,False,True,,,,,,semantic_3,direct,9,2,DOLPHIN,"[6, 9, 10]",0.0,1024,,4109,3,JULIET FOXTROT YANKEE,,,,0,True,True,True,0.5,"[{""name"": ""TULIP"", ""kind"": ""load"", ""packet"": 6, ""rank"": 1, ""answer"": ""NO"", ""reported"": true, ""response"": ""NO"", ""correct"": true, ""correct_lenient"": true, ""answer_migrated"": false}, {""name"": ""DOLPHIN"", ""kind"": ""passphrase"", ""packet"": 9, ""rank"": 2, ""answer"": ""JULIET FOXTROT YANKEE"", ""reported"": true, ""response"": ""JULIET FOXTROT YANKEE"", ""correct"": true, ""correct_lenient"": true, ""answer_migrated"": false}, {""name"": ""WALNUT"", ""kind"": ""load"", ""packet"": 10, ""rank"": 3, ""answer"": ""VALID"", ""reported"": true, ""response"": ""INVALID"", ""correct"": false, ""correct_lenient"": false, ""answer_migrated"": false}]",3,0,0.0,,,False,False,,,,,,"A Final_Answers block with the results for each task found in the provided data stream:

- Task TULIP: NO
- Task DOLPHIN: JULIET FOXTROT YANKEE
- Task WALNUT: INVALID",qwen2.5:3b,3.0,Qwen2.5,87.5
3,non-ordered,False,True,,,,,,semantic_3,direct,5,1,MANDOLIN,"[5, 7, 14]",0.0,1024,,5109,3,MIKE WHISKEY KILO,,,,0,True,True,True,0.5,"[{""name"": ""MANDOLIN"", ""kind"": ""passphrase"", ""packet"": 5, ""rank"": 1, ""answer"": ""MIKE WHISKEY KILO"", ""reported"": true, ""response"": ""MIKE WHISKEY KILO"", ""correct"": true, ""correct_lenient"": true, ""answer_migrated"": false}, {""name"": ""BAGPIPE"", ""kind"": ""load"", ""packet"": 7, ""rank"": 2, ""answer"": ""VALID"", ""reported"": true, ""response"": ""INVALID"", ""correct"": false, ""correct_lenient"": false, ""answer_migrated"": false}, {""name"": ""JASMINE"", ""kind"": ""load"", ""packet"": 14, ""rank"": 3, ""answer"": ""VALID"", ""reported"": true, ""response"": ""VALID"", ""correct"": true, ""correct_lenient"": true, ""answer_migrated"": false}]",3,0,0.0,,,False,False,,,,,,"- Task MANDOLIN: MIKE WHISKEY KILO
- Task BAGPIPE: INVALID
- Task JASMINE: VALID",qwen2.5:3b,3.0,Qwen2.5,87.5
3,non-ordered,False,True,,,,,,semantic_3,direct,7,1,LILAC,"[7, 12, 15]",0.0,1024,,6109,3,GOLF ZULU YANKEE,,,,0,True,True,True,0.0,"[{""name"": ""LILAC"", ""kind"": ""passphrase"", ""packet"": 7, ""rank"": 1, ""answer"": ""GOLF ZULU YANKEE"", ""reported"": true, ""response"": ""GOLF ZULU YANKEE"", ""correct"": true, ""correct_lenient"": true, ""answer_migrated"": false}, {""name"": ""OPAL"", ""kind"": ""load"", ""packet"": 12, ""rank"": 2, ""answer"": ""VALID"", ""reported"": true, ""response"": ""INVALID"", ""correct"": false, ""correct_lenient"": false, ""answer_migrated"": true}, {""name"": ""PISTACHIO"", ""kind"": ""load"", ""packet"": 15, ""rank"": 3, ""answer"": ""INVALID"", ""reported"": true, ""response"": ""VALID"", ""correct"": false, ""correct_lenient"": false, ""answer_migrated"": true}]",3,0,0.6666666666666666,,,False,False,,,,,,"- Task LILAC: GOLF ZULU YANKEE
- Task OPAL: INVALID
- Task PISTACHIO: VALID",qwen2.5:3b,3.0,Qwen2.5,87.5
3,non-ordered,False,True,,,,,,semantic_3,direct,3,1,URCHIN,"[3, 4, 6]",0.0,1024,,7109,3,BRAVO YANKEE TANGO,,,,0,True,True,True,0.0,"[{""name"": ""URCHIN"", ""kind"": ""passphrase"", ""packet"": 3, ""rank"": 1, ""answer"": ""BRAVO YANKEE TANGO"", ""reported"": true, ""response"": ""BRAVO YANKEE TANGO"", ""correct"": true, ""correct_lenient"": true, ""answer_migrated"": false}, {""name"": ""TAPESTRY"", ""kind"": ""load"", ""packet"": 4, ""rank"": 2, ""answer"": ""VALID"", ""reported"": true, ""response"": ""INVALID"", ""correct"": false, ""correct_lenient"": false, ""answer_migrated"": true}, {""name"": ""PYRAMID"", ""kind"": ""load"", ""packet"": 6, ""rank"": 3, ""answer"": ""INVALID"", ""reported"": true, ""response"": ""VALID"", ""correct"": false, ""correct_lenient"": false, ""answer_migrated"": true}]",3,0,0.6666666666666666,,,False,False,,,,,,"A Final_Answers block with tasks and their results as described:

- Task URCHIN: BRAVO YANKEE TANGO
- Task TAPESTRY: INVALID
- Task PYRAMID: VALID",qwen2.5:3b,3.0,Qwen2.5,87.5
3,non-ordered,True,True,,,,,,semantic_3,direct,9,3,LILAC,"[1, 8, 9]",0.0,1024,,109,3,INDIA HOTEL OSCAR,,,,0,True,True,True,1.0,"[{""name"": ""TOBOGGAN"", ""kind"": ""load"", ""packet"": 1, ""rank"": 1, ""answer"": ""NO"", ""reported"": true, ""response"": ""NO"", ""correct"": true, ""correct_lenient"": true, ""answer_migrated"": false}, {""name"": ""CARNIVAL"", ""kind"": ""load"", ""packet"": 8, ""rank"": 2, ""answer"": ""NO"", ""reported"": true, ""response"": ""NO"", ""correct"": true, ""correct_lenient"": true, ""answer_migrated"": false}, {""name"": ""LILAC"", ""kind"": ""passphrase"", ""packet"": 9, ""rank"": 3, ""answer"": ""INDIA HOTEL OSCAR"", ""reported"": true, ""response"": ""INDIA HOTEL OSCAR"", ""correct"": true, ""correct_lenient"": true, ""answer_migrated"": false}]",3,0,0.0,,,False,False,,,,,,"A Final_Answers block with the results for each task found in the provided data stream:

- Task TOBOGGAN: NO
- Task CARNIVAL: NO
- Task LILAC: INDIA HOTEL OSCAR",qwen2.5:3b,3.0,Qwen2.5,87.5
3,non-ordered,True,True,,,,,,semantic_3,direct,11,3,THIMBLE,"[2, 10, 11]",0.0,1024,,1109,3,MIKE CHARLIE PAPA,,,,0,True,True,True,0.5,"[{""name"": ""QUICKSAND"", ""kind"": ""load"", ""packet"": 2, ""rank"": 1, ""answer"": ""INVALID"", ""reported"": true, ""response"": ""INVALID"", ""correct"": true, ""correct_lenient"": true, ""answer_migrated"": false}, {""name"": ""LANTERN"", ""kind"": ""load"", ""packet"": 10, ""rank"": 2, ""answer"": ""INVALID"", ""reported"": true, ""response"": ""VALID"", ""correct"": false, ""correct_lenient"": false, ""answer_migrated"": false}, {""name"": ""THIMBLE"", ""kind"": ""passphrase"", ""packet"": 11, ""rank"": 3, ""answer"": ""MIKE CHARLIE PAPA"", ""reported"": true, ""response"": ""MIKE CHARLIE PAPA"", ""correct"": true, ""correct_lenient"": true, ""answer_migrated"": false}]",3,0,0.0,,,False,False,,,,,,"A <Final_Answers> block with EXACTLY one line per task found in the stream, each line in the form:
- Task QUICKSAND: INVALID
- Task LANTERN: VALID
- Task THIMBLE: MIKE CHARLIE PAPA",qwen2.5:3b,3.0,Qwen2.5,87.5
3,non-ordered,True,True,,,,,,semantic_3,direct,11,3,CHIMNEY,"[1, 6, 11]",0.0,1024,,2109,3,MIKE ROMEO NOVEMBER,,,,0,True,True,True,1.0,"[{""name"": ""OBELISK"", ""kind"": ""load"", ""packet"": 1, ""rank"": 1, ""answer"": ""INVALID"", ""reported"": true, ""response"": ""INVALID"", ""correct"": true, ""correct_lenient"": true, ""answer_migrated"": false}, {""name"": ""HARMONICA"", ""kind"": ""load"", ""packet"": 6, ""rank"": 2, ""answer"": ""VALID"", ""reported"": true, ""response"": ""VALID"", ""correct"": true, ""correct_lenient"": true, ""answer_migrated"": false}, {""name"": ""CHIMNEY"", ""kind"": ""passphrase"", ""packet"": 11, ""rank"": 3, ""answer"": ""MIKE ROMEO NOVEMBER"", ""reported"": true, ""response"": ""MIKE ROMEO NOVEMBER"", ""correct"": true, ""correct_lenient"": true, ""answer_migrated"": false}]",3,0,0.0,,,False,False,,,,,,"- Task OBELISK: INVALID
- Task HARMONICA: VALID
- Task CHIMNEY: MIKE ROMEO NOVEMBER",qwen2.5:3b,3.0,Qwen2.5,87.5
3,non-ordered,True,True,,,,,,semantic_3,direct,11,3,WOMBAT,"[7, 10, 11]",0.0,1024,,3109,3,ECHO ZULU HOTEL,,,,0,True,True,True,1.0,"[{""name"": ""NOODLE"", ""kind"": ""load"", ""packet"": 7, ""rank"": 1, ""answer"": ""INVALID"", ""reported"": true, ""response"": ""INVALID"", ""correct"": true, ""correct_lenient"": true, ""answer_migrated"": false}, {""name"": ""UNICYCLE"", ""kind"": ""load"", ""packet"": 10, ""rank"": 2, ""answer"": ""VALID"", ""reported"": true, ""response"": ""VALID"", ""correct"": true, ""correct_lenient"": true, ""answer_migrated"": false}, {""name"": ""WOMBAT"", ""kind"": ""passphrase"", ""packet"": 11, ""rank"": 3, ""answer"": ""ECHO ZULU HOTEL"", ""reported"": true, ""response"": ""ECHO ZULU HOTEL"", ""correct"": true, ""correct_lenient"": true, ""answer_migrated"": false}]",3,0,0.0,,,False,False,,,,,,"- Task NOODLE: INVALID
- Task UNICYCLE: VALID
- Task WOMBAT: ECHO ZULU HOTEL",qwen2.5:3b,3.0,Qwen2.5,87.5
3,non-ordered,True,True,,,,,,semantic_3,direct,10,3,DOLPHIN,"[6, 9, 10]",0.0,1024,,4109,3,JULIET FOXTROT YANKEE,,,,0,True,True,True,0.5,"[{""name"": ""NARWHAL"", ""kind"": ""load"", ""packet"": 6, ""rank"": 1, ""answer"": ""VALID"", ""reported"": true, ""response"": ""INVALID"", ""correct"": false, ""correct_lenient"": false, ""answer_migrated"": false}, {""name"": ""TULIP"", ""kind"": ""load"", ""packet"": 9, ""rank"": 2, ""answer"": ""NO"", ""reported"": true, ""response"": ""NO"", ""correct"": true, ""correct_lenient"": true, ""answer_migrated"": false}, {""name"": ""DOLPHIN"", ""kind"": ""passphrase"", ""packet"": 10, ""rank"": 3, ""answer"": ""JULIET FOXTROT YANKEE"", ""reported"": true, ""response"": ""JULIET FOXTROT YANKEE"", ""correct"": true, ""correct_lenient"": true, ""answer_migrated"": false}]",3,0,0.0,,,False,False,,,,,,"A <Final_Answers> block with EXACTLY one line per task found in the stream, each line in the form:
- Task NARWHAL: INVALID
- Task TULIP: NO
- Task DOLPHIN: JULIET FOXTROT YANKEE",qwen2.5:3b,3.0,Qwen2.5,87.5
3,non-ordered,True,True,,,,,,semantic_3,direct,14,3,BAGPIPE,"[5, 7, 14]",0.0,1024,,5109,3,MIKE WHISKEY KILO,,,,0,True,True,True,0.5,"[{""name"": ""SAPPHIRE"", ""kind"": ""load"", ""packet"": 5, ""rank"": 1, ""answer"": ""YES"", ""reported"": true, ""response"": ""NO"", ""correct"": false, ""correct_lenient"": false, ""answer_migrated"": false}, {""name"": ""MANDOLIN"", ""kind"": ""load"", ""packet"": 7, ""rank"": 2, ""answer"": ""VALID"", ""reported"": true, ""response"": ""VALID"", ""correct"": true, ""correct_lenient"": true, ""answer_migrated"": false}, {""name"": ""BAGPIPE"", ""kind"": ""passphrase"", ""packet"": 14, ""rank"": 3, ""answer"": ""MIKE WHISKEY KILO"", ""reported"": true, ""response"": ""MIKE WHISKEY KILO"", ""correct"": true, ""correct_lenient"": true, ""answer_migrated"": false}]",3,0,0.0,,,False,False,,,,,,"- Task SAPPHIRE: NO
- Task MANDOLIN: VALID
- Task BAGPIPE: MIKE WHISKEY KILO",qwen2.5:3b,3.0,Qwen2.5,87.5
3,non-ordered,True,True,,,,,,semantic_3,direct,15,3,OPAL,"[7, 12, 15]",0.0,1024,,6109,3,GOLF ZULU YANKEE,,,,0,True,True,True,0.5,"[{""name"": ""LANTERN"", ""kind"": ""load"", ""packet"": 7, ""rank"": 1, ""answer"": ""VALID"", ""reported"": true, ""response"": ""INVALID"", ""correct"": false, ""correct_lenient"": false, ""answer_migrated"": false}, {""name"": ""LILAC"", ""kind"": ""load"", ""packet"": 12, ""rank"": 2, ""answer"": ""VALID"", ""reported"": true, ""response"": ""VALID"", ""correct"": true, ""correct_lenient"": true, ""answer_migrated"": false}, {""name"": ""OPAL"", ""kind"": ""passphrase"", ""packet"": 15, ""rank"": 3, ""answer"": ""GOLF ZULU YANKEE"", ""reported"": true, ""response"": ""GOLF ZULU YANKEE"", ""correct"": true, ""correct_lenient"": true, ""answer_migrated"": false}]",3,0,0.0,,,False,False,,,,,,"A Final_Answers block with the results for each task found in the provided data stream:

- Task LANTERN: INVALID
- Task LILAC: VALID
- Task OPAL: GOLF ZULU YANKEE",qwen2.5:3b,3.0,Qwen2.5,87.5
3,non-ordered,True,True,,,,,,semantic_3,direct,6,3,TAPESTRY,"[3, 4, 6]",0.0,1024,,7109,3,BRAVO YANKEE TANGO,,,,0,True,True,True,0.5,"[{""name"": ""SAPPHIRE"", ""kind"": ""load"", ""packet"": 3, ""rank"": 1, ""answer"": ""VALID"", ""reported"": true, ""response"": ""INVALID"", ""correct"": false, ""correct_lenient"": false, ""answer_migrated"": false}, {""name"": ""URCHIN"", ""kind"": ""load"", ""packet"": 4, ""rank"": 2, ""answer"": ""VALID"", ""reported"": true, ""response"": ""VALID"", ""correct"": true, ""correct_lenient"": true, ""answer_migrated"": false}, {""name"": ""TAPESTRY"", ""kind"": ""passphrase"", ""packet"": 6, ""rank"": 3, ""answer"": ""BRAVO YANKEE TANGO"", ""reported"": true, ""response"": ""BRAVO YANKEE TANGO"", ""correct"": true, ""correct_lenient"": true, ""answer_migrated"": false}]",3,0,0.0,,,False,False,,,,,,"A Final_Answers block with tasks and their corresponding results as follows:

- Task SAPPHIRE: INVALID
- Task URCHIN: VALID
- Task TAPESTRY: BRAVO YANKEE TANGO",qwen2.5:3b,3.0,Qwen2.5,87.5
5,non-ordered,False,True,,,,,,trivial,direct,4,1,RASPBERRY,"[4, 6, 10, 11, 14]",0.0,1024,,114,3,HOTEL SIERRA DELTA,,,,0,True,True,True,1.0,"[{""name"": ""RASPBERRY"", ""kind"": ""passphrase"", ""packet"": 4, ""rank"": 1, ""answer"": ""HOTEL SIERRA DELTA"", ""reported"": true, ""response"": ""HOTEL SIERRA DELTA"", ""correct"": true, ""correct_lenient"": true, ""answer_migrated"": false}, {""name"": ""NECTARINE"", ""kind"": ""load"", ""packet"": 6, ""rank"": 2, ""answer"": ""STORM"", ""reported"": true, ""response"": ""STORM"", ""correct"": true, ""correct_lenient"": true, ""answer_migrated"": false}, {""name"": ""PLATYPUS"", ""kind"": ""load"", ""packet"": 10, ""rank"": 3, ""answer"": ""BROWN"", ""reported"": true, ""response"": ""BROWN"", ""correct"": true, ""correct_lenient"": true, ""answer_migrated"": false}, {""name"": ""INKWELL"", ""kind"": ""load"", ""packet"": 11, ""rank"": 4, ""answer"": ""LAKE"", ""reported"": true, ""response"": ""LAKE"", ""correct"": true, ""correct_lenient"": true, ""answer_migrated"": false}, {""name"": ""KAYAK"", ""kind"": ""load"", ""packet"": 14, ""rank"": 5, ""answer"": ""FINCH"", ""reported"": true, ""response"": ""FINCH"", ""correct"": true, ""correct_lenient"": true, ""answer_migrated"": false}]",5,0,0.0,,,False,False,,,,,,"- Task RASPBERRY: HOTEL SIERRA DELTA
- Task NECTARINE: STORM
- Task PLATYPUS: BROWN
- Task INKWELL: LAKE
- Task KAYAK: FINCH",qwen2.5:3b,3.0,Qwen2.5,87.5
5,non-ordered,False,True,,,,,,trivial,direct,14,5,CENTIPEDE,"[8, 10, 11, 12, 14]",0.0,1024,,1114,3,QUEBEC INDIA OSCAR,,,,0,True,True,True,1.0,"[{""name"": ""METRONOME"", ""kind"": ""load"", ""packet"": 8, ""rank"": 1, ""answer"": ""RICE"", ""reported"": true, ""response"": ""RICE"", ""correct"": true, ""correct_lenient"": true, ""answer_migrated"": false}, {""name"": ""CATAPULT"", ""kind"": ""load"", ""packet"": 10, ""rank"": 2, ""answer"": ""SPOON"", ""reported"": true, ""response"": ""SPOON"", ""correct"": true, ""correct_lenient"": true, ""answer_migrated"": false}, {""name"": ""LANTERN"", ""kind"": ""load"", ""packet"": 11, ""rank"": 3, ""answer"": ""CHERRY"", ""reported"": true, ""response"": ""CHERRY"", ""correct"": true, ""correct_lenient"": true, ""answer_migrated"": false}, {""name"": ""DAFFODIL"", ""kind"": ""load"", ""packet"": 12, ""rank"": 4, ""answer"": ""PLATE"", ""reported"": true, ""response"": ""PLATE"", ""correct"": true, ""correct_lenient"": true, ""answer_migrated"": false}, {""name"": ""CENTIPEDE"", ""kind"": ""passphrase"", ""packet"": 14, ""rank"": 5, ""answer"": ""QUEBEC INDIA OSCAR"", ""reported"": true, ""response"": ""QUEBEC INDIA OSCAR"", ""correct"": true, ""correct_lenient"": true, ""answer_migrated"": false}]",5,0,0.0,,,False,False,,,,,,"A <Final_Answers> block with EXACTLY one line per task found in the stream, each line in the form:
- Task METRONOME: RICE
- Task CATAPULT: SPOON
- Task LANTERN: CHERRY
- Task DAFFODIL: PLATE
- Task CENTIPEDE: QUEBEC INDIA OSCAR",qwen2.5:3b,3.0,Qwen2.5,87.5
5,non-ordered,False,True,,,,,,trivial,direct,4,1,YOGURT,"[4, 5, 8, 9, 15]",0.0,1024,,2114,3,HOTEL GOLF VICTOR,,,,0,True,True,True,1.0,"[{""name"": ""YOGURT"", ""kind"": ""passphrase"", ""packet"": 4, ""rank"": 1, ""answer"": ""HOTEL GOLF VICTOR"", ""reported"": true, ""response"": ""HOTEL GOLF VICTOR"", ""correct"": true, ""correct_lenient"": true, ""answer_migrated"": false}, {""name"": ""EGGPLANT"", ""kind"": ""load"", ""packet"": 5, ""rank"": 2, ""answer"": ""BEAR"", ""reported"": true, ""response"": ""BEAR"", ""correct"": true, ""correct_lenient"": true, ""answer_migrated"": false}, {""name"": ""PISTACHIO"", ""kind"": ""load"", ""packet"": 8, ""rank"": 3, ""answer"": ""MAROON"", ""reported"": true, ""response"": ""MAROON"", ""correct"": true, ""correct_lenient"": true, ""answer_migrated"": false}, {""name"": ""QUARRY"", ""kind"": ""load"", ""packet"": 9, ""rank"": 4, ""answer"": ""VIOLET"", ""reported"": true, ""response"": ""VIOLET"", ""correct"": true, ""correct_lenient"": true, ""answer_migrated"": false}, {""name"": ""TROMBONE"", ""kind"": ""load"", ""packet"": 15, ""rank"": 5, ""answer"": ""DUCK"", ""reported"": true, ""response"": ""DUCK"", ""correct"": true, ""correct_lenient"": true, ""answer_migrated"": false}]",5,0,0.0,,,False,False,,,,,,"A <Final_Answers> block with EXACTLY one line per task found in the stream, each line in the form:
- Task YOGURT: HOTEL GOLF VICTOR
- Task EGGPLANT: BEAR
- Task PISTACHIO: MAROON
- Task QUARRY: VIOLET
- Task TROMBONE: DUCK",qwen2.5:3b,3.0,Qwen2.5,87.5
5,non-ordered,False,True,,,,,,trivial,direct,11,4,SAXOPHONE,"[5, 7, 8, 11, 13]",0.0,1024,,3114,3,HOTEL INDIA ROMEO,,,,0,True,True,True,1.0,"[{""name"": ""PARSNIP"", ""kind"": ""load"", ""packet"": 5, ""rank"": 1, ""answer"": ""CAT"", ""reported"": true, ""response"": ""CAT"", ""correct"": true, ""correct_lenient"": true, ""answer_migrated"": false}, {""name"": ""PELICAN"", ""kind"": ""load"", ""packet"": 7, ""rank"": 2, ""answer"": ""ONION"", ""reported"": true, ""response"": ""ONION"", ""correct"": true, ""correct_lenient"": true, ""answer_migrated"": false}, {""name"": ""DUMPLING"", ""kind"": ""load"", ""packet"": 8, ""rank"": 3, ""answer"": ""GRAPE"", ""reported"": true, ""response"": ""GRAPE"", ""correct"": true, ""correct_lenient"": true, ""answer_migrated"": false}, {""name"": ""SAXOPHONE"", ""kind"": ""passphrase"", ""packet"": 11, ""rank"": 4, ""answer"": ""HOTEL INDIA ROMEO"", ""reported"": true, ""response"": ""HOTEL INDIA ROMEO"", ""correct"": true, ""correct_lenient"": true, ""answer_migrated"": false}, {""name"": ""DAFFODIL"", ""kind"": ""load"", ""packet"": 13, ""rank"": 5, ""answer"": ""WALL"", ""reported"": true, ""response"": ""WALL"", ""correct"": true, ""correct_lenient"": true, ""answer_migrated"": false}]",5,0,0.0,,,False,False,,,,,,"A <Final_Answers> block with EXACTLY one line per task found in the stream, each line in the form:
- Task PARSNIP: CAT
- Task PELICAN: ONION
- Task DUMPLING: GRAPE
- Task SAXOPHONE: HOTEL INDIA ROMEO
- Task DAFFODIL: WALL",qwen2.5:3b,3.0,Qwen2.5,87.5
5,non-ordered,False,True,,,,,,trivial,direct,9,4,HAMMOCK,"[1, 2, 4, 9, 15]",0.0,1024,,4114,3,ALPHA XRAY WHISKEY,,,,0,True,True,True,1.0,"[{""name"": ""UNICYCLE"", ""kind"": ""load"", ""packet"": 1, ""rank"": 1, ""answer"": ""WOLF"", ""reported"": true, ""response"": ""WOLF"", ""correct"": true, ""correct_lenient"": true, ""answer_migrated"": false}, {""name"": ""KUMQUAT"", ""kind"": ""load"", ""packet"": 2, ""rank"": 2, ""answer"": ""CRAB"", ""reported"": true, ""response"": ""CRAB"", ""correct"": true, ""correct_lenient"": true, ""answer_migrated"": false}, {""name"": ""GONDOLA"", ""kind"": ""load"", ""packet"": 4, ""rank"": 3, ""answer"": ""LAMP"", ""reported"": true, ""response"": ""LAMP"", ""correct"": true, ""correct_lenient"": true, ""answer_migrated"": false}, {""name"": ""HAMMOCK"", ""kind"": ""passphrase"", ""packet"": 9, ""rank"": 4, ""answer"": ""ALPHA XRAY WHISKEY"", ""reported"": true, ""response"": ""ALPHA XRAY WHISKEY"", ""correct"": true, ""correct_lenient"": true, ""answer_migrated"": false}, {""name"": ""WATERMELON"", ""kind"": ""load"", ""packet"": 15, ""rank"": 5, ""answer"": ""CARROT"", ""reported"": true, ""response"": ""CARROT"", ""correct"": true, ""correct_lenient"": true, ""answer_migrated"": false}]",5,0,0.0,,,False,False,,,,,,"A <Final_Answers> block with EXACTLY one line per task found in the stream, each line in the form:
- Task UNICYCLE: WOLF
- Task KUMQUAT: CRAB
- Task GONDOLA: LAMP
- Task HAMMOCK: ALPHA XRAY WHISKEY
- Task WATERMELON: CARROT",qwen2.5:3b,3.0,Qwen2.5,87.5
5,non-ordered,False,True,,,,,,trivial,direct,4,1,JIGSAW,"[4, 10, 11, 12, 14]",0.0,1024,,5114,3,GOLF QUEBEC OSCAR,,,,0,True,True,True,1.0,"[{""name"": ""JIGSAW"", ""kind"": ""passphrase"", ""packet"": 4, ""rank"": 1, ""answer"": ""GOLF QUEBEC OSCAR"", ""reported"": true, ""response"": ""GOLF QUEBEC OSCAR"", ""correct"": true, ""correct_lenient"": true, ""answer_migrated"": false}, {""name"": ""ORIGAMI"", ""kind"": ""load"", ""packet"": 10, ""rank"": 2, ""answer"": ""SEAL"", ""reported"": true, ""response"": ""SEAL"", ""correct"": true, ""correct_lenient"": true, ""answer_migrated"": false}, {""name"": ""QUICKSAND"", ""kind"": ""load"", ""packet"": 11, ""rank"": 3, ""answer"": ""TABLE"", ""reported"": true, ""response"": ""TABLE"", ""correct"": true, ""correct_lenient"": true, ""answer_migrated"": false}, {""name"": ""BLIZZARD"", ""kind"": ""load"", ""packet"": 12, ""rank"": 4, ""answer"": ""BLUE"", ""reported"": true, ""response"": ""BLUE"", ""correct"": true, ""correct_lenient"": true, ""answer_migrated"": false}, {""name"": ""BAGPIPE"", ""kind"": ""load"", ""packet"": 14, ""rank"": 5, ""answer"": ""BLACK"", ""reported"": true, ""response"": ""BLACK"", ""correct"": true, ""correct_lenient"": true, ""answer_migrated"": false}]",5,0,0.0,,,False,False,,,,,,"<Final_Answers>
- Task JIGSAW: GOLF QUEBEC OSCAR
- Task ORIGAMI: SEAL
- Task QUICKSAND: TABLE
- Task BLIZZARD: BLUE
- Task BAGPIPE: BLACK
",qwen2.5:3b,3.0,Qwen2.5,87.5
5,non-ordered,False,True,,,,,,trivial,direct,14,5,ZIGZAG,"[7, 9, 11, 12, 14]",0.0,1024,,6114,3,CHARLIE SIERRA ECHO,,,,0,True,True,True,1.0,"[{""name"": ""JIGSAW"", ""kind"": ""load"", ""packet"": 7, ""rank"": 1, ""answer"": ""CRAB"", ""reported"": true, ""response"": ""CRAB"", ""correct"": true, ""correct_lenient"": true, ""answer_migrated"": false}, {""name"": ""ZEPPELIN"", ""kind"": ""load"", ""packet"": 9, ""rank"": 2, ""answer"": ""LEMON"", ""reported"": true, ""response"": ""LEMON"", ""correct"": true, ""correct_lenient"": true, ""answer_migrated"": false}, {""name"": ""CACTUS"", ""kind"": ""load"", ""packet"": 11, ""rank"": 3, ""answer"": ""MAROON"", ""reported"": true, ""response"": ""MAROON"", ""correct"": true, ""correct_lenient"": true, ""answer_migrated"": false}, {""name"": ""HARMONICA"", ""kind"": ""load"", ""packet"": 12, ""rank"": 4, ""answer"": ""STONE"", ""reported"": true, ""response"": ""STONE"", ""correct"": true, ""correct_lenient"": true, ""answer_migrated"": false}, {""name"": ""ZIGZAG"", ""kind"": ""passphrase"", ""packet"": 14, ""rank"": 5, ""answer"": ""CHARLIE SIERRA ECHO"", ""reported"": true, ""response"": ""CHARLIE SIERRA ECHO"", ""correct"": true, ""correct_lenient"": true, ""answer_migrated"": false}]",5,0,0.0,,,False,False,,,,,,"A <Final_Answers> block with EXACTLY one line per task you found in the stream, each line in the form:
- Task JIGSAW: CRAB
- Task ZEPPELIN: LEMON
- Task CACTUS: MAROON
- Task HARMONICA: STONE
- Task ZIGZAG: CHARLIE SIERRA ECHO",qwen2.5:3b,3.0,Qwen2.5,87.5
5,non-ordered,False,True,,,,,,trivial,direct,3,2,UKULELE,"[2, 3, 6, 13, 15]",0.0,1024,,7114,3,HOTEL PAPA FOXTROT,,,,0,True,True,True,1.0,"[{""name"": ""DAFFODIL"", ""kind"": ""load"", ""packet"": 2, ""rank"": 1, ""answer"": ""GARLIC"", ""reported"": true, ""response"": ""GARLIC"", ""correct"": true, ""correct_lenient"": true, ""answer_migrated"": false}, {""name"": ""UKULELE"", ""kind"": ""passphrase"", ""packet"": 3, ""rank"": 2, ""answer"": ""HOTEL PAPA FOXTROT"", ""reported"": true, ""response"": ""HOTEL PAPA FOXTROT"", ""correct"": true, ""correct_lenient"": true, ""answer_migrated"": false}, {""name"": ""VOLCANO"", ""kind"": ""load"", ""packet"": 6, ""rank"": 3, ""answer"": ""CYAN"", ""reported"": true, ""response"": ""CYAN"", ""correct"": true, ""correct_lenient"": true, ""answer_migrated"": false}, {""name"": ""VINEYARD"", ""kind"": ""load"", ""packet"": 13, ""rank"": 4, ""answer"": ""OWL"", ""reported"": true, ""response"": ""OWL"", ""correct"": true, ""correct_lenient"": true, ""answer_migrated"": false}, {""name"": ""RAVIOLI"", ""kind"": ""load"", ""packet"": 15, ""rank"": 5, ""answer"": ""WHITE"", ""reported"": true, ""response"": ""WHITE"", ""correct"": true, ""correct_lenient"": true, ""answer_migrated"": false}]",5,0,0.0,,,False,False,,,,,,"A <Final_Answers> block with EXACTLY one line per task found in the stream, each line in the form:
- Task DAFFODIL: GARLIC
- Task UKULELE: HOTEL PAPA FOXTROT
- Task VOLCANO: CYAN
- Task VINEYARD: OWL
- Task RAVIOLI: WHITE",qwen2.5:3b,3.0,Qwen2.5,87.5
5,non-ordered,True,True,,,,,,trivial,direct,14,5,INKWELL,"[4, 6, 10, 11, 14]",0.0,1024,,114,3,HOTEL SIERRA DELTA,,,,0,True,True,True,1.0,"[{""name"": ""TROMBONE"", ""kind"": ""load"", ""packet"": 4, ""rank"": 1, ""answer"": ""STONE"", ""reported"": true, ""response"": ""STONE"", ""correct"": true, ""correct_lenient"": true, ""answer_migrated"": false}, {""name"": ""RASPBERRY"", ""kind"": ""load"", ""packet"": 6, ""rank"": 2, ""answer"": ""WHALE"", ""reported"": true, ""response"": ""WHALE"", ""correct"": true, ""correct_lenient"": true, ""answer_migrated"": false}, {""name"": ""NECTARINE"", ""kind"": ""load"", ""packet"": 10, ""rank"": 3, ""answer"": ""STORM"", ""reported"": true, ""response"": ""STORM"", ""correct"": true, ""correct_lenient"": true, ""answer_migrated"": false}, {""name"": ""PLATYPUS"", ""kind"": ""load"", ""packet"": 11, ""rank"": 4, ""answer"": ""BROWN"", ""reported"": true, ""response"": ""BROWN"", ""correct"": true, ""correct_lenient"": true, ""answer_migrated"": false}, {""name"": ""INKWELL"", ""kind"": ""passphrase"", ""packet"": 14, ""rank"": 5, ""answer"": ""HOTEL SIERRA DELTA"", ""reported"": true, ""response"": ""HOTEL SIERRA DELTA"", ""correct"": true, ""correct_lenient"": true, ""answer_migrated"": false}]",5,0,0.0,,,False,False,,,,,,"A <Final_Answers> block with EXACTLY one line per task found in the stream, each line in the form:
- Task TROMBONE: STONE
- Task RASPBERRY: WHALE
- Task NECTARINE: STORM
- Task PLATYPUS: BROWN
- Task INKWELL: HOTEL SIERRA DELTA",qwen2.5:3b,3.0,Qwen2.5,87.5
5,non-ordered,True,True,,,,,,trivial,direct,14,5,DAFFODIL,"[8, 10, 11, 12, 14]",0.0,1024,,1114,3,QUEBEC INDIA OSCAR,,,,0,False,False,False,1.0,"[{""name"": ""WALNUT"", ""kind"": ""load"", ""packet"": 8, ""rank"": 1, ""answer"": ""BREAD"", ""reported"": true, ""response"": ""BREAD"", ""correct"": true, ""correct_lenient"": true, ""answer_migrated"": false}, {""name"": ""METRONOME"", ""kind"": ""load"", ""packet"": 10, ""rank"": 2, ""answer"": ""RICE"", ""reported"": true, ""response"": ""RICE"", ""correct"": true, ""correct_lenient"": true, ""answer_migrated"": false}, {""name"": ""CATAPULT"", ""kind"": ""load"", ""packet"": 11, ""rank"": 3, ""answer"": ""SPOON"", ""reported"": true, ""response"": ""SPOON"", ""correct"": true, ""correct_lenient"": true, ""answer_migrated"": false}, {""name"": ""LANTERN"", ""kind"": ""load"", ""packet"": 12, ""rank"": 4, ""answer"": ""CHERRY"", ""reported"": true, ""response"": ""CHERRY"", ""correct"": true, ""correct_lenient"": true, ""answer_migrated"": false}, {""name"": ""DAFFODIL"", ""kind"": ""passphrase"", ""packet"": 14, ""rank"": 5, ""answer"": ""QUEBEC INDIA OSCAR"", ""reported"": false, ""response"": null, ""correct"": false, ""correct_lenient"": false, ""answer_migrated"": false}]",4,0,0.0,,,False,True,,,,,,"A <Final_Answers> block with EXACTLY one line per task you found in the stream, each line in the form:
- Task WALNUT: BREAD
- Task METRONOME: RICE
- Task CATAPULT: SPOON
- Task LANTERN: CHERRY",qwen2.5:3b,3.0,Qwen2.5,87.5
5,non-ordered,True,True,,,,,,trivial,direct,15,5,QUARRY,"[4, 5, 8, 9, 15]",0.0,1024,,2114,3,HOTEL GOLF VICTOR,,,,0,True,True,True,1.0,"[{""name"": ""TROMBONE"", ""kind"": ""load"", ""packet"": 4, ""rank"": 1, ""answer"": ""BLACK"", ""reported"": true, ""response"": ""BLACK"", ""correct"": true, ""correct_lenient"": true, ""answer_migrated"": false}, {""name"": ""YOGURT"", ""kind"": ""load"", ""packet"": 5, ""rank"": 2, ""answer"": ""BEAR"", ""reported"": true, ""response"": ""BEAR"", ""correct"": true, ""correct_lenient"": true, ""answer_migrated"": false}, {""name"": ""EGGPLANT"", ""kind"": ""load"", ""packet"": 8, ""rank"": 3, ""answer"": ""MAROON"", ""reported"": true, ""response"": ""MAROON"", ""correct"": true, ""correct_lenient"": true, ""answer_migrated"": false}, {""name"": ""PISTACHIO"", ""kind"": ""load"", ""packet"": 9, ""rank"": 4, ""answer"": ""VIOLET"", ""reported"": true, ""response"": ""VIOLET"", ""correct"": true, ""correct_lenient"": true, ""answer_migrated"": false}, {""name"": ""QUARRY"", ""kind"": ""passphrase"", ""packet"": 15, ""rank"": 5, ""answer"": ""HOTEL GOLF VICTOR"", ""reported"": true, ""response"": ""HOTEL GOLF VICTOR"", ""correct"": true, ""correct_lenient"": true, ""answer_migrated"": false}]",5,0,0.0,,,False,False,,,,,,"A <Final_Answers> block with EXACTLY one line per task found in the stream, each line in the form:
- Task TROMBONE: BLACK
- Task YOGURT: BEAR
- Task EGGPLANT: MAROON
- Task PISTACHIO: VIOLET
- Task QUARRY: HOTEL GOLF VICTOR",qwen2.5:3b,3.0,Qwen2.5,87.5
5,non-ordered,True,True,,,,,,trivial,direct,13,5,SAXOPHONE,"[5, 7, 8, 11, 13]",0.0,1024,,3114,3,HOTEL INDIA ROMEO,,,,0,True,True,True,0.75,"[{""name"": ""BONSAI"", ""kind"": ""load"", ""packet"": 5, ""rank"": 1, ""answer"": ""FOX"", ""reported"": true, ""response"": ""FOX"", ""correct"": true, ""correct_lenient"": true, ""answer_migrated"": false}, {""name"": ""PARSNIP"", ""kind"": ""load"", ""packet"": 7, ""rank"": 2, ""answer"": ""CAT"", ""reported"": true, ""response"": ""CAT"", ""correct"": true, ""correct_lenient"": true, ""answer_migrated"": false}, {""name"": ""PELICAN"", ""kind"": ""load"", ""packet"": 8, ""rank"": 3, ""answer"": ""ONION"", ""reported"": true, ""response"": ""ONION"", ""correct"": true, ""correct_lenient"": true, ""answer_migrated"": false}, {""name"": ""DUMPLING"", ""kind"": ""load"", ""packet"": 11, ""rank"": 4, ""answer"": ""GRAPE"", ""reported"": false, ""response"": null, ""correct"": false, ""correct_lenient"": false, ""answer_migrated"": false}, {""name"": ""SAXOPHONE"", ""kind"": ""passphrase"", ""packet"": 13, ""rank"": 5, ""answer"": ""HOTEL INDIA ROMEO"", ""reported"": true, ""response"": ""HOTEL INDIA ROMEO"", ""correct"": true, ""correct_lenient"": true, ""answer_migrated"": false}]",4,0,0.0,,,False,False,,,,,,"A <Final_Answers> block with EXACTLY one line per task found in the stream, each line in the form:
- Task BONSAI: FOX
- Task PARSNIP: CAT
- Task PELICAN: ONION
- Task SAXOPHONE: HOTEL INDIA ROMEO",qwen2.5:3b,3.0,Qwen2.5,87.5
5,non-ordered,True,True,,,,,,trivial,direct,15,5,HAMMOCK,"[1, 2, 4, 9, 15]",0.0,1024,,4114,3,ALPHA XRAY WHISKEY,,,,0,True,True,True,1.0,"[{""name"": ""HARMONICA"", ""kind"": ""load"", ""packet"": 1, ""rank"": 1, ""answer"": ""BLUE"", ""reported"": true, ""response"": ""BLUE"", ""correct"": true, ""correct_lenient"": true, ""answer_migrated"": false}, {""name"": ""UNICYCLE"", ""kind"": ""load"", ""packet"": 2, ""rank"": 2, ""answer"": ""WOLF"", ""reported"": true, ""response"": ""WOLF"", ""correct"": true, ""correct_lenient"": true, ""answer_migrated"": false}, {""name"": ""KUMQUAT"", ""kind"": ""load"", ""packet"": 4, ""rank"": 3, ""answer"": ""CRAB"", ""reported"": true, ""response"": ""CRAB"", ""correct"": true, ""correct_lenient"": true, ""answer_migrated"": false}, {""name"": ""GONDOLA"", ""kind"": ""load"", ""packet"": 9, ""rank"": 4, ""answer"": ""LAMP"", ""reported"": true, ""response"": ""LAMP"", ""correct"": true, ""correct_lenient"": true, ""answer_migrated"": false}, {""name"": ""HAMMOCK"", ""kind"": ""passphrase"", ""packet"": 15, ""rank"": 5, ""answer"": ""ALPHA XRAY WHISKEY"", ""reported"": true, ""response"": ""ALPHA XRAY WHISKEY"", ""correct"": true, ""correct_lenient"": true, ""answer_migrated"": false}]",5,0,0.0,,,False,False,,,,,,"- Task HARMONICA: BLUE
- Task UNICYCLE: WOLF
- Task KUMQUAT: CRAB
- Task GONDOLA: LAMP
- Task HAMMOCK: ALPHA XRAY WHISKEY",qwen2.5:3b,3.0,Qwen2.5,87.5
5,non-ordered,True,True,,,,,,trivial,direct,14,5,BLIZZARD,"[4, 10, 11, 12, 14]",0.0,1024,,5114,3,GOLF QUEBEC OSCAR,,,,0,True,True,True,1.0,"[{""name"": ""LANTERN"", ""kind"": ""load"", ""packet"": 4, ""rank"": 1, ""answer"": ""GOOSE"", ""reported"": true, ""response"": ""GOOSE"", ""correct"": true, ""correct_lenient"": true, ""answer_migrated"": false}, {""name"": ""JIGSAW"", ""kind"": ""load"", ""packet"": 10, ""rank"": 2, ""answer"": ""SEAL"", ""reported"": true, ""response"": ""SEAL"", ""correct"": true, ""correct_lenient"": true, ""answer_migrated"": false}, {""name"": ""ORIGAMI"", ""kind"": ""load"", ""packet"": 11, ""rank"": 3, ""answer"": ""TABLE"", ""reported"": true, ""response"": ""TABLE"", ""correct"": true, ""correct_lenient"": true, ""answer_migrated"": false}, {""name"": ""QUICKSAND"", ""kind"": ""load"", ""packet"": 12, ""rank"": 4, ""answer"": ""BLUE"", ""reported"": true, ""response"": ""BLUE"", ""correct"": true, ""correct_lenient"": true, ""answer_migrated"": false}, {""name"": ""BLIZZARD"", ""kind"": ""passphrase"", ""packet"": 14, ""rank"": 5, ""answer"": ""GOLF QUEBEC OSCAR"", ""reported"": true, ""response"": ""GOLF QUEBEC OSCAR"", ""correct"": true, ""correct_lenient"": true, ""answer_migrated"": false}]",5,0,0.0,,,False,False,,,,,,"<Final_Answers>
- Task LANTERN: GOOSE
- Task JIGSAW: SEAL
- Task ORIGAMI: TABLE
- Task QUICKSAND: BLUE
- Task BLIZZARD: GOLF QUEBEC OSCAR
",qwen2.5:3b,3.0,Qwen2.5,87.5
5,non-ordered,True,True,,,,,,trivial,direct,14,5,CACTUS,"[7, 9, 11, 12, 14]",0.0,1024,,6114,3,CHARLIE SIERRA ECHO,,,,0,True,True,True,1.0,"[{""name"": ""ROOSTER"", ""kind"": ""load"", ""packet"": 7, ""rank"": 1, ""answer"": ""DOOR"", ""reported"": true, ""response"": ""DOOR"", ""correct"": true, ""correct_lenient"": true, ""answer_migrated"": false}, {""name"": ""SAXOPHONE"", ""kind"": ""load"", ""packet"": 9, ""rank"": 2, ""answer"": ""ROOT"", ""reported"": true, ""response"": ""ROOT"", ""correct"": true, ""correct_lenient"": true, ""answer_migrated"": false}, {""name"": ""JIGSAW"", ""kind"": ""load"", ""packet"": 11, ""rank"": 3, ""answer"": ""CRAB"", ""reported"": true, ""response"": ""CRAB"", ""correct"": true, ""correct_lenient"": true, ""answer_migrated"": false}, {""name"": ""ZEPPELIN"", ""kind"": ""load"", ""packet"": 12, ""rank"": 4, ""answer"": ""LEMON"", ""reported"": true, ""response"": ""LEMON"", ""correct"": true, ""correct_lenient"": true, ""answer_migrated"": false}, {""name"": ""CACTUS"", ""kind"": ""passphrase"", ""packet"": 14, ""rank"": 5, ""answer"": ""CHARLIE SIERRA ECHO"", ""reported"": true, ""response"": ""CHARLIE SIERRA ECHO"", ""correct"": true, ""correct_lenient"": true, ""answer_migrated"": false}]",5,0,0.0,,,False,False,,,,,,"A <Final_Answers> block with EXACTLY one line per task you found in the stream, each line in the form:
- Task ROOSTER: DOOR
- Task SAXOPHONE: ROOT
- Task JIGSAW: CRAB
- Task ZEPPELIN: LEMON
- Task CACTUS: CHARLIE SIERRA ECHO",qwen2.5:3b,3.0,Qwen2.5,87.5
5,non-ordered,True,True,,,,,,trivial,direct,15,5,VINEYARD,"[2, 3, 6, 13, 15]",0.0,1024,,7114,3,HOTEL PAPA FOXTROT,,,,0,True,True,True,1.0,"[{""name"": ""PELICAN"", ""kind"": ""load"", ""packet"": 2, ""rank"": 1, ""answer"": ""CLOUD"", ""reported"": true, ""response"": ""CLOUD"", ""correct"": true, ""correct_lenient"": true, ""answer_migrated"": false}, {""name"": ""DAFFODIL"", ""kind"": ""load"", ""packet"": 3, ""rank"": 2, ""answer"": ""GARLIC"", ""reported"": true, ""response"": ""GARLIC"", ""correct"": true, ""correct_lenient"": true, ""answer_migrated"": false}, {""name"": ""UKULELE"", ""kind"": ""load"", ""packet"": 6, ""rank"": 3, ""answer"": ""CYAN"", ""reported"": true, ""response"": ""CYAN"", ""correct"": true, ""correct_lenient"": true, ""answer_migrated"": false}, {""name"": ""VOLCANO"", ""kind"": ""load"", ""packet"": 13, ""rank"": 4, ""answer"": ""OWL"", ""reported"": true, ""response"": ""OWL"", ""correct"": true, ""correct_lenient"": true, ""answer_migrated"": false}, {""name"": ""VINEYARD"", ""kind"": ""passphrase"", ""packet"": 15, ""rank"": 5, ""answer"": ""HOTEL PAPA FOXTROT"", ""reported"": true, ""response"": ""HOTEL PAPA FOXTROT"", ""correct"": true, ""correct_lenient"": true, ""answer_migrated"": false}]",5,0,0.0,,,False,False,,,,,,"A <Final_Answers> block with EXACTLY one line per task found in the stream, each line in the form:
- Task PELICAN: CLOUD
- Task DAFFODIL: GARLIC
- Task UKULELE: CYAN
- Task VOLCANO: OWL
- Task VINEYARD: HOTEL PAPA FOXTROT",qwen2.5:3b,3.0,Qwen2.5,87.5
5,non-ordered,False,True,,,,,,semantic_3,direct,5,1,EMERALD,"[5, 8, 10, 11, 13]",0.0,1024,,135,3,VICTOR LIMA UNIFORM,,,,0,True,True,True,0.5,"[{""name"": ""EMERALD"", ""kind"": ""passphrase"", ""packet"": 5, ""rank"": 1, ""answer"": ""VICTOR LIMA UNIFORM"", ""reported"": true, ""response"": ""VICTOR LIMA UNIFORM"", ""correct"": true, ""correct_lenient"": true, ""answer_migrated"": false}, {""name"": ""JIGSAW"", ""kind"": ""load"", ""packet"": 8, ""rank"": 2, ""answer"": ""INVALID"", ""reported"": true, ""response"": ""INVALID"", ""correct"": true, ""correct_lenient"": true, ""answer_migrated"": false}, {""name"": ""PYRAMID"", ""kind"": ""load"", ""packet"": 10, ""rank"": 3, ""answer"": ""VALID"", ""reported"": true, ""response"": ""VALID"", ""correct"": true, ""correct_lenient"": true, ""answer_migrated"": false}, {""name"": ""WALNUT"", ""kind"": ""load"", ""packet"": 11, ""rank"": 4, ""answer"": ""INVALID"", ""reported"": true, ""response"": ""VALID"", ""correct"": false, ""correct_lenient"": false, ""answer_migrated"": true}, {""name"": ""RASPBERRY"", ""kind"": ""load"", ""packet"": 13, ""rank"": 5, ""answer"": ""INVALID"", ""reported"": true, ""response"": ""VALID"", ""correct"": false, ""correct_lenient"": false, ""answer_migrated"": true}]",5,0,0.4,,,False,False,,,,,,"A Final_Answers block with the results for each task found in the provided data stream:

- Task EMERALD: VICTOR LIMA UNIFORM
- Task JIGSAW: INVALID
- Task PYRAMID: VALID
- Task WALNUT: VALID
- Task RASPBERRY: VALID",qwen2.5:3b,3.0,Qwen2.5,87.5
5,non-ordered,False,True,,,,,,semantic_3,direct,10,4,GONDOLA,"[4, 5, 9, 10, 15]",0.0,1024,,1135,3,ROMEO OSCAR ECHO,,,,0,True,True,True,0.25,"[{""name"": ""OBELISK"", ""kind"": ""load"", ""packet"": 4, ""rank"": 1, ""answer"": ""NO"", ""reported"": true, ""response"": ""NO"", ""correct"": true, ""correct_lenient"": true, ""answer_migrated"": false}, {""name"": ""METRONOME"", ""kind"": ""load"", ""packet"": 5, ""rank"": 2, ""answer"": ""VALID"", ""reported"": true, ""response"": ""INVALID"", ""correct"": false, ""correct_lenient"": false, ""answer_migrated"": true}, {""name"": ""PYRAMID"", ""kind"": ""load"", ""packet"": 9, ""rank"": 3, ""answer"": ""INVALID"", ""reported"": true, ""response"": ""VALID"", ""correct"": false, ""correct_lenient"": false, ""answer_migrated"": true}, {""name"": ""GONDOLA"", ""kind"": ""passphrase"", ""packet"": 10, ""rank"": 4, ""answer"": ""ROMEO OSCAR ECHO"", ""reported"": true, ""response"": ""ROMEO OSCAR ECHO"", ""correct"": true, ""correct_lenient"": true, ""answer_migrated"": false}, {""name"": ""VOLCANO"", ""kind"": ""load"", ""packet"": 15, ""rank"": 5, ""answer"": ""YES"", ""reported"": false, ""response"": null, ""correct"": false, ""correct_lenient"": false, ""answer_migrated"": false}]",4,1,0.5,,,False,False,,,,,,"- Task OBELISK: NO
- Task METRONOME: INVALID
- Task PYRAMID: VALID
- Task GONDOLA: ROMEO OSCAR ECHO
- Task IRIS: YES",qwen2.5:3b,3.0,Qwen2.5,87.5
5,non-ordered,False,True,,,,,,semantic_3,direct,13,3,GARGOYLE,"[3, 10, 13, 14, 15]",0.0,1024,,2135,3,TANGO ALPHA YANKEE,,,,0,True,True,True,0.5,"[{""name"": ""SCARECROW"", ""kind"": ""load"", ""packet"": 3, ""rank"": 1, ""answer"": ""YES"", ""reported"": true, ""response"": ""NO"", ""correct"": false, ""correct_lenient"": false, ""answer_migrated"": false}, {""name"": ""KETTLE"", ""kind"": ""load"", ""packet"": 10, ""rank"": 2, ""answer"": ""VALID"", ""reported"": true, ""response"": ""VALID"", ""correct"": true, ""correct_lenient"": true, ""answer_migrated"": false}, {""name"": ""GARGOYLE"", ""kind"": ""passphrase"", ""packet"": 13, ""rank"": 3, ""answer"": ""TANGO ALPHA YANKEE"", ""reported"": true, ""response"": ""TANGO ALPHA YANKEE"", ""correct"": true, ""correct_lenient"": true, ""answer_migrated"": false}, {""name"": ""HEDGEHOG"", ""kind"": ""load"", ""packet"": 14, ""rank"": 4, ""answer"": ""VALID"", ""reported"": true, ""response"": ""VALID"", ""correct"": true, ""correct_lenient"": true, ""answer_migrated"": false}, {""name"": ""QUILT"", ""kind"": ""load"", ""packet"": 15, ""rank"": 5, ""answer"": ""INVALID"", ""reported"": true, ""response"": ""VALID"", ""correct"": false, ""correct_lenient"": false, ""answer_migrated"": true}]",5,0,0.2,,,False,False,,,,,,"A Final_Answers block with responses to the tasks found in the provided data stream:

- Task SCARECROW: NO
- Task KETTLE: VALID
- Task GARGOYLE: TANGO ALPHA YANKEE
- Task HEDGEHOG: VALID
- Task QUILT: VALID",qwen2.5:3b,3.0,Qwen2.5,87.5
5,non-ordered,False,True,,,,,,semantic_3,direct,10,4,PLATYPUS,"[7, 8, 9, 10, 15]",0.0,1024,,3135,3,NOVEMBER SIERRA ROMEO,,,,0,True,True,True,1.0,"[{""name"": ""OBELISK"", ""kind"": ""load"", ""packet"": 7, ""rank"": 1, ""answer"": ""INVALID"", ""reported"": true, ""response"": ""INVALID"", ""correct"": true, ""correct_lenient"": true, ""answer_migrated"": false}, {""name"": ""WALNUT"", ""kind"": ""load"", ""packet"": 8, ""rank"": 2, ""answer"": ""VALID"", ""reported"": true, ""response"": ""VALID"", ""correct"": true, ""correct_lenient"": true, ""answer_migrated"": false}, {""name"": ""CACTUS"", ""kind"": ""load"", ""packet"": 9, ""rank"": 3, ""answer"": ""VALID"", ""reported"": true, ""response"": ""VALID"", ""correct"": true, ""correct_lenient"": true, ""answer_migrated"": false}, {""name"": ""PLATYPUS"", ""kind"": ""passphrase"", ""packet"": 10, ""rank"": 4, ""answer"": ""NOVEMBER SIERRA ROMEO"", ""reported"": true, ""response"": ""NOVEMBER SIERRA ROMEO"", ""correct"": true, ""correct_lenient"": true, ""answer_migrated"": false}, {""name"": ""HAMMOCK"", ""kind"": ""load"", ""packet"": 15, ""rank"": 5, ""answer"": ""VALID"", ""reported"": true, ""response"": ""VALID"", ""correct"": true, ""correct_lenient"": true, ""answer_migrated"": false}]",5,0,0.0,,,False,False,,,,,,"A Final_Answers block with responses to the logic tasks from the provided data stream:

- Task OBELISK: INVALID
- Task WALNUT: VALID
- Task CACTUS: VALID
- Task PLATYPUS: NOVEMBER SIERRA ROMEO
- Task HAMMOCK: VALID",qwen2.5:3b,3.0,Qwen2.5,87.5
5,non-ordered,False,True,,,,,,semantic_3,direct,8,4,URCHIN,"[1, 3, 6, 8, 11]",0.0,1024,,4135,3,INDIA WHISKEY VICTOR,,,,0,True,True,True,0.5,"[{""name"": ""QUILT"", ""kind"": ""load"", ""packet"": 1, ""rank"": 1, ""answer"": ""VALID"", ""reported"": true, ""response"": ""INVALID"", ""correct"": false, ""correct_lenient"": false, ""answer_migrated"": true}, {""name"": ""VOLCANO"", ""kind"": ""load"", ""packet"": 3, ""rank"": 2, ""answer"": ""VALID"", ""reported"": true, ""response"": ""VALID"", ""correct"": true, ""correct_lenient"": true, ""answer_migrated"": false}, {""name"": ""TROMBONE"", ""kind"": ""load"", ""packet"": 6, ""rank"": 3, ""answer"": ""INVALID"", ""reported"": true, ""response"": ""VALID"", ""correct"": false, ""correct_lenient"": false, ""answer_migrated"": true}, {""name"": ""URCHIN"", ""kind"": ""passphrase"", ""packet"": 8, ""rank"": 4, ""answer"": ""INDIA WHISKEY VICTOR"", ""reported"": true, ""response"": ""INDIA WHISKEY VICTOR"", ""correct"": true, ""correct_lenient"": true, ""answer_migrated"": false}, {""name"": ""ORIGAMI"", ""kind"": ""load"", ""packet"": 11, ""rank"": 5, ""answer"": ""NO"", ""reported"": true, ""response"": ""NO"", ""correct"": true, ""correct_lenient"": true, ""answer_migrated"": false}]",5,0,0.4,,,False,False,,,,,,"A Final_Answers block with the results for each task found in the provided data stream:

- Task QUILT: INVALID
- Task VOLCANO: VALID
- Task TROMBONE: VALID
- Task URCHIN: INDIA WHISKEY VICTOR
- Task ORIGAMI: NO",qwen2.5:3b,3.0,Qwen2.5,87.5
5,non-ordered,False,True,,,,,,semantic_3,direct,5,4,TAPESTRY,"[1, 2, 3, 5, 13]",0.0,1024,,5135,3,INDIA HOTEL QUEBEC,,,,0,True,True,True,0.5,"[{""name"": ""FLAMINGO"", ""kind"": ""load"", ""packet"": 1, ""rank"": 1, ""answer"": ""NO"", ""reported"": true, ""response"": ""NO"", ""correct"": true, ""correct_lenient"": true, ""answer_migrated"": false}, {""name"": ""DANDELION"", ""kind"": ""load"", ""packet"": 2, ""rank"": 2, ""answer"": ""VALID"", ""reported"": true, ""response"": ""VALID"", ""correct"": true, ""correct_lenient"": true, ""answer_migrated"": false}, {""name"": ""YOGURT"", ""kind"": ""load"", ""packet"": 3, ""rank"": 3, ""answer"": ""NO"", ""reported"": true, ""response"": ""YES"", ""correct"": false, ""correct_lenient"": false, ""answer_migrated"": false}, {""name"": ""TAPESTRY"", ""kind"": ""passphrase"", ""packet"": 5, ""rank"": 4, ""answer"": ""INDIA HOTEL QUEBEC"", ""reported"": true, ""response"": ""INDIA HOTEL QUEBEC"", ""correct"": true, ""correct_lenient"": true, ""answer_migrated"": false}, {""name"": ""WALNUT"", ""kind"": ""load"", ""packet"": 13, ""rank"": 5, ""answer"": ""VALID"", ""reported"": true, ""response"": ""INVALID"", ""correct"": false, ""correct_lenient"": false, ""answer_migrated"": false}]",5,0,0.0,,,False,False,,,,,,"- Task FLAMINGO: NO
- Task DANDELION: VALID
- Task YOGURT: YES
- Task TAPESTRY: INDIA HOTEL QUEBEC
- Task WALNUT: INVALID
- Task FLAMINGO: NO
- Task DANDELION: VALID
- Task YOGURT: YES
- Task TAPESTRY: INDIA HOTEL QUEBEC
- Task WALNUT: INVALID",qwen2.5:3b,3.0,Qwen2.5,87.5
5,non-ordered,False,True,,,,,,semantic_3,direct,8,2,OBELISK,"[2, 8, 10, 14, 15]",0.0,1024,,6135,3,ALPHA CHARLIE BRAVO,,,,0,True,True,True,0.25,"[{""name"": ""MONGOOSE"", ""kind"": ""load"", ""packet"": 2, ""rank"": 1, ""answer"": ""YES"", ""reported"": true, ""response"": ""NO"", ""correct"": false, ""correct_lenient"": false, ""answer_migrated"": true}, {""name"": ""OBELISK"", ""kind"": ""passphrase"", ""packet"": 8, ""rank"": 2, ""answer"": ""ALPHA CHARLIE BRAVO"", ""reported"": true, ""response"": ""ALPHA CHARLIE BRAVO"", ""correct"": true, ""correct_lenient"": true, ""answer_migrated"": false}, {""name"": ""XYLOPHONE"", ""kind"": ""load"", ""packet"": 10, ""rank"": 3, ""answer"": ""NO"", ""reported"": true, ""response"": ""YES"", ""correct"": false, ""correct_lenient"": false, ""answer_migrated"": true}, {""name"": ""KAYAK"", ""kind"": ""load"", ""packet"": 14, ""rank"": 4, ""answer"": ""INVALID"", ""reported"": true, ""response"": ""INVALID"", ""correct"": true, ""correct_lenient"": true, ""answer_migrated"": false}, {""name"": ""PORCUPINE"", ""kind"": ""load"", ""packet"": 15, ""rank"": 5, ""answer"": ""INVALID"", ""reported"": true, ""response"": ""VALID"", ""correct"": false, ""correct_lenient"": false, ""answer_migrated"": false}]",5,0,0.4,,,False,False,,,,,,"A <Final_Answers> block with EXACTLY one line per task you found in the stream, each line in the form:
- Task MONGOOSE: NO
- Task OBELISK: ALPHA CHARLIE BRAVO
- Task XYLOPHONE: YES
- Task KAYAK: INVALID
- Task PORCUPINE: VALID",qwen2.5:3b,3.0,Qwen2.5,87.5
5,non-ordered,False,True,,,,,,semantic_3,direct,8,4,METRONOME,"[1, 5, 7, 8, 11]",0.0,1024,,7135,3,XRAY KILO FOXTROT,,,,0,True,True,True,0.5,"[{""name"": ""MARBLE"", ""kind"": ""load"", ""packet"": 1, ""rank"": 1, ""answer"": ""INVALID"", ""reported"": true, ""response"": ""INVALID"", ""correct"": true, ""correct_lenient"": true, ""answer_migrated"": false}, {""name"": ""VOLCANO"", ""kind"": ""load"", ""packet"": 5, ""rank"": 2, ""answer"": ""INVALID"", ""reported"": true, ""response"": ""VALID"", ""correct"": false, ""correct_lenient"": false, ""answer_migrated"": false}, {""name"": ""KAYAK"", ""kind"": ""load"", ""packet"": 7, ""rank"": 3, ""answer"": ""INVALID"", ""reported"": true, ""response"": ""INVALID"", ""correct"": true, ""correct_lenient"": true, ""answer_migrated"": false}, {""name"": ""METRONOME"", ""kind"": ""passphrase"", ""packet"": 8, ""rank"": 4, ""answer"": ""XRAY KILO FOXTROT"", ""reported"": true, ""response"": ""XRAY KILO FOXTROT"", ""correct"": true, ""correct_lenient"": true, ""answer_migrated"": false}, {""name"": ""JIGSAW"", ""kind"": ""load"", ""packet"": 11, ""rank"": 5, ""answer"": ""YES"", ""reported"": true, ""response"": ""NO"", ""correct"": false, ""correct_lenient"": false, ""answer_migrated"": false}]",5,0,0.0,,,False,False,,,,,,"A Final_Answers block with the results for each task found in the provided data stream:

- Task MARBLE: INVALID
- Task VOLCANO: VALID
- Task KAYAK: INVALID
- Task METRONOME: XRAY KILO FOXTROT
- Task JIGSAW: NO",qwen2.5:3b,3.0,Qwen2.5,87.5
5,non-ordered,True,True,,,,,,semantic_3,direct,13,5,PYRAMID,"[5, 8, 10, 11, 13]",0.0,1024,,135,3,VICTOR LIMA UNIFORM,,,,0,True,True,True,0.25,"[{""name"": ""MONGOOSE"", ""kind"": ""load"", ""packet"": 5, ""rank"": 1, ""answer"": ""VALID"", ""reported"": true, ""response"": ""INVALID"", ""correct"": false, ""correct_lenient"": false, ""answer_migrated"": true}, {""name"": ""NUTMEG"", ""kind"": ""load"", ""packet"": 8, ""rank"": 2, ""answer"": ""INVALID"", ""reported"": true, ""response"": ""VALID"", ""correct"": false, ""correct_lenient"": false, ""answer_migrated"": true}, {""name"": ""EMERALD"", ""kind"": ""load"", ""packet"": 10, ""rank"": 3, ""answer"": ""INVALID"", ""reported"": true, ""response"": ""VALID"", ""correct"": false, ""correct_lenient"": false, ""answer_migrated"": true}, {""name"": ""JIGSAW"", ""kind"": ""load"", ""packet"": 11, ""rank"": 4, ""answer"": ""VALID"", ""reported"": true, ""response"": ""VALID"", ""correct"": true, ""correct_lenient"": true, ""answer_migrated"": false}, {""name"": ""PYRAMID"", ""kind"": ""passphrase"", ""packet"": 13, ""rank"": 5, ""answer"": ""VICTOR LIMA UNIFORM"", ""reported"": true, ""response"": ""VICTOR LIMA UNIFORM"", ""correct"": true, ""correct_lenient"": true, ""answer_migrated"": false}]",5,0,0.6,,,False,False,,,,,,"A Final_Answers block with the results as described:

- Task MONGOOSE: INVALID
- Task NUTMEG: VALID
- Task EMERALD: VALID
- Task JIGSAW: VALID
- Task PYRAMID: VICTOR LIMA UNIFORM",qwen2.5:3b,3.0,Qwen2.5,87.5
5,non-ordered,True,True,,,,,,semantic_3,direct,15,5,GONDOLA,"[4, 5, 9, 10, 15]",0.0,1024,,1135,3,ROMEO OSCAR ECHO,,,,0,True,True,True,0.5,"[{""name"": ""ICEBERG"", ""kind"": ""load"", ""packet"": 4, ""rank"": 1, ""answer"": ""VALID"", ""reported"": true, ""response"": ""INVALID"", ""correct"": false, ""correct_lenient"": false, ""answer_migrated"": true}, {""name"": ""OBELISK"", ""kind"": ""load"", ""packet"": 5, ""rank"": 2, ""answer"": ""NO"", ""reported"": true, ""response"": ""NO"", ""correct"": true, ""correct_lenient"": true, ""answer_migrated"": false}, {""name"": ""METRONOME"", ""kind"": ""load"", ""packet"": 9, ""rank"": 3, ""answer"": ""VALID"", ""reported"": true, ""response"": ""VALID"", ""correct"": true, ""correct_lenient"": true, ""answer_migrated"": false}, {""name"": ""PYRAMID"", ""kind"": ""load"", ""packet"": 10, ""rank"": 4, ""answer"": ""INVALID"", ""reported"": true, ""response"": ""VALID"", ""correct"": false, ""correct_lenient"": false, ""answer_migrated"": true}, {""name"": ""GONDOLA"", ""kind"": ""passphrase"", ""packet"": 15, ""rank"": 5, ""answer"": ""ROMEO OSCAR ECHO"", ""reported"": true, ""response"": ""ROMEO OSCAR ECHO"", ""correct"": true, ""correct_lenient"": true, ""answer_migrated"": false}]",5,0,0.4,,,False,False,,,,,,"A Final_Answers block with the results for each task found in the provided data stream:

- Task ICEBERG: INVALID
- Task OBELISK: NO
- Task METRONOME: VALID
- Task PYRAMID: VALID
- Task GONDOLA: ROMEO OSCAR ECHO",qwen2.5:3b,3.0,Qwen2.5,87.5
5,non-ordered,True,True,,,,,,semantic_3,direct,15,5,HEDGEHOG,"[3, 10, 13, 14, 15]",0.0,1024,,2135,3,TANGO ALPHA YANKEE,,,,0,True,True,True,0.25,"[{""name"": ""HAMMOCK"", ""kind"": ""load"", ""packet"": 3, ""rank"": 1, ""answer"": ""YES"", ""reported"": true, ""response"": ""NO"", ""correct"": false, ""correct_lenient"": false, ""answer_migrated"": false}, {""name"": ""SCARECROW"", ""kind"": ""load"", ""packet"": 10, ""rank"": 2, ""answer"": ""YES"", ""reported"": false, ""response"": null, ""correct"": false, ""correct_lenient"": false, ""answer_migrated"": false}, {""name"": ""KETTLE"", ""kind"": ""load"", ""packet"": 13, ""rank"": 3, ""answer"": ""VALID"", ""reported"": false, ""response"": null, ""correct"": false, ""correct_lenient"": false, ""answer_migrated"": false}, {""name"": ""GARGOYLE"", ""kind"": ""load"", ""packet"": 14, ""rank"": 4, ""answer"": ""VALID"", ""reported"": true, ""response"": ""VALID"", ""correct"": true, ""correct_lenient"": true, ""answer_migrated"": false}, {""name"": ""HEDGEHOG"", ""kind"": ""passphrase"", ""packet"": 15, ""rank"": 5, ""answer"": ""TANGO ALPHA YANKEE"", ""reported"": true, ""response"": ""TANGO ALPHA YANKEE"", ""correct"": true, ""correct_lenient"": true, ""answer_migrated"": false}]",3,0,0.0,,,False,False,,,,,,"A Final_Answers block with the results for each task found in the provided data stream:

- Task HAMMOCK: NO
- Task GARGOYLE: VALID
- Task HEDGEHOG: TANGO ALPHA YANKEE",qwen2.5:3b,3.0,Qwen2.5,87.5
5,non-ordered,True,True,,,,,,semantic_3,direct,15,5,PLATYPUS,"[7, 8, 9, 10, 15]",0.0,1024,,3135,3,NOVEMBER SIERRA ROMEO,,,,0,True,True,True,0.75,"[{""name"": ""WOMBAT"", ""kind"": ""load"", ""packet"": 7, ""rank"": 1, ""answer"": ""INVALID"", ""reported"": true, ""response"": ""INVALID"", ""correct"": true, ""correct_lenient"": true, ""answer_migrated"": false}, {""name"": ""OBELISK"", ""kind"": ""load"", ""packet"": 8, ""rank"": 2, ""answer"": ""INVALID"", ""reported"": true, ""response"": ""VALID"", ""correct"": false, ""correct_lenient"": false, ""answer_migrated"": true}, {""name"": ""WALNUT"", ""kind"": ""load"", ""packet"": 9, ""rank"": 3, ""answer"": ""VALID"", ""reported"": true, ""response"": ""VALID"", ""correct"": true, ""correct_lenient"": true, ""answer_migrated"": false}, {""name"": ""CACTUS"", ""kind"": ""load"", ""packet"": 10, ""rank"": 4, ""answer"": ""VALID"", ""reported"": true, ""response"": ""VALID"", ""correct"": true, ""correct_lenient"": true, ""answer_migrated"": false}, {""name"": ""PLATYPUS"", ""kind"": ""passphrase"", ""packet"": 15, ""rank"": 5, ""answer"": ""NOVEMBER SIERRA ROMEO"", ""reported"": true, ""response"": ""NOVEMBER SIERRA ROMEO"", ""correct"": true, ""correct_lenient"": true, ""answer_migrated"": false}]",5,0,0.2,,,False,False,,,,,,"- Task WOMBAT: INVALID
- Task OBELISK: VALID
- Task WALNUT: VALID
- Task CACTUS: VALID
- Task PLATYPUS: NOVEMBER SIERRA ROMEO",qwen2.5:3b,3.0,Qwen2.5,87.5
5,non-ordered,True,True,,,,,,semantic_3,direct,11,5,URCHIN,"[1, 3, 6, 8, 11]",0.0,1024,,4135,3,INDIA WHISKEY VICTOR,,,,0,True,True,True,0.5,"[{""name"": ""ICEBERG"", ""kind"": ""load"", ""packet"": 1, ""rank"": 1, ""answer"": ""NO"", ""reported"": true, ""response"": ""NO"", ""correct"": true, ""correct_lenient"": true, ""answer_migrated"": false}, {""name"": ""QUILT"", ""kind"": ""load"", ""packet"": 3, ""rank"": 2, ""answer"": ""VALID"", ""reported"": true, ""response"": ""VALID"", ""correct"": true, ""correct_lenient"": true, ""answer_migrated"": false}, {""name"": ""VOLCANO"", ""kind"": ""load"", ""packet"": 6, ""rank"": 3, ""answer"": ""VALID"", ""reported"": true, ""response"": ""INVALID"", ""correct"": false, ""correct_lenient"": false, ""answer_migrated"": true}, {""name"": ""TROMBONE"", ""kind"": ""load"", ""packet"": 8, ""rank"": 4, ""answer"": ""INVALID"", ""reported"": true, ""response"": ""VALID"", ""correct"": false, ""correct_lenient"": false, ""answer_migrated"": true}, {""name"": ""URCHIN"", ""kind"": ""passphrase"", ""packet"": 11, ""rank"": 5, ""answer"": ""INDIA WHISKEY VICTOR"", ""reported"": true, ""response"": ""INDIA WHISKEY VICTOR"", ""correct"": true, ""correct_lenient"": true, ""answer_migrated"": false}]",5,0,0.4,,,False,False,,,,,,"A Final_Answers block with responses to the tasks found in the provided data stream:

- Task ICEBERG: NO
- Task QUILT: VALID
- Task VOLCANO: INVALID
- Task TROMBONE: VALID
- Task URCHIN: INDIA WHISKEY VICTOR",qwen2.5:3b,3.0,Qwen2.5,87.5
5,non-ordered,True,True,,,,,,semantic_3,direct,13,5,TAPESTRY,"[1, 2, 3, 5, 13]",0.0,1024,,5135,3,INDIA HOTEL QUEBEC,,,,0,True,True,True,0.5,"[{""name"": ""EMERALD"", ""kind"": ""load"", ""packet"": 1, ""rank"": 1, ""answer"": ""VALID"", ""reported"": true, ""response"": ""INVALID"", ""correct"": false, ""correct_lenient"": false, ""answer_migrated"": false}, {""name"": ""FLAMINGO"", ""kind"": ""load"", ""packet"": 2, ""rank"": 2, ""answer"": ""NO"", ""reported"": true, ""response"": ""NO"", ""correct"": true, ""correct_lenient"": true, ""answer_migrated"": false}, {""name"": ""DANDELION"", ""kind"": ""load"", ""packet"": 3, ""rank"": 3, ""answer"": ""VALID"", ""reported"": true, ""response"": ""VALID"", ""correct"": true, ""correct_lenient"": true, ""answer_migrated"": false}, {""name"": ""YOGURT"", ""kind"": ""load"", ""packet"": 5, ""rank"": 4, ""answer"": ""NO"", ""reported"": false, ""response"": null, ""correct"": false, ""correct_lenient"": false, ""answer_migrated"": false}, {""name"": ""TAPESTRY"", ""kind"": ""passphrase"", ""packet"": 13, ""rank"": 5, ""answer"": ""INDIA HOTEL QUEBEC"", ""reported"": true, ""response"": ""INDIA HOTEL QUEBEC"", ""correct"": true, ""correct_lenient"": true, ""answer_migrated"": false}]",4,0,0.0,,,False,False,,,,,,"A Final_Answers block with the results for each task found in the provided data stream:

- Task EMERALD: INVALID
- Task FLAMINGO: NO
- Task DANDELION: VALID
- Task TAPESTRY: INDIA HOTEL QUEBEC",qwen2.5:3b,3.0,Qwen2.5,87.5
5,non-ordered,True,True,,,,,,semantic_3,direct,15,5,KAYAK,"[2, 8, 10, 14, 15]",0.0,1024,,6135,3,ALPHA CHARLIE BRAVO,,,,0,True,True,True,0.0,"[{""name"": ""CARNIVAL"", ""kind"": ""load"", ""packet"": 2, ""rank"": 1, ""answer"": ""INVALID"", ""reported"": false, ""response"": null, ""correct"": false, ""correct_lenient"": false, ""answer_migrated"": false}, {""name"": ""MONGOOSE"", ""kind"": ""load"", ""packet"": 8, ""rank"": 2, ""answer"": ""YES"", ""reported"": true, ""response"": ""NO"", ""correct"": false, ""correct_lenient"": false, ""answer_migrated"": true}, {""name"": ""OBELISK"", ""kind"": ""load"", ""packet"": 10, ""rank"": 3, ""answer"": ""NO"", ""reported"": true, ""response"": ""YES"", ""correct"": false, ""correct_lenient"": false, ""answer_migrated"": true}, {""name"": ""XYLOPHONE"", ""kind"": ""load"", ""packet"": 14, ""rank"": 4, ""answer"": ""INVALID"", ""reported"": true, ""response"": ""VALID"", ""correct"": false, ""correct_lenient"": false, ""answer_migrated"": false}, {""name"": ""KAYAK"", ""kind"": ""passphrase"", ""packet"": 15, ""rank"": 5, ""answer"": ""ALPHA CHARLIE BRAVO"", ""reported"": true, ""response"": ""ALPHA CHARLIE BRAVO"", ""correct"": true, ""correct_lenient"": true, ""answer_migrated"": false}]",4,0,0.5,,,False,False,,,,,,"- Task MONGOOSE: NO
- Task OBELISK: YES
- Task XYLOPHONE: VALID
- Task KAYAK: ALPHA CHARLIE BRAVO",qwen2.5:3b,3.0,Qwen2.5,87.5
5,non-ordered,True,True,,,,,,semantic_3,direct,11,5,METRONOME,"[1, 5, 7, 8, 11]",0.0,1024,,7135,3,XRAY KILO FOXTROT,,,,0,True,True,True,0.5,"[{""name"": ""DUMPLING"", ""kind"": ""load"", ""packet"": 1, ""rank"": 1, ""answer"": ""VALID"", ""reported"": true, ""response"": ""VALID"", ""correct"": true, ""correct_lenient"": true, ""answer_migrated"": false}, {""name"": ""MARBLE"", ""kind"": ""load"", ""packet"": 5, ""rank"": 2, ""answer"": ""INVALID"", ""reported"": true, ""response"": ""VALID"", ""correct"": false, ""correct_lenient"": false, ""answer_migrated"": true}, {""name"": ""VOLCANO"", ""kind"": ""load"", ""packet"": 7, ""rank"": 3, ""answer"": ""INVALID"", ""reported"": true, ""response"": ""INVALID"", ""correct"": true, ""correct_lenient"": true, ""answer_migrated"": false}, {""name"": ""KAYAK"", ""kind"": ""load"", ""packet"": 8, ""rank"": 4, ""answer"": ""INVALID"", ""reported"": true, ""response"": ""VALID"", ""correct"": false, ""correct_lenient"": false, ""answer_migrated"": true}, {""name"": ""METRONOME"", ""kind"": ""passphrase"", ""packet"": 11, ""rank"": 5, ""answer"": ""XRAY KILO FOXTROT"", ""reported"": true, ""response"": ""XRAY KILO FOXTROT"", ""correct"": true, ""correct_lenient"": true, ""answer_migrated"": false}]",5,0,0.4,,,False,False,,,,,,"Final_Answers:
- Task DUMPLING: VALID
- Task MARBLE: VALID
- Task VOLCANO: INVALID
- Task KAYAK: VALID
- Task METRONOME: XRAY KILO FOXTROT",qwen2.5:3b,3.0,Qwen2.5,87.5
