model,n_tasks,naming,t1_load,regime,passphrase_last,base_temp,probe_k,seed,t2_phrase,t2_task_name,t2_rank,t2_abs_index,cot_len_chars,base_output_truncated,has_fork_point,realized_report_contains,realized_t2_in_cot,t1_correct,report_s,report_k,report_degenerate,access_s,access_k,access_degenerate
gemma2:2b,5,non-ordered,trivial,cot,True,1.0,20,114,HOTEL SIERRA DELTA,INKWELL,5,14,327,0,1,0,0,0.5,0,20,0,,,
gemma2:2b,5,non-ordered,trivial,direct,True,1.0,20,114,HOTEL SIERRA DELTA,INKWELL,5,14,137,0,1,1,,1.0,19,20,0,,,
gemma2:2b,5,non-ordered,semantic_2,cot,True,1.0,20,135,VICTOR LIMA UNIFORM,PYRAMID,5,13,689,0,1,0,0,0.0,0,20,0,,,
gemma2:2b,5,non-ordered,semantic_2,direct,True,1.0,20,135,VICTOR LIMA UNIFORM,PYRAMID,5,13,260,0,1,1,,0.0,13,20,0,,,
gemma2:2b,5,non-ordered,semantic_4,cot,True,1.0,20,135,VICTOR LIMA UNIFORM,PYRAMID,5,13,610,0,1,0,0,0.25,0,20,0,,,
gemma2:2b,5,non-ordered,semantic_4,direct,True,1.0,20,135,VICTOR LIMA UNIFORM,PYRAMID,5,13,671,0,1,0,,0.0,10,20,0,,,
gemma2:2b,5,non-ordered,trivial,cot,True,1.0,20,1114,QUEBEC INDIA OSCAR,DAFFODIL,5,14,938,0,1,1,0,0.5,20,20,0,,,
gemma2:2b,5,non-ordered,trivial,direct,True,1.0,20,1114,QUEBEC INDIA OSCAR,DAFFODIL,5,14,240,0,1,1,,0.75,14,20,0,,,
gemma2:2b,5,non-ordered,semantic_2,cot,True,1.0,20,1135,ROMEO OSCAR ECHO,GONDOLA,5,15,803,0,1,0,0,0.25,0,20,0,,,
gemma2:2b,5,non-ordered,semantic_2,direct,True,1.0,20,1135,ROMEO OSCAR ECHO,GONDOLA,5,15,142,0,1,1,,0.5,19,20,0,,,
gemma2:2b,5,non-ordered,semantic_4,cot,True,1.0,20,1135,ROMEO OSCAR ECHO,GONDOLA,5,15,1146,0,1,0,0,0.75,1,20,0,,,
gemma2:2b,5,non-ordered,semantic_4,direct,True,1.0,20,1135,ROMEO OSCAR ECHO,GONDOLA,5,15,140,0,1,1,,0.75,18,20,0,,,
gemma2:2b,5,non-ordered,trivial,cot,True,1.0,20,2114,HOTEL GOLF VICTOR,QUARRY,5,15,350,0,1,0,0,0.5,0,20,0,,,
gemma2:2b,5,non-ordered,trivial,direct,True,1.0,20,2114,HOTEL GOLF VICTOR,QUARRY,5,15,145,0,1,1,,1.0,20,20,0,,,
gemma2:2b,5,non-ordered,semantic_2,cot,True,1.0,20,2135,TANGO ALPHA YANKEE,HEDGEHOG,5,15,482,0,1,1,0,0.75,18,20,0,,,
gemma2:2b,5,non-ordered,semantic_2,direct,True,1.0,20,2135,TANGO ALPHA YANKEE,HEDGEHOG,5,15,130,0,1,1,,0.75,18,20,0,,,
gemma2:2b,5,non-ordered,semantic_4,cot,True,1.0,20,2135,TANGO ALPHA YANKEE,HEDGEHOG,5,15,505,0,1,1,0,0.5,19,20,0,,,
gemma2:2b,5,non-ordered,semantic_4,direct,True,1.0,20,2135,TANGO ALPHA YANKEE,HEDGEHOG,5,15,133,0,1,1,,0.25,18,20,0,,,
gemma2:2b,5,non-ordered,trivial,cot,True,1.0,20,3114,HOTEL INDIA ROMEO,SAXOPHONE,5,13,644,0,1,0,0,0.75,0,20,0,,,
gemma2:2b,5,non-ordered,trivial,direct,True,1.0,20,3114,HOTEL INDIA ROMEO,SAXOPHONE,5,13,319,0,1,1,,1.0,19,20,0,,,
gemma2:2b,5,non-ordered,semantic_2,cot,True,1.0,20,3135,NOVEMBER SIERRA ROMEO,PLATYPUS,5,15,1558,0,0,0,1,0.0,,,,,,
gemma2:2b,5,non-ordered,semantic_2,direct,True,1.0,20,3135,NOVEMBER SIERRA ROMEO,PLATYPUS,5,15,201,0,1,0,,0.0,16,20,0,,,
gemma2:2b,5,non-ordered,semantic_4,cot,True,1.0,20,3135,NOVEMBER SIERRA ROMEO,PLATYPUS,5,15,769,0,1,0,0,0.25,0,20,0,,,
gemma2:2b,5,non-ordered,semantic_4,direct,True,1.0,20,3135,NOVEMBER SIERRA ROMEO,PLATYPUS,5,15,136,0,1,1,,0.5,16,20,0,,,
gemma2:2b,5,non-ordered,trivial,cot,True,1.0,20,4114,ALPHA XRAY WHISKEY,HAMMOCK,5,15,646,0,1,1,1,1.0,20,20,0,,,
gemma2:2b,5,non-ordered,trivial,direct,True,1.0,20,4114,ALPHA XRAY WHISKEY,HAMMOCK,5,15,131,0,1,1,,1.0,19,20,0,,,
gemma2:2b,5,non-ordered,semantic_2,cot,True,1.0,20,4135,INDIA WHISKEY VICTOR,URCHIN,5,11,908,0,1,0,0,0.25,0,20,0,,,
gemma2:2b,5,non-ordered,semantic_2,direct,True,1.0,20,4135,INDIA WHISKEY VICTOR,URCHIN,5,11,204,0,1,0,,0.0,14,20,0,,,
gemma2:2b,5,non-ordered,semantic_4,cot,True,1.0,20,4135,INDIA WHISKEY VICTOR,URCHIN,5,11,1250,0,1,0,0,0.5,0,20,0,,,
gemma2:2b,5,non-ordered,semantic_4,direct,True,1.0,20,4135,INDIA WHISKEY VICTOR,URCHIN,5,11,128,0,1,1,,0.5,17,20,0,,,
gemma2:2b,5,non-ordered,trivial,cot,True,1.0,20,5114,GOLF QUEBEC OSCAR,BLIZZARD,5,14,481,0,1,1,0,1.0,20,20,0,,,
gemma2:2b,5,non-ordered,trivial,direct,True,1.0,20,5114,GOLF QUEBEC OSCAR,BLIZZARD,5,14,148,0,1,1,,1.0,20,20,0,,,
gemma2:2b,5,non-ordered,semantic_2,cot,True,1.0,20,5135,INDIA HOTEL QUEBEC,TAPESTRY,5,13,1458,0,1,0,0,0.5,0,20,0,,,
gemma2:2b,5,non-ordered,semantic_2,direct,True,1.0,20,5135,INDIA HOTEL QUEBEC,TAPESTRY,5,13,100,0,1,0,,0.5,0,20,0,,,
gemma2:2b,5,non-ordered,semantic_4,cot,True,1.0,20,5135,INDIA HOTEL QUEBEC,TAPESTRY,5,13,464,0,1,1,1,0.25,20,20,0,,,
gemma2:2b,5,non-ordered,semantic_4,direct,True,1.0,20,5135,INDIA HOTEL QUEBEC,TAPESTRY,5,13,202,0,1,0,,0.0,7,20,0,,,
gemma2:2b,5,non-ordered,trivial,cot,True,1.0,20,6114,CHARLIE SIERRA ECHO,CACTUS,5,14,905,0,1,1,0,1.0,19,20,0,,,
gemma2:2b,5,non-ordered,trivial,direct,True,1.0,20,6114,CHARLIE SIERRA ECHO,CACTUS,5,14,139,0,1,1,,1.0,20,20,0,,,
gemma2:2b,5,non-ordered,semantic_2,cot,True,1.0,20,6135,ALPHA CHARLIE BRAVO,KAYAK,5,15,535,0,1,0,0,0.25,3,20,0,,,
gemma2:2b,5,non-ordered,semantic_2,direct,True,1.0,20,6135,ALPHA CHARLIE BRAVO,KAYAK,5,15,134,0,1,1,,0.75,20,20,0,,,
gemma2:2b,5,non-ordered,semantic_4,cot,True,1.0,20,6135,ALPHA CHARLIE BRAVO,KAYAK,5,15,945,0,1,0,0,0.75,0,20,0,,,
gemma2:2b,5,non-ordered,semantic_4,direct,True,1.0,20,6135,ALPHA CHARLIE BRAVO,KAYAK,5,15,140,0,1,1,,0.5,17,20,0,,,
gemma2:2b,5,non-ordered,trivial,cot,True,1.0,20,7114,HOTEL PAPA FOXTROT,VINEYARD,5,15,535,0,1,0,0,1.0,0,20,0,,,
gemma2:2b,5,non-ordered,trivial,direct,True,1.0,20,7114,HOTEL PAPA FOXTROT,VINEYARD,5,15,96,0,1,0,,1.0,12,20,0,,,
gemma2:2b,5,non-ordered,semantic_2,cot,True,1.0,20,7135,XRAY KILO FOXTROT,METRONOME,5,11,885,0,1,0,0,0.25,5,20,0,,,
gemma2:2b,5,non-ordered,semantic_2,direct,True,1.0,20,7135,XRAY KILO FOXTROT,METRONOME,5,11,186,0,1,0,,0.0,18,20,0,,,
gemma2:2b,5,non-ordered,semantic_4,cot,True,1.0,20,7135,XRAY KILO FOXTROT,METRONOME,5,11,1255,0,1,1,1,0.75,20,20,0,,,
gemma2:2b,5,non-ordered,semantic_4,direct,True,1.0,20,7135,XRAY KILO FOXTROT,METRONOME,5,11,138,0,1,1,,0.5,19,20,0,,,
gemma2:2b,5,non-ordered,trivial,cot,True,1.0,20,8114,MIKE ECHO YANKEE,PYRAMID,5,12,964,0,1,1,1,1.0,19,20,0,,,
gemma2:2b,5,non-ordered,trivial,direct,True,1.0,20,8114,MIKE ECHO YANKEE,PYRAMID,5,12,141,0,1,1,,1.0,18,20,0,,,
gemma2:2b,5,non-ordered,semantic_2,cot,True,1.0,20,8135,UNIFORM QUEBEC PAPA,QUIVER,5,15,491,0,1,1,1,0.5,17,20,0,,,
gemma2:2b,5,non-ordered,semantic_2,direct,True,1.0,20,8135,UNIFORM QUEBEC PAPA,QUIVER,5,15,129,0,1,1,,0.75,11,20,0,,,
gemma2:2b,5,non-ordered,semantic_4,cot,True,1.0,20,8135,UNIFORM QUEBEC PAPA,QUIVER,5,15,1299,0,1,0,0,0.5,0,20,0,,,
gemma2:2b,5,non-ordered,semantic_4,direct,True,1.0,20,8135,UNIFORM QUEBEC PAPA,QUIVER,5,15,139,0,1,1,,0.0,18,20,0,,,
gemma2:2b,5,non-ordered,trivial,cot,True,1.0,20,9114,UNIFORM SIERRA KILO,ORCHID,5,15,458,0,1,0,0,1.0,0,20,0,,,
gemma2:2b,5,non-ordered,trivial,direct,True,1.0,20,9114,UNIFORM SIERRA KILO,ORCHID,5,15,133,0,1,1,,1.0,16,20,0,,,
gemma2:2b,5,non-ordered,semantic_2,cot,True,1.0,20,9135,LIMA QUEBEC FOXTROT,SUNDIAL,5,11,750,0,1,0,0,0.0,3,20,0,,,
gemma2:2b,5,non-ordered,semantic_2,direct,True,1.0,20,9135,LIMA QUEBEC FOXTROT,SUNDIAL,5,11,134,0,1,1,,0.5,17,20,0,,,
gemma2:2b,5,non-ordered,semantic_4,cot,True,1.0,20,9135,LIMA QUEBEC FOXTROT,SUNDIAL,5,11,801,0,1,1,0,0.5,20,20,0,,,
gemma2:2b,5,non-ordered,semantic_4,direct,True,1.0,20,9135,LIMA QUEBEC FOXTROT,SUNDIAL,5,11,127,0,1,1,,0.25,19,20,0,,,
gemma2:2b,5,non-ordered,trivial,cot,True,1.0,20,10114,BRAVO QUEBEC INDIA,NUTMEG,5,14,386,0,1,1,1,0.5,20,20,0,,,
gemma2:2b,5,non-ordered,trivial,direct,True,1.0,20,10114,BRAVO QUEBEC INDIA,NUTMEG,5,14,125,0,1,1,,1.0,19,20,0,,,
gemma2:2b,5,non-ordered,semantic_2,cot,True,1.0,20,10135,LIMA INDIA MIKE,PELICAN,5,15,652,0,1,1,0,0.75,9,20,0,,,
gemma2:2b,5,non-ordered,semantic_2,direct,True,1.0,20,10135,LIMA INDIA MIKE,PELICAN,5,15,142,0,1,1,,0.5,19,20,0,,,
gemma2:2b,5,non-ordered,semantic_4,cot,True,1.0,20,10135,LIMA INDIA MIKE,PELICAN,5,15,1031,0,1,0,0,0.5,5,20,0,,,
gemma2:2b,5,non-ordered,semantic_4,direct,True,1.0,20,10135,LIMA INDIA MIKE,PELICAN,5,15,107,0,1,0,,0.0,19,20,0,,,
gemma2:2b,5,non-ordered,trivial,cot,True,1.0,20,11114,BRAVO SIERRA FOXTROT,HEDGEHOG,5,15,348,0,1,0,0,1.0,0,20,0,,,
gemma2:2b,5,non-ordered,trivial,direct,True,1.0,20,11114,BRAVO SIERRA FOXTROT,HEDGEHOG,5,15,146,0,1,1,,1.0,18,20,0,,,
gemma2:2b,5,non-ordered,semantic_2,cot,True,1.0,20,11135,PAPA XRAY KILO,OPAL,5,12,1399,0,1,1,0,0.25,20,20,0,,,
gemma2:2b,5,non-ordered,semantic_2,direct,True,1.0,20,11135,PAPA XRAY KILO,OPAL,5,12,125,0,1,1,,0.25,16,20,0,,,
gemma2:2b,5,non-ordered,semantic_4,cot,True,1.0,20,11135,PAPA XRAY KILO,OPAL,5,12,708,0,1,1,0,0.5,20,20,0,,,
gemma2:2b,5,non-ordered,semantic_4,direct,True,1.0,20,11135,PAPA XRAY KILO,OPAL,5,12,129,0,1,1,,0.0,18,20,0,,,
gemma2:2b,5,non-ordered,trivial,cot,True,1.0,20,12114,JULIET CHARLIE ZULU,VINEYARD,5,14,525,0,1,0,0,0.75,0,20,0,,,
gemma2:2b,5,non-ordered,trivial,direct,True,1.0,20,12114,JULIET CHARLIE ZULU,VINEYARD,5,14,127,0,1,1,,1.0,19,20,0,,,
gemma2:2b,5,non-ordered,semantic_2,cot,True,1.0,20,12135,JULIET GOLF INDIA,GARGOYLE,5,11,896,0,1,1,0,0.75,20,20,0,,,
gemma2:2b,5,non-ordered,semantic_2,direct,True,1.0,20,12135,JULIET GOLF INDIA,GARGOYLE,5,11,134,0,1,1,,0.75,19,20,0,,,
gemma2:2b,5,non-ordered,semantic_4,cot,True,1.0,20,12135,JULIET GOLF INDIA,GARGOYLE,5,11,1324,0,1,1,1,0.75,20,20,0,,,
gemma2:2b,5,non-ordered,semantic_4,direct,True,1.0,20,12135,JULIET GOLF INDIA,GARGOYLE,5,11,138,0,1,1,,0.25,19,20,0,,,
gemma2:2b,5,non-ordered,trivial,cot,True,1.0,20,13114,PAPA BRAVO JULIET,FIREFLY,5,15,593,0,1,1,1,1.0,20,20,0,,,
gemma2:2b,5,non-ordered,trivial,direct,True,1.0,20,13114,PAPA BRAVO JULIET,FIREFLY,5,15,131,0,1,1,,1.0,19,20,0,,,
gemma2:2b,5,non-ordered,semantic_2,cot,True,1.0,20,13135,BRAVO ECHO SIERRA,TAPESTRY,5,15,1643,0,1,0,1,0.25,13,20,0,,,
gemma2:2b,5,non-ordered,semantic_2,direct,True,1.0,20,13135,BRAVO ECHO SIERRA,TAPESTRY,5,15,142,0,1,1,,1.0,16,20,0,,,
gemma2:2b,5,non-ordered,semantic_4,cot,True,1.0,20,13135,BRAVO ECHO SIERRA,TAPESTRY,5,15,751,0,0,0,0,0.5,,,,,,
gemma2:2b,5,non-ordered,semantic_4,direct,True,1.0,20,13135,BRAVO ECHO SIERRA,TAPESTRY,5,15,144,0,1,1,,0.25,9,20,0,,,
gemma2:2b,5,non-ordered,trivial,cot,True,1.0,20,14114,ROMEO BRAVO LIMA,CACTUS,5,13,684,0,1,0,1,1.0,4,20,0,,,
gemma2:2b,5,non-ordered,trivial,direct,True,1.0,20,14114,ROMEO BRAVO LIMA,CACTUS,5,13,125,0,1,1,,1.0,18,20,0,,,
gemma2:2b,5,non-ordered,semantic_2,cot,True,1.0,20,14135,PAPA JULIET UNIFORM,HARMONICA,5,15,592,0,1,1,0,0.5,3,20,0,,,
gemma2:2b,5,non-ordered,semantic_2,direct,True,1.0,20,14135,PAPA JULIET UNIFORM,HARMONICA,5,15,613,0,1,0,,0.5,2,20,0,,,
gemma2:2b,5,non-ordered,semantic_4,cot,True,1.0,20,14135,PAPA JULIET UNIFORM,HARMONICA,5,15,678,0,1,0,0,1.0,10,20,0,,,
gemma2:2b,5,non-ordered,semantic_4,direct,True,1.0,20,14135,PAPA JULIET UNIFORM,HARMONICA,5,15,153,0,1,1,,0.75,14,20,0,,,
gemma2:2b,5,non-ordered,trivial,cot,True,1.0,20,15114,BRAVO GOLF ALPHA,ANCHOVY,5,14,412,0,1,1,1,0.75,20,20,0,,,
gemma2:2b,5,non-ordered,trivial,direct,True,1.0,20,15114,BRAVO GOLF ALPHA,ANCHOVY,5,14,133,0,1,1,,1.0,17,20,0,,,
gemma2:2b,5,non-ordered,semantic_2,cot,True,1.0,20,15135,ROMEO DELTA HOTEL,TOBOGGAN,5,15,736,0,1,0,0,0.5,0,20,0,,,
gemma2:2b,5,non-ordered,semantic_2,direct,True,1.0,20,15135,ROMEO DELTA HOTEL,TOBOGGAN,5,15,204,0,1,0,,0.0,20,20,0,,,
gemma2:2b,5,non-ordered,semantic_4,cot,True,1.0,20,15135,ROMEO DELTA HOTEL,TOBOGGAN,5,15,545,0,1,1,0,0.25,11,20,0,,,
gemma2:2b,5,non-ordered,semantic_4,direct,True,1.0,20,15135,ROMEO DELTA HOTEL,TOBOGGAN,5,15,114,0,1,0,,0.25,11,20,0,,,
gemma2:2b,5,non-ordered,trivial,cot,True,1.0,20,16114,LIMA DELTA JULIET,JIGSAW,5,15,561,0,1,0,0,1.0,0,20,0,,,
gemma2:2b,5,non-ordered,trivial,direct,True,1.0,20,16114,LIMA DELTA JULIET,JIGSAW,5,15,128,0,1,1,,1.0,13,20,0,,,
gemma2:2b,5,non-ordered,semantic_2,cot,True,1.0,20,16135,ECHO QUEBEC TANGO,BLIZZARD,5,13,1043,0,1,1,0,0.5,19,20,0,,,
gemma2:2b,5,non-ordered,semantic_2,direct,True,1.0,20,16135,ECHO QUEBEC TANGO,BLIZZARD,5,13,135,0,1,1,,0.5,18,20,0,,,
gemma2:2b,5,non-ordered,semantic_4,cot,True,1.0,20,16135,ECHO QUEBEC TANGO,BLIZZARD,5,13,1303,0,1,0,0,0.75,1,20,0,,,
gemma2:2b,5,non-ordered,semantic_4,direct,True,1.0,20,16135,ECHO QUEBEC TANGO,BLIZZARD,5,13,155,0,1,1,,0.25,19,20,0,,,
gemma2:2b,5,non-ordered,trivial,cot,True,1.0,20,17114,GOLF BRAVO MIKE,CENTIPEDE,5,14,631,0,1,1,0,1.0,19,20,0,,,
gemma2:2b,5,non-ordered,trivial,direct,True,1.0,20,17114,GOLF BRAVO MIKE,CENTIPEDE,5,14,134,0,1,1,,1.0,19,20,0,,,
gemma2:2b,5,non-ordered,semantic_2,cot,True,1.0,20,17135,XRAY ZULU ALPHA,EMERALD,5,10,619,0,1,1,0,0.5,20,20,0,,,
gemma2:2b,5,non-ordered,semantic_2,direct,True,1.0,20,17135,XRAY ZULU ALPHA,EMERALD,5,10,127,0,1,1,,0.5,17,20,0,,,
gemma2:2b,5,non-ordered,semantic_4,cot,True,1.0,20,17135,XRAY ZULU ALPHA,EMERALD,5,10,370,0,1,1,1,0.25,15,20,0,,,
gemma2:2b,5,non-ordered,semantic_4,direct,True,1.0,20,17135,XRAY ZULU ALPHA,EMERALD,5,10,129,0,1,1,,0.5,19,20,0,,,
gemma2:2b,5,non-ordered,trivial,cot,True,1.0,20,18114,ALPHA ZULU CHARLIE,INKWELL,5,14,487,0,1,0,0,0.0,20,20,0,,,
gemma2:2b,5,non-ordered,trivial,direct,True,1.0,20,18114,ALPHA ZULU CHARLIE,INKWELL,5,14,136,0,1,1,,1.0,16,20,0,,,
gemma2:2b,5,non-ordered,semantic_2,cot,True,1.0,20,18135,VICTOR DELTA XRAY,ABACUS,5,15,642,0,1,0,0,1.0,0,20,0,,,
gemma2:2b,5,non-ordered,semantic_2,direct,True,1.0,20,18135,VICTOR DELTA XRAY,ABACUS,5,15,128,0,1,1,,1.0,17,20,0,,,
gemma2:2b,5,non-ordered,semantic_4,cot,True,1.0,20,18135,VICTOR DELTA XRAY,ABACUS,5,15,1863,0,1,1,1,0.5,17,20,0,,,
gemma2:2b,5,non-ordered,semantic_4,direct,True,1.0,20,18135,VICTOR DELTA XRAY,ABACUS,5,15,97,0,1,0,,0.25,0,20,0,,,
gemma2:2b,5,non-ordered,trivial,cot,True,1.0,20,19114,TANGO MIKE YANKEE,GONDOLA,5,14,584,0,1,0,0,0.75,0,20,0,,,
gemma2:2b,5,non-ordered,trivial,direct,True,1.0,20,19114,TANGO MIKE YANKEE,GONDOLA,5,14,130,0,1,1,,1.0,20,20,0,,,
gemma2:2b,5,non-ordered,semantic_2,cot,True,1.0,20,19135,GOLF OSCAR BRAVO,MONGOOSE,5,13,1904,0,1,1,1,0.25,13,20,0,,,
gemma2:2b,5,non-ordered,semantic_2,direct,True,1.0,20,19135,GOLF OSCAR BRAVO,MONGOOSE,5,13,130,0,1,1,,0.5,16,20,0,,,
gemma2:2b,5,non-ordered,semantic_4,cot,True,1.0,20,19135,GOLF OSCAR BRAVO,MONGOOSE,5,13,891,0,1,0,1,0.25,5,20,0,,,
gemma2:2b,5,non-ordered,semantic_4,direct,True,1.0,20,19135,GOLF OSCAR BRAVO,MONGOOSE,5,13,87,0,1,0,,0.0,1,20,0,,,
gemma2:2b,5,non-ordered,trivial,cot,True,1.0,20,20114,WHISKEY FOXTROT NOVEMBER,GLACIER,5,12,495,0,1,1,1,1.0,20,20,0,,,
gemma2:2b,5,non-ordered,trivial,direct,True,1.0,20,20114,WHISKEY FOXTROT NOVEMBER,GLACIER,5,12,137,0,1,1,,1.0,18,20,0,,,
gemma2:2b,5,non-ordered,semantic_2,cot,True,1.0,20,20135,GOLF ECHO NOVEMBER,FIREFLY,5,13,1243,0,1,1,1,0.0,20,20,0,,,
gemma2:2b,5,non-ordered,semantic_2,direct,True,1.0,20,20135,GOLF ECHO NOVEMBER,FIREFLY,5,13,132,0,1,1,,0.75,16,20,0,,,
gemma2:2b,5,non-ordered,semantic_4,cot,True,1.0,20,20135,GOLF ECHO NOVEMBER,FIREFLY,5,13,1513,0,1,0,0,0.75,0,20,0,,,
gemma2:2b,5,non-ordered,semantic_4,direct,True,1.0,20,20135,GOLF ECHO NOVEMBER,FIREFLY,5,13,148,0,1,1,,0.5,17,20,0,,,
gemma2:2b,5,non-ordered,trivial,cot,True,1.0,20,21114,BRAVO GOLF LIMA,ZUCCHINI,5,13,319,0,1,0,0,0.5,0,20,0,,,
gemma2:2b,5,non-ordered,trivial,direct,True,1.0,20,21114,BRAVO GOLF LIMA,ZUCCHINI,5,13,135,0,1,1,,1.0,20,20,0,,,
gemma2:2b,5,non-ordered,semantic_2,cot,True,1.0,20,21135,QUEBEC HOTEL CHARLIE,TULIP,5,14,765,0,1,1,1,0.75,15,20,0,,,
gemma2:2b,5,non-ordered,semantic_2,direct,True,1.0,20,21135,QUEBEC HOTEL CHARLIE,TULIP,5,14,141,0,1,1,,0.25,8,20,0,,,
gemma2:2b,5,non-ordered,semantic_4,cot,True,1.0,20,21135,QUEBEC HOTEL CHARLIE,TULIP,5,14,1105,0,1,1,0,0.5,7,20,0,,,
gemma2:2b,5,non-ordered,semantic_4,direct,True,1.0,20,21135,QUEBEC HOTEL CHARLIE,TULIP,5,14,131,0,1,1,,0.75,17,20,0,,,
gemma2:2b,5,non-ordered,trivial,cot,True,1.0,20,22114,GOLF MIKE WHISKEY,RHUBARB,5,12,701,0,1,1,1,1.0,20,20,0,,,
gemma2:2b,5,non-ordered,trivial,direct,True,1.0,20,22114,GOLF MIKE WHISKEY,RHUBARB,5,12,130,0,1,1,,1.0,20,20,0,,,
gemma2:2b,5,non-ordered,semantic_2,cot,True,1.0,20,22135,FOXTROT KILO ALPHA,PLATYPUS,5,12,1378,0,1,0,0,0.75,0,20,0,,,
gemma2:2b,5,non-ordered,semantic_2,direct,True,1.0,20,22135,FOXTROT KILO ALPHA,PLATYPUS,5,12,134,0,1,0,,0.75,14,20,0,,,
gemma2:2b,5,non-ordered,semantic_4,cot,True,1.0,20,22135,FOXTROT KILO ALPHA,PLATYPUS,5,12,1397,0,1,0,1,0.5,20,20,0,,,
gemma2:2b,5,non-ordered,semantic_4,direct,True,1.0,20,22135,FOXTROT KILO ALPHA,PLATYPUS,5,12,141,0,1,0,,0.5,16,20,0,,,
gemma2:2b,5,non-ordered,trivial,cot,True,1.0,20,23114,KILO ALPHA VICTOR,QUIVER,5,10,481,0,1,0,0,0.75,3,20,0,,,
gemma2:2b,5,non-ordered,trivial,direct,True,1.0,20,23114,KILO ALPHA VICTOR,QUIVER,5,10,129,0,1,1,,1.0,19,20,0,,,
gemma2:2b,5,non-ordered,semantic_2,cot,True,1.0,20,23135,VICTOR ALPHA ROMEO,TOBOGGAN,5,15,770,0,1,1,0,0.5,20,20,0,,,
gemma2:2b,5,non-ordered,semantic_2,direct,True,1.0,20,23135,VICTOR ALPHA ROMEO,TOBOGGAN,5,15,131,0,1,1,,0.5,10,20,0,,,
gemma2:2b,5,non-ordered,semantic_4,cot,True,1.0,20,23135,VICTOR ALPHA ROMEO,TOBOGGAN,5,15,519,0,1,1,0,0.75,14,20,0,,,
gemma2:2b,5,non-ordered,semantic_4,direct,True,1.0,20,23135,VICTOR ALPHA ROMEO,TOBOGGAN,5,15,598,0,1,0,,0.0,17,20,0,,,
gemma2:2b,5,non-ordered,trivial,cot,True,1.0,20,24114,WHISKEY UNIFORM ECHO,QUARRY,5,14,787,0,1,1,0,0.5,18,20,0,,,
gemma2:2b,5,non-ordered,trivial,direct,True,1.0,20,24114,WHISKEY UNIFORM ECHO,QUARRY,5,14,438,0,1,1,,1.0,20,20,0,,,
gemma2:2b,5,non-ordered,semantic_2,cot,True,1.0,20,24135,ALPHA OSCAR MIKE,TOBOGGAN,5,14,1456,0,1,0,0,0.5,0,20,0,,,
gemma2:2b,5,non-ordered,semantic_2,direct,True,1.0,20,24135,ALPHA OSCAR MIKE,TOBOGGAN,5,14,140,0,1,1,,0.75,18,20,0,,,
gemma2:2b,5,non-ordered,semantic_4,cot,True,1.0,20,24135,ALPHA OSCAR MIKE,TOBOGGAN,5,14,1481,0,1,0,0,0.25,0,20,0,,,
gemma2:2b,5,non-ordered,semantic_4,direct,True,1.0,20,24135,ALPHA OSCAR MIKE,TOBOGGAN,5,14,144,0,1,1,,0.25,17,20,0,,,
gemma2:2b,5,non-ordered,trivial,cot,True,1.0,20,25114,HOTEL ROMEO NOVEMBER,KUMQUAT,5,11,383,0,1,0,0,0.75,0,20,0,,,
gemma2:2b,5,non-ordered,trivial,direct,True,1.0,20,25114,HOTEL ROMEO NOVEMBER,KUMQUAT,5,11,130,0,1,1,,1.0,20,20,0,,,
gemma2:2b,5,non-ordered,semantic_2,cot,True,1.0,20,25135,JULIET XRAY WHISKEY,KUMQUAT,5,10,2212,0,1,1,0,0.5,16,20,0,,,
gemma2:2b,5,non-ordered,semantic_2,direct,True,1.0,20,25135,JULIET XRAY WHISKEY,KUMQUAT,5,10,131,0,1,1,,0.25,20,20,0,,,
gemma2:2b,5,non-ordered,semantic_4,cot,True,1.0,20,25135,JULIET XRAY WHISKEY,KUMQUAT,5,10,1262,0,1,0,0,0.5,1,20,0,,,
gemma2:2b,5,non-ordered,semantic_4,direct,True,1.0,20,25135,JULIET XRAY WHISKEY,KUMQUAT,5,10,129,0,1,1,,0.5,15,20,0,,,
gemma2:2b,5,non-ordered,trivial,cot,True,1.0,20,26114,BRAVO JULIET XRAY,EMERALD,5,15,642,0,1,0,0,1.0,0,20,0,,,
gemma2:2b,5,non-ordered,trivial,direct,True,1.0,20,26114,BRAVO JULIET XRAY,EMERALD,5,15,150,0,1,1,,1.0,17,20,0,,,
gemma2:2b,5,non-ordered,semantic_2,cot,True,1.0,20,26135,INDIA ZULU UNIFORM,QUIVER,5,11,494,0,1,0,1,0.0,11,20,0,,,
gemma2:2b,5,non-ordered,semantic_2,direct,True,1.0,20,26135,INDIA ZULU UNIFORM,QUIVER,5,11,146,0,1,1,,0.25,18,20,0,,,
gemma2:2b,5,non-ordered,semantic_4,cot,True,1.0,20,26135,INDIA ZULU UNIFORM,QUIVER,5,11,771,0,1,1,1,0.25,20,20,0,,,
gemma2:2b,5,non-ordered,semantic_4,direct,True,1.0,20,26135,INDIA ZULU UNIFORM,QUIVER,5,11,143,0,1,1,,0.0,18,20,0,,,
gemma2:2b,5,non-ordered,trivial,cot,True,1.0,20,27114,VICTOR XRAY LIMA,LANTERN,5,14,605,0,1,1,1,0.75,20,20,0,,,
gemma2:2b,5,non-ordered,trivial,direct,True,1.0,20,27114,VICTOR XRAY LIMA,LANTERN,5,14,135,0,1,1,,1.0,20,20,0,,,
gemma2:2b,5,non-ordered,semantic_2,cot,True,1.0,20,27135,WHISKEY ECHO FOXTROT,CACTUS,5,14,682,0,1,1,0,0.5,20,20,0,,,
gemma2:2b,5,non-ordered,semantic_2,direct,True,1.0,20,27135,WHISKEY ECHO FOXTROT,CACTUS,5,14,140,0,1,1,,0.5,18,20,0,,,
gemma2:2b,5,non-ordered,semantic_4,cot,True,1.0,20,27135,WHISKEY ECHO FOXTROT,CACTUS,5,14,1056,0,1,1,0,0.75,16,20,0,,,
gemma2:2b,5,non-ordered,semantic_4,direct,True,1.0,20,27135,WHISKEY ECHO FOXTROT,CACTUS,5,14,1900,0,1,1,,0.0,19,20,0,,,
gemma2:2b,5,non-ordered,trivial,cot,True,1.0,20,28114,DELTA MIKE JULIET,EMERALD,5,14,387,0,1,0,0,0.75,0,20,0,,,
gemma2:2b,5,non-ordered,trivial,direct,True,1.0,20,28114,DELTA MIKE JULIET,EMERALD,5,14,123,0,1,1,,1.0,20,20,0,,,
gemma2:2b,5,non-ordered,semantic_2,cot,True,1.0,20,28135,TANGO FOXTROT ROMEO,EGGPLANT,5,14,616,0,1,1,0,0.5,4,20,0,,,
gemma2:2b,5,non-ordered,semantic_2,direct,True,1.0,20,28135,TANGO FOXTROT ROMEO,EGGPLANT,5,14,151,0,1,0,,0.25,5,20,0,,,
gemma2:2b,5,non-ordered,semantic_4,cot,True,1.0,20,28135,TANGO FOXTROT ROMEO,EGGPLANT,5,14,664,0,1,1,0,0.25,17,20,0,,,
gemma2:2b,5,non-ordered,semantic_4,direct,True,1.0,20,28135,TANGO FOXTROT ROMEO,EGGPLANT,5,14,141,0,1,1,,0.5,10,20,0,,,
gemma2:2b,5,non-ordered,trivial,cot,True,1.0,20,29114,BRAVO HOTEL JULIET,IGLOO,5,14,497,0,1,0,0,1.0,0,20,0,,,
gemma2:2b,5,non-ordered,trivial,direct,True,1.0,20,29114,BRAVO HOTEL JULIET,IGLOO,5,14,131,0,1,1,,1.0,17,20,0,,,
gemma2:2b,5,non-ordered,semantic_2,cot,True,1.0,20,29135,PAPA GOLF CHARLIE,SAXOPHONE,5,15,1464,0,1,0,0,0.75,1,20,0,,,
gemma2:2b,5,non-ordered,semantic_2,direct,True,1.0,20,29135,PAPA GOLF CHARLIE,SAXOPHONE,5,15,130,0,1,0,,1.0,13,20,0,,,
gemma2:2b,5,non-ordered,semantic_4,cot,True,1.0,20,29135,PAPA GOLF CHARLIE,SAXOPHONE,5,15,413,0,1,0,0,0.5,1,20,0,,,
gemma2:2b,5,non-ordered,semantic_4,direct,True,1.0,20,29135,PAPA GOLF CHARLIE,SAXOPHONE,5,15,159,0,1,1,,0.75,19,20,0,,,
gemma2:2b,5,non-ordered,trivial,cot,True,1.0,20,30114,LIMA VICTOR UNIFORM,BLIZZARD,5,13,508,0,1,1,0,0.75,10,20,0,,,
gemma2:2b,5,non-ordered,trivial,direct,True,1.0,20,30114,LIMA VICTOR UNIFORM,BLIZZARD,5,13,208,0,1,1,,1.0,20,20,0,,,
gemma2:2b,5,non-ordered,semantic_2,cot,True,1.0,20,30135,ECHO MIKE UNIFORM,PELICAN,5,13,961,0,1,1,1,0.25,19,20,0,,,
gemma2:2b,5,non-ordered,semantic_2,direct,True,1.0,20,30135,ECHO MIKE UNIFORM,PELICAN,5,13,169,0,1,0,,0.0,16,20,0,,,
gemma2:2b,5,non-ordered,semantic_4,cot,True,1.0,20,30135,ECHO MIKE UNIFORM,PELICAN,5,13,2397,0,1,1,1,0.0,18,20,0,,,
gemma2:2b,5,non-ordered,semantic_4,direct,True,1.0,20,30135,ECHO MIKE UNIFORM,PELICAN,5,13,123,0,1,1,,0.0,20,20,0,,,
gemma2:2b,5,non-ordered,trivial,cot,True,1.0,20,31114,CHARLIE QUEBEC KILO,ICEBERG,5,14,524,0,1,0,0,0.5,0,20,0,,,
gemma2:2b,5,non-ordered,trivial,direct,True,1.0,20,31114,CHARLIE QUEBEC KILO,ICEBERG,5,14,136,0,1,1,,1.0,20,20,0,,,
gemma2:2b,5,non-ordered,semantic_2,cot,True,1.0,20,31135,XRAY KILO PAPA,XYLOPHONE,5,13,1014,0,1,0,1,0.5,11,20,0,,,
gemma2:2b,5,non-ordered,semantic_2,direct,True,1.0,20,31135,XRAY KILO PAPA,XYLOPHONE,5,13,146,0,1,1,,0.25,19,20,0,,,
gemma2:2b,5,non-ordered,semantic_4,cot,True,1.0,20,31135,XRAY KILO PAPA,XYLOPHONE,5,13,2447,0,1,1,1,0.75,11,20,0,,,
gemma2:2b,5,non-ordered,semantic_4,direct,True,1.0,20,31135,XRAY KILO PAPA,XYLOPHONE,5,13,320,0,1,1,,0.75,19,20,0,,,
gemma2:2b,5,non-ordered,trivial,cot,True,1.0,20,32114,TANGO ZULU DELTA,ZEPPELIN,5,15,765,0,1,1,1,0.75,20,20,0,,,
gemma2:2b,5,non-ordered,trivial,direct,True,1.0,20,32114,TANGO ZULU DELTA,ZEPPELIN,5,15,139,0,1,1,,1.0,20,20,0,,,
gemma2:2b,5,non-ordered,semantic_2,cot,True,1.0,20,32135,ROMEO BRAVO SIERRA,TULIP,5,12,634,0,1,1,0,0.75,20,20,0,,,
gemma2:2b,5,non-ordered,semantic_2,direct,True,1.0,20,32135,ROMEO BRAVO SIERRA,TULIP,5,12,131,0,1,1,,0.25,20,20,0,,,
gemma2:2b,5,non-ordered,semantic_4,cot,True,1.0,20,32135,ROMEO BRAVO SIERRA,TULIP,5,12,860,0,1,1,1,0.0,20,20,0,,,
gemma2:2b,5,non-ordered,semantic_4,direct,True,1.0,20,32135,ROMEO BRAVO SIERRA,TULIP,5,12,133,0,1,1,,0.5,19,20,0,,,
gemma2:2b,5,non-ordered,trivial,cot,True,1.0,20,33114,INDIA OSCAR JULIET,VOLCANO,5,13,342,0,1,0,0,0.75,0,20,0,,,
gemma2:2b,5,non-ordered,trivial,direct,True,1.0,20,33114,INDIA OSCAR JULIET,VOLCANO,5,13,142,0,1,1,,1.0,20,20,0,,,
gemma2:2b,5,non-ordered,semantic_2,cot,True,1.0,20,33135,TANGO YANKEE NOVEMBER,QUIVER,5,12,863,0,1,0,1,0.5,19,20,0,,,
gemma2:2b,5,non-ordered,semantic_2,direct,True,1.0,20,33135,TANGO YANKEE NOVEMBER,QUIVER,5,12,146,0,1,1,,0.75,12,20,0,,,
gemma2:2b,5,non-ordered,semantic_4,cot,True,1.0,20,33135,TANGO YANKEE NOVEMBER,QUIVER,5,12,448,0,1,0,0,0.5,6,20,0,,,
gemma2:2b,5,non-ordered,semantic_4,direct,True,1.0,20,33135,TANGO YANKEE NOVEMBER,QUIVER,5,12,127,0,1,1,,0.5,6,20,0,,,
gemma2:2b,5,non-ordered,trivial,cot,True,1.0,20,34114,JULIET XRAY NOVEMBER,ALMOND,5,12,680,0,1,1,0,1.0,20,20,0,,,
gemma2:2b,5,non-ordered,trivial,direct,True,1.0,20,34114,JULIET XRAY NOVEMBER,ALMOND,5,12,138,0,1,1,,1.0,20,20,0,,,
gemma2:2b,5,non-ordered,semantic_2,cot,True,1.0,20,34135,NOVEMBER JULIET SIERRA,ROOSTER,5,14,950,0,1,0,0,0.75,9,20,0,,,
gemma2:2b,5,non-ordered,semantic_2,direct,True,1.0,20,34135,NOVEMBER JULIET SIERRA,ROOSTER,5,14,824,0,1,0,,0.0,19,20,0,,,
gemma2:2b,5,non-ordered,semantic_4,cot,True,1.0,20,34135,NOVEMBER JULIET SIERRA,ROOSTER,5,14,966,0,1,1,0,0.5,13,20,0,,,
gemma2:2b,5,non-ordered,semantic_4,direct,True,1.0,20,34135,NOVEMBER JULIET SIERRA,ROOSTER,5,14,397,0,1,0,,0.0,12,20,0,,,
gemma2:2b,5,non-ordered,trivial,cot,True,1.0,20,35114,TANGO NOVEMBER WHISKEY,SCARECROW,5,14,1017,0,1,0,0,1.0,0,20,0,,,
gemma2:2b,5,non-ordered,trivial,direct,True,1.0,20,35114,TANGO NOVEMBER WHISKEY,SCARECROW,5,14,188,0,1,1,,1.0,19,20,0,,,
gemma2:2b,5,non-ordered,semantic_2,cot,True,1.0,20,35135,OSCAR ALPHA XRAY,WATERMELON,5,11,607,0,1,1,0,0.5,16,20,0,,,
gemma2:2b,5,non-ordered,semantic_2,direct,True,1.0,20,35135,OSCAR ALPHA XRAY,WATERMELON,5,11,201,0,1,0,,0.0,18,20,0,,,
gemma2:2b,5,non-ordered,semantic_4,cot,True,1.0,20,35135,OSCAR ALPHA XRAY,WATERMELON,5,11,1210,0,1,0,1,0.5,4,20,0,,,
gemma2:2b,5,non-ordered,semantic_4,direct,True,1.0,20,35135,OSCAR ALPHA XRAY,WATERMELON,5,11,131,0,1,1,,0.25,16,20,0,,,
gemma2:2b,5,non-ordered,trivial,cot,True,1.0,20,36114,ECHO SIERRA HOTEL,DUMPLING,5,14,488,0,1,0,0,0.5,0,20,0,,,
gemma2:2b,5,non-ordered,trivial,direct,True,1.0,20,36114,ECHO SIERRA HOTEL,DUMPLING,5,14,134,0,1,1,,1.0,19,20,0,,,
gemma2:2b,5,non-ordered,semantic_2,cot,True,1.0,20,36135,FOXTROT PAPA MIKE,DANDELION,5,15,488,0,1,0,0,0.5,0,20,0,,,
gemma2:2b,5,non-ordered,semantic_2,direct,True,1.0,20,36135,FOXTROT PAPA MIKE,DANDELION,5,15,140,0,1,1,,0.25,14,20,0,,,
gemma2:2b,5,non-ordered,semantic_4,cot,True,1.0,20,36135,FOXTROT PAPA MIKE,DANDELION,5,15,374,0,1,0,0,0.5,0,20,0,,,
gemma2:2b,5,non-ordered,semantic_4,direct,True,1.0,20,36135,FOXTROT PAPA MIKE,DANDELION,5,15,130,0,1,0,,0.5,14,20,0,,,
gemma2:2b,5,non-ordered,trivial,cot,True,1.0,20,37114,DELTA TANGO FOXTROT,KETTLE,5,15,430,0,1,1,0,1.0,17,20,0,,,
gemma2:2b,5,non-ordered,trivial,direct,True,1.0,20,37114,DELTA TANGO FOXTROT,KETTLE,5,15,134,0,1,1,,1.0,18,20,0,,,
gemma2:2b,5,non-ordered,semantic_2,cot,True,1.0,20,37135,VICTOR INDIA DELTA,ALMOND,5,15,1231,0,1,1,1,0.5,20,20,0,,,
gemma2:2b,5,non-ordered,semantic_2,direct,True,1.0,20,37135,VICTOR INDIA DELTA,ALMOND,5,15,132,0,1,1,,0.25,17,20,0,,,
gemma2:2b,5,non-ordered,semantic_4,cot,True,1.0,20,37135,VICTOR INDIA DELTA,ALMOND,5,15,967,0,1,0,0,0.5,2,20,0,,,
gemma2:2b,5,non-ordered,semantic_4,direct,True,1.0,20,37135,VICTOR INDIA DELTA,ALMOND,5,15,139,0,1,1,,1.0,14,20,0,,,
gemma2:2b,5,non-ordered,trivial,cot,True,1.0,20,38114,FOXTROT OSCAR GOLF,OBELISK,5,12,596,0,1,1,1,1.0,19,20,0,,,
gemma2:2b,5,non-ordered,trivial,direct,True,1.0,20,38114,FOXTROT OSCAR GOLF,OBELISK,5,12,127,0,1,1,,1.0,20,20,0,,,
gemma2:2b,5,non-ordered,semantic_2,cot,True,1.0,20,38135,UNIFORM DELTA GOLF,OBELISK,5,14,646,0,1,1,1,0.5,20,20,0,,,
gemma2:2b,5,non-ordered,semantic_2,direct,True,1.0,20,38135,UNIFORM DELTA GOLF,OBELISK,5,14,143,0,1,1,,0.25,12,20,0,,,
gemma2:2b,5,non-ordered,semantic_4,cot,True,1.0,20,38135,UNIFORM DELTA GOLF,OBELISK,5,14,1080,0,1,0,0,0.0,0,20,0,,,
gemma2:2b,5,non-ordered,semantic_4,direct,True,1.0,20,38135,UNIFORM DELTA GOLF,OBELISK,5,14,195,0,1,0,,0.0,18,20,0,,,
gemma2:2b,5,non-ordered,trivial,cot,True,1.0,20,39114,ZULU QUEBEC DELTA,RAVIOLI,5,12,421,0,1,0,0,1.0,2,20,0,,,
gemma2:2b,5,non-ordered,trivial,direct,True,1.0,20,39114,ZULU QUEBEC DELTA,RAVIOLI,5,12,127,0,1,1,,1.0,20,20,0,,,
gemma2:2b,5,non-ordered,semantic_2,cot,True,1.0,20,39135,OSCAR XRAY SIERRA,ESPRESSO,5,14,695,0,1,1,0,0.75,19,20,0,,,
gemma2:2b,5,non-ordered,semantic_2,direct,True,1.0,20,39135,OSCAR XRAY SIERRA,ESPRESSO,5,14,132,0,1,0,,0.75,8,20,0,,,
gemma2:2b,5,non-ordered,semantic_4,cot,True,1.0,20,39135,OSCAR XRAY SIERRA,ESPRESSO,5,14,661,0,1,1,1,0.5,16,20,0,,,
gemma2:2b,5,non-ordered,semantic_4,direct,True,1.0,20,39135,OSCAR XRAY SIERRA,ESPRESSO,5,14,142,0,1,1,,1.0,19,20,0,,,
gemma2:2b,5,non-ordered,trivial,cot,True,1.0,20,40114,CHARLIE MIKE QUEBEC,MARBLE,5,13,604,0,1,0,0,1.0,3,20,0,,,
gemma2:2b,5,non-ordered,trivial,direct,True,1.0,20,40114,CHARLIE MIKE QUEBEC,MARBLE,5,13,133,0,1,1,,1.0,20,20,0,,,
gemma2:2b,5,non-ordered,semantic_2,cot,True,1.0,20,40135,QUEBEC YANKEE JULIET,GONDOLA,5,13,656,0,1,0,1,0.25,20,20,0,,,
gemma2:2b,5,non-ordered,semantic_2,direct,True,1.0,20,40135,QUEBEC YANKEE JULIET,GONDOLA,5,13,205,0,1,0,,0.0,5,20,0,,,
gemma2:2b,5,non-ordered,semantic_4,cot,True,1.0,20,40135,QUEBEC YANKEE JULIET,GONDOLA,5,13,2474,0,1,0,0,0.0,0,20,0,,,
gemma2:2b,5,non-ordered,semantic_4,direct,True,1.0,20,40135,QUEBEC YANKEE JULIET,GONDOLA,5,13,133,0,1,1,,0.0,16,20,0,,,
gemma2:2b,5,non-ordered,trivial,cot,True,1.0,20,41114,VICTOR TANGO ALPHA,NECTARINE,5,13,387,0,1,0,0,0.5,0,20,0,,,
gemma2:2b,5,non-ordered,trivial,direct,True,1.0,20,41114,VICTOR TANGO ALPHA,NECTARINE,5,13,133,0,1,1,,1.0,19,20,0,,,
gemma2:2b,5,non-ordered,semantic_2,cot,True,1.0,20,41135,ECHO PAPA BRAVO,ZEPPELIN,5,14,773,0,1,1,0,0.25,9,20,0,,,
gemma2:2b,5,non-ordered,semantic_2,direct,True,1.0,20,41135,ECHO PAPA BRAVO,ZEPPELIN,5,14,132,0,1,1,,0.5,18,20,0,,,
gemma2:2b,5,non-ordered,semantic_4,cot,True,1.0,20,41135,ECHO PAPA BRAVO,ZEPPELIN,5,14,1477,0,1,1,1,0.0,20,20,0,,,
gemma2:2b,5,non-ordered,semantic_4,direct,True,1.0,20,41135,ECHO PAPA BRAVO,ZEPPELIN,5,14,138,0,1,1,,0.25,17,20,0,,,
gemma2:2b,5,non-ordered,trivial,cot,True,1.0,20,42114,FOXTROT DELTA TANGO,LULLABY,5,15,711,0,1,0,0,1.0,0,20,0,,,
gemma2:2b,5,non-ordered,trivial,direct,True,1.0,20,42114,FOXTROT DELTA TANGO,LULLABY,5,15,129,0,1,1,,1.0,20,20,0,,,
gemma2:2b,5,non-ordered,semantic_2,cot,True,1.0,20,42135,BRAVO JULIET ALPHA,NARWHAL,5,15,371,0,1,0,0,0.75,16,20,0,,,
gemma2:2b,5,non-ordered,semantic_2,direct,True,1.0,20,42135,BRAVO JULIET ALPHA,NARWHAL,5,15,143,0,1,1,,0.75,18,20,0,,,
gemma2:2b,5,non-ordered,semantic_4,cot,True,1.0,20,42135,BRAVO JULIET ALPHA,NARWHAL,5,15,645,0,1,0,0,1.0,3,20,0,,,
gemma2:2b,5,non-ordered,semantic_4,direct,True,1.0,20,42135,BRAVO JULIET ALPHA,NARWHAL,5,15,145,0,1,1,,0.75,18,20,0,,,
gemma2:2b,5,non-ordered,trivial,cot,True,1.0,20,43114,ZULU GOLF ECHO,METRONOME,5,14,531,0,1,0,0,0.75,0,20,0,,,
gemma2:2b,5,non-ordered,trivial,direct,True,1.0,20,43114,ZULU GOLF ECHO,METRONOME,5,14,134,0,1,1,,1.0,19,20,0,,,
gemma2:2b,5,non-ordered,semantic_2,cot,True,1.0,20,43135,JULIET ECHO XRAY,FLAMINGO,5,15,734,0,1,1,0,0.5,20,20,0,,,
gemma2:2b,5,non-ordered,semantic_2,direct,True,1.0,20,43135,JULIET ECHO XRAY,FLAMINGO,5,15,129,0,1,1,,0.5,18,20,0,,,
gemma2:2b,5,non-ordered,semantic_4,cot,True,1.0,20,43135,JULIET ECHO XRAY,FLAMINGO,5,15,882,0,1,1,0,0.5,18,20,0,,,
gemma2:2b,5,non-ordered,semantic_4,direct,True,1.0,20,43135,JULIET ECHO XRAY,FLAMINGO,5,15,132,0,1,1,,0.75,16,20,0,,,
gemma2:2b,5,non-ordered,trivial,cot,True,1.0,20,44114,GOLF UNIFORM NOVEMBER,GONDOLA,5,11,545,0,1,0,0,1.0,0,20,0,,,
gemma2:2b,5,non-ordered,trivial,direct,True,1.0,20,44114,GOLF UNIFORM NOVEMBER,GONDOLA,5,11,134,0,1,1,,1.0,19,20,0,,,
gemma2:2b,5,non-ordered,semantic_2,cot,True,1.0,20,44135,TANGO QUEBEC HOTEL,IGLOO,5,11,1002,0,1,0,0,0.25,12,20,0,,,
gemma2:2b,5,non-ordered,semantic_2,direct,True,1.0,20,44135,TANGO QUEBEC HOTEL,IGLOO,5,11,267,0,1,1,,0.5,16,20,0,,,
gemma2:2b,5,non-ordered,semantic_4,cot,True,1.0,20,44135,TANGO QUEBEC HOTEL,IGLOO,5,11,777,0,1,0,1,0.0,16,20,0,,,
gemma2:2b,5,non-ordered,semantic_4,direct,True,1.0,20,44135,TANGO QUEBEC HOTEL,IGLOO,5,11,251,0,1,0,,0.5,19,20,0,,,
gemma2:2b,5,non-ordered,trivial,cot,True,1.0,20,45114,FOXTROT GOLF ECHO,THIMBLE,5,14,398,0,1,1,0,1.0,11,20,0,,,
gemma2:2b,5,non-ordered,trivial,direct,True,1.0,20,45114,FOXTROT GOLF ECHO,THIMBLE,5,14,678,0,1,0,,0.0,19,20,0,,,
gemma2:2b,5,non-ordered,semantic_2,cot,True,1.0,20,45135,QUEBEC CHARLIE JULIET,VINEYARD,5,12,1432,0,1,0,1,0.0,17,20,0,,,
gemma2:2b,5,non-ordered,semantic_2,direct,True,1.0,20,45135,QUEBEC CHARLIE JULIET,VINEYARD,5,12,139,0,1,1,,0.75,19,20,0,,,
gemma2:2b,5,non-ordered,semantic_4,cot,True,1.0,20,45135,QUEBEC CHARLIE JULIET,VINEYARD,5,12,1330,0,1,1,0,0.25,14,20,0,,,
gemma2:2b,5,non-ordered,semantic_4,direct,True,1.0,20,45135,QUEBEC CHARLIE JULIET,VINEYARD,5,12,141,0,1,1,,0.0,18,20,0,,,
gemma2:2b,5,non-ordered,trivial,cot,True,1.0,20,46114,PAPA HOTEL NOVEMBER,HARMONICA,5,14,426,0,1,1,0,0.75,18,20,0,,,
gemma2:2b,5,non-ordered,trivial,direct,True,1.0,20,46114,PAPA HOTEL NOVEMBER,HARMONICA,5,14,137,0,1,1,,1.0,17,20,0,,,
gemma2:2b,5,non-ordered,semantic_2,cot,True,1.0,20,46135,BRAVO GOLF DELTA,ZEPPELIN,5,15,891,0,1,1,1,0.25,15,20,0,,,
gemma2:2b,5,non-ordered,semantic_2,direct,True,1.0,20,46135,BRAVO GOLF DELTA,ZEPPELIN,5,15,130,0,1,1,,1.0,15,20,0,,,
gemma2:2b,5,non-ordered,semantic_4,cot,True,1.0,20,46135,BRAVO GOLF DELTA,ZEPPELIN,5,15,980,0,1,0,0,0.75,0,20,0,,,
gemma2:2b,5,non-ordered,semantic_4,direct,True,1.0,20,46135,BRAVO GOLF DELTA,ZEPPELIN,5,15,100,0,1,0,,1.0,0,20,0,,,
gemma2:2b,5,non-ordered,trivial,cot,True,1.0,20,47114,TANGO GOLF NOVEMBER,VINEYARD,5,14,454,0,1,1,0,1.0,20,20,0,,,
gemma2:2b,5,non-ordered,trivial,direct,True,1.0,20,47114,TANGO GOLF NOVEMBER,VINEYARD,5,14,350,0,1,1,,1.0,20,20,0,,,
gemma2:2b,5,non-ordered,semantic_2,cot,True,1.0,20,47135,MIKE KILO PAPA,DAFFODIL,5,15,476,0,1,1,0,0.25,4,20,0,,,
gemma2:2b,5,non-ordered,semantic_2,direct,True,1.0,20,47135,MIKE KILO PAPA,DAFFODIL,5,15,421,0,1,0,,0.0,7,20,0,,,
gemma2:2b,5,non-ordered,semantic_4,cot,True,1.0,20,47135,MIKE KILO PAPA,DAFFODIL,5,15,1145,0,1,0,0,0.5,1,20,0,,,
gemma2:2b,5,non-ordered,semantic_4,direct,True,1.0,20,47135,MIKE KILO PAPA,DAFFODIL,5,15,132,0,1,1,,0.25,16,20,0,,,
gemma2:2b,5,non-ordered,trivial,cot,True,1.0,20,48114,CHARLIE NOVEMBER KILO,VULTURE,5,15,799,0,1,1,0,1.0,15,20,0,,,
gemma2:2b,5,non-ordered,trivial,direct,True,1.0,20,48114,CHARLIE NOVEMBER KILO,VULTURE,5,15,145,0,1,1,,1.0,17,20,0,,,
gemma2:2b,5,non-ordered,semantic_2,cot,True,1.0,20,48135,JULIET UNIFORM GOLF,ORIGAMI,5,14,1268,0,1,0,0,0.75,1,20,0,,,
gemma2:2b,5,non-ordered,semantic_2,direct,True,1.0,20,48135,JULIET UNIFORM GOLF,ORIGAMI,5,14,133,0,1,1,,0.5,19,20,0,,,
gemma2:2b,5,non-ordered,semantic_4,cot,True,1.0,20,48135,JULIET UNIFORM GOLF,ORIGAMI,5,14,655,0,1,0,0,0.5,0,20,0,,,
gemma2:2b,5,non-ordered,semantic_4,direct,True,1.0,20,48135,JULIET UNIFORM GOLF,ORIGAMI,5,14,146,0,1,1,,0.5,18,20,0,,,
gemma2:2b,5,non-ordered,trivial,cot,True,1.0,20,49114,WHISKEY TANGO ALPHA,FALCON,5,13,358,0,1,0,0,0.5,0,20,0,,,
gemma2:2b,5,non-ordered,trivial,direct,True,1.0,20,49114,WHISKEY TANGO ALPHA,FALCON,5,13,138,0,1,1,,1.0,20,20,0,,,
gemma2:2b,5,non-ordered,semantic_2,cot,True,1.0,20,49135,KILO XRAY HOTEL,NUTMEG,5,15,1016,0,1,0,0,0.5,6,20,0,,,
gemma2:2b,5,non-ordered,semantic_2,direct,True,1.0,20,49135,KILO XRAY HOTEL,NUTMEG,5,15,125,0,1,0,,0.5,13,20,0,,,
gemma2:2b,5,non-ordered,semantic_4,cot,True,1.0,20,49135,KILO XRAY HOTEL,NUTMEG,5,15,485,0,1,0,0,0.75,4,20,0,,,
gemma2:2b,5,non-ordered,semantic_4,direct,True,1.0,20,49135,KILO XRAY HOTEL,NUTMEG,5,15,132,0,1,1,,0.75,14,20,0,,,
gemma2:2b,5,non-ordered,trivial,cot,True,1.0,20,50114,VICTOR UNIFORM FOXTROT,PLATYPUS,5,15,503,0,1,0,0,1.0,0,20,0,,,
gemma2:2b,5,non-ordered,trivial,direct,True,1.0,20,50114,VICTOR UNIFORM FOXTROT,PLATYPUS,5,15,134,0,1,1,,1.0,12,20,0,,,
gemma2:2b,5,non-ordered,semantic_2,cot,True,1.0,20,50135,CHARLIE QUEBEC ALPHA,PYRAMID,5,15,759,0,1,1,1,0.5,20,20,0,,,
gemma2:2b,5,non-ordered,semantic_2,direct,True,1.0,20,50135,CHARLIE QUEBEC ALPHA,PYRAMID,5,15,94,0,1,0,,0.75,0,20,0,,,
gemma2:2b,5,non-ordered,semantic_4,cot,True,1.0,20,50135,CHARLIE QUEBEC ALPHA,PYRAMID,5,15,1210,0,1,1,1,0.5,20,20,0,,,
gemma2:2b,5,non-ordered,semantic_4,direct,True,1.0,20,50135,CHARLIE QUEBEC ALPHA,PYRAMID,5,15,98,0,1,0,,0.25,1,20,0,,,
gemma2:2b,5,non-ordered,trivial,cot,True,1.0,20,51114,GOLF YANKEE BRAVO,GAZEBO,5,12,669,0,1,1,1,1.0,20,20,0,,,
gemma2:2b,5,non-ordered,trivial,direct,True,1.0,20,51114,GOLF YANKEE BRAVO,GAZEBO,5,12,137,0,1,1,,1.0,19,20,0,,,
gemma2:2b,5,non-ordered,semantic_2,cot,True,1.0,20,51135,FOXTROT OSCAR MIKE,QUICKSAND,5,13,460,0,1,0,0,0.0,2,20,0,,,
gemma2:2b,5,non-ordered,semantic_2,direct,True,1.0,20,51135,FOXTROT OSCAR MIKE,QUICKSAND,5,13,137,0,1,1,,0.0,15,20,0,,,
gemma2:2b,5,non-ordered,semantic_4,cot,True,1.0,20,51135,FOXTROT OSCAR MIKE,QUICKSAND,5,13,521,0,1,0,0,0.25,16,20,0,,,
gemma2:2b,5,non-ordered,semantic_4,direct,True,1.0,20,51135,FOXTROT OSCAR MIKE,QUICKSAND,5,13,155,0,1,1,,0.25,16,20,0,,,
gemma2:2b,5,non-ordered,trivial,cot,True,1.0,20,52114,ALPHA QUEBEC LIMA,WALNUT,5,14,431,0,1,0,0,0.5,0,20,0,,,
gemma2:2b,5,non-ordered,trivial,direct,True,1.0,20,52114,ALPHA QUEBEC LIMA,WALNUT,5,14,150,0,1,1,,1.0,19,20,0,,,
gemma2:2b,5,non-ordered,semantic_2,cot,True,1.0,20,52135,TANGO ALPHA INDIA,GAZEBO,5,14,1088,0,1,1,0,0.75,9,20,0,,,
gemma2:2b,5,non-ordered,semantic_2,direct,True,1.0,20,52135,TANGO ALPHA INDIA,GAZEBO,5,14,132,0,1,1,,1.0,19,20,0,,,
gemma2:2b,5,non-ordered,semantic_4,cot,True,1.0,20,52135,TANGO ALPHA INDIA,GAZEBO,5,14,1080,0,1,1,1,0.0,19,20,0,,,
gemma2:2b,5,non-ordered,semantic_4,direct,True,1.0,20,52135,TANGO ALPHA INDIA,GAZEBO,5,14,130,0,1,1,,0.75,18,20,0,,,
gemma2:2b,5,non-ordered,trivial,cot,True,1.0,20,53114,FOXTROT OSCAR SIERRA,ROOSTER,5,14,282,0,1,1,1,0.5,20,20,0,,,
gemma2:2b,5,non-ordered,trivial,direct,True,1.0,20,53114,FOXTROT OSCAR SIERRA,ROOSTER,5,14,136,0,1,1,,1.0,17,20,0,,,
gemma2:2b,5,non-ordered,semantic_2,cot,True,1.0,20,53135,OSCAR BRAVO LIMA,RASPBERRY,5,14,1668,0,1,1,1,1.0,20,20,0,,,
gemma2:2b,5,non-ordered,semantic_2,direct,True,1.0,20,53135,OSCAR BRAVO LIMA,RASPBERRY,5,14,135,0,1,1,,0.75,16,20,0,,,
gemma2:2b,5,non-ordered,semantic_4,cot,True,1.0,20,53135,OSCAR BRAVO LIMA,RASPBERRY,5,14,812,0,1,1,0,0.5,19,20,0,,,
gemma2:2b,5,non-ordered,semantic_4,direct,True,1.0,20,53135,OSCAR BRAVO LIMA,RASPBERRY,5,14,136,0,1,1,,0.5,15,20,0,,,
gemma2:2b,5,non-ordered,trivial,cot,True,1.0,20,54114,NOVEMBER FOXTROT MIKE,ABACUS,5,15,492,0,1,1,1,1.0,20,20,0,,,
gemma2:2b,5,non-ordered,trivial,direct,True,1.0,20,54114,NOVEMBER FOXTROT MIKE,ABACUS,5,15,143,0,1,1,,1.0,20,20,0,,,
gemma2:2b,5,non-ordered,semantic_2,cot,True,1.0,20,54135,ALPHA YANKEE HOTEL,GARGOYLE,5,15,919,0,1,0,0,0.0,0,20,0,,,
gemma2:2b,5,non-ordered,semantic_2,direct,True,1.0,20,54135,ALPHA YANKEE HOTEL,GARGOYLE,5,15,137,0,1,1,,0.5,16,20,0,,,
gemma2:2b,5,non-ordered,semantic_4,cot,True,1.0,20,54135,ALPHA YANKEE HOTEL,GARGOYLE,5,15,1733,0,1,1,1,1.0,20,20,0,,,
gemma2:2b,5,non-ordered,semantic_4,direct,True,1.0,20,54135,ALPHA YANKEE HOTEL,GARGOYLE,5,15,110,0,1,0,,0.5,12,20,0,,,
gemma2:2b,5,non-ordered,trivial,cot,True,1.0,20,55114,HOTEL NOVEMBER GOLF,CACTUS,5,15,397,0,1,0,0,0.5,0,20,0,,,
gemma2:2b,5,non-ordered,trivial,direct,True,1.0,20,55114,HOTEL NOVEMBER GOLF,CACTUS,5,15,102,0,1,0,,1.0,0,20,0,,,
gemma2:2b,5,non-ordered,semantic_2,cot,True,1.0,20,55135,INDIA UNIFORM ALPHA,ZUCCHINI,5,12,573,0,1,0,0,0.25,2,20,0,,,
gemma2:2b,5,non-ordered,semantic_2,direct,True,1.0,20,55135,INDIA UNIFORM ALPHA,ZUCCHINI,5,12,139,0,1,1,,0.5,19,20,0,,,
gemma2:2b,5,non-ordered,semantic_4,cot,True,1.0,20,55135,INDIA UNIFORM ALPHA,ZUCCHINI,5,12,657,0,1,1,1,0.0,17,20,0,,,
gemma2:2b,5,non-ordered,semantic_4,direct,True,1.0,20,55135,INDIA UNIFORM ALPHA,ZUCCHINI,5,12,135,0,1,1,,0.25,20,20,0,,,
gemma2:2b,5,non-ordered,trivial,cot,True,1.0,20,56114,NOVEMBER DELTA HOTEL,PYRAMID,5,15,430,0,1,0,0,0.5,0,20,0,,,
gemma2:2b,5,non-ordered,trivial,direct,True,1.0,20,56114,NOVEMBER DELTA HOTEL,PYRAMID,5,15,144,0,1,1,,1.0,20,20,0,,,
gemma2:2b,5,non-ordered,semantic_2,cot,True,1.0,20,56135,FOXTROT ZULU JULIET,FALCON,5,14,659,0,1,1,0,1.0,16,20,0,,,
gemma2:2b,5,non-ordered,semantic_2,direct,True,1.0,20,56135,FOXTROT ZULU JULIET,FALCON,5,14,693,0,1,0,,0.0,16,20,0,,,
gemma2:2b,5,non-ordered,semantic_4,cot,True,1.0,20,56135,FOXTROT ZULU JULIET,FALCON,5,14,940,0,1,0,0,0.0,5,20,0,,,
gemma2:2b,5,non-ordered,semantic_4,direct,True,1.0,20,56135,FOXTROT ZULU JULIET,FALCON,5,14,136,0,1,1,,0.25,18,20,0,,,
gemma2:2b,5,non-ordered,trivial,cot,True,1.0,20,57114,ZULU GOLF LIMA,GAZEBO,5,14,374,0,1,1,0,1.0,20,20,0,,,
gemma2:2b,5,non-ordered,trivial,direct,True,1.0,20,57114,ZULU GOLF LIMA,GAZEBO,5,14,127,0,1,1,,1.0,18,20,0,,,
gemma2:2b,5,non-ordered,semantic_2,cot,True,1.0,20,57135,ROMEO FOXTROT ALPHA,VINEYARD,5,12,624,0,1,0,0,0.25,7,20,0,,,
gemma2:2b,5,non-ordered,semantic_2,direct,True,1.0,20,57135,ROMEO FOXTROT ALPHA,VINEYARD,5,12,155,0,1,1,,0.5,17,20,0,,,
gemma2:2b,5,non-ordered,semantic_4,cot,True,1.0,20,57135,ROMEO FOXTROT ALPHA,VINEYARD,5,12,2100,0,1,1,1,0.25,20,20,0,,,
gemma2:2b,5,non-ordered,semantic_4,direct,True,1.0,20,57135,ROMEO FOXTROT ALPHA,VINEYARD,5,12,131,0,1,1,,0.75,8,20,0,,,
gemma2:2b,5,non-ordered,trivial,cot,True,1.0,20,58114,SIERRA WHISKEY ROMEO,YACHT,5,14,435,0,1,0,0,0.75,0,20,0,,,
gemma2:2b,5,non-ordered,trivial,direct,True,1.0,20,58114,SIERRA WHISKEY ROMEO,YACHT,5,14,547,0,1,0,,0.0,19,20,0,,,
gemma2:2b,5,non-ordered,semantic_2,cot,True,1.0,20,58135,ZULU KILO ECHO,UNICYCLE,5,15,745,0,1,1,1,0.5,16,20,0,,,
gemma2:2b,5,non-ordered,semantic_2,direct,True,1.0,20,58135,ZULU KILO ECHO,UNICYCLE,5,15,143,0,1,1,,0.5,18,20,0,,,
gemma2:2b,5,non-ordered,semantic_4,cot,True,1.0,20,58135,ZULU KILO ECHO,UNICYCLE,5,15,690,0,1,1,1,0.5,20,20,0,,,
gemma2:2b,5,non-ordered,semantic_4,direct,True,1.0,20,58135,ZULU KILO ECHO,UNICYCLE,5,15,126,0,1,1,,0.5,19,20,0,,,
gemma2:2b,5,non-ordered,trivial,cot,True,1.0,20,59114,XRAY WHISKEY LIMA,EGGPLANT,5,14,1338,0,1,1,1,1.0,20,20,0,,,
gemma2:2b,5,non-ordered,trivial,direct,True,1.0,20,59114,XRAY WHISKEY LIMA,EGGPLANT,5,14,145,0,1,1,,1.0,20,20,0,,,
gemma2:2b,5,non-ordered,semantic_2,cot,True,1.0,20,59135,LIMA PAPA VICTOR,ESPRESSO,5,9,1047,0,1,0,0,0.0,11,20,0,,,
gemma2:2b,5,non-ordered,semantic_2,direct,True,1.0,20,59135,LIMA PAPA VICTOR,ESPRESSO,5,9,151,0,1,1,,0.5,20,20,0,,,
gemma2:2b,5,non-ordered,semantic_4,cot,True,1.0,20,59135,LIMA PAPA VICTOR,ESPRESSO,5,9,555,0,1,0,0,0.25,0,20,0,,,
gemma2:2b,5,non-ordered,semantic_4,direct,True,1.0,20,59135,LIMA PAPA VICTOR,ESPRESSO,5,9,143,0,1,1,,0.25,20,20,0,,,
gemma2:2b,5,non-ordered,trivial,cot,True,1.0,20,60114,YANKEE ECHO FOXTROT,SUNDIAL,5,15,385,0,1,0,1,1.0,20,20,0,,,
gemma2:2b,5,non-ordered,trivial,direct,True,1.0,20,60114,YANKEE ECHO FOXTROT,SUNDIAL,5,15,146,0,1,1,,1.0,18,20,0,,,
gemma2:2b,5,non-ordered,semantic_2,cot,True,1.0,20,60135,XRAY UNIFORM VICTOR,QUIVER,5,15,505,0,1,0,0,0.5,15,20,0,,,
gemma2:2b,5,non-ordered,semantic_2,direct,True,1.0,20,60135,XRAY UNIFORM VICTOR,QUIVER,5,15,134,0,1,1,,0.25,13,20,0,,,
gemma2:2b,5,non-ordered,semantic_4,cot,True,1.0,20,60135,XRAY UNIFORM VICTOR,QUIVER,5,15,521,0,1,0,0,0.5,0,20,0,,,
gemma2:2b,5,non-ordered,semantic_4,direct,True,1.0,20,60135,XRAY UNIFORM VICTOR,QUIVER,5,15,134,0,1,1,,0.5,17,20,0,,,
gemma2:2b,5,non-ordered,trivial,cot,True,1.0,20,61114,YANKEE NOVEMBER JULIET,BAGPIPE,5,12,399,0,1,0,0,0.5,3,20,0,,,
gemma2:2b,5,non-ordered,trivial,direct,True,1.0,20,61114,YANKEE NOVEMBER JULIET,BAGPIPE,5,12,134,0,1,1,,1.0,20,20,0,,,
gemma2:2b,5,non-ordered,semantic_2,cot,True,1.0,20,61135,FOXTROT NOVEMBER MIKE,SNORKEL,5,15,431,0,1,1,0,1.0,17,20,0,,,
gemma2:2b,5,non-ordered,semantic_2,direct,True,1.0,20,61135,FOXTROT NOVEMBER MIKE,SNORKEL,5,15,133,0,1,1,,0.75,18,20,0,,,
gemma2:2b,5,non-ordered,semantic_4,cot,True,1.0,20,61135,FOXTROT NOVEMBER MIKE,SNORKEL,5,15,1017,0,1,1,0,0.5,20,20,0,,,
gemma2:2b,5,non-ordered,semantic_4,direct,True,1.0,20,61135,FOXTROT NOVEMBER MIKE,SNORKEL,5,15,184,0,1,1,,0.5,19,20,0,,,
gemma2:2b,5,non-ordered,trivial,cot,True,1.0,20,62114,WHISKEY VICTOR HOTEL,PISTACHIO,5,14,334,0,0,0,0,0.0,,,,,,
gemma2:2b,5,non-ordered,trivial,direct,True,1.0,20,62114,WHISKEY VICTOR HOTEL,PISTACHIO,5,14,136,0,1,1,,1.0,20,20,0,,,
gemma2:2b,5,non-ordered,semantic_2,cot,True,1.0,20,62135,XRAY WHISKEY FOXTROT,PLATYPUS,5,7,919,0,1,1,0,0.5,20,20,0,,,
gemma2:2b,5,non-ordered,semantic_2,direct,True,1.0,20,62135,XRAY WHISKEY FOXTROT,PLATYPUS,5,7,160,0,1,1,,0.5,16,20,0,,,
gemma2:2b,5,non-ordered,semantic_4,cot,True,1.0,20,62135,XRAY WHISKEY FOXTROT,PLATYPUS,5,7,943,0,1,1,0,0.5,20,20,0,,,
gemma2:2b,5,non-ordered,semantic_4,direct,True,1.0,20,62135,XRAY WHISKEY FOXTROT,PLATYPUS,5,7,214,0,1,1,,0.25,18,20,0,,,
gemma2:2b,5,non-ordered,trivial,cot,True,1.0,20,63114,KILO CHARLIE TANGO,UMBRELLA,5,15,502,0,1,0,0,1.0,19,20,0,,,
gemma2:2b,5,non-ordered,trivial,direct,True,1.0,20,63114,KILO CHARLIE TANGO,UMBRELLA,5,15,132,0,1,1,,1.0,18,20,0,,,
gemma2:2b,5,non-ordered,semantic_2,cot,True,1.0,20,63135,YANKEE NOVEMBER CHARLIE,BLIZZARD,5,11,934,0,1,0,0,0.5,3,20,0,,,
gemma2:2b,5,non-ordered,semantic_2,direct,True,1.0,20,63135,YANKEE NOVEMBER CHARLIE,BLIZZARD,5,11,175,0,1,1,,0.5,18,20,0,,,
gemma2:2b,5,non-ordered,semantic_4,cot,True,1.0,20,63135,YANKEE NOVEMBER CHARLIE,BLIZZARD,5,11,837,0,1,0,1,0.75,12,20,0,,,
gemma2:2b,5,non-ordered,semantic_4,direct,True,1.0,20,63135,YANKEE NOVEMBER CHARLIE,BLIZZARD,5,11,157,0,1,1,,0.5,19,20,0,,,
gemma2:2b,5,non-ordered,trivial,cot,True,1.0,20,64114,UNIFORM XRAY QUEBEC,GONDOLA,5,12,548,0,1,0,0,1.0,16,20,0,,,
gemma2:2b,5,non-ordered,trivial,direct,True,1.0,20,64114,UNIFORM XRAY QUEBEC,GONDOLA,5,12,726,0,1,0,,1.0,15,20,0,,,
gemma2:2b,5,non-ordered,semantic_2,cot,True,1.0,20,64135,QUEBEC FOXTROT OSCAR,PISTACHIO,5,13,834,0,1,0,0,0.5,5,20,0,,,
gemma2:2b,5,non-ordered,semantic_2,direct,True,1.0,20,64135,QUEBEC FOXTROT OSCAR,PISTACHIO,5,13,149,0,1,1,,0.75,18,20,0,,,
gemma2:2b,5,non-ordered,semantic_4,cot,True,1.0,20,64135,QUEBEC FOXTROT OSCAR,PISTACHIO,5,13,559,0,1,0,0,0.25,0,20,0,,,
gemma2:2b,5,non-ordered,semantic_4,direct,True,1.0,20,64135,QUEBEC FOXTROT OSCAR,PISTACHIO,5,13,151,0,1,1,,0.25,14,20,0,,,
gemma2:2b,5,non-ordered,trivial,cot,True,1.0,20,65114,HOTEL JULIET XRAY,YACHT,5,12,695,0,1,1,1,1.0,20,20,0,,,
gemma2:2b,5,non-ordered,trivial,direct,True,1.0,20,65114,HOTEL JULIET XRAY,YACHT,5,12,136,0,1,1,,1.0,19,20,0,,,
gemma2:2b,5,non-ordered,semantic_2,cot,True,1.0,20,65135,NOVEMBER DELTA OSCAR,KAYAK,5,15,622,0,1,0,0,0.5,1,20,0,,,
gemma2:2b,5,non-ordered,semantic_2,direct,True,1.0,20,65135,NOVEMBER DELTA OSCAR,KAYAK,5,15,132,0,1,0,,0.5,0,20,0,,,
gemma2:2b,5,non-ordered,semantic_4,cot,True,1.0,20,65135,NOVEMBER DELTA OSCAR,KAYAK,5,15,509,0,1,0,0,0.25,5,20,0,,,
gemma2:2b,5,non-ordered,semantic_4,direct,True,1.0,20,65135,NOVEMBER DELTA OSCAR,KAYAK,5,15,129,0,1,1,,0.5,14,20,0,,,
gemma2:2b,5,non-ordered,trivial,cot,True,1.0,20,66114,ECHO OSCAR ZULU,JIGSAW,5,15,449,0,1,0,0,0.75,0,20,0,,,
gemma2:2b,5,non-ordered,trivial,direct,True,1.0,20,66114,ECHO OSCAR ZULU,JIGSAW,5,15,127,0,1,1,,1.0,18,20,0,,,
gemma2:2b,5,non-ordered,semantic_2,cot,True,1.0,20,66135,JULIET KILO TANGO,VELVET,5,15,1166,0,1,1,0,0.0,8,20,0,,,
gemma2:2b,5,non-ordered,semantic_2,direct,True,1.0,20,66135,JULIET KILO TANGO,VELVET,5,15,128,0,1,1,,0.75,14,20,0,,,
gemma2:2b,5,non-ordered,semantic_4,cot,True,1.0,20,66135,JULIET KILO TANGO,VELVET,5,15,543,0,1,0,0,0.75,0,20,0,,,
gemma2:2b,5,non-ordered,semantic_4,direct,True,1.0,20,66135,JULIET KILO TANGO,VELVET,5,15,125,0,1,1,,0.75,16,20,0,,,
gemma2:2b,5,non-ordered,trivial,cot,True,1.0,20,67114,DELTA PAPA ALPHA,UMBRELLA,5,15,602,0,1,0,0,1.0,0,20,0,,,
gemma2:2b,5,non-ordered,trivial,direct,True,1.0,20,67114,DELTA PAPA ALPHA,UMBRELLA,5,15,130,0,1,1,,1.0,17,20,0,,,
gemma2:2b,5,non-ordered,semantic_2,cot,True,1.0,20,67135,PAPA JULIET INDIA,PLATYPUS,5,10,918,0,1,0,0,0.75,17,20,0,,,
gemma2:2b,5,non-ordered,semantic_2,direct,True,1.0,20,67135,PAPA JULIET INDIA,PLATYPUS,5,10,139,0,1,1,,0.75,20,20,0,,,
gemma2:2b,5,non-ordered,semantic_4,cot,True,1.0,20,67135,PAPA JULIET INDIA,PLATYPUS,5,10,737,0,1,1,0,0.75,0,20,0,,,
gemma2:2b,5,non-ordered,semantic_4,direct,True,1.0,20,67135,PAPA JULIET INDIA,PLATYPUS,5,10,139,0,1,1,,0.75,19,20,0,,,
gemma2:2b,5,non-ordered,trivial,cot,True,1.0,20,68114,ECHO ALPHA LIMA,METRONOME,5,11,604,0,1,1,0,1.0,20,20,0,,,
gemma2:2b,5,non-ordered,trivial,direct,True,1.0,20,68114,ECHO ALPHA LIMA,METRONOME,5,11,133,0,1,1,,1.0,19,20,0,,,
gemma2:2b,5,non-ordered,semantic_2,cot,True,1.0,20,68135,XRAY YANKEE NOVEMBER,DAFFODIL,5,11,759,0,1,0,0,0.75,0,20,0,,,
gemma2:2b,5,non-ordered,semantic_2,direct,True,1.0,20,68135,XRAY YANKEE NOVEMBER,DAFFODIL,5,11,190,0,1,0,,0.0,17,20,0,,,
gemma2:2b,5,non-ordered,semantic_4,cot,True,1.0,20,68135,XRAY YANKEE NOVEMBER,DAFFODIL,5,11,741,0,1,0,1,0.0,20,20,0,,,
gemma2:2b,5,non-ordered,semantic_4,direct,True,1.0,20,68135,XRAY YANKEE NOVEMBER,DAFFODIL,5,11,131,0,1,1,,0.25,18,20,0,,,
gemma2:2b,5,non-ordered,trivial,cot,True,1.0,20,69114,GOLF BRAVO XRAY,PELICAN,5,15,360,0,1,0,0,1.0,0,20,0,,,
gemma2:2b,5,non-ordered,trivial,direct,True,1.0,20,69114,GOLF BRAVO XRAY,PELICAN,5,15,132,0,1,1,,1.0,16,20,0,,,
gemma2:2b,5,non-ordered,semantic_2,cot,True,1.0,20,69135,TANGO QUEBEC ROMEO,QUIVER,5,14,679,0,1,0,1,0.5,18,20,0,,,
gemma2:2b,5,non-ordered,semantic_2,direct,True,1.0,20,69135,TANGO QUEBEC ROMEO,QUIVER,5,14,144,0,1,1,,0.5,16,20,0,,,
gemma2:2b,5,non-ordered,semantic_4,cot,True,1.0,20,69135,TANGO QUEBEC ROMEO,QUIVER,5,14,1084,0,1,0,0,0.25,4,20,0,,,
gemma2:2b,5,non-ordered,semantic_4,direct,True,1.0,20,69135,TANGO QUEBEC ROMEO,QUIVER,5,14,134,0,1,1,,0.0,16,20,0,,,
gemma2:2b,5,non-ordered,trivial,cot,True,1.0,20,70114,OSCAR FOXTROT PAPA,METRONOME,5,15,1038,0,1,1,1,1.0,20,20,0,,,
gemma2:2b,5,non-ordered,trivial,direct,True,1.0,20,70114,OSCAR FOXTROT PAPA,METRONOME,5,15,583,0,1,1,,1.0,16,20,0,,,
gemma2:2b,5,non-ordered,semantic_2,cot,True,1.0,20,70135,TANGO ROMEO HOTEL,VELVET,5,11,874,0,1,0,0,0.25,0,20,0,,,
gemma2:2b,5,non-ordered,semantic_2,direct,True,1.0,20,70135,TANGO ROMEO HOTEL,VELVET,5,11,102,0,1,0,,0.5,12,20,0,,,
gemma2:2b,5,non-ordered,semantic_4,cot,True,1.0,20,70135,TANGO ROMEO HOTEL,VELVET,5,11,1152,0,1,1,1,0.5,20,20,0,,,
gemma2:2b,5,non-ordered,semantic_4,direct,True,1.0,20,70135,TANGO ROMEO HOTEL,VELVET,5,11,214,0,1,0,,0.0,6,20,0,,,
gemma2:2b,5,non-ordered,trivial,cot,True,1.0,20,71114,OSCAR TANGO HOTEL,QUICKSAND,5,10,553,0,1,1,0,1.0,16,20,0,,,
gemma2:2b,5,non-ordered,trivial,direct,True,1.0,20,71114,OSCAR TANGO HOTEL,QUICKSAND,5,10,139,0,1,1,,1.0,18,20,0,,,
gemma2:2b,5,non-ordered,semantic_2,cot,True,1.0,20,71135,DELTA CHARLIE ROMEO,VULTURE,5,13,793,0,1,1,1,0.75,20,20,0,,,
gemma2:2b,5,non-ordered,semantic_2,direct,True,1.0,20,71135,DELTA CHARLIE ROMEO,VULTURE,5,13,138,0,1,1,,0.75,20,20,0,,,
gemma2:2b,5,non-ordered,semantic_4,cot,True,1.0,20,71135,DELTA CHARLIE ROMEO,VULTURE,5,13,1022,0,1,1,1,0.25,20,20,0,,,
gemma2:2b,5,non-ordered,semantic_4,direct,True,1.0,20,71135,DELTA CHARLIE ROMEO,VULTURE,5,13,152,0,1,1,,0.5,18,20,0,,,
gemma2:2b,5,non-ordered,trivial,cot,True,1.0,20,72114,LIMA INDIA MIKE,PUMPKIN,5,14,419,0,1,1,1,1.0,20,20,0,,,
gemma2:2b,5,non-ordered,trivial,direct,True,1.0,20,72114,LIMA INDIA MIKE,PUMPKIN,5,14,610,0,1,1,,1.0,18,20,0,,,
gemma2:2b,5,non-ordered,semantic_2,cot,True,1.0,20,72135,JULIET OSCAR ZULU,RASPBERRY,5,14,869,0,1,1,0,1.0,19,20,0,,,
gemma2:2b,5,non-ordered,semantic_2,direct,True,1.0,20,72135,JULIET OSCAR ZULU,RASPBERRY,5,14,189,0,1,0,,1.0,7,20,0,,,
gemma2:2b,5,non-ordered,semantic_4,cot,True,1.0,20,72135,JULIET OSCAR ZULU,RASPBERRY,5,14,593,0,1,1,1,0.5,18,20,0,,,
gemma2:2b,5,non-ordered,semantic_4,direct,True,1.0,20,72135,JULIET OSCAR ZULU,RASPBERRY,5,14,151,0,1,1,,0.25,17,20,0,,,
gemma2:2b,5,non-ordered,trivial,cot,True,1.0,20,73114,MIKE INDIA ROMEO,YODEL,5,15,486,0,1,0,0,1.0,0,20,0,,,
gemma2:2b,5,non-ordered,trivial,direct,True,1.0,20,73114,MIKE INDIA ROMEO,YODEL,5,15,123,0,1,1,,1.0,19,20,0,,,
gemma2:2b,5,non-ordered,semantic_2,cot,True,1.0,20,73135,OSCAR LIMA ROMEO,TULIP,5,15,559,0,1,0,0,0.5,9,20,0,,,
gemma2:2b,5,non-ordered,semantic_2,direct,True,1.0,20,73135,OSCAR LIMA ROMEO,TULIP,5,15,134,0,1,0,,0.5,5,20,0,,,
gemma2:2b,5,non-ordered,semantic_4,cot,True,1.0,20,73135,OSCAR LIMA ROMEO,TULIP,5,15,720,0,1,1,1,0.0,17,20,0,,,
gemma2:2b,5,non-ordered,semantic_4,direct,True,1.0,20,73135,OSCAR LIMA ROMEO,TULIP,5,15,130,0,1,1,,0.25,7,20,0,,,
gemma2:2b,5,non-ordered,trivial,cot,True,1.0,20,74114,VICTOR INDIA ECHO,PUMPKIN,5,15,504,0,1,0,0,0.75,0,20,0,,,
gemma2:2b,5,non-ordered,trivial,direct,True,1.0,20,74114,VICTOR INDIA ECHO,PUMPKIN,5,15,110,0,1,0,,1.0,6,20,0,,,
gemma2:2b,5,non-ordered,semantic_2,cot,True,1.0,20,74135,ALPHA INDIA PAPA,YODEL,5,13,607,0,1,1,1,0.5,20,20,0,,,
gemma2:2b,5,non-ordered,semantic_2,direct,True,1.0,20,74135,ALPHA INDIA PAPA,YODEL,5,13,127,0,1,1,,0.5,17,20,0,,,
gemma2:2b,5,non-ordered,semantic_4,cot,True,1.0,20,74135,ALPHA INDIA PAPA,YODEL,5,13,924,0,1,0,0,0.25,0,20,0,,,
gemma2:2b,5,non-ordered,semantic_4,direct,True,1.0,20,74135,ALPHA INDIA PAPA,YODEL,5,13,141,0,1,1,,0.0,17,20,0,,,
gemma2:2b,5,non-ordered,trivial,cot,True,1.0,20,75114,FOXTROT BRAVO WHISKEY,JIGSAW,5,11,763,0,1,1,1,1.0,20,20,0,,,
gemma2:2b,5,non-ordered,trivial,direct,True,1.0,20,75114,FOXTROT BRAVO WHISKEY,JIGSAW,5,11,627,0,1,1,,1.0,18,20,0,,,
gemma2:2b,5,non-ordered,semantic_2,cot,True,1.0,20,75135,UNIFORM BRAVO OSCAR,DAFFODIL,5,13,899,0,1,0,0,1.0,3,20,0,,,
gemma2:2b,5,non-ordered,semantic_2,direct,True,1.0,20,75135,UNIFORM BRAVO OSCAR,DAFFODIL,5,13,127,0,1,1,,0.5,20,20,0,,,
gemma2:2b,5,non-ordered,semantic_4,cot,True,1.0,20,75135,UNIFORM BRAVO OSCAR,DAFFODIL,5,13,1520,0,1,0,0,0.5,0,20,0,,,
gemma2:2b,5,non-ordered,semantic_4,direct,True,1.0,20,75135,UNIFORM BRAVO OSCAR,DAFFODIL,5,13,150,0,1,1,,0.75,20,20,0,,,
gemma2:2b,5,non-ordered,trivial,cot,True,1.0,20,76114,CHARLIE DELTA XRAY,CARNIVAL,5,11,648,0,1,0,0,1.0,7,20,0,,,
gemma2:2b,5,non-ordered,trivial,direct,True,1.0,20,76114,CHARLIE DELTA XRAY,CARNIVAL,5,11,131,0,1,1,,1.0,15,20,0,,,
gemma2:2b,5,non-ordered,semantic_2,cot,True,1.0,20,76135,SIERRA QUEBEC ZULU,YOGURT,5,13,1135,0,1,1,0,0.5,19,20,0,,,
gemma2:2b,5,non-ordered,semantic_2,direct,True,1.0,20,76135,SIERRA QUEBEC ZULU,YOGURT,5,13,272,0,1,0,,0.0,15,20,0,,,
gemma2:2b,5,non-ordered,semantic_4,cot,True,1.0,20,76135,SIERRA QUEBEC ZULU,YOGURT,5,13,871,0,1,0,0,0.0,0,20,0,,,
gemma2:2b,5,non-ordered,semantic_4,direct,True,1.0,20,76135,SIERRA QUEBEC ZULU,YOGURT,5,13,145,0,1,0,,0.5,18,20,0,,,
gemma2:2b,5,non-ordered,trivial,cot,True,1.0,20,77114,ROMEO JULIET SIERRA,YACHT,5,12,411,0,1,1,1,0.75,20,20,0,,,
gemma2:2b,5,non-ordered,trivial,direct,True,1.0,20,77114,ROMEO JULIET SIERRA,YACHT,5,12,138,0,1,1,,1.0,19,20,0,,,
gemma2:2b,5,non-ordered,semantic_2,cot,True,1.0,20,77135,OSCAR ALPHA CHARLIE,YOGURT,5,13,788,0,1,1,1,0.75,20,20,0,,,
gemma2:2b,5,non-ordered,semantic_2,direct,True,1.0,20,77135,OSCAR ALPHA CHARLIE,YOGURT,5,13,136,0,1,1,,0.75,18,20,0,,,
gemma2:2b,5,non-ordered,semantic_4,cot,True,1.0,20,77135,OSCAR ALPHA CHARLIE,YOGURT,5,13,606,0,1,0,0,0.0,20,20,0,,,
gemma2:2b,5,non-ordered,semantic_4,direct,True,1.0,20,77135,OSCAR ALPHA CHARLIE,YOGURT,5,13,130,0,1,1,,0.5,16,20,0,,,
gemma2:2b,5,non-ordered,trivial,cot,True,1.0,20,78114,KILO YANKEE CHARLIE,PYRAMID,5,12,414,0,1,0,0,0.75,11,20,0,,,
gemma2:2b,5,non-ordered,trivial,direct,True,1.0,20,78114,KILO YANKEE CHARLIE,PYRAMID,5,12,137,0,1,1,,1.0,17,20,0,,,
gemma2:2b,5,non-ordered,semantic_2,cot,True,1.0,20,78135,UNIFORM YANKEE TANGO,VOLCANO,5,15,394,0,1,1,1,0.5,20,20,0,,,
gemma2:2b,5,non-ordered,semantic_2,direct,True,1.0,20,78135,UNIFORM YANKEE TANGO,VOLCANO,5,15,130,0,1,1,,0.5,19,20,0,,,
gemma2:2b,5,non-ordered,semantic_4,cot,True,1.0,20,78135,UNIFORM YANKEE TANGO,VOLCANO,5,15,498,0,1,0,0,0.5,0,20,0,,,
gemma2:2b,5,non-ordered,semantic_4,direct,True,1.0,20,78135,UNIFORM YANKEE TANGO,VOLCANO,5,15,131,0,1,1,,0.5,18,20,0,,,
gemma2:2b,5,non-ordered,trivial,cot,True,1.0,20,79114,ROMEO SIERRA YANKEE,ICEBERG,5,15,362,0,1,0,0,0.75,2,20,0,,,
gemma2:2b,5,non-ordered,trivial,direct,True,1.0,20,79114,ROMEO SIERRA YANKEE,ICEBERG,5,15,135,0,1,0,,1.0,13,20,0,,,
gemma2:2b,5,non-ordered,semantic_2,cot,True,1.0,20,79135,ZULU OSCAR PAPA,OPAL,5,13,579,0,1,1,1,0.75,20,20,0,,,
gemma2:2b,5,non-ordered,semantic_2,direct,True,1.0,20,79135,ZULU OSCAR PAPA,OPAL,5,13,200,0,1,1,,0.5,12,20,0,,,
gemma2:2b,5,non-ordered,semantic_4,cot,True,1.0,20,79135,ZULU OSCAR PAPA,OPAL,5,13,591,0,1,0,0,0.25,0,20,0,,,
gemma2:2b,5,non-ordered,semantic_4,direct,True,1.0,20,79135,ZULU OSCAR PAPA,OPAL,5,13,138,0,1,1,,0.25,15,20,0,,,
gemma2:2b,5,non-ordered,trivial,cot,True,1.0,20,80114,ZULU ROMEO JULIET,PUMPKIN,5,15,937,0,1,1,1,1.0,20,20,0,,,
gemma2:2b,5,non-ordered,trivial,direct,True,1.0,20,80114,ZULU ROMEO JULIET,PUMPKIN,5,15,217,0,1,1,,1.0,18,20,0,,,
gemma2:2b,5,non-ordered,semantic_2,cot,True,1.0,20,80135,QUEBEC MIKE UNIFORM,OBELISK,5,11,653,0,1,0,0,0.75,19,20,0,,,
gemma2:2b,5,non-ordered,semantic_2,direct,True,1.0,20,80135,QUEBEC MIKE UNIFORM,OBELISK,5,11,513,0,1,0,,0.0,11,20,0,,,
gemma2:2b,5,non-ordered,semantic_4,cot,True,1.0,20,80135,QUEBEC MIKE UNIFORM,OBELISK,5,11,710,0,1,1,0,0.5,20,20,0,,,
gemma2:2b,5,non-ordered,semantic_4,direct,True,1.0,20,80135,QUEBEC MIKE UNIFORM,OBELISK,5,11,132,0,1,1,,0.25,15,20,0,,,
gemma2:2b,5,non-ordered,trivial,cot,True,1.0,20,81114,ZULU ROMEO GOLF,ZIGZAG,5,15,312,0,1,0,0,1.0,4,20,0,,,
gemma2:2b,5,non-ordered,trivial,direct,True,1.0,20,81114,ZULU ROMEO GOLF,ZIGZAG,5,15,126,0,1,1,,1.0,18,20,0,,,
gemma2:2b,5,non-ordered,semantic_2,cot,True,1.0,20,81135,XRAY INDIA GOLF,NECTARINE,5,15,1109,0,1,0,0,0.75,13,20,0,,,
gemma2:2b,5,non-ordered,semantic_2,direct,True,1.0,20,81135,XRAY INDIA GOLF,NECTARINE,5,15,135,0,1,1,,0.5,13,20,0,,,
gemma2:2b,5,non-ordered,semantic_4,cot,True,1.0,20,81135,XRAY INDIA GOLF,NECTARINE,5,15,811,0,1,1,0,0.5,18,20,0,,,
gemma2:2b,5,non-ordered,semantic_4,direct,True,1.0,20,81135,XRAY INDIA GOLF,NECTARINE,5,15,142,0,1,1,,0.25,19,20,0,,,
gemma2:2b,5,non-ordered,trivial,cot,True,1.0,20,82114,XRAY QUEBEC ROMEO,XYLOPHONE,5,15,456,0,1,1,0,1.0,20,20,0,,,
gemma2:2b,5,non-ordered,trivial,direct,True,1.0,20,82114,XRAY QUEBEC ROMEO,XYLOPHONE,5,15,132,0,1,1,,1.0,19,20,0,,,
gemma2:2b,5,non-ordered,semantic_2,cot,True,1.0,20,82135,WHISKEY TANGO INDIA,SCARECROW,5,13,736,0,1,0,0,0.75,0,20,0,,,
gemma2:2b,5,non-ordered,semantic_2,direct,True,1.0,20,82135,WHISKEY TANGO INDIA,SCARECROW,5,13,131,0,1,1,,0.75,19,20,0,,,
gemma2:2b,5,non-ordered,semantic_4,cot,True,1.0,20,82135,WHISKEY TANGO INDIA,SCARECROW,5,13,1141,0,1,0,0,0.5,0,20,0,,,
gemma2:2b,5,non-ordered,semantic_4,direct,True,1.0,20,82135,WHISKEY TANGO INDIA,SCARECROW,5,13,260,0,1,0,,0.5,17,20,0,,,
gemma2:2b,5,non-ordered,trivial,cot,True,1.0,20,83114,GOLF DELTA MIKE,HARMONICA,5,15,981,0,1,1,0,1.0,19,20,0,,,
gemma2:2b,5,non-ordered,trivial,direct,True,1.0,20,83114,GOLF DELTA MIKE,HARMONICA,5,15,133,0,1,1,,1.0,19,20,0,,,
gemma2:2b,5,non-ordered,semantic_2,cot,True,1.0,20,83135,YANKEE PAPA DELTA,QUICKSAND,5,14,782,0,1,0,1,0.75,19,20,0,,,
gemma2:2b,5,non-ordered,semantic_2,direct,True,1.0,20,83135,YANKEE PAPA DELTA,QUICKSAND,5,14,142,0,1,1,,0.25,15,20,0,,,
gemma2:2b,5,non-ordered,semantic_4,cot,True,1.0,20,83135,YANKEE PAPA DELTA,QUICKSAND,5,14,684,0,1,1,1,0.75,20,20,0,,,
gemma2:2b,5,non-ordered,semantic_4,direct,True,1.0,20,83135,YANKEE PAPA DELTA,QUICKSAND,5,14,136,0,1,1,,0.5,16,20,0,,,
gemma2:2b,5,non-ordered,trivial,cot,True,1.0,20,84114,JULIET HOTEL ROMEO,MARBLE,5,15,479,0,1,0,0,0.75,0,20,0,,,
gemma2:2b,5,non-ordered,trivial,direct,True,1.0,20,84114,JULIET HOTEL ROMEO,MARBLE,5,15,180,0,1,0,,0.0,18,20,0,,,
gemma2:2b,5,non-ordered,semantic_2,cot,True,1.0,20,84135,VICTOR ZULU ROMEO,ALMOND,5,14,1611,0,1,1,1,1.0,20,20,0,,,
gemma2:2b,5,non-ordered,semantic_2,direct,True,1.0,20,84135,VICTOR ZULU ROMEO,ALMOND,5,14,102,0,1,0,,1.0,9,20,0,,,
gemma2:2b,5,non-ordered,semantic_4,cot,True,1.0,20,84135,VICTOR ZULU ROMEO,ALMOND,5,14,1307,0,1,0,0,0.0,0,20,0,,,
gemma2:2b,5,non-ordered,semantic_4,direct,True,1.0,20,84135,VICTOR ZULU ROMEO,ALMOND,5,14,129,0,1,1,,0.5,15,20,0,,,
gemma2:2b,5,non-ordered,trivial,cot,True,1.0,20,85114,CHARLIE ALPHA VICTOR,UKULELE,5,13,784,0,1,0,0,1.0,1,20,0,,,
gemma2:2b,5,non-ordered,trivial,direct,True,1.0,20,85114,CHARLIE ALPHA VICTOR,UKULELE,5,13,223,0,1,0,,0.25,17,20,0,,,
gemma2:2b,5,non-ordered,semantic_2,cot,True,1.0,20,85135,INDIA ROMEO VICTOR,LILAC,5,13,948,0,1,1,1,0.25,12,20,0,,,
gemma2:2b,5,non-ordered,semantic_2,direct,True,1.0,20,85135,INDIA ROMEO VICTOR,LILAC,5,13,134,0,1,1,,0.5,15,20,0,,,
gemma2:2b,5,non-ordered,semantic_4,cot,True,1.0,20,85135,INDIA ROMEO VICTOR,LILAC,5,13,718,0,1,1,0,0.5,19,20,0,,,
gemma2:2b,5,non-ordered,semantic_4,direct,True,1.0,20,85135,INDIA ROMEO VICTOR,LILAC,5,13,134,0,1,1,,0.75,15,20,0,,,
gemma2:2b,5,non-ordered,trivial,cot,True,1.0,20,86114,ZULU FOXTROT SIERRA,ALMOND,5,14,1248,0,1,0,0,0.75,0,20,0,,,
gemma2:2b,5,non-ordered,trivial,direct,True,1.0,20,86114,ZULU FOXTROT SIERRA,ALMOND,5,14,269,0,1,1,,1.0,19,20,0,,,
gemma2:2b,5,non-ordered,semantic_2,cot,True,1.0,20,86135,YANKEE OSCAR ROMEO,ANCHOVY,5,12,667,0,1,1,1,0.75,10,20,0,,,
gemma2:2b,5,non-ordered,semantic_2,direct,True,1.0,20,86135,YANKEE OSCAR ROMEO,ANCHOVY,5,12,136,0,1,1,,1.0,17,20,0,,,
gemma2:2b,5,non-ordered,semantic_4,cot,True,1.0,20,86135,YANKEE OSCAR ROMEO,ANCHOVY,5,12,1960,0,1,1,1,0.75,20,20,0,,,
gemma2:2b,5,non-ordered,semantic_4,direct,True,1.0,20,86135,YANKEE OSCAR ROMEO,ANCHOVY,5,12,141,0,1,1,,0.75,19,20,0,,,
gemma2:2b,5,non-ordered,trivial,cot,True,1.0,20,87114,SIERRA MIKE ECHO,SCARECROW,5,12,739,0,1,1,1,0.75,18,20,0,,,
gemma2:2b,5,non-ordered,trivial,direct,True,1.0,20,87114,SIERRA MIKE ECHO,SCARECROW,5,12,133,0,1,1,,1.0,20,20,0,,,
gemma2:2b,5,non-ordered,semantic_2,cot,True,1.0,20,87135,DELTA ROMEO BRAVO,XYLOPHONE,5,15,981,0,1,1,1,0.25,20,20,0,,,
gemma2:2b,5,non-ordered,semantic_2,direct,True,1.0,20,87135,DELTA ROMEO BRAVO,XYLOPHONE,5,15,147,0,1,0,,0.25,19,20,0,,,
gemma2:2b,5,non-ordered,semantic_4,cot,True,1.0,20,87135,DELTA ROMEO BRAVO,XYLOPHONE,5,15,584,0,1,1,1,0.0,20,20,0,,,
gemma2:2b,5,non-ordered,semantic_4,direct,True,1.0,20,87135,DELTA ROMEO BRAVO,XYLOPHONE,5,15,148,0,1,1,,0.25,17,20,0,,,
gemma2:2b,5,non-ordered,trivial,cot,True,1.0,20,88114,FOXTROT INDIA LIMA,CATAPULT,5,10,464,0,1,0,0,0.0,0,20,0,,,
gemma2:2b,5,non-ordered,trivial,direct,True,1.0,20,88114,FOXTROT INDIA LIMA,CATAPULT,5,10,133,0,1,1,,1.0,16,20,0,,,
gemma2:2b,5,non-ordered,semantic_2,cot,True,1.0,20,88135,TANGO NOVEMBER GOLF,OPAL,5,15,790,0,1,0,0,0.25,0,20,0,,,
gemma2:2b,5,non-ordered,semantic_2,direct,True,1.0,20,88135,TANGO NOVEMBER GOLF,OPAL,5,15,300,0,1,1,,0.25,13,20,0,,,
gemma2:2b,5,non-ordered,semantic_4,cot,True,1.0,20,88135,TANGO NOVEMBER GOLF,OPAL,5,15,771,0,1,0,0,0.25,7,20,0,,,
gemma2:2b,5,non-ordered,semantic_4,direct,True,1.0,20,88135,TANGO NOVEMBER GOLF,OPAL,5,15,141,0,1,1,,0.25,10,20,0,,,
gemma2:2b,5,non-ordered,trivial,cot,True,1.0,20,89114,UNIFORM OSCAR HOTEL,CENTIPEDE,5,14,385,0,1,0,0,0.75,0,20,0,,,
gemma2:2b,5,non-ordered,trivial,direct,True,1.0,20,89114,UNIFORM OSCAR HOTEL,CENTIPEDE,5,14,137,0,1,1,,1.0,19,20,0,,,
gemma2:2b,5,non-ordered,semantic_2,cot,True,1.0,20,89135,YANKEE GOLF LIMA,JIGSAW,5,12,931,0,1,0,0,0.75,5,20,0,,,
gemma2:2b,5,non-ordered,semantic_2,direct,True,1.0,20,89135,YANKEE GOLF LIMA,JIGSAW,5,12,140,0,1,1,,0.5,20,20,0,,,
gemma2:2b,5,non-ordered,semantic_4,cot,True,1.0,20,89135,YANKEE GOLF LIMA,JIGSAW,5,12,594,0,1,1,1,0.5,20,20,0,,,
gemma2:2b,5,non-ordered,semantic_4,direct,True,1.0,20,89135,YANKEE GOLF LIMA,JIGSAW,5,12,138,0,1,1,,0.5,20,20,0,,,
gemma2:2b,5,non-ordered,trivial,cot,True,1.0,20,90114,DELTA ALPHA HOTEL,QUILT,5,15,437,0,1,1,0,1.0,20,20,0,,,
gemma2:2b,5,non-ordered,trivial,direct,True,1.0,20,90114,DELTA ALPHA HOTEL,QUILT,5,15,610,0,1,1,,1.0,18,20,0,,,
gemma2:2b,5,non-ordered,semantic_2,cot,True,1.0,20,90135,HOTEL ALPHA GOLF,UNICYCLE,5,9,1208,0,1,1,1,0.5,20,20,0,,,
gemma2:2b,5,non-ordered,semantic_2,direct,True,1.0,20,90135,HOTEL ALPHA GOLF,UNICYCLE,5,9,144,0,1,1,,0.25,19,20,0,,,
gemma2:2b,5,non-ordered,semantic_4,cot,True,1.0,20,90135,HOTEL ALPHA GOLF,UNICYCLE,5,9,681,0,1,1,1,0.5,20,20,0,,,
gemma2:2b,5,non-ordered,semantic_4,direct,True,1.0,20,90135,HOTEL ALPHA GOLF,UNICYCLE,5,9,155,0,1,1,,0.5,20,20,0,,,
gemma2:2b,5,non-ordered,trivial,cot,True,1.0,20,91114,FOXTROT LIMA CHARLIE,JIGSAW,5,12,542,0,1,0,0,0.75,0,20,0,,,
gemma2:2b,5,non-ordered,trivial,direct,True,1.0,20,91114,FOXTROT LIMA CHARLIE,JIGSAW,5,12,143,0,1,1,,1.0,19,20,0,,,
gemma2:2b,5,non-ordered,semantic_2,cot,True,1.0,20,91135,MIKE QUEBEC VICTOR,PYRAMID,5,13,1302,0,1,1,1,0.5,20,20,0,,,
gemma2:2b,5,non-ordered,semantic_2,direct,True,1.0,20,91135,MIKE QUEBEC VICTOR,PYRAMID,5,13,136,0,1,1,,0.25,16,20,0,,,
gemma2:2b,5,non-ordered,semantic_4,cot,True,1.0,20,91135,MIKE QUEBEC VICTOR,PYRAMID,5,13,914,0,1,0,0,0.75,5,20,0,,,
gemma2:2b,5,non-ordered,semantic_4,direct,True,1.0,20,91135,MIKE QUEBEC VICTOR,PYRAMID,5,13,141,0,1,1,,0.75,12,20,0,,,
gemma2:2b,5,non-ordered,trivial,cot,True,1.0,20,92114,FOXTROT SIERRA OSCAR,PUMPKIN,5,10,768,0,1,1,1,1.0,16,20,0,,,
gemma2:2b,5,non-ordered,trivial,direct,True,1.0,20,92114,FOXTROT SIERRA OSCAR,PUMPKIN,5,10,126,0,1,1,,1.0,19,20,0,,,
gemma2:2b,5,non-ordered,semantic_2,cot,True,1.0,20,92135,QUEBEC WHISKEY XRAY,SNORKEL,5,11,983,0,1,1,1,0.25,15,20,0,,,
gemma2:2b,5,non-ordered,semantic_2,direct,True,1.0,20,92135,QUEBEC WHISKEY XRAY,SNORKEL,5,11,136,0,1,1,,0.5,20,20,0,,,
gemma2:2b,5,non-ordered,semantic_4,cot,True,1.0,20,92135,QUEBEC WHISKEY XRAY,SNORKEL,5,11,888,0,1,1,0,0.5,19,20,0,,,
gemma2:2b,5,non-ordered,semantic_4,direct,True,1.0,20,92135,QUEBEC WHISKEY XRAY,SNORKEL,5,11,135,0,1,1,,0.75,20,20,0,,,
gemma2:2b,5,non-ordered,trivial,cot,True,1.0,20,93114,XRAY NOVEMBER VICTOR,FERRET,5,12,452,0,1,1,1,0.5,20,20,0,,,
gemma2:2b,5,non-ordered,trivial,direct,True,1.0,20,93114,XRAY NOVEMBER VICTOR,FERRET,5,12,507,0,1,1,,1.0,18,20,0,,,
gemma2:2b,5,non-ordered,semantic_2,cot,True,1.0,20,93135,LIMA VICTOR ECHO,KAYAK,5,13,1396,0,1,0,0,0.25,0,20,0,,,
gemma2:2b,5,non-ordered,semantic_2,direct,True,1.0,20,93135,LIMA VICTOR ECHO,KAYAK,5,13,125,0,1,1,,0.5,20,20,0,,,
gemma2:2b,5,non-ordered,semantic_4,cot,True,1.0,20,93135,LIMA VICTOR ECHO,KAYAK,5,13,495,0,1,0,0,0.75,0,20,0,,,
gemma2:2b,5,non-ordered,semantic_4,direct,True,1.0,20,93135,LIMA VICTOR ECHO,KAYAK,5,13,94,0,1,0,,0.5,20,20,0,,,
gemma2:2b,5,non-ordered,trivial,cot,True,1.0,20,94114,GOLF SIERRA ZULU,DANDELION,5,14,1147,0,1,1,1,1.0,20,20,0,,,
gemma2:2b,5,non-ordered,trivial,direct,True,1.0,20,94114,GOLF SIERRA ZULU,DANDELION,5,14,149,0,1,1,,1.0,18,20,0,,,
gemma2:2b,5,non-ordered,semantic_2,cot,True,1.0,20,94135,KILO BRAVO UNIFORM,TAPESTRY,5,12,1461,0,1,0,0,0.5,0,20,0,,,
gemma2:2b,5,non-ordered,semantic_2,direct,True,1.0,20,94135,KILO BRAVO UNIFORM,TAPESTRY,5,12,155,0,1,1,,0.75,20,20,0,,,
gemma2:2b,5,non-ordered,semantic_4,cot,True,1.0,20,94135,KILO BRAVO UNIFORM,TAPESTRY,5,12,737,0,1,0,0,0.25,0,20,0,,,
gemma2:2b,5,non-ordered,semantic_4,direct,True,1.0,20,94135,KILO BRAVO UNIFORM,TAPESTRY,5,12,140,0,1,1,,0.0,18,20,0,,,
gemma2:2b,5,non-ordered,trivial,cot,True,1.0,20,95114,LIMA DELTA SIERRA,HEDGEHOG,5,11,581,0,1,0,0,0.75,0,20,0,,,
gemma2:2b,5,non-ordered,trivial,direct,True,1.0,20,95114,LIMA DELTA SIERRA,HEDGEHOG,5,11,134,0,1,1,,1.0,20,20,0,,,
gemma2:2b,5,non-ordered,semantic_2,cot,True,1.0,20,95135,XRAY TANGO YANKEE,URCHIN,5,14,1178,0,1,0,1,0.25,5,20,0,,,
gemma2:2b,5,non-ordered,semantic_2,direct,True,1.0,20,95135,XRAY TANGO YANKEE,URCHIN,5,14,133,0,1,0,,0.75,1,20,0,,,
gemma2:2b,5,non-ordered,semantic_4,cot,True,1.0,20,95135,XRAY TANGO YANKEE,URCHIN,5,14,683,0,1,0,1,0.75,0,20,0,,,
gemma2:2b,5,non-ordered,semantic_4,direct,True,1.0,20,95135,XRAY TANGO YANKEE,URCHIN,5,14,135,0,1,1,,1.0,13,20,0,,,
gemma2:2b,5,non-ordered,trivial,cot,True,1.0,20,96114,HOTEL LIMA UNIFORM,VELVET,5,15,483,0,1,1,1,0.75,20,20,0,,,
gemma2:2b,5,non-ordered,trivial,direct,True,1.0,20,96114,HOTEL LIMA UNIFORM,VELVET,5,15,139,0,1,1,,1.0,20,20,0,,,
gemma2:2b,5,non-ordered,semantic_2,cot,True,1.0,20,96135,PAPA SIERRA FOXTROT,URCHIN,5,14,940,0,1,0,0,0.75,18,20,0,,,
gemma2:2b,5,non-ordered,semantic_2,direct,True,1.0,20,96135,PAPA SIERRA FOXTROT,URCHIN,5,14,145,0,1,0,,1.0,15,20,0,,,
gemma2:2b,5,non-ordered,semantic_4,cot,True,1.0,20,96135,PAPA SIERRA FOXTROT,URCHIN,5,14,713,0,1,1,1,0.75,20,20,0,,,
gemma2:2b,5,non-ordered,semantic_4,direct,True,1.0,20,96135,PAPA SIERRA FOXTROT,URCHIN,5,14,130,0,1,1,,0.75,19,20,0,,,
gemma2:2b,5,non-ordered,trivial,cot,True,1.0,20,97114,WHISKEY NOVEMBER HOTEL,ZIGZAG,5,13,285,0,1,0,0,0.5,3,20,0,,,
gemma2:2b,5,non-ordered,trivial,direct,True,1.0,20,97114,WHISKEY NOVEMBER HOTEL,ZIGZAG,5,13,247,0,1,1,,0.75,19,20,0,,,
gemma2:2b,5,non-ordered,semantic_2,cot,True,1.0,20,97135,BRAVO MIKE ALPHA,NOODLE,5,15,1186,0,1,0,0,0.75,0,20,0,,,
gemma2:2b,5,non-ordered,semantic_2,direct,True,1.0,20,97135,BRAVO MIKE ALPHA,NOODLE,5,15,126,0,1,1,,0.75,18,20,0,,,
gemma2:2b,5,non-ordered,semantic_4,cot,True,1.0,20,97135,BRAVO MIKE ALPHA,NOODLE,5,15,737,0,1,0,0,0.0,0,20,0,,,
gemma2:2b,5,non-ordered,semantic_4,direct,True,1.0,20,97135,BRAVO MIKE ALPHA,NOODLE,5,15,193,0,1,0,,0.0,18,20,0,,,
gemma2:2b,5,non-ordered,trivial,cot,True,1.0,20,98114,TANGO GOLF QUEBEC,ZUCCHINI,5,7,380,0,1,1,1,1.0,20,20,0,,,
gemma2:2b,5,non-ordered,trivial,direct,True,1.0,20,98114,TANGO GOLF QUEBEC,ZUCCHINI,5,7,135,0,1,1,,1.0,19,20,0,,,
gemma2:2b,5,non-ordered,semantic_2,cot,True,1.0,20,98135,INDIA PAPA HOTEL,FIREFLY,5,12,724,0,1,1,1,0.5,20,20,0,,,
gemma2:2b,5,non-ordered,semantic_2,direct,True,1.0,20,98135,INDIA PAPA HOTEL,FIREFLY,5,12,140,0,1,1,,0.5,18,20,0,,,
gemma2:2b,5,non-ordered,semantic_4,cot,True,1.0,20,98135,INDIA PAPA HOTEL,FIREFLY,5,12,974,0,1,1,1,0.25,20,20,0,,,
gemma2:2b,5,non-ordered,semantic_4,direct,True,1.0,20,98135,INDIA PAPA HOTEL,FIREFLY,5,12,134,0,1,1,,0.25,18,20,0,,,
gemma2:2b,5,non-ordered,trivial,cot,True,1.0,20,99114,QUEBEC LIMA ZULU,CATAPULT,5,12,400,0,1,1,0,1.0,20,20,0,,,
gemma2:2b,5,non-ordered,trivial,direct,True,1.0,20,99114,QUEBEC LIMA ZULU,CATAPULT,5,12,136,0,1,1,,1.0,18,20,0,,,
gemma2:2b,5,non-ordered,semantic_2,cot,True,1.0,20,99135,INDIA YANKEE QUEBEC,SAXOPHONE,5,13,622,0,1,1,0,0.75,10,20,0,,,
gemma2:2b,5,non-ordered,semantic_2,direct,True,1.0,20,99135,INDIA YANKEE QUEBEC,SAXOPHONE,5,13,99,0,1,0,,0.5,17,20,0,,,
gemma2:2b,5,non-ordered,semantic_4,cot,True,1.0,20,99135,INDIA YANKEE QUEBEC,SAXOPHONE,5,13,961,0,1,0,0,0.5,0,20,0,,,
gemma2:2b,5,non-ordered,semantic_4,direct,True,1.0,20,99135,INDIA YANKEE QUEBEC,SAXOPHONE,5,13,144,0,1,1,,0.5,5,20,0,,,
gemma2:2b,5,non-ordered,trivial,cot,True,1.0,20,100114,HOTEL LIMA DELTA,PELICAN,5,15,614,0,1,1,0,1.0,20,20,0,,,
gemma2:2b,5,non-ordered,trivial,direct,True,1.0,20,100114,HOTEL LIMA DELTA,PELICAN,5,15,253,0,1,1,,1.0,17,20,0,,,
gemma2:2b,5,non-ordered,semantic_2,cot,True,1.0,20,100135,WHISKEY ALPHA DELTA,LILAC,5,11,1529,0,1,1,1,0.0,9,20,0,,,
gemma2:2b,5,non-ordered,semantic_2,direct,True,1.0,20,100135,WHISKEY ALPHA DELTA,LILAC,5,11,133,0,1,1,,0.0,18,20,0,,,
gemma2:2b,5,non-ordered,semantic_4,cot,True,1.0,20,100135,WHISKEY ALPHA DELTA,LILAC,5,11,325,0,1,1,1,0.75,20,20,0,,,
gemma2:2b,5,non-ordered,semantic_4,direct,True,1.0,20,100135,WHISKEY ALPHA DELTA,LILAC,5,11,191,0,1,0,,0.0,19,20,0,,,
gemma2:2b,5,non-ordered,trivial,cot,True,1.0,20,101114,BRAVO FOXTROT CHARLIE,PYRAMID,5,11,490,0,1,1,1,1.0,20,20,0,,,
gemma2:2b,5,non-ordered,trivial,direct,True,1.0,20,101114,BRAVO FOXTROT CHARLIE,PYRAMID,5,11,134,0,1,1,,1.0,18,20,0,,,
gemma2:2b,5,non-ordered,semantic_2,cot,True,1.0,20,101135,FOXTROT QUEBEC ZULU,TANGERINE,5,15,908,0,1,0,0,0.0,4,20,0,,,
gemma2:2b,5,non-ordered,semantic_2,direct,True,1.0,20,101135,FOXTROT QUEBEC ZULU,TANGERINE,5,15,124,0,1,0,,0.0,1,20,0,,,
gemma2:2b,5,non-ordered,semantic_4,cot,True,1.0,20,101135,FOXTROT QUEBEC ZULU,TANGERINE,5,15,1040,0,1,1,1,0.0,0,20,0,,,
gemma2:2b,5,non-ordered,semantic_4,direct,True,1.0,20,101135,FOXTROT QUEBEC ZULU,TANGERINE,5,15,125,0,1,0,,0.25,2,20,0,,,
gemma2:2b,5,non-ordered,trivial,cot,True,1.0,20,102114,ZULU DELTA ECHO,FERRET,5,15,460,0,1,1,0,1.0,18,20,0,,,
gemma2:2b,5,non-ordered,trivial,direct,True,1.0,20,102114,ZULU DELTA ECHO,FERRET,5,15,134,0,1,1,,1.0,19,20,0,,,
gemma2:2b,5,non-ordered,semantic_2,cot,True,1.0,20,102135,INDIA UNIFORM XRAY,ESPRESSO,5,14,551,0,1,1,0,0.75,2,20,0,,,
gemma2:2b,5,non-ordered,semantic_2,direct,True,1.0,20,102135,INDIA UNIFORM XRAY,ESPRESSO,5,14,109,0,1,0,,0.25,2,20,0,,,
gemma2:2b,5,non-ordered,semantic_4,cot,True,1.0,20,102135,INDIA UNIFORM XRAY,ESPRESSO,5,14,782,0,1,0,0,0.75,1,20,0,,,
gemma2:2b,5,non-ordered,semantic_4,direct,True,1.0,20,102135,INDIA UNIFORM XRAY,ESPRESSO,5,14,99,0,1,0,,0.5,0,20,0,,,
gemma2:2b,5,non-ordered,trivial,cot,True,1.0,20,103114,MIKE INDIA SIERRA,MANDOLIN,5,14,437,0,1,0,0,0.5,16,20,0,,,
gemma2:2b,5,non-ordered,trivial,direct,True,1.0,20,103114,MIKE INDIA SIERRA,MANDOLIN,5,14,113,0,1,1,,0.75,16,20,0,,,
gemma2:2b,5,non-ordered,semantic_2,cot,True,1.0,20,103135,ROMEO ZULU KILO,DUMPLING,5,15,695,0,1,0,1,0.75,19,20,0,,,
gemma2:2b,5,non-ordered,semantic_2,direct,True,1.0,20,103135,ROMEO ZULU KILO,DUMPLING,5,15,128,0,1,1,,1.0,20,20,0,,,
gemma2:2b,5,non-ordered,semantic_4,cot,True,1.0,20,103135,ROMEO ZULU KILO,DUMPLING,5,15,603,0,1,0,0,1.0,0,20,0,,,
gemma2:2b,5,non-ordered,semantic_4,direct,True,1.0,20,103135,ROMEO ZULU KILO,DUMPLING,5,15,132,0,1,1,,1.0,16,20,0,,,
gemma2:2b,5,non-ordered,trivial,cot,True,1.0,20,104114,KILO FOXTROT NOVEMBER,NOODLE,5,15,600,0,1,1,1,0.75,18,20,0,,,
gemma2:2b,5,non-ordered,trivial,direct,True,1.0,20,104114,KILO FOXTROT NOVEMBER,NOODLE,5,15,126,0,1,1,,1.0,17,20,0,,,
gemma2:2b,5,non-ordered,semantic_2,cot,True,1.0,20,104135,FOXTROT ROMEO PAPA,MARBLE,5,14,889,0,1,1,1,0.5,20,20,0,,,
gemma2:2b,5,non-ordered,semantic_2,direct,True,1.0,20,104135,FOXTROT ROMEO PAPA,MARBLE,5,14,137,0,1,1,,0.5,18,20,0,,,
gemma2:2b,5,non-ordered,semantic_4,cot,True,1.0,20,104135,FOXTROT ROMEO PAPA,MARBLE,5,14,789,0,1,1,0,0.5,20,20,0,,,
gemma2:2b,5,non-ordered,semantic_4,direct,True,1.0,20,104135,FOXTROT ROMEO PAPA,MARBLE,5,14,131,0,1,1,,0.5,18,20,0,,,
gemma2:2b,5,non-ordered,trivial,cot,True,1.0,20,105114,ROMEO ALPHA LIMA,EGGPLANT,5,15,607,0,1,1,1,1.0,15,20,0,,,
gemma2:2b,5,non-ordered,trivial,direct,True,1.0,20,105114,ROMEO ALPHA LIMA,EGGPLANT,5,15,138,0,1,1,,1.0,17,20,0,,,
gemma2:2b,5,non-ordered,semantic_2,cot,True,1.0,20,105135,TANGO ZULU SIERRA,ORIGAMI,5,15,829,0,1,1,0,0.75,3,20,0,,,
gemma2:2b,5,non-ordered,semantic_2,direct,True,1.0,20,105135,TANGO ZULU SIERRA,ORIGAMI,5,15,165,0,1,1,,0.75,2,20,0,,,
gemma2:2b,5,non-ordered,semantic_4,cot,True,1.0,20,105135,TANGO ZULU SIERRA,ORIGAMI,5,15,598,0,1,0,1,0.75,0,20,0,,,
gemma2:2b,5,non-ordered,semantic_4,direct,True,1.0,20,105135,TANGO ZULU SIERRA,ORIGAMI,5,15,150,0,1,1,,0.5,11,20,0,,,
gemma2:2b,5,non-ordered,trivial,cot,True,1.0,20,106114,FOXTROT DELTA LIMA,SCARECROW,5,15,776,0,0,0,0,0.75,,,,,,
gemma2:2b,5,non-ordered,trivial,direct,True,1.0,20,106114,FOXTROT DELTA LIMA,SCARECROW,5,15,133,0,1,1,,1.0,15,20,0,,,
gemma2:2b,5,non-ordered,semantic_2,cot,True,1.0,20,106135,BRAVO UNIFORM NOVEMBER,BONSAI,5,15,870,0,1,0,0,0.0,0,20,0,,,
gemma2:2b,5,non-ordered,semantic_2,direct,True,1.0,20,106135,BRAVO UNIFORM NOVEMBER,BONSAI,5,15,321,0,1,0,,0.0,10,20,0,,,
gemma2:2b,5,non-ordered,semantic_4,cot,True,1.0,20,106135,BRAVO UNIFORM NOVEMBER,BONSAI,5,15,1134,0,1,0,0,0.5,0,20,0,,,
gemma2:2b,5,non-ordered,semantic_4,direct,True,1.0,20,106135,BRAVO UNIFORM NOVEMBER,BONSAI,5,15,97,0,1,0,,0.5,4,20,0,,,
gemma2:2b,5,non-ordered,trivial,cot,True,1.0,20,107114,DELTA LIMA FOXTROT,QUILT,5,13,367,0,1,0,0,1.0,0,20,0,,,
gemma2:2b,5,non-ordered,trivial,direct,True,1.0,20,107114,DELTA LIMA FOXTROT,QUILT,5,13,139,0,1,1,,1.0,16,20,0,,,
gemma2:2b,5,non-ordered,semantic_2,cot,True,1.0,20,107135,UNIFORM CHARLIE NOVEMBER,FERRET,5,10,380,0,1,0,0,0.5,0,20,0,,,
gemma2:2b,5,non-ordered,semantic_2,direct,True,1.0,20,107135,UNIFORM CHARLIE NOVEMBER,FERRET,5,10,139,0,1,1,,0.5,19,20,0,,,
gemma2:2b,5,non-ordered,semantic_4,cot,True,1.0,20,107135,UNIFORM CHARLIE NOVEMBER,FERRET,5,10,599,0,1,1,1,0.25,11,20,0,,,
gemma2:2b,5,non-ordered,semantic_4,direct,True,1.0,20,107135,UNIFORM CHARLIE NOVEMBER,FERRET,5,10,134,0,1,1,,0.5,19,20,0,,,
gemma2:2b,5,non-ordered,trivial,cot,True,1.0,20,108114,INDIA UNIFORM JULIET,CATAPULT,5,15,434,0,1,0,0,0.75,0,20,0,,,
gemma2:2b,5,non-ordered,trivial,direct,True,1.0,20,108114,INDIA UNIFORM JULIET,CATAPULT,5,15,130,0,1,1,,1.0,9,20,0,,,
gemma2:2b,5,non-ordered,semantic_2,cot,True,1.0,20,108135,OSCAR ROMEO INDIA,TROMBONE,5,15,1632,0,1,1,1,0.5,20,20,0,,,
gemma2:2b,5,non-ordered,semantic_2,direct,True,1.0,20,108135,OSCAR ROMEO INDIA,TROMBONE,5,15,138,0,1,1,,0.0,9,20,0,,,
gemma2:2b,5,non-ordered,semantic_4,cot,True,1.0,20,108135,OSCAR ROMEO INDIA,TROMBONE,5,15,772,0,1,0,0,0.25,0,20,0,,,
gemma2:2b,5,non-ordered,semantic_4,direct,True,1.0,20,108135,OSCAR ROMEO INDIA,TROMBONE,5,15,142,0,1,1,,0.75,18,20,0,,,
gemma2:2b,5,non-ordered,trivial,cot,True,1.0,20,109114,BRAVO XRAY ROMEO,FALCON,5,14,674,0,1,1,1,1.0,20,20,0,,,
gemma2:2b,5,non-ordered,trivial,direct,True,1.0,20,109114,BRAVO XRAY ROMEO,FALCON,5,14,132,0,1,1,,1.0,19,20,0,,,
gemma2:2b,5,non-ordered,semantic_2,cot,True,1.0,20,109135,SIERRA ALPHA TANGO,ORIGAMI,5,8,771,0,1,1,1,0.75,18,20,0,,,
gemma2:2b,5,non-ordered,semantic_2,direct,True,1.0,20,109135,SIERRA ALPHA TANGO,ORIGAMI,5,8,134,0,1,1,,0.0,17,20,0,,,
gemma2:2b,5,non-ordered,semantic_4,cot,True,1.0,20,109135,SIERRA ALPHA TANGO,ORIGAMI,5,8,931,0,1,0,0,0.25,5,20,0,,,
gemma2:2b,5,non-ordered,semantic_4,direct,True,1.0,20,109135,SIERRA ALPHA TANGO,ORIGAMI,5,8,130,0,1,0,,0.5,11,20,0,,,
gemma2:2b,5,non-ordered,trivial,cot,True,1.0,20,110114,MIKE ZULU BRAVO,ORCHID,5,14,791,0,1,1,1,1.0,20,20,0,,,
gemma2:2b,5,non-ordered,trivial,direct,True,1.0,20,110114,MIKE ZULU BRAVO,ORCHID,5,14,132,0,1,1,,1.0,19,20,0,,,
gemma2:2b,5,non-ordered,semantic_2,cot,True,1.0,20,110135,HOTEL CHARLIE FOXTROT,DUMPLING,5,12,707,0,1,1,0,0.5,16,20,0,,,
gemma2:2b,5,non-ordered,semantic_2,direct,True,1.0,20,110135,HOTEL CHARLIE FOXTROT,DUMPLING,5,12,163,0,1,1,,0.25,16,20,0,,,
gemma2:2b,5,non-ordered,semantic_4,cot,True,1.0,20,110135,HOTEL CHARLIE FOXTROT,DUMPLING,5,12,500,0,1,1,0,0.25,17,20,0,,,
gemma2:2b,5,non-ordered,semantic_4,direct,True,1.0,20,110135,HOTEL CHARLIE FOXTROT,DUMPLING,5,12,160,0,1,1,,0.5,16,20,0,,,
gemma2:2b,5,non-ordered,trivial,cot,True,1.0,20,111114,VICTOR HOTEL CHARLIE,WOMBAT,5,15,434,0,1,1,1,0.75,20,20,0,,,
gemma2:2b,5,non-ordered,trivial,direct,True,1.0,20,111114,VICTOR HOTEL CHARLIE,WOMBAT,5,15,111,0,1,0,,0.75,17,20,0,,,
gemma2:2b,5,non-ordered,semantic_2,cot,True,1.0,20,111135,HOTEL ECHO PAPA,QUICKSAND,5,15,1117,0,1,1,0,0.5,20,20,0,,,
gemma2:2b,5,non-ordered,semantic_2,direct,True,1.0,20,111135,HOTEL ECHO PAPA,QUICKSAND,5,15,148,0,1,1,,0.75,14,20,0,,,
gemma2:2b,5,non-ordered,semantic_4,cot,True,1.0,20,111135,HOTEL ECHO PAPA,QUICKSAND,5,15,622,0,1,1,0,0.5,19,20,0,,,
gemma2:2b,5,non-ordered,semantic_4,direct,True,1.0,20,111135,HOTEL ECHO PAPA,QUICKSAND,5,15,140,0,1,1,,0.5,17,20,0,,,
gemma2:2b,5,non-ordered,trivial,cot,True,1.0,20,112114,KILO ALPHA YANKEE,PISTACHIO,5,15,458,0,1,0,0,0.75,0,20,0,,,
gemma2:2b,5,non-ordered,trivial,direct,True,1.0,20,112114,KILO ALPHA YANKEE,PISTACHIO,5,15,142,0,1,1,,1.0,19,20,0,,,
gemma2:2b,5,non-ordered,semantic_2,cot,True,1.0,20,112135,FOXTROT VICTOR HOTEL,YODEL,5,15,886,0,1,0,0,0.75,16,20,0,,,
gemma2:2b,5,non-ordered,semantic_2,direct,True,1.0,20,112135,FOXTROT VICTOR HOTEL,YODEL,5,15,150,0,1,0,,0.75,16,20,0,,,
gemma2:2b,5,non-ordered,semantic_4,cot,True,1.0,20,112135,FOXTROT VICTOR HOTEL,YODEL,5,15,1319,0,1,0,0,0.25,0,20,0,,,
gemma2:2b,5,non-ordered,semantic_4,direct,True,1.0,20,112135,FOXTROT VICTOR HOTEL,YODEL,5,15,155,0,1,0,,0.5,4,20,0,,,
gemma2:2b,5,non-ordered,trivial,cot,True,1.0,20,113114,GOLF ZULU OSCAR,GONDOLA,5,15,448,0,1,1,0,1.0,20,20,0,,,
gemma2:2b,5,non-ordered,trivial,direct,True,1.0,20,113114,GOLF ZULU OSCAR,GONDOLA,5,15,141,0,1,1,,1.0,20,20,0,,,
gemma2:2b,5,non-ordered,semantic_2,cot,True,1.0,20,113135,YANKEE OSCAR LIMA,RASPBERRY,5,15,828,0,1,1,1,0.25,4,20,0,,,
gemma2:2b,5,non-ordered,semantic_2,direct,True,1.0,20,113135,YANKEE OSCAR LIMA,RASPBERRY,5,15,94,0,1,0,,0.5,2,20,0,,,
gemma2:2b,5,non-ordered,semantic_4,cot,True,1.0,20,113135,YANKEE OSCAR LIMA,RASPBERRY,5,15,1528,0,1,0,0,0.25,0,20,0,,,
gemma2:2b,5,non-ordered,semantic_4,direct,True,1.0,20,113135,YANKEE OSCAR LIMA,RASPBERRY,5,15,138,0,1,1,,0.5,8,20,0,,,
gemma2:2b,5,non-ordered,trivial,cot,True,1.0,20,114114,KILO SIERRA OSCAR,HEDGEHOG,5,12,479,0,1,1,1,0.75,20,20,0,,,
gemma2:2b,5,non-ordered,trivial,direct,True,1.0,20,114114,KILO SIERRA OSCAR,HEDGEHOG,5,12,146,0,1,1,,1.0,18,20,0,,,
gemma2:2b,5,non-ordered,semantic_2,cot,True,1.0,20,114135,VICTOR OSCAR NOVEMBER,PUMPKIN,5,13,438,0,1,0,0,0.25,0,20,0,,,
gemma2:2b,5,non-ordered,semantic_2,direct,True,1.0,20,114135,VICTOR OSCAR NOVEMBER,PUMPKIN,5,13,133,0,1,1,,0.75,16,20,0,,,
gemma2:2b,5,non-ordered,semantic_4,cot,True,1.0,20,114135,VICTOR OSCAR NOVEMBER,PUMPKIN,5,13,1350,0,1,1,1,0.75,16,20,0,,,
gemma2:2b,5,non-ordered,semantic_4,direct,True,1.0,20,114135,VICTOR OSCAR NOVEMBER,PUMPKIN,5,13,135,0,1,1,,0.75,16,20,0,,,
gemma2:2b,5,non-ordered,trivial,cot,True,1.0,20,115114,FOXTROT BRAVO MIKE,CENTIPEDE,5,15,491,0,1,0,0,1.0,12,20,0,,,
gemma2:2b,5,non-ordered,trivial,direct,True,1.0,20,115114,FOXTROT BRAVO MIKE,CENTIPEDE,5,15,126,0,1,1,,1.0,18,20,0,,,
gemma2:2b,5,non-ordered,semantic_2,cot,True,1.0,20,115135,HOTEL INDIA XRAY,TOBOGGAN,5,13,1641,0,1,1,1,0.25,20,20,0,,,
gemma2:2b,5,non-ordered,semantic_2,direct,True,1.0,20,115135,HOTEL INDIA XRAY,TOBOGGAN,5,13,95,0,1,0,,1.0,6,20,0,,,
gemma2:2b,5,non-ordered,semantic_4,cot,True,1.0,20,115135,HOTEL INDIA XRAY,TOBOGGAN,5,13,1336,0,1,0,0,0.25,0,20,0,,,
gemma2:2b,5,non-ordered,semantic_4,direct,True,1.0,20,115135,HOTEL INDIA XRAY,TOBOGGAN,5,13,129,0,1,1,,0.75,10,20,0,,,
gemma2:2b,5,non-ordered,trivial,cot,True,1.0,20,116114,UNIFORM DELTA ECHO,WALNUT,5,15,1030,0,1,1,0,1.0,18,20,0,,,
gemma2:2b,5,non-ordered,trivial,direct,True,1.0,20,116114,UNIFORM DELTA ECHO,WALNUT,5,15,131,0,1,1,,1.0,16,20,0,,,
gemma2:2b,5,non-ordered,semantic_2,cot,True,1.0,20,116135,ECHO ALPHA INDIA,PORCUPINE,5,15,661,0,1,0,0,0.25,12,20,0,,,
gemma2:2b,5,non-ordered,semantic_2,direct,True,1.0,20,116135,ECHO ALPHA INDIA,PORCUPINE,5,15,156,0,1,1,,0.5,7,20,0,,,
gemma2:2b,5,non-ordered,semantic_4,cot,True,1.0,20,116135,ECHO ALPHA INDIA,PORCUPINE,5,15,842,0,1,1,0,0.5,20,20,0,,,
gemma2:2b,5,non-ordered,semantic_4,direct,True,1.0,20,116135,ECHO ALPHA INDIA,PORCUPINE,5,15,124,0,1,1,,0.75,16,20,0,,,
gemma2:2b,5,non-ordered,trivial,cot,True,1.0,20,117114,SIERRA ZULU INDIA,ROOSTER,5,12,636,0,1,1,1,0.75,20,20,0,,,
gemma2:2b,5,non-ordered,trivial,direct,True,1.0,20,117114,SIERRA ZULU INDIA,ROOSTER,5,12,129,0,1,1,,1.0,20,20,0,,,
gemma2:2b,5,non-ordered,semantic_2,cot,True,1.0,20,117135,LIMA UNIFORM PAPA,WATERMELON,5,15,1151,0,1,1,0,0.25,9,20,0,,,
gemma2:2b,5,non-ordered,semantic_2,direct,True,1.0,20,117135,LIMA UNIFORM PAPA,WATERMELON,5,15,96,0,1,0,,0.5,2,20,0,,,
gemma2:2b,5,non-ordered,semantic_4,cot,True,1.0,20,117135,LIMA UNIFORM PAPA,WATERMELON,5,15,843,0,1,0,0,0.25,0,20,0,,,
gemma2:2b,5,non-ordered,semantic_4,direct,True,1.0,20,117135,LIMA UNIFORM PAPA,WATERMELON,5,15,97,0,1,0,,0.75,0,20,0,,,
gemma2:2b,5,non-ordered,trivial,cot,True,1.0,20,118114,ZULU YANKEE OSCAR,ANCHOVY,5,15,410,0,1,1,1,0.5,20,20,0,,,
gemma2:2b,5,non-ordered,trivial,direct,True,1.0,20,118114,ZULU YANKEE OSCAR,ANCHOVY,5,15,141,0,1,1,,1.0,19,20,0,,,
gemma2:2b,5,non-ordered,semantic_2,cot,True,1.0,20,118135,DELTA WHISKEY ZULU,QUILT,5,11,461,0,1,0,0,0.5,0,20,0,,,
gemma2:2b,5,non-ordered,semantic_2,direct,True,1.0,20,118135,DELTA WHISKEY ZULU,QUILT,5,11,111,0,1,0,,0.5,6,20,0,,,
gemma2:2b,5,non-ordered,semantic_4,cot,True,1.0,20,118135,DELTA WHISKEY ZULU,QUILT,5,11,317,0,1,0,0,0.5,16,20,0,,,
gemma2:2b,5,non-ordered,semantic_4,direct,True,1.0,20,118135,DELTA WHISKEY ZULU,QUILT,5,11,128,0,1,1,,0.5,18,20,0,,,
gemma2:2b,5,non-ordered,trivial,cot,True,1.0,20,119114,CHARLIE NOVEMBER KILO,METRONOME,5,14,981,0,1,1,1,1.0,20,20,0,,,
gemma2:2b,5,non-ordered,trivial,direct,True,1.0,20,119114,CHARLIE NOVEMBER KILO,METRONOME,5,14,190,0,1,0,,0.0,20,20,0,,,
gemma2:2b,5,non-ordered,semantic_2,cot,True,1.0,20,119135,TANGO HOTEL WHISKEY,PELICAN,5,9,644,0,1,0,0,0.75,4,20,0,,,
gemma2:2b,5,non-ordered,semantic_2,direct,True,1.0,20,119135,TANGO HOTEL WHISKEY,PELICAN,5,9,154,0,1,1,,0.0,15,20,0,,,
gemma2:2b,5,non-ordered,semantic_4,cot,True,1.0,20,119135,TANGO HOTEL WHISKEY,PELICAN,5,9,1402,0,1,0,0,0.25,0,20,0,,,
gemma2:2b,5,non-ordered,semantic_4,direct,True,1.0,20,119135,TANGO HOTEL WHISKEY,PELICAN,5,9,138,0,1,1,,0.5,19,20,0,,,
gemma2:2b,5,non-ordered,trivial,cot,True,1.0,20,120114,YANKEE JULIET NOVEMBER,FALCON,5,15,599,0,1,1,1,1.0,20,20,0,,,
gemma2:2b,5,non-ordered,trivial,direct,True,1.0,20,120114,YANKEE JULIET NOVEMBER,FALCON,5,15,97,0,1,0,,1.0,9,20,0,,,
gemma2:2b,5,non-ordered,semantic_2,cot,True,1.0,20,120135,JULIET INDIA SIERRA,WOMBAT,5,15,977,0,1,1,0,0.25,17,20,0,,,
gemma2:2b,5,non-ordered,semantic_2,direct,True,1.0,20,120135,JULIET INDIA SIERRA,WOMBAT,5,15,147,0,1,1,,0.75,16,20,0,,,
gemma2:2b,5,non-ordered,semantic_4,cot,True,1.0,20,120135,JULIET INDIA SIERRA,WOMBAT,5,15,725,0,1,1,0,0.25,20,20,0,,,
gemma2:2b,5,non-ordered,semantic_4,direct,True,1.0,20,120135,JULIET INDIA SIERRA,WOMBAT,5,15,128,0,1,1,,0.5,17,20,0,,,
gemma2:2b,5,non-ordered,trivial,cot,True,1.0,20,121114,UNIFORM WHISKEY INDIA,NOODLE,5,15,631,0,1,1,0,1.0,13,20,0,,,
gemma2:2b,5,non-ordered,trivial,direct,True,1.0,20,121114,UNIFORM WHISKEY INDIA,NOODLE,5,15,145,0,1,1,,1.0,18,20,0,,,
gemma2:2b,5,non-ordered,semantic_2,cot,True,1.0,20,121135,DELTA LIMA VICTOR,QUIVER,5,12,456,0,1,1,0,0.25,20,20,0,,,
gemma2:2b,5,non-ordered,semantic_2,direct,True,1.0,20,121135,DELTA LIMA VICTOR,QUIVER,5,12,132,0,1,1,,0.75,18,20,0,,,
gemma2:2b,5,non-ordered,semantic_4,cot,True,1.0,20,121135,DELTA LIMA VICTOR,QUIVER,5,12,783,0,1,1,0,0.25,6,20,0,,,
gemma2:2b,5,non-ordered,semantic_4,direct,True,1.0,20,121135,DELTA LIMA VICTOR,QUIVER,5,12,136,0,1,1,,0.5,18,20,0,,,
gemma2:2b,5,non-ordered,trivial,cot,True,1.0,20,122114,JULIET MIKE INDIA,ABACUS,5,14,449,0,1,0,0,0.75,0,20,0,,,
gemma2:2b,5,non-ordered,trivial,direct,True,1.0,20,122114,JULIET MIKE INDIA,ABACUS,5,14,192,0,1,1,,1.0,20,20,0,,,
gemma2:2b,5,non-ordered,semantic_2,cot,True,1.0,20,122135,CHARLIE NOVEMBER ROMEO,TAPESTRY,5,15,463,0,1,0,1,0.5,8,20,0,,,
gemma2:2b,5,non-ordered,semantic_2,direct,True,1.0,20,122135,CHARLIE NOVEMBER ROMEO,TAPESTRY,5,15,148,0,1,1,,0.75,16,20,0,,,
gemma2:2b,5,non-ordered,semantic_4,cot,True,1.0,20,122135,CHARLIE NOVEMBER ROMEO,TAPESTRY,5,15,1543,0,1,1,0,0.25,13,20,0,,,
gemma2:2b,5,non-ordered,semantic_4,direct,True,1.0,20,122135,CHARLIE NOVEMBER ROMEO,TAPESTRY,5,15,138,0,1,1,,0.25,16,20,0,,,
gemma2:2b,5,non-ordered,trivial,cot,True,1.0,20,123114,FOXTROT WHISKEY DELTA,GLACIER,5,14,523,0,1,1,1,1.0,20,20,0,,,
gemma2:2b,5,non-ordered,trivial,direct,True,1.0,20,123114,FOXTROT WHISKEY DELTA,GLACIER,5,14,135,0,1,1,,1.0,16,20,0,,,
gemma2:2b,5,non-ordered,semantic_2,cot,True,1.0,20,123135,GOLF CHARLIE PAPA,RASPBERRY,5,14,655,0,1,0,0,0.25,4,20,0,,,
gemma2:2b,5,non-ordered,semantic_2,direct,True,1.0,20,123135,GOLF CHARLIE PAPA,RASPBERRY,5,14,105,0,1,0,,0.5,2,20,0,,,
gemma2:2b,5,non-ordered,semantic_4,cot,True,1.0,20,123135,GOLF CHARLIE PAPA,RASPBERRY,5,14,521,0,1,0,0,0.25,11,20,0,,,
gemma2:2b,5,non-ordered,semantic_4,direct,True,1.0,20,123135,GOLF CHARLIE PAPA,RASPBERRY,5,14,151,0,1,1,,0.0,11,20,0,,,
gemma2:2b,5,non-ordered,trivial,cot,True,1.0,20,124114,BRAVO ALPHA DELTA,JIGSAW,5,13,511,0,1,0,1,0.25,16,20,0,,,
gemma2:2b,5,non-ordered,trivial,direct,True,1.0,20,124114,BRAVO ALPHA DELTA,JIGSAW,5,13,138,0,1,1,,1.0,19,20,0,,,
gemma2:2b,5,non-ordered,semantic_2,cot,True,1.0,20,124135,MIKE BRAVO UNIFORM,INKWELL,5,13,1211,0,1,0,1,0.5,4,20,0,,,
gemma2:2b,5,non-ordered,semantic_2,direct,True,1.0,20,124135,MIKE BRAVO UNIFORM,INKWELL,5,13,133,0,1,1,,0.75,19,20,0,,,
gemma2:2b,5,non-ordered,semantic_4,cot,True,1.0,20,124135,MIKE BRAVO UNIFORM,INKWELL,5,13,633,0,1,0,0,0.5,1,20,0,,,
gemma2:2b,5,non-ordered,semantic_4,direct,True,1.0,20,124135,MIKE BRAVO UNIFORM,INKWELL,5,13,151,0,1,1,,0.75,19,20,0,,,
gemma2:2b,5,non-ordered,trivial,cot,True,1.0,20,125114,MIKE ZULU JULIET,SAPPHIRE,5,12,719,0,1,1,1,1.0,20,20,0,,,
gemma2:2b,5,non-ordered,trivial,direct,True,1.0,20,125114,MIKE ZULU JULIET,SAPPHIRE,5,12,128,0,1,1,,1.0,17,20,0,,,
gemma2:2b,5,non-ordered,semantic_2,cot,True,1.0,20,125135,VICTOR KILO TANGO,BONSAI,5,15,613,0,1,0,0,0.25,0,20,0,,,
gemma2:2b,5,non-ordered,semantic_2,direct,True,1.0,20,125135,VICTOR KILO TANGO,BONSAI,5,15,103,0,1,0,,0.5,4,20,0,,,
gemma2:2b,5,non-ordered,semantic_4,cot,True,1.0,20,125135,VICTOR KILO TANGO,BONSAI,5,15,876,0,1,0,0,0.5,0,20,0,,,
gemma2:2b,5,non-ordered,semantic_4,direct,True,1.0,20,125135,VICTOR KILO TANGO,BONSAI,5,15,140,0,1,1,,0.5,1,20,0,,,
gemma2:2b,5,non-ordered,trivial,cot,True,1.0,20,126114,QUEBEC ECHO JULIET,CENTIPEDE,5,13,565,0,1,1,1,1.0,20,20,0,,,
gemma2:2b,5,non-ordered,trivial,direct,True,1.0,20,126114,QUEBEC ECHO JULIET,CENTIPEDE,5,13,145,0,1,1,,1.0,18,20,0,,,
gemma2:2b,5,non-ordered,semantic_2,cot,True,1.0,20,126135,HOTEL INDIA TANGO,OPAL,5,12,1024,0,1,1,1,0.5,17,20,0,,,
gemma2:2b,5,non-ordered,semantic_2,direct,True,1.0,20,126135,HOTEL INDIA TANGO,OPAL,5,12,131,0,1,1,,0.75,18,20,0,,,
gemma2:2b,5,non-ordered,semantic_4,cot,True,1.0,20,126135,HOTEL INDIA TANGO,OPAL,5,12,1969,0,1,1,1,0.25,20,20,0,,,
gemma2:2b,5,non-ordered,semantic_4,direct,True,1.0,20,126135,HOTEL INDIA TANGO,OPAL,5,12,159,0,1,0,,0.0,17,20,0,,,
gemma2:2b,5,non-ordered,trivial,cot,True,1.0,20,127114,MIKE INDIA CHARLIE,GLACIER,5,6,1007,0,1,0,0,1.0,16,20,0,,,
gemma2:2b,5,non-ordered,trivial,direct,True,1.0,20,127114,MIKE INDIA CHARLIE,GLACIER,5,6,166,0,1,0,,0.0,19,20,0,,,
gemma2:2b,5,non-ordered,semantic_2,cot,True,1.0,20,127135,ECHO ALPHA LIMA,OBELISK,5,14,539,0,1,0,0,0.75,17,20,0,,,
gemma2:2b,5,non-ordered,semantic_2,direct,True,1.0,20,127135,ECHO ALPHA LIMA,OBELISK,5,14,129,0,1,1,,0.75,17,20,0,,,
gemma2:2b,5,non-ordered,semantic_4,cot,True,1.0,20,127135,ECHO ALPHA LIMA,OBELISK,5,14,1063,0,1,1,1,0.25,17,20,0,,,
gemma2:2b,5,non-ordered,semantic_4,direct,True,1.0,20,127135,ECHO ALPHA LIMA,OBELISK,5,14,126,0,1,1,,0.25,17,20,0,,,
gemma2:2b,5,non-ordered,trivial,cot,True,1.0,20,128114,PAPA OSCAR XRAY,JIGSAW,5,13,504,0,1,0,0,1.0,19,20,0,,,
gemma2:2b,5,non-ordered,trivial,direct,True,1.0,20,128114,PAPA OSCAR XRAY,JIGSAW,5,13,254,0,1,1,,1.0,19,20,0,,,
gemma2:2b,5,non-ordered,semantic_2,cot,True,1.0,20,128135,PAPA MIKE OSCAR,LULLABY,5,13,1716,0,0,1,1,0.25,,,,,,
gemma2:2b,5,non-ordered,semantic_2,direct,True,1.0,20,128135,PAPA MIKE OSCAR,LULLABY,5,13,133,0,1,1,,0.5,19,20,0,,,
gemma2:2b,5,non-ordered,semantic_4,cot,True,1.0,20,128135,PAPA MIKE OSCAR,LULLABY,5,13,1347,0,1,0,0,0.5,9,20,0,,,
gemma2:2b,5,non-ordered,semantic_4,direct,True,1.0,20,128135,PAPA MIKE OSCAR,LULLABY,5,13,130,0,1,1,,0.5,20,20,0,,,
gemma2:2b,5,non-ordered,trivial,cot,True,1.0,20,129114,ZULU CHARLIE UNIFORM,TULIP,5,14,610,0,1,1,0,1.0,12,20,0,,,
gemma2:2b,5,non-ordered,trivial,direct,True,1.0,20,129114,ZULU CHARLIE UNIFORM,TULIP,5,14,99,0,1,0,,1.0,14,20,0,,,
gemma2:2b,5,non-ordered,semantic_2,cot,True,1.0,20,129135,VICTOR NOVEMBER SIERRA,OBELISK,5,13,1058,0,1,1,1,0.5,20,20,0,,,
gemma2:2b,5,non-ordered,semantic_2,direct,True,1.0,20,129135,VICTOR NOVEMBER SIERRA,OBELISK,5,13,155,0,1,1,,0.5,16,20,0,,,
gemma2:2b,5,non-ordered,semantic_4,cot,True,1.0,20,129135,VICTOR NOVEMBER SIERRA,OBELISK,5,13,1356,0,1,1,0,0.25,20,20,0,,,
gemma2:2b,5,non-ordered,semantic_4,direct,True,1.0,20,129135,VICTOR NOVEMBER SIERRA,OBELISK,5,13,133,0,1,1,,0.5,16,20,0,,,
gemma2:2b,5,non-ordered,trivial,cot,True,1.0,20,130114,LIMA PAPA HOTEL,WHEELBARROW,5,14,473,0,1,1,1,0.0,20,20,0,,,
gemma2:2b,5,non-ordered,trivial,direct,True,1.0,20,130114,LIMA PAPA HOTEL,WHEELBARROW,5,14,436,0,1,1,,1.0,17,20,0,,,
gemma2:2b,5,non-ordered,semantic_2,cot,True,1.0,20,130135,PAPA YANKEE INDIA,VELVET,5,13,528,0,1,1,1,0.25,20,20,0,,,
gemma2:2b,5,non-ordered,semantic_2,direct,True,1.0,20,130135,PAPA YANKEE INDIA,VELVET,5,13,153,0,1,1,,0.5,15,20,0,,,
gemma2:2b,5,non-ordered,semantic_4,cot,True,1.0,20,130135,PAPA YANKEE INDIA,VELVET,5,13,527,0,1,1,0,0.0,20,20,0,,,
gemma2:2b,5,non-ordered,semantic_4,direct,True,1.0,20,130135,PAPA YANKEE INDIA,VELVET,5,13,136,0,1,1,,0.5,17,20,0,,,
gemma2:2b,5,non-ordered,trivial,cot,True,1.0,20,131114,ZULU LIMA UNIFORM,CATAPULT,5,14,475,0,1,1,0,1.0,16,20,0,,,
gemma2:2b,5,non-ordered,trivial,direct,True,1.0,20,131114,ZULU LIMA UNIFORM,CATAPULT,5,14,640,0,1,1,,1.0,20,20,0,,,
gemma2:2b,5,non-ordered,semantic_2,cot,True,1.0,20,131135,MIKE KILO ECHO,UNICYCLE,5,13,374,0,1,0,0,0.25,2,20,0,,,
gemma2:2b,5,non-ordered,semantic_2,direct,True,1.0,20,131135,MIKE KILO ECHO,UNICYCLE,5,13,136,0,1,1,,0.75,5,20,0,,,
gemma2:2b,5,non-ordered,semantic_4,cot,True,1.0,20,131135,MIKE KILO ECHO,UNICYCLE,5,13,887,0,1,1,1,0.25,20,20,0,,,
gemma2:2b,5,non-ordered,semantic_4,direct,True,1.0,20,131135,MIKE KILO ECHO,UNICYCLE,5,13,153,0,1,1,,0.25,19,20,0,,,
gemma2:2b,5,non-ordered,trivial,cot,True,1.0,20,132114,MIKE NOVEMBER ZULU,CHIMNEY,5,15,641,0,1,0,0,1.0,0,20,0,,,
gemma2:2b,5,non-ordered,trivial,direct,True,1.0,20,132114,MIKE NOVEMBER ZULU,CHIMNEY,5,15,139,0,1,1,,1.0,16,20,0,,,
gemma2:2b,5,non-ordered,semantic_2,cot,True,1.0,20,132135,FOXTROT ROMEO ALPHA,ANCHOVY,5,12,747,0,1,1,1,0.75,9,20,0,,,
gemma2:2b,5,non-ordered,semantic_2,direct,True,1.0,20,132135,FOXTROT ROMEO ALPHA,ANCHOVY,5,12,132,0,1,1,,0.75,16,20,0,,,
gemma2:2b,5,non-ordered,semantic_4,cot,True,1.0,20,132135,FOXTROT ROMEO ALPHA,ANCHOVY,5,12,721,0,1,0,0,0.0,0,20,0,,,
gemma2:2b,5,non-ordered,semantic_4,direct,True,1.0,20,132135,FOXTROT ROMEO ALPHA,ANCHOVY,5,12,151,0,1,0,,0.0,18,20,0,,,
gemma2:2b,5,non-ordered,trivial,cot,True,1.0,20,133114,INDIA ROMEO LIMA,LILAC,5,12,470,0,1,0,0,1.0,0,20,0,,,
gemma2:2b,5,non-ordered,trivial,direct,True,1.0,20,133114,INDIA ROMEO LIMA,LILAC,5,12,126,0,1,1,,1.0,17,20,0,,,
gemma2:2b,5,non-ordered,semantic_2,cot,True,1.0,20,133135,FOXTROT OSCAR XRAY,HAMMOCK,5,13,476,0,1,0,0,0.75,17,20,0,,,
gemma2:2b,5,non-ordered,semantic_2,direct,True,1.0,20,133135,FOXTROT OSCAR XRAY,HAMMOCK,5,13,96,0,1,0,,0.75,8,20,0,,,
gemma2:2b,5,non-ordered,semantic_4,cot,True,1.0,20,133135,FOXTROT OSCAR XRAY,HAMMOCK,5,13,740,0,1,0,0,0.0,11,20,0,,,
gemma2:2b,5,non-ordered,semantic_4,direct,True,1.0,20,133135,FOXTROT OSCAR XRAY,HAMMOCK,5,13,135,0,1,1,,0.5,20,20,0,,,
gemma2:2b,5,non-ordered,trivial,cot,True,1.0,20,134114,DELTA QUEBEC WHISKEY,WALRUS,5,15,634,0,1,1,0,1.0,20,20,0,,,
gemma2:2b,5,non-ordered,trivial,direct,True,1.0,20,134114,DELTA QUEBEC WHISKEY,WALRUS,5,15,138,0,1,1,,1.0,18,20,0,,,
gemma2:2b,5,non-ordered,semantic_2,cot,True,1.0,20,134135,PAPA ECHO YANKEE,RHUBARB,5,15,1120,0,0,0,0,0.0,,,,,,
gemma2:2b,5,non-ordered,semantic_2,direct,True,1.0,20,134135,PAPA ECHO YANKEE,RHUBARB,5,15,194,0,1,0,,0.0,13,20,0,,,
gemma2:2b,5,non-ordered,semantic_4,cot,True,1.0,20,134135,PAPA ECHO YANKEE,RHUBARB,5,15,1947,0,1,0,1,0.5,19,20,0,,,
gemma2:2b,5,non-ordered,semantic_4,direct,True,1.0,20,134135,PAPA ECHO YANKEE,RHUBARB,5,15,127,0,1,1,,0.5,17,20,0,,,
gemma2:2b,5,non-ordered,trivial,cot,True,1.0,20,135114,ECHO FOXTROT ALPHA,RASPBERRY,5,13,340,0,1,0,0,0.5,0,20,0,,,
gemma2:2b,5,non-ordered,trivial,direct,True,1.0,20,135114,ECHO FOXTROT ALPHA,RASPBERRY,5,13,227,0,1,1,,1.0,15,20,0,,,
gemma2:2b,5,non-ordered,semantic_2,cot,True,1.0,20,135135,TANGO QUEBEC ALPHA,JUKEBOX,5,13,887,0,1,0,0,0.5,9,20,0,,,
gemma2:2b,5,non-ordered,semantic_2,direct,True,1.0,20,135135,TANGO QUEBEC ALPHA,JUKEBOX,5,13,136,0,1,1,,0.5,17,20,0,,,
gemma2:2b,5,non-ordered,semantic_4,cot,True,1.0,20,135135,TANGO QUEBEC ALPHA,JUKEBOX,5,13,727,0,1,1,1,0.75,14,20,0,,,
gemma2:2b,5,non-ordered,semantic_4,direct,True,1.0,20,135135,TANGO QUEBEC ALPHA,JUKEBOX,5,13,142,0,1,1,,0.5,17,20,0,,,
gemma2:2b,5,non-ordered,trivial,cot,True,1.0,20,136114,WHISKEY DELTA ALPHA,BAGPIPE,5,13,475,0,1,0,0,0.75,0,20,0,,,
gemma2:2b,5,non-ordered,trivial,direct,True,1.0,20,136114,WHISKEY DELTA ALPHA,BAGPIPE,5,13,135,0,1,1,,1.0,18,20,0,,,
gemma2:2b,5,non-ordered,semantic_2,cot,True,1.0,20,136135,VICTOR MIKE CHARLIE,FERRET,5,15,862,0,1,1,1,0.0,19,20,0,,,
gemma2:2b,5,non-ordered,semantic_2,direct,True,1.0,20,136135,VICTOR MIKE CHARLIE,FERRET,5,15,147,0,1,1,,0.25,20,20,0,,,
gemma2:2b,5,non-ordered,semantic_4,cot,True,1.0,20,136135,VICTOR MIKE CHARLIE,FERRET,5,15,1024,0,1,1,1,0.75,19,20,0,,,
gemma2:2b,5,non-ordered,semantic_4,direct,True,1.0,20,136135,VICTOR MIKE CHARLIE,FERRET,5,15,138,0,1,1,,0.75,20,20,0,,,
gemma2:2b,5,non-ordered,trivial,cot,True,1.0,20,137114,ECHO MIKE TANGO,HARMONICA,5,15,319,0,1,0,0,0.75,5,20,0,,,
gemma2:2b,5,non-ordered,trivial,direct,True,1.0,20,137114,ECHO MIKE TANGO,HARMONICA,5,15,139,0,1,1,,1.0,9,20,0,,,
gemma2:2b,5,non-ordered,semantic_2,cot,True,1.0,20,137135,WHISKEY LIMA PAPA,ORCHID,5,15,757,0,1,0,0,0.75,0,20,0,,,
gemma2:2b,5,non-ordered,semantic_2,direct,True,1.0,20,137135,WHISKEY LIMA PAPA,ORCHID,5,15,127,0,1,1,,1.0,17,20,0,,,
gemma2:2b,5,non-ordered,semantic_4,cot,True,1.0,20,137135,WHISKEY LIMA PAPA,ORCHID,5,15,849,0,1,1,1,0.5,19,20,0,,,
gemma2:2b,5,non-ordered,semantic_4,direct,True,1.0,20,137135,WHISKEY LIMA PAPA,ORCHID,5,15,184,0,1,0,,0.0,18,20,0,,,
gemma2:2b,5,non-ordered,trivial,cot,True,1.0,20,138114,FOXTROT MIKE UNIFORM,GONDOLA,5,8,497,0,1,1,1,0.5,20,20,0,,,
gemma2:2b,5,non-ordered,trivial,direct,True,1.0,20,138114,FOXTROT MIKE UNIFORM,GONDOLA,5,8,143,0,1,1,,1.0,16,20,0,,,
gemma2:2b,5,non-ordered,semantic_2,cot,True,1.0,20,138135,DELTA XRAY ZULU,NOODLE,5,15,560,0,1,1,0,0.5,9,20,0,,,
gemma2:2b,5,non-ordered,semantic_2,direct,True,1.0,20,138135,DELTA XRAY ZULU,NOODLE,5,15,133,0,1,1,,0.5,15,20,0,,,
gemma2:2b,5,non-ordered,semantic_4,cot,True,1.0,20,138135,DELTA XRAY ZULU,NOODLE,5,15,1476,0,1,1,1,0.25,20,20,0,,,
gemma2:2b,5,non-ordered,semantic_4,direct,True,1.0,20,138135,DELTA XRAY ZULU,NOODLE,5,15,135,0,1,1,,0.5,14,20,0,,,
gemma2:2b,5,non-ordered,trivial,cot,True,1.0,20,139114,FOXTROT ZULU QUEBEC,ICEBERG,5,13,560,0,1,1,1,1.0,20,20,0,,,
gemma2:2b,5,non-ordered,trivial,direct,True,1.0,20,139114,FOXTROT ZULU QUEBEC,ICEBERG,5,13,491,0,1,1,,1.0,17,20,0,,,
gemma2:2b,5,non-ordered,semantic_2,cot,True,1.0,20,139135,OSCAR XRAY VICTOR,FERRET,5,15,667,0,1,0,0,0.5,0,20,0,,,
gemma2:2b,5,non-ordered,semantic_2,direct,True,1.0,20,139135,OSCAR XRAY VICTOR,FERRET,5,15,143,0,1,1,,0.75,12,20,0,,,
gemma2:2b,5,non-ordered,semantic_4,cot,True,1.0,20,139135,OSCAR XRAY VICTOR,FERRET,5,15,528,0,1,0,0,0.0,15,20,0,,,
gemma2:2b,5,non-ordered,semantic_4,direct,True,1.0,20,139135,OSCAR XRAY VICTOR,FERRET,5,15,131,0,1,1,,0.5,13,20,0,,,
gemma2:2b,5,non-ordered,trivial,cot,True,1.0,20,140114,ECHO OSCAR TANGO,KETTLE,5,13,439,0,1,1,1,0.75,20,20,0,,,
gemma2:2b,5,non-ordered,trivial,direct,True,1.0,20,140114,ECHO OSCAR TANGO,KETTLE,5,13,197,0,1,0,,0.0,19,20,0,,,
gemma2:2b,5,non-ordered,semantic_2,cot,True,1.0,20,140135,NOVEMBER CHARLIE VICTOR,QUIVER,5,11,793,0,1,1,0,0.5,11,20,0,,,
gemma2:2b,5,non-ordered,semantic_2,direct,True,1.0,20,140135,NOVEMBER CHARLIE VICTOR,QUIVER,5,11,107,0,1,0,,0.25,18,20,0,,,
gemma2:2b,5,non-ordered,semantic_4,cot,True,1.0,20,140135,NOVEMBER CHARLIE VICTOR,QUIVER,5,11,1289,0,1,1,1,0.5,19,20,0,,,
gemma2:2b,5,non-ordered,semantic_4,direct,True,1.0,20,140135,NOVEMBER CHARLIE VICTOR,QUIVER,5,11,145,0,1,1,,0.5,19,20,0,,,
gemma2:2b,5,non-ordered,trivial,cot,True,1.0,20,141114,PAPA XRAY JULIET,PARSNIP,5,14,997,0,1,1,1,1.0,20,20,0,,,
gemma2:2b,5,non-ordered,trivial,direct,True,1.0,20,141114,PAPA XRAY JULIET,PARSNIP,5,14,129,0,1,1,,1.0,18,20,0,,,
gemma2:2b,5,non-ordered,semantic_2,cot,True,1.0,20,141135,HOTEL MIKE JULIET,LILAC,5,13,1182,0,1,1,1,0.25,20,20,0,,,
gemma2:2b,5,non-ordered,semantic_2,direct,True,1.0,20,141135,HOTEL MIKE JULIET,LILAC,5,13,132,0,1,1,,0.0,20,20,0,,,
gemma2:2b,5,non-ordered,semantic_4,cot,True,1.0,20,141135,HOTEL MIKE JULIET,LILAC,5,13,835,0,1,1,0,0.25,20,20,0,,,
gemma2:2b,5,non-ordered,semantic_4,direct,True,1.0,20,141135,HOTEL MIKE JULIET,LILAC,5,13,123,0,1,1,,1.0,18,20,0,,,
gemma2:2b,5,non-ordered,trivial,cot,True,1.0,20,142114,ALPHA XRAY QUEBEC,RAVIOLI,5,13,947,0,1,1,0,1.0,1,20,0,,,
gemma2:2b,5,non-ordered,trivial,direct,True,1.0,20,142114,ALPHA XRAY QUEBEC,RAVIOLI,5,13,135,0,1,1,,1.0,18,20,0,,,
gemma2:2b,5,non-ordered,semantic_2,cot,True,1.0,20,142135,MIKE OSCAR ROMEO,NUTMEG,5,10,923,0,1,1,1,0.0,20,20,0,,,
gemma2:2b,5,non-ordered,semantic_2,direct,True,1.0,20,142135,MIKE OSCAR ROMEO,NUTMEG,5,10,131,0,1,1,,0.5,19,20,0,,,
gemma2:2b,5,non-ordered,semantic_4,cot,True,1.0,20,142135,MIKE OSCAR ROMEO,NUTMEG,5,10,1134,0,1,0,1,0.75,20,20,0,,,
gemma2:2b,5,non-ordered,semantic_4,direct,True,1.0,20,142135,MIKE OSCAR ROMEO,NUTMEG,5,10,132,0,1,1,,0.5,19,20,0,,,
gemma2:2b,5,non-ordered,trivial,cot,True,1.0,20,143114,GOLF HOTEL KILO,NECTARINE,5,15,758,0,1,0,0,0.75,13,20,0,,,
gemma2:2b,5,non-ordered,trivial,direct,True,1.0,20,143114,GOLF HOTEL KILO,NECTARINE,5,15,129,0,1,1,,1.0,18,20,0,,,
gemma2:2b,5,non-ordered,semantic_2,cot,True,1.0,20,143135,VICTOR ECHO INDIA,ORIGAMI,5,12,1090,0,1,0,1,0.5,20,20,0,,,
gemma2:2b,5,non-ordered,semantic_2,direct,True,1.0,20,143135,VICTOR ECHO INDIA,ORIGAMI,5,12,140,0,1,1,,0.5,19,20,0,,,
gemma2:2b,5,non-ordered,semantic_4,cot,True,1.0,20,143135,VICTOR ECHO INDIA,ORIGAMI,5,12,706,0,1,1,1,0.25,20,20,0,,,
gemma2:2b,5,non-ordered,semantic_4,direct,True,1.0,20,143135,VICTOR ECHO INDIA,ORIGAMI,5,12,134,0,1,1,,0.25,18,20,0,,,
gemma2:2b,5,non-ordered,trivial,cot,True,1.0,20,144114,UNIFORM YANKEE ROMEO,MARBLE,5,14,816,0,1,0,0,0.5,2,20,0,,,
gemma2:2b,5,non-ordered,trivial,direct,True,1.0,20,144114,UNIFORM YANKEE ROMEO,MARBLE,5,14,680,0,1,0,,0.25,12,20,0,,,
gemma2:2b,5,non-ordered,semantic_2,cot,True,1.0,20,144135,NOVEMBER DELTA TANGO,THIMBLE,5,15,595,0,1,0,0,0.5,12,20,0,,,
gemma2:2b,5,non-ordered,semantic_2,direct,True,1.0,20,144135,NOVEMBER DELTA TANGO,THIMBLE,5,15,135,0,1,0,,0.5,0,20,0,,,
gemma2:2b,5,non-ordered,semantic_4,cot,True,1.0,20,144135,NOVEMBER DELTA TANGO,THIMBLE,5,15,1456,0,1,1,1,0.25,19,20,0,,,
gemma2:2b,5,non-ordered,semantic_4,direct,True,1.0,20,144135,NOVEMBER DELTA TANGO,THIMBLE,5,15,131,0,1,1,,0.5,13,20,0,,,
gemma2:2b,5,non-ordered,trivial,cot,True,1.0,20,145114,CHARLIE PAPA QUEBEC,QUILT,5,14,532,0,1,0,0,1.0,0,20,0,,,
gemma2:2b,5,non-ordered,trivial,direct,True,1.0,20,145114,CHARLIE PAPA QUEBEC,QUILT,5,14,133,0,1,1,,1.0,19,20,0,,,
gemma2:2b,5,non-ordered,semantic_2,cot,True,1.0,20,145135,LIMA ALPHA WHISKEY,NECTARINE,5,10,888,0,1,1,1,0.75,20,20,0,,,
gemma2:2b,5,non-ordered,semantic_2,direct,True,1.0,20,145135,LIMA ALPHA WHISKEY,NECTARINE,5,10,135,0,1,1,,0.75,19,20,0,,,
gemma2:2b,5,non-ordered,semantic_4,cot,True,1.0,20,145135,LIMA ALPHA WHISKEY,NECTARINE,5,10,1499,0,1,0,0,0.0,12,20,0,,,
gemma2:2b,5,non-ordered,semantic_4,direct,True,1.0,20,145135,LIMA ALPHA WHISKEY,NECTARINE,5,10,136,0,1,1,,0.25,20,20,0,,,
gemma2:2b,5,non-ordered,trivial,cot,True,1.0,20,146114,NOVEMBER ZULU SIERRA,SCARECROW,5,13,435,0,1,0,0,1.0,0,20,0,,,
gemma2:2b,5,non-ordered,trivial,direct,True,1.0,20,146114,NOVEMBER ZULU SIERRA,SCARECROW,5,13,111,0,1,1,,0.75,20,20,0,,,
gemma2:2b,5,non-ordered,semantic_2,cot,True,1.0,20,146135,JULIET BRAVO NOVEMBER,METRONOME,5,14,1410,0,1,0,0,0.25,6,20,0,,,
gemma2:2b,5,non-ordered,semantic_2,direct,True,1.0,20,146135,JULIET BRAVO NOVEMBER,METRONOME,5,14,137,0,1,1,,1.0,10,20,0,,,
gemma2:2b,5,non-ordered,semantic_4,cot,True,1.0,20,146135,JULIET BRAVO NOVEMBER,METRONOME,5,14,397,0,1,0,0,0.5,5,20,0,,,
gemma2:2b,5,non-ordered,semantic_4,direct,True,1.0,20,146135,JULIET BRAVO NOVEMBER,METRONOME,5,14,213,0,1,0,,0.0,18,20,0,,,
gemma2:2b,5,non-ordered,trivial,cot,True,1.0,20,147114,TANGO KILO XRAY,HAMMOCK,5,14,680,0,1,1,1,1.0,20,20,0,,,
gemma2:2b,5,non-ordered,trivial,direct,True,1.0,20,147114,TANGO KILO XRAY,HAMMOCK,5,14,224,0,1,1,,1.0,20,20,0,,,
gemma2:2b,5,non-ordered,semantic_2,cot,True,1.0,20,147135,XRAY ECHO WHISKEY,OPAL,5,15,504,0,1,0,0,0.25,0,20,0,,,
gemma2:2b,5,non-ordered,semantic_2,direct,True,1.0,20,147135,XRAY ECHO WHISKEY,OPAL,5,15,228,0,1,0,,0.75,5,20,0,,,
gemma2:2b,5,non-ordered,semantic_4,cot,True,1.0,20,147135,XRAY ECHO WHISKEY,OPAL,5,15,517,0,1,0,0,0.75,0,20,0,,,
gemma2:2b,5,non-ordered,semantic_4,direct,True,1.0,20,147135,XRAY ECHO WHISKEY,OPAL,5,15,140,0,1,1,,0.75,14,20,0,,,
gemma2:2b,5,non-ordered,trivial,cot,True,1.0,20,148114,UNIFORM GOLF JULIET,GAZEBO,5,15,454,0,1,0,0,0.5,0,20,0,,,
gemma2:2b,5,non-ordered,trivial,direct,True,1.0,20,148114,UNIFORM GOLF JULIET,GAZEBO,5,15,735,0,1,1,,1.0,8,20,0,,,
gemma2:2b,5,non-ordered,semantic_2,cot,True,1.0,20,148135,WHISKEY SIERRA TANGO,JIGSAW,5,12,630,0,1,0,0,0.75,17,20,0,,,
gemma2:2b,5,non-ordered,semantic_2,direct,True,1.0,20,148135,WHISKEY SIERRA TANGO,JIGSAW,5,12,157,0,1,1,,0.5,19,20,0,,,
gemma2:2b,5,non-ordered,semantic_4,cot,True,1.0,20,148135,WHISKEY SIERRA TANGO,JIGSAW,5,12,885,0,1,1,1,0.5,20,20,0,,,
gemma2:2b,5,non-ordered,semantic_4,direct,True,1.0,20,148135,WHISKEY SIERRA TANGO,JIGSAW,5,12,138,0,1,1,,0.5,19,20,0,,,
gemma2:2b,5,non-ordered,trivial,cot,True,1.0,20,149114,WHISKEY UNIFORM QUEBEC,GAZEBO,5,6,916,0,1,0,0,0.75,5,20,0,,,
gemma2:2b,5,non-ordered,trivial,direct,True,1.0,20,149114,WHISKEY UNIFORM QUEBEC,GAZEBO,5,6,133,0,1,1,,1.0,18,20,0,,,
gemma2:2b,5,non-ordered,semantic_2,cot,True,1.0,20,149135,MIKE UNIFORM XRAY,ESPRESSO,5,15,749,0,1,0,0,0.25,8,20,0,,,
gemma2:2b,5,non-ordered,semantic_2,direct,True,1.0,20,149135,MIKE UNIFORM XRAY,ESPRESSO,5,15,132,0,1,1,,0.5,14,20,0,,,
gemma2:2b,5,non-ordered,semantic_4,cot,True,1.0,20,149135,MIKE UNIFORM XRAY,ESPRESSO,5,15,688,0,1,0,0,0.5,1,20,0,,,
gemma2:2b,5,non-ordered,semantic_4,direct,True,1.0,20,149135,MIKE UNIFORM XRAY,ESPRESSO,5,15,102,0,1,0,,0.75,13,20,0,,,
gemma2:2b,5,non-ordered,trivial,cot,True,1.0,20,150114,FOXTROT HOTEL ALPHA,PELICAN,5,14,369,0,1,0,0,0.75,0,20,0,,,
gemma2:2b,5,non-ordered,trivial,direct,True,1.0,20,150114,FOXTROT HOTEL ALPHA,PELICAN,5,14,141,0,1,1,,1.0,20,20,0,,,
gemma2:2b,5,non-ordered,semantic_2,cot,True,1.0,20,150135,ALPHA INDIA HOTEL,KAYAK,5,11,640,0,1,1,0,0.75,9,20,0,,,
gemma2:2b,5,non-ordered,semantic_2,direct,True,1.0,20,150135,ALPHA INDIA HOTEL,KAYAK,5,11,556,0,1,1,,1.0,13,20,0,,,
gemma2:2b,5,non-ordered,semantic_4,cot,True,1.0,20,150135,ALPHA INDIA HOTEL,KAYAK,5,11,788,0,1,1,0,0.25,5,20,0,,,
gemma2:2b,5,non-ordered,semantic_4,direct,True,1.0,20,150135,ALPHA INDIA HOTEL,KAYAK,5,11,128,0,1,1,,0.75,14,20,0,,,
gemma2:2b,5,non-ordered,trivial,cot,True,1.0,20,151114,MIKE DELTA WHISKEY,BONSAI,5,13,651,0,1,0,0,1.0,6,20,0,,,
gemma2:2b,5,non-ordered,trivial,direct,True,1.0,20,151114,MIKE DELTA WHISKEY,BONSAI,5,13,138,0,1,1,,1.0,18,20,0,,,
gemma2:2b,5,non-ordered,semantic_2,cot,True,1.0,20,151135,YANKEE ROMEO XRAY,MARBLE,5,15,997,0,1,1,0,0.5,20,20,0,,,
gemma2:2b,5,non-ordered,semantic_2,direct,True,1.0,20,151135,YANKEE ROMEO XRAY,MARBLE,5,15,134,0,1,1,,0.75,16,20,0,,,
gemma2:2b,5,non-ordered,semantic_4,cot,True,1.0,20,151135,YANKEE ROMEO XRAY,MARBLE,5,15,542,0,1,1,0,0.5,6,20,0,,,
gemma2:2b,5,non-ordered,semantic_4,direct,True,1.0,20,151135,YANKEE ROMEO XRAY,MARBLE,5,15,142,0,1,1,,0.0,16,20,0,,,
gemma2:2b,5,non-ordered,trivial,cot,True,1.0,20,152114,ZULU VICTOR TANGO,LOBSTER,5,14,534,0,1,0,0,1.0,0,20,0,,,
gemma2:2b,5,non-ordered,trivial,direct,True,1.0,20,152114,ZULU VICTOR TANGO,LOBSTER,5,14,141,0,1,1,,1.0,17,20,0,,,
gemma2:2b,5,non-ordered,semantic_2,cot,True,1.0,20,152135,QUEBEC HOTEL ZULU,PUMPKIN,5,13,804,0,1,0,0,0.25,1,20,0,,,
gemma2:2b,5,non-ordered,semantic_2,direct,True,1.0,20,152135,QUEBEC HOTEL ZULU,PUMPKIN,5,13,135,0,1,1,,0.5,16,20,0,,,
gemma2:2b,5,non-ordered,semantic_4,cot,True,1.0,20,152135,QUEBEC HOTEL ZULU,PUMPKIN,5,13,2029,0,1,1,0,0.75,0,20,0,,,
gemma2:2b,5,non-ordered,semantic_4,direct,True,1.0,20,152135,QUEBEC HOTEL ZULU,PUMPKIN,5,13,98,0,1,0,,1.0,5,20,0,,,
gemma2:2b,5,non-ordered,trivial,cot,True,1.0,20,153114,OSCAR XRAY INDIA,RHUBARB,5,13,1407,0,1,1,1,1.0,20,20,0,,,
gemma2:2b,5,non-ordered,trivial,direct,True,1.0,20,153114,OSCAR XRAY INDIA,RHUBARB,5,13,121,0,1,1,,1.0,17,20,0,,,
gemma2:2b,5,non-ordered,semantic_2,cot,True,1.0,20,153135,JULIET WHISKEY GOLF,UMBRELLA,5,15,1131,0,1,0,0,0.25,2,20,0,,,
gemma2:2b,5,non-ordered,semantic_2,direct,True,1.0,20,153135,JULIET WHISKEY GOLF,UMBRELLA,5,15,228,0,1,0,,0.0,2,20,0,,,
gemma2:2b,5,non-ordered,semantic_4,cot,True,1.0,20,153135,JULIET WHISKEY GOLF,UMBRELLA,5,15,1267,0,0,0,0,0.25,,,,,,
gemma2:2b,5,non-ordered,semantic_4,direct,True,1.0,20,153135,JULIET WHISKEY GOLF,UMBRELLA,5,15,111,0,1,0,,0.25,1,20,0,,,
gemma2:2b,5,non-ordered,trivial,cot,True,1.0,20,154114,BRAVO NOVEMBER SIERRA,UKULELE,5,10,391,0,1,0,0,0.5,1,20,0,,,
gemma2:2b,5,non-ordered,trivial,direct,True,1.0,20,154114,BRAVO NOVEMBER SIERRA,UKULELE,5,10,135,0,1,1,,1.0,19,20,0,,,
gemma2:2b,5,non-ordered,semantic_2,cot,True,1.0,20,154135,BRAVO HOTEL KILO,PELICAN,5,14,564,0,1,0,0,0.25,0,20,0,,,
gemma2:2b,5,non-ordered,semantic_2,direct,True,1.0,20,154135,BRAVO HOTEL KILO,PELICAN,5,14,139,0,1,0,,0.25,16,20,0,,,
gemma2:2b,5,non-ordered,semantic_4,cot,True,1.0,20,154135,BRAVO HOTEL KILO,PELICAN,5,14,794,0,1,1,0,0.25,18,20,0,,,
gemma2:2b,5,non-ordered,semantic_4,direct,True,1.0,20,154135,BRAVO HOTEL KILO,PELICAN,5,14,136,0,1,1,,0.5,18,20,0,,,
gemma2:2b,5,non-ordered,trivial,cot,True,1.0,20,155114,VICTOR WHISKEY BRAVO,KAYAK,5,13,278,0,1,0,0,0.5,0,20,0,,,
gemma2:2b,5,non-ordered,trivial,direct,True,1.0,20,155114,VICTOR WHISKEY BRAVO,KAYAK,5,13,128,0,1,1,,1.0,19,20,0,,,
gemma2:2b,5,non-ordered,semantic_2,cot,True,1.0,20,155135,ALPHA CHARLIE UNIFORM,CENTIPEDE,5,10,664,0,1,1,0,0.25,20,20,0,,,
gemma2:2b,5,non-ordered,semantic_2,direct,True,1.0,20,155135,ALPHA CHARLIE UNIFORM,CENTIPEDE,5,10,156,0,1,1,,0.75,17,20,0,,,
gemma2:2b,5,non-ordered,semantic_4,cot,True,1.0,20,155135,ALPHA CHARLIE UNIFORM,CENTIPEDE,5,10,552,0,1,1,1,0.5,20,20,0,,,
gemma2:2b,5,non-ordered,semantic_4,direct,True,1.0,20,155135,ALPHA CHARLIE UNIFORM,CENTIPEDE,5,10,144,0,1,1,,1.0,17,20,0,,,
gemma2:2b,5,non-ordered,trivial,cot,True,1.0,20,156114,BRAVO ZULU HOTEL,XYLOPHONE,5,14,468,0,1,1,0,1.0,20,20,0,,,
gemma2:2b,5,non-ordered,trivial,direct,True,1.0,20,156114,BRAVO ZULU HOTEL,XYLOPHONE,5,14,137,0,1,1,,1.0,19,20,0,,,
gemma2:2b,5,non-ordered,semantic_2,cot,True,1.0,20,156135,OSCAR QUEBEC ALPHA,ROOSTER,5,15,1088,0,1,0,0,0.75,0,20,0,,,
gemma2:2b,5,non-ordered,semantic_2,direct,True,1.0,20,156135,OSCAR QUEBEC ALPHA,ROOSTER,5,15,137,0,1,1,,0.0,16,20,0,,,
gemma2:2b,5,non-ordered,semantic_4,cot,True,1.0,20,156135,OSCAR QUEBEC ALPHA,ROOSTER,5,15,660,0,1,0,0,0.5,15,20,0,,,
gemma2:2b,5,non-ordered,semantic_4,direct,True,1.0,20,156135,OSCAR QUEBEC ALPHA,ROOSTER,5,15,93,0,1,0,,1.0,8,20,0,,,
gemma2:2b,5,non-ordered,trivial,cot,True,1.0,20,157114,CHARLIE GOLF HOTEL,DUMPLING,5,15,401,0,1,0,1,1.0,20,20,0,,,
gemma2:2b,5,non-ordered,trivial,direct,True,1.0,20,157114,CHARLIE GOLF HOTEL,DUMPLING,5,15,135,0,1,1,,1.0,18,20,0,,,
gemma2:2b,5,non-ordered,semantic_2,cot,True,1.0,20,157135,TANGO SIERRA JULIET,CHIMNEY,5,11,903,0,1,0,0,0.25,4,20,0,,,
gemma2:2b,5,non-ordered,semantic_2,direct,True,1.0,20,157135,TANGO SIERRA JULIET,CHIMNEY,5,11,137,0,1,1,,1.0,16,20,0,,,
gemma2:2b,5,non-ordered,semantic_4,cot,True,1.0,20,157135,TANGO SIERRA JULIET,CHIMNEY,5,11,1079,0,1,0,0,0.5,17,20,0,,,
gemma2:2b,5,non-ordered,semantic_4,direct,True,1.0,20,157135,TANGO SIERRA JULIET,CHIMNEY,5,11,131,0,1,1,,0.75,13,20,0,,,
gemma2:2b,5,non-ordered,trivial,cot,True,1.0,20,158114,ECHO WHISKEY JULIET,YOGURT,5,14,462,0,1,0,0,1.0,2,20,0,,,
gemma2:2b,5,non-ordered,trivial,direct,True,1.0,20,158114,ECHO WHISKEY JULIET,YOGURT,5,14,134,0,1,0,,1.0,0,20,0,,,
gemma2:2b,5,non-ordered,semantic_2,cot,True,1.0,20,158135,FOXTROT VICTOR CHARLIE,IGLOO,5,15,1117,0,1,0,1,0.25,0,20,0,,,
gemma2:2b,5,non-ordered,semantic_2,direct,True,1.0,20,158135,FOXTROT VICTOR CHARLIE,IGLOO,5,15,133,0,1,0,,0.75,0,20,0,,,
gemma2:2b,5,non-ordered,semantic_4,cot,True,1.0,20,158135,FOXTROT VICTOR CHARLIE,IGLOO,5,15,378,0,1,0,0,0.25,0,20,0,,,
gemma2:2b,5,non-ordered,semantic_4,direct,True,1.0,20,158135,FOXTROT VICTOR CHARLIE,IGLOO,5,15,149,0,1,1,,0.25,13,20,0,,,
gemma2:2b,5,non-ordered,trivial,cot,True,1.0,20,159114,ALPHA INDIA ECHO,ZUCCHINI,5,13,464,0,1,0,0,1.0,0,20,0,,,
gemma2:2b,5,non-ordered,trivial,direct,True,1.0,20,159114,ALPHA INDIA ECHO,ZUCCHINI,5,13,137,0,1,1,,1.0,19,20,0,,,
gemma2:2b,5,non-ordered,semantic_2,cot,True,1.0,20,159135,OSCAR MIKE QUEBEC,QUILT,5,11,579,0,1,0,0,0.25,0,20,0,,,
gemma2:2b,5,non-ordered,semantic_2,direct,True,1.0,20,159135,OSCAR MIKE QUEBEC,QUILT,5,11,134,0,1,1,,0.25,20,20,0,,,
gemma2:2b,5,non-ordered,semantic_4,cot,True,1.0,20,159135,OSCAR MIKE QUEBEC,QUILT,5,11,657,0,1,1,1,0.25,19,20,0,,,
gemma2:2b,5,non-ordered,semantic_4,direct,True,1.0,20,159135,OSCAR MIKE QUEBEC,QUILT,5,11,126,0,1,1,,0.75,20,20,0,,,
gemma2:2b,5,non-ordered,trivial,cot,True,1.0,20,160114,INDIA UNIFORM OSCAR,RAVIOLI,5,14,638,0,1,1,0,1.0,20,20,0,,,
gemma2:2b,5,non-ordered,trivial,direct,True,1.0,20,160114,INDIA UNIFORM OSCAR,RAVIOLI,5,14,134,0,1,1,,1.0,20,20,0,,,
gemma2:2b,5,non-ordered,semantic_2,cot,True,1.0,20,160135,ROMEO JULIET QUEBEC,RASPBERRY,5,15,580,0,1,0,0,0.0,0,20,0,,,
gemma2:2b,5,non-ordered,semantic_2,direct,True,1.0,20,160135,ROMEO JULIET QUEBEC,RASPBERRY,5,15,98,0,1,0,,0.75,0,20,0,,,
gemma2:2b,5,non-ordered,semantic_4,cot,True,1.0,20,160135,ROMEO JULIET QUEBEC,RASPBERRY,5,15,941,0,1,1,1,0.5,13,20,0,,,
gemma2:2b,5,non-ordered,semantic_4,direct,True,1.0,20,160135,ROMEO JULIET QUEBEC,RASPBERRY,5,15,105,0,1,0,,0.75,0,20,0,,,
gemma2:2b,5,non-ordered,trivial,cot,True,1.0,20,161114,ROMEO QUEBEC HOTEL,DANDELION,5,14,813,0,1,1,1,1.0,20,20,0,,,
gemma2:2b,5,non-ordered,trivial,direct,True,1.0,20,161114,ROMEO QUEBEC HOTEL,DANDELION,5,14,136,0,1,1,,1.0,18,20,0,,,
gemma2:2b,5,non-ordered,semantic_2,cot,True,1.0,20,161135,OSCAR GOLF NOVEMBER,NECTARINE,5,13,389,0,1,1,1,0.25,20,20,0,,,
gemma2:2b,5,non-ordered,semantic_2,direct,True,1.0,20,161135,OSCAR GOLF NOVEMBER,NECTARINE,5,13,134,0,1,1,,0.75,17,20,0,,,
gemma2:2b,5,non-ordered,semantic_4,cot,True,1.0,20,161135,OSCAR GOLF NOVEMBER,NECTARINE,5,13,1189,0,1,1,1,0.25,20,20,0,,,
gemma2:2b,5,non-ordered,semantic_4,direct,True,1.0,20,161135,OSCAR GOLF NOVEMBER,NECTARINE,5,13,129,0,1,1,,0.25,16,20,0,,,
gemma2:2b,5,non-ordered,trivial,cot,True,1.0,20,162114,YANKEE DELTA CHARLIE,QUILT,5,11,438,0,1,0,0,0.75,0,20,0,,,
gemma2:2b,5,non-ordered,trivial,direct,True,1.0,20,162114,YANKEE DELTA CHARLIE,QUILT,5,11,139,0,1,1,,1.0,20,20,0,,,
gemma2:2b,5,non-ordered,semantic_2,cot,True,1.0,20,162135,INDIA ZULU WHISKEY,CATAPULT,5,13,379,0,1,0,0,0.25,0,20,0,,,
gemma2:2b,5,non-ordered,semantic_2,direct,True,1.0,20,162135,INDIA ZULU WHISKEY,CATAPULT,5,13,107,0,1,0,,0.0,18,20,0,,,
gemma2:2b,5,non-ordered,semantic_4,cot,True,1.0,20,162135,INDIA ZULU WHISKEY,CATAPULT,5,13,1330,0,1,1,1,0.25,18,20,0,,,
gemma2:2b,5,non-ordered,semantic_4,direct,True,1.0,20,162135,INDIA ZULU WHISKEY,CATAPULT,5,13,131,0,1,1,,0.25,17,20,0,,,
gemma2:2b,5,non-ordered,trivial,cot,True,1.0,20,163114,HOTEL MIKE UNIFORM,YOGURT,5,15,473,0,1,0,0,0.5,0,20,0,,,
gemma2:2b,5,non-ordered,trivial,direct,True,1.0,20,163114,HOTEL MIKE UNIFORM,YOGURT,5,15,129,0,1,1,,1.0,18,20,0,,,
gemma2:2b,5,non-ordered,semantic_2,cot,True,1.0,20,163135,WHISKEY ECHO MIKE,DAFFODIL,5,12,1107,0,1,1,1,0.5,20,20,0,,,
gemma2:2b,5,non-ordered,semantic_2,direct,True,1.0,20,163135,WHISKEY ECHO MIKE,DAFFODIL,5,12,134,0,1,1,,0.75,18,20,0,,,
gemma2:2b,5,non-ordered,semantic_4,cot,True,1.0,20,163135,WHISKEY ECHO MIKE,DAFFODIL,5,12,994,0,1,0,0,0.75,0,20,0,,,
gemma2:2b,5,non-ordered,semantic_4,direct,True,1.0,20,163135,WHISKEY ECHO MIKE,DAFFODIL,5,12,130,0,1,1,,0.25,17,20,0,,,
gemma2:2b,5,non-ordered,trivial,cot,True,1.0,20,164114,TANGO ALPHA SIERRA,BLIZZARD,5,12,553,0,1,0,0,1.0,17,20,0,,,
gemma2:2b,5,non-ordered,trivial,direct,True,1.0,20,164114,TANGO ALPHA SIERRA,BLIZZARD,5,12,201,0,1,0,,0.0,18,20,0,,,
gemma2:2b,5,non-ordered,semantic_2,cot,True,1.0,20,164135,MIKE HOTEL CHARLIE,GARGOYLE,5,12,372,0,1,0,0,0.5,0,20,0,,,
gemma2:2b,5,non-ordered,semantic_2,direct,True,1.0,20,164135,MIKE HOTEL CHARLIE,GARGOYLE,5,12,135,0,1,1,,0.75,16,20,0,,,
gemma2:2b,5,non-ordered,semantic_4,cot,True,1.0,20,164135,MIKE HOTEL CHARLIE,GARGOYLE,5,12,1050,0,1,1,1,0.25,20,20,0,,,
gemma2:2b,5,non-ordered,semantic_4,direct,True,1.0,20,164135,MIKE HOTEL CHARLIE,GARGOYLE,5,12,151,0,1,1,,0.5,18,20,0,,,
gemma2:2b,5,non-ordered,trivial,cot,True,1.0,20,165114,TANGO FOXTROT PAPA,GAZEBO,5,15,375,0,1,0,0,0.5,0,20,0,,,
gemma2:2b,5,non-ordered,trivial,direct,True,1.0,20,165114,TANGO FOXTROT PAPA,GAZEBO,5,15,196,0,1,0,,0.0,18,20,0,,,
gemma2:2b,5,non-ordered,semantic_2,cot,True,1.0,20,165135,LIMA PAPA FOXTROT,YOGURT,5,15,526,0,1,1,1,0.25,16,20,0,,,
gemma2:2b,5,non-ordered,semantic_2,direct,True,1.0,20,165135,LIMA PAPA FOXTROT,YOGURT,5,15,134,0,1,1,,0.25,17,20,0,,,
gemma2:2b,5,non-ordered,semantic_4,cot,True,1.0,20,165135,LIMA PAPA FOXTROT,YOGURT,5,15,668,0,1,0,0,0.0,0,20,0,,,
gemma2:2b,5,non-ordered,semantic_4,direct,True,1.0,20,165135,LIMA PAPA FOXTROT,YOGURT,5,15,148,0,1,0,,0.0,0,20,0,,,
gemma2:2b,5,non-ordered,trivial,cot,True,1.0,20,166114,LIMA QUEBEC HOTEL,EMERALD,5,15,767,0,1,0,0,1.0,9,20,0,,,
gemma2:2b,5,non-ordered,trivial,direct,True,1.0,20,166114,LIMA QUEBEC HOTEL,EMERALD,5,15,129,0,1,1,,1.0,18,20,0,,,
gemma2:2b,5,non-ordered,semantic_2,cot,True,1.0,20,166135,NOVEMBER WHISKEY DELTA,FIREFLY,5,15,482,0,1,0,0,0.75,0,20,0,,,
gemma2:2b,5,non-ordered,semantic_2,direct,True,1.0,20,166135,NOVEMBER WHISKEY DELTA,FIREFLY,5,15,98,0,1,0,,0.75,3,20,0,,,
gemma2:2b,5,non-ordered,semantic_4,cot,True,1.0,20,166135,NOVEMBER WHISKEY DELTA,FIREFLY,5,15,537,0,1,0,0,0.0,0,20,0,,,
gemma2:2b,5,non-ordered,semantic_4,direct,True,1.0,20,166135,NOVEMBER WHISKEY DELTA,FIREFLY,5,15,107,0,1,0,,0.25,0,20,0,,,
gemma2:2b,5,non-ordered,trivial,cot,True,1.0,20,167114,PAPA VICTOR YANKEE,JIGSAW,5,13,478,0,1,1,1,1.0,20,20,0,,,
gemma2:2b,5,non-ordered,trivial,direct,True,1.0,20,167114,PAPA VICTOR YANKEE,JIGSAW,5,13,130,0,1,1,,1.0,19,20,0,,,
gemma2:2b,5,non-ordered,semantic_2,cot,True,1.0,20,167135,ECHO TANGO SIERRA,VOLCANO,5,15,1357,0,1,0,0,1.0,0,20,0,,,
gemma2:2b,5,non-ordered,semantic_2,direct,True,1.0,20,167135,ECHO TANGO SIERRA,VOLCANO,5,15,99,0,1,0,,0.5,11,20,0,,,
gemma2:2b,5,non-ordered,semantic_4,cot,True,1.0,20,167135,ECHO TANGO SIERRA,VOLCANO,5,15,490,0,1,0,0,0.0,4,20,0,,,
gemma2:2b,5,non-ordered,semantic_4,direct,True,1.0,20,167135,ECHO TANGO SIERRA,VOLCANO,5,15,126,0,1,1,,0.0,14,20,0,,,
gemma2:2b,5,non-ordered,trivial,cot,True,1.0,20,168114,VICTOR NOVEMBER OSCAR,DOLPHIN,5,9,563,0,1,1,0,1.0,17,20,0,,,
gemma2:2b,5,non-ordered,trivial,direct,True,1.0,20,168114,VICTOR NOVEMBER OSCAR,DOLPHIN,5,9,136,0,1,1,,1.0,20,20,0,,,
gemma2:2b,5,non-ordered,semantic_2,cot,True,1.0,20,168135,ZULU FOXTROT JULIET,URCHIN,5,12,808,0,1,0,0,0.5,7,20,0,,,
gemma2:2b,5,non-ordered,semantic_2,direct,True,1.0,20,168135,ZULU FOXTROT JULIET,URCHIN,5,12,158,0,1,1,,0.5,19,20,0,,,
gemma2:2b,5,non-ordered,semantic_4,cot,True,1.0,20,168135,ZULU FOXTROT JULIET,URCHIN,5,12,506,0,1,1,0,0.5,20,20,0,,,
gemma2:2b,5,non-ordered,semantic_4,direct,True,1.0,20,168135,ZULU FOXTROT JULIET,URCHIN,5,12,145,0,1,1,,0.75,19,20,0,,,
gemma2:2b,5,non-ordered,trivial,cot,True,1.0,20,169114,PAPA INDIA YANKEE,PYRAMID,5,14,312,0,1,0,0,0.5,0,20,0,,,
gemma2:2b,5,non-ordered,trivial,direct,True,1.0,20,169114,PAPA INDIA YANKEE,PYRAMID,5,14,137,0,1,1,,1.0,18,20,0,,,
gemma2:2b,5,non-ordered,semantic_2,cot,True,1.0,20,169135,CHARLIE JULIET ECHO,TANGERINE,5,15,1187,0,1,1,0,0.75,20,20,0,,,
gemma2:2b,5,non-ordered,semantic_2,direct,True,1.0,20,169135,CHARLIE JULIET ECHO,TANGERINE,5,15,294,0,1,0,,0.0,5,20,0,,,
gemma2:2b,5,non-ordered,semantic_4,cot,True,1.0,20,169135,CHARLIE JULIET ECHO,TANGERINE,5,15,653,0,1,1,0,0.25,19,20,0,,,
gemma2:2b,5,non-ordered,semantic_4,direct,True,1.0,20,169135,CHARLIE JULIET ECHO,TANGERINE,5,15,148,0,1,1,,0.75,18,20,0,,,
gemma2:2b,5,non-ordered,trivial,cot,True,1.0,20,170114,JULIET WHISKEY ECHO,ANCHOVY,5,14,454,0,1,0,0,1.0,0,20,0,,,
gemma2:2b,5,non-ordered,trivial,direct,True,1.0,20,170114,JULIET WHISKEY ECHO,ANCHOVY,5,14,175,0,1,0,,0.0,15,20,0,,,
gemma2:2b,5,non-ordered,semantic_2,cot,True,1.0,20,170135,YANKEE NOVEMBER QUEBEC,WALNUT,5,9,807,0,1,1,0,0.75,20,20,0,,,
gemma2:2b,5,non-ordered,semantic_2,direct,True,1.0,20,170135,YANKEE NOVEMBER QUEBEC,WALNUT,5,9,132,0,1,1,,1.0,18,20,0,,,
gemma2:2b,5,non-ordered,semantic_4,cot,True,1.0,20,170135,YANKEE NOVEMBER QUEBEC,WALNUT,5,9,751,0,1,1,1,0.25,14,20,0,,,
gemma2:2b,5,non-ordered,semantic_4,direct,True,1.0,20,170135,YANKEE NOVEMBER QUEBEC,WALNUT,5,9,135,0,1,1,,0.75,18,20,0,,,
gemma2:2b,5,non-ordered,trivial,cot,True,1.0,20,171114,MIKE ALPHA VICTOR,MONGOOSE,5,15,361,0,1,1,1,1.0,20,20,0,,,
gemma2:2b,5,non-ordered,trivial,direct,True,1.0,20,171114,MIKE ALPHA VICTOR,MONGOOSE,5,15,117,0,1,1,,1.0,19,20,0,,,
gemma2:2b,5,non-ordered,semantic_2,cot,True,1.0,20,171135,UNIFORM BRAVO ECHO,BLIZZARD,5,15,581,0,1,0,0,0.75,0,20,0,,,
gemma2:2b,5,non-ordered,semantic_2,direct,True,1.0,20,171135,UNIFORM BRAVO ECHO,BLIZZARD,5,15,141,0,1,1,,0.75,11,20,0,,,
gemma2:2b,5,non-ordered,semantic_4,cot,True,1.0,20,171135,UNIFORM BRAVO ECHO,BLIZZARD,5,15,1137,0,1,0,0,0.75,0,20,0,,,
gemma2:2b,5,non-ordered,semantic_4,direct,True,1.0,20,171135,UNIFORM BRAVO ECHO,BLIZZARD,5,15,109,0,1,0,,0.25,5,20,0,,,
gemma2:2b,5,non-ordered,trivial,cot,True,1.0,20,172114,UNIFORM ECHO MIKE,UKULELE,5,14,274,0,1,1,0,0.25,20,20,0,,,
gemma2:2b,5,non-ordered,trivial,direct,True,1.0,20,172114,UNIFORM ECHO MIKE,UKULELE,5,14,136,0,1,1,,1.0,20,20,0,,,
gemma2:2b,5,non-ordered,semantic_2,cot,True,1.0,20,172135,ZULU ROMEO LIMA,CENTIPEDE,5,15,946,0,1,1,0,0.5,20,20,0,,,
gemma2:2b,5,non-ordered,semantic_2,direct,True,1.0,20,172135,ZULU ROMEO LIMA,CENTIPEDE,5,15,132,0,1,1,,0.75,20,20,0,,,
gemma2:2b,5,non-ordered,semantic_4,cot,True,1.0,20,172135,ZULU ROMEO LIMA,CENTIPEDE,5,15,1023,0,1,0,0,0.5,19,20,0,,,
gemma2:2b,5,non-ordered,semantic_4,direct,True,1.0,20,172135,ZULU ROMEO LIMA,CENTIPEDE,5,15,170,0,1,1,,0.25,18,20,0,,,
gemma2:2b,5,non-ordered,trivial,cot,True,1.0,20,173114,ZULU HOTEL OSCAR,TOBOGGAN,5,12,580,0,1,1,0,1.0,20,20,0,,,
gemma2:2b,5,non-ordered,trivial,direct,True,1.0,20,173114,ZULU HOTEL OSCAR,TOBOGGAN,5,12,130,0,1,1,,1.0,20,20,0,,,
gemma2:2b,5,non-ordered,semantic_2,cot,True,1.0,20,173135,ECHO NOVEMBER ROMEO,LOBSTER,5,14,1099,0,1,0,1,0.75,0,20,0,,,
gemma2:2b,5,non-ordered,semantic_2,direct,True,1.0,20,173135,ECHO NOVEMBER ROMEO,LOBSTER,5,14,129,0,1,1,,0.75,19,20,0,,,
gemma2:2b,5,non-ordered,semantic_4,cot,True,1.0,20,173135,ECHO NOVEMBER ROMEO,LOBSTER,5,14,1209,0,1,1,1,0.5,20,20,0,,,
gemma2:2b,5,non-ordered,semantic_4,direct,True,1.0,20,173135,ECHO NOVEMBER ROMEO,LOBSTER,5,14,142,0,1,1,,0.5,19,20,0,,,
gemma2:2b,5,non-ordered,trivial,cot,True,1.0,20,174114,DELTA FOXTROT CHARLIE,YACHT,5,13,233,0,1,0,0,0.75,0,20,0,,,
gemma2:2b,5,non-ordered,trivial,direct,True,1.0,20,174114,DELTA FOXTROT CHARLIE,YACHT,5,13,486,0,1,1,,1.0,17,20,0,,,
gemma2:2b,5,non-ordered,semantic_2,cot,True,1.0,20,174135,INDIA YANKEE JULIET,NARWHAL,5,14,1309,0,1,0,0,0.5,15,20,0,,,
gemma2:2b,5,non-ordered,semantic_2,direct,True,1.0,20,174135,INDIA YANKEE JULIET,NARWHAL,5,14,154,0,1,1,,0.75,10,20,0,,,
gemma2:2b,5,non-ordered,semantic_4,cot,True,1.0,20,174135,INDIA YANKEE JULIET,NARWHAL,5,14,937,0,1,0,0,0.0,2,20,0,,,
gemma2:2b,5,non-ordered,semantic_4,direct,True,1.0,20,174135,INDIA YANKEE JULIET,NARWHAL,5,14,145,0,1,0,,0.5,14,20,0,,,
gemma2:2b,5,non-ordered,trivial,cot,True,1.0,20,175114,CHARLIE NOVEMBER ZULU,ICEBERG,5,14,526,0,1,1,1,1.0,20,20,0,,,
gemma2:2b,5,non-ordered,trivial,direct,True,1.0,20,175114,CHARLIE NOVEMBER ZULU,ICEBERG,5,14,132,0,1,1,,1.0,18,20,0,,,
gemma2:2b,5,non-ordered,semantic_2,cot,True,1.0,20,175135,GOLF BRAVO MIKE,BLIZZARD,5,14,638,0,1,0,1,0.5,9,20,0,,,
gemma2:2b,5,non-ordered,semantic_2,direct,True,1.0,20,175135,GOLF BRAVO MIKE,BLIZZARD,5,14,168,0,1,1,,0.5,13,20,0,,,
gemma2:2b,5,non-ordered,semantic_4,cot,True,1.0,20,175135,GOLF BRAVO MIKE,BLIZZARD,5,14,910,0,1,0,0,0.0,7,20,0,,,
gemma2:2b,5,non-ordered,semantic_4,direct,True,1.0,20,175135,GOLF BRAVO MIKE,BLIZZARD,5,14,141,0,1,1,,0.5,15,20,0,,,
gemma2:2b,5,non-ordered,trivial,cot,True,1.0,20,176114,CHARLIE XRAY KILO,EMERALD,5,14,615,0,1,1,0,1.0,20,20,0,,,
gemma2:2b,5,non-ordered,trivial,direct,True,1.0,20,176114,CHARLIE XRAY KILO,EMERALD,5,14,261,0,1,0,,0.0,18,20,0,,,
gemma2:2b,5,non-ordered,semantic_2,cot,True,1.0,20,176135,PAPA UNIFORM LIMA,SAPPHIRE,5,12,939,0,1,0,0,0.25,12,20,0,,,
gemma2:2b,5,non-ordered,semantic_2,direct,True,1.0,20,176135,PAPA UNIFORM LIMA,SAPPHIRE,5,12,208,0,1,1,,0.5,16,20,0,,,
gemma2:2b,5,non-ordered,semantic_4,cot,True,1.0,20,176135,PAPA UNIFORM LIMA,SAPPHIRE,5,12,498,0,1,0,0,0.75,12,20,0,,,
gemma2:2b,5,non-ordered,semantic_4,direct,True,1.0,20,176135,PAPA UNIFORM LIMA,SAPPHIRE,5,12,193,0,1,1,,0.75,16,20,0,,,
gemma2:2b,5,non-ordered,trivial,cot,True,1.0,20,177114,ZULU JULIET ROMEO,PORCUPINE,5,12,620,0,1,1,1,1.0,20,20,0,,,
gemma2:2b,5,non-ordered,trivial,direct,True,1.0,20,177114,ZULU JULIET ROMEO,PORCUPINE,5,12,128,0,1,1,,1.0,17,20,0,,,
gemma2:2b,5,non-ordered,semantic_2,cot,True,1.0,20,177135,INDIA FOXTROT WHISKEY,THIMBLE,5,15,533,0,1,1,0,0.5,20,20,0,,,
gemma2:2b,5,non-ordered,semantic_2,direct,True,1.0,20,177135,INDIA FOXTROT WHISKEY,THIMBLE,5,15,141,0,1,1,,0.75,18,20,0,,,
gemma2:2b,5,non-ordered,semantic_4,cot,True,1.0,20,177135,INDIA FOXTROT WHISKEY,THIMBLE,5,15,2044,0,1,0,0,0.5,0,20,0,,,
gemma2:2b,5,non-ordered,semantic_4,direct,True,1.0,20,177135,INDIA FOXTROT WHISKEY,THIMBLE,5,15,138,0,1,1,,0.75,18,20,0,,,
gemma2:2b,5,non-ordered,trivial,cot,True,1.0,20,178114,ZULU PAPA DELTA,RAVIOLI,5,14,588,0,1,1,1,1.0,20,20,0,,,
gemma2:2b,5,non-ordered,trivial,direct,True,1.0,20,178114,ZULU PAPA DELTA,RAVIOLI,5,14,112,0,1,1,,0.75,20,20,0,,,
gemma2:2b,5,non-ordered,semantic_2,cot,True,1.0,20,178135,DELTA ROMEO CHARLIE,ROOSTER,5,14,1648,0,1,1,1,0.0,20,20,0,,,
gemma2:2b,5,non-ordered,semantic_2,direct,True,1.0,20,178135,DELTA ROMEO CHARLIE,ROOSTER,5,14,135,0,1,1,,0.75,10,20,0,,,
gemma2:2b,5,non-ordered,semantic_4,cot,True,1.0,20,178135,DELTA ROMEO CHARLIE,ROOSTER,5,14,579,0,1,1,1,0.25,18,20,0,,,
gemma2:2b,5,non-ordered,semantic_4,direct,True,1.0,20,178135,DELTA ROMEO CHARLIE,ROOSTER,5,14,143,0,1,1,,0.25,19,20,0,,,
gemma2:2b,5,non-ordered,trivial,cot,True,1.0,20,179114,UNIFORM VICTOR NOVEMBER,NECTARINE,5,12,440,0,1,0,0,1.0,4,20,0,,,
gemma2:2b,5,non-ordered,trivial,direct,True,1.0,20,179114,UNIFORM VICTOR NOVEMBER,NECTARINE,5,12,140,0,1,1,,1.0,17,20,0,,,
gemma2:2b,5,non-ordered,semantic_2,cot,True,1.0,20,179135,YANKEE ALPHA ROMEO,JUKEBOX,5,7,1602,0,1,0,0,0.75,0,20,0,,,
gemma2:2b,5,non-ordered,semantic_2,direct,True,1.0,20,179135,YANKEE ALPHA ROMEO,JUKEBOX,5,7,128,0,1,1,,0.75,20,20,0,,,
gemma2:2b,5,non-ordered,semantic_4,cot,True,1.0,20,179135,YANKEE ALPHA ROMEO,JUKEBOX,5,7,669,0,1,0,0,0.5,2,20,0,,,
gemma2:2b,5,non-ordered,semantic_4,direct,True,1.0,20,179135,YANKEE ALPHA ROMEO,JUKEBOX,5,7,127,0,1,1,,0.5,19,20,0,,,
gemma2:2b,5,non-ordered,trivial,cot,True,1.0,20,180114,LIMA XRAY DELTA,JIGSAW,5,15,726,0,1,0,0,0.75,13,20,0,,,
gemma2:2b,5,non-ordered,trivial,direct,True,1.0,20,180114,LIMA XRAY DELTA,JIGSAW,5,15,136,0,1,1,,1.0,13,20,0,,,
gemma2:2b,5,non-ordered,semantic_2,cot,True,1.0,20,180135,DELTA CHARLIE XRAY,JASMINE,5,12,472,0,1,0,0,0.25,0,20,0,,,
gemma2:2b,5,non-ordered,semantic_2,direct,True,1.0,20,180135,DELTA CHARLIE XRAY,JASMINE,5,12,1200,0,1,0,,0.0,4,20,0,,,
gemma2:2b,5,non-ordered,semantic_4,cot,True,1.0,20,180135,DELTA CHARLIE XRAY,JASMINE,5,12,1102,0,0,0,1,0.5,,,,,,
gemma2:2b,5,non-ordered,semantic_4,direct,True,1.0,20,180135,DELTA CHARLIE XRAY,JASMINE,5,12,138,0,1,1,,0.75,17,20,0,,,
gemma2:2b,5,non-ordered,trivial,cot,True,1.0,20,181114,TANGO ZULU INDIA,JASMINE,5,15,561,0,1,0,1,0.75,0,20,0,,,
gemma2:2b,5,non-ordered,trivial,direct,True,1.0,20,181114,TANGO ZULU INDIA,JASMINE,5,15,140,0,1,1,,1.0,18,20,0,,,
gemma2:2b,5,non-ordered,semantic_2,cot,True,1.0,20,181135,HOTEL LIMA ROMEO,LILAC,5,10,523,0,1,0,0,0.5,11,20,0,,,
gemma2:2b,5,non-ordered,semantic_2,direct,True,1.0,20,181135,HOTEL LIMA ROMEO,LILAC,5,10,146,0,1,1,,0.75,17,20,0,,,
gemma2:2b,5,non-ordered,semantic_4,cot,True,1.0,20,181135,HOTEL LIMA ROMEO,LILAC,5,10,832,0,1,0,0,0.0,0,20,0,,,
gemma2:2b,5,non-ordered,semantic_4,direct,True,1.0,20,181135,HOTEL LIMA ROMEO,LILAC,5,10,144,0,1,1,,0.25,17,20,0,,,
gemma2:2b,5,non-ordered,trivial,cot,True,1.0,20,182114,GOLF FOXTROT WHISKEY,DOLPHIN,5,11,550,0,1,0,0,1.0,0,20,0,,,
gemma2:2b,5,non-ordered,trivial,direct,True,1.0,20,182114,GOLF FOXTROT WHISKEY,DOLPHIN,5,11,132,0,1,1,,1.0,18,20,0,,,
gemma2:2b,5,non-ordered,semantic_2,cot,True,1.0,20,182135,BRAVO UNIFORM YANKEE,DAFFODIL,5,14,700,0,1,0,0,0.0,6,20,0,,,
gemma2:2b,5,non-ordered,semantic_2,direct,True,1.0,20,182135,BRAVO UNIFORM YANKEE,DAFFODIL,5,14,133,0,1,1,,0.5,17,20,0,,,
gemma2:2b,5,non-ordered,semantic_4,cot,True,1.0,20,182135,BRAVO UNIFORM YANKEE,DAFFODIL,5,14,1068,0,1,1,0,0.5,16,20,0,,,
gemma2:2b,5,non-ordered,semantic_4,direct,True,1.0,20,182135,BRAVO UNIFORM YANKEE,DAFFODIL,5,14,133,0,1,1,,0.5,17,20,0,,,
gemma2:2b,5,non-ordered,trivial,cot,True,1.0,20,183114,FOXTROT ALPHA VICTOR,PYRAMID,5,12,295,0,1,1,1,1.0,20,20,0,,,
gemma2:2b,5,non-ordered,trivial,direct,True,1.0,20,183114,FOXTROT ALPHA VICTOR,PYRAMID,5,12,133,0,1,1,,1.0,20,20,0,,,
gemma2:2b,5,non-ordered,semantic_2,cot,True,1.0,20,183135,DELTA OSCAR HOTEL,DANDELION,5,13,1021,0,1,1,1,0.25,20,20,0,,,
gemma2:2b,5,non-ordered,semantic_2,direct,True,1.0,20,183135,DELTA OSCAR HOTEL,DANDELION,5,13,138,0,1,1,,0.25,18,20,0,,,
gemma2:2b,5,non-ordered,semantic_4,cot,True,1.0,20,183135,DELTA OSCAR HOTEL,DANDELION,5,13,554,0,1,0,0,0.0,1,20,0,,,
gemma2:2b,5,non-ordered,semantic_4,direct,True,1.0,20,183135,DELTA OSCAR HOTEL,DANDELION,5,13,144,0,1,1,,0.25,18,20,0,,,
gemma2:2b,5,non-ordered,trivial,cot,True,1.0,20,184114,TANGO SIERRA UNIFORM,JUKEBOX,5,15,314,0,1,0,0,0.5,0,20,0,,,
gemma2:2b,5,non-ordered,trivial,direct,True,1.0,20,184114,TANGO SIERRA UNIFORM,JUKEBOX,5,15,146,0,1,0,,0.0,18,20,0,,,
gemma2:2b,5,non-ordered,semantic_2,cot,True,1.0,20,184135,JULIET BRAVO VICTOR,VELVET,5,15,1403,0,1,0,0,0.75,0,20,0,,,
gemma2:2b,5,non-ordered,semantic_2,direct,True,1.0,20,184135,JULIET BRAVO VICTOR,VELVET,5,15,141,0,1,0,,0.5,0,20,0,,,
gemma2:2b,5,non-ordered,semantic_4,cot,True,1.0,20,184135,JULIET BRAVO VICTOR,VELVET,5,15,931,0,1,0,0,0.75,8,20,0,,,
gemma2:2b,5,non-ordered,semantic_4,direct,True,1.0,20,184135,JULIET BRAVO VICTOR,VELVET,5,15,129,0,1,0,,0.5,0,20,0,,,
gemma2:2b,5,non-ordered,trivial,cot,True,1.0,20,185114,VICTOR SIERRA PAPA,OPAL,5,15,428,0,1,0,1,1.0,20,20,0,,,
gemma2:2b,5,non-ordered,trivial,direct,True,1.0,20,185114,VICTOR SIERRA PAPA,OPAL,5,15,118,0,1,1,,1.0,17,20,0,,,
gemma2:2b,5,non-ordered,semantic_2,cot,True,1.0,20,185135,CHARLIE TANGO UNIFORM,RHUBARB,5,15,524,0,1,0,0,0.5,0,20,0,,,
gemma2:2b,5,non-ordered,semantic_2,direct,True,1.0,20,185135,CHARLIE TANGO UNIFORM,RHUBARB,5,15,110,0,1,0,,0.75,5,20,0,,,
gemma2:2b,5,non-ordered,semantic_4,cot,True,1.0,20,185135,CHARLIE TANGO UNIFORM,RHUBARB,5,15,856,0,1,0,0,0.5,0,20,0,,,
gemma2:2b,5,non-ordered,semantic_4,direct,True,1.0,20,185135,CHARLIE TANGO UNIFORM,RHUBARB,5,15,145,0,1,1,,0.5,16,20,0,,,
gemma2:2b,5,non-ordered,trivial,cot,True,1.0,20,186114,FOXTROT INDIA ALPHA,JASMINE,5,13,410,0,1,0,0,1.0,7,20,0,,,
gemma2:2b,5,non-ordered,trivial,direct,True,1.0,20,186114,FOXTROT INDIA ALPHA,JASMINE,5,13,276,0,1,1,,1.0,17,20,0,,,
gemma2:2b,5,non-ordered,semantic_2,cot,True,1.0,20,186135,VICTOR JULIET ROMEO,ORIGAMI,5,9,1227,0,1,1,1,0.75,20,20,0,,,
gemma2:2b,5,non-ordered,semantic_2,direct,True,1.0,20,186135,VICTOR JULIET ROMEO,ORIGAMI,5,9,133,0,1,1,,0.25,18,20,0,,,
gemma2:2b,5,non-ordered,semantic_4,cot,True,1.0,20,186135,VICTOR JULIET ROMEO,ORIGAMI,5,9,624,0,1,0,0,0.25,19,20,0,,,
gemma2:2b,5,non-ordered,semantic_4,direct,True,1.0,20,186135,VICTOR JULIET ROMEO,ORIGAMI,5,9,138,0,1,1,,0.5,19,20,0,,,
gemma2:2b,5,non-ordered,trivial,cot,True,1.0,20,187114,NOVEMBER ROMEO UNIFORM,SCARECROW,5,12,902,0,1,1,1,1.0,18,20,0,,,
gemma2:2b,5,non-ordered,trivial,direct,True,1.0,20,187114,NOVEMBER ROMEO UNIFORM,SCARECROW,5,12,136,0,1,1,,1.0,19,20,0,,,
gemma2:2b,5,non-ordered,semantic_2,cot,True,1.0,20,187135,BRAVO CHARLIE ZULU,CATAPULT,5,13,835,0,1,1,0,0.75,20,20,0,,,
gemma2:2b,5,non-ordered,semantic_2,direct,True,1.0,20,187135,BRAVO CHARLIE ZULU,CATAPULT,5,13,287,0,1,0,,0.75,16,20,0,,,
gemma2:2b,5,non-ordered,semantic_4,cot,True,1.0,20,187135,BRAVO CHARLIE ZULU,CATAPULT,5,13,800,0,1,1,1,0.25,15,20,0,,,
gemma2:2b,5,non-ordered,semantic_4,direct,True,1.0,20,187135,BRAVO CHARLIE ZULU,CATAPULT,5,13,132,0,1,1,,0.5,19,20,0,,,
gemma2:2b,5,non-ordered,trivial,cot,True,1.0,20,188114,UNIFORM YANKEE CHARLIE,ICEBERG,5,15,311,0,1,0,0,0.5,0,20,0,,,
gemma2:2b,5,non-ordered,trivial,direct,True,1.0,20,188114,UNIFORM YANKEE CHARLIE,ICEBERG,5,15,197,0,1,0,,0.0,18,20,0,,,
gemma2:2b,5,non-ordered,semantic_2,cot,True,1.0,20,188135,TANGO JULIET INDIA,GONDOLA,5,15,708,0,1,0,0,0.25,0,20,0,,,
gemma2:2b,5,non-ordered,semantic_2,direct,True,1.0,20,188135,TANGO JULIET INDIA,GONDOLA,5,15,145,0,1,1,,1.0,19,20,0,,,
gemma2:2b,5,non-ordered,semantic_4,cot,True,1.0,20,188135,TANGO JULIET INDIA,GONDOLA,5,15,1541,0,1,0,0,0.25,0,20,0,,,
gemma2:2b,5,non-ordered,semantic_4,direct,True,1.0,20,188135,TANGO JULIET INDIA,GONDOLA,5,15,111,0,1,0,,0.0,0,20,0,,,
gemma2:2b,5,non-ordered,trivial,cot,True,1.0,20,189114,FOXTROT WHISKEY HOTEL,FERRET,5,15,739,0,1,1,0,1.0,9,20,0,,,
gemma2:2b,5,non-ordered,trivial,direct,True,1.0,20,189114,FOXTROT WHISKEY HOTEL,FERRET,5,15,128,0,1,1,,1.0,17,20,0,,,
gemma2:2b,5,non-ordered,semantic_2,cot,True,1.0,20,189135,ROMEO MIKE OSCAR,WALNUT,5,11,889,0,1,1,1,0.75,20,20,0,,,
gemma2:2b,5,non-ordered,semantic_2,direct,True,1.0,20,189135,ROMEO MIKE OSCAR,WALNUT,5,11,132,0,1,1,,0.75,20,20,0,,,
gemma2:2b,5,non-ordered,semantic_4,cot,True,1.0,20,189135,ROMEO MIKE OSCAR,WALNUT,5,11,723,0,1,1,0,0.75,20,20,0,,,
gemma2:2b,5,non-ordered,semantic_4,direct,True,1.0,20,189135,ROMEO MIKE OSCAR,WALNUT,5,11,135,0,1,1,,0.5,19,20,0,,,
gemma2:2b,5,non-ordered,trivial,cot,True,1.0,20,190114,VICTOR ZULU MIKE,NARWHAL,5,10,926,0,1,1,0,1.0,20,20,0,,,
gemma2:2b,5,non-ordered,trivial,direct,True,1.0,20,190114,VICTOR ZULU MIKE,NARWHAL,5,10,184,0,1,0,,0.0,20,20,0,,,
gemma2:2b,5,non-ordered,semantic_2,cot,True,1.0,20,190135,FOXTROT MIKE ALPHA,XYLOPHONE,5,6,722,0,1,0,0,0.5,10,20,0,,,
gemma2:2b,5,non-ordered,semantic_2,direct,True,1.0,20,190135,FOXTROT MIKE ALPHA,XYLOPHONE,5,6,140,0,1,1,,0.5,17,20,0,,,
gemma2:2b,5,non-ordered,semantic_4,cot,True,1.0,20,190135,FOXTROT MIKE ALPHA,XYLOPHONE,5,6,763,0,1,0,1,0.25,17,20,0,,,
gemma2:2b,5,non-ordered,semantic_4,direct,True,1.0,20,190135,FOXTROT MIKE ALPHA,XYLOPHONE,5,6,123,0,1,0,,0.0,19,20,0,,,
gemma2:2b,5,non-ordered,trivial,cot,True,1.0,20,191114,LIMA DELTA INDIA,CACTUS,5,10,661,0,1,1,1,1.0,20,20,0,,,
gemma2:2b,5,non-ordered,trivial,direct,True,1.0,20,191114,LIMA DELTA INDIA,CACTUS,5,10,136,0,1,1,,1.0,18,20,0,,,
gemma2:2b,5,non-ordered,semantic_2,cot,True,1.0,20,191135,TANGO ROMEO BRAVO,JASMINE,5,14,578,0,1,1,1,0.75,20,20,0,,,
gemma2:2b,5,non-ordered,semantic_2,direct,True,1.0,20,191135,TANGO ROMEO BRAVO,JASMINE,5,14,137,0,1,1,,0.75,16,20,0,,,
gemma2:2b,5,non-ordered,semantic_4,cot,True,1.0,20,191135,TANGO ROMEO BRAVO,JASMINE,5,14,799,0,1,1,0,1.0,20,20,0,,,
gemma2:2b,5,non-ordered,semantic_4,direct,True,1.0,20,191135,TANGO ROMEO BRAVO,JASMINE,5,14,150,0,1,1,,0.25,19,20,0,,,
gemma2:2b,5,non-ordered,trivial,cot,True,1.0,20,192114,PAPA JULIET HOTEL,LANTERN,5,14,638,0,1,1,1,1.0,20,20,0,,,
gemma2:2b,5,non-ordered,trivial,direct,True,1.0,20,192114,PAPA JULIET HOTEL,LANTERN,5,14,141,0,1,1,,1.0,17,20,0,,,
gemma2:2b,5,non-ordered,semantic_2,cot,True,1.0,20,192135,ROMEO BRAVO PAPA,CACTUS,5,11,934,0,1,1,1,0.5,20,20,0,,,
gemma2:2b,5,non-ordered,semantic_2,direct,True,1.0,20,192135,ROMEO BRAVO PAPA,CACTUS,5,11,199,0,1,0,,0.0,19,20,0,,,
gemma2:2b,5,non-ordered,semantic_4,cot,True,1.0,20,192135,ROMEO BRAVO PAPA,CACTUS,5,11,536,0,1,0,0,0.25,0,20,0,,,
gemma2:2b,5,non-ordered,semantic_4,direct,True,1.0,20,192135,ROMEO BRAVO PAPA,CACTUS,5,11,148,0,1,1,,0.0,18,20,0,,,
gemma2:2b,5,non-ordered,trivial,cot,True,1.0,20,193114,PAPA FOXTROT SIERRA,VINEYARD,5,11,673,0,1,0,1,0.75,0,20,0,,,
gemma2:2b,5,non-ordered,trivial,direct,True,1.0,20,193114,PAPA FOXTROT SIERRA,VINEYARD,5,11,152,0,1,1,,1.0,19,20,0,,,
gemma2:2b,5,non-ordered,semantic_2,cot,True,1.0,20,193135,ROMEO PAPA OSCAR,THIMBLE,5,14,944,0,1,1,0,0.25,18,20,0,,,
gemma2:2b,5,non-ordered,semantic_2,direct,True,1.0,20,193135,ROMEO PAPA OSCAR,THIMBLE,5,14,155,0,1,1,,0.25,14,20,0,,,
gemma2:2b,5,non-ordered,semantic_4,cot,True,1.0,20,193135,ROMEO PAPA OSCAR,THIMBLE,5,14,1196,0,1,1,1,0.0,20,20,0,,,
gemma2:2b,5,non-ordered,semantic_4,direct,True,1.0,20,193135,ROMEO PAPA OSCAR,THIMBLE,5,14,168,0,1,1,,0.5,16,20,0,,,
gemma2:2b,5,non-ordered,trivial,cot,True,1.0,20,194114,TANGO ROMEO NOVEMBER,SUNDIAL,5,15,378,0,1,0,0,0.75,0,20,0,,,
gemma2:2b,5,non-ordered,trivial,direct,True,1.0,20,194114,TANGO ROMEO NOVEMBER,SUNDIAL,5,15,136,0,1,1,,1.0,19,20,0,,,
gemma2:2b,5,non-ordered,semantic_2,cot,True,1.0,20,194135,ROMEO GOLF INDIA,PARSNIP,5,14,475,0,1,1,1,0.75,16,20,0,,,
gemma2:2b,5,non-ordered,semantic_2,direct,True,1.0,20,194135,ROMEO GOLF INDIA,PARSNIP,5,14,146,0,1,1,,0.75,18,20,0,,,
gemma2:2b,5,non-ordered,semantic_4,cot,True,1.0,20,194135,ROMEO GOLF INDIA,PARSNIP,5,14,736,0,1,1,0,0.5,14,20,0,,,
gemma2:2b,5,non-ordered,semantic_4,direct,True,1.0,20,194135,ROMEO GOLF INDIA,PARSNIP,5,14,140,0,1,1,,0.5,18,20,0,,,
gemma2:2b,5,non-ordered,trivial,cot,True,1.0,20,195114,BRAVO INDIA PAPA,PUMPKIN,5,15,440,0,1,0,0,1.0,1,20,0,,,
gemma2:2b,5,non-ordered,trivial,direct,True,1.0,20,195114,BRAVO INDIA PAPA,PUMPKIN,5,15,100,0,1,0,,1.0,5,20,0,,,
gemma2:2b,5,non-ordered,semantic_2,cot,True,1.0,20,195135,MIKE BRAVO INDIA,FIREFLY,5,10,1507,0,1,1,1,0.25,19,20,0,,,
gemma2:2b,5,non-ordered,semantic_2,direct,True,1.0,20,195135,MIKE BRAVO INDIA,FIREFLY,5,10,136,0,1,1,,0.75,18,20,0,,,
gemma2:2b,5,non-ordered,semantic_4,cot,True,1.0,20,195135,MIKE BRAVO INDIA,FIREFLY,5,10,929,0,0,0,0,0.75,,,,,,
gemma2:2b,5,non-ordered,semantic_4,direct,True,1.0,20,195135,MIKE BRAVO INDIA,FIREFLY,5,10,133,0,1,1,,0.5,14,20,0,,,
gemma2:2b,5,non-ordered,trivial,cot,True,1.0,20,196114,QUEBEC XRAY TANGO,CHIMNEY,5,14,380,0,1,0,0,0.75,5,20,0,,,
gemma2:2b,5,non-ordered,trivial,direct,True,1.0,20,196114,QUEBEC XRAY TANGO,CHIMNEY,5,14,126,0,1,1,,1.0,19,20,0,,,
gemma2:2b,5,non-ordered,semantic_2,cot,True,1.0,20,196135,ROMEO VICTOR SIERRA,QUILT,5,15,556,0,1,0,0,0.25,20,20,0,,,
gemma2:2b,5,non-ordered,semantic_2,direct,True,1.0,20,196135,ROMEO VICTOR SIERRA,QUILT,5,15,178,0,1,0,,0.0,19,20,0,,,
gemma2:2b,5,non-ordered,semantic_4,cot,True,1.0,20,196135,ROMEO VICTOR SIERRA,QUILT,5,15,610,0,1,0,1,0.75,5,20,0,,,
gemma2:2b,5,non-ordered,semantic_4,direct,True,1.0,20,196135,ROMEO VICTOR SIERRA,QUILT,5,15,147,0,1,1,,0.5,19,20,0,,,
gemma2:2b,5,non-ordered,trivial,cot,True,1.0,20,197114,ZULU LIMA INDIA,THIMBLE,5,13,544,0,1,0,0,1.0,13,20,0,,,
gemma2:2b,5,non-ordered,trivial,direct,True,1.0,20,197114,ZULU LIMA INDIA,THIMBLE,5,13,321,0,1,1,,1.0,20,20,0,,,
gemma2:2b,5,non-ordered,semantic_2,cot,True,1.0,20,197135,MIKE SIERRA GOLF,PELICAN,5,15,1239,0,1,0,0,0.5,0,20,0,,,
gemma2:2b,5,non-ordered,semantic_2,direct,True,1.0,20,197135,MIKE SIERRA GOLF,PELICAN,5,15,984,0,1,0,,0.0,0,20,0,,,
gemma2:2b,5,non-ordered,semantic_4,cot,True,1.0,20,197135,MIKE SIERRA GOLF,PELICAN,5,15,664,0,1,1,1,0.5,18,20,0,,,
gemma2:2b,5,non-ordered,semantic_4,direct,True,1.0,20,197135,MIKE SIERRA GOLF,PELICAN,5,15,132,0,1,1,,0.25,14,20,0,,,
gemma2:2b,5,non-ordered,trivial,cot,True,1.0,20,198114,BRAVO XRAY SIERRA,GONDOLA,5,15,450,0,1,0,0,0.5,0,20,0,,,
gemma2:2b,5,non-ordered,trivial,direct,True,1.0,20,198114,BRAVO XRAY SIERRA,GONDOLA,5,15,135,0,1,1,,1.0,14,20,0,,,
gemma2:2b,5,non-ordered,semantic_2,cot,True,1.0,20,198135,LIMA BRAVO YANKEE,MARBLE,5,14,565,0,1,0,1,0.75,14,20,0,,,
gemma2:2b,5,non-ordered,semantic_2,direct,True,1.0,20,198135,LIMA BRAVO YANKEE,MARBLE,5,14,122,0,1,1,,0.75,13,20,0,,,
gemma2:2b,5,non-ordered,semantic_4,cot,True,1.0,20,198135,LIMA BRAVO YANKEE,MARBLE,5,14,947,0,1,1,1,0.25,19,20,0,,,
gemma2:2b,5,non-ordered,semantic_4,direct,True,1.0,20,198135,LIMA BRAVO YANKEE,MARBLE,5,14,94,0,1,0,,0.25,6,20,0,,,
gemma2:2b,5,non-ordered,trivial,cot,True,1.0,20,199114,XRAY ECHO CHARLIE,BONSAI,5,15,416,0,1,0,0,0.75,7,20,0,,,
gemma2:2b,5,non-ordered,trivial,direct,True,1.0,20,199114,XRAY ECHO CHARLIE,BONSAI,5,15,129,0,1,1,,1.0,17,20,0,,,
gemma2:2b,5,non-ordered,semantic_2,cot,True,1.0,20,199135,YANKEE FOXTROT CHARLIE,QUILT,5,14,971,0,1,0,0,0.75,0,20,0,,,
gemma2:2b,5,non-ordered,semantic_2,direct,True,1.0,20,199135,YANKEE FOXTROT CHARLIE,QUILT,5,14,93,0,1,0,,0.25,3,20,0,,,
gemma2:2b,5,non-ordered,semantic_4,cot,True,1.0,20,199135,YANKEE FOXTROT CHARLIE,QUILT,5,14,1085,0,1,0,0,0.0,7,20,0,,,
gemma2:2b,5,non-ordered,semantic_4,direct,True,1.0,20,199135,YANKEE FOXTROT CHARLIE,QUILT,5,14,125,0,1,1,,0.25,19,20,0,,,
