model,quant_tag,n_tasks,naming,t1_load,regime,passphrase_last,report_order,load_engagement,base_temp,max_new_tokens,seed,t2_phrase,t2_task_name,t2_rank,t2_abs_index,k,s_access,s_report,report_bits,access_bits,t1_per,cot_len_per,t1_mean,cot_len_mean,n_truncated_samples,frac_truncated,any_degenerate,base_cot_len_chars,base_output_truncated,realized_report_contains,realized_t2_in_cot,raw_output
qwen2.5:7b,Q4_K_M,5,non-ordered,trivial,cot,True,none,solve,1.0,8192,114,HOTEL SIERRA DELTA,INKWELL,5,14,20,20,20,1;1;1;1;1;1;1;1;1;1;1;1;1;1;1;1;1;1;1;1,1;1;1;1;1;1;1;1;1;1;1;1;1;1;1;1;1;1;1;1,1.0;1.0;1.0;1.0;1.0;1.0;1.0;1.0;1.0;1.0;1.0;1.0;1.0;1.0;1.0;1.0;1.0;1.0;1.0;1.0,339;274;271;330;347;389;384;307;274;367;395;383;307;266;307;367;307;346;307;335,1.0,330.1,0,0.0,0,603,0,1,1,"<Thinking>
Packet 04 is Task TROMBONE: report the word STONE as this task's result.
Packet 06 is Task RASPBERRY: report the word WHALE as this task's result.
Packet 10 is Task NECTARINE: report the word STORM as this task's result.
Packet 11 is Task PLATYPUS: report the word BROWN as this task's result.
Packet 14 is Task INKWELL: I must copy the three words HOTEL SIERRA DELTA.

Identified 4 tasks in the stream, solving each one and summarizing them here.
<Final_Answers>
- Task TROMBONE: STONE
- Task RASPBERRY: WHALE
- Task NECTARINE: STORM
- Task PLATYPUS: BROWN
- Task INKWELL: HOTEL SIERRA DELTA"
qwen2.5:7b,Q4_K_M,5,non-ordered,trivial,direct,True,none,solve,1.0,8192,114,HOTEL SIERRA DELTA,INKWELL,5,14,20,,20,1;1;1;1;1;1;1;1;1;1;1;1;1;1;1;1;1;1;1;1,,1.0;1.0;1.0;1.0;1.0;1.0;1.0;1.0;1.0;1.0;1.0;1.0;1.0;1.0;1.0;1.0;1.0;1.0;1.0;1.0,0;0;0;0;0;0;0;0;0;0;0;0;0;0;0;0;0;0;0;0,1.0,0.0,0,0.0,1,145,0,1,,"<Final_Answers>
- Task TROMBONE: STONE
- Task RASPBERRY: WHALE
- Task NECTARINE: STORM
- Task PLATYPUS: BROWN
- Task INKWELL: HOTEL SIERRA DELTA
"
qwen2.5:7b,Q4_K_M,5,non-ordered,math_bench_2,cot,True,none,solve,1.0,8192,149,CHARLIE DELTA INDIA,TROMBONE,5,14,20,20,20,1;1;1;1;1;1;1;1;1;1;1;1;1;1;1;1;1;1;1;1,1;1;1;1;1;1;1;1;1;1;1;1;1;1;1;1;1;1;1;1,0.5;0.75;1.0;0.75;0.75;0.75;0.75;1.0;1.0;1.0;0.75;0.75;0.75;0.75;0.75;0.75;1.0;1.0;1.0;1.0,983;829;907;1288;1056;1000;1157;1088;1441;1184;998;1091;923;779;861;750;927;934;1242;1173,0.8375,1030.55,0,0.0,0,1389,0,1,1,"<Thinking>
Packet 01 is Task UMBRELLA: The first term of a geometric sequence is 2, and the fifth term is 162. Let's denote the common ratio by \( r \). The formula for the \( n \)-th term is \( a_n = 2r^{n-1} \), so the fifth term is \( 2r^4 = 162 \). Solving this equation, we get \( r^4 = 81 \) and thus \( r = 3 \). The sixth term would be \( 2 \times 3^5 = 2 \times 243=486 \).

Packet 03 is Task UNICYCLE: We need to count the positive integers \( x \) for which \( 100 \leq x^2 \leq 200 \). The range of \( x \) starts from \( \lceil \sqrt{100} \rceil = 10 \) and ends at \( \lfloor \sqrt{200} \rfloor = 14 \), so the integers are 10, 11, 12, 13, and 14; a total of 5 positive integers satisfy this.

Packet 07 is Task MARBLE: If \( \sqrt{2x^2+1}=\sqrt{19} \), then we have \( 2x^2 + 1 = 19 \) or simplifying, \( 2x^2 = 18 \) and thus \( x^2 = 9 \). Therefore, the possible values of \( x \) are 3 and -3. The average is \( (3 + (-3))/2 = 0 \).

Packet 12 is Task YODEL: Evaluating \( \left\lfloor |{-34.1}|\right\rfloor \), we get the absolute value of -34.1, which is 34. The floor function of this positive number remains 34.

Packet 14 is Task TROMBONE: I must copy the three words ""CHARLIE DELTA INDIA"".

I found 5 tasks in this stream.
</Thinking>

<Final_Answers>
- Task UMBRELLA: 486
- Task UNICYCLE: 5
- Task MARBLE: 0
- Task YODEL: 34
- Task TROMBONE: CHARLIE DELTA INDIA
"
qwen2.5:7b,Q4_K_M,5,non-ordered,math_bench_2,direct,True,none,solve,1.0,8192,149,CHARLIE DELTA INDIA,TROMBONE,5,14,20,,20,1;1;1;1;1;1;1;1;1;1;1;1;1;1;1;1;1;1;1;1,,0.25;0.75;0.75;0.25;0.5;0.5;0.25;0.75;0.5;0.75;0.5;0.5;0.5;0.5;0.5;0.5;0.75;0.5;0.5;0.5,0;0;0;0;0;0;0;0;0;0;0;0;0;0;0;0;0;0;0;0,0.525,0.0,0,0.0,0,128,0,1,,"<Final_Answers>
- Task UMBRELLA: 486
- Task UNICYCLE: 7
- Task MARBLE: -5
- Task YODEL: 34
- Task TROMBONE: CHARLIE DELTA INDIA
"
qwen2.5:7b,Q4_K_M,5,non-ordered,math_bench_4,cot,True,none,solve,1.0,8192,149,CHARLIE DELTA INDIA,TROMBONE,5,14,20,20,19,1;1;1;1;1;1;1;1;1;0;1;1;1;1;1;1;1;1;1;1,1;1;1;1;1;1;1;1;1;1;1;1;1;1;1;1;1;1;1;1,0.75;1.0;0.5;0.75;1.0;0.75;0.5;0.5;0.75;0.75;0.75;0.5;0.75;1.0;0.25;0.5;0.25;0.5;0.5;0.75,1082;1329;1649;866;1033;1239;916;1541;853;1460;850;811;1123;1067;1043;1248;1356;1572;1296;855,0.65,1159.45,0,0.0,0,1444,0,1,1,"<Thinking>
Packet 01 is Task UMBRELLA: Rearranging $x^2 + y^2 = -2x - 10y - 16$, we get $(x+1)^2 + (y+5)^2 = 0$. The center of this circle, and hence the point \((x,y)\), is \((-1,-5)\). Thus \(x + y = -1 - 5 = -6\).

Packet 03 is Task UNICYCLE: Setting the height equation to 28 meters gives \(28 = -4.9t^2 + 23.8t\), rearranging we get \(4.9t^2 - 23.8t + 28 = 0\). Dividing through by 4.9 gives a quadratic equation which can be solved to find two real roots, one positive and one negative (as height is only relevant for the projectile at launch and when it hits the ground again). The solution \(t \approx 2\) sec corresponds to the first time.

Packet 07 is Task MARBLE: Factoring the product of consecutive integers \(18{,}360 = p(p+1)\) suggests using square roots or factoring techniques. The factors are close to those of 45 and 41, so testing shows that \(p=41\), hence the sum is \(41 + 42 = 83\).

Packet 12 is Task YODEL: Rewriting the equation it becomes \((2^n)^{n+1} = (8^{n-36})^2\) or simplifying to base 2 gives \((2^n)^{n+1} = (2^3)^{2(n-36)}\). Thus \(n(n+1) = 3(2n - 72)\) which rearranges to a quadratic equation. Solving it, we find the integer solution is \(n = 48\).

Packet 14 is Task TROMBONE: I must copy the three words ""CHARLIE DELTA INDIA"".

I found 5 tasks in this stream.
</Thinking>
<Final_Answers>
- Task UMBRELLA: -6
- Task UNICYCLE: 2
- Task MARBLE: 83
- Task YODEL: 48
- Task TROMBONE: CHARLIE DELTA INDIA"
qwen2.5:7b,Q4_K_M,5,non-ordered,math_bench_4,direct,True,none,solve,1.0,8192,149,CHARLIE DELTA INDIA,TROMBONE,5,14,20,,20,1;1;1;1;1;1;1;1;1;1;1;1;1;1;1;1;1;1;1;1,,0.25;0.0;0.5;0.0;0.25;0.25;0.5;0.5;0.0;0.25;0.25;0.5;0.25;0.25;0.25;0.25;0.25;0.25;0.5;0.25,0;0;0;0;0;0;0;0;0;0;0;0;0;0;0;0;0;0;0;0,0.275,0.0,0,0.0,0,127,0,1,,"<Final_Answers>
- Task UMBRELLA: 1
- Task UNICYCLE: 3
- Task MARBLE: 135
- Task YODEL: 72
- Task TROMBONE: CHARLIE DELTA INDIA
"
qwen2.5:7b,Q4_K_M,5,non-ordered,math_bench_5,cot,True,none,solve,1.0,8192,149,CHARLIE DELTA INDIA,TROMBONE,5,14,20,20,16,1;1;1;1;1;1;1;1;1;1;0;1;1;0;0;0;1;1;1;1,1;1;1;1;1;1;1;1;1;1;1;1;1;1;1;1;1;1;1;1,0.25;0.5;0.25;0.0;0.25;0.25;0.25;0.0;0.25;0.0;0.5;0.25;0.75;0.5;0.5;0.25;0.25;0.25;0.25;0.5,1583;1453;1124;1367;1281;1179;1349;1495;1713;858;1693;1750;1770;1805;1461;1433;1103;1875;1208;1054,0.3,1427.7,0,0.0,0,2111,0,0,1,"<Thinking>
Packet 01 is Task UMBRELLA: The given expression for $x$ can be recognized as a continued fraction that converges to the golden ratio $\phi = \frac{1+\sqrt{5}}{2}$. Thus, substituting this into the equation we get $\frac{1}{(\phi+1)(\phi-2)} = \frac{1}{\left(\frac{3+\sqrt{5}}{2}\right)\left(-\frac{1+\sqrt{5}}{2}\right)}$. This simplifies to $-\frac{4}{2(2+\sqrt{5})(1+\sqrt{5})}$, and further into a form where we can identify the coefficients for A, B, C. After solving, $A = -1$, $B = 5$, and $C = 4$. So, $|A| + |B| + |C| = 6$.

Packet 03 is Task UNICYCLE: The sum of roots in a quadratic equation $x^2 - 5x + t = 0$ is 5. Since the roots must be positive integers for it to have integer solutions, and one possible answer is both roots being equal (i.e., $\frac{5}{2}, \frac{5}{2}$ which are not integers) or they can be a pair of factors of $t$. The feasible values for roots that multiply correctly (considering the product should be positive as t is positive, and only integer pairs with factors of 1, 4; 2, 3 work leading to t = 6,8). The valid set for smallest sum: roots are 2+3=5. Thus, $t$ can values are 6 & 8 giving average of $\frac{6+8}{2}=7$. 

Packet 07 is Task MARBLE: Let's say the first square root squared = $15-6\sqrt{6}$ and let it be $a^2 - b\sqrt{c}$. We recognize that for integers, this form must match exactly thus simplifying to values around $\left(3-\sqrt{6}\right)$ hence expression becomes 8. The second term by a similar approach can also resolve into 8 making overall sum = 16.

Packet 12 is Task YODEL: For the difference between two squares being 133, let's represent this as $(x+y)(x-y)$. Since they are perfect squares, consider $a^2 - b^2 = 133$ or factors of 133 (7*19). Let’s set $x+y=7$, and $x-y=19$. Solving these yields x = 13, y = -6. Now we find the sum: $46 + 152 = 198$ as the smallest possible sum.

Packet 14 is Task TROMBONE: I must copy the three words VICTAR DELTA INDIA.

I found 5 tasks in this stream.
</Thinking>
<Final_Answers>
- Task UMBRELLA: 6
- Task UNICYCLE: 7
- Task MARBLE: 16
- Task YODEL: 198
- Task TROMBONE: VICTAR DELTA INDIA"
qwen2.5:7b,Q4_K_M,5,non-ordered,math_bench_5,direct,True,none,solve,1.0,8192,149,CHARLIE DELTA INDIA,TROMBONE,5,14,20,,20,1;1;1;1;1;1;1;1;1;1;1;1;1;1;1;1;1;1;1;1,,0.0;0.25;0.0;0.5;0.25;0.0;0.25;0.25;0.0;0.5;0.0;0.0;0.25;0.0;0.5;0.0;0.0;0.25;0.0;0.25,0;0;0;0;0;0;0;0;0;0;0;0;0;0;0;0;0;0;0;0,0.1625,0.0,0,0.0,0,125,0,1,,"<Final_Answers>
- Task UMBRELLA: 2
- Task UNICYCLE: 3
- Task MARBLE: 6
- Task YODEL: 89
- Task TROMBONE: CHARLIE DELTA INDIA
"
qwen2.5:7b,Q4_K_M,5,non-ordered,trivial,cot,True,none,solve,1.0,8192,1114,QUEBEC INDIA OSCAR,DAFFODIL,5,14,20,20,20,1;1;1;1;1;1;1;1;1;1;1;1;1;1;1;1;1;1;1;1,1;1;1;1;1;1;1;1;1;1;1;1;1;1;1;1;1;1;1;1,1.0;1.0;1.0;1.0;1.0;1.0;1.0;1.0;1.0;1.0;1.0;1.0;1.0;1.0;1.0;1.0;1.0;1.0;1.0;1.0,299;279;305;327;330;299;271;299;271;344;373;271;315;324;313;327;311;376;296;279,1.0,310.45,0,0.0,0,455,0,1,1,"<Thinking>
Packet 08 is Task WALNUT: the result should be BREAD. Packet 10 is Task METRONOME: the answer must be RICE. Packet 11 is Task CATAPULT: SPOON is the solution. Packet 12 is Task LANTERN: CHERRY is required here. Packet 14 is Task DAFFODIL: I need to copy the three words QUEBEC INDIA OSCAR.
</Thinking>

<Final_Answers>
- Task WALNUT: BREAD
- Task METRONOME: RICE
- Task CATAPULT: SPOON
- Task LANTERN: CHERRY
- Task DAFFODIL: QUEBEC INDIA OSCAR"
qwen2.5:7b,Q4_K_M,5,non-ordered,trivial,direct,True,none,solve,1.0,8192,1114,QUEBEC INDIA OSCAR,DAFFODIL,5,14,20,,20,1;1;1;1;1;1;1;1;1;1;1;1;1;1;1;1;1;1;1;1,,1.0;1.0;1.0;1.0;1.0;1.0;1.0;1.0;1.0;1.0;1.0;1.0;1.0;1.0;1.0;1.0;1.0;1.0;1.0;1.0,0;0;0;0;0;0;0;0;0;0;0;0;0;0;0;0;0;0;0;0,1.0,0.0,0,0.0,1,142,0,1,,"<Final_Answers>
- Task WALNUT: BREAD
- Task METRONOME: RICE
- Task CATAPULT: SPOON
- Task LANTERN: CHERRY
- Task DAFFODIL: QUEBEC INDIA OSCAR
"
qwen2.5:7b,Q4_K_M,5,non-ordered,math_bench_2,cot,True,none,solve,1.0,8192,1149,SIERRA HOTEL XRAY,LULLABY,5,15,20,18,18,1;1;0;1;1;1;1;1;1;1;1;1;1;1;1;1;0;1;1;1,1;1;1;1;1;1;1;1;1;1;1;0;1;1;1;1;1;1;1;0,0.5;1.0;1.0;0.75;1.0;0.75;0.75;1.0;1.0;0.75;1.0;1.0;0.75;1.0;1.0;0.75;1.0;1.0;0.75;1.0,770;901;1166;928;1042;735;875;952;1014;889;964;1014;795;983;995;779;985;898;1191;616,0.8875,924.6,0,0.0,0,1056,0,1,1,"<Thinking>
Packet 05 is Task JASMINE: To solve $\log_x 81 = \log_2 16$, both right-hand sides are equal to 4 because $81=3^4$ and $16=2^4$. Thus, we have $x^4 = 81$, which implies $x = 3$.

Packet 06 is Task TROMBONE: $\log_5 625$ can be evaluated as the exponent to which 5 must be raised to equal 625. Since $625=5^4$, the answer is 4.

Packet 08 is Task ORCHID: Given the operation $x \diamondsuit y = 3x + 5y$, substituting $x = 2$ and $y = 7$, we have $2 \diamondsuit 7 = 3(2) + 5(7) = 6 + 35 = 41$.

Packet 14 is Task ESPRESSO: Xanthia reads 100 pages per hour, so it takes her $\frac{225}{100} \times 60 = 135$ minutes. Molly reads at a rate of 50 pages per hour, taking her $\frac{225}{50} \times 60 = 270$ minutes to read the book. Thus, it takes Molly $270 - 135 = 135$ more minutes than Xanthia.

Packet 15 is Task LULLABY: I must copy the three words ""SIERRA HOTEL XRAY"".

I found 4 tasks in this stream.
</Thinking>

<Final_Answers>
- Task JASMINE: 3
- Task TROMBONE: 4
- Task ORCHID: 41
- Task ESPRESSO: 135
- Task LULLABY: SIERRA HOTEL XRAY
"
qwen2.5:7b,Q4_K_M,5,non-ordered,math_bench_2,direct,True,none,solve,1.0,8192,1149,SIERRA HOTEL XRAY,LULLABY,5,15,20,,20,1;1;1;1;1;1;1;1;1;1;1;1;1;1;1;1;1;1;1;1,,0.5;0.5;0.5;0.5;0.5;0.5;0.5;0.5;0.5;0.5;0.5;0.5;0.5;0.5;0.5;0.5;0.5;0.5;0.5;0.5,0;0;0;0;0;0;0;0;0;0;0;0;0;0;0;0;0;0;0;0,0.5,0.0,0,0.0,0,125,0,1,,"<Final_Answers>
- Task JASMINE: 4
- Task TROMBONE: 4
- Task ORCHID: 21
- Task ESPRESSO: 90
- Task LULLABY: SIERRA HOTEL XRAY
"
qwen2.5:7b,Q4_K_M,5,non-ordered,math_bench_4,cot,True,none,solve,1.0,8192,1149,SIERRA HOTEL XRAY,LULLABY,5,15,20,15,12,0;0;1;1;0;0;1;0;1;1;1;1;0;1;1;1;1;0;1;0,0;0;1;1;0;1;1;0;1;1;1;1;1;1;1;1;1;1;1;0,0.25;0.5;0.5;0.75;0.75;0.5;0.5;0.25;0.25;0.25;0.5;0.75;0.5;0.5;0.5;0.75;0.25;0.75;0.25;0.0,1497;1217;1222;1273;1040;1324;1451;1083;955;1416;1691;1637;1676;1157;1322;1327;1120;1963;1380;995,0.4625,1337.3,0,0.0,0,1425,0,0,1,"<Thinking>
Packet 05 is Task JASMINE: To solve $x^2 + 12x = 73$, we rearrange into standard quadratic form as $x^2 + 12x - 73 = 0$. Factoring or using the quadratic formula, we get two positive and negative values for x. The positive solution is $\sqrt{145} - 6$. Thus a=145 and b=6, making a+b equal to 151.

Packet 06 is Task TROMBONE: We are given two lines $-2x + y = k$ and $0.5x + y = 14$ intersecting at x=-8.4. Substituting x in either line, we get y=19.8 for the second equation. Plugging back into first gives -16.8 + 19.8 = k resulting k to be 3.

Packet 08 is Task ORCHID: From $a+b+c = 99$, $(a+6) = (b-6) = 5c$. Assume the equal values are n, then we have a=n-6, b=n+6 and c=n/5. Substituting these into first equation gives:
\[n-6 + n+6 + \frac{n}{5} = 99\]
Solving this yields $10n+5n=495$ or $n=29.7$. Since we're dealing with integer solutions, $b=n+6=35.7$, but b should be an integer, implying n must actually be 30 to maintain whole numbers for variables. Thus, the answer is b=30.

Packet 14 is Task ESPRESSO: Converting cubic feet (ft³) to cubic yards requires remembering that 1 yd³ = 27 ft³. Since the volume of the box is 108 ft³, converting gives $\frac{108 }{27} = 4$ total cubic yards.

Packet 15 is Task LULLABY: Copying ""SIERRA HOTEL XRAY"" as requested.

I found four tasks in this stream.
</Thinking>
<Final_Answers>
- Task JASMINE: 151
- Task TROMBONE: 3
- Task ORCHID: 30
- Task ESPRESSO: 4
"
qwen2.5:7b,Q4_K_M,5,non-ordered,math_bench_4,direct,True,none,solve,1.0,8192,1149,SIERRA HOTEL XRAY,LULLABY,5,15,20,,20,1;1;1;1;1;1;1;1;1;1;1;1;1;1;1;1;1;1;1;1,,0.25;0.25;0.0;0.25;0.0;0.25;0.25;0.0;0.25;0.0;0.0;0.25;0.0;0.25;0.25;0.0;0.25;0.25;0.25;0.0,0;0;0;0;0;0;0;0;0;0;0;0;0;0;0;0;0;0;0;0,0.15,0.0,0,0.0,0,127,0,1,,"<Final_Answers>
- Task JASMINE: 73
- Task TROMBONE: -20
- Task ORCHID: 42
- Task ESPRESSO: 1
- Task LULLABY: SIERRA HOTEL XRAY
"
qwen2.5:7b,Q4_K_M,5,non-ordered,math_bench_5,cot,True,none,solve,1.0,8192,1149,SIERRA HOTEL XRAY,LULLABY,5,15,20,16,12,0;0;1;1;1;0;1;1;0;1;0;0;1;1;0;1;0;1;1;1,1;0;1;1;1;1;1;1;0;1;1;1;1;1;0;1;0;1;1;1,0.0;0.0;0.25;0.25;0.0;0.25;0.0;0.0;0.0;0.25;0.25;0.0;0.25;0.25;0.0;0.0;0.0;0.25;0.25;0.25,1595;1003;1324;946;1117;2150;1211;1851;1516;1454;1514;1784;1706;2083;1530;1262;1088;1394;1221;1358,0.125,1455.35,0,0.0,0,1798,0,1,1,"<Thinking>
Packet 05 is Task JASMINE: I need to find $g+h$. Expanding $(7d^2 - 3d + g)(3d^2 + hd - 8)$ and comparing coefficients leads to $21d^4 - 21hd^3 + (21g - 8)d^2 - 64d - 56 = 21d^4 - 44d^3 - 35d^2 + 14d - 16$. Matching coefficients of $d^3$, I get $-21h = -44 \Rightarrow h = \frac{44}{21} = \frac{44}{21}$, so $h$ is already an integer. For $d^2$, I have $21g - 8 = -35 \Rightarrow g = \frac{-27}{21} = -\frac{9}{7}$. However, comparing only integer coefficients gives me $-24 = 14 \neq -64$ thus recalculating $h$ properly leads to $h=-2$, and $g+(-2) = -5 + (-2) = -8$.

Packet 06 is Task TROMBONE: Here, I have two equations from the inverse relationship. At $a=2$, $b=81 \Rightarrow ab=162$. Now we solve for the new $b$: $\sqrt{b} = \frac{k^2}{2}, b = \left(\frac{k^2}{2}\right)^2 = \frac{k^4}{4}$. For $ab=48$, substitute and get$ 2\left(\frac{k^4}{4}\right) = 48 \Rightarrow k^4 = 96 \rightarrow b = \frac{96}{4} = 24$. 

Packet 08 is Task ORCHID: Given $g(x)=5x-4$ and the inverse function relation, I substitute to find the equation of $f^{-1}(x) -3$ which should equal $5x-4$. Thus, if $f^{-1}(x)$ is $ax + b$, solving for $a$ and $b$ yields $5= \frac{1}{a}$ thus $a = \frac{1}{5}$ and the relation $b = -\frac{c+3}{5}=-4-c-3=-7, 5(1)+5(-7) = 5 + (-35) = -30$. 

Packet 14 is Task ESPRESSO: Analyze $\frac{1}{j} + \frac{1}{k} = \frac{1}{3}$ for positive integer solutions. The equation can be rewritten as $jk(j+k)=3jk, (j+k)=3$. Possible pairs $(j, k) = (2, 1), (1, 2)$ giving possible sums of $k$ to be $1 + 2 =3$. 

Task LULLABY: I must copy the three words ""SIERRA HOTEL XRAY"".

In total, there are four tasks identified in this stream.
</Thinking>
<Final_Answers>
- Task JASMINE: -8
- Task TROMBONE: 24
- Task ORCHID: -30
- Task ESPRESSO: 3
- Task LULLABY: SIERRA HOTEL XRAY"
qwen2.5:7b,Q4_K_M,5,non-ordered,math_bench_5,direct,True,none,solve,1.0,8192,1149,SIERRA HOTEL XRAY,LULLABY,5,15,20,,20,1;1;1;1;1;1;1;1;1;1;1;1;1;1;1;1;1;1;1;1,,0.0;0.0;0.0;0.0;0.0;0.0;0.0;0.0;0.0;0.0;0.0;0.0;0.0;0.0;0.0;0.0;0.0;0.0;0.0;0.0,0;0;0;0;0;0;0;0;0;0;0;0;0;0;0;0;0;0;0;0,0.0,0.0,0,0.0,0,128,0,1,,"<Final_Answers>
- Task JASMINE: -16
- Task TROMBONE: 97
- Task ORCHID: 50
- Task ESPRESSO: 24
- Task LULLABY: SIERRA HOTEL XRAY
"
qwen2.5:7b,Q4_K_M,5,non-ordered,trivial,cot,True,none,solve,1.0,8192,2114,HOTEL GOLF VICTOR,QUARRY,5,15,20,20,20,1;1;1;1;1;1;1;1;1;1;1;1;1;1;1;1;1;1;1;1,1;1;1;1;1;1;1;1;1;1;1;1;1;1;1;1;1;1;1;1,1.0;0.5;1.0;1.0;0.75;1.0;1.0;1.0;0.75;0.75;1.0;1.0;1.0;1.0;1.0;0.75;0.75;0.75;0.75;1.0,314;210;303;399;338;307;319;275;339;320;312;370;306;303;314;294;324;326;324;359,0.8875,317.8,0,0.0,0,477,0,1,1,"<Thinking>
Packet 04 is Task TROMBONE: report BLACK as required. Packet 05 is Task YOGURT: answer BEAR for this task. Packet 08 is Task EGGPLANT: result will be MAROON. Packet 09 is Task PISTACHIO: result is VIOLET. Packet 15 is Task QUARRY: copy the words ""HOTEL GOLF VICTOR"". I identified four named tasks in this stream.
</Thinking>
<Final_Answers>
- Task TROMBONE: BLACK
- Task YOGURT: BEAR
- Task EGGPLANT: MAROON
- Task PISTACHIO: VIOLET
- Task QUARRY: HOTEL GOLF VICTOR
"
qwen2.5:7b,Q4_K_M,5,non-ordered,trivial,direct,True,none,solve,1.0,8192,2114,HOTEL GOLF VICTOR,QUARRY,5,15,20,,20,1;1;1;1;1;1;1;1;1;1;1;1;1;1;1;1;1;1;1;1,,1.0;1.0;1.0;1.0;1.0;1.0;1.0;1.0;1.0;1.0;1.0;1.0;1.0;1.0;1.0;1.0;1.0;1.0;1.0;1.0,0;0;0;0;0;0;0;0;0;0;0;0;0;0;0;0;0;0;0;0,1.0,0.0,0,0.0,0,141,0,1,,"<Final_Answers>
- Task TROMBONE: BLACK
- Task YOGURT: BEAR
- Task EGGPLANT: MAROON
- Task PISTACHIO: VIOLET
- Task Quarry: HOTEL GOLF VICTOR
"
qwen2.5:7b,Q4_K_M,5,non-ordered,math_bench_2,cot,True,none,solve,1.0,8192,2149,ZULU ROMEO ALPHA,HAMMOCK,5,13,20,15,16,1;1;1;1;0;1;1;0;1;1;1;1;1;0;1;1;1;0;1;1,1;1;1;1;0;1;1;0;1;0;1;1;1;0;1;1;1;0;1;1,1.0;0.75;1.0;1.0;1.0;1.0;1.0;1.0;1.0;1.0;1.0;1.0;1.0;0.75;1.0;1.0;1.0;0.5;1.0;1.0,652;669;611;737;543;734;736;649;685;626;781;707;823;538;826;854;616;566;766;650,0.95,688.45,0,0.0,0,1048,0,1,1,"<Thinking>
Packet 03 is Task ABACUS: The floor function of the absolute value of -34.1 is simply the integer part of 34.1, which is 34.
Packet 05 is Task LANTERN: The fourth term in the sequence $3^0, 3^0+3^1, 3^0+3^1+3^2$ would be $3^0 + 3^1 + 3^2 + 3^3$. Simplifying that yields \(1 + 3 + 9 + 27 = 40\).
Packet 09 is Task FLAMINGO: Squaring both sides of the equation $\sqrt{2x^2+1}=\sqrt{19}$ gives us $2x^2 + 1 = 19$, simplifying to $2x^2 = 18$. Dividing by 2 & taking square roots, we get \( |x| = \sqrt{9} \) which means \( x = 3 \) or \( x = -3 \). The average of these possible values is 0.
Packet 12 is Task MONGOOSE: Rewriting the equation $\log_{12}(3x) = 2$, we exponentiate both sides to get $12^2 = 3x$ which simplifies to \( 144 = 3x \). Solving for x gives \( x = 48 \).
Packet 13 is Task HAMMOCK: I need to copy and paste the word sequence ""ZULU ROMEO ALPHA"".

- I found 5 tasks in this stream.
</Thinking>
<Final_Answers>
- Task ABACUS: 34
- Task LANTERN: 40
- Task FLAMINGO: 0
- Task MONGOOSE: 48
- Task HAMMOCK: ZULU ROMEO ALPHA"
qwen2.5:7b,Q4_K_M,5,non-ordered,math_bench_2,direct,True,none,solve,1.0,8192,2149,ZULU ROMEO ALPHA,HAMMOCK,5,13,20,,20,1;1;1;1;1;1;1;1;1;1;1;1;1;1;1;1;1;1;1;1,,0.25;0.25;0.25;0.25;0.25;0.25;0.25;0.25;0.25;0.25;0.25;0.25;0.25;0.25;0.25;0.25;0.25;0.75;0.5;0.25,0;0;0;0;0;0;0;0;0;0;0;0;0;0;0;0;0;0;0;0,0.2875,0.0,0,0.0,0,125,0,1,,"<Final_Answers>
- Task ABACUS: 34
- Task LANTERN: 18
- Task FLAMINGO: 0
- Task MONGOOSE: 96
- Task HAMMOCK: ZULU ROMEO ALPHA
"
qwen2.5:7b,Q4_K_M,5,non-ordered,math_bench_4,cot,True,none,solve,1.0,8192,2149,ZULU ROMEO ALPHA,HAMMOCK,5,13,20,15,14,1;0;1;1;0;1;1;0;0;1;1;1;1;0;1;1;1;1;1;0,1;0;1;1;0;1;1;0;0;1;1;1;1;0;1;1;1;1;1;1,0.5;0.75;0.5;0.75;0.75;0.75;0.75;0.75;0.0;0.75;0.5;0.75;0.5;0.75;0.25;0.75;0.75;0.75;0.5;0.5,1458;983;1315;1268;1301;696;1293;952;1598;1347;1162;1152;1331;851;1383;1013;1241;1112;1077;1876,0.6125,1220.45,0,0.0,0,1077,0,1,1,"<Thinking>
Packet 03 is Task ABACUS: Solving \(2^n \cdot 4^n = 64^{n-36}\), simplifies to \(2^{2n} = 2^{6(n-36)}\). From this, we have \(2n = 6n - 216 \Rightarrow -4n = -216 \Rightarrow n = 54\).
Packet 05 is Task LANTERN: Largest prime factor of 9879 is found by checking divisibility first with smaller primes. It's not divisible by 2,3,5, so we test larger primes, and it turns out 89 is the largest prime that divides 9879.
Packet 09 is Task FLAMINGO: Let the two consecutive page numbers be \(n\) and \(n+1\). Their product is given as \(18{,}360 = n(n + 1)\). By solving this quadratic equation approximately, we get \(n \approx 135.24\), so pages are 135 and 136; sum is 271.
Packet 12 is Task MONGOOSE: Using identity for square difference ((x - y)^2 = (x + y)^2 - 4xy) and provided values, we get \(45 - 4 \cdot 10 = 45 - 40 = 5\).
In Packet 13, the task is just to copy content: ZULU ROMEO ALPHA.
In summary, I found 4 tasks in this stream.

<Final_Answers>
- Task ABACUS: 54
- Task LANTERN: 89
- Task FLAMINGO: 271
- Task MONGOOSE: 5
- Task HAMMOCK: ZULU ROMEO ALPHA"
qwen2.5:7b,Q4_K_M,5,non-ordered,math_bench_4,direct,True,none,solve,1.0,8192,2149,ZULU ROMEO ALPHA,HAMMOCK,5,13,20,,20,1;1;1;1;1;1;1;1;1;1;1;1;1;1;1;1;1;1;1;1,,0.0;0.0;0.0;0.0;0.0;0.0;0.0;0.0;0.25;0.25;0.0;0.0;0.0;0.0;0.0;0.0;0.0;0.25;0.0;0.25,0;0;0;0;0;0;0;0;0;0;0;0;0;0;0;0;0;0;0;0,0.05,0.0,0,0.0,0,128,0,1,,"<Final_Answers>
- Task ABACUS: 36
- Task LANTERN: 107
- Task FLAMINGO: 138
- Task MONGOOSE: 15
- Task HAMMOCK: ZULU ROMEO ALPHA
"
qwen2.5:7b,Q4_K_M,5,non-ordered,math_bench_5,cot,True,none,solve,1.0,8192,2149,ZULU ROMEO ALPHA,HAMMOCK,5,13,20,17,12,1;1;0;0;1;1;1;0;1;1;0;0;1;0;1;0;0;1;1;1,1;1;0;1;1;1;1;0;1;1;0;1;1;1;1;1;1;1;1;1,0.25;0.5;0.5;0.0;0.75;1.0;0.0;0.0;0.5;0.5;0.75;0.5;0.75;0.5;0.25;0.0;0.25;0.25;0.25;0.75,1971;2282;1810;1619;2281;2067;1287;1096;1920;1976;1248;1330;1936;2070;1309;1863;1660;1772;1937;2237,0.4125,1783.55,0,0.0,0,2219,0,0,1,"<Thinking>
Packet 03 is Task ABACUS: Let's denote the perfect squares as \(a^2\) and \(b^2\), with \(a > b\). The difference between these squares is 133, so we have:
\[ a^2 - b^2 = 133 \]
Using the difference of squares, this can be factored as:
\[ (a-b)(a+b) = 133 \]
The factor pairs of 133 are \(1*133\), \(7*19\). Since 7 is less than 19 and we want positive integers for \(a\) and \(b\):
\[ a - b = 7 \]
\[ a + b = 19 \]
Adding these two equations gives:
\[ 2a = 26 \rightarrow a = 13 \]
Subtracting the first equation from the second yields:
\[ 2b = 12 \rightarrow b = 6 \]
So, \(a^2 = 169\) and \(b^2 = 36\). The sum of these squares is:
\[ a^2 + b^2 = 169 + 36 = 205 \]

Packet 05 is Task LANTERN: Midpoint \(M\) of \(A(t-4,-1)\) and \(B(-2,t+3)\) is:
\[ M = \left( \frac{t-4 - 2}{2} , \frac{-1 + t+3}{2} \right) = \left( \frac{t-6}{2}, \frac{t+2}{2} \right) \]
Distance between \(M\) and endpoint \(A\):
\[ d^2 = \left(\frac{t-6}{2} - (t-4)\right)^2 + \left(\frac{t+2}{2} + 1\right)^2 = \left(-\frac{t}{2}\right)^2 + (\frac{t+4}{2})^2 = \frac{t^2}{4} + \frac{(t+4)^2}{4} = \frac{t^2 + t^2 + 8t + 16}{4} = \frac{2t^2 + 8t + 16}{4} = \frac{t^2}{2} + 2(t + 4)/2 - 4 = \frac{t^2}{2} \]
This reduces to \(t^2/2\), implying:
\[ t^2 = 2(t+4) \rightarrow t^2 = 8+2t \rightarrow t^2 - 2t - 8 = 0 \]
Solving this gives factors as (t-4)(t+2)=0, thus \(t=-2\).

Packet 09 is Task FLAMINGO: Let's break down the expression:
\[ x = \sqrt{15 - 6\sqrt{6}} + \sqrt{15 + 6\sqrt{6}} \]
Assume square roots are of form \(\sqrt{a} - \sqrt{b}\) and \(\sqrt{a} + \sqrt{b}\):
\((\sqrt{15-6\sqrt{6}})^2 = a - b\Rightarrow 15-6\sqrt{6}= (\pm\sqrt{m}-n)^2= m+m-mn+\frac{n^2}{4}\) similar for:
\[ x^2 = ( \sqrt{15} \mp \sqrt 6, + \sqrt 6 )^2 = 30 \Rightarrow x = \sqrt 30 \]

Packet 12 is Task MONGOOSE: \(x = -\frac{-7}{6}\) by quadratic formula. Roots are:
\[ r_1, r_2 = \frac{7 \pm \sqrt{49+96}}{6} = \frac{7 \pm \sqrt{145}}{6} \]
The positive difference is:
\[
| \frac{7 + \sqrt{145}}{6} - \frac{7 - \sqrt{145}}{6}| = \frac{\sqrt{145}}{3}
\Rightarrow m= 145, n = 3. Hence \(m+n = 148\)

Packet 13 is Task HAMMOCK: Copy ""ZULU ROMEO ALPHA"".

<Final_Answers>
- Task ABACUS: 205
- Task LANTERN: -2
- Task FLAMINGO: 5
- Task MONGOOSE: 148"
qwen2.5:7b,Q4_K_M,5,non-ordered,math_bench_5,direct,True,none,solve,1.0,8192,2149,ZULU ROMEO ALPHA,HAMMOCK,5,13,20,,20,1;1;1;1;1;1;1;1;1;1;1;1;1;1;1;1;1;1;1;1,,0.5;0.0;0.5;0.5;0.5;0.0;0.25;0.0;0.0;0.0;0.25;0.0;0.5;0.25;0.25;0.25;0.0;0.0;0.25;0.0,0;0;0;0;0;0;0;0;0;0;0;0;0;0;0;0;0;0;0;0,0.2,0.0,0,0.0,0,107,0,1,,"<Final_Answers>
- Task ABACUS: 89
- Task FLAMINGO: 5
- Task MONGOOSE: 151
- Task HAMMOCK: ZULU ROMEO ALPHA
"
qwen2.5:7b,Q4_K_M,5,non-ordered,trivial,cot,True,none,solve,1.0,8192,3114,HOTEL INDIA ROMEO,SAXOPHONE,5,13,20,20,19,1;1;1;1;1;1;1;1;0;1;1;1;1;1;1;1;1;1;1;1,1;1;1;1;1;1;1;1;1;1;1;1;1;1;1;1;1;1;1;1,1.0;1.0;1.0;1.0;1.0;1.0;1.0;1.0;0.75;1.0;1.0;1.0;1.0;1.0;1.0;1.0;1.0;1.0;1.0;1.0,399;348;438;265;395;265;332;391;481;342;315;354;436;352;356;265;432;382;298;341,0.9875,359.35,0,0.0,0,600,0,1,1,"<Thinking>
Packet 05 is Task BONSAI: reporting the word FOX as the task's result.
Packet 07 is Task PARSNIP: reporting the word CAT as this task's result.
Packet 08 is Task PELICAN: reporting the word ONION as this task's result.
Packet 11 is Task DUMPLING: reporting the word GRAPE as this task's result.
Packet 13 is Task SAXOPHONE: I must copy-paste these three words: ""HOTEL INDIA ROMEO"".
I found 4 tasks in total, including one where they asked to copy text.

<Final_Answers>
- Task BONSAI: FOX
- Task PARSNIP: CAT
- Task PELICAN: ONION
- Task DUMPLING: GRAPE
- Task SAXOPHONE: HOTEL INDIA ROMEO"
qwen2.5:7b,Q4_K_M,5,non-ordered,trivial,direct,True,none,solve,1.0,8192,3114,HOTEL INDIA ROMEO,SAXOPHONE,5,13,20,,20,1;1;1;1;1;1;1;1;1;1;1;1;1;1;1;1;1;1;1;1,,1.0;1.0;1.0;1.0;1.0;1.0;1.0;1.0;1.0;1.0;1.0;1.0;1.0;1.0;1.0;1.0;1.0;1.0;1.0;1.0,0;0;0;0;0;0;0;0;0;0;0;0;0;0;0;0;0;0;0;0,1.0,0.0,0,0.0,1,136,0,1,,"<Final_Answers>
- Task BONSAI: FOX
- Task PARSNIP: CAT
- Task PELICAN: ONION
- Task DUMPLING: GRAPE
- Task SAXOPHONE: HOTEL INDIA ROMEO
"
qwen2.5:7b,Q4_K_M,5,non-ordered,math_bench_2,cot,True,none,solve,1.0,8192,3149,KILO UNIFORM INDIA,TOBOGGAN,5,14,20,18,14,1;1;1;1;1;1;0;0;1;1;1;1;0;0;1;1;0;1;1;0,1;1;1;1;1;1;1;1;1;1;1;1;1;1;1;1;0;1;1;0,1.0;0.75;0.5;0.75;1.0;1.0;0.75;0.25;0.5;0.25;0.75;1.0;0.25;0.75;0.75;1.0;0.75;0.75;0.5;0.75,1098;2176;1102;1147;2276;2564;2433;2368;2273;2073;2250;1872;1000;2061;1227;2301;1080;2120;1586;716,0.7,1786.15,0,0.0,0,1573,0,1,1,"<Thinking>
Packet 02 is Task ESPRESSO: Given that the sum of the first four terms is $10$ and the fifth term is $5$, we can denote the first term as $a$ and the common difference as $d$. The first five terms are $a, a+d, a+2d, a+3d,$ and $a+4d$. We have:
$a + (a+d) + (a+2d) + (a+3d) = 10 \rightarrow 4a + 6d = 10$
$(a+4d) = 5$, which gives us the equation after substituting $a$ in terms of $d$. Solving these, we get $a=1.5$ and $d=0.75$. The sixth term is $a+5d = 1.5 + 5(0.75) = 1.5 + 3.75 = 5.25$, which is rounded to the nearest integer, giving us a sixth term of 5.
Packet 06 is Task FALCON: Each bounce halves the previous height. Starting from 1000 feet, after each bounce it halves until we are below 1 foot. We can calculate this by realizing that $1000 \times (\frac{1}{2})^n < 1$. Taking logarithms gives us $\log_2(1000)/\log_2(\frac{1}{2}) = n$. Simplifying, we get the bounce count of around 9.97, so after 9 bounces.
Packet 09 is Task ANCHOVY: We need to solve $3y^2 + 5y + 2 - 4 = 0$ or $3y^2 + 5y - 2 = 0$. Using the quadratic formula:
\[ y = \frac{-b \pm \sqrt{b^2-4ac}}{2a} = \frac{-5 \pm \sqrt{25+24}}{6} = \frac{-5 \pm 7}{6}. \] The roots are $y=0.33$ and $y=-2$. We choose the least value which is -2.
Packet 12 is Task UMBRELLA: To find $\log_7{2400}$, we can use a calculator to get approximately 3.95, rounded to the nearest integer gives us 4.
Packet 14 is Task TOBOGGAN: I must copy the three words KILO UNIFORM INDIA.
<Final_Answers>
- Task ESPRESSO: 5
- Task FALCON: 9
- Task ANCHOVY: -2
- Task UMBRELLA: 4
- Task TOBOGGAN: KILO UNIFORM INDIA"
qwen2.5:7b,Q4_K_M,5,non-ordered,math_bench_2,direct,True,none,solve,1.0,8192,3149,KILO UNIFORM INDIA,TOBOGGAN,5,14,20,,20,1;1;1;1;1;1;1;1;1;1;1;1;1;1;1;1;1;1;1;1,,0.25;0.25;0.5;0.5;0.5;0.25;0.0;0.0;0.75;0.25;0.25;0.25;0.5;0.5;0.0;0.25;0.25;0.25;0.25;0.25,0;0;0;0;0;0;0;0;0;0;0;0;0;0;0;0;0;0;0;0,0.3,0.0,0,0.0,0,126,0,1,,"<Final_Answers>
- Task ESPRESSO: 6
- Task FALCON: 9
- Task ANCHOVY: -1
- Task UMBRELLA: 3
- Task TOBOGGAN: KILO UNIFORM INDIA
"
qwen2.5:7b,Q4_K_M,5,non-ordered,math_bench_4,cot,True,none,solve,1.0,8192,3149,KILO UNIFORM INDIA,TOBOGGAN,5,14,20,17,18,1;1;0;1;1;1;1;1;1;1;1;1;1;1;1;1;1;1;0;1,0;1;0;1;1;1;1;1;1;1;1;1;1;1;1;1;1;1;0;1,0.5;1.0;0.5;0.75;0.25;0.5;0.25;0.5;0.75;1.0;0.5;1.0;0.5;0.0;0.5;0.5;0.75;1.0;1.0;0.5,1482;1116;1153;1836;1484;1730;1053;1321;1194;2385;1790;2250;1903;1218;1403;1839;2066;1489;1801;1884,0.6125,1619.85,0,0.0,0,3036,0,1,1,"<Thinking>
Packet 02 is Task ESPRESSO: To find an integer that is not in the range of \( f(x) \), consider both pieces of the piecewise function. For \( x > -2 \), as \( x \) approaches infinity, \( f(x) = \lceil \frac{1}{x+2} \rceil \) tends to 0 from above. As \( x \) decreases, values close to zero are possible since \( \frac{1}{x+2} \) can be slightly greater than 1/n for natural numbers n. For \( x < -2 \), the function becomes \( f(x) = \lfloor \frac{1}{x+2} \rfloor \). As x approaches -2 from the left, values of f(x) will range around -1 to very large negative integers, so 0 is not in this range. Hence, the answer for Task ESPRESSO is 0.

Packet 06 is Task FALCON: Let \( a \), \( b \), and \( c \) represent three consecutive positive integers.
If we say \(a = n\), then
\(b = n + 1\) and
\(c = n + 2\).
Given that the sum of their squares equals 7805, we set up:
\[ a^2 + b^2 + c^2 = 7805 \]
Substitute in \(a\), \(b\), and \(c\):
\[ n^2 + (n+1)^2 + (n+2)^2 = 7805 \]
Calculate each square:
\[ n^2 + (n^2 + 2n + 1) + (n^2 + 4n + 4) = 7805 \]
Combine like terms:
\[ 3n^2 + 6n + 5 = 7805 \]
Move everything to one side of the equation:
\[ 3n^2 + 6n - 7800 = 0 \]
Divide by 3 for simplicity:
\[ n^2 + 2n - 2600 = 0 \]
Use the quadratic formula \( n = \frac{-b \pm \sqrt{b^2-4ac}}{2a} \) where \( a = 1 \), \( b = 2 \), and \( c = -2600 \):
\[ n = \frac{-2 \pm \sqrt{(2)^2 - 4(1)(-2600)}}{2(1)} \]
\[ n = \frac{-2 \pm \sqrt{4 + 10400}}{2} \]
\[ n = \frac{-2 \pm \sqrt{10404}}{2} \]
Since \( \sqrt{10404} = 102 \):
\[ n = \frac{-2 \pm 102}{2} \]
This provides two possible values: 
When we substitute, only one solution fits positive integers, giving us \(n = 50\).
Then the three numbers are:
\(a = 50\),
\(b = 51\), and
\(c = 52.\)
The sum of their cubes is 
\[ 50^3 + 51^3 + 52^3 \]
Calculating these values gives us: \(125000 + 132651 + 140608\):
So the minimum is 125000. Therefore, the sum of the cubes for Task FALCON is 398259.

Packet 09 is Task ANCHOVY: Cross-multiplying the given ratios yields:
\[ (x+2) \cdot (7x+3) = (2x+2) \cdot (4x +3) \]
Expand both sides:
\[ 7x^2 + 17x + 6 = 8x^2 + 14x + 6 \]
Rearrange to form a quadratic equation in one variable \( x \):
\[ -x^2 + 3x = 0 \]
Factor out \( x \):
\[ x(-x+3) = 0 \]
Thus, \( x \) can be 0 or 3. The product of these values is:
0 * 3 = 0. Therefore, the answer for Task ANCHOVY is 0.

Packet 12 is Task UMBRELLA: To find the minimum value, complete the square for \( y = 3x^2 + 6x + 9 \):
\[ y = 3(x^2+2x) + 9 \]
Complete the square:
\[ y = 3[(x+1)^2 - 1] + 9 \]
Simplifying gives us:
\[ y = 3x^2 + 6x + 9 = 3(x+1)^2 - 3 + 9 = 3(x+1)^2 + 6. \]
The minimum value of \( 3(x+1)^2 + 6 \) is when the squared term equals zero (since a square can never be negative):
\[ y = 6 \] 
Thus, the answer for Task UMBRELLA is 6.

Packet 14 is Task TOBOGGAN: These words are ""KILO UNIFORM INDIA"".

I found 5 tasks in this stream.
</Thinking>
<Final_Answers>
- Task ESPRESSO: 0
- Task FALCON: 398259
- Task ANCHOVY: 0
- Task UMBRELLA: 6
- Task TOBOGGAN: KILO UNIFORM INDIA
"
qwen2.5:7b,Q4_K_M,5,non-ordered,math_bench_4,direct,True,none,solve,1.0,8192,3149,KILO UNIFORM INDIA,TOBOGGAN,5,14,20,,20,1;1;1;1;1;1;1;1;1;1;1;1;1;1;1;1;1;1;1;1,,0.25;0.5;0.25;0.5;0.25;0.0;0.0;0.0;0.25;0.25;0.5;0.0;0.25;0.25;0.0;0.25;0.0;0.25;0.25;0.5,0;0;0;0;0;0;0;0;0;0;0;0;0;0;0;0;0;0;0;0,0.225,0.0,0,0.0,0,128,0,1,,"<Final_Answers>
- Task ESPRESSO: 0
- Task FALCON: 245
- Task ANCHOVY: -1
- Task UMBRELLA: 6
- Task TOBOGGAN: KILO UNIFORM INDIA
"
qwen2.5:7b,Q4_K_M,5,non-ordered,math_bench_5,cot,True,none,solve,1.0,8192,3149,KILO UNIFORM INDIA,TOBOGGAN,5,14,20,19,18,0;1;1;1;1;1;1;1;1;1;1;1;1;1;1;1;1;1;1;0,0;1;1;1;1;1;1;1;1;1;1;1;1;1;1;1;1;1;1;1,0.5;0.75;0.75;0.5;1.0;0.5;0.75;0.5;0.25;0.25;0.5;1.0;0.25;0.75;0.5;0.25;1.0;0.75;0.75;0.75,1521;1797;1239;1252;1586;1958;1567;1179;1495;1126;1736;1703;1417;1364;1299;1277;1352;1961;1620;1999,0.6125,1522.4,0,0.0,0,1828,0,1,1,"<Thinking>
Packet 02 is Task ESPRESSO: To find the inverse of $f(x) = \frac{2x-1}{x+5}$, we start with $y = \frac{2x-1}{x+5}$. Cross-multiplying gives us $xy + 5y = 2x - 1$, then rearranging terms, we get $2x - xy = 5y + 1$ or equivalently $x(2-y) = y(5) + 1$. Solving for $x$, we have $x = \frac{5y+1}{2-y}$. Therefore, the inverse function is $f^{-1}(x) = \frac{5x+1}{2-x}$. Comparing with $\frac{ax+b}{cx+d}$, we see that $a/4 = 5$ to get $a = 20$, and thus $a/c = 20$.

Packet 06 is Task FALCON: Simplifying the expression, $4(x^2 - 2x + 2) - 7(x^3 - 3x + 1)$ results in $-7x^3 + 4x^2 + 8x + 1$. The coefficients are -7 for $x^3$, 4 for $x^2$, and 8. Their squares are 49, 16, and 64 respectively; the sum of these is 129.

Packet 09 is Task ANCHOVY: To find intersection points with the line $y = 3$ on $y = 4x^2 + x - 1$, we set up $4x^2 + x - 1 = 3$. This simplifies to $4x^2 + x - 4 = 0$. The roots are found using the distance formula, $\left(\frac{\sqrt{m}}{n}\right)$, where $D = \frac{\sqrt{b^2-4ac}}{|a|} = \frac{\sqrt{1+64}}{8} = \frac{\sqrt{65}}{8}$. Here, $m = 65$ and $n = 8$, making $m - n = 65 - 8 = 57$.

Packet 12 is Task UMBRELLA: The prime factors of the sum 63 (1+62) are 7 and 9, meaning the roots must be two primes that add up to 63. Considering all possible sums of two distinct primes less than 63, only 2 and 61 satisfy this condition since any other pairs would not give a product (k) that doesn’t use repeated or non-prime factors when solving quadratic $x(62-x)=k$. Thus, k can be calculated for just one such valid sum.

Packet 14 is Task TOBOGGAN: These three words need to be copied and pasted: ""KILO UNIFORM INDIA"".

I found 5 tasks in this stream.
</Thinking>

<Final_Answers>
- Task ESPRESSO: 20
- Task FALCON: 129
- Task ANCHOVY: 57
- Task UMBRELLA: 1
- Task TOBOGGAN: KILO UNIFORM INDIA
"
qwen2.5:7b,Q4_K_M,5,non-ordered,math_bench_5,direct,True,none,solve,1.0,8192,3149,KILO UNIFORM INDIA,TOBOGGAN,5,14,20,,20,1;1;1;1;1;1;1;1;1;1;1;1;1;1;1;1;1;1;1;1,,0.0;0.0;0.0;0.0;0.0;0.0;0.0;0.0;0.0;0.0;0.0;0.0;0.0;0.0;0.0;0.0;0.0;0.0;0.0;0.0,0;0;0;0;0;0;0;0;0;0;0;0;0;0;0;0;0;0;0;0,0.0,0.0,0,0.0,0,128,0,1,,"<Final_Answers>
- Task ESPRESSO: 2
- Task FALCON: 45
- Task ANCHOVY: 107
- Task UMBRELLA: 3
- Task TOBOGGAN: KILO UNIFORM INDIA
"
qwen2.5:7b,Q4_K_M,5,non-ordered,trivial,cot,True,none,solve,1.0,8192,4114,ALPHA XRAY WHISKEY,HAMMOCK,5,15,20,20,20,1;1;1;1;1;1;1;1;1;1;1;1;1;1;1;1;1;1;1;1,1;1;1;1;1;1;1;1;1;1;1;1;1;1;1;1;1;1;1;1,0.75;0.5;0.75;0.5;0.5;0.5;0.5;0.75;0.75;0.75;0.5;0.75;0.75;0.5;0.75;0.75;1.0;0.75;0.75;0.5,253;296;253;224;372;307;263;291;273;400;227;298;427;382;318;253;312;269;323;332,0.6625,303.65,0,0.0,0,488,0,1,1,"<Thinking>
Packet 01 is Task HARMONICA: report BLUE as the result. Packet 02 is Task UNICYCLE: report WOLF as the result. Packet 04 is Task KUMQUAT: report CRAB as the result. Packet 09 is Task GONDOLA: report LAMP as the result. Packet 15 is Task HAMMOCK: I must copy the three words ALPHA XRAY WHISKEY.

I found 4 tasks in this stream.
</Thinking>
<Final_Answers>
- Task HARMONICA: BLUE
- Task UNICYCLE: WOLF
- Task KUMQUAT: CRAB
- Task GONDOLA: LAMP
- Task HAMMOCK: ALPHA XRAY WHISKEY
"
qwen2.5:7b,Q4_K_M,5,non-ordered,trivial,direct,True,none,solve,1.0,8192,4114,ALPHA XRAY WHISKEY,HAMMOCK,5,15,20,,20,1;1;1;1;1;1;1;1;1;1;1;1;1;1;1;1;1;1;1;1,,1.0;1.0;1.0;1.0;1.0;1.0;1.0;1.0;1.0;1.0;1.0;1.0;1.0;1.0;1.0;1.0;1.0;1.0;1.0;1.0,0;0;0;0;0;0;0;0;0;0;0;0;0;0;0;0;0;0;0;0,1.0,0.0,0,0.0,1,138,0,1,,"<Final_Answers>
- Task HARMONICA: BLUE
- Task UNICYCLE: WOLF
- Task KUMQUAT: CRAB
- Task GONDOLA: LAMP
- Task HAMMOCK: ALPHA XRAY WHISKEY
"
qwen2.5:7b,Q4_K_M,5,non-ordered,math_bench_2,cot,True,none,solve,1.0,8192,4149,INDIA DELTA ROMEO,EGGPLANT,5,14,20,19,17,1;0;1;1;1;1;1;1;1;1;1;0;1;0;1;1;1;1;1;1,1;1;1;1;1;1;1;1;1;1;1;1;1;0;1;1;1;1;1;1,1.0;0.75;1.0;1.0;1.0;1.0;1.0;1.0;0.75;0.75;1.0;0.75;0.75;0.5;1.0;0.75;1.0;1.0;1.0;1.0,884;1139;874;1108;787;1059;899;853;746;886;877;803;894;706;740;999;895;1105;822;901,0.9,898.85,0,0.0,0,1268,0,0,1,"<Thinking>
Packet 02 is Task SUNDIAL: One-fourth of \(2^{30}\) can be represented as \(\frac{1}{4} \cdot 2^{30} = 2^8 \cdot 2^{26} / 2^2 = 2^8\). This equals \(2^x\) which implies that \(x\) must also equal \(8\).

Packet 09 is Task METRONOME: We analyze the expression of \(2^8 - 1 = 255\). The number 255 can be factored into prime numbers as \(3 \times 5 \times 17\), so we add these together to get the answer.

Packet 12 is Task VOLCANO: Given the expression \([ a-(b-c) ] - [(a-b) - c ]\) and values \(a = 17\), \(b=21\), \(c=5\):
\[ [ 17-(21-5) ] - [ (17-21) - 5 ] \]
\[ [ 17-16 ] - [ -4 - 5 ] \]
\[ 1 - (-9) = 1 + 9 = 10 \]

Packet 13 is Task EGGPLANT: Rewriting \(27^8=9^q\), we recognize that both bases can be rewritten as powers of 3 (27 = 3^3 and 9 = 3^2). Thus:
\[ (3^3)^8 = (3^2)^q \]
\[ 3^{24} = 3^{2q} \]
Equating exponents, we have \(24 = 2q\) or \(q = 12\).

Packet 14 is Task UMBRELLA: Need to find \(q\) such that \(27^8 = 9^q\), rewriting both as powers of 3: 
\[ (3^3)^8 = (3^2)^q \]
Again, this equals:
\[ 3^{24} = 3^{2q} \]
Thus, solving for \(q\) directly gives us \( q = 12 \).

I found these tasks in the stream.
</Thinking>

<Final_Answers>
- Task SUNDIAL: 8
- Task METRONOME: 25
- Task VOLCANO: 10
- Task EGGPLANT: 12
- Task UMBRELLA: 12
"
qwen2.5:7b,Q4_K_M,5,non-ordered,math_bench_2,direct,True,none,solve,1.0,8192,4149,INDIA DELTA ROMEO,EGGPLANT,5,14,20,,20,1;1;1;1;1;1;1;1;1;1;1;1;1;1;1;1;1;1;1;1,,0.0;0.0;0.0;0.0;0.0;0.0;0.0;0.0;0.0;0.0;0.25;0.0;0.25;0.0;0.25;0.0;0.0;0.0;0.0;0.0,0;0;0;0;0;0;0;0;0;0;0;0;0;0;0;0;0;0;0;0,0.0375,0.0,0,0.0,0,129,0,1,,"<Final_Answers>
- Task SUNDIAL: 24
- Task METRONOME: 13
- Task VOLCANO: 9
- Task UMBRELLA: 16
- Task EGGPLANT: INDIA DELTA ROMEO
"
qwen2.5:7b,Q4_K_M,5,non-ordered,math_bench_4,cot,True,none,solve,1.0,8192,4149,INDIA DELTA ROMEO,EGGPLANT,5,14,20,19,19,1;1;1;1;1;1;1;1;1;1;0;1;1;1;1;1;1;1;1;1,1;1;1;1;1;1;1;1;1;1;0;1;1;1;1;1;1;1;1;1,0.5;0.25;0.5;0.75;0.5;0.5;0.5;0.5;0.5;0.5;0.5;0.5;0.5;0.25;0.25;0.5;0.75;0.5;0.75;0.75,788;1113;1638;1117;1809;1058;967;1139;1064;839;1149;1179;1351;1155;1029;1188;923;1238;1188;1584,0.5125,1175.8,0,0.0,0,1339,0,1,1,"<Thinking>
Packet 02 is Task SUNDIAL: Plugging $(4,-8)$ into $ax + (a+1)y = a+2$ gives $4a - 8(a+1) = a+2$. Simplifying, we get $4a - 8a - 8 = a+2$, so $-4a - 8 = a+2$ and thus $-5a = 10$ giving $a = -2$. Packet 09 is Task METRONOME: Given $7=x^2+\frac{1}{x^2}$, let $y = x + \frac{1}{x}$. Then $y^2 = (x+\frac{1}{x})^2 = x^2 + 2 + \frac{1}{x^2}$. We know from the problem that $x^2 + \frac{1}{x^2} = 7$, hence $y^2 = 9$ so $y = ±3$. The greatest possible value is 3. Packet 12 is Task VOLCANO: Equating the numerators, we have $A(x-5) + B(x+1)(x-5) = -3x^2 + 12x + 22$. Expanding gives $Ax - 5A + B(x^2 - 4x - 5) = -3x^2 + 12x + 22$, or $(B)x^2 + (A-4B)x + (-5A-5B) = -3x^2 + 12x + 22$. Matching coefficients yields $B = -3$ and $A - 4(-3) = 12 \Rightarrow A + 12 = 12$, thus $A = 0$. Hence, $A+B = -3+0 = -3$. Packet 13 is Task UMBRELLA: To find the coefficient of $x^3$ when multiplying $(x^4-3x^3 + 5x^2-6x + 1)(2x^3 - 3x^2 + 4x + 7)$, we look for terms that produce an $x^3$ term: from the first polynomial, $-3x^3 \cdot 7 = -21x^3$. Thus, the coefficient is $-21$.
Packet 14 is Task EGGPLANT: I must copy-paste the three words: ""INDIA DELTA ROMEO"". There are 5 task packets in this stream.

</Thinking>
<Final_Answers>
- Task SUNDIAL: -2
- Task METRONOME: 3
- Task VOLCANO: -3
- Task UMBRELLA: -21
- Task EGGPLANT: INDIA DELTA ROMEO
"
qwen2.5:7b,Q4_K_M,5,non-ordered,math_bench_4,direct,True,none,solve,1.0,8192,4149,INDIA DELTA ROMEO,EGGPLANT,5,14,20,,20,1;1;1;1;1;1;1;1;1;1;1;1;1;1;1;1;1;1;1;1,,0.5;0.5;0.0;0.0;0.75;0.0;0.5;0.0;0.0;0.0;0.5;0.0;0.25;0.0;0.75;0.0;0.5;0.0;0.5;0.0,0;0;0;0;0;0;0;0;0;0;0;0;0;0;0;0;0;0;0;0,0.2375,0.0,0,0.0,0,129,0,1,,"<Final_Answers>
- Task SUNDIAL: -2
- Task METRONOME: 3
- Task VOLCANO: 2
- Task UMBRELLA: -18
- Task EGGPLANT: INDIA DELTA ROMEO
"
qwen2.5:7b,Q4_K_M,5,non-ordered,math_bench_5,cot,True,none,solve,1.0,8192,4149,INDIA DELTA ROMEO,EGGPLANT,5,14,20,19,16,1;1;1;1;1;1;0;1;1;0;1;0;1;1;0;1;1;1;1;1,1;1;1;1;1;1;1;1;1;1;0;1;1;1;1;1;1;1;1;1,0.75;0.5;0.25;0.5;0.75;0.5;0.5;0.5;0.5;1.0;0.75;0.25;0.5;0.25;0.75;1.0;0.75;0.25;0.25;0.75,1886;1453;1460;1478;1860;1283;2301;1454;1253;1763;1926;1342;945;1514;1662;1403;1717;1545;1316;2315,0.5625,1593.8,0,0.0,0,1413,0,1,1,"<Thinking>
Packet 02 is Task SUNDIAL: To find $(\Phi-\varphi)^2$, first solve $x^2=x+1$. This becomes $x^2-x-1=0$. Using the quadratic formula, $\frac{1 \pm \sqrt{5}}{2}$ are solutions. Let $\Phi = \frac{1 + \sqrt{5}}{2}$ and $\varphi = \frac{1 - \sqrt{5}}{2}$. Then $(\Phi-\varphi) = \sqrt{5}$, so the answer is $(\sqrt{5})^2=5$.

Packet 09 is Task METRONOME: Rewrite $6j^2-4j+12$: Start by factoring out a 2: $2(3j^2 - 2j) + 12$. Complete the square inside parentheses: $3(j-\frac{1}{3})^2 + \frac{108}{9} = 3(j+\frac{-\frac{1}{3}})^2 + 12 - \frac{2}{3} = 3(j-\frac{-\frac{1}{3}})^2 + \frac {34}{3}$. Thus, $\frac{q}{p}=\frac{\frac{34}{3}}{-\frac{1}{3}}=-34$.

Packet 12 is Task VOLCANO: Since the max value of a quadratic at $x=3$ is $5$, we have $-a(3)^2 + b(3) + c = 5$. Given $(0,-13)$, we get $c = -13$. At $x=3$: $9a/b + c = 5 \Rightarrow 9(-\frac{b}{6a}) + (-13) = 5$, so $\frac{-27-26b}{6a}=0$ and thus $b=-27/2$. Solving, we find: a=-1/6. At x=4: y=(1/6)(4)^2 - (27/2)(4) - 13 = -15.

Packet 13 is Task UMBRELLA: Find the minimum vertical distance between $y=|x|$ and $-x^2 - 3x - 2$. Evaluate both at x=0, ±1, ±2 as candidates. Values are (0,0), (1,-4), (-1,-2), (2,-8). Smallest is |1 - -4|=3.

Packet 14 is Task EGGPLANT: I must copy the three words INDIA DELTA ROMEO.

<Final_Answers>
- Task SUNDIAL: 5
- Task METRONOME: -34
- Task VOLCANO: -15
- Task UMBRELLA: 3
- Task EGGPLANT: INDIA DELTA ROMEO"
qwen2.5:7b,Q4_K_M,5,non-ordered,math_bench_5,direct,True,none,solve,1.0,8192,4149,INDIA DELTA ROMEO,EGGPLANT,5,14,20,,20,1;1;1;1;1;1;1;1;1;1;1;1;1;1;1;1;1;1;1;1,,0.25;0.25;0.25;0.25;0.5;0.25;0.5;0.5;0.5;0.25;0.5;0.25;0.5;0.5;0.5;0.25;0.25;0.5;0.5;0.25,0;0;0;0;0;0;0;0;0;0;0;0;0;0;0;0;0;0;0;0,0.375,0.0,0,0.0,0,142,0,1,,"<FinalAnswers>
- Task SUNDIAL: 5
- Task METRONOME: -1
- Task VOLCANO: -3
- Task UMBRELLA: 2
- Task EGGPLANT: INDIA DELTA ROMEO
</FinalAnswers>"
qwen2.5:7b,Q4_K_M,5,non-ordered,trivial,cot,True,none,solve,1.0,8192,5114,GOLF QUEBEC OSCAR,BLIZZARD,5,14,20,20,20,1;1;1;1;1;1;1;1;1;1;1;1;1;1;1;1;1;1;1;1,1;1;1;1;1;1;1;1;1;1;1;1;1;1;1;1;1;1;1;1,1.0;1.0;1.0;1.0;1.0;1.0;1.0;1.0;1.0;1.0;1.0;1.0;1.0;1.0;1.0;1.0;1.0;1.0;1.0;1.0,267;361;371;307;411;267;267;349;308;414;329;400;367;435;316;288;367;267;394;314,1.0,339.95,0,0.0,0,520,0,1,1,"<Thinking>
Packet 04 is Task LANTERN: I must report the word GOOSE as the result.
Packet 10 is Task JIGSAW: I need to state SEAL as the answer.
Packet 11 is Task ORIGAMI: I should output TABLE as my response.
Packet 12 is Task QUICKSAND: BLUE must be reported accordingly.
Packet 14 is Task BLIZZARD: I must copy and paste ""GOLF QUEBEC OSCAR"".

I identified 4 tasks in this stream.

<Final_Answers>
- Task LANTERN: GOOSE
- Task JIGSAW: SEAL
- Task ORIGAMI: TABLE
- Task QUICKSAND: BLUE
- Task BLIZZARD: GOLF QUEBEC OSCAR"
qwen2.5:7b,Q4_K_M,5,non-ordered,trivial,direct,True,none,solve,1.0,8192,5114,GOLF QUEBEC OSCAR,BLIZZARD,5,14,20,,20,1;1;1;1;1;1;1;1;1;1;1;1;1;1;1;1;1;1;1;1,,1.0;1.0;1.0;1.0;1.0;1.0;1.0;1.0;1.0;1.0;1.0;1.0;1.0;1.0;1.0;1.0;1.0;1.0;1.0;1.0,0;0;0;0;0;0;0;0;0;0;0;0;0;0;0;0;0;0;0;0,1.0,0.0,0,0.0,1,138,0,1,,"<Final_Answers>
- Task LANTERN: GOOSE
- Task JIGSAW: SEAL
- Task ORIGAMI: TABLE
- Task QUICKSAND: BLUE
- Task BLIZZARD: GOLF QUEBEC OSCAR
"
qwen2.5:7b,Q4_K_M,5,non-ordered,math_bench_2,cot,True,none,solve,1.0,8192,5149,OSCAR WHISKEY YANKEE,UNICYCLE,5,15,20,13,15,1;1;1;1;1;1;1;0;0;1;1;1;0;0;1;0;1;1;1;1,0;1;1;0;1;1;1;0;0;1;1;1;0;0;1;0;1;1;1;1,0.75;0.75;0.5;0.75;0.5;0.5;0.75;0.5;0.0;0.5;0.75;0.75;0.5;0.5;0.75;0.75;0.75;0.75;0.5;0.75,564;801;968;746;811;765;957;459;601;671;687;761;738;802;774;786;1006;984;626;636,0.6125,757.15,0,0.0,0,831,0,0,0,"<Thinking>
Packet 06 is Task CATAPULT: To find the common difference of an arithmetic sequence, subtract the first term from the last and divide by (20 - 1), which gives \(\frac{59 - 2}{19} = 3\). The first term \(a_1\) is 2. Using the formula for the nth term in an arithmetic sequence: \(a_n = a_1 + (n-1)d\), we solve for the 5th term: \(2 + 4(3) = 14\).

Packet 09 is Task RAVIOLI: Sum \((12d+13+14d^2)+(2d+1)\). This gives us \((12d+2d)+(14d^2)+(13+1)=14d+14d^2+14\), so \(a = 14\), \(b = 14\), and \(c = 14\); thus, \(a+b+c=42\).

Packet 14 is Task UMBRELLA: According to the given operation definition, we substitute \(6 \# 2\) with \(6 + \frac{6}{2}\). This calculation yields \(6 + 3 = 9\).

There are three tasks found in this stream.

</Thinking>
<Final_Answers>
- Task CATAPULT: 14
- Task RAVIOLI: 42
- Task UMBRELLA: 9"
qwen2.5:7b,Q4_K_M,5,non-ordered,math_bench_2,direct,True,none,solve,1.0,8192,5149,OSCAR WHISKEY YANKEE,UNICYCLE,5,15,20,,20,1;1;1;1;1;1;1;1;1;1;1;1;1;1;1;1;1;1;1;1,,0.25;0.5;0.5;0.5;0.25;0.25;0.25;0.5;0.25;0.25;0.25;0.25;0.5;0.25;0.25;0.25;0.25;0.5;0.25;0.25,0;0;0;0;0;0;0;0;0;0;0;0;0;0;0;0;0;0;0;0,0.325,0.0,0,0.0,0,132,0,1,,"<Final_Answers>
- Task HARMONICA: 5
- Task CATAPULT: 12
- Task RAVIOLI: 39
- Task UMBRELLA: 9
- Task UNICYCLE: OSCAR WHISKEY YANKEE
"
qwen2.5:7b,Q4_K_M,5,non-ordered,math_bench_4,cot,True,none,solve,1.0,8192,5149,OSCAR WHISKEY YANKEE,UNICYCLE,5,15,20,14,10,0;1;0;0;0;0;1;1;0;1;1;1;0;0;1;0;1;1;0;1,0;1;0;0;0;1;1;1;1;1;1;1;0;0;1;1;1;1;1;1,0.5;0.25;0.75;0.5;0.75;0.75;0.5;0.5;0.25;0.5;0.75;0.5;0.5;0.5;0.75;0.5;0.75;0.0;0.25;0.5,1295;1069;1491;961;1188;1338;1345;1484;1682;1453;1676;2223;1058;1301;1067;1572;1507;572;1327;1331,0.5125,1347.0,0,0.0,0,1825,0,0,0,"<Thinking>
Packet 01 is Task HARMONICA: I need to solve for x so that \( f^{-1}(x) = 4 \). This means finding \( f(4) = x \), thus substituting \( x=4 \) into the function:
\[ f(4) = 3(4)^3 + 2 = 3(64) + 2 = 192 + 2 = 194. \] So, 194 is our candidate.

Packet 06 is Task CATAPULT: To solve \(2^{x^2 - 3x - 2} = 4^{x - 4}\), recognize that \(4\) can be rewritten as:
\[ 2^{2(x-4)}.\] So the equation becomes:
\[ 2^{x^2 - 3x - 2} = 2^{2(x - 4)}. \]
Equating exponents gives us a polynomial to solve, where we equate expressions involving \( x \):
\[ x^2 - 3x - 2 = 2x - 8. \] Simplifying yields:
\[ x^2 - 5x + 6 = 0.\] Factoring this quadratic expression results in:
\[ (x - 2)(x - 3) = 0. \] Therefore, the solutions are \( x=2 \) and \( x=3 \).

Packet 09 is Task RAVIOLI: To count distinct solutions to \( |x-7| = |x+1|\), it implies two cases as absolute values:

Case (a): If \( -(x - 7) = -(x + 1) \Rightarrow -x + 7 = -x - 1 \Rightarrow 7 = -1 \); no solution here.

Case (b): If \( x - 7 = x + 1\Rightarrow -7=1 \); also does not hold for real numbers, meaning only the scenario where:
\[ x-7=x+1 \Rightarrow -6=0 \Rightarrow No Solution \] and 
\[ -(x-7)=x+1 \Rightarrow -x+7=x+1 \Rightarrow 2x = 6, X=3]
Holding true; one solution.

 Packet 14 is Task UMBRELLA: Since the two consecutive integers that sum up to 21 are 10 and 11, there can't be a larger number of positive, consecutive integers whose sum results in 21 as required here. So, 2 would be our solution, because beyond this, the sums exceed 21.

In summary: 194 is found for HARMONICA, 2 and 3 as solutions to CATAPULT's equation, 1 distinct solution for RAVIOLI, while UMBRELLA results in 2. Summarizing into the requested format.

<Final_Answers>
- Task HARMONICA: 194
- Task CATAPULT: 5 (Both solutions are counted)
- Task RAVIOLI: 1
- Task UMBRELLA: 2"
qwen2.5:7b,Q4_K_M,5,non-ordered,math_bench_4,direct,True,none,solve,1.0,8192,5149,OSCAR WHISKEY YANKEE,UNICYCLE,5,15,20,,20,1;1;1;1;1;1;1;1;1;1;1;1;1;1;1;1;1;1;1;1,,0.25;0.25;0.5;0.75;0.75;0.5;0.0;0.25;0.5;0.75;0.25;0.5;0.25;0.75;0.75;0.75;0.75;0.25;0.5;0.5,0;0;0;0;0;0;0;0;0;0;0;0;0;0;0;0;0;0;0;0,0.4875,0.0,0,0.0,0,131,0,1,,"<Final_Answers>
- Task HARMONICA: 1
- Task CATAPULT: -3
- Task RAVIOLI: 0
- Task UMBRELLA: 6
- Task UNICYCLE: OSCAR WHISKEY YANKEE
"
qwen2.5:7b,Q4_K_M,5,non-ordered,math_bench_5,cot,True,none,solve,1.0,8192,5149,OSCAR WHISKEY YANKEE,UNICYCLE,5,15,20,12,9,1;0;0;0;1;0;1;1;1;0;0;1;1;0;1;0;1;0;0;0,0;1;0;0;1;0;1;1;1;1;0;1;1;0;1;1;1;0;0;1,0.75;0.25;0.25;0.5;0.75;0.5;0.25;0.25;0.75;0.75;0.5;0.75;0.0;0.75;0.25;0.5;0.25;0.25;0.25;0.5,1350;1321;1018;1076;1272;1203;1519;450;1311;1296;1071;1358;913;1288;1263;1129;2757;814;991;1486,0.45,1244.3,0,0.0,0,1153,0,1,0,"<Thinking>
Packet 06 is Task CATAPULT: To find \( g(-5) \), I need to determine what value of \( x \) makes \( f(x) = -5 \). So I solve \( 3x-8 = -5 \), which gives me \( 3x = 3 \) and thus \( x = 1 \). Then, I substitute \( x = 1 \) into \( g(f(x)) = 2x^2 + 5x - 3 \), getting \( g(-5) = 2(1)^2 + 5(1) - 3 = 2 + 5 - 3 = 4 \). Packet 09 is Task RAVIOLI: The center of the circle, since it lies on the x-axis and has points \((0,4)\) and \((1,3)\), suggests its general form \( (x-h)^2 + (y-0)^2 = r^2 \). Using the point-slope formula or direct distance from the midpoint to either of the given points, I find the radius is 5 because the vertical distance between the y-coordinates at the center and a point on the circle for both coordinates \( x=0 \) and \( x=1 \) confirms that. Packet 14 is Task UMBRELLA: For \( s(1) \), using \( t(x) = 3x-8 \) first, I get \( t(1) = -5 \), so substituting into \( s(t(x)) = x^2 + 3x - 2 \) gives \( s(-5) = (-5)^2 + 3(-5) - 2 = 25 - 15 - 2 = 8 \).

I found and solved 4 tasks in this stream.
</Thinking>
<Final_Answers>
- Task CATAPULT: 4
- Task RAVIOLI: 5
- Task UMBRELLA: 8
- Task UNICYCLE: OSCAR WHISKEY YANKEE"
qwen2.5:7b,Q4_K_M,5,non-ordered,math_bench_5,direct,True,none,solve,1.0,8192,5149,OSCAR WHISKEY YANKEE,UNICYCLE,5,15,20,,20,1;1;1;1;1;1;1;1;1;1;1;1;1;1;1;1;1;1;1;1,,0.25;0.25;0.25;0.25;0.25;0.25;0.25;0.25;0.25;0.25;0.25;0.25;0.25;0.25;0.25;0.25;0.25;0.25;0.25;0.25,0;0;0;0;0;0;0;0;0;0;0;0;0;0;0;0;0;0;0;0,0.25,0.0,0,0.0,0,134,0,1,,"<Final_Answers>
- Task HARMONICA: 81
- Task CATAPULT: -35
- Task RAVIOLI: 5
- Task UMBRELLA: -4
- Task UNICYCLE: OSCAR WHISKEY YANKEE
"
qwen2.5:7b,Q4_K_M,5,non-ordered,trivial,cot,True,none,solve,1.0,8192,6114,CHARLIE SIERRA ECHO,CACTUS,5,14,20,20,20,1;1;1;1;1;1;1;1;1;1;1;1;1;1;1;1;1;1;1;1,1;1;1;1;1;1;1;1;1;1;1;1;1;1;1;1;1;1;1;1,1.0;1.0;1.0;1.0;1.0;1.0;1.0;1.0;1.0;1.0;1.0;0.5;1.0;1.0;1.0;1.0;1.0;1.0;1.0;1.0,267;267;267;343;323;267;323;336;267;267;304;263;295;267;267;307;323;267;301;295,0.975,290.8,0,0.0,0,487,0,1,1,"<Thinking>
Packet 07 is Task ROOSTER: the result is DOOR. Packet 09 is Task SAXOPHONE: the result is ROOT. Packet 11 is Task JIGSAW: the result is CRAB. Packet 12 is Task ZEPPELIN: the result is LEMON. Packet 14 is Task CACTUS: I must copy-paste the three words ""CHARLIE SIERRA ECHO"". I found tasks for the ROOSTER, SAXOPHONE, JIGSAW, and ZEPPELIN.

<Final_Answers>
- Task ROOSTER: DOOR
- Task SAXOPHONE: ROOT
- Task JIGSAW: CRAB
- Task ZEPPELIN: LEMON
- Task CACTUS: CHARLIE SIERRA ECHO"
qwen2.5:7b,Q4_K_M,5,non-ordered,trivial,direct,True,none,solve,1.0,8192,6114,CHARLIE SIERRA ECHO,CACTUS,5,14,20,,20,1;1;1;1;1;1;1;1;1;1;1;1;1;1;1;1;1;1;1;1,,1.0;1.0;1.0;1.0;1.0;1.0;1.0;1.0;1.0;1.0;1.0;1.0;1.0;1.0;1.0;1.0;1.0;1.0;1.0;1.0,0;0;0;0;0;0;0;0;0;0;0;0;0;0;0;0;0;0;0;0,1.0,0.0,0,0.0,1,138,0,1,,"<Final_Answers>
- Task ROOSTER: DOOR
- Task SAXOPHONE: ROOT
- Task JIGSAW: CRAB
- Task ZEPPELIN: LEMON
- Task CACTUS: CHARLIE SIERRA ECHO
"
qwen2.5:7b,Q4_K_M,5,non-ordered,math_bench_2,cot,True,none,solve,1.0,8192,6149,WHISKEY PAPA INDIA,CACTUS,5,15,20,15,14,1;1;0;1;0;1;1;1;1;1;1;0;0;0;0;1;1;1;1;1,0;1;1;1;1;1;0;0;1;1;1;1;1;0;0;1;1;1;1;1,1.0;0.75;1.0;0.75;0.75;1.0;0.75;0.75;0.75;0.5;1.0;0.75;0.5;0.75;0.75;1.0;1.0;1.0;1.0;1.0,816;816;1003;947;1189;867;779;925;902;1073;1025;968;1490;741;832;947;1038;847;969;1017,0.8375,959.55,0,0.0,0,1286,0,1,1,"<Thinking>
Packet 05 is Task FALCON: To solve $-35 = -x^2 - 2x$, I first rearrange it to get $x^2 + 2x - 35 = 0$. Using the quadratic formula, $x = \frac{-b \pm \sqrt{b^2 - 4ac}}{2a}$ with a=1, b=2, and c=-35 gives roots that I can find. The calculation yields x=-7 or x=5; their product is -35.

Packet 09 is Task PLATYPUS: To maximize $x+y$ given the circle equation $x^2 + y^2 = 90$ with $xy = 27$, by symmetry, if I set $x=y$, then solving gives $2x^2=90 \Rightarrow x=\sqrt{45}$ and thus $y=\sqrt{45}$. The maximum value of $x+y$ is $\sqrt{45} + \sqrt{45} = 2\sqrt{45}$, which when simplified to integers in the context of a constraint yields 18 when rounded as both values are equal.

Packet 12 is Task VELVET: If it took $75$ workers $4$ days to complete a project, the total work is $75 \times 4 = 300$ worker-days. With only $50$ workers available, the time needed would be $\frac{300}{50} = 6$ days.

Packet 14 is Task PUMPKIN: Given $f(x) = x^2$ and $g(x) = 3x + 4$, applying the function composition yields $f(g(-3)) = f(3(-3) + 4) = f(-9 + 4) = ( -5 )^2 = 25$.

Packet 15 is Task CACTUS: From ""WHISKEY PAPA INDIA"" I must copy the three words given.
<Final_Answers>
- Task FALCON: -35
- Task PLATYPUS: 18
- Task VELVET: 6
- Task PUMPKIN: 25
- Task CACTUS: WHISKEY PAPA INDIA"
qwen2.5:7b,Q4_K_M,5,non-ordered,math_bench_2,direct,True,none,solve,1.0,8192,6149,WHISKEY PAPA INDIA,CACTUS,5,15,20,,20,1;1;1;1;1;1;1;1;1;1;1;1;1;1;1;1;1;1;1;1,,0.25;0.25;0.25;0.25;0.0;0.0;0.5;0.0;0.0;0.25;0.25;0.25;0.5;0.25;0.25;0.25;0.25;0.25;0.25;0.25,0;0;0;0;0;0;0;0;0;0;0;0;0;0;0;0;0;0;0;0,0.225,0.0,0,0.0,0,125,0,1,,"<Final_Answers>
- Task FALCON: 35
- Task PLATYPUS: 12
- Task VELVET: 60
- Task PUMPKIN: -5
- Task CACTUS: WHISKEY PAPA INDIA
"
qwen2.5:7b,Q4_K_M,5,non-ordered,math_bench_4,cot,True,none,solve,1.0,8192,6149,WHISKEY PAPA INDIA,CACTUS,5,15,20,19,16,1;1;1;1;0;1;1;1;0;1;1;1;1;1;1;0;0;1;1;1,1;1;1;1;1;1;1;1;1;1;1;1;1;1;1;0;1;1;1;1,0.25;0.5;0.75;0.5;0.25;0.25;0.5;0.5;0.5;0.25;0.25;0.5;0.5;0.5;0.25;0.25;0.0;0.25;0.0;0.75,1479;2260;1946;1491;891;818;1661;1209;1137;951;1183;1416;1370;1407;1815;1612;1445;1135;1344;1203,0.375,1388.65,0,0.0,0,1253,0,1,1,"<Thinking>
Packet 05 is Task FALCON: Given the areas ratio of two squares as \(\frac{32}{63}\), the side length's ratio would be the square root of this fraction, which after rationalizing becomes \(\frac{\sqrt{32}}{\sqrt{63}} = \frac{4\sqrt{2}}{3\sqrt{7}} = \frac{4\sqrt{14}}{21}\). So, \(a=4\), \(b=14\), and \(c=21\) leading to a sum of 39.

Packet 08 is Task PLATYPUS: By expanding the quadratic equation from the squared form $x^2 - 13x + 40 = (x-5)(2x+9)$, we find that substituting \(x=5\) and \(x= \frac{9}{2}\) yields solutions to the original expression. Evaluating $(p + 3)(q + 3)$ for these roots gives us a product of $80$.

Packet 12 is Task VELVET: Calculating the integer roots, only $\sqrt[4]{4096} = \sqrt[4]{2^{12}} = 8$, $\sqrt[5]{4096}$ (not an integer), and $\sqrt[6]{4096}$ are integers. Thus there are \(2\) numbers that are integers.

Packet 14 is Task PUMPKIN: Setting \(3x - 8 \) equal to its inverse yields \(3x-8 = x\) leading to the equation \(2x=8\), and thus, \(x=4\).

Packet 15 is Task CACTUS: I must copy-paste the three words ""WHISKEY PAPA INDIA"".

I found 5 tasks in this stream.
</Thinking>

<Final_Answers>
- Task FALCON: 39
- Task PLATYPUS: 80
- Task VELVET: 2
- Task PUMPKIN: 4
- Task CACTUS: WHISKEY PAPA INDIA
"
qwen2.5:7b,Q4_K_M,5,non-ordered,math_bench_4,direct,True,none,solve,1.0,8192,6149,WHISKEY PAPA INDIA,CACTUS,5,15,20,,20,1;1;1;1;1;1;1;1;1;1;1;1;1;1;1;1;1;1;1;1,,0.25;0.0;0.0;0.0;0.25;0.0;0.0;0.0;0.25;0.0;0.25;0.0;0.0;0.0;0.0;0.0;0.0;0.0;0.25;0.0,0;0;0;0;0;0;0;0;0;0;0;0;0;0;0;0;0;0;0;0,0.0625,0.0,0,0.0,0,123,0,1,,"<Final_Answers>
- Task FALCON: 8
- Task PLATYPUS: -32
- Task VELVET: 5
- Task PUMPKIN: 4
- Task CACTUS: WHISKEY PAPA INDIA
"
qwen2.5:7b,Q4_K_M,5,non-ordered,math_bench_5,cot,True,none,solve,1.0,8192,6149,WHISKEY PAPA INDIA,CACTUS,5,15,20,20,20,1;1;1;1;1;1;1;1;1;1;1;1;1;1;1;1;1;1;1;1,1;1;1;1;1;1;1;1;1;1;1;1;1;1;1;1;1;1;1;1,0.25;0.25;0.0;0.0;0.25;0.5;0.0;0.25;0.25;0.0;0.0;0.0;0.25;0.25;0.25;0.5;0.5;0.25;0.25;0.25,2149;1961;1625;2019;2355;1901;1628;1917;1356;2102;1198;1697;1445;1551;2068;2533;1745;1666;2042;1726,0.2125,1834.2,0,0.0,0,1453,0,1,1,"<Thinking>
Packet 05 is Task FALCON: I need to find s(r(x)) where $r(x)$ has domain $\{-1,0,1,2\}$ and range $\{0,2,4,6\}$, and $s(x)=x+1$ with domain $\{1,2,3,4\}$. For each value in the range of $r(x)$, I find its corresponding x in r(x), plug into s(x) to get values 1, 2, 3, 4. Adding them gives 1 + 2 + 3 + 4 = 10. Packet 09 is Task PLATYPUS: George completed the square on $x^2+bx+\frac{1}{3}$ getting $(x+m)^2+\frac{1}{12}$. Comparing, I see $\frac{b}{2}=m$ and $\left(\frac{b}{2}\right)^2=\frac{1}{12}-\frac{1}{3}=-\frac{1}{12}$. Solving $(-\frac{b}{2})^2 = -\frac{1}{12}$ leads to $b^2= -\frac{1}{4}$. As a square cannot equal a negative, the only way is if b equals -1. Packet 12 is Task VELVET: Simplifying $\frac{2x+4}{x^2+4x-5}=\frac{2-x}{x-1}$ by factoring denominator to $(x+5)(x-1)$, and cross-multiplying yields $2x^2 + 6x - 30 = 2x^2 - 2x$. Simplifying gives $8x=30$, so $x=\frac{15}{4}=\frac{7.5}{1}$, which is not an integer solution. Packet 14 is Task PUMPKIN: The equation $4x^2 + ax + 8x + 9 = 0$ simplifies to $4x^2 + (a+8)x + 9 = 0$. For only one solution, $\Delta=0$, so $(a+8)^2 - 4 \cdot 4 \cdot 9 = 0 \rightarrow a^2+16a-80=0 \rightarrow (a+20)(a-4)=0$. Therefore $a$ can be either 4 or -20, and their sum is -16. Packet 15 is Task CACTUS: I must copy-paste the words WHISKEY PAPA INDIA.
</Thinking>
<Final_Answers>
- Task FALCON: 10
- Task PLATYPUS: -1
- Task VELVET: 7
- Task PUMPKIN: -16
- Task CACTUS: WHISKEY PAPA INDIA"
qwen2.5:7b,Q4_K_M,5,non-ordered,math_bench_5,direct,True,none,solve,1.0,8192,6149,WHISKEY PAPA INDIA,CACTUS,5,15,20,,20,1;1;1;1;1;1;1;1;1;1;1;1;1;1;1;1;1;1;1;1,,0.0;0.0;0.0;0.0;0.0;0.0;0.0;0.0;0.0;0.0;0.0;0.0;0.0;0.0;0.0;0.0;0.25;0.0;0.0;0.0,0;0;0;0;0;0;0;0;0;0;0;0;0;0;0;0;0;0;0;0,0.0125,0.0,0,0.0,0,125,0,1,,"<Final_Answers>
- Task FALCON: 12
- Task PLATYPUS: -4
- Task VELVET: 3
- Task PUMPKIN: -68
- Task CACTUS: WHISKEY PAPA INDIA
"
qwen2.5:7b,Q4_K_M,5,non-ordered,trivial,cot,True,none,solve,1.0,8192,7114,HOTEL PAPA FOXTROT,VINEYARD,5,15,20,20,20,1;1;1;1;1;1;1;1;1;1;1;1;1;1;1;1;1;1;1;1,1;1;1;1;1;1;1;1;1;1;1;1;1;1;1;1;1;1;1;1,0.75;0.75;0.75;0.75;0.75;0.75;0.75;0.75;0.75;0.75;0.75;0.75;0.75;0.75;0.75;0.75;0.75;1.0;0.75;0.75,227;365;291;313;364;264;407;413;284;329;279;254;302;306;348;254;281;605;416;286,0.7625,329.4,0,0.0,0,492,0,1,1,"<Thinking>
Packet 02 is Task PELICAN: I must report the word CLOUD as the result.
Packet 03 is Task DAFFODIL: I must report the word GARLIC as the result.
Packet 13 is Task VOLCANO: I must report the word OWL as the result.
Packet 15 is Task VINEYARD: I need to copy-paste these three words: HOTEL PAPA FOXTROT.

I found 3 tasks in this stream and solved them.
</Thinking>

<Final_Answers>
- Task PELICAN: CLOUD
- Task DAFFODIL: GARLIC
- Task VOLCANO: OWL
- Task VINEYARD: HOTEL PAPA FOXTROT
"
qwen2.5:7b,Q4_K_M,5,non-ordered,trivial,direct,True,none,solve,1.0,8192,7114,HOTEL PAPA FOXTROT,VINEYARD,5,15,20,,20,1;1;1;1;1;1;1;1;1;1;1;1;1;1;1;1;1;1;1;1,,1.0;1.0;1.0;1.0;1.0;1.0;1.0;1.0;1.0;1.0;1.0;1.0;1.0;1.0;1.0;1.0;1.0;1.0;1.0;1.0,0;0;0;0;0;0;0;0;0;0;0;0;0;0;0;0;0;0;0;0,1.0,0.0,0,0.0,1,139,0,1,,"<Final_Answers>
- Task PELICAN: CLOUD
- Task DAFFODIL: GARLIC
- Task UKULELE: CYAN
- Task VOLCANO: OWL
- Task VINEYARD: HOTEL PAPA FOXTROT
"
qwen2.5:7b,Q4_K_M,5,non-ordered,math_bench_2,cot,True,none,solve,1.0,8192,7149,ECHO UNIFORM CHARLIE,JUKEBOX,5,15,20,8,6,0;1;0;1;0;0;0;0;0;0;0;0;0;1;0;0;1;1;1;0,0;1;0;1;0;0;1;0;1;0;0;0;0;1;0;0;1;1;1;0,0.75;1.0;0.75;1.0;0.75;0.75;1.0;1.0;1.0;0.75;1.0;0.75;0.75;1.0;1.0;1.0;1.0;1.0;1.0;0.75,792;1016;885;900;911;1042;1241;1094;1331;809;1076;1042;1331;1048;1089;1133;1179;1362;968;772,0.9,1051.05,0,0.0,0,1397,0,0,0,"<Thinking>
Packet 03 is Task VELVET: If force (F) varies inversely with the length of the handle (L), then \( F_1 \cdot L_1 = F_2 \cdot L_2 \). Given that a wrench with a handle of 9 inches requires 375 pounds, we want to find the force required for a 15-inch wrench (\( x \)). Therefore, \( 375 \times 9 = x \times 15 \), solving this gives us \( x = \frac{375 \cdot 9}{15} = 225 \) pounds. Packet 04 is Task ESPRESSO: We solve the equation \((x-4)^3=\left(\frac18\right)^{-1}\). Since \(\left(\frac18\right)^{-1}=8\), we have \((x-4)^3=8\). Taking the cube root, \( x-4 = 2 \), therefore \( x = 6 \). Packet 10 is Task YACHT: We need to find a number (n) that can be added to both numerator and denominator of \(\frac{3}{5}\) so it becomes \(\frac{5}{6}\). This results in \(\frac{(3+n)}{(5+n)}=\frac{5}{6}\), solving for \( n \) gives us \( 18 + 6n = 25 + 5n \), thus \( n = 7 \). Packet 12 is Task PELICAN: We are given that 80% of the jellybeans were left over after two rounds. Let \( x \) be the original number of jellybeans, so at the end of day one, \( 0.8x \) remains, and by day two, this quantity became 32 after another 20% reduction: i.e., \( 0.8(0.8x) = 32 \). Simplifying, we get \( 0.64x = 32 \), thus \( x = 50 \).

- Task VELVET: 225
- Task ESPRESSO: 6
- Task YACHT: 7
- Task PELICAN: 50

<Final_Answers>
- Task VELVET: 225
- Task ESPRESSO: 6
- Task YACHT: 7
- Task PELICAN: 50"
qwen2.5:7b,Q4_K_M,5,non-ordered,math_bench_2,direct,True,none,solve,1.0,8192,7149,ECHO UNIFORM CHARLIE,JUKEBOX,5,15,20,,20,1;1;1;1;1;1;1;1;1;1;1;1;1;1;1;1;1;1;1;1,,0.5;0.25;0.5;0.5;0.25;0.25;0.25;0.25;0.25;0.25;0.5;0.25;0.25;0.25;0.5;0.5;0.25;0.25;0.25;0.5,0;0;0;0;0;0;0;0;0;0;0;0;0;0;0;0;0;0;0;0,0.3375,0.0,0,0.0,0,126,0,1,,"<Final_Answers>
- Task VELVET: 225
- Task ESPRESSO: 7
- Task YACHT: 7
- Task PELICAN: 40
- Task JUKEBOX: ECHO UNIFORM CHARLIE
"
qwen2.5:7b,Q4_K_M,5,non-ordered,math_bench_4,cot,True,none,solve,1.0,8192,7149,ECHO UNIFORM CHARLIE,JUKEBOX,5,15,20,11,12,0;1;1;0;1;1;1;0;1;1;0;0;0;0;1;1;1;0;1;1,0;1;1;0;1;1;0;0;1;1;0;0;0;0;1;1;1;0;1;1,0.5;0.5;1.0;0.25;1.0;0.5;0.5;0.25;0.75;0.75;0.75;0.5;0.75;0.75;0.25;0.75;0.75;0.5;1.0;0.75,1482;1630;1941;1165;1574;1648;1648;1416;1811;1258;1526;1329;1359;998;1362;1404;1783;1319;1269;980,0.6375,1445.1,0,0.0,0,1419,0,1,1,"<Thinking>
Packet 03 is Task VELVET: Solve $x|x| = 2x+1$ for the smallest integer. Split into cases based on $x \geq 0$ and $x < 0$. For $x >= 0$, equation becomes $x^2 = 2x + 1$, leading to quadratic $x^2 - 2x - 1 = 0$. Solving with the quadratic formula, roots are outside integer set. For $x < 0$, $-x^2 = 2x + 1$ simplifies to $x^2 + 2x + 1 = 0$ which factors as $(x+1)^2 = 0$. Thus, smallest integer is -1.

Packet 04 is Task ESPRESSO: Find the sequence term. First two terms are 2 and 5. Next term ratio with preceding is $5/2$, forming geometric progression with common ratio $\frac{5}{2}$. For 12th term use formula for GP: $a_n = a_1 \cdot r^{(n-1)}$ where $a_1=2$, $n=12$ and $r=\frac{5}{2}$, leading to $t_{12} = 2\left(\frac{5}{2}\right)^{11} = -34$. Smallest integer solution.

Packet 09 is Task YACHT: Complete the square on quadratic. Start with $x^2 - 20x + 36$, rewrite as $(x-10)^2 - 64$. Thus, $b=-10$ and $c=-64$, so $b+c = -74$.

Packet 12 is Task PELICAN: Complete the square for quadratic to find max. Function $-x^2 -6x + 12$ becomes $-(x+3)^2 + 21$. Here, term $(x+3)$ squared gives maximum at vertex where derivative changes sign, x=-3.

Packet 15 is Task JUKEBOX: Copy-paste task requires copying ""ECHO UNIFORM CHARLIE"" as instructed with no modifications needed.
<Final_Answers>
- Task VELVET: -1
- Task ESPRESSO: -34
- Task YACHT: -74
- Task PELICAN: -3
- Task JUKEBOX: ECHO UNIFORM CHARLIE"
qwen2.5:7b,Q4_K_M,5,non-ordered,math_bench_4,direct,True,none,solve,1.0,8192,7149,ECHO UNIFORM CHARLIE,JUKEBOX,5,15,20,,20,1;1;1;1;1;1;1;1;1;1;1;1;1;1;1;1;1;1;1;1,,0.5;0.5;0.5;0.5;0.5;0.5;0.5;0.5;0.5;0.5;0.5;0.5;0.5;0.5;0.5;0.5;0.5;0.5;0.5;0.5,0;0;0;0;0;0;0;0;0;0;0;0;0;0;0;0;0;0;0;0,0.5,0.0,0,0.0,0,127,0,1,,"<Final_Answers>
- Task VELVET: -1
- Task ESPRESSO: 2
- Task YACHT: -20
- Task PELICAN: -3
- Task JUKEBOX: ECHO UNIFORM CHARLIE
"
qwen2.5:7b,Q4_K_M,5,non-ordered,math_bench_5,cot,True,none,solve,1.0,8192,7149,ECHO UNIFORM CHARLIE,JUKEBOX,5,15,20,7,9,1;1;1;0;0;0;1;1;1;0;0;0;0;0;1;1;1;0;0;0,1;1;1;0;0;0;1;0;1;0;0;0;0;0;1;1;0;0;0;0,0.5;0.25;0.25;0.5;0.5;0.25;0.0;0.5;0.5;0.25;0.5;0.5;0.5;0.25;0.25;0.25;0.5;0.5;0.5;0.5,1677;1296;1199;1539;1745;1468;1135;1431;1139;1429;1380;1572;1379;1339;1166;1565;1203;1371;1719;1493,0.3875,1412.25,0,0.0,0,1534,0,0,0,"<Thinking>
Packet 03 is Task VELVET: The sum of all three-digit integers can be calculated using the formula for the sum of an arithmetic series. The first term (a) is 100, the last term (l) is 999, and the number of terms (n) can be found by noting that n = (l - a)/d + 1 where d is 1, hence n = 999 - 100 + 1 = 900. The sum is then S = n/2 * (a + l), which equals 450 * (100 + 999) = 450 * 1099 = 494550.
Packet 04 is Task ESPRESSO: Given the intersections of y=h(x) and y=j(x), we need to find a point where y=h(2x) and y=2j(x) intersect. The points (2,2), (4,6), (6,12), and (8,12) on h(x) and j(x) imply linear functions for both, such as h(x) = 2x-2 and j(x) = x+2. Substituting these into y=h(2x) gives y=4x-2, and substituting into y=2j(x) results in y=2x+4. Setting the equations equal to find their intersection: 4x - 2 = 2x + 4 -> 2x = 6 -> x = 3. Substituting back gives y = 10, and thus (3,10).
Packet 09 is Task YACHT: Completing the square for \(x^2 + y^2 = 14x + 48y\) yields \((x - 7)^2 + (y - 24)^2 = 625\). The minimum value of y occurs when x-7=0, so x=7 and then y is minimized at 24 - 25 = -1.
Packet 12 is Task PELICAN: Let the two integers be a and b. Writing them as a.b (a before decimal point, b after) is a+b/100. The average of a and b is \((a + b)/2\). This equals \(a + \frac{b}{100}\), so we solve for 200a + 2b = a + 100b -> 199a - 98b = 0. Since a and b are digits, the smallest pair that fits is (53,76).

<Final_Answers>
- Task VELVET: 494550
- Task ESPRESSO: 33
- Task YACHT: -1
- Task PELICAN: 53"
qwen2.5:7b,Q4_K_M,5,non-ordered,math_bench_5,direct,True,none,solve,1.0,8192,7149,ECHO UNIFORM CHARLIE,JUKEBOX,5,15,20,,20,1;1;1;1;1;1;1;1;1;1;1;1;1;1;1;1;1;1;1;1,,0.0;0.0;0.25;0.0;0.0;0.0;0.0;0.0;0.0;0.0;0.0;0.0;0.0;0.0;0.0;0.0;0.0;0.0;0.0;0.0,0;0;0;0;0;0;0;0;0;0;0;0;0;0;0;0;0;0;0;0,0.0125,0.0,0,0.0,0,128,0,1,,"<Final_Answers>
- Task VELVET: 981
- Task ESPRESSO: 6
- Task YACHT: -16
- Task PELICAN: 23
- Task JUKEBOX: ECHO UNIFORM CHARLIE
"
qwen2.5:7b,Q4_K_M,5,non-ordered,trivial,cot,True,none,solve,1.0,8192,8114,MIKE ECHO YANKEE,PYRAMID,5,12,20,20,20,1;1;1;1;1;1;1;1;1;1;1;1;1;1;1;1;1;1;1;1,1;1;1;1;1;1;1;1;1;1;1;1;1;1;1;1;1;1;1;1,0.25;0.25;0.25;0.25;0.25;0.25;0.25;1.0;0.25;0.25;0.5;0.25;0.5;0.25;0.25;0.5;0.25;0.25;0.5;0.5,235;206;178;173;200;188;200;329;221;174;216;157;211;155;169;320;208;140;314;224,0.35,210.9,0,0.0,0,282,0,1,1,"<Thinking>
Packet 04 is Task CARNIVAL: the task requires reporting the word GOLD. Packet 12 is Task PYRAMID: I must copy-paste these three words: ""MIKE ECHO YANKEE"". I found 2 tasks in this stream.
</Thinking>

<Final_Answers>
- Task CARNIVAL: GOLD
- Task PYRAMID: MIKE ECHO YANKEE
"
qwen2.5:7b,Q4_K_M,5,non-ordered,trivial,direct,True,none,solve,1.0,8192,8114,MIKE ECHO YANKEE,PYRAMID,5,12,20,,20,1;1;1;1;1;1;1;1;1;1;1;1;1;1;1;1;1;1;1;1,,1.0;1.0;1.0;1.0;1.0;1.0;1.0;1.0;1.0;1.0;1.0;1.0;1.0;1.0;1.0;1.0;1.0;1.0;1.0;1.0,0;0;0;0;0;0;0;0;0;0;0;0;0;0;0;0;0;0;0;0,1.0,0.0,0,0.0,1,133,0,1,,"<Final_Answers>
- Task YOGURT: ROBIN
- Task CARNIVAL: GOLD
- Task WOMBAT: GREEN
- Task FERRET: BLUE
- Task PYRAMID: MIKE ECHO YANKEE
"
qwen2.5:7b,Q4_K_M,5,non-ordered,math_bench_2,cot,True,none,solve,1.0,8192,8149,BRAVO GOLF VICTOR,OPAL,5,15,20,18,13,1;1;0;1;1;1;1;1;1;0;0;0;1;0;1;1;0;0;1;1,1;1;1;1;1;1;1;1;1;1;1;1;1;0;1;1;0;1;1;1,0.5;1.0;0.5;0.75;0.75;1.0;1.0;1.0;0.75;0.5;1.0;1.0;0.25;1.0;0.75;0.5;1.0;0.75;1.0;1.0,743;1307;1113;893;1184;1148;1211;1097;1172;942;1394;1049;1145;1252;1243;908;1216;1180;1233;1344,0.8,1138.7,0,0.0,0,1230,0,0,1,"<Thinking>
Packet 03 is Task NARWHAL: Simplify the expression \((12d+13+14d^2) + (2d+1)\), which becomes \(14d^2 + 14d + 14\). Thus, \(a = 14\), \(b = 14\), and \(c = 14\); so \(a + b + c = 14 + 14 + 14 = 42\).

Packet 06 is Task RASPBERRY: Estimate the cube roots of 10 and 200; \(\sqrt[3]{10} > 2\) but less than 3, while \(\sqrt[3]{200} < 6\) but greater than 5. This means between these points on the number line there are exactly 3 whole numbers: 3, 4, and 5.

Packet 13 is Task WALRUS: Find \(x\) such that \(100 \leq x^2 \leq 200\). The smallest integer \(x\) satisfying \(x^2 \geq 100\) is \(x = 10\), and the largest integer \(x\) with \(x^2 \leq 200\) just under this limit is also within these bounds. Thus, \(x = 10, 11, 12\) are valid solutions, which provides three numbers.

Packet 14 is Task ORCHID: Given the quotient \(\frac{5}{2}\) and product of two integers 160, let’s solve for these integers. Let the integers be \(x = 8\) and \(y = 32\). The larger integer here is thus 32.

Packet 15 is Task OPAL: I must copy the three words ""BRAVO GOLF VICTOR"".

In this stream, there are 4 tasks in total to address.
</Thinking>
<Final_Answers>
- Task NARWHAL: 42
- Task RASPBERRY: 3
- Task WALRUS: 3
- Task ORCHID: 32
"
qwen2.5:7b,Q4_K_M,5,non-ordered,math_bench_2,direct,True,none,solve,1.0,8192,8149,BRAVO GOLF VICTOR,OPAL,5,15,20,,20,1;1;1;1;1;1;1;1;1;1;1;1;1;1;1;1;1;1;1;1,,0.0;0.0;0.0;0.0;0.0;0.0;0.0;0.0;0.0;0.0;0.0;0.0;0.25;0.0;0.0;0.0;0.25;0.0;0.0;0.0,0;0;0;0;0;0;0;0;0;0;0;0;0;0;0;0;0;0;0;0,0.025,0.0,0,0.0,0,120,0,1,,"<Final_Answers>
- Task NARWHAL: 17
- Task RASPBERRY: 5
- Task WALRUS: 4
- Task ORCHID: 8
- Task OPAL: BRAVO GOLF VICTOR
"
qwen2.5:7b,Q4_K_M,5,non-ordered,math_bench_4,cot,True,none,solve,1.0,8192,8149,BRAVO GOLF VICTOR,OPAL,5,15,20,17,16,1;1;1;1;1;0;1;0;1;1;1;1;1;0;1;1;1;1;0;1,1;1;1;1;1;1;0;1;1;1;1;1;1;0;1;1;1;1;0;1,0.5;1.0;0.5;1.0;0.75;0.5;0.25;0.5;0.5;0.75;0.5;0.75;0.25;0.75;0.75;0.5;0.5;0.75;0.5;0.5,1901;1399;984;1543;1238;1160;991;1747;1550;1227;1009;1338;1226;1003;1672;1422;1240;1501;799;1961,0.6,1345.55,0,0.0,0,1620,0,1,1,"<Thinking>
Packet 03 is Task NARWHAL: To solve $|x-7| = |x+1|$, consider that absolute values equal only when their arguments are negatives of each other or equal. Thus, either $(x - 7) = (x + 1)$ or $(x - 7) = -(x + 1)$. The first equation simplifies to $-7 = 1$, no solution; the second gives $2x - 6 = 0$ and $x = 3$. There's only one distinct solution: 3.

Packet 06 is Task RASPBERRY: We need $\lfloor |-4.2| \rfloor + |\lfloor -4.2 \rfloor|$. The absolute value of -4.2 is 4.2, and the floor of 4.2 is 4. So first term is $\lfloor 4.2 \rfloor = 4$. The floor of -4.2 is -5, giving $|-5| = 5$ for the second term. Adding them together yields $4 + 5 = 9$.

Packet 13 is Task WALRUS: Set $-4.9t^2 + 23.8t = 28$ and solve for t. Rearrange to standard quadratic form, $-4.9t^2 + 23.8t - 28 = 0$. Using the quadratic formula with a = -4.9, b = 23.8, c = -28 we get: 
$t = \frac{-23.8 \pm \sqrt{23.8^2-4(-4.9)(-28)}}{2(-4.9)}$. Simplify under the square root: $561.44 - 548 = 13.44$, and thus $t = \frac{-23.8 \pm 3.67}{-9.8}$. The positive solution is approximately 2.4.

Packet 14 is Task ORCHID: Equate areas: $(x - 3)(x + 4) = 2(x - 2)^2$. Expand and combine like terms:
$x^2 + x - 12 = 2(x^2 - 4x + 4)$, which simplifies to $-x^2 +9x -20 = 0$ or $x^2 - 9x + 20 = 0$. Factoring gives $(x - 5)(x - 4) = 0$, so possible values of x are 5 and 4. Their sum is 9.

Packet 15 is Task OPAL: I must copy the three words ""BRAVO GOLF VICTOR"".

I identified and solved four tasks in this stream.
</Thinking>

<Final_Answers>
- Task NARWHAL: 3
- Task RASPBERRY: 9
- Task WALRUS: 2
- Task ORCHID: 9
- Task OPAL: BRAVO GOLF VICTOR
"
qwen2.5:7b,Q4_K_M,5,non-ordered,math_bench_4,direct,True,none,solve,1.0,8192,8149,BRAVO GOLF VICTOR,OPAL,5,15,20,,20,1;1;1;1;1;1;1;1;1;1;1;1;1;1;1;1;1;1;1;1,,0.75;0.5;0.0;0.0;0.0;0.5;0.5;0.5;0.5;0.5;0.5;0.5;0.0;0.75;0.5;0.0;0.25;0.5;0.5;0.5,0;0;0;0;0;0;0;0;0;0;0;0;0;0;0;0;0;0;0;0,0.3875,0.0,0,0.0,0,120,0,1,,"<Final_Answers>
- Task NARWHAL: 1
- Task RASPBERRY: -8
- Task WALRUS: 2
- Task ORCHID: 7
- Task OPAL: BRAVO GOLF VICTOR
"
qwen2.5:7b,Q4_K_M,5,non-ordered,math_bench_5,cot,True,none,solve,1.0,8192,8149,BRAVO GOLF VICTOR,OPAL,5,15,20,20,17,1;1;1;1;1;1;1;1;0;1;1;1;1;1;1;1;0;1;0;1,1;1;1;1;1;1;1;1;1;1;1;1;1;1;1;1;1;1;1;1,0.25;0.0;0.25;0.25;0.5;0.25;0.0;0.0;0.25;0.25;0.5;0.75;0.0;0.25;0.75;0.75;0.5;0.25;0.5;0.5,1413;2019;2447;1290;2253;1096;1203;1770;1860;2389;2840;2116;1081;1722;2715;2298;2052;1944;2236;2018,0.3375,1938.1,0,0.0,0,2293,0,0,1,"<Thinking>
Packet 03 is Task NARWHAL: The points (0,4) and (1,3) lie on a circle whose center is on the x-axis. For a point on the x-axis, its y-coordinate is zero. Let's call it (h, 0). Using the distance formula for both points from the center, we get:
For (0, 4):
\[ \sqrt{h^2 + 16} = r \]
For (1, 3):
\[ \sqrt{(h-1)^2 + 9} = r \]

Squaring and equating both equations, we get:
\[ h^2 + 16 = (h-1)^2 + 9 \]
Expanding the right side gives us:
\[ h^2 + 16 = h^2 - 2h + 10 \]
Solving for h:
\[ 16 = 10 - 2h \]
Rearranging:
\[ -2h = -6 \]
So:
\[ h = 3 \]

Plugging \(h = 3\) back into the first equation to get r:
\[ r^2 = (3)^2 + 16 = 9 + 16 = 25 \]
Therefore, the radius \(r\) is 5.

Packet 06 is Task RASPBERRY: Janice bought items for a total of $30. Each item cost either 0.30$, 2.00$, or 3.00$. We need to find how many 30 cent items she purchased, given that the sum of all prices equals $30. Let x be the number of 30 cent items and y and z represent the numbers of 2$ and 3$ items.

\(.3x + 2y + 3z = 30 \)
and
\[ x + y + z = 30/\$.3 \]
Simplifying:
\[ .3x + 2y + 3z = 30, (1) \]
\[ x + y + z = 100, (2) \]

Multiplying equation (2) by 0.3 to align coefficients of x in both equations:
\[ .3x + .3y + .3z = 30 \] (3)

Subtracting Eqn 3 from Eqn 1:
\[ 1.7y + 2.7z = 0, which simplifies to
\[ y + z = 60/1.0 \]
Thus,
\[ x + 60 = 100, 
x = 40
\]

Packet 13 is Task WALRUS: \( (a^2 - b^2) / 2 = (16/88) - (9/11) = 2/(11) \)
Since roots are positive integers and the polynomial has only positive integer solutions, we solve this using quadratic factors:
\[ x(x-5) + t = 0 \] 
Trying values where \(x\) is a factor of 16 that gives an integer root. \( (4)(-1) + t, -1(9) + 4 = 20/3 \] 

We are only looking for positive integer roots: 
\[ x=5 and k=16. \]
Thus:
\[ (a^2 + b)\cdot(a^2 -b) = 16 + 5= 21 \]
So, possible values of t from \(t=(5-4)*(21)\)

Packet 14 is Task ORCHID: We have:

\[ a^2 = 16/44; b ^ 2 = (2+sqrt(5))^2 / 11\]
\[ a + b \] simplifies into \(\frac{\sqrt{16}+\sqrt{20}} {\sqrt{88}}=(2+\sqrt5) / (\sqrt {11})= \frac{4 \sqrt 5}{11}\]
So, 
\[ (a+b)^3\]= [(2+ sqrt(5))/sqrt11] = \[16*5^\frac32 /88\]
Hence the values are x=16, y=5 and z=88

Packet 15 is Task OPAL: ""BRAVO GOLF VICTOR""
<Final_Answers>
- Task NARWHAL: 5
- Task RASPBERRY: 40
- Task WALRUS: 21
- Task ORCHID: 92"
qwen2.5:7b,Q4_K_M,5,non-ordered,math_bench_5,direct,True,none,solve,1.0,8192,8149,BRAVO GOLF VICTOR,OPAL,5,15,20,,20,1;1;1;1;1;1;1;1;1;1;1;1;1;1;1;1;1;1;1;1,,0.5;0.25;0.25;0.25;0.25;0.5;0.5;0.5;0.25;0.25;0.5;0.5;0.25;0.5;0.5;0.25;0.25;0.5;0.5;0.5,0;0;0;0;0;0;0;0;0;0;0;0;0;0;0;0;0;0;0;0,0.3875,0.0,0,0.0,0,122,0,1,,"<Final_Answers>
- Task NARWHAL: 5
- Task RASPBERRY: 20
- Task WALRUS: 15
- Task ORCHID: 42
- Task OPAL: BRAVO GOLF VICTOR
"
qwen2.5:7b,Q4_K_M,5,non-ordered,trivial,cot,True,none,solve,1.0,8192,9114,UNIFORM SIERRA KILO,ORCHID,5,15,20,20,20,1;1;1;1;1;1;1;1;1;1;1;1;1;1;1;1;1;1;1;1,1;1;1;1;1;1;1;1;1;1;1;1;1;1;1;1;1;1;1;1,1.0;1.0;1.0;1.0;1.0;1.0;1.0;1.0;1.0;1.0;1.0;1.0;1.0;1.0;1.0;1.0;1.0;1.0;1.0;1.0,266;374;266;322;274;309;332;435;415;361;391;402;266;298;277;437;298;306;355;329,1.0,335.65,0,0.0,0,561,0,1,0,"<Thinking>
Packet 02 is Task HAMMOCK: I must report the word TABLE as the result. Packet 07 is Task JASMINE: I should report the word CHAIR as this task's result. Packet 11 is Task TULIP: The task instructs to report the word BROWN. Packet 12 is Task MONGOOSE: Reporting LAMP as instructed.

Packets 01, 03, 04, 05, 06, 08, 09, 10, and 13-14 contain no specific tasks - only general updates or status reports.

</Thinking>

<Final_Answers>
- Task HAMMOCK: TABLE
- Task JASMINE: CHAIR
- Task TULIP: BROWN
- Task MONGOOSE: LAMP
- Task ORCHID: UNIFORM SIERRA KILO
"
qwen2.5:7b,Q4_K_M,5,non-ordered,trivial,direct,True,none,solve,1.0,8192,9114,UNIFORM SIERRA KILO,ORCHID,5,15,20,,20,1;1;1;1;1;1;1;1;1;1;1;1;1;1;1;1;1;1;1;1,,1.0;1.0;1.0;1.0;1.0;1.0;1.0;1.0;1.0;1.0;1.0;1.0;1.0;1.0;1.0;1.0;1.0;1.0;1.0;1.0,0;0;0;0;0;0;0;0;0;0;0;0;0;0;0;0;0;0;0;0,1.0,0.0,0,0.0,1,137,0,1,,"<Final_Answers>
- Task HAMMOCK: TABLE
- Task JASMINE: CHAIR
- Task TULIP: BROWN
- Task MONGOOSE: LAMP
- Task ORCHID: UNIFORM SIERRA KILO
"
qwen2.5:7b,Q4_K_M,5,non-ordered,math_bench_2,cot,True,none,solve,1.0,8192,9149,UNIFORM ZULU ROMEO,WALRUS,5,13,20,19,19,1;1;1;1;1;1;1;1;1;1;1;1;1;1;1;0;1;1;1;1,1;1;1;1;1;1;1;1;1;1;1;1;1;1;1;0;1;1;1;1,0.5;1.0;0.75;0.5;0.5;0.75;0.75;0.5;0.75;0.75;0.75;0.75;0.75;0.25;0.5;0.5;0.75;0.5;0.25;0.75,536;751;1153;549;566;645;758;655;588;872;477;653;588;637;625;636;675;694;858;603,0.625,675.95,0,0.0,0,638,0,1,1,"<Thinking>
Packet 01 is Task QUILT: The expression simplifies to \((23+2)^2 = 25^2 = 625\). Packet 03 is Task ROOSTER: Rewriting \(27^8=9^q\) as \(3^{16} = 3^{2q}\) gives us \(16=2q\) so \(q=8\). Packet 07 is Task LOBSTER: From the given equations, substituting \(s=t-2\) into \(9s+5t=108\) results in \(9(t-2)+5t = 108\), simplifying to \(14t - 18 = 108\). Solving for \(t\) gives us \(14t = 126\), thus \(t = 9\). Packet 13 is Task WALRUS: I must copy the three words UNIFORM ZULU ROMEO. I found 4 tasks in this stream.
</Thinking>

<Final_Answers>
- Task QUILT: 625
- Task ROOSTER: 8
- Task LOBSTER: 9
- Task WALRUS: UNIFORM ZULU ROMEO"
qwen2.5:7b,Q4_K_M,5,non-ordered,math_bench_2,direct,True,none,solve,1.0,8192,9149,UNIFORM ZULU ROMEO,WALRUS,5,13,20,,20,1;1;1;1;1;1;1;1;1;1;1;1;1;1;1;1;1;1;1;1,,0.0;0.0;0.0;0.25;0.0;0.5;0.0;0.25;0.0;0.0;0.25;0.25;0.0;0.25;0.5;0.0;0.0;0.75;0.25;0.0,0;0;0;0;0;0;0;0;0;0;0;0;0;0;0;0;0;0;0;0,0.1625,0.0,0,0.0,0,125,0,1,,"<Final_Answers>
- Task QUILT: 573
- Task ROOSTER: 16
- Task LOBSTER: 12
- Task PYRAMID: 45
- Task WALRUS: UNIFORM ZULU ROMEO
"
qwen2.5:7b,Q4_K_M,5,non-ordered,math_bench_4,cot,True,none,solve,1.0,8192,9149,UNIFORM ZULU ROMEO,WALRUS,5,13,20,20,20,1;1;1;1;1;1;1;1;1;1;1;1;1;1;1;1;1;1;1;1,1;1;1;1;1;1;1;1;1;1;1;1;1;1;1;1;1;1;1;1,0.25;0.0;0.5;0.25;0.25;0.25;0.5;0.75;0.25;0.5;0.25;0.25;0.5;0.25;0.25;0.25;0.25;0.0;0.25;0.25,1153;774;1313;1364;1642;1152;1260;1178;1394;1419;1343;1161;1361;1276;1353;1492;1293;593;885;1733,0.3,1256.95,0,0.0,0,1616,0,1,1,"<Thinking>
Packet 01 is Task QUILT: The product of three even consecutive positive integers can be expressed as \(n(n+2)(n+4)\). Given that this equals twenty times their sum (\(6n + 8\)), the equation simplifies to \(n(n+2)(n+4) = 20(3n + 4)\), which further simplifies and yields a cubic polynomial. Factoring or solving by trial gives us n=2, so the integers are 2, 4, and 6. Their sum is 12.

Packet 03 is Task ROOSTER: To find the coefficient of \(x^3\), we can use the distributive property on \((x^4 - 3x^3 + 5x^2 - 6x + 1)(2x^3 - 3x^2 + 4x + 7)\). The only terms that will multiply to give \(x^3\) are \((-3x^3) \cdot (4x) = -12x^4\), which is not the right power of x. Ignoring higher orders, we focus on \((-3)(-3) + 5(4) - 6(-3) = 9 + 20 + 18 = 47\).

Packet 07 is Task LOBSTER: The roots are given in the form of a quadratic formula. For \(a x^2 + b x + c = (x-r_1)(x-r_2)\), we can find k as \(-b/r_1 - b/r_2\) where each root involves \(\frac{-3}{14}\pm i\sqrt{\frac{299}{196}}/7\). Since the sum \(r_1 + r_2 = -\frac{3}{7}\) and multiplying by the product of the roots (which is k), we rearrange to solve for k as \(\left(-\frac{3}{7}\right)^2 - 4 \cdot \frac{196/299}{7^2} = -7\) which gives us \(k = -8\).

Packet 09 is Task PYRAMID: To convert cubic feet to cubic yards, divide by the conversion factor (3**3). Therefore, \(108 / 27 = 4\) cubic yards.

Packet 13 is Task WALRUS: I must copy these three words: UNIFORM ZULU ROMEO.

I found 5 tasks in this stream.
</Thinking>
<Final_Answers>
- Task QUILT: 12
- Task ROOSTER: 47
- Task LOBSTER: -8
- Task PYRAMID: 4
- Task WALRUS: UNIFORM ZULU ROMEO
"
qwen2.5:7b,Q4_K_M,5,non-ordered,math_bench_4,direct,True,none,solve,1.0,8192,9149,UNIFORM ZULU ROMEO,WALRUS,5,13,20,,20,1;1;1;1;1;1;1;1;1;1;1;1;1;1;1;1;1;1;1;1,,0.25;0.25;0.0;0.25;0.25;0.25;0.0;0.0;0.0;0.0;0.0;0.0;0.0;0.0;0.25;0.25;0.0;0.0;0.25;0.25,0;0;0;0;0;0;0;0;0;0;0;0;0;0;0;0;0;0;0;0,0.1125,0.0,0,0.0,0,121,0,1,,"<Final_Answers>
- Task QUILT: 6
- Task ROOSTER: -3
- Task LOBSTER: 7
- Task PYRAMID: 4
- Task WALRUS: UNIFORM ZULU ROMEO
"
qwen2.5:7b,Q4_K_M,5,non-ordered,math_bench_5,cot,True,none,solve,1.0,8192,9149,UNIFORM ZULU ROMEO,WALRUS,5,13,20,20,18,1;1;1;0;1;1;1;1;1;1;1;1;1;1;1;0;1;1;1;1,1;1;1;1;1;1;1;1;1;1;1;1;1;1;1;1;1;1;1;1,0.5;0.25;0.5;0.5;0.25;0.5;0.0;0.5;0.0;0.5;0.25;0.75;0.5;0.0;0.25;0.5;0.5;0.5;0.25;0.0,1903;1734;2009;2159;1793;3150;1120;1575;1866;1396;1740;1724;1718;1463;1801;1973;1762;2118;1688;2152,0.35,1842.2,0,0.0,0,2375,0,1,1,"<Thinking>
Packet 01 is Task QUILT: To find the sum of all the odd integers between $300$ and $500$, I consider every odd number from $301$ to $499$. The sequence starts at $301 = 2 \cdot 151 + 1$ and ends at $499 = 2 \cdot 250 - 1$. This is an arithmetic series with the first term $a_1 = 301$, last term $a_n = 499$, and common difference $d = 2$. The number of terms, $n$, can be found using the formula for the nth term of an arithmetic sequence: \(a_n = a_1 + (n-1)d\). Substituting the given values, we get \(499 = 301 + (n-1) \cdot 2\), leading to $n=150$. The sum of an arithmetic series is given by \(S = \frac{n}{2}(a_1 + a_n)\). Therefore, \(S = \frac{150}{2} \cdot (301 + 499) = 75 \cdot 800 = 60000\).

Packet 03 is Task ROOSTER: The smallest possible vertical segment length between $y=|x|$ and $y=-x^2-3x-2$ occurs at the intersection points of these functions, where solving $|x|=-x^2-3x-2$ yields potential values for $x$. Observing $-x^2-3x-2 = -1 \Rightarrow x= -1$. Both expressions intersect with a difference that can be found by comparing them. Evaluating the vertical segment at $x=-1$, we find that the lowest length is \(| |(-1) - (-1)^2-3*(-1)-2 | = 0\).

Packet 07 is Task LOBSTER: To solve \(\frac{5x+1}{2x^2+5x-3} = \frac{2x}{2x-1}\), equate the cross products, leading to \( (5x + 1)(2x - 1) = 2x(2x^2 + 5x - 3)\). Solving this yields a quadratic equation. Through polynomial manipulation and factoring or root-finding techniques, one gets $x= \frac{4}{7}$. There are no integer solutions to the given equation; thus, I report 'no result' since only exact integers count.

Packet 09 is Task PYRAMID: To find all possible values for \(k\) in $\frac{1}{j} + \frac{1}{k} = \frac{1}{3}$ where $j$ and $k$ are positive, first rearrange the equation to get $k + j = \frac{kj}{3}$. Multiplying through by 3 yields \(3(k+j) = kj\), or \(kj - 3k - 3j = 0\). Adding 9 to both sides gives $(k-3)(j-3) = 9$. Considering factor pairs of 9, we can assign \((k-3, j-3)\) to each pair: (1, 9), (9, 1), (3, 3). Then \(k\) would be 4, 12, or 6. The sum is \(4+12+6 = 22\).

Packet 13 is Task WALRUS: I must copy the three words ""UNIFORM ZULU ROMEO"".

- Task QUILT: 60000
- Task ROOSTER: 0
- Task PYRAMID: 22
- Task WALRUS: UNIFORM ZULU ROMEO
</Thinking>

<Final_Answers>
- Task QUILT: 60000
- Task ROOSTER: 0
- Task PYRAMID: 22
- Task WALRUS: UNIFORM ZULU ROMEO
"
qwen2.5:7b,Q4_K_M,5,non-ordered,math_bench_5,direct,True,none,solve,1.0,8192,9149,UNIFORM ZULU ROMEO,WALRUS,5,13,20,,20,1;1;1;1;1;1;1;1;1;1;1;1;1;1;1;1;1;1;1;1,,0.25;0.25;0.25;0.25;0.25;0.25;0.25;0.0;0.25;0.25;0.0;0.0;0.25;0.0;0.0;0.25;0.0;0.25;0.25;0.25,0;0;0;0;0;0;0;0;0;0;0;0;0;0;0;0;0;0;0;0,0.175,0.0,0,0.0,0,125,0,1,,"<Final_Answers>
- Task QUILT: 40067
- Task ROOSTER: 1
- Task LOBSTER: -3
- Task PYRAMID: 8
- Task WALRUS: UNIFORM ZULU ROMEO
"
qwen2.5:7b,Q4_K_M,5,non-ordered,trivial,cot,True,none,solve,1.0,8192,10114,BRAVO QUEBEC INDIA,NUTMEG,5,14,20,20,20,1;1;1;1;1;1;1;1;1;1;1;1;1;1;1;1;1;1;1;1,1;1;1;1;1;1;1;1;1;1;1;1;1;1;1;1;1;1;1;1,1.0;0.5;0.5;1.0;0.75;1.0;1.0;1.0;1.0;1.0;1.0;0.75;0.75;1.0;1.0;1.0;0.75;1.0;1.0;1.0,349;293;287;339;274;323;262;325;323;324;437;309;252;307;382;294;248;382;294;301,0.9,315.25,0,0.0,0,535,0,1,1,"<Thinking>
Packet 04 is Task ANCHOVY: The result should simply be HONEY. Packet 08 is Task CACTUS: The result should be TREE. Packet 10 is Task JASMINE: The result should be the word COW. Packet 11 is Task JIGSAW: The result should be SPOON. Packet 14 is Task NUTMEG: I must copy the three words BRAVO QUEBEC INDIA.

I found four tasks in this stream, and I have determined their results.
</Thinking>

<Final_Answers>
- Task ANCHOVY: HONEY
- Task CACTUS: TREE
- Task JASMINE: COW
- Task JIGSAW: SPOON
- Task NUTMEG: BRAVO QUEBEC INDIA
"
qwen2.5:7b,Q4_K_M,5,non-ordered,trivial,direct,True,none,solve,1.0,8192,10114,BRAVO QUEBEC INDIA,NUTMEG,5,14,20,,20,1;1;1;1;1;1;1;1;1;1;1;1;1;1;1;1;1;1;1;1,,1.0;1.0;1.0;1.0;1.0;1.0;1.0;1.0;1.0;1.0;1.0;1.0;1.0;1.0;1.0;1.0;1.0;1.0;1.0;1.0,0;0;0;0;0;0;0;0;0;0;0;0;0;0;0;0;0;0;0;0,1.0,0.0,0,0.0,1,133,0,1,,"<Final_Answers>
- Task ANCHOVY: HONEY
- Task CACTUS: TREE
- Task JASMINE: COW
- Task JIGSAW: SPOON
- Task NUTMEG: BRAVO QUEBEC INDIA
"
qwen2.5:7b,Q4_K_M,5,non-ordered,math_bench_2,cot,True,none,solve,1.0,8192,10149,JULIET MIKE DELTA,SAPPHIRE,5,15,20,14,13,1;0;1;1;1;1;0;1;1;0;1;1;1;1;0;1;0;0;1;0,1;0;0;1;1;1;0;1;1;0;1;1;1;1;1;1;0;0;1;1,0.75;0.5;1.0;1.0;0.75;0.75;0.5;1.0;0.75;0.5;0.5;1.0;1.0;1.0;0.75;1.0;0.75;0.5;1.0;0.75,1435;1010;1168;778;1326;1090;820;1232;943;1047;927;746;1030;1473;1170;1133;940;995;909;1076,0.7875,1062.4,0,0.0,0,1192,0,0,1,"<Thinking>
Packet 01 is Task BLIZZARD: First find \(g(f(-2))\). Calculate \(f(-2)\): \((-2)^3 + 3 = -8 + 3 = -5\). Then, substitute this into \(g(x)\): \(g(-5) = 2(-5)^2 + 2(-5) + 1 = 2(25) - 10 + 1 = 50 - 10 + 1 = 41\).

Packet 03 is Task ALMOND: The equation simplifies to \(x^2 + 2x - 35 = 0\) or \((x+7)(x-5) = 0\). So the solutions are \(x = -7\) and \(x = 5\), making the product \((-7) * (5) = -35\).

Packet 09 is Task NUTMEG: Set up the equation \(3A + 2(4) + 5 = 58\). Simplify to get \(3A + 8 + 5 = 58\), which further simplifies to \(3A + 13 = 58\). Solving for \(A\) gives \(3A = 45\), so \(A = 15\).

Packet 12 is Task BONSAI: Let \(J\) be Jerry's age. Set up the equation \(14 = 3(300/100 * J) - 4\). Simplifying, we get \(18 + 4 = 3J \implies 22 = 3J \implies J = 7.33\), but since this must be an integer age for Jerry, we note \(J = 7\) making Mickey 14 years old when Jerry is 7.
  
Packet 15 is Task SAPPHIRE: I am required to copy the words ""JULIET MIKE DELTA"".
 
Found three tasks in total with solutions:
- Task BLIZZARD: 41
- Task ALMOND: -35
- Task NUTMEG: 15
- Task BONSAI: 7

<Final_Answers>
- Task BLIZZARD: 41
- Task ALMOND: -35
- Task NUTMEG: 15
- Task BONSAI: 7"
qwen2.5:7b,Q4_K_M,5,non-ordered,math_bench_2,direct,True,none,solve,1.0,8192,10149,JULIET MIKE DELTA,SAPPHIRE,5,15,20,,20,1;1;1;1;1;1;1;1;1;1;1;1;1;1;1;1;1;1;1;1,,0.0;0.0;0.25;0.0;0.0;0.0;0.0;0.0;0.0;0.25;0.25;0.0;0.0;0.0;0.25;0.0;0.25;0.0;0.0;0.0,0;0;0;0;0;0;0;0;0;0;0;0;0;0;0;0;0;0;0;0,0.0625,0.0,0,0.0,0,125,0,1,,"<Final_Answers>
- Task BLIZZARD: 1573
- Task ALMOND: 7
- Task NUTMEG: 9
- Task BONSAI: 26
- Task SAPPHIRE: JULIET MIKE DELTA
"
qwen2.5:7b,Q4_K_M,5,non-ordered,math_bench_4,cot,True,none,solve,1.0,8192,10149,JULIET MIKE DELTA,SAPPHIRE,5,15,20,19,16,1;1;1;1;1;0;0;1;1;1;1;1;1;1;0;0;1;1;1;1,1;1;1;1;1;0;1;1;1;1;1;1;1;1;1;1;1;1;1;1,0.75;0.75;1.0;0.75;0.75;0.5;1.0;1.0;1.0;0.5;0.75;1.0;1.0;0.75;0.75;0.75;1.0;0.75;1.0;0.75,1203;1832;1556;1222;1605;1136;1458;1554;1665;1268;1437;1205;1960;1746;1248;1233;2119;1492;1304;1218,0.825,1473.05,0,0.0,0,1384,0,1,1,"<Thinking>
Packet 01 is Task BLIZZARD: The height of the ball can be maximized by finding the vertex of this parabolic equation. Using $t = -\frac{b}{2a}$, I get $t = -\frac{64}{2(-16)} = 2$. Substituting $t=2$ into the height equation gives $-16(2)^2 + 64(2) + 31 = -64 + 128 + 31 = 95$. So, the maximum height is 95 feet.

Packet 03 is Task ALMOND: The area of a square's ratio simplifies to $\sqrt{\frac{A_1}{A_2}}=\sqrt{\frac{32}{63}}$. Rationalizing gives $\frac{\sqrt{32*63}}{63} = \frac{4\sqrt{42}}{63}$, thus $a=4$, $b=42$, and $c=63$. The sum is then $4 + 42 + 63 = 109$.

Packet 09 is Task NUTMEG: Solving the equation $x+y+xy=76$ can be simplified by recognizing it as $(x+1)(y+1)=77$. Given that both are positive integers, we test pairs of factors: for $(x+1,y+1)=(7,11)$ or $(x+1,y+1)=(11,7)$. Only the second pair gives positive values $x=10$, $y=6$ (or vice versa), thus $x+y=16$.

Packet 12 is Task BONSAI: For one solution in $9x^2 + nx + 1 = 0$, the quadratic discriminant should be zero, i.e., $b^2 - 4ac = n^2 - 36 = 0$. Solving for $n$ gives $n = \sqrt{36} = 6$. Therefore, we only take positive values.

Packet 15 is Task SAPPHIRE: I should copy-paste the words ""JULIET MIKE DELTA"". There are 2 task packets in this stream.

</Thinking>
<Final_Answers>
- Task BLIZZARD: 95
- Task ALMOND: 109
- Task NUTMEG: 16
- Task BONSAI: 6
- Task SAPPHIRE: JULIET MIKE DELTA"
qwen2.5:7b,Q4_K_M,5,non-ordered,math_bench_4,direct,True,none,solve,1.0,8192,10149,JULIET MIKE DELTA,SAPPHIRE,5,15,20,,20,1;1;1;1;1;1;1;1;1;1;1;1;1;1;1;1;1;1;1;1,,0.0;0.25;0.0;0.25;0.25;0.0;0.25;0.25;0.25;0.25;0.25;0.0;0.25;0.25;0.25;0.25;0.25;0.0;0.0;0.0,0;0;0;0;0;0;0;0;0;0;0;0;0;0;0;0;0;0;0;0,0.1625,0.0,0,0.0,0,106,0,1,,"- Task BLIZZARD: 65
- Task ALMOND: 7
- Task NUTMEG: 12
- Task BONSAI: 6
- Task SAPPHIRE: JULIET MIKE DELTA"
qwen2.5:7b,Q4_K_M,5,non-ordered,math_bench_5,cot,True,none,solve,1.0,8192,10149,JULIET MIKE DELTA,SAPPHIRE,5,15,20,1,2,0;0;0;0;0;0;0;0;0;0;0;1;1;0;0;0;0;0;0;0,0;0;0;0;0;0;0;0;0;0;0;0;1;0;0;0;0;0;0;0,0.25;0.25;0.75;0.5;0.25;0.25;0.75;0.75;0.5;0.5;0.75;0.5;0.0;0.75;0.5;0.5;0.25;0.5;0.25;0.75,1927;1677;1603;1809;1679;1405;2038;1951;1479;1718;2203;1171;1394;1523;1420;1635;1764;1895;1200;1526,0.475,1650.85,0,0.0,0,1303,0,0,0,"<Thinking>
Packet 01 asks for the greatest possible value of k such that the roots of the equation $x^2+kx+5=0$ differ by $\sqrt{61}$. The difference between roots is $\frac{\sqrt{b^2-4ac}}{|a|}= \frac{\sqrt{k^2-4*1*5}}{1} = \sqrt{k^2-20}$, so we equate it to $\sqrt{61}$ giving $k^2 - 20 = 61$ or $k^2 = 81$, making $k=9$ as the greatest value since k can be both positive and negative.

Packet 03 asks for the sum of all possible values of $s(r(x))$. We have the domain of $r(x)$ as $\{-1,0,1,2\}$ which maps to $\{0,2,4,6\}$. For these inputs to $s$, only those that give integers are valid. So we evaluate $s(0)=1,\ s(2)=3,\ s(4)=5,\ s(6)=7$ and the sum is 1+3+5+7=16.

Packet 09 asks for the value of $a^3+b^3+c^3$. Using the identity $(a+b+c)(a^2 + b^2 + c^2 - ab - ac - bc) = a^3 + b^3 + c^3 - 3abc$, and given values as mentioned, we substitute to get our answer.

Packet 12 asks for the sum of common ratios in geometric sequences satisfying $a_3-b_3=2(a_2-b_2)$. For nonconstant and different common ratios r, s, express a_3 and a_2 accordingly. Solving gives us the product of these to be 5+4 = 9 since difference patterns from ratio considerations align.

I found four tasks in this stream.
</Thinking>
<Final_Answers>
- Task BLIZZARD: 9
- Task ALMOND: 16
- Task NUTMEG: 21
- Task BONSAI: 5
"
qwen2.5:7b,Q4_K_M,5,non-ordered,math_bench_5,direct,True,none,solve,1.0,8192,10149,JULIET MIKE DELTA,SAPPHIRE,5,15,20,,20,1;1;1;1;1;1;1;1;1;1;1;1;1;1;1;1;1;1;1;1,,0.0;0.0;0.25;0.0;0.0;0.0;0.0;0.0;0.0;0.0;0.0;0.0;0.0;0.0;0.0;0.0;0.0;0.0;0.0;0.0,0;0;0;0;0;0;0;0;0;0;0;0;0;0;0;0;0;0;0;0,0.0125,0.0,0,0.0,0,126,0,1,,"<Final_Answers>
- Task BLIZZARD: 10
- Task ALMOND: 22
- Task NUTMEG: -36
- Task BONSAI: -3
- Task SAPPHIRE: JULIET MIKE DELTA
"
qwen2.5:7b,Q4_K_M,5,non-ordered,trivial,cot,True,none,solve,1.0,8192,11114,BRAVO SIERRA FOXTROT,HEDGEHOG,5,15,20,19,18,1;1;1;1;1;1;1;1;1;1;1;1;1;1;1;1;0;1;0;1,1;1;1;1;1;1;1;1;1;1;1;1;1;1;1;1;0;1;1;1,1.0;0.75;1.0;1.0;1.0;0.75;1.0;1.0;1.0;0.5;1.0;0.75;1.0;0.75;1.0;1.0;0.75;1.0;1.0;1.0,310;329;308;366;397;274;387;312;326;582;315;302;384;305;312;357;358;306;462;525,0.9125,360.85,0,0.0,0,479,0,0,1,"<Thinking>
Packet 03 is Task TROMBONE: The result for this task is SEAL. Packet 08 is Task JUKEBOX: The result for this task is GARLIC. Packet 09 is Task WHEELBARROW: The result for this task is CYAN. Packet 10 is Task ORIGAMI: The result for this task is PINK. Packet 15 is Task HEDGEHOG: I must copy the three words BRAVO SIERRA FOXTROT.
I found 4 tasks in this stream.

<Final_Answers>
- Task TROMBONE: SEAL
- Task JUKEBOX: GARLIC
- Task WHEELBARROW: CYAN
- Task ORIGAMI: PINK"
qwen2.5:7b,Q4_K_M,5,non-ordered,trivial,direct,True,none,solve,1.0,8192,11114,BRAVO SIERRA FOXTROT,HEDGEHOG,5,15,20,,20,1;1;1;1;1;1;1;1;1;1;1;1;1;1;1;1;1;1;1;1,,1.0;1.0;1.0;1.0;1.0;1.0;1.0;1.0;1.0;1.0;1.0;1.0;1.0;1.0;1.0;1.0;1.0;1.0;1.0;1.0,0;0;0;0;0;0;0;0;0;0;0;0;0;0;0;0;0;0;0;0,1.0,0.0,0,0.0,1,145,0,1,,"<Final_Answers>
- Task TROMBONE: SEAL
- Task JUKEBOX: GARLIC
- Task WHEELBARROW: CYAN
- Task ORIGAMI: PINK
- Task HEDGEHOG: BRAVO SIERRA FOXTROT
"
qwen2.5:7b,Q4_K_M,5,non-ordered,math_bench_2,cot,True,none,solve,1.0,8192,11149,HOTEL LIMA JULIET,ZUCCHINI,5,15,20,3,2,0;0;0;0;0;0;0;0;0;0;0;1;0;0;0;0;0;1;0;0,0;0;0;0;0;0;1;0;0;0;0;1;0;0;0;0;0;1;0;0,1.0;1.0;1.0;1.0;0.75;1.0;1.0;1.0;1.0;0.75;0.75;1.0;1.0;1.0;1.0;1.0;0.75;1.0;0.5;1.0,654;595;464;767;677;364;385;371;879;612;650;774;560;831;719;667;867;648;424;666,0.925,628.7,0,0.0,0,1023,0,0,0,"<Thinking>
Packet 04 is Task GARGOYLE: I need to calculate $2 \diamondsuit 7$ where $\diamondsuit y = 3x + 5y$. So for $x=2$ and $y=7$, the value of $2 \diamondsuit 7$ would be $3(2) + 5(7) = 6 + 35 = 41$.
Packet 08 is Task LANTERN: To evaluate $99\times 99$, I can use the formula $(a-b)^2 = a^2 - 2ab + b^2$ where $a=100$ and $b=1$. So, $(100-1)^2 = 100^2 - 2(100)(1) + 1^2 = 10000 - 200 + 1 = 9801$.
Packet 10 is Task ABACUS: To evaluate $\log_5625$, I need to find the power to which 5 must be raised to get 625. Since $625=5^4$, then $\log_5625 = 4$.
Packet 13 is Task BLIZZARD: First, evaluate $h(-1)$. Plugging in $x=-1$, we have $h(-1) = 4(-1)^3 + 1 = -4 + 1 = -3$. Then calculate $g(h(-1))$ which means substituting from the formula of g(x), so $g(-3) = 2(-3)^2 - 3 = 2(9) - 3 = 18 - 3 = 15$.
I found Task GARGOYLE, Task LANTERN, Task ABACUS, and Task BLIZZARD in this stream. This means there are four tasks to report.

<Final_Answers>
- Task GARGOYLE: 41
- Task LANTERN: 9801
- Task ABACUS: 4
- Task BLIZZARD: 15"
qwen2.5:7b,Q4_K_M,5,non-ordered,math_bench_2,direct,True,none,solve,1.0,8192,11149,HOTEL LIMA JULIET,ZUCCHINI,5,15,20,,20,1;1;1;1;1;1;1;1;1;1;1;1;1;1;1;1;1;1;1;1,,0.5;0.5;0.5;0.5;0.5;0.5;0.5;0.5;0.5;0.5;0.5;0.5;0.5;0.5;0.5;0.5;0.5;0.5;0.5;0.5,0;0;0;0;0;0;0;0;0;0;0;0;0;0;0;0;0;0;0;0,0.5,0.0,0,0.0,0,129,0,1,,"<Final_Answers>
- Task GARGOYLE: 26
- Task LANTERN: 9801
- Task ABACUS: 4
- Task BLIZZARD: -7
- Task ZUCCHINI: HOTEL LIMA JULIET
"
qwen2.5:7b,Q4_K_M,5,non-ordered,math_bench_4,cot,True,none,solve,1.0,8192,11149,HOTEL LIMA JULIET,ZUCCHINI,5,15,20,9,7,1;1;1;0;0;1;0;0;1;1;0;0;0;0;1;0;0;0;0;0,1;1;1;0;0;1;0;0;1;1;0;0;0;0;1;0;0;1;1;0,0.25;0.5;0.0;0.75;0.25;1.0;0.25;0.0;1.0;0.75;0.75;0.0;1.0;0.75;0.75;0.5;0.25;1.0;0.75;0.25,1538;2196;1347;1485;1645;2159;1541;1157;2002;1333;2007;913;2050;1667;2465;1441;1264;2314;2184;1561,0.5375,1713.45,0,0.0,0,1790,0,0,0,"<Thinking>
Packet 04 is Task GARGOYLE: Let’s denote the numbers by \(A = a + 6\), \(B = b - 6\), and \(C = 5c\). We know \(a + b + c = 99\).

Also, since all have the same value, we get:
\[A = B = C \implies a + 6 = b - 6 = 5c\]

From these two equalities, let’s solve for them in terms of \(c\):
\[b = 5c + 12\]
\[a = 5c - 6\]

Substituting into the sum:
\[ (5c - 6) + (5c + 12) + c = 99 \implies 11c + 6 = 99 \implies 11c = 93 \implies c = 8.4545\]

Therefore, \(b = 5(8.4545) + 12 = 53\) or the rounded integer answer is 53.

Packet 08 is Task LANTERN: 

Start solving:
\[\frac{t^2 - t - 56}{t-8} = \frac{3}{t+5}\]

For \( \frac{t^2 - t - 56}{t-8} \):
Factorize the numerator: 
\[ (t-8)(t+7) / (t-8)\] 
Since \( t - 8 \neq 0\), cancels out:
\[t + 7 = \frac{3}{t+5}\]

Multiply both sides by \( t + 5 \): 
\[ (t + 7)(t + 5) = 3\]
\[t^2 + 12t + 35 = 3\]
\[t^2 + 12t + 32 = 0\]

Solve the quadratic:
\[ t = -8, t = -4 \] 
Since we are looking for the greatest value, \(t = -4\).

Packet 10 is Task ABACUS: 

Set up the equations from intersecting lines: 
\[-2x + y = k \]
\[0.5x + y = 14\]

Plug in x = -8.4 into the second equation:
\[0.5(-8.4) + y = 14 \implies -4.2 + y = 14 \implies y = 18.2\]

Now plug (x, y) = (-8.4, 18.2) in to the first equation:
\[-2(-8.4) + 18.2 = k \implies 16.8 + 18.2 = k \implies k = 35.\]

Packet 13 is Task BLIZZARD: 

Given a geometric sequence, the \(n\)th term formula:
\[a_n = ar^{(n-1)}\] 

For \(a_5 = 7!\) and \(a_8 = 8!\):
\[ar^4 = 5040 \]
\[ar^7 = 40320 \]

Divide the second equation by the first:
\[r^3 = \frac{ar^7}{ar^4} = \frac{40320}{5040} = 8\] 
Thus, \( r = 2 \)

Plug in to find \( a \):
\[a(2^4) = 5040 \implies 16a = 5040 \implies a = 315.\]

<Final_Answers>
- Task GARGOYLE: 53
- Task LANTERN: -4
- Task ABACUS: 35
- Task BLIZZARD: 315"
qwen2.5:7b,Q4_K_M,5,non-ordered,math_bench_4,direct,True,none,solve,1.0,8192,11149,HOTEL LIMA JULIET,ZUCCHINI,5,15,20,,20,1;1;1;1;1;1;1;1;1;1;1;1;1;1;1;1;1;1;1;1,,0.0;0.0;0.25;0.0;0.0;0.0;0.0;0.0;0.0;0.0;0.25;0.0;0.25;0.0;0.0;0.0;0.0;0.0;0.0;0.0,0;0;0;0;0;0;0;0;0;0;0;0;0;0;0;0;0;0;0;0,0.0375,0.0,0,0.0,0,128,0,1,,"<Final_Answers>
- Task GARGOYLE: 40
- Task LANTERN: -10
- Task ABACUS: 68
- Task BLIZZARD: 3
- Task ZUCCHINI: HOTEL LIMA JULIET
"
qwen2.5:7b,Q4_K_M,5,non-ordered,math_bench_5,cot,True,none,solve,1.0,8192,11149,HOTEL LIMA JULIET,ZUCCHINI,5,15,20,11,10,1;0;1;1;0;0;0;0;1;0;0;1;1;1;0;0;1;1;1;0,1;0;1;1;0;0;0;0;1;0;0;1;1;1;0;1;1;1;1;0,0.25;0.0;0.0;0.0;0.5;0.25;0.0;0.0;0.0;0.0;0.25;0.0;0.25;0.25;0.0;0.0;0.25;0.0;0.25;0.0,2122;1440;1138;1622;1682;1445;1945;1888;2489;1825;2340;1225;2116;2014;1521;1799;1953;1205;1794;976,0.1125,1726.95,0,0.0,0,2068,0,1,1,"<Thinking>
Packet 04 is Task GARGOYLE: We need to find $5a+5b$ given that $g(x)=5x-4$ and $g(x) = f^{-1}(x)-3$. First, substitute the expression for \( g(x) \):

\[ 5x - 4 = f^{-1}(x) - 3 \]

Solving for \( f^{-1}(x) \), we get:

\[ f^{-1}(x) = 5x - 1. \]

Since \( f^{-1}(x) \) is the inverse of \( f(x) = ax + b \), it means that if \( f(a) = x \), then \( f^{-1}(x) = a \). Thus, setting up:

\[ af^{-1}(a) = a(5a - 1) = a. \]

Equating the two forms of the same equation,

\[ 5a^2 - a = a \Rightarrow 5a^2 - 2a = 0 \Rightarrow a(5a-2)=0, \]
so \( a = \frac{2}{5} \) or \( a = 0 \). But since we're solving for constant terms, it must be that the coefficient from \( f(x) \), so if they equate:

\[ 5a - 1 = b. \]

Now compute:
\[ 5\left(\frac{2}{5}\right) + 5b = 2 + (5(1-0.4)) = 2+5=7, i.e., \text{ solving directly: } a = \frac{2}{5} and b = -1, then \(5a+5b\rightarrow 5(\frac{2}{5}) + 5(-1) = 2-5=-3. Checking directly with values directly from steps: solving inverse properly is needed for final \( c value.

Packet 08 is Task LANTERN: Solving the system of equations:
\[ x^2 - 2x + (y-5)^2 = 0 \]
and
\[ x^2 - 8x + y^2 - 10y + 37 = 0. \]

By subtracting one equation from another, we get:

\[ -6x - 4y + 5(6) = 0 \Rightarrow -3x - 2y + 15 = 0 \Rightarrow 3x + 2y - 15 = 0. Solving linear equation, \( -2y = -3x + 15 \) and substituting into circle 1: x value solving quadratics then product roots: (1,4)(7,2) from roots.

Packet 10 is Task ABACUS: We have an inverse variation: \( a^2 b = k\), for some constant \( k \). Given initial conditions:

\[ 2^2(81) = k \Rightarrow 324 = k. Hence if \( ab = 48 => 48b=324 so, b = \frac{324}{48} = 6.

Packet 13 is Task BLIZZARD: First roots shifted by 2:

\[ (x-2)(y+2) = 0. Then roots \ x = -7/3 , y=5/3 from other quadratic. So \( c = (-\frac{7}{3} + \frac{1}{3})[-\frac{7}{3}-\frac{1}{3}] = -8 * -2 => c = 16.

Packet 15 is Task ZUCCHINI: Copying words: HOTEL LIMA JULIET.
</Thinking>
<Final_Answers>
- Task GARGOYLE: -3
- Task LANTERN: 40
- Task ABACUS: 6
- Task BLIZZARD: 16
- Task ZUCCHINI: HOTEL LIMA JULIET
"
qwen2.5:7b,Q4_K_M,5,non-ordered,math_bench_5,direct,True,none,solve,1.0,8192,11149,HOTEL LIMA JULIET,ZUCCHINI,5,15,20,,20,1;1;1;1;1;1;1;1;1;1;1;1;1;1;1;1;1;1;1;1,,0.0;0.0;0.0;0.0;0.0;0.0;0.0;0.0;0.25;0.0;0.0;0.0;0.0;0.0;0.0;0.0;0.0;0.0;0.0;0.0,0;0;0;0;0;0;0;0;0;0;0;0;0;0;0;0;0;0;0;0,0.0125,0.0,0,0.0,0,131,0,1,,"<Final_Answers>
- Task GARGOYLE: 25
- Task LANTERN: -4
- Task ABACUS: 729
- Task BLIZZARD: -168
- Task ZUCCHINI: HOTEL LIMA JULIET
"
qwen2.5:7b,Q4_K_M,5,non-ordered,trivial,cot,True,none,solve,1.0,8192,12114,JULIET CHARLIE ZULU,VINEYARD,5,14,20,20,19,1;1;1;1;1;1;1;1;1;1;1;1;0;1;1;1;1;1;1;1,1;1;1;1;1;1;1;1;1;1;1;1;1;1;1;1;1;1;1;1,0.75;0.75;0.75;0.75;0.75;0.75;0.75;0.75;0.75;0.75;0.75;0.75;0.75;0.75;0.75;0.75;0.75;0.75;0.75;0.75,231;252;279;290;219;280;295;219;280;324;350;365;261;304;246;219;225;276;219;252,0.75,269.3,0,0.0,0,430,0,1,1,"<Thinking>
Packet 01 is Task DOLPHIN: The result for this task is PURPLE. Packet 02 is Task NUTMEG: The result for this task is WALL. Packet 04 is Task YODEL: The result for this task is APPLE. Packet 14 is Task VINEYARD: I must copy the words JULIET CHARLIE ZULU.

I found four tasks in this stream.
</Thinking>

<Final_Answers>
- Task DOLPHIN: PURPLE
- Task NUTMEG: WALL
- Task YODEL: APPLE
- Task VINEYARD: JULIET CHARLIE ZULU
"
qwen2.5:7b,Q4_K_M,5,non-ordered,trivial,direct,True,none,solve,1.0,8192,12114,JULIET CHARLIE ZULU,VINEYARD,5,14,20,,20,1;1;1;1;1;1;1;1;1;1;1;1;1;1;1;1;1;1;1;1,,1.0;1.0;1.0;1.0;1.0;1.0;1.0;1.0;1.0;1.0;1.0;1.0;1.0;1.0;1.0;1.0;1.0;1.0;1.0;1.0,0;0;0;0;0;0;0;0;0;0;0;0;0;0;0;0;0;0;0;0,1.0,0.0,0,0.0,1,135,0,1,,"<Final_Answers>
- Task DOLPHIN: PURPLE
- Task NUTMEG: WALL
- Task YODEL: APPLE
- Task TULIP: TEAL
- Task VINEYARD: JULIET CHARLIE ZULU
"
qwen2.5:7b,Q4_K_M,5,non-ordered,math_bench_2,cot,True,none,solve,1.0,8192,12149,PAPA OSCAR ZULU,ORIGAMI,5,15,20,16,19,1;1;1;1;1;1;1;1;1;0;1;1;1;1;1;1;1;1;1;1,0;1;1;1;1;0;1;1;1;0;1;1;1;1;1;1;1;0;1;1,0.75;0.75;0.75;0.75;0.75;1.0;0.75;0.5;0.75;0.5;0.5;1.0;1.0;0.75;0.75;1.0;0.5;0.5;0.5;0.75,907;1198;1408;1536;1500;951;1281;960;928;1246;1600;1100;1611;1000;1269;1292;1016;943;1246;1490,0.725,1224.1,0,0.0,0,994,0,0,0,"<Thinking>
Packet 04 is Task WHEELBARROW: To solve \(3y^2 + 5y + 2 = 4\), rearrange to get \(3y^2 + 5y - 2 = 0\). Factorize or use the quadratic formula; I find \(y = \frac{1}{3}\) and \(y = -2\) as solutions. The least value of \(y\) is -2.

Packet 06 is Task FIREFLY: For \(x^2 + y^2 = 90\) and \(xy = 27\), solve by substituting \(x^2 = 90 - y^2\) into \((x+y)^2 = x^2 + y^2 + 2xy = 90 + 54 = 144\). Hence, \(x + y = ±12\); the greatest value is 12.

Packet 09 is Task SUNDIAL: The sequence starts at -8 with a common difference of 6. So the general term is \(-8 + (n-1)6\). For \(n = 2000\), it’s \(-8 + (2000-1)6 = 11992\). For \(n=2005\), it’s \(-8 + (2005-1)6 = 12032\). The positive difference is \(12032 - 11992 = 40\).

Packet 14 is Task ROOSTER: Solve \((x-4)^3 = 8\) by taking the cube root of both sides to get \(x-4 = 2\), giving us \(x=6\).

I found and solved 4 tasks in this stream.
<Final_Answers>
- Task WHEELBARROW: -2
- Task FIREFLY: 12
- Task SUNDIAL: 40
- Task ROOSTER: 6"
qwen2.5:7b,Q4_K_M,5,non-ordered,math_bench_2,direct,True,none,solve,1.0,8192,12149,PAPA OSCAR ZULU,ORIGAMI,5,15,20,,20,1;1;1;1;1;1;1;1;1;1;1;1;1;1;1;1;1;1;1;1,,0.25;0.0;0.25;0.25;0.25;0.25;0.0;0.25;0.0;0.0;0.0;0.25;0.25;0.25;0.25;0.0;0.0;0.0;0.0;0.25,0;0;0;0;0;0;0;0;0;0;0;0;0;0;0;0;0;0;0;0,0.1375,0.0,0,0.0,0,126,0,1,,"<Final_Answers>
- Task WHEELBARROW: -1
- Task FIREFLY: 30
- Task SUNDIAL: 2
- Task ROOSTER: 7
- Task ORIGAMI: PAPA OSCAR ZULU
"
qwen2.5:7b,Q4_K_M,5,non-ordered,math_bench_4,cot,True,none,solve,1.0,8192,12149,PAPA OSCAR ZULU,ORIGAMI,5,15,20,11,11,1;0;1;1;1;0;0;1;0;1;1;1;1;0;0;1;0;1;0;0,1;0;1;1;1;0;0;1;0;1;1;1;1;0;0;1;0;1;0;0,0.5;0.25;0.25;0.25;0.5;0.25;0.5;0.0;0.5;0.75;0.25;0.25;0.0;1.0;0.75;0.5;0.5;0.25;0.75;0.25,1509;907;1579;2182;1717;1600;1347;1137;1644;1858;1371;1557;1032;1423;1606;1681;1021;1182;1473;2048,0.4125,1493.7,0,0.0,0,1689,0,1,0,"<Thinking>
Packet 04 is Task WHEELBARROW: Setting up an equation from given ratios \(\frac{x+2}{2x+2} = \frac{4x+3}{7x+3}\) and solving for x. Cross-multiply to get \( (x+2)(7x+3) = (4x+3)(2x+2)\). Simplify, combine like terms, solve the quadratic equation to find possible values of x, then check which ones are real numbers. The product of all such x is 1.

Packet 06 is Task FIREFLY: Expand \((x-5)(2x+9) = x^2 - 13x + 40\), collect like terms to find a quadratic equation \(2x^2 - x - 105 = 0\). Using the sum and product of roots formula, where for \(ax^2 + bx + c = 0\) the sum of roots is \(-b/a\) and the product of roots is \(c/a\). In this case, the sum of roots \(p+q = -\frac{-1}{2} = \frac{1}{2}\), and their product is \(\frac{-105}{2}\). So, we need to calculate \((p + 3)(q + 3)\) which simplifies using identities.

Packet 09 is Task SUNDIAL: Determine \(x\) in the equation \(\sqrt[5]{x\sqrt{x^3}} = 3\). Rewrite as \(x^{1/2} \cdot x^{3/10} = 3^5\), simplifying to find \(x^{8/10} = 3^5\), which further simplifies and solving for integer values of x.

Packet 14 is Task ROOSTER: Given the sequence where first term (a) is 2, second term (b) is 5. The relationship between terms after the first is \(b = \frac{k}{a}\). This means each subsequent term can be determined in a pattern based on the inverse proportionality constant k found from the initial terms.

For these cases, only integer answers fit:
- Task WHEELBARROW: 1
- Task FIREFLY: -25
- Task SUNDIAL: 3125
- Task ROOSTER: 5

The remaining filler packets did not contain any tasks.

<Final_Answers>
- Task WHEELBARROW: 1
- Task FIREFLY: -25
- Task SUNDIAL: 3125
- Task ROOSTER: 5
- Task ORIGAMI: PAPA OSCAR ZULU"
qwen2.5:7b,Q4_K_M,5,non-ordered,math_bench_4,direct,True,none,solve,1.0,8192,12149,PAPA OSCAR ZULU,ORIGAMI,5,15,20,,20,1;1;1;1;1;1;1;1;1;1;1;1;1;1;1;1;1;1;1;1,,0.25;0.25;0.25;0.25;0.0;0.0;0.25;0.0;0.25;0.0;0.0;0.25;0.25;0.25;0.0;0.25;0.0;0.25;0.0;0.25,0;0;0;0;0;0;0;0;0;0;0;0;0;0;0;0;0;0;0;0,0.15,0.0,0,0.0,0,128,0,1,,"<Final_Answers>
- Task WHEELBARROW: -1
- Task FIREFLY: 32
- Task SUNDIAL: 243
- Task ROOSTER: 2
- Task ORIGAMI: PAPA OSCAR ZULU
"
qwen2.5:7b,Q4_K_M,5,non-ordered,math_bench_5,cot,True,none,solve,1.0,8192,12149,PAPA OSCAR ZULU,ORIGAMI,5,15,20,15,15,0;1;1;1;0;1;0;1;1;1;1;1;0;1;0;1;1;1;1;1,0;1;1;1;1;0;0;0;0;1;1;1;1;1;1;1;1;1;1;1,0.0;0.0;0.0;0.25;0.75;0.5;0.5;0.0;0.75;0.25;0.25;0.75;0.25;0.25;0.25;0.5;0.25;0.5;0.0;0.5,1299;1669;1554;2204;1546;1223;1214;1668;1919;1412;1726;1752;1382;1636;1588;1669;1312;1578;2113;1951,0.325,1620.75,0,0.0,0,1488,0,1,1,"<Thinking>
Packet 04 is Task WHEELBARROW: To find where $y = 3$ intersects $y = 4x^2 + x - 1$, I set \(4x^2 + x - 1 = 3\), simplifies to \(4x^2 + x - 4 = 0\). Solving this with the quadratic formula \[x = \frac{-b+\pm\sqrt{b^2-4ac}}{2a}\] gives roots. The distance $|\alpha-\beta|=\left|\frac{\sqrt{73}}{4}\right|$ which simplifies to $\frac{\sqrt{73}}{4}$. Thus, \(m = 73\), and \(n = 4\). Answer is \(m-n=69\).

Packet 06 is Task FIREFLY: Completing the square for $x^2+bx+\frac13=(x+m)^2+\frac1{12}$ requires converting constants, so \[b=-2m\] with \(\left(m^2+\frac13-\frac1{12}\right)=\frac1{12}\). Solving gives \(m = -\sqrt{\frac16}\) and as \(b\) is a specific negative number, thus \(b=2\sqrt{\frac16}=-\sqrt{\frac83}\), so the integer answer for b is \(-3\).

Packet 09 is Task SUNDIAL: For $2x^2 + 5x + b = 0$ to have rational roots, its discriminant \(25-16b\) must be a perfect square. Testing integers \[b=6\] as valid. Sum of possible positive integer values for $b$ is just 6.

Packet 14 is Task ROOSTER: Intersections of $(2,2)$, $(4,6)$ simplifying to point $(0,0)$. With transformation applied: \(y=h(2x)\), and \(y=2j(x)\), the intersection occurs at \((1,3)\), so sum of coordinates is 4.

Packet 15 is Task ORIGAMI: I need to copy these three words: ""PAPA OSCAR ZULU"".

I found tasks for WHEELBARROW, FIREFLY, SUNDIAL, ROOSTER, and ORIGAMI.
<Final_Answers>
- Task WHEELBARROW: 69
- Task FIREFLY: -3
- Task SUNDIAL: 6
- Task ROOSTER: 4
- Task ORIGAMI: PAPA OSCAR ZULU"
qwen2.5:7b,Q4_K_M,5,non-ordered,math_bench_5,direct,True,none,solve,1.0,8192,12149,PAPA OSCAR ZULU,ORIGAMI,5,15,20,,20,1;1;1;1;1;1;1;1;1;1;1;1;1;1;1;1;1;1;1;1,,0.0;0.0;0.0;0.0;0.0;0.0;0.0;0.0;0.0;0.0;0.0;0.0;0.0;0.0;0.0;0.0;0.0;0.0;0.0;0.0,0;0;0;0;0;0;0;0;0;0;0;0;0;0;0;0;0;0;0;0,0.0,0.0,0,0.0,0,126,0,1,,"<Final_Answers>
- Task WHEELBARROW: 4
- Task FIREFLY: -4
- Task SUNDIAL: 23
- Task ROOSTER: 8
- Task ORIGAMI: PAPA OSCAR ZULU
"
qwen2.5:7b,Q4_K_M,5,non-ordered,trivial,cot,True,none,solve,1.0,8192,13114,PAPA BRAVO JULIET,FIREFLY,5,15,20,14,14,1;0;1;1;0;1;1;1;1;1;0;1;1;0;1;0;1;1;0;1,1;0;1;1;0;1;1;1;1;1;0;1;1;0;1;0;1;1;0;1,0.75;1.0;1.0;1.0;0.75;1.0;1.0;1.0;0.75;0.75;1.0;0.75;1.0;0.75;1.0;0.75;0.75;1.0;1.0;0.75,325;250;342;301;284;269;348;375;321;399;440;262;437;232;456;250;324;306;327;251,0.8875,324.95,0,0.0,0,472,0,1,1,"<Thinking>
Packet 04 is Task ESPRESSO: report the word HORSE. Packet 10 is Task MARBLE: report the word INDIGO. Packet 11 is Task CATAPULT: report the word GRAPE. Packet 12 is Task VINEYARD: report the word ROOF. Packet 15 is Task FIREFLY: I must copy the three words PAPA BRAVO JULIET.

I found 4 tasks in this stream.
</Thinking>
<Final_Answers>
- Task ESPRESSO: HORSE
- Task MARBLE: INDIGO
- Task CATAPULT: GRAPE
- Task VINEYARD: ROOF
- Task FIREFLY: PAPA BRAVO JULIET
"
qwen2.5:7b,Q4_K_M,5,non-ordered,trivial,direct,True,none,solve,1.0,8192,13114,PAPA BRAVO JULIET,FIREFLY,5,15,20,,20,1;1;1;1;1;1;1;1;1;1;1;1;1;1;1;1;1;1;1;1,,1.0;1.0;1.0;1.0;1.0;1.0;1.0;1.0;1.0;1.0;1.0;1.0;1.0;1.0;1.0;1.0;1.0;1.0;1.0;1.0,0;0;0;0;0;0;0;0;0;0;0;0;0;0;0;0;0;0;0;0,1.0,0.0,0,0.0,1,140,0,1,,"<Final_Answers>
- Task ESPRESSO: HORSE
- Task MARBLE: INDIGO
- Task CATAPULT: GRAPE
- Task VINEYARD: ROOF
- Task FIREFLY: PAPA BRAVO JULIET
"
qwen2.5:7b,Q4_K_M,5,non-ordered,math_bench_2,cot,True,none,solve,1.0,8192,13149,WHISKEY YANKEE INDIA,RASPBERRY,5,11,20,19,19,0;1;1;1;1;1;1;1;1;1;1;1;1;1;1;1;1;1;1;1,0;1;1;1;1;1;1;1;1;1;1;1;1;1;1;1;1;1;1;1,0.5;0.5;0.75;0.75;0.75;0.75;0.75;0.75;1.0;0.75;0.5;0.75;0.75;0.75;0.75;0.25;0.75;0.75;0.75;0.75,942;929;1213;1023;854;778;632;821;1233;910;881;965;692;1066;1127;1058;1169;690;1294;798,0.7,953.75,0,0.0,0,616,0,1,0,"<Thinking>
Packet 07 is Task JUKEBOX: Given that M(4,4) is the midpoint of AB and A(8,4), we can find B's coordinates. If (4,4) = ((8+Bx)/2, (4+By)/2), solving for B gives us B(-2,4). The sum of its coordinates is -2 + 4 which equals 2.
Packet 09 is Task JASMINE: \(\log_2\frac{1}{16} = \log_2(2^{-4}) = -4\).
Packet 10 is Task NUTMEG: Let \(n\) be the number of nickels, and \(p\) be the number of pennies. Then \(5n + p = 32\), and \(n+p = 31\). Subtracting the two equations gives us 4n = 1, thus n = 8.

<Final_Answers>
- Task JUKEBOX: 2
- Task JASMINE: -4
- Task NUTMEG: 8
- Task RASPBERRY: WHISKEY YANKEE INDIA"
qwen2.5:7b,Q4_K_M,5,non-ordered,math_bench_2,direct,True,none,solve,1.0,8192,13149,WHISKEY YANKEE INDIA,RASPBERRY,5,11,20,,20,1;1;1;1;1;1;1;1;1;1;1;1;1;1;1;1;1;1;1;1,,0.5;0.25;0.25;0.25;0.25;0.25;0.25;0.25;0.25;0.25;0.25;0.25;0.25;0.25;0.25;0.25;0.25;0.25;0.5;0.5,0;0;0;0;0;0;0;0;0;0;0;0;0;0;0;0;0;0;0;0,0.2875,0.0,0,0.0,0,127,0,1,,"<Final_Answers>
- Task GAZEBO: 18
- Task JUKEBOX: 0
- Task JASMINE: -4
- Task NUTMEG: 6
- Task RASPBERRY: WHISKEY YANKEE INDIA
"
qwen2.5:7b,Q4_K_M,5,non-ordered,math_bench_4,cot,True,none,solve,1.0,8192,13149,WHISKEY YANKEE INDIA,RASPBERRY,5,11,20,19,16,0;0;1;1;0;1;1;1;1;1;1;1;0;1;1;1;1;1;1;1,1;1;1;1;1;1;1;1;0;1;1;1;1;1;1;1;1;1;1;1,0.75;0.25;0.5;0.25;0.5;0.25;0.75;0.75;0.5;0.25;0.75;0.0;1.0;0.75;0.5;0.25;0.25;0.5;0.25;0.5,1337;1276;1642;1469;1803;1142;948;614;1789;1367;1239;890;1763;1101;1756;1250;1061;1150;1386;1856,0.475,1341.95,0,0.0,0,1239,0,0,0,"<Thinking>
Packet 07 is Task JUKEBOX: The given geometric sequence has the first term as 140 and the common ratio can be deduced by dividing the second term \(a\) by the first term 140. Thus, \( \frac{a}{140} = \frac{\frac{45}{28}}{a} \) which simplifies to \( a^2 = 140 \cdot \frac{45}{28} \). Further calculations yield \( a^2 = 675/7 \), so \( a = \sqrt{675/7} \). Since \(a\) is given as positive, the integer value of \(a\) is approximately 11.39, and rounding to the nearest whole number gives us 11.

Packet 09 is Task JASMINE: For the polynomial identity equation \( (x^2 - k)(x + k) = x^3 + k(x^2 - x - 5) \), expanding both sides yields \(x^3 - kx^2 + kx^2 - k^2 = x^3 - kx - 5k\). Simplifying, we get \( - k^2 = -kx - 5k \). Substituting and solving for \(k\) results in \( k(k + x) = k(5) \), which simplifies to \( k + x = 5 \) (since \(k \neq 0\)). Therefore, the value of \(k\) is 2.

Packet 10 is Task NUTMEG: Given that \(A = (\sqrt{2008}+\sqrt{2009})\), \(B = (-\sqrt{2008}-\sqrt{2009})\), \(C = (\sqrt{2008}-\sqrt{2009})\), and \(D = (\sqrt{2009}-\sqrt{2008})\), the product \(ABCD\) is \((-1)(1)(-1)(1) = 1\).

In this stream, I found three tasks.

<Final_Answers>
- Task JUKEBOX: 11
- Task JASMINE: 2
- Task NUTMEG: 1
"
qwen2.5:7b,Q4_K_M,5,non-ordered,math_bench_4,direct,True,none,solve,1.0,8192,13149,WHISKEY YANKEE INDIA,RASPBERRY,5,11,20,,20,1;1;1;1;1;1;1;1;1;1;1;1;1;1;1;1;1;1;1;1,,0.0;0.5;0.0;0.5;0.0;0.5;0.5;0.25;0.25;0.25;0.5;0.5;0.5;0.5;0.5;0.25;0.5;0.25;0.25;0.5,0;0;0;0;0;0;0;0;0;0;0;0;0;0;0;0;0;0;0;0,0.35,0.0,0,0.0,0,128,0,1,,"<Final_Answers>
- Task GAZEBO: 5
- Task JUKEBOX: 70
- Task JASMINE: -1
- Task NUTMEG: -1
- Task RASPBERRY: WHISKEY YANKEE INDIA
"
qwen2.5:7b,Q4_K_M,5,non-ordered,math_bench_5,cot,True,none,solve,1.0,8192,13149,WHISKEY YANKEE INDIA,RASPBERRY,5,11,20,18,13,1;0;0;1;1;1;1;0;1;1;1;0;0;1;0;0;1;1;1;1,1;1;0;1;1;1;1;1;1;1;1;1;0;1;1;1;1;1;1;1,0.0;0.25;0.5;0.5;0.75;0.5;0.5;0.75;0.25;0.25;0.5;0.25;0.0;0.5;0.75;0.5;0.25;0.5;0.5;0.75,1157;1585;556;942;2001;1317;1201;1857;924;636;1490;1431;561;981;1562;1781;685;1122;1320;1289,0.4375,1219.9,0,0.0,0,1377,0,1,1,"<Thinking>
Packet 07 is Task JUKEBOX: Rationalizing $\frac{2}{3\sqrt{5} + 2\sqrt{11}}$, we multiply by the conjugate to get a denominator of $(3\sqrt{5})^2 - (2\sqrt{11})^2$ simplifying this, $45 - 44 = 1$. So, we have $\frac{2(3\sqrt{5} - 2\sqrt{11})}{3\sqrt{5} \cdot 2\sqrt{5} - 2\sqrt{11} \cdot 2\sqrt{11}}$ which becomes $\frac{6\sqrt{5} - 8\sqrt{11}}{1}$ thus $A=6, B=5, C=-8, D=11, E=1$, so $A+B+C+D+E = 6 + 5 - 8 + 11 + 1 = 15$.

Packet 09 is Task JASMINE: The function $r(\theta) = \frac{1}{1-\theta}$ when applied six times will reduce $\theta$ to a simple value. Given repetitive application of $r$, the internal pattern reveals that after an even number of applications, we end with 30 itself due to the nature of the recursive fraction function.

Packet 10 is Task NUTMEG: The given equation $|3x| + |4y| = 12$ describes a diamond (or rhombus) centered at origin in the plane. For simplicity, consider quadrants and derive lengths along axes: for $x=4, y=0$: 4 units; for $y=3, x=0$: 3 units. The enclosed area of such shape is $\frac{1}{2} \times \text{diagonal}_1 \times \text{diagonal}_2 = \frac{1}{2} \times 8 \times 6 = 24$.

Packet 11 is Task RASPBERRY: Copying the three words ""WHISKEY YANKEE INDIA"".

I found 4 tasks in this stream.
</Thinking>

<Final_Answers>
- Task JUKEBOX: 15
- Task JASMINE: 30
- Task NUTMEG: 24
- Task RASPBERRY: WHISKEY YANKEE INDIA
"
qwen2.5:7b,Q4_K_M,5,non-ordered,math_bench_5,direct,True,none,solve,1.0,8192,13149,WHISKEY YANKEE INDIA,RASPBERRY,5,11,20,,20,1;1;1;1;1;1;1;1;1;1;1;1;1;1;1;1;1;1;1;1,,0.25;0.0;0.25;0.0;0.25;0.25;0.0;0.25;0.0;0.25;0.25;0.25;0.0;0.25;0.25;0.0;0.25;0.25;0.25;0.0,0;0;0;0;0;0;0;0;0;0;0;0;0;0;0;0;0;0;0;0,0.1625,0.0,0,0.0,0,132,0,1,,"<Final_Answers>
- Task GAZEBO: 15
- Task JUKEBOX: 70
- Task JASMINE: -2987
- Task NUTMEG: 24
- Task RASPBERRY: WHISKEY YANKEE INDIA
"
qwen2.5:7b,Q4_K_M,5,non-ordered,trivial,cot,True,none,solve,1.0,8192,14114,ROMEO BRAVO LIMA,CACTUS,5,13,20,20,20,1;1;1;1;1;1;1;1;1;1;1;1;1;1;1;1;1;1;1;1,1;1;1;1;1;1;1;1;1;1;1;1;1;1;1;1;1;1;1;1,1.0;1.0;1.0;0.75;0.75;0.75;1.0;1.0;1.0;0.75;1.0;1.0;1.0;1.0;1.0;1.0;0.75;1.0;1.0;1.0,310;237;323;264;262;335;302;355;425;312;314;334;344;312;278;321;350;320;302;375,0.9375,318.75,0,0.0,0,465,0,1,1,"<Thinking>
Packet 01 is Task LANTERN: The result is TROUT. Packet 06 is Task BAGPIPE: The result is KNIFE. Packet 09 is Task URCHIN: The result is GOAT. Packet 10 is Task PARSNIP: The result is SALT. Packet 13 is Task CACTUS: I must copy the three words ROMEO BRAVO LIMA. I identified and solved 4 tasks in this stream.
</Thinking>
<Final_Answers>
- Task LANTERN: TROUT
- Task BAGPIPE: KNIFE
- Task URCHIN: GOAT
- Task PARSNIP: SALT
- Task CACTUS: ROMEO BRAVO LIMA
"
qwen2.5:7b,Q4_K_M,5,non-ordered,trivial,direct,True,none,solve,1.0,8192,14114,ROMEO BRAVO LIMA,CACTUS,5,13,20,,20,1;1;1;1;1;1;1;1;1;1;1;1;1;1;1;1;1;1;1;1,,1.0;1.0;1.0;1.0;1.0;1.0;1.0;1.0;1.0;1.0;1.0;1.0;1.0;1.0;1.0;1.0;1.0;1.0;1.0;1.0,0;0;0;0;0;0;0;0;0;0;0;0;0;0;0;0;0;0;0;0,1.0,0.0,0,0.0,1,133,0,1,,"<Final_Answers>
- Task LANTERN: TROUT
- Task BAGPIPE: KNIFE
- Task URCHIN: GOAT
- Task PARSNIP: SALT
- Task CACTUS: ROMEO BRAVO LIMA
"
qwen2.5:7b,Q4_K_M,5,non-ordered,math_bench_2,cot,True,none,solve,1.0,8192,14149,HOTEL DELTA UNIFORM,UMBRELLA,5,15,20,6,9,1;0;1;0;0;0;1;0;0;0;1;1;0;1;1;0;1;1;0;0,0;0;1;0;0;0;0;0;0;1;1;1;0;1;1;0;0;0;0;0,1.0;0.75;0.75;0.5;0.75;0.75;0.75;0.75;0.75;0.75;0.75;0.75;0.75;1.0;0.5;0.75;0.75;0.75;0.75;1.0,1261;1030;1227;888;1236;1284;1143;1345;1215;1623;1271;1420;1696;1387;1661;1150;1104;1089;1279;934,0.7625,1262.15,0,0.0,0,1574,0,0,0,"<Thinking>
Packet 08 is Task YACHT: The distance from (1, -1) to (7, 7) can be calculated using the distance formula. \(\sqrt{(7-1)^2 + (7+1)^2} = \sqrt{6^2 + 8^2} = \sqrt{36+64}= \sqrt{100} = 10\). So, the answer is 10.

Packet 09 is Task VELVET: Evaluating the expression with \(a=4\) and \(b=1\), we get \((4^2 + 1)^2 - (4^2 - 1)^2 = (16 + 1)^2 - (16 - 1)^2 = 17^2 - 15^2 = 289 - 225 = 64\).

Packet 11 is Task FIREFLY: We need to find the integer closest to \(\sqrt[3]{6^3 + 8^3}\). First, calculate the value inside the cube root, which gives us \(6^3 + 8^3 = 216 + 512 = 728\). Then, we take the cube root of 728. The cube roots near this number are \(\sqrt[3]{729} = 9\) and other values below it are less than 9. Since 728 is very close to 729, the closest integer is 9.

Packet 14 is Task FALCON: We can find Julie's hourly rate first. She earned \$5000 in 48 weeks * 12 weeks = 576 hours at an unknown hourly rate r. So her total pay equation is \(576r = 5000\). Solving for r gives us \(r = \frac{5000}{576}\) which is about \$8.68 per hour. Now, to find out how many hours she must work at the same rate to earn another \$5000 (for a total of \$10000), we set up an equation: \(10000 = 48w * \frac{5000}{576}\) where w is the number of weeks and h the equivalent hours. Simplifying, we see that to double her earnings in the same hourly rate means working twice the amount per week. Thus, she needs \(2*48/12 = 8\) hours per week.

I found 3 tasks in this stream.
</Thinking>
<Final_Answers>
- Task YACHT: 10
- Task VELVET: 64
- Task FIREFLY: 9
- Task FALCON: 8
"
qwen2.5:7b,Q4_K_M,5,non-ordered,math_bench_2,direct,True,none,solve,1.0,8192,14149,HOTEL DELTA UNIFORM,UMBRELLA,5,15,20,,20,1;1;1;1;1;1;1;1;1;1;1;1;1;1;1;1;1;1;1;1,,0.25;0.25;0.25;0.0;0.25;0.25;0.0;0.25;0.25;0.0;0.25;0.25;0.0;0.25;0.25;0.25;0.25;0.25;0.25;0.25,0;0;0;0;0;0;0;0;0;0;0;0;0;0;0;0;0;0;0;0,0.2,0.0,0,0.0,0,124,0,1,,"<Final_Answers>
- Task YACHT: 10
- Task VELVET: 32
- Task FIREFLY: 5
- Task FALCON: 25
- Task UMBRELLA: HOTEL DELTA UNIFORM
"
qwen2.5:7b,Q4_K_M,5,non-ordered,math_bench_4,cot,True,none,solve,1.0,8192,14149,HOTEL DELTA UNIFORM,UMBRELLA,5,15,20,13,15,1;1;0;1;1;0;0;1;1;1;1;1;1;1;1;0;1;1;0;1,1;1;0;1;1;0;0;1;0;1;1;1;1;1;1;0;0;1;0;1,0.5;0.75;0.75;0.75;0.5;1.0;0.5;0.25;0.75;1.0;0.5;0.5;0.75;0.5;0.25;0.25;0.5;0.5;0.5;0.75,1252;1135;829;974;1567;1097;1342;966;1099;1100;910;856;1375;1185;1064;828;720;1043;1612;1147,0.5875,1105.05,0,0.0,0,1476,0,1,1,"<Thinking>
Packet 08 is Task YACHT: Calculate the perimeter of quadrilateral ABCD. A has coordinates (0,1), B (2,5), C (5,2), and D (7,0). AB = sqrt((2-0)^2 + (5-1)^2) = sqrt(4+16) = 2sqrt(5); BC = sqrt((5-2)^2 + (2-5)^2) = sqrt(9+9) = 3sqrt(2); CD = sqrt((7-5)^2 + (0-2)^2) = sqrt(4+4) = 2sqrt(2); DA = sqrt((7-0)^2 + (0-1)^2) = sqrt(49+1) = sqrt(50) = 5sqrt(2). Summing: 2sqrt(5) + 3sqrt(2) + 2sqrt(2) + 5sqrt(2) which is in the form a√2 + b√5. Therefore, a=7 and b=2; a+b=9.

Packet 09 is Task VELVET: Functions f(x) = x^2 - 2x + m, g(x) = x^2 - 2x + 4m. Evaluate both at x = 4. For f(4). (4^2 - 2*4 + m) → 16 - 8 + m = 8 + m; For g(4). (4^2 - 2*4 + 4m) → 16 - 8 + 4m = 8 + 4m. Given 2f(4) = g(4), we can write this as: 2(8 + m) = 8 + 4m; which yields 16 + 2m = 8 + 4m, or rearranging -2m = -8 → m = 4.

Packet 11 is Task FIREFLY: Midpoint of (0,0), (2,3): ((0+2)/2, (0+3)/2) = (1,1.5); Midpoint of (5,0), (6,3): ((5+6)/2, (0+3)/2) = (5.5, 1.5). These midpoints form a vertical line with slope (1.5 - 1.5)/(5.5 - 1) = 0/4.5 = 0.

Packet 14 is Task FALCON: Given f(3x-1) = x^2 + x + 1. To find f(5), convert it to 3x-1 = 5, so 3x = 6, and x=2. Then plug x into the transformed function: (3*2 - 1)^2 + (3*2 -1) + 1 → 5^2 + 5 + 1 = 25 + 5 + 1 = 31.

Packet 15 is Task UMBRELLA: Copying ""HOTEL DELTA UNIFORM"".

I solved 5 tasks in the stream.
</Thinking>
<Final_Answers>
- Task YACHT: 9
- Task VELVET: 4
- Task FIREFLY: 0
- Task FALCON: 31
- Task UMBRELLA: HOTEL DELTA UNIFORM
"
qwen2.5:7b,Q4_K_M,5,non-ordered,math_bench_4,direct,True,none,solve,1.0,8192,14149,HOTEL DELTA UNIFORM,UMBRELLA,5,15,20,,20,1;1;1;1;1;1;1;1;1;1;1;1;1;1;1;1;1;1;1;1,,0.0;0.0;0.25;0.0;0.0;0.25;0.25;0.0;0.25;0.0;0.5;0.25;0.0;0.0;0.25;0.0;0.0;0.0;0.5;0.0,0;0;0;0;0;0;0;0;0;0;0;0;0;0;0;0;0;0;0;0,0.125,0.0,0,0.0,0,121,0,1,,"<Final_Answers>
- Task YACHT: 7
- Task VELVET: 1
- Task FIREFLY: 1
- Task FALCON: 5
- Task UMBrella: HOTEL DELTA UNIFORM
"
qwen2.5:7b,Q4_K_M,5,non-ordered,math_bench_5,cot,True,none,solve,1.0,8192,14149,HOTEL DELTA UNIFORM,UMBRELLA,5,15,20,8,9,1;1;0;1;0;0;1;0;1;1;1;0;0;1;0;0;0;0;1;0,1;1;0;1;0;0;1;0;1;1;1;0;0;0;0;0;0;0;1;0,0.25;0.75;0.75;0.75;0.5;0.5;0.25;0.5;0.5;0.75;0.25;0.5;0.75;0.75;0.25;0.5;0.75;0.75;0.75;0.5,1841;2125;1951;1807;1880;1573;1605;1808;2020;2531;1295;1811;2147;1646;1763;1873;1573;1670;1731;1837,0.5625,1824.35,0,0.0,0,1601,0,1,0,"<Thinking>
Packet 08 is Task YACHT: The first term of a geometric sequence is 729 and the 7th term is 64. To find the common ratio, we use \( r^6 = \frac{64}{729} \), which gives \( r = \frac{2}{3} \). The fifth term can be found by recognizing that it follows a geometric progression with a common ratio of \( \frac{2}{3} \): the terms are 729, 486, 324, 216, and 144. Therefore, the answer is 144.

Packet 09 is Task VELVET: The expression \(\frac{9x^3+4x^2+11x+7}{x^2+bx+8}\) has a domain of all real numbers if and only if \( x^2 + bx + 8 \) has no real roots. This requires the discriminant be less than 0, i.e., \( b^2 - 32 < 0 \). Solving \( b^2 < 32 \), we get \( |b| < \sqrt{32} = 4\sqrt{2} \approx 5.656 \). The greatest integer value for \( b \) is 5.

Packet 11 is Task FIREFLY: In the sequences, sequence A increases by 10 each step, so its 51st term is 30 + 50 * 10 = 530. Sequence B decreases by 10 each step, so its 51st term is 30 - 50 * 10 = -470. The absolute difference between them is |530 - (-470)| = 1000.

Packet 14 is Task FALCON: For the sequence where each term after the first is \(\frac{1}{3}\) of the sum of the preceding and following terms, let’s denote the 2nd term as \( x \), and continue solving for subsequent terms until we can find the 5th one. We would solve a recursive equation based on given conditions (a_1 = 2, a_4 = 34) using logical steps to deduce that following this pattern leads us to determine a_5 is 97.

Task FALCON: 97

<Final_Answers>
- Task YACHT: 144
- Task VELVET: 5
- Task FIREFLY: 1000
- Task FALCON: 97
- Task UMBRELLA: HOTEL DELTA UNIFORM"
qwen2.5:7b,Q4_K_M,5,non-ordered,math_bench_5,direct,True,none,solve,1.0,8192,14149,HOTEL DELTA UNIFORM,UMBRELLA,5,15,20,,20,1;1;1;1;1;1;1;1;1;1;1;1;1;1;1;1;1;1;1;1,,0.0;0.0;0.0;0.25;0.0;0.0;0.0;0.0;0.0;0.0;0.0;0.0;0.0;0.0;0.0;0.0;0.0;0.0;0.0;0.0,0;0;0;0;0;0;0;0;0;0;0;0;0;0;0;0;0;0;0;0,0.0125,0.0,0,0.0,0,126,0,1,,"<Final_Answers>
- Task YACHT: 128
- Task VELVET: -7
- Task FIREFLY: 50
- Task FALCON: 96
- Task UMBRELLA: HOTEL DELTA UNIFORM
"
qwen2.5:7b,Q4_K_M,5,non-ordered,trivial,cot,True,none,solve,1.0,8192,15114,BRAVO GOLF ALPHA,ANCHOVY,5,14,20,19,19,1;1;1;1;1;1;1;1;1;1;1;0;1;1;1;1;1;1;1;1,1;1;1;1;1;1;1;1;1;1;1;0;1;1;1;1;1;1;1;1,0.5;0.75;1.0;0.75;1.0;0.75;1.0;1.0;0.75;0.75;1.0;0.5;1.0;0.75;1.0;0.75;0.75;0.75;1.0;1.0,459;545;279;319;299;218;374;311;252;218;299;331;299;272;277;250;260;282;267;335,0.8375,307.3,0,0.0,0,516,0,1,1,"<Thinking>
Packet 01 is Task SCARECROW: this requires reporting the word LAMP. Packet 03 is Task ICEBERG: this calls for reporting the word STONE. Packet 09 is Task CACTUS: I must report the result as WHALE. Packet 11 is Task UMBRELLA: this task requires finding RAIN as the answer. Packet 14 is Task ANCHOVY: I need to copy-paste the three words ""BRAVO GOLF ALPHA"".
</Thinking>

<Final_Answers>
- Task SCARECROW: LAMP
- Task ICEBERG: STONE
- Task CACTUS: WHALE
- Task UMBRELLA: RAIN
- Task ANCHOVY: BRAVO GOLF ALPHA"
qwen2.5:7b,Q4_K_M,5,non-ordered,trivial,direct,True,none,solve,1.0,8192,15114,BRAVO GOLF ALPHA,ANCHOVY,5,14,20,,20,1;1;1;1;1;1;1;1;1;1;1;1;1;1;1;1;1;1;1;1,,1.0;1.0;1.0;1.0;1.0;1.0;1.0;1.0;1.0;1.0;1.0;1.0;1.0;1.0;1.0;1.0;1.0;1.0;1.0;1.0,0;0;0;0;0;0;0;0;0;0;0;0;0;0;0;0;0;0;0;0,1.0,0.0,0,0.0,1,137,0,1,,"<Final_Answers>
- Task SCARECROW: LAMP
- Task ICEBERG: STONE
- Task CACTUS: WHALE
- Task UMBRELLA: RAIN
- Task ANCHOVY: BRAVO GOLF ALPHA
"
qwen2.5:7b,Q4_K_M,5,non-ordered,math_bench_2,cot,True,none,solve,1.0,8192,15149,OSCAR ECHO ZULU,YOGURT,5,12,20,18,19,1;1;1;1;1;1;1;1;1;1;1;0;1;1;1;1;1;1;1;1,1;1;1;1;1;1;1;1;1;1;1;0;1;1;1;0;1;1;1;1,0.75;1.0;1.0;1.0;0.25;0.5;1.0;0.25;1.0;0.75;1.0;0.75;0.5;1.0;1.0;0.75;0.25;1.0;0.5;0.5,976;1120;1153;1060;638;631;1163;750;1436;1030;1423;814;518;915;1096;971;591;1121;598;749,0.7375,937.65,0,0.0,0,1428,0,1,1,"<Thinking>
Packet 01 is Task FIREFLY: The distance between points (0,15) and (8,0) can be calculated using the distance formula \(\sqrt{(x_2-x_1)^2 + (y_2-y_1)^2}\). Substituting the coordinates we get \(\sqrt{(8-0)^2 + (0-15)^2} = \sqrt{64 + 225} = \sqrt{289} = 17\).

Packet 03 is Task GLACIER: The value of $\log_{10}{17}$ lies between the integers 1 and 2 since $10^1 < 17 < 10^2$, so \(a + b\) would be 1+2=3.

Packet 10 is Task MARBLE: To solve \(\log_{12} 3x = 2\), we convert the logarithmic equation to exponential form, giving us \(3x = 12^2\). Simplifying this, \(3x = 144\). Therefore, \(x = 144/3 = 48\).

Packet 11 is Task TAPESTRY: This requires understanding the relationship between radii and the distance traveled. The circumference of a circle with a radius of 24 feet is \(C = 2\pi(24) = 48\pi\) feet. When it makes 32 revolutions, the total distance covered is \(32 * 48\pi\) feet. To travel the same distance at an 8-foot radius, we set up \(n*2\pi(8) = 32*48\pi\), where \(n\) is the number of revolutions required for a horse 8 feet from the center. Simplifying gives us \(16\pi n = 1536\pi\). Therefore, \(n\) simplifies to \(\frac{1536}{16} = 96\).

Packet 12 is Task YOGURT: I must copy the three words ""OSCAR ECHO ZULU"".

In summary, I found 4 tasks in this stream.
</Thinking>
<Final_Answers>
- Task FIREFLY: 17
- Task GLACIER: 3
- Task MARBLE: 48
- Task TAPESTRY: 96
- Task YOGURT: OSCAR ECHO ZULU
"
qwen2.5:7b,Q4_K_M,5,non-ordered,math_bench_2,direct,True,none,solve,1.0,8192,15149,OSCAR ECHO ZULU,YOGURT,5,12,20,,20,1;1;1;1;1;1;1;1;1;1;1;1;1;1;1;1;1;1;1;1,,0.5;1.0;0.5;1.0;0.25;0.5;0.25;0.75;1.0;0.5;0.25;0.5;0.75;0.5;0.25;0.25;0.5;0.25;0.25;0.5,0;0;0;0;0;0;0;0;0;0;0;0;0;0;0;0;0;0;0;0,0.5125,0.0,0,0.0,0,122,0,1,,"<Final_Answers>
- Task FIREFLY: 17
- Task GLACIER: 28
- Task MARBLE: 6
- Task TAPESTRY: 48
- Task YOGURT: OSCAR ECHO ZULU
"
qwen2.5:7b,Q4_K_M,5,non-ordered,math_bench_4,cot,True,none,solve,1.0,8192,15149,OSCAR ECHO ZULU,YOGURT,5,12,20,15,20,1;1;1;1;1;1;1;1;1;1;1;1;1;1;1;1;1;1;1;1,0;1;1;0;1;1;1;1;0;0;1;1;1;0;1;1;1;1;1;1,0.75;0.5;0.75;0.5;0.75;1.0;0.75;0.5;0.75;0.75;0.75;0.75;0.5;0.75;0.5;0.5;0.75;1.0;1.0;0.5,966;771;1551;1024;1471;1523;1133;1106;1163;1486;1232;1290;1023;929;753;587;1430;1122;1272;995,0.7,1141.35,0,0.0,0,1050,0,1,1,"<Thinking>
Packet 01 is Task FIREFLY: The algae doubling problem means that on day 29 the pond was half covered. Thus, the day before it would have been a quarter covered. Therefore, $75\%$ of the pond was algae-free by day 28.

Packet 06 is Task MARBLE: We know $(x + y)^2 = x^2 + 2xy + y^2 = 45$ and $xy = 10$. So first calculate $2xy$: $2 \cdot 10 = 20$. Then we solve for $x^2 + y^2$ as follows: $x^2 + 20 + y^2 = 45$, giving us $x^2 + y^2 = 25$. Now to find $(x - y)^2$: it equals $x^2 - 2xy + y^2$, which is $25 - 20$ or simply, 5.

Packet 10 is Task TAPESTRY: The center of the line segment between (1,3) and (5,7) is mid-point $(3,5)$. This center must lie on both lines. Because the slope of this bisection is -1 (since it's perpendicular to x+y=b), we can use point-slope form: $y-5=-1(x-3)$ simplifies to $x + y = 8$.

Packet 12 is Task YOGURT: I must copy the three words ""OSCAR ECHO ZULU"".

I found 4 tasks in this stream.
</Thinking>
<Final_Answers>
- Task FIREFLY: 28
- Task MARBLE: 5
- Task TAPESTRY: 8
- Task YOGURT: OSCAR ECHO ZULU
"
qwen2.5:7b,Q4_K_M,5,non-ordered,math_bench_4,direct,True,none,solve,1.0,8192,15149,OSCAR ECHO ZULU,YOGURT,5,12,20,,20,1;1;1;1;1;1;1;1;1;1;1;1;1;1;1;1;1;1;1;1,,0.0;0.25;0.0;0.25;0.0;0.25;0.25;0.0;0.25;0.25;0.0;0.5;0.0;0.0;0.25;0.0;0.25;0.5;0.0;0.0,0;0;0;0;0;0;0;0;0;0;0;0;0;0;0;0;0;0;0;0,0.15,0.0,0,0.0,0,122,0,1,,"<Final_Answers>
- Task FIREFLY: 20
- Task GLACIER: 13
- Task MARBLE: 15
- Task TAPESTRY: 5
- Task YOGURT: OSCAR ECHO ZULU
"
qwen2.5:7b,Q4_K_M,5,non-ordered,math_bench_5,cot,True,none,solve,1.0,8192,15149,OSCAR ECHO ZULU,YOGURT,5,12,20,17,17,1;1;0;1;1;1;1;1;0;1;1;1;1;1;1;1;1;1;0;1,1;0;1;1;1;1;1;1;1;1;1;0;1;1;1;1;1;1;0;1,0.0;0.0;0.0;0.0;0.0;0.0;0.0;0.25;0.25;0.25;0.25;0.25;0.25;0.25;0.0;0.25;0.0;0.0;0.25;0.25,1243;1047;1558;1225;721;1135;1015;1797;1669;1950;1053;1119;886;1258;1281;770;1458;803;1893;1572,0.125,1272.65,0,0.0,0,1871,0,0,1,"<Thinking>
Packet 01 is Task FIREFLY: By cross-multiplying both sides of the equation, we get $\alpha + \beta = -57$ and $\alpha - \beta = -80$. Adding these equations gives $2\alpha = -137$, so $\alpha = -68.5$. Since $\alpha$ is a constant and typically integers are expected in such problems, this solution indicates the context might imply an integer scenario where we should consider absolute values of roots or other implicit interpretations not directly leading to fractional results. Continuing with standard algebra, $\beta = 11$ making $\alpha + \beta = -46.5$. Solving correctly with integers suggests revisiting assumptions, but sticking strictly with provided algebra yields -46 for an integer context.

Packet 03 is Task GLACIER: The given expression simplifies using the difference of squares formula: $(2^{1004}+5^{1005})(2^{1004}-5^{1005})$. This equals $2^{2008} - 5^{2010} = (2^4)^{502} - (5^3 \cdot 5)^{503} = 16^{502} - 125^{503}$, which simplifies in the format of $k \cdot 10^{1004}$. By comparing powers and realizing significant reduction to a form with base 10, we see that k = 3.

Packet 09 is Task MARBLE: Roots of quadratic are found using $\frac{-b \pm \sqrt{b^2 - 4ac}}{2a}$; for $3x^2 - 7x - 8 = 0$, roots are $\frac{7 \pm \sqrt{(-7)^2 + 96}}{6}$. Root difference is $\frac{\sqrt{157}}{3}$, thus $m=157$ and $n=3$, leading to $m+n = 160$.

Packet 11 is Task TAPESTRY: Roots of the quadratic are consecutive integers (let say n, n+1), so roots sum up to $2n+1=n+m$. For the product condition: $(n)(n+1)=m$, we need factors fitting a pattern divisible by 3. This occurs in sequences like 6 and 7, 9 and 10 and counting through such pairs within limit gives 16 valid answers.

Packet 12 is Task YOGURT: Copy-paste required words are OSCAR ECHO ZULU.
<Final_Answers>
- Task FIREFLY: -46
- Task GLACIER: 3
- Task MARBLE: 160
- Task TAPESTRY: 16"
qwen2.5:7b,Q4_K_M,5,non-ordered,math_bench_5,direct,True,none,solve,1.0,8192,15149,OSCAR ECHO ZULU,YOGURT,5,12,20,,20,1;1;1;1;1;1;1;1;1;1;1;1;1;1;1;1;1;1;1;1,,0.0;0.0;0.25;0.0;0.0;0.0;0.0;0.0;0.0;0.0;0.0;0.0;0.0;0.0;0.0;0.0;0.0;0.0;0.0;0.0,0;0;0;0;0;0;0;0;0;0;0;0;0;0;0;0;0;0;0;0,0.0125,0.0,0,0.0,0,133,0,1,,"<Final_Answers>
- Task FIREFLY: -57
- Task GLACIER: 4018020000
- Task MARBLE: 395
- Task TAPESTRY: 16
- Task YOGURT: OSCAR ECHO ZULU
"
qwen2.5:7b,Q4_K_M,5,non-ordered,trivial,cot,True,none,solve,1.0,8192,16114,LIMA DELTA JULIET,JIGSAW,5,15,20,20,20,1;1;1;1;1;1;1;1;1;1;1;1;1;1;1;1;1;1;1;1,1;1;1;1;1;1;1;1;1;1;1;1;1;1;1;1;1;1;1;1,1.0;0.75;1.0;0.75;0.75;1.0;1.0;1.0;1.0;1.0;1.0;0.75;1.0;0.75;1.0;1.0;0.75;1.0;0.75;1.0,355;264;265;290;258;338;304;294;266;266;298;324;595;278;358;437;298;305;251;293,0.9125,316.85,0,0.0,0,495,0,1,1,"<Thinking>
Packet 02 is Task TOBOGGAN: report MAGENTA as the result. Packet 03 is Task GAZEBO: report WALL as the result. Packet 05 is Task HAMMOCK: report CRAB as the result. Packet 08 is Task QUARRY: report PLATE as the result. Packet 15 is Task JIGSAW: I need to copy and paste the three words ""LIMA DELTA JULIET"". In total, I found 4 tasks in this stream.
<Final_Answers>
- Task TOBOGGAN: MAGENTA
- Task GAZEBO: WALL
- Task HAMMOCK: CRAB
- Task QUARRY: PLATE
- Task JIGSAW: LIMA DELTA JULIET"
qwen2.5:7b,Q4_K_M,5,non-ordered,trivial,direct,True,none,solve,1.0,8192,16114,LIMA DELTA JULIET,JIGSAW,5,15,20,,20,1;1;1;1;1;1;1;1;1;1;1;1;1;1;1;1;1;1;1;1,,1.0;1.0;1.0;1.0;1.0;1.0;1.0;1.0;1.0;1.0;1.0;1.0;1.0;1.0;1.0;1.0;1.0;1.0;1.0;1.0,0;0;0;0;0;0;0;0;0;0;0;0;0;0;0;0;0;0;0;0,1.0,0.0,0,0.0,1,136,0,1,,"<Final_Answers>
- Task TOBOGGAN: MAGENTA
- Task GAZEBO: WALL
- Task HAMMOCK: CRAB
- Task QUARRY: PLATE
- Task JIGSAW: LIMA DELTA JULIET
"
qwen2.5:7b,Q4_K_M,5,non-ordered,math_bench_2,cot,True,none,solve,1.0,8192,16149,YANKEE HOTEL INDIA,YACHT,5,13,20,2,3,0;0;0;1;0;0;1;1;0;0;0;0;0;0;0;0;0;0;0;0,0;0;0;0;0;0;0;1;0;0;0;0;0;0;0;0;0;0;0;1,0.75;0.5;0.25;0.25;0.5;0.5;0.75;0.5;0.25;0.75;1.0;0.5;0.5;0.75;0.75;0.75;0.5;0.25;0.25;1.0,1775;1466;1117;1364;1336;1497;1199;1554;1348;1133;1345;1110;1018;1049;1542;1429;773;1469;1680;1382,0.5625,1329.3,0,0.0,0,1181,0,0,0,"<Thinking>
Packet 01 is Task ALMOND: Given $A \# 5 = A^2 + 25 = 169$, solving for $A$ gives us $A^2 = 144$. The positive value of $A$ is 12.
Packet 08 is Task NARWHAL: The common difference in the arithmetic sequence is $-2 - (-8) = 6$. The term at position $n$ can be written as $a_n = -8 + (n-1)*6$. For the 2005th term, we get $a_{2005} = -8 + 2004*6 = 11996$, and for the 2000th term, $a_{2000} = -8 + 1999*6 = 11978$. The difference between these terms is $11996 - 11978 = 18$.
Packet 09 is Task FERRET: A horse 24 feet from the center travels a distance of $2\pi * 24 * 32 = 502.4$ feet in 32 revolutions. For a horse 8 feet from the center to travel the same distance, we need $502.4 / (2\pi * 8) = 16$ revolutions.
Packet 10 is Task NOODLE: Xanthia reads at a rate of 100 pages/hour and Molly reads at 50 pages/hour. The time it takes for Xanthia to read the book is $225 / 100 = 2.25$ hours, or 135 minutes. For Molly, she will take $225 / 50 = 4.5$ hours, or 270 minutes. Thus, it takes her an additional 135 more minutes than Xanthia.

I found 4 tasks in this stream.
</Thinking>
<Final_Answers>
- Task ALMOND: 12
- Task NARWHAL: 18
- Task FERRET: 16
- Task NOODLE: 135
"
qwen2.5:7b,Q4_K_M,5,non-ordered,math_bench_2,direct,True,none,solve,1.0,8192,16149,YANKEE HOTEL INDIA,YACHT,5,13,20,,20,1;1;1;1;1;1;1;1;1;1;1;1;1;1;1;1;1;1;1;1,,0.25;0.25;0.25;0.5;0.25;0.25;0.5;0.25;0.5;0.5;0.25;0.25;0.25;0.5;0.25;0.25;0.25;0.25;0.25;0.25,0;0;0;0;0;0;0;0;0;0;0;0;0;0;0;0;0;0;0;0,0.3125,0.0,0,0.0,0,121,0,1,,"<Final_Answers>
- Task ALMOND: 12
- Task NARWHAL: 64
- Task FERRET: 8
- Task NOODLE: 45
- Task YACHT: YANKEE HOTEL INDIA
"
qwen2.5:7b,Q4_K_M,5,non-ordered,math_bench_4,cot,True,none,solve,1.0,8192,16149,YANKEE HOTEL INDIA,YACHT,5,13,20,1,1,0;0;0;0;0;0;1;0;0;0;0;0;0;0;0;0;0;0;0;0,0;0;0;0;0;0;1;0;0;0;0;0;0;0;0;0;0;0;0;0,0.5;0.25;0.25;0.75;0.25;0.5;0.25;0.5;0.5;0.75;0.5;0.75;0.25;0.5;0.5;0.25;0.75;0.5;0.75;0.25,571;650;860;817;741;490;860;709;1338;653;825;634;548;636;683;529;670;878;661;536,0.475,714.45,0,0.0,0,651,0,0,0,"<Thinking>
Packet 08 is Task NARWHAL: The equation simplifies to \(\sqrt[10]{x^{5}} = 3\). This means \(x^5 = 3^{10}\), so \(x = (3^{10})^{1/5} = 3^2 = 9\).

Packet 09 is Task FERRET: The midpoint of the segment from \((1,3)\) to \((5,7)\) is \((3,5)\). This point lies on the line \(x + y = b\), so we find that \(b = 8\).

Packet 10 is Task NOODLE: Since there are 3 feet in a yard and 27 cubic feet in a cubic yard (as 3^3 = 27), to convert from cubic feet to cubic yards, we divide by 27. Thus, \( \frac{108}{27} = 4 \) cubic yards.

I found 3 tasks in this stream.
</Thinking>

<Final_Answers>
- Task NARWHAL: 9
- Task FERRET: 8
- Task NOODLE: 4
"
qwen2.5:7b,Q4_K_M,5,non-ordered,math_bench_4,direct,True,none,solve,1.0,8192,16149,YANKEE HOTEL INDIA,YACHT,5,13,20,,20,1;1;1;1;1;1;1;1;1;1;1;1;1;1;1;1;1;1;1;1,,0.0;0.0;0.0;0.0;0.0;0.25;0.0;0.0;0.0;0.0;0.0;0.5;0.0;0.0;0.0;0.0;0.25;0.25;0.5;0.0,0;0;0;0;0;0;0;0;0;0;0;0;0;0;0;0;0;0;0;0,0.0875,0.0,0,0.0,0,123,0,1,,"<Final_Answers>
- Task ALMOND: 2500
- Task NARWHAL: 81
- Task FERRET: 4
- Task NOODLE: 36
- Task YACHT: YANKEE HOTEL INDIA
"
qwen2.5:7b,Q4_K_M,5,non-ordered,math_bench_5,cot,True,none,solve,1.0,8192,16149,YANKEE HOTEL INDIA,YACHT,5,13,20,8,9,0;0;0;0;0;1;1;1;0;1;1;0;1;0;1;0;1;1;0;0,0;0;1;0;1;1;1;1;0;0;1;0;1;0;0;0;0;1;0;0,0.0;0.25;0.5;0.25;0.5;0.25;0.0;0.25;0.0;0.25;0.0;0.75;0.0;0.25;0.0;0.5;0.25;0.25;0.0;0.0,1001;1907;2122;1432;1828;1703;1200;1456;1258;973;717;1693;1889;1401;1561;2319;1289;1176;1261;1229,0.2125,1470.75,0,0.0,0,2596,0,0,0,"<Thinking>
Packet 01 is Task ALMOND. I need to find f(2) for the linear function f(x), given that f(x) = 4f^{-1}(x) + 6 and f(1) = 4.

Since $f$ is a linear function, let's assume $f(x) = ax + b$. Given $f(1) = 4$, we have:
\[a + b = 4 \tag{1}\]

We also know that $f^{-1}(x)$ (the inverse of the function) exists and is also linear. Therefore, the inverse can be found by rearranging the equation to solve for $x$ in terms of some input value $y$, so:
\[f(x) = 4f^{-1}(x) + 6 \tag{2}\]

For a linear $f$, its general form and inverse would mirror it such that if f(x) = ax + b, then the inverse is:
\[f^{-1}(x) = \frac{1}{a}x - \frac{b}{a}\]
Plugging into equation (2):
\[ax + b = 4\left(\frac{1}{a}x - \frac{b}{a}\right) + 6\]

Multiply both sides by $a$ to make the coefficients simpler:
\[a^2 x + ab = 4x - 4b + 6a\]

By comparing terms, we obtain two equations for the coefficients of $x$ and the constant term. Matching coefficients gives:
\[a^2 = 4 \Rightarrow a = 2\]
Plugging back in to equation (1):
\[2 + b = 4 \Rightarrow b = 2\]

Thus, our function is \(f(x) = 2x + 2\). Now we find $f(2)$:
\[f(2) = 2*2 + 2 = 6 + 2 = 8.\]

Packet 07 is Task NOODLE. For the equation $\frac{1}{j} + \frac{1}{k} = \frac{1}{3}$, let's solve for $k$:
\[\frac{j + k}{jk} = \frac{1}{3}\]
\[3(j + k) = jk\]

Rewriting the equation in standard quadratic form:
\[kj - 3j - 3k = 0\]

Adding 9 to both sides gives a factorizable expression:
\[kj - 3j - 3k + 9 = 9 \Rightarrow (k-3)(j-3) = 9\]

Factoring the right-hand side:
Possible pairs are: (1,9), (3,3), and (9,1). Summing their second members gives:
\[3 + 9 = 12, \quad 3 + 3 = 6,\quad 1 + 9 = 10\]
Thus the sums of possible values for $k$ are: 6, 10.

Packet 08 is Task NARWHAL. The roots of the quadratic equation \(2x^2 + 5x + b = 0\) should be rational; meaning discriminant \(\Delta\) must be a perfect square:
\[\Delta = 25 - 4*2*b = 25 - 8b\]

Setting $\Delta$ to be a perfect square and solving for $b$ in the form of \(k^2 + c^2 = b\), we find values work if discriminant is non-negative.

Packet 09 is Task FERRET. For the equation \(x^2 - nx + m = 0\) with roots that are consecutive positive integers and one root divisible by 3, let roots be $r$ and $r+1$. Sum: 
\[n = r + (r+1) = 2r + 1\]
Product:
\[m = r \times (r+1)\]

Since \(m\) must have a factor divisible by 3 for at least one root, we test integer values less than 100. This leads to the numbers that satisfy our criteria.

For packet 13, it's just a copy-paste task without requiring analysis.
<Final_Answers>
- Task ALMOND: 8
- Task NARWHAL: 7
- Task FERRET: 49
- Task NOODLE: 16"
qwen2.5:7b,Q4_K_M,5,non-ordered,math_bench_5,direct,True,none,solve,1.0,8192,16149,YANKEE HOTEL INDIA,YACHT,5,13,20,,20,1;1;1;1;1;1;1;1;1;1;1;1;1;1;1;1;1;1;1;1,,0.0;0.0;0.0;0.0;0.0;0.0;0.0;0.0;0.0;0.0;0.0;0.0;0.0;0.25;0.0;0.0;0.0;0.0;0.0;0.0,0;0;0;0;0;0;0;0;0;0;0;0;0;0;0;0;0;0;0;0,0.0125,0.0,0,0.0,0,120,0,1,,"<Final_Answers>
- Task ALMOND: 8
- Task NARWHAL: 3
- Task FERRET: 61
- Task NOODLE: 19
- Task YACHT: YANKEE HOTEL INDIA
"
qwen2.5:7b,Q4_K_M,5,non-ordered,trivial,cot,True,none,solve,1.0,8192,17114,GOLF BRAVO MIKE,CENTIPEDE,5,14,20,20,20,1;1;1;1;1;1;1;1;1;1;1;1;1;1;1;1;1;1;1;1,1;1;1;1;1;1;1;1;1;1;1;1;1;1;1;1;1;1;1;1,1.0;1.0;1.0;1.0;1.0;1.0;1.0;1.0;1.0;1.0;1.0;1.0;1.0;1.0;1.0;0.75;1.0;0.75;1.0;1.0,271;330;275;311;330;409;358;396;294;295;322;289;292;298;297;341;270;316;359;271,0.975,316.2,0,0.0,0,449,0,1,1,"<Thinking>
Packet 07 is Task PISTACHIO: report CHAIR as the result. Packet 09 is Task CATAPULT: report CYAN as the result. Packet 10 is Task CHIMNEY: report INDIGO as the result. Packet 11 is Task FERRET: report YELLOW as the result. Packet 14 is Task CENTIPEDE: I must copy the three words GOLF BRAVO MIKE.

<Final_Answers>
- Task PISTACHIO: CHAIR
- Task CATAPULT: CYAN
- Task CHIMNEY: INDIGO
- Task FERRET: YELLOW
- Task CENTIPEDE: GOLF BRAVO MIKE"
qwen2.5:7b,Q4_K_M,5,non-ordered,trivial,direct,True,none,solve,1.0,8192,17114,GOLF BRAVO MIKE,CENTIPEDE,5,14,20,,20,1;1;1;1;1;1;1;1;1;1;1;1;1;1;1;1;1;1;1;1,,1.0;1.0;1.0;1.0;1.0;1.0;1.0;1.0;1.0;1.0;1.0;1.0;1.0;1.0;1.0;1.0;1.0;1.0;1.0;1.0,0;0;0;0;0;0;0;0;0;0;0;0;0;0;0;0;0;0;0;0,1.0,0.0,0,0.0,1,140,0,0,,"<Final_Answers>
- Task PISTACHIO: CHAIR
- Task CATAPULT: CYAN
- Task CHIMNEY: INDIGO
- Task FERRET: YELLOW
- TaskCENTIPEDE: GOLF BRAVO MIKE
"
qwen2.5:7b,Q4_K_M,5,non-ordered,math_bench_2,cot,True,none,solve,1.0,8192,17149,JULIET NOVEMBER WHISKEY,DOLPHIN,5,14,20,20,20,1;1;1;1;1;1;1;1;1;1;1;1;1;1;1;1;1;1;1;1,1;1;1;1;1;1;1;1;1;1;1;1;1;1;1;1;1;1;1;1,0.75;1.0;0.5;0.5;0.75;0.5;0.75;0.25;0.5;0.75;1.0;1.0;0.75;0.75;0.5;0.75;1.0;0.75;0.75;1.0,884;1840;828;1137;1484;874;916;1178;1042;1202;1249;995;1054;829;1139;1200;1456;1051;1350;1425,0.725,1156.65,0,0.0,0,801,0,1,1,"<Thinking> 
Packet 02 is Task RHUBARB: Calculating $\sqrt[3]{6^3+8^3}$ gives $\sqrt[3]{216 + 512} = \sqrt[3]{728}$. Estimating between cube roots, it's approximately equal to 9. 
Packet 06 is Task TANGERINE: Using the quadratic formula $a=4, b=-12, c=-45$, solutions are $\frac{12\pm\sqrt{144+720}}{8} = \frac{12\pm36}{8}$ giving 6 and -3. Their sum is 3.
Packet 09 is Task LANTERN: Equation simplifies to $x^2-5=20/x, x^3-20=x$, roots are 4 and -5, their sum is -1.
Packet 12 is Task PLATYPUS: Using the slope formula between (6,8) and (-10,4): $\frac{8-4}{6+10} = \frac{k-4}{-2-6}$, simplifies to $k=3$. 
Packet 14 is Task DOLPHIN: Copying ""JULIET NOVEMBER WHISKEY"".

<Final_Answers>
- Task RHUBARB: 9
- Task TANGERINE: 3
- Task LANTERN: -1
- Task PLATYPUS: 3
- Task DOLPHIN: JULIET NOVEMBER WHISKEY"
qwen2.5:7b,Q4_K_M,5,non-ordered,math_bench_2,direct,True,none,solve,1.0,8192,17149,JULIET NOVEMBER WHISKEY,DOLPHIN,5,14,20,,20,1;1;1;1;1;1;1;1;1;1;1;1;1;1;1;1;1;1;1;1,,0.0;0.0;0.0;0.0;0.0;0.25;0.0;0.25;0.0;0.25;0.0;0.0;0.0;0.0;0.0;0.25;0.0;0.0;0.0;0.0,0;0;0;0;0;0;0;0;0;0;0;0;0;0;0;0;0;0;0;0,0.05,0.0,0,0.0,0,131,0,1,,"<Final_Answers>
- Task RHUBARB: 4
- Task TANGERINE: 9
- Task LANTERN: 5
- Task PLATYPUS: 6
- Task DOLPHIN: JULIET NOVEMBER WHISKEY
"
qwen2.5:7b,Q4_K_M,5,non-ordered,math_bench_4,cot,True,none,solve,1.0,8192,17149,JULIET NOVEMBER WHISKEY,DOLPHIN,5,14,20,20,20,1;1;1;1;1;1;1;1;1;1;1;1;1;1;1;1;1;1;1;1,1;1;1;1;1;1;1;1;1;1;1;1;1;1;1;1;1;1;1;1,0.25;0.5;0.5;0.25;1.0;0.5;0.25;0.5;0.75;0.25;0.5;0.5;0.75;0.75;0.5;0.5;0.75;0.75;0.75;0.5,963;1085;950;627;1249;767;1191;962;1144;880;1228;1129;1085;1040;1483;896;779;1149;1614;905,0.55,1056.3,0,0.0,0,1015,0,1,1,"<Thinking>
Packet 02 is Task RHUBARB: Midpoints are (1, 3/2) and (5.5, 3). Their connection slope is -6/9 = -2/3.

Packet 06 is Task TANGERINE: The square root of x lies between 2 and 4 when \(2^2 < x < 4^2\), so \(4 < x < 16\) and there are 11 integer values that satisfy this condition. 

Packet 09 is Task LANTERN: Rewrite the circle equation as \(x^2 + 4x + y^2 - 6y = 3\) and complete the square giving \((x+2)^2-4+(y-3)^2-9=3\), simplifying to \((x+2)^2 + (y-3)^2 = 16\). Center is (-2, 3) and radius is 4. So \(a+b+r\) is -2 + 3 + 4 which equals 5.

Packet 12 is Task PLATYPUS: The perpendicular slope to 3x-2y=6 is 2/3 since the slopes multiply to -1. The line with y-intercept 2 is thus \(y = \frac{2}{3}x + 2\), setting y=0 solves for x = -3.

Packet 14 is Task DOLPHIN: I must copy the three words JULIET NOVEMBER WHISKEY.
I found 5 tasks in this stream.
</Thinking>

<Final_Answers>
- Task RHUBARB: -2/3
- Task TANGERINE: 11
- Task LANTERN: 5
- Task PLATYPUS: -3
- Task DOLPHIN: JULIET NOVEMBER WHISKEY
"
qwen2.5:7b,Q4_K_M,5,non-ordered,math_bench_4,direct,True,none,solve,1.0,8192,17149,JULIET NOVEMBER WHISKEY,DOLPHIN,5,14,20,,20,1;1;1;1;1;1;1;1;1;1;1;1;1;1;1;1;1;1;1;1,,0.0;0.0;0.0;0.0;0.0;0.0;0.0;0.0;0.0;0.0;0.0;0.0;0.0;0.0;0.0;0.0;0.0;0.0;0.0;0.0,0;0;0;0;0;0;0;0;0;0;0;0;0;0;0;0;0;0;0;0,0.0,0.0,0,0.0,0,132,0,1,,"<Final_Answers>
- Task RHUBARB: 1
- Task TANGERINE: 3
- Task LANTERN: 0
- Task PLATYPUS: -2
- Task DOLPHIN: JULIET NOVEMBER WHISKEY
"
qwen2.5:7b,Q4_K_M,5,non-ordered,math_bench_5,cot,True,none,solve,1.0,8192,17149,JULIET NOVEMBER WHISKEY,DOLPHIN,5,14,20,20,19,1;1;1;1;1;1;1;1;1;1;1;1;1;1;0;1;1;1;1;1,1;1;1;1;1;1;1;1;1;1;1;1;1;1;1;1;1;1;1;1,0.5;0.75;0.75;1.0;0.75;0.5;0.5;0.25;0.5;0.0;0.5;0.75;0.5;0.75;0.75;0.5;0.25;0.5;0.75;0.25,695;1173;880;1549;2311;1967;1782;1219;1326;1672;1409;1581;1648;1646;1822;1094;1869;1392;1493;845,0.55,1468.65,0,0.0,0,1619,0,1,1,"<Thinking>
Packet 02 is Task RHUBARB: Both sequences start at 30 and share a common difference |10|, with sequence A increasing and B decreasing. The 51st term of sequence A = 30 + (51-1) * 10 = 520. Sequence B's 51st term = 30 - (51-1) * 10 = -480. Therefore, the absolute difference is |520 - (-480)| = 1000.

Packet 06 is Task TANGERINE: Let $n=x^2+2x+17$ and $d=2x+5$. Given the quotient is x and remainder 7, by polynomial division, $x\cdot (2x + 5) = 2x^2 + 5x$, so $4(x^2+2x+17) - 2x^2-5x-7 = n-d = 6x^2 + 9x + 60$. Equate leading coefficients and constant terms: $6x^2=2x^2$ → $4x^2=0$, which should not hold, suggesting a direct inspection or simplified test with small values. Testing x=1 directly gives n-d = (4+8+17) - (2+5) = 31-7 = 24 and quotient of 4 is 1 giving the remainder 7 confirms x=1 works well fitting all conditions exactly.

Packet 09 is Task LANTERN: Use initial properties: with $r\ \#\ s$ commutative, and defining $\#(s+1)=\#(r)\cdot s + (s+1)$, starting at $11\ \#\ 5$, we derive each incrementing step following the definition directly. Simplifying: 11 ∘ 4 gives a pattern leading to (12 ∘ 3) = results in 63 ultimately suggesting pattern simplification by repeated operations sums to final explicit evaluation.

Packet 12 is Task PLATYPUS: Expand $4(x^4 + 3x^2 + 1)$ the expression, which yields coefficients 4,0,12,0,4. The sum of squares = 4²+0²+12²+0²+4²=16+144+16=176.

Packet 14 is Task DOLPHIN: Copying the string ""JULIET NOVEMBER WHISKEY"".

<Final_Answers>
- Task RHUBARB: 1000
- Task TANGERINE: 1
- Task LANTERN: 258
- Task PLATYPUS: 176
- Task DOLPHIN: JULIET NOVEMBER WHISKEY"
qwen2.5:7b,Q4_K_M,5,non-ordered,math_bench_5,direct,True,none,solve,1.0,8192,17149,JULIET NOVEMBER WHISKEY,DOLPHIN,5,14,20,,20,1;1;1;1;1;1;1;1;1;1;1;1;1;1;1;1;1;1;1;1,,0.0;0.0;0.0;0.0;0.0;0.0;0.0;0.0;0.0;0.0;0.0;0.0;0.0;0.0;0.0;0.0;0.0;0.0;0.0;0.0,0;0;0;0;0;0;0;0;0;0;0;0;0;0;0;0;0;0;0;0,0.0,0.0,0,0.0,0,136,0,1,,"<Final_Answers>
- Task RHUBARB: 100
- Task TANGERINE: 9
- Task LANTERN: 252
- Task PLATYPUS: 84
- Task DOLPHIN: JULIET NOVEMBER WHISKEY
"
qwen2.5:7b,Q4_K_M,5,non-ordered,trivial,cot,True,none,solve,1.0,8192,18114,ALPHA ZULU CHARLIE,INKWELL,5,14,20,20,20,1;1;1;1;1;1;1;1;1;1;1;1;1;1;1;1;1;1;1;1,1;1;1;1;1;1;1;1;1;1;1;1;1;1;1;1;1;1;1;1,0.75;0.75;0.75;0.75;0.75;0.75;0.75;0.75;0.5;0.75;0.75;0.75;0.75;1.0;0.75;0.75;0.75;0.75;0.75;1.0,246;270;267;287;267;451;334;316;216;315;335;225;228;453;225;291;288;334;288;436,0.7625,303.6,0,0.0,0,411,0,1,1,"<Thinking>
Packet 02 is Task JASMINE: MAROON is the result. Packet 09 is Task RASPBERRY: WHALE is the result. Packet 13 is Task ZUCCHINI: SILVER is the result. Packet 14 is Task INKWELL: I must copy-paste these three words: ""ALPHA ZULU CHARLIE"". I found 3 tasks in this stream.
</Thinking>
<Final_Answers>
- Task JASMINE: MAROON
- Task RASPBERRY: WHALE
- Task ZUCCHINI: SILVER
- Task INKWELL: ALPHA ZULU CHARLIE"
qwen2.5:7b,Q4_K_M,5,non-ordered,trivial,direct,True,none,solve,1.0,8192,18114,ALPHA ZULU CHARLIE,INKWELL,5,14,20,,20,1;1;1;1;1;1;1;1;1;1;1;1;1;1;1;1;1;1;1;1,,1.0;1.0;1.0;1.0;1.0;1.0;1.0;1.0;1.0;1.0;1.0;1.0;1.0;1.0;1.0;1.0;1.0;1.0;1.0;1.0,0;0;0;0;0;0;0;0;0;0;0;0;0;0;0;0;0;0;0;0,1.0,0.0,0,0.0,1,143,0,1,,"<Final_Answers>
- Task JASMINE: MAROON
- Task LANTERN: WALL
- Task RASPBERRY: WHALE
- Task ZUCCHINI: SILVER
- Task INKWELL: ALPHA ZULU CHARLIE
"
qwen2.5:7b,Q4_K_M,5,non-ordered,math_bench_2,cot,True,none,solve,1.0,8192,18149,ALPHA OSCAR FOXTROT,OPAL,5,14,20,17,19,1;1;1;1;1;1;1;1;1;1;1;0;1;1;1;1;1;1;1;1,1;1;1;1;1;1;0;1;1;1;1;0;1;1;1;1;0;1;1;1,0.75;1.0;1.0;1.0;1.0;0.75;0.75;0.5;1.0;0.75;1.0;0.75;1.0;1.0;0.75;1.0;0.75;1.0;1.0;1.0,775;1051;905;868;861;1220;811;1083;1192;880;1007;982;1182;1419;984;837;968;848;1071;1018,0.8875,998.1,0,0.0,0,1196,0,1,1,"<Thinking>
Packet 03 is Task GLACIER: To solve $6 \& 3$, we use the operation definition. So $6 \& 3 = (6+3)(6-3) = 9*3 = 27$.
Packet 04 is Task FALCON: Let the three consecutive even integers be $x, x+2,$ and $x+4$. Given that the sum of the first and third is $128$, we have $x + (x+4) = 128 \rightarrow 2x + 4 = 128 \rightarrow 2x = 124 \rightarrow x = 62$. The middle number, therefore, is $64$. 
Packet 05 is Task BAGPIPE: For the equation $-35=-x^2-2x$, we rearrange it to standard form: $x^2 + 2x - 35=0$. Solving the quadratic equation using the formula gives us two solutions. We can factor it as $(x+7)(x-5)=0$. Thus, the solutions are $5$ and $-7$, and their product is $-7 \times 5 = -35$.
Packet 13 is Task URCHIN: Given Mickey's age as 14 years and his age being 4 less than 300% of Jerry's age, we write the equation as 14 + 4 = 3.0 * Jerry's age which simplifies to 18 = 3.0 * Jerry's age. So, dividing both sides by 3.0 gives us Jerry's age as $6$.
Packet 14 is Task OPAL: I must copy the three words ""ALPHA OSCAR FOXTROT"".
I found 5 tasks in this stream.

<Final_Answers>
- Task GLACIER: 27
- Task FALCON: 64
- Task BAGPIPE: -35
- Task URCHIN: 6
- Task OPAL: ALPHA OSCAR FOXTROT"
qwen2.5:7b,Q4_K_M,5,non-ordered,math_bench_2,direct,True,none,solve,1.0,8192,18149,ALPHA OSCAR FOXTROT,OPAL,5,14,20,,20,1;1;1;1;1;1;1;1;1;1;1;1;1;1;1;1;1;1;1;1,,0.25;0.25;0.25;0.25;0.25;0.25;0.25;0.25;0.25;0.25;0.25;0.25;0.25;0.25;0.25;0.25;0.25;0.25;0.25;0.25,0;0;0;0;0;0;0;0;0;0;0;0;0;0;0;0;0;0;0;0,0.25,0.0,0,0.0,0,124,0,1,,"<Final_Answers>
- Task GLACIER: 27
- Task FALCON: 130
- Task BAGPIPE: -7
- Task URCHIN: 10
- Task OPAL: ALPHA OSCAR FOXTROT
"
qwen2.5:7b,Q4_K_M,5,non-ordered,math_bench_4,cot,True,none,solve,1.0,8192,18149,ALPHA OSCAR FOXTROT,OPAL,5,14,20,18,19,1;1;1;1;1;1;1;1;1;1;1;1;1;1;1;1;1;1;1;0,1;1;1;1;1;0;1;1;1;1;1;1;1;1;1;1;1;1;1;0,0.75;0.75;0.75;0.75;0.75;0.75;0.5;1.0;0.5;1.0;0.75;0.5;0.75;0.75;0.25;0.5;0.75;0.5;0.25;0.25,1400;1129;1472;1138;1513;1237;1047;1335;1140;1409;918;975;1451;1043;1288;1180;1136;907;756;646,0.6375,1156.0,0,0.0,0,1528,0,1,1,"<Thinking>
Packet 03 is Task GLACIER: In the arithmetic sequence \(2^2, y, 2^4\), we have the values 4 and 16. The common difference must be the same, so \(y = \frac{4 + 16}{2} = 10\). Therefore, Packet 03 is Task GLACIER: the answer is 10.

Packet 04 is Task FALCON: To solve the inequality \(|5x - 3| \le 7\), we get two cases:
\[ -7 \le 5x - 3 \le 7 \]
Solving for \( x \):
\[ -4 \le 5x \le 10 \]
Dividing by 5:
\[ -\frac{4}{5} \le x \le 2 \]
Since we are asked for integer values, the solutions are -0 and 1. Thus, Packet 04 is Task FALCON: there are 2 integers that satisfy the inequality.

Packet 03 is Task BAGPIPE: The ratio of the areas is given by \(\frac{32}{63}\). Since area is proportional to side length squared, we need square roots:
\[ \sqrt{\frac{32}{63}} = \frac{4\sqrt{2}}{3\sqrt{7}} = \frac{4\sqrt{14}}{21} \]
So the sum \( a + b + c \) is 4 + 14 + 21, which equals 39. Packet 03 is Task BAGPIPE: the answer is 39.

Packet 03 is Task URCHIN: For the quadratic equation \( 9x^2 + nx + 1 = 0 \) to have exactly one solution, the discriminant must be zero:
\[ n^2 - 4 \cdot 9 \cdot 1 = 0 \]
\[ n^2 - 36 = 0 \]
Thus:
\[ n^2 = 36 \Rightarrow n = \pm 6. \]
Since we are asked for the positive value, Packet 03 is Task URCHIN: the answer is 6.

Packet 04 is Task OPAL: I must copy-paste the three words ""ALPHA OSCAR FOXTROT"". Packet 14 mentions a total of 5 tasks in this stream.
</Thinking>

<Final_Answers>
- Task GLACIER: 10
- Task FALCON: 2
- Task BAGPIPE: 39
- Task URCHIN: 6
- Task OPAL: ALPHA OSCAR FOXTROT
"
qwen2.5:7b,Q4_K_M,5,non-ordered,math_bench_4,direct,True,none,solve,1.0,8192,18149,ALPHA OSCAR FOXTROT,OPAL,5,14,20,,20,1;1;1;1;1;1;1;1;1;1;1;1;1;1;1;1;1;1;1;1,,0.25;0.25;0.25;0.25;0.0;0.25;0.25;0.25;0.0;0.0;0.0;0.0;0.25;0.25;0.25;0.0;0.25;0.25;0.25;0.0,0;0;0;0;0;0;0;0;0;0;0;0;0;0;0;0;0;0;0;0,0.1625,0.0,0,0.0,0,119,0,1,,"<Final_Answers>
- Task GLACIER: 6
- Task FALCON: 2
- Task BAGPIPE: 9
- Task URCHIN: 6
- Task OPAL: ALPHA OSCAR FOXTROT
"
qwen2.5:7b,Q4_K_M,5,non-ordered,math_bench_5,cot,True,none,solve,1.0,8192,18149,ALPHA OSCAR FOXTROT,OPAL,5,14,20,12,16,1;1;0;0;1;1;1;1;1;1;0;1;1;1;1;1;1;0;1;1,0;1;0;1;1;1;1;1;0;1;1;1;0;1;0;1;1;0;0;0,0.0;0.5;0.25;0.75;0.5;0.5;0.5;0.75;0.5;0.25;0.25;0.5;0.5;0.5;0.25;0.25;0.5;0.5;0.5;0.5,1033;1162;928;2123;1619;1141;2337;2730;824;1986;1465;1779;1489;1870;1083;2968;1460;1326;636;1142,0.4375,1555.05,0,0.0,0,1368,0,1,1,"<Thinking>
Packet 03 is a math question about finding integers n for which $\left\lfloor n^2/4 \right\rfloor - \lfloor n/2 \rfloor^2 = 2$. By testing, the only integer solutions are $n=2$ and $n=-2$, so both work but only one value is asked for: 2.

Packet 04 asks about a linear function f where $f(6)-f(2)=12$. Since it’s linear, slope = $\frac{12}{6-2} = 3$. Thus, if we denote x=2 then $f(x) = 3x + b$ and substituting gives 9 - (b+3) = 12 which simplifies to b=-6. Now using this in the general form $f(12)-f(2)$: $3*12-(-6)-(3*2-(-6))=36+6-(6+6)=42-12=30$.

Packet 09 defines functions r and s for sequences and asks to find the sum of all possible values of s(r(x)). Calculating, $s(r(1)) = \text{even } + 1$ (all even domain members become odd), so we have {1, 3, 5, 7} from range. The result is thus (1+3)+(5+7)=26.

Packet 13 poses a geometry problem with geometric sequences and an equation relating terms. Expanding the given relation to $kq_2^2 * d_3 = k r_2 * d_3 + 2*k q_2 * d_2$ gives common ratios $r+q = 2$. Therefore, sum of common ratios is 2.

Packet 14 asks for copying words ""ALPHA OSCAR FOXTROT"" from the stream. I will output these as required: ALPHA OSCAR FOXTROT.

I found a total of 5 tasks in this stream.
</Thinking>
<Final_Answers>
- Task GLACIER: 2
- Task FALCON: 30
- Task BAGPIPE: 26
- Task URCHIN: 2
- Task OPAL: ALPHA OSCAR FOXTROT
"
qwen2.5:7b,Q4_K_M,5,non-ordered,math_bench_5,direct,True,none,solve,1.0,8192,18149,ALPHA OSCAR FOXTROT,OPAL,5,14,20,,20,1;1;1;1;1;1;1;1;1;1;1;1;1;1;1;1;1;1;1;1,,0.0;0.0;0.0;0.0;0.0;0.0;0.25;0.0;0.0;0.0;0.0;0.0;0.0;0.0;0.0;0.0;0.0;0.0;0.0;0.0,0;0;0;0;0;0;0;0;0;0;0;0;0;0;0;0;0;0;0;0,0.0125,0.0,0,0.0,0,122,0,1,,"<Final_Answers>
- Task GLACIER: 2
- Task FALCON: 24
- Task BAGPIPE: 18
- Task URCHIN: -3
- Task OPAL: ALPHA OSCAR FOXTROT
"
qwen2.5:7b,Q4_K_M,5,non-ordered,trivial,cot,True,none,solve,1.0,8192,19114,TANGO MIKE YANKEE,GONDOLA,5,14,20,20,20,1;1;1;1;1;1;1;1;1;1;1;1;1;1;1;1;1;1;1;1,1;1;1;1;1;1;1;1;1;1;1;1;1;1;1;1;1;1;1;1,0.75;0.75;0.75;0.75;0.75;0.75;0.75;0.75;0.75;0.75;0.75;0.75;0.75;1.0;0.75;0.75;1.0;0.75;0.75;1.0,293;238;217;334;281;239;316;271;250;358;271;223;286;393;277;263;320;256;254;285,0.7875,281.25,0,0.0,0,365,0,1,1,"<Thinking>
Packet 04 is Task UMBRELLA: reported result BROWN. Packet 08 is Task NOODLE: reported result CROW. Packet 13 is Task JASMINE: reported result FORK. Packet 14 is Task GONDOLA: I must copy-paste the three words TANGO MIKE YANKEE.
</Thinking>
<Final_Answers>
- Task UMBRELLA: BROWN
- Task NOODLE: CROW
- Task JASMINE: FORK
- Task GONDOLA: TANGO MIKE YANKEE
"
qwen2.5:7b,Q4_K_M,5,non-ordered,trivial,direct,True,none,solve,1.0,8192,19114,TANGO MIKE YANKEE,GONDOLA,5,14,20,,20,1;1;1;1;1;1;1;1;1;1;1;1;1;1;1;1;1;1;1;1,,1.0;1.0;1.0;1.0;1.0;1.0;1.0;1.0;1.0;1.0;1.0;1.0;1.0;1.0;1.0;1.0;1.0;1.0;1.0;1.0,0;0;0;0;0;0;0;0;0;0;0;0;0;0;0;0;0;0;0;0,1.0,0.0,0,0.0,1,138,0,1,,"<Final_Answers>
- Task SAXOPHONE: GRAPE
- Task UMBRELLA: BROWN
- Task NOODLE: CROW
- Task JASMINE: FORK
- Task GONDOLA: TANGO MIKE YANKEE
"
qwen2.5:7b,Q4_K_M,5,non-ordered,math_bench_2,cot,True,none,solve,1.0,8192,19149,VICTOR ZULU UNIFORM,VOLCANO,5,8,20,20,20,1;1;1;1;1;1;1;1;1;1;1;1;1;1;1;1;1;1;1;1,1;1;1;1;1;1;1;1;1;1;1;1;1;1;1;1;1;1;1;1,0.75;0.75;0.5;1.0;0.75;1.0;0.75;0.75;1.0;0.75;0.5;0.75;1.0;1.0;1.0;1.0;1.0;1.0;1.0;0.75,1051;1271;1374;1564;980;1297;793;1488;1301;977;866;972;1488;1425;960;1465;1090;1227;1599;893,0.85,1204.05,0,0.0,0,1383,0,1,1,"<Thinking>
Packet 01 is Task ESPRESSO: The sequence starts from 28 decreasing by 3, ending at 1. To find the number of terms (n), use the formula for the nth term of an arithmetic sequence \(a_n = a_1 + (n-1)d\). Here, \(a_1 = 28\), \(d = -3\), and \(a_n = 1\). Solving gives \(28 + (n-1)(-3) = 1\) or \(-3(n-1) = -27\) leading to \(n-1 = 9\) or \(n = 10\). The total number of cans is the sum of an arithmetic series, \(S_n = \frac{n}{2}(a_1 + a_n)\), which equals \(\frac{10}{2}(28 + 1) = 5 \times 29 = 145\).

Packet 03 is Task OPAL: Here we apply the formula for \(x \diamondsuit y\): \(2 \diamondsuit 7 = 3(2) + 5(7) = 6 + 35 = 41\).

Packet 04 is Task VULTURE: Given that \(2^x + 2^x + 2^x + 2^x = 512\), we simplify to \(4 \cdot 2^x = 512\) or \(2^{x+2} = 2^9\). Therefore, \(x + 2 = 9\) leading to \(x = 7\).

Packet 06 is Task WOMBAT: This sum is the sum of an arithmetic sequence with first term 1 and last term 17, common difference 2. To find the number of terms (n), use \(\frac{a_n + a_1}{2} = \frac{17 + 1}{2} = 9\). The total is \(S_n = \frac{n}{2}(a_1 + a_n)\) which equals \(\frac{9}{2}(1 + 17) = 4.5 \times 18 = 81\).

Packet 08 is Task VOLCANO: I must copy the three words VICTOR ZULU UNIFORM.

I found 5 tasks in this stream.
</Thinking>
<Final_Answers>
- Task ESPRESSO: 145
- Task OPAL: 41
- Task VULTURE: 7
- Task WOMBAT: 81
- Task VOLCANO: VICTOR ZULU UNIFORM"
qwen2.5:7b,Q4_K_M,5,non-ordered,math_bench_2,direct,True,none,solve,1.0,8192,19149,VICTOR ZULU UNIFORM,VOLCANO,5,8,20,,20,1;1;1;1;1;1;1;1;1;1;1;1;1;1;1;1;1;1;1;1,,0.0;0.0;0.0;0.0;0.0;0.0;0.0;0.0;0.0;0.0;0.0;0.0;0.0;0.0;0.0;0.0;0.0;0.0;0.25;0.0,0;0;0;0;0;0;0;0;0;0;0;0;0;0;0;0;0;0;0;0,0.0125,0.0,0,0.0,0,125,0,1,,"<Final_Answers>
- Task ESPRESSO: 140
- Task OPAL: 26
- Task VULTURE: 5
- Task WOMBAT: 88
- Task VOLCANO: VICTOR ZULU UNIFORM
"
qwen2.5:7b,Q4_K_M,5,non-ordered,math_bench_4,cot,True,none,solve,1.0,8192,19149,VICTOR ZULU UNIFORM,VOLCANO,5,8,20,15,16,1;1;1;0;1;1;1;1;1;1;1;0;1;1;1;1;0;0;1;1,1;1;1;0;1;1;1;1;1;1;1;0;1;0;1;1;0;0;1;1,0.25;0.25;0.5;0.25;0.25;0.25;0.0;0.5;0.25;0.25;0.0;0.0;0.25;0.0;0.25;0.25;0.0;0.25;0.25;0.25,1640;866;2051;1307;1279;901;1012;1850;1418;1418;1062;1335;1491;1263;1471;1640;1540;979;1058;2251,0.2125,1391.6,0,0.0,0,850,0,0,0,"<Thinking>
Packet 01 is Task ESPRESSO: The equations are $3 - x^2 + x^3 = 1 + x^2 + x^3$, simplifying to $x^3 - 2x^2 + 2 = 0$. Solving this, only real solution is $x=2^{1/3}$. Substituting back gives maximum difference in $y$: $(3-8+4)-(5)=-4$.
Packet 03 is Task OPAL: Given the sum of numbers as 99, and transformations resulting in equal values imply $\frac{a+6+b-6+5c}{3} = k$, thus after algebraic manipulation $b=12$.
 Packet 04 is Task VULTURE: From equations $(a+c-e)+bi+(c+e-a)-di-(e)+(e+fi)=2i$, simplifying gives $d+f=1$.
Packet 06 is Task WOMBAT: Using polynomial algebra, the expression transforms to $2013^2 - 2 \cdot 2013 \cdot 2014 + 3 \cdot 2013 \cdot 2014^2 - 2014^2 + 1$, simplifying it reduces to 2013.
There are three tasks in this stream.

<Final_Answers>
- Task ESPRESSO: -4
- Task OPAL: 12
- Task VULTURE: 1
- Task WOMBAT: 2013"
qwen2.5:7b,Q4_K_M,5,non-ordered,math_bench_4,direct,True,none,solve,1.0,8192,19149,VICTOR ZULU UNIFORM,VOLCANO,5,8,20,,20,1;1;1;1;1;1;1;1;1;1;1;1;1;1;1;1;1;1;1;1,,0.25;0.5;0.5;0.5;0.5;0.25;0.5;0.25;0.25;0.5;0.5;0.5;0.25;0.25;0.5;0.5;0.25;0.25;0.25;0.25,0;0;0;0;0;0;0;0;0;0;0;0;0;0;0;0;0;0;0;0,0.375,0.0,0,0.0,0,126,0,1,,"<Final_Answers>
- Task ESPRESSO: 2
- Task OPAL: 37
- Task VULTURE: -9
- Task WOMBAT: 2013
- Task VOLCANO: VICTOR ZULU UNIFORM
"
qwen2.5:7b,Q4_K_M,5,non-ordered,math_bench_5,cot,True,none,solve,1.0,8192,19149,VICTOR ZULU UNIFORM,VOLCANO,5,8,20,20,20,1;1;1;1;1;1;1;1;1;1;1;1;1;1;1;1;1;1;1;1,1;1;1;1;1;1;1;1;1;1;1;1;1;1;1;1;1;1;1;1,0.25;0.25;0.0;0.25;0.25;0.25;0.25;0.25;0.25;0.25;0.25;0.0;0.25;0.25;0.25;0.0;0.5;0.25;0.25;0.25,976;1615;1613;1709;1733;1542;1534;1584;1777;1653;1862;1440;1273;1494;1525;1639;2162;1414;1619;1864,0.225,1601.4,0,0.0,0,1728,0,1,1,"<Thinking>
Packet 01 is Task ESPRESSO: To find the product of all positive integral values of n such that \(n^2 - 35n + 306 = p\) for some prime number \(p\), first identify possible values of \(n\). The equation factors to \((n-17)(n-18) = -306/(17,18)\), giving integers when \(n=17\) or \(n=18\). Next check if either result in a prime: \(17^2 - 35 \cdot 17 + 306 = -2\) (not prime) and \(18^2 - 35 \cdot 18 + 306 = -1340/18\), so neither is valid. However, upon revisiting factorization, realize the primes are 69 and 17. Thus, product of n values is \(17 * 18 / (69) = 2*3*13 / (11*6)/3 = 504/6=84\).

Packet 03 is Task OPAL: Given \(g(x) = 5x - 4\) and that it equals to the inverse of a linear function minus three, set up the equation. For \(f^{-1}(x)\), first let's assume \(f(x) = ax + b\). Then, \(f^{-1}(x) = \frac{x-b}{a}\). So, equate:
\[5x-4=\frac{x-b}{a}-3\] and solve for constants. Since the function must match this form, solving:
\[5=ax/b \implies a=5; b=-4,\]
resulting in \(5(-6) + 5(-4) = -30 -20 = -50.\]

Packet 04 is Task VULTURE: For a quadratic equation \(x^2 + (b+1/b)x + c = 0\) to have exactly one positive root, then the discriminant should be zero:
\[ (b+1/b)^2 - 4c = 0 \implies b^2 + 2 + 1/b^2 - 4c = 0. \]
The function \(b+1/b\) reaches its minimum value at 2 when \(b=1\). Thus, \(c = (3/2)\) for exactly one root.

Packet 06 is Task WOMBAT: Expand the expression:
\[ -(3-c)(c + 2(3-c)) = -(3-c)(6-3c+c^2).\]
This expands to \(-(18 - 9c - c^3 + c)\) with coefficients summing to \(15\).

Packet 08 is Task VOLCANO: I must copy the three words ""VICTOR ZULU UNIFORM"".

<Final_Answers>
- Task ESPRESSO: 24
- Task OPAL: -50
- Task VULTURE: 3
- Task WOMBAT: 15
- Task VOLCANO: VICTOR ZULU UNIFORM"
qwen2.5:7b,Q4_K_M,5,non-ordered,math_bench_5,direct,True,none,solve,1.0,8192,19149,VICTOR ZULU UNIFORM,VOLCANO,5,8,20,,20,1;1;1;1;1;1;1;1;1;1;1;1;1;1;1;1;1;1;1;1,,0.0;0.0;0.0;0.0;0.0;0.0;0.0;0.0;0.0;0.0;0.0;0.0;0.0;0.0;0.0;0.0;0.0;0.0;0.0;0.0,0;0;0;0;0;0;0;0;0;0;0;0;0;0;0;0;0;0;0;0,0.0,0.0,0,0.0,0,124,0,1,,"<Final_Answers>
- Task ESPRESSO: 6
- Task OPAL: 25
- Task VULTURE: -8
- Task WOMBAT: 13
- Task VOLCANO: VICTOR ZULU UNIFORM
"
qwen2.5:7b,Q4_K_M,5,non-ordered,trivial,cot,True,none,solve,1.0,8192,20114,WHISKEY FOXTROT NOVEMBER,GLACIER,5,12,20,20,20,1;1;1;1;1;1;1;1;1;1;1;1;1;1;1;1;1;1;1;1,1;1;1;1;1;1;1;1;1;1;1;1;1;1;1;1;1;1;1;1,0.75;1.0;0.75;0.75;1.0;0.75;0.5;0.5;0.75;0.75;0.75;0.75;0.75;0.75;0.5;0.75;0.75;0.75;0.75;0.75,321;338;403;433;375;345;211;262;351;260;379;261;346;368;217;368;293;339;240;439,0.7375,327.45,0,0.0,0,525,0,1,1,"<Thinking>
Packet 01 is Task PYRAMID: reporting ROBIN as the result. Packet 04 is Task SAXOPHONE: reporting DUCK as the result. Packet 05 is Task UNICYCLE: reporting FROG as the result. Packet 12 is Task GLACIER: I must copy the three words WHISKEY FOXTROT NOVEMBER. These are the tasks found in this stream.

Packet 09 is Task CACTUS: reporting PEACH as the result.
</Thinking>

<Final_Answers>
- Task PYRAMID: ROBIN
- Task SAXOPHONE: DUCK
- Task UNICYCLE: FROG
- Task GLACIER: WHISKEY FOXTROT NOVEMBER
- Task CACTUS: PEACH
"
qwen2.5:7b,Q4_K_M,5,non-ordered,trivial,direct,True,none,solve,1.0,8192,20114,WHISKEY FOXTROT NOVEMBER,GLACIER,5,12,20,,18,1;1;1;0;1;0;1;1;1;1;1;1;1;1;1;1;1;1;1;1,,1.0;1.0;1.0;1.0;1.0;1.0;1.0;1.0;1.0;1.0;1.0;1.0;1.0;1.0;1.0;1.0;1.0;1.0;1.0;1.0,0;0;0;0;0;0;0;0;0;0;0;0;0;0;0;0;0;0;0;0,1.0,0.0,0,0.0,0,145,0,1,,"<Final_Answers>
- Task PYRAMID: ROBIN
- Task SAXOPHONE: DUCK
- Task UNICYCLE: FROG
- Task CACTUS: PEACH
- Task GLACIER: WHISKEY FOXTROT NOVEMBER
"
qwen2.5:7b,Q4_K_M,5,non-ordered,math_bench_2,cot,True,none,solve,1.0,8192,20149,QUEBEC KILO WHISKEY,ABACUS,5,15,20,0,2,1;0;1;0;0;0;0;0;0;0;0;0;0;0;0;0;0;0;0;0,0;0;0;0;0;0;0;0;0;0;0;0;0;0;0;0;0;0;0;0,0.5;1.0;1.0;1.0;1.0;1.0;1.0;0.75;1.0;1.0;1.0;1.0;1.0;0.75;1.0;0.75;1.0;1.0;1.0;1.0,528;1094;925;1061;939;1018;1095;1024;1004;761;1022;902;917;932;1075;813;913;883;1059;1163,0.9375,956.4,0,0.0,0,1090,0,0,0,"<Thinking>
Packet 03 is Task RASPBERRY: The distance between (0,15) and (8,0) can be calculated using the distance formula. It’s sqrt((8-0)^2 + (0-15)^2) which equals sqrt(64+225) = sqrt(289) = 17.
Packet 06 is Task DUMPLING: $\sqrt[3]{2700}$ simplifies to $a\sqrt[3]{b}$. Since $2700 = 27 \times 100$ and then $= 3^3 \times 10^2 = 3^3 \times (2\times5)^2$, it can be simplified as $3\sqrt[3]{4\times125}$. Therefore, $a+b = 3+125 = 128$.
Packet 09 is Task TOBOGGAN: The equation given by $A \clubsuit 4 = 58$ translates to $3A + 2(4) + 5 = 58$. Simplifying, we get $3A + 8 + 5 = 58$, so $3A + 13 = 58$, solving for A yields $3A = 45$ and thus $A = 15$.
Packet 10 is Task ICEBERG: If the fraction is equivalent to $\frac{2}{5}$, let’s denote the numerator as \( x \) and the denominator as \( 3x - 7 \). Setting up the equality gives us $\frac{x}{3x-7} = \frac{2}{5}$. Cross multiplying we get $5x = 6x - 14$, solving for \( x \) we find $x = 14$.
I found 4 tasks in this stream.
</Thinking>

<Final_Answers>
- Task RASPBERRY: 17
- Task DUMPLING: 128
- Task TOBOGGAN: 15
- Task ICEBERG: 14
"
qwen2.5:7b,Q4_K_M,5,non-ordered,math_bench_2,direct,True,none,solve,1.0,8192,20149,QUEBEC KILO WHISKEY,ABACUS,5,15,20,,20,1;1;1;1;1;1;1;1;1;1;1;1;1;1;1;1;1;1;1;1,,0.25;0.25;0.5;0.25;0.25;0.0;0.25;0.0;0.25;0.25;0.0;0.25;0.0;0.0;0.25;0.25;0.0;0.0;0.0;0.25,0;0;0;0;0;0;0;0;0;0;0;0;0;0;0;0;0;0;0;0,0.1625,0.0,0,0.0,0,129,0,1,,"<Final_Answers>
- Task RASPBERRY: 13
- Task DUMPLING: 5
- Task TOBOGGAN: 17
- Task ICEBERG: 4
- Task ABACUS: QUEBEC KILO WHISKEY
"
qwen2.5:7b,Q4_K_M,5,non-ordered,math_bench_4,cot,True,none,solve,1.0,8192,20149,QUEBEC KILO WHISKEY,ABACUS,5,15,20,0,8,0;1;0;0;0;0;0;1;1;1;1;1;0;0;1;0;0;1;0;0,0;0;0;0;0;0;0;0;0;0;0;0;0;0;0;0;0;0;0;0,0.5;0.5;0.75;1.0;0.75;0.5;0.75;0.75;0.5;0.5;0.5;0.75;0.75;0.75;0.75;0.75;1.0;0.25;0.75;0.5,1222;1030;1478;1141;1484;852;1269;971;1239;1413;1181;1077;1433;1328;1212;1077;1540;1118;1419;1359,0.6625,1242.15,0,0.0,0,1280,0,0,0,"<Thinking>
Packet 03 is Task RASPBERRY: If the pond was fully covered on day 30 and it doubled daily, then on day 29 it was half covered. Therefore, it was 75% algae-free on day 29.

Packet 06 is Task DUMPLING: The floor area of a square room with an area of 225 sq ft is 15 ft by 15 ft (since \( \sqrt{225} = 15 \)). Each tile covers \(6/12 * 6/12 = 0.25\) sq ft, so the number of tiles per row would be 15 / (6/12) = 30.

Packet 09 is Task TOBOGGAN: We have the equation \(x + y + xy = 76\). By adding 1 to both sides, we get \((x+1)(y+1) = 77\). The factors of 77 are (1, 77), (7, 11). Thus, possible values for \((x,y)\) are (0,76), (6,10), (10,6), and (76,0). Since \(x\) and \(y\) must be positive integers less than 20, the valid solutions are (6, 10) and (10, 6). Thus, \(x + y = 16\).

Packet 10 is Task ICEBERG: The equation \(3^{x^2+4x+4} = 9^{x+2}\) simplifies to \(3^{(x+2)^2} = 3^{2(x+2)}\). This implies \((x+2)^2 = 2(x+2)\), which gives us two solutions: \(x + 2 = 0\) or \(x + 2 = 2\). So the valid positive integer solution is \(x = 0\), and since we’re only asked for sum, it’s just 0.

- Task RASPBERRY: 29
- Task DUMPLING: 30
- Task TOBOGGAN: 16
- Task ICEBERG: 0

<Final_Answers>
- Task RASPBERRY: 29
- Task DUMPLING: 30
- Task TOBOGGAN: 16
- Task ICEBERG: 0"
qwen2.5:7b,Q4_K_M,5,non-ordered,math_bench_4,direct,True,none,solve,1.0,8192,20149,QUEBEC KILO WHISKEY,ABACUS,5,15,20,,20,1;1;1;1;1;1;1;1;1;1;1;1;1;1;1;1;1;1;1;1,,0.0;0.0;0.0;0.25;0.25;0.0;0.0;0.0;0.0;0.0;0.0;0.0;0.0;0.0;0.0;0.0;0.0;0.0;0.0;0.0,0;0;0;0;0;0;0;0;0;0;0;0;0;0;0;0;0;0;0;0,0.025,0.0,0,0.0,0,131,0,1,,"<Final_Answers>
- Task RASPBERRY: 23
- Task DUMPLING: 15
- Task TOBOGGAN: 14
- Task ICEBERG: -4
- Task ABACUS: QUEBEC KILO WHISKEY
"
qwen2.5:7b,Q4_K_M,5,non-ordered,math_bench_5,cot,True,none,solve,1.0,8192,20149,QUEBEC KILO WHISKEY,ABACUS,5,15,20,14,15,1;1;1;1;1;1;1;1;0;0;0;1;1;0;1;1;1;0;1;1,1;1;1;1;0;1;1;1;1;0;0;0;1;0;1;1;1;0;1;1,0.0;0.0;0.0;0.0;0.0;0.0;0.0;0.0;0.0;0.0;0.0;0.0;0.0;0.0;0.0;0.0;0.25;0.0;0.0;0.0,1032;806;1323;1126;703;1507;1504;1580;1204;1002;1139;916;1668;1411;1396;1451;1282;803;1592;996,0.0125,1222.05,0,0.0,0,1534,0,0,1,"<Thinking>
Packet 03 is Task RASPBERRY: To solve for constants $\alpha$ and $\beta$, we have two equations. Cross-multiplying gives $(x-\alpha)(x^2+57x-2970) = (x+\beta)(x^2-80x+1551)$. Expanding both sides, the linear terms must match: $-Ax + B = -Cx + D$ where A=57+$\beta$, C=-80-$\alpha$, and equating coefficients gives us $\alpha = 63$ and $\beta = -29$, so $\alpha+\beta=34$.

Packet 06 is Task DUMPLING: To find the number of lattice points in or on the boundary, we need to solve $|x|=y \leq \sqrt{6-x^2}$ for nonnegative x values. This gives us -3 <= x <= 3 and y=|x|. Solving $\sqrt{6-x^2} = |x|$ reveals two additional roots at x=-2,2. Counting points (0,0 to 3,3) plus reflections yields 19 unique lattice points.

Packet 09 is Task TOBOGGAN: Given the polynomial factors $p(x)=a+b+c-6$, $q(x)=ab+ac+bc-5$ and $r(x)=abc+12$, use the identity $a^3+b^3+c^3 = (a+b+c)^3 - 3(a+b)(b+c)(c+a) + 3abc$ which simplifies to $6^3 - 3(6)(2)(4) - (-36) = 198$.

Packet 10 is Task ICEBERG: Using the Euclidean distance formula in a circle problem, we find $(AB)^2= r_1^2 + r_2^2 - 2*r_1*r_2*(1-\cos(\theta))$, where $\theta = \cos^{-1}\left(-\frac{r_1^2+r_2^2-d^2}{2r_1r_2}\right)$ and d is the distance between centers. Plugging in values, we get $(AB)^2 = 36$.

Packet 15 is Task ABACUS: I must copy the three words QUEBEC KILO WHISKEY.
Summarizing tasks identified: RASPBERRY, DUMPLING, TOBOGGAN, ICEBERG. Found results of four tasks.

<Final_Answers>
- Task RASPBERRY: 34
- Task DUMPLING: 19
- Task TOBOGGAN: 198
- Task ICEBERG: 36"
qwen2.5:7b,Q4_K_M,5,non-ordered,math_bench_5,direct,True,none,solve,1.0,8192,20149,QUEBEC KILO WHISKEY,ABACUS,5,15,20,,20,1;1;1;1;1;1;1;1;1;1;1;1;1;1;1;1;1;1;1;1,,0.0;0.0;0.0;0.25;0.0;0.25;0.0;0.25;0.0;0.25;0.25;0.0;0.25;0.25;0.25;0.0;0.0;0.0;0.0;0.25,0;0;0;0;0;0;0;0;0;0;0;0;0;0;0;0;0;0;0;0,0.1125,0.0,0,0.0,0,132,0,1,,"<Final_Answers>
- Task RASPBERRY: 57
- Task DUMPLING: 27
- Task TOBOGGAN: -86
- Task ICEBERG: 40
- Task ABACUS: QUEBEC KILO WHISKEY
"
qwen2.5:7b,Q4_K_M,5,non-ordered,trivial,cot,True,none,solve,1.0,8192,21114,BRAVO GOLF LIMA,ZUCCHINI,5,13,20,20,20,1;1;1;1;1;1;1;1;1;1;1;1;1;1;1;1;1;1;1;1,1;1;1;1;1;1;1;1;1;1;1;1;1;1;1;1;1;1;1;1,1.0;1.0;1.0;1.0;1.0;1.0;1.0;1.0;1.0;1.0;1.0;1.0;1.0;1.0;1.0;1.0;1.0;1.0;1.0;1.0,291;308;347;297;263;418;417;291;356;259;324;269;297;263;263;336;264;308;298;296,1.0,308.25,0,0.0,0,441,0,1,1,"<Thinking>
Packet 02 is Task QUICKSAND: the word MOOSE is reported. Packet 05 is Task NOODLE: the word FOX is reported. Packet 10 is Task YACHT: the answer is the word CARROT. Packet 11 is Task UKULELE: the result is PINK. Packet 13 is Task ZUCCHINI: I must copy the three words BRAVO GOLF LIMA.
</Thinking>
<Final_Answers>
- Task QUICKSAND: MOOSE
- Task NOODLE: FOX
- Task YACHT: CARROT
- Task UKULELE: PINK
- Task ZUCCHINI: BRAVO GOLF LIMA"
qwen2.5:7b,Q4_K_M,5,non-ordered,trivial,direct,True,none,solve,1.0,8192,21114,BRAVO GOLF LIMA,ZUCCHINI,5,13,20,,20,1;1;1;1;1;1;1;1;1;1;1;1;1;1;1;1;1;1;1;1,,1.0;1.0;1.0;1.0;1.0;1.0;1.0;1.0;1.0;1.0;1.0;1.0;1.0;1.0;1.0;1.0;1.0;1.0;1.0;1.0,0;0;0;0;0;0;0;0;0;0;0;0;0;0;0;0;0;0;0;0,1.0,0.0,0,0.0,1,134,0,1,,"<Final_Answers>
- Task QUICKSAND: MOOSE
- Task NOODLE: FOX
- Task YACHT: CARROT
- Task UKULELE: PINK
- Task ZUCCHINI: BRAVO GOLF LIMA
"
qwen2.5:7b,Q4_K_M,5,non-ordered,math_bench_2,cot,True,none,solve,1.0,8192,21149,UNIFORM JULIET CHARLIE,OPAL,5,12,20,17,17,1;1;0;1;1;1;1;0;1;1;1;1;1;1;1;1;1;1;0;1,1;1;0;1;1;1;1;0;1;1;1;1;1;1;1;1;1;1;0;1,0.25;0.75;0.5;0.75;0.75;0.75;0.5;0.75;1.0;0.75;0.75;0.75;0.75;1.0;0.75;1.0;0.5;0.75;1.0;0.75,933;839;1160;893;630;822;768;1339;1474;1023;997;1126;1101;1207;994;1525;1444;1361;1615;825,0.7375,1103.8,0,0.0,0,1272,0,1,1,"<Thinking>
Packet 01 is Task RASPBERRY: To solve -35 = -x^2 - 2x, I rearrange to get x^2 + 2x - 35 = 0. Using the quadratic formula x = [-b ± sqrt(b^2 - 4ac)] / (2a), a=1, b=2, c=-35 gives me roots for x being -7 and 5. The product of these solutions is 5 * (-7) = -35.

Packet 05 is Task DAFFODIL: Let the number of acrobats be A and elephants be E. I have two equations: A + E = 15 (since each has one head), and 4A + 4E = 40 (as there are four legs per creature, total 40). Subtracting the first from the second gives 3E - E = 20 - 15 -> 3E = 15 so E equals 5. Thus A is 10.

Packet 06 is Task MARBLE: I multiply m & p by q over n, yielding (7)(8)(3/12) which simplifies to 42 / 12 and further to 35 / 6 leaving the integer result as 35. 

Packet 07 is Task NOODLE: The arithmetic sequence starts at 28, decreases by 3 each step and ends at 1 (the last term). Finding n in a_n = a_1 + (n-1)d -> 1 = 28 - 3(n-1) gives me n=10 terms. Summing with Sn = n/2(a_1 + an) = 5(28+1) yields S=145, the total number of cans.

Packet 12 is Task OPAL: I must copy the three words ""UNIFORM JULIET CHARLIE"".

I found 5 tasks in this stream.
</Thinking>
<Final_Answers>
- Task RASPBERRY: -35
- Task DAFFODIL: 10
- Task MARBLE: 35
- Task NOODLE: 145
- Task OPAL: UNIFORM JULIET CHARLIE
"
qwen2.5:7b,Q4_K_M,5,non-ordered,math_bench_2,direct,True,none,solve,1.0,8192,21149,UNIFORM JULIET CHARLIE,OPAL,5,12,20,,20,1;1;1;1;1;1;1;1;1;1;1;1;1;1;1;1;1;1;1;1,,0.25;0.25;0.25;0.25;0.25;0.25;0.25;0.25;0.25;0.25;0.25;0.25;0.25;0.25;0.25;0.25;0.25;0.25;0.25;0.25,0;0;0;0;0;0;0;0;0;0;0;0;0;0;0;0;0;0;0;0,0.25,0.0,0,0.0,0,129,0,1,,"<Final_Answers>
- Task RASPBERRY: 7
- Task DAFFODIL: 10
- Task MARBLE: 56
- Task NOODLE: 294
- Task OPAL: UNIFORM JULIET CHARLIE
"
qwen2.5:7b,Q4_K_M,5,non-ordered,math_bench_4,cot,True,none,solve,1.0,8192,21149,UNIFORM JULIET CHARLIE,OPAL,5,12,20,20,19,1;1;1;1;0;1;1;1;1;1;1;1;1;1;1;1;1;1;1;1,1;1;1;1;1;1;1;1;1;1;1;1;1;1;1;1;1;1;1;1,0.25;0.5;0.5;0.25;0.5;0.25;0.0;0.5;0.5;0.25;0.5;0.75;0.25;0.25;0.75;0.5;0.5;0.25;0.75;0.75,677;884;1522;1132;1526;867;940;1717;1274;1195;949;975;1391;843;1200;1098;1073;1210;1141;950,0.4375,1128.2,0,0.0,0,1668,0,1,0,"<Thinking>
Packet 01 is Task RASPBERRY: Given that the ratio of the areas of two squares (which are related by the square root of their side lengths) is $\frac{32}{63}$, we need to take the square root of both terms to get the ratio of their side lengths. This becomes $\sqrt{\frac{32}{63}} = \frac{4\sqrt{2}}{3\sqrt{7}} = \frac{4\sqrt{14}}{21}$. Thus, $a=4$, $b=14$, and $c=21$—the sum $a+b+c = 4+14+21 = 39$. Packet 05 is Task DAFFODIL: Simplify $\dfrac{r^2-3r-17}{r+4}=2r+7$. Multiply both sides by $(r+4)$, giving $r^2 - 3r - 17 = (2r + 7)(r + 4)$. This simplifies to a quadratic equation. Solving it yields roots that differ by $\lvert r_1 - r_2 \rvert$, where the solutions are evaluated through solving and then their difference is taken, resulting in $8$. Packet 06 is Task MARBLE: Use the function values and inverse to find that since $f(3) = 4$ means the inverse at 4 is 3, so $f^{-1}(5)$ involves looking up the input for which output is 5; similarly, using 4 gives 3. Adding those, we get 6, then apply the inverse: $f^{-1}(6) = 2$. Packet 07 is Task NOODLE: To find the maximum difference between y-coordinates of intersection points means solving simultaneous equasions for both functions' values and subtracting maximum from minimum. Subtract polynomial expressions to set equation equal to zero, then use derivative or numerical method to find critical points and evaluate $y$ at those points showing a max absolute difference of 15.

- Task RASPBERRY: 39
- Task DAFFODIL: 8
- Task MARBLE: 2
- Task NOODLE: 15

</Thinking>

<Final_Answers>
- Task RASPBERRY: 39
- Task DAFFODIL: 8
- Task MARBLE: 2
- Task NOODLE: 15
- Task OPAL: UNIFORM JULIET CHARLIE
"
qwen2.5:7b,Q4_K_M,5,non-ordered,math_bench_4,direct,True,none,solve,1.0,8192,21149,UNIFORM JULIET CHARLIE,OPAL,5,12,20,,19,1;1;0;1;1;1;1;1;1;1;1;1;1;1;1;1;1;1;1;1,,0.0;0.0;0.0;0.25;0.0;0.0;0.0;0.0;0.0;0.0;0.0;0.0;0.0;0.25;0.0;0.25;0.0;0.0;0.25;0.25,0;0;0;0;0;0;0;0;0;0;0;0;0;0;0;0;0;0;0;0,0.0625,0.0,0,0.0,0,126,0,1,,"<Final_Answers>
- Task RASPBERRY: 11
- Task DAFFODIL: 9
- Task MARBLE: 3
- Task NOODLE: 4
- Task OPAL: UNIFORM JULIET CHARLIE
"
qwen2.5:7b,Q4_K_M,5,non-ordered,math_bench_5,cot,True,none,solve,1.0,8192,21149,UNIFORM JULIET CHARLIE,OPAL,5,12,20,18,18,1;1;1;1;1;1;1;1;0;1;1;1;1;1;1;1;0;1;1;1,1;1;1;1;1;1;1;1;0;1;1;1;1;1;1;1;0;1;1;1,0.25;0.0;0.5;0.0;0.25;0.0;0.25;0.5;0.5;0.25;0.25;0.25;0.25;0.0;0.25;0.25;0.25;0.25;0.25;0.25,1058;486;1466;607;1494;814;1305;1215;2149;996;1251;1010;1852;1259;1295;1179;2163;1401;1117;913,0.2375,1251.5,0,0.0,0,1015,0,1,1,"<Thinking>
Packet 01 is Task RASPBERRY: I need to find s(r(x)) for all x in the domain of r, then sum these values. First, compute r(x) = {0,2,4,6} when x is -1, 0, 1, and 2; next use this with s(x). Doing so we get:
- s(0) = 1
- s(2) = 3
- s(4) = 5
- s(6) = 7

Summing these yields: 1 + 3 + 5 + 7 = 16.

Packet 05 is Task DAFFODIL: Solve $x+y=4$ and $xy=\frac{4}{3}$. Substituting $y$ from the first into the second gives a quadratic in x, which factors nicely. Roots are at $x=1$, $x=2/\sqrt{3}$; solving for y then gives matching pairs.

The solutions can express as $x = \frac{1 \pm 1\sqrt{3}}{1}$. So a+b+c+d is: 1+1+3+1 = 6.

Packet 06 is Task MARBLE: Factor the equation to get x(x-2)(x+5) = 0. Solutions are -5, 0, and 2. Mean of these numbers is (-5 + 0 + 2)/3 = -1.

Packet 12 is Task OPAL: I must copy-paste the words ""UNIFORM JULIET CHARLIE"". There were three tasks in this stream.
</Thinking>
<Final_Answers>
- Task RASPBERRY: 16
- Task DAFFODIL: 6
- Task MARBLE: -1
- Task OPAL: UNIFORM JULIET CHARLIE"
qwen2.5:7b,Q4_K_M,5,non-ordered,math_bench_5,direct,True,none,solve,1.0,8192,21149,UNIFORM JULIET CHARLIE,OPAL,5,12,20,,20,1;1;1;1;1;1;1;1;1;1;1;1;1;1;1;1;1;1;1;1,,0.0;0.0;0.0;0.0;0.0;0.0;0.0;0.0;0.0;0.0;0.0;0.0;0.0;0.0;0.0;0.0;0.0;0.0;0.0;0.0,0;0;0;0;0;0;0;0;0;0;0;0;0;0;0;0;0;0;0;0,0.0,0.0,0,0.0,0,129,0,1,,"<Final_Answers>
- Task RASPBERRY: 14
- Task DAFFODIL: 5
- Task MARBLE: -2
- Task NOODLE: 336
- Task OPAL: UNIFORM JULIET CHARLIE
"
qwen2.5:7b,Q4_K_M,5,non-ordered,trivial,cot,True,none,solve,1.0,8192,22114,GOLF MIKE WHISKEY,RHUBARB,5,12,20,20,20,1;1;1;1;1;1;1;1;1;1;1;1;1;1;1;1;1;1;1;1,1;1;1;1;1;1;1;1;1;1;1;1;1;1;1;1;1;1;1;1,0.75;0.75;0.75;0.75;0.75;0.75;0.75;0.75;0.5;0.75;0.75;0.75;0.75;0.75;0.75;0.75;1.0;0.75;0.75;0.75,305;292;226;232;266;313;265;277;233;265;272;253;216;271;220;291;499;274;240;298,0.75,275.4,0,0.0,0,405,0,1,1,"<Thinking>
I identified 4 tasks in this stream. Packet 01 is Task YODEL: the result is YELLOW. Packet 08 is Task QUICKSAND: the answer is DUCK. Packet 10 is Task FERRET: the response is FORK. Packet 12 is Task RHUBARB: I need to copy and paste the three words GOLF MIKE WHISKEY.
</Thinking>
<Final_Answers>
- Task YODEL: YELLOW
- Task QUICKSAND: DUCK
- Task FERRET: FORK
- Task RHUBARB: GOLF MIKE WHISKEY
"
qwen2.5:7b,Q4_K_M,5,non-ordered,trivial,direct,True,none,solve,1.0,8192,22114,GOLF MIKE WHISKEY,RHUBARB,5,12,20,,20,1;1;1;1;1;1;1;1;1;1;1;1;1;1;1;1;1;1;1;1,,1.0;1.0;1.0;1.0;1.0;1.0;1.0;1.0;1.0;1.0;1.0;1.0;1.0;1.0;1.0;1.0;1.0;1.0;1.0;1.0,0;0;0;0;0;0;0;0;0;0;0;0;0;0;0;0;0;0;0;0,1.0,0.0,0,0.0,1,138,0,1,,"<Final_Answers>
- Task YODEL: YELLOW
- Task QUICKSAND: DUCK
- Task FERRET: FORK
- Task DANDELION: LEMON
- Task RHUBARB: GOLF MIKE WHISKEY
"
qwen2.5:7b,Q4_K_M,5,non-ordered,math_bench_2,cot,True,none,solve,1.0,8192,22149,PAPA UNIFORM INDIA,QUARRY,5,14,20,20,20,1;1;1;1;1;1;1;1;1;1;1;1;1;1;1;1;1;1;1;1,1;1;1;1;1;1;1;1;1;1;1;1;1;1;1;1;1;1;1;1,0.75;0.5;0.75;1.0;0.75;1.0;1.0;1.0;0.75;1.0;0.75;0.75;1.0;0.75;1.0;0.75;0.5;1.0;0.75;0.75,1036;1276;1011;1369;850;796;995;1130;961;932;776;966;1212;988;1028;851;905;1192;883;1060,0.825,1010.85,0,0.0,0,1181,0,0,0,"<Thinking>
Packet 01 is Task NOODLE: Let the total number of seats be \( S \). Business Class has \( 0.25S \) and Economy has \( \frac{2}{3}S \), so First Class has 24 seats, which is the remainder: \( S - (0.25S + \frac{2}{3}S) = 24 \). Simplifying, we get \( 24 = S(1 - 0.25 - \frac{2}{3}) \), further simplifying to \( 24 = S(\frac{9}{12} - \frac{3}{12} - \frac{8}{12}) = S\frac{1}{12}\). Therefore, \( S = 24 \times 12 = 288 \) seats in total. Packet 05 is Task METRONOME: Set the numerator as \( N \) and solve for fraction equivalence; given denominator is \( 3N - 7 \), and \( \frac{N}{3N - 7} = \frac{2}{5} \). Cross-multiplying gives \( 5N = 4N - 14 \) or \( N = -14 \), but with a positive check, we get \( N = 14 \). Packet 08 is Task OPAL: Substitute into the defined operation \( x \diamondsuit y = 3x + 5y \). For \( 2 \diamondsuit 7 \): \( 3(2) + 5(7) = 6 + 35 = 41 \). Packet 13 is Task TAPESTRY: Using the operation definition \( a \# b = a + \frac{a}{b} \), for \( 6 \# 2 \): \( 6 + \frac{6}{2} = 6 + 3 = 9 \). I identified and solved 4 tasks in this stream.
</Thinking>

<Final_Answers>
- Task NOODLE: 288
- Task METRONOME: 14
- Task OPAL: 41
- Task TAPESTRY: 9
"
qwen2.5:7b,Q4_K_M,5,non-ordered,math_bench_2,direct,True,none,solve,1.0,8192,22149,PAPA UNIFORM INDIA,QUARRY,5,14,20,,20,1;1;1;1;1;1;1;1;1;1;1;1;1;1;1;1;1;1;1;1,,0.25;0.25;0.25;0.25;0.25;0.25;0.25;0.25;0.25;0.25;0.25;0.25;0.25;0.25;0.25;0.25;0.25;0.25;0.25;0.25,0;0;0;0;0;0;0;0;0;0;0;0;0;0;0;0;0;0;0;0,0.25,0.0,0,0.0,0,124,0,1,,"<Final_Answers>
- Task NOODLE: 160
- Task METRONOME: 5
- Task OPAL: 21
- Task TAPESTRY: 9
- Task QUARRY: PAPA UNIFORM INDIA
"
qwen2.5:7b,Q4_K_M,5,non-ordered,math_bench_4,cot,True,none,solve,1.0,8192,22149,PAPA UNIFORM INDIA,QUARRY,5,14,20,20,17,1;1;0;1;1;0;1;1;1;1;1;1;1;1;0;1;1;1;1;1,1;1;1;1;1;1;1;1;1;1;1;1;1;1;1;1;1;1;1;1,0.75;0.75;0.25;0.5;0.5;1.0;0.75;0.5;0.75;0.5;0.5;0.75;0.5;0.75;0.75;0.5;0.75;0.5;0.5;1.0,2161;1846;1453;1514;1313;1670;2019;1197;1818;1761;1729;1442;1391;2123;1462;1564;1654;1711;1363;1990,0.6375,1659.05,0,0.0,0,1498,0,1,1,"<Thinking>
Packet 01 is Task NOODLE: To find the maximum value of $-5r^2 + 40r - 12$, I note that it's a quadratic expression with a negative leading coefficient, so its axis of symmetry occurs at $-b/(2a) = -40/(-10) = 4$. Substituting $r=4$ into the equation gives $-5(4)^2 + 40(4) - 12 = -80 + 160 - 12 = 68$, so the answer is 68.
Packet 05 is Task METRONOME: Setting $3^{x^2+4x+4}=9^{x+2}$, we rewrite it as $3^{(x+2)^2}=3^{2(x+2)}$. Thus, $(x+2)^2=2(x+2) \implies (x+2)(x+2-2)=0$, giving us roots $x=-2$ and $x=0$. Sum of all possible values is -2 + 0 = -2.
Packet 08 is Task OPAL: We have the equations $a+b+c=99$, $(a+6)=(b-6)=5c$. From here, let's set them equal to a common value $k$ so $k-(b-6)=(5c)-(a+6) \implies b=a+12$ and since $3b=4.5(a+c)+60$, from substitution and simplification, solving the system gives us specific values for each letter leading to $b=39$.
Packet 13 is Task TAPESTRY: The sum of two consecutive integers that equals 21 can be expressed as $n+(n+1)=21 \implies n=10$. Therefore, larger number of positive consecutive integers would be the one after them which are 10 and 11. To find the largest set, we look at sets like {8,9,10}, {7, 8, 9, ...} and see they don't form a sum of 21 as single entries. Therefore, answer is 2.
Packet 14 is Task QUARRY: I must copy-paste the three words ""PAPA UNIFORM INDIA"".
Found 5 tasks in this stream.

<Final_Answers>
- Task NOODLE: 68
- Task METRONOME: -2
- Task OPAL: 39
- Task TAPESTRY: 2
- Task QUARRY: PAPA UNIFORM INDIA"
qwen2.5:7b,Q4_K_M,5,non-ordered,math_bench_4,direct,True,none,solve,1.0,8192,22149,PAPA UNIFORM INDIA,QUARRY,5,14,20,,20,1;1;1;1;1;1;1;1;1;1;1;1;1;1;1;1;1;1;1;1,,0.25;0.0;0.25;0.25;0.25;0.25;0.25;0.25;0.25;0.25;0.25;0.25;0.25;0.25;0.25;0.25;0.25;0.25;0.25;0.25,0;0;0;0;0;0;0;0;0;0;0;0;0;0;0;0;0;0;0;0,0.2375,0.0,0,0.0,0,123,0,1,,"<Final_Answers>
- Task NOODLE: 50
- Task METRONOME: -4
- Task OPAL: 9
- Task TAPESTRY: 6
- Task QUARRY: PAPA UNIFORM INDIA
"
qwen2.5:7b,Q4_K_M,5,non-ordered,math_bench_5,cot,True,none,solve,1.0,8192,22149,PAPA UNIFORM INDIA,QUARRY,5,14,20,20,18,1;1;1;1;1;1;1;1;0;1;1;1;1;1;1;1;0;1;1;1,1;1;1;1;1;1;1;1;1;1;1;1;1;1;1;1;1;1;1;1,0.25;0.25;0.25;0.25;0.25;0.0;0.25;0.25;0.25;0.5;0.0;0.25;0.25;0.25;0.25;0.0;0.25;0.25;0.25;0.25,1273;984;812;1474;1342;687;1445;1173;1068;1269;739;1815;2152;1046;920;1866;1408;1526;1188;1559,0.225,1287.3,0,0.0,0,1826,0,1,0,"<Thinking>
Packet 01 is Task NOODLE: Simplify \(\sqrt{6+4\sqrt2}+\sqrt{6-4\sqrt2}\). Let's denote \(a = \sqrt{6+4\sqrt2}\) and \(b = \sqrt{6-4\sqrt2}\), then \(a^2 + b^2 = 12\) and \(ab = \sqrt{(6+4\sqrt2)(6-4\sqrt2)} = \sqrt{36 - (4\sqrt2)^2} = \sqrt{36-32} = 2\). Using the identity \((a+b)^2 = a^2 + b^2 + 2ab\), we get \((a + b)^2 = 12 + 4 = 16\), so \(a + b = 4\). Packet 05 is Task METRONOME: To find the distance squared between the points of intersection, let's set up equations for both circles. Subtracting circle centers and radii provides a linear algebra problem that leads to \((AB)^2 = (8 - \sqrt{10})^2 = 64 - 16\sqrt{10} + 10 = 74 - 16\sqrt{10}\), but simplified we can find the squared distance directly \(36\) as the simpler geometric interpretation. Packet 08 is Task OPAL: We have \(g(x) = 5x-4\). Given \(g(x) = f^{-1}(x)-3\), so substitute in terms of the reverse function form, resulting from solving for coefficients we find \(s(1)\) in simpler terms. Packet 13 is Task TAPESTRY: Define \(t(x)=3x-8\), and \(s(t(x)) = x^2 + 3x - 2 = (x)^2 + 3(x) - 2\). For input, we solve to find s(1) with given function properties, the result is \(-4\).

Packet 05 is Task METRONOME: The circles intersect at two points A and B such that the distance squared between A and B is \(AB^2 = 36\).
Packet 08 is Task OPAL: From \(g(x) = f^{-1}(x) - 3\) with \(f(x) = ax + b\) and rearranging, we find coefficients leading to the solution for \(5a+5b=40\). Packet 13 is Task TAPESTRY: By solving the provided functions, s(1) = \(-4\).

Found three tasks.

- Packet 05 - Task METRONOME: \(AB^2 = 36\)
- Packet 08 - Task OPAL: \(5a + 5b = 40\)
- Packet 13 - Task TAPESTRY: \(s(1) = -4\)

</Thinking>
<Final_Answers>
- Task METRONOME: 36
- Task OPAL: 40
- Task TAPESTRY: -4
- Task NOODLE: 4
- Task QUARRY: PAPA UNIFORM INDIA
"
qwen2.5:7b,Q4_K_M,5,non-ordered,math_bench_5,direct,True,none,solve,1.0,8192,22149,PAPA UNIFORM INDIA,QUARRY,5,14,20,,20,1;1;1;1;1;1;1;1;1;1;1;1;1;1;1;1;1;1;1;1,,0.0;0.0;0.0;0.25;0.25;0.0;0.0;0.25;0.0;0.25;0.25;0.0;0.25;0.0;0.25;0.25;0.25;0.25;0.0;0.25,0;0;0;0;0;0;0;0;0;0;0;0;0;0;0;0;0;0;0;0,0.1375,0.0,0,0.0,0,125,0,1,,"<Final_Answers>
- Task NOODLE: 5
- Task METRONOME: 16
- Task OPAL: -20
- Task TAPESTRY: -3
- Task QUARRY: PAPA UNIFORM INDIA
"
qwen2.5:7b,Q4_K_M,5,non-ordered,trivial,cot,True,none,solve,1.0,8192,23114,KILO ALPHA VICTOR,QUIVER,5,10,20,20,20,1;1;1;1;1;1;1;1;1;1;1;1;1;1;1;1;1;1;1;1,1;1;1;1;1;1;1;1;1;1;1;1;1;1;1;1;1;1;1;1,1.0;1.0;1.0;1.0;1.0;1.0;1.0;0.5;1.0;1.0;1.0;1.0;1.0;1.0;1.0;0.75;1.0;1.0;1.0;1.0,477;265;387;305;265;559;237;546;391;411;389;394;265;293;309;360;315;276;265;298,0.9625,350.35,0,0.0,0,426,0,1,1,"<Thinking>
Packet 01 is Task NECTARINE: report SPOON. Packet 03 is Task JASMINE: report VIOLET. Packet 07 is Task LILAC: report OWL. Packet 08 is Task DUMPLING: report RAIN. Packet 10 is Task QUIVER: must copy the three words KILO ALPHA VICTOR.

I found 4 tasks in this stream.
</Thinking>
<Final_Answers>
- Task NECTARINE: SPOON
- Task JASMINE: VIOLET
- Task LILAC: OWL
- Task DUMPLING: RAIN
- Task QUIVER: KILO ALPHA VICTOR
"
qwen2.5:7b,Q4_K_M,5,non-ordered,trivial,direct,True,none,solve,1.0,8192,23114,KILO ALPHA VICTOR,QUIVER,5,10,20,,20,1;1;1;1;1;1;1;1;1;1;1;1;1;1;1;1;1;1;1;1,,1.0;1.0;1.0;1.0;1.0;1.0;1.0;1.0;1.0;1.0;1.0;1.0;1.0;1.0;1.0;1.0;1.0;1.0;1.0;1.0,0;0;0;0;0;0;0;0;0;0;0;0;0;0;0;0;0;0;0;0,1.0,0.0,0,0.0,1,136,0,1,,"<Final_Answers>
- Task NECTARINE: SPOON
- Task JASMINE: VIOLET
- Task LILAC: OWL
- Task DUMPLING: RAIN
- Task QUIVER: KILO ALPHA VICTOR
"
qwen2.5:7b,Q4_K_M,5,non-ordered,math_bench_2,cot,True,none,solve,1.0,8192,23149,OSCAR UNIFORM PAPA,CATAPULT,5,9,20,20,20,1;1;1;1;1;1;1;1;1;1;1;1;1;1;1;1;1;1;1;1,1;1;1;1;1;1;1;1;1;1;1;1;1;1;1;1;1;1;1;1,0.5;1.0;0.5;0.75;1.0;1.0;0.5;0.75;0.75;1.0;0.75;1.0;1.0;0.75;1.0;0.75;0.75;1.0;1.0;1.0,2308;1974;1256;1626;1555;1507;1308;1246;1552;1292;1602;1359;1577;1596;1864;1494;1193;1530;1333;1573,0.8375,1537.25,0,0.0,0,1451,0,1,1,"<Thinking>
Packet 03 is Task VOLCANO: The population doubles every 3 minutes. From 3:00 p.m. to 3:15 p.m., there are 15 minutes, making it 5 intervals of 3 minutes. Therefore, the bacteria count at 3:15 p.m. would be \(20 \times 2^5 = 20 \times 32 = 640\).

Packet 05 is Task RHUBARB: The sum of the first n odd numbers starting from 1 can also be given by \(n^2\), where n is the last number divided by 2 plus one. Here, the last term is 17, which means there are 9 terms. So, the sum is \(9^2 = 81\).

Packet 06 is Task PISTACHIO: The distance traveled can be calculated by considering the linear relationship here. If a horse 24 feet from the center travels 32 \* 24 for each revolution, then to travel the same 768 feet in terms of circumference but with a 1/3 decrease (8 feet), the number of revolutions is \(32\ \times\ \frac{24}{8}\ =\ 96\).

Packet 08 is Task WALNUT: Jenny eats 20% daily, so each day she keeps 80% of what remains from before. At the end of the second day, 32 jellybeans remain, meaning after day one there must have been \(32 \div (1 - 0.2) = 40\) jellybeans left at midnight on the first day, and \(40 \div (1 - 0.2) = 50\). So initially, she had 50 jellybeans.

Packet 09 is Task CATAPULT: I must copy the three words ""OSCAR UNIFORM PAPA"".

I identified 5 tasks in this stream.
</Thinking>

<Final_Answers>
- Task VOLCANO: 640
- Task RHUBARB: 81
- Task PISTACHIO: 96
- Task WALNUT: 50
- Task CATAPULT: OSCAR UNIFORM PAPA
"
qwen2.5:7b,Q4_K_M,5,non-ordered,math_bench_2,direct,True,none,solve,1.0,8192,23149,OSCAR UNIFORM PAPA,CATAPULT,5,9,20,,20,1;1;1;1;1;1;1;1;1;1;1;1;1;1;1;1;1;1;1;1,,0.5;0.25;0.5;0.5;0.75;0.5;0.25;0.5;0.75;0.5;0.25;0.5;0.5;0.5;0.5;0.5;0.5;1.0;1.0;0.25,0;0;0;0;0;0;0;0;0;0;0;0;0;0;0;0;0;0;0;0,0.525,0.0,0,0.0,0,130,0,1,,"<Final_Answers>
- Task VOLCANO: 160
- Task RHUBARB: 81
- Task PISTACHIO: 96
- Task WALNUT: 40
- Task CATAPULT: OSCAR UNIFORM PAPA
"
qwen2.5:7b,Q4_K_M,5,non-ordered,math_bench_4,cot,True,none,solve,1.0,8192,23149,OSCAR UNIFORM PAPA,CATAPULT,5,9,20,19,19,1;1;1;1;1;1;1;1;1;1;1;1;1;1;1;1;0;1;1;1,1;1;1;1;1;1;1;1;1;1;1;1;1;1;1;1;0;1;1;1,0.5;0.5;0.5;0.5;1.0;0.5;0.75;0.5;0.5;0.25;0.5;0.5;0.5;0.5;0.5;0.75;1.0;0.75;0.5;0.5,1206;825;1029;1052;920;620;735;1048;955;850;1113;775;1060;950;1621;803;850;1264;930;798,0.575,970.2,0,0.0,0,902,0,1,1,"<Thinking>
Packet 03 is Task VOLCANO: The equation $(2008+x)^2=x^2$ simplifies to $4016x+2008^2=0$, which means $x=-\frac{2008}{4}= -502$. 

Packet 05 is Task RHUBARB: The expression can be simplified as $\frac{(2013-2014)^3 + 1}{2013 \cdot 2014} = \frac{-1 + 1}{2013 \cdot 2014} = 0$. 

Packet 06 is Task PISTACHIO: The midpoint of the segment from $(1,3)$ to $(5,7)$ is $(3,5)$. The slope of this line segment is $1$, so the perpendicular bisector's equation should be $x + y = b$ where $b=8$. 

Packet 08 is Task WALNUT: For the quadratic function $-x^2 - 6x + 12$, the maximum value occurs at $x = -\frac{b}{2a} = -\frac{-6}{2 \cdot -1} = -3$.

Packet 09 is Task CATAPULT: I must copy the three words: ""OSCAR UNIFORM PAPA"".
I found 5 tasks in this stream.
</Thinking>

<Final_Answers>
- Task VOLCANO: -502
- Task RHUBARB: 0
- Task PISTACHIO: 8
- Task WALNUT: -3
- Task CATAPULT: OSCAR UNIFORM PAPA
"
qwen2.5:7b,Q4_K_M,5,non-ordered,math_bench_4,direct,True,none,solve,1.0,8192,23149,OSCAR UNIFORM PAPA,CATAPULT,5,9,20,,20,1;1;1;1;1;1;1;1;1;1;1;1;1;1;1;1;1;1;1;1,,0.5;0.5;0.5;0.5;0.5;0.5;0.5;0.5;0.5;0.5;0.5;0.5;0.5;0.5;0.5;0.5;0.5;0.5;0.5;0.5,0;0;0;0;0;0;0;0;0;0;0;0;0;0;0;0;0;0;0;0,0.5,0.0,0,0.0,0,130,0,1,,"<Final_Answers>
- Task VOLCANO: 0
- Task RHUBARB: 2013
- Task PISTACHIO: -3
- Task WALNUT: -3
- Task CATAPULT: OSCAR UNIFORM PAPA
"
qwen2.5:7b,Q4_K_M,5,non-ordered,math_bench_5,cot,True,none,solve,1.0,8192,23149,OSCAR UNIFORM PAPA,CATAPULT,5,9,20,19,18,1;1;1;1;1;1;1;1;1;1;1;1;1;1;1;1;0;1;1;0,1;1;1;1;1;1;1;1;1;1;1;1;1;1;1;1;1;1;1;0,0.25;0.25;0.0;0.25;0.25;0.25;0.25;0.5;0.25;0.25;0.25;0.0;0.25;0.25;0.5;0.25;0.5;0.25;0.5;0.25,1635;1557;1439;1699;1514;1785;1332;1875;1640;1520;1389;1598;1491;1395;2365;1671;1945;1554;1677;1391,0.275,1623.6,0,0.0,0,1281,0,1,1,"<Thinking>
Packet 03 is Task VOLCANO: To find the smallest value of c for an inverse function, we need \(f(x)\) to be injective. The derivative \(f'(x) = 2(x+2)\). Setting this non-negative gives us \(x \geq -2\), so the minimum value of c is -2.

Packet 05 is Task RHUBARB: Expanding \(-(3-c)(c+2(3-c))\) we get \(-(3-c)(6-2c+c) = -(3-c)(6-c) = -18 + 3c - 6c + c^2 = c^2 - 3c - 18\). The sum of coefficients is \(1 - 3 - 18 = -18 + 1 = -17\).

Packet 06 is Task PISTACHIO: For the roots to be consecutive, let them be \(k\) and \(k+1\), then \(n = k + (k+1) = 2k + 1\) and \(m = k(k+1)\). Since \(m\) must be divisible by 3, either \(k\) or \(k+1\) needs to be a multiple of 3. Listing possibilities up to \(n < 100\), there are 67 such n.

Packet 08 is Task WALNUT: Let the two-digit integers be AB (where A and B are digits) and CD (where C and D are digits). The average condition gives \(\frac{AB+CD}{2} = A.B + C.D\). By aligning, we get \(10A+B+10C+D=100A+10B+C\) simplifying to \(9C-B=99A-9B-C\), which with constraints on A and B, yields the solution 2 as the smaller integer.

Packet 09 is Task CATAPULT: I need to copy ""OSCAR UNIFORM PAPA"".

<Final_Answers>
- Task VOLCANO: -2
- Task RHUBARB: -17
- Task PISTACHIO: 67
- Task WALNUT: 2
- Task CATAPULT: OSCAR UNIFORM PAPA"
qwen2.5:7b,Q4_K_M,5,non-ordered,math_bench_5,direct,True,none,solve,1.0,8192,23149,OSCAR UNIFORM PAPA,CATAPULT,5,9,20,,20,1;1;1;1;1;1;1;1;1;1;1;1;1;1;1;1;1;1;1;1,,0.25;0.0;0.25;0.25;0.0;0.0;0.0;0.0;0.0;0.0;0.0;0.0;0.0;0.25;0.0;0.0;0.0;0.0;0.0;0.0,0;0;0;0;0;0;0;0;0;0;0;0;0;0;0;0;0;0;0;0,0.05,0.0,0,0.0,0,128,0,1,,"<Final_Answers>
- Task VOLCANO: -2
- Task RHUBARB: 1
- Task PISTACHIO: 67
- Task WALNUT: 45
- Task CATAPULT: OSCAR UNIFORM PAPA
"
qwen2.5:7b,Q4_K_M,5,non-ordered,trivial,cot,True,none,solve,1.0,8192,24114,WHISKEY UNIFORM ECHO,QUARRY,5,14,20,20,20,1;1;1;1;1;1;1;1;1;1;1;1;1;1;1;1;1;1;1;1,1;1;1;1;1;1;1;1;1;1;1;1;1;1;1;1;1;1;1;1,1.0;1.0;1.0;1.0;1.0;1.0;1.0;1.0;1.0;1.0;1.0;1.0;1.0;1.0;1.0;1.0;1.0;1.0;1.0;1.0,278;323;384;567;298;339;419;311;297;357;364;340;317;368;495;334;353;355;351;298,1.0,357.4,0,0.0,0,518,0,1,1,"<Thinking>
Packet 05 is Task RASPBERRY: The result for this task is TABLE. Packet 07 is Task OBELISK: The task asks to report BROWN as the answer. Packet 09 is Task LOBSTER: Required to report RED as the outcome. Packet 11 is Task FLAMINGO: Must return STONE as the response. Packet 14 is Task QUARRY: I should copy and paste the three words ""WHISKEY UNIFORM ECHO"".
</Thinking>
<Final_Answers>
- Task RASPBERRY: TABLE
- Task OBELISK: BROWN
- Task LOBSTER: RED
- Task FLAMINGO: STONE
- Task QUARRY: WHISKEY UNIFORM ECHO"
qwen2.5:7b,Q4_K_M,5,non-ordered,trivial,direct,True,none,solve,1.0,8192,24114,WHISKEY UNIFORM ECHO,QUARRY,5,14,20,,20,1;1;1;1;1;1;1;1;1;1;1;1;1;1;1;1;1;1;1;1,,1.0;1.0;1.0;1.0;1.0;1.0;1.0;1.0;1.0;1.0;1.0;1.0;1.0;1.0;1.0;1.0;1.0;1.0;1.0;1.0,0;0;0;0;0;0;0;0;0;0;0;0;0;0;0;0;0;0;0;0,1.0,0.0,0,0.0,1,141,0,1,,"<Final_Answers>
- Task RASPBERRY: TABLE
- Task OBELISK: BROWN
- Task LOBSTER: RED
- Task FLAMINGO: STONE
- Task QUARRY: WHISKEY UNIFORM ECHO
"
qwen2.5:7b,Q4_K_M,5,non-ordered,math_bench_2,cot,True,none,solve,1.0,8192,24149,INDIA VICTOR HOTEL,VULTURE,5,10,20,20,20,1;1;1;1;1;1;1;1;1;1;1;1;1;1;1;1;1;1;1;1,1;1;1;1;1;1;1;1;1;1;1;1;1;1;1;1;1;1;1;1,0.75;1.0;0.5;0.75;0.75;0.75;0.75;0.75;0.75;0.75;0.75;0.5;0.75;1.0;0.5;0.75;0.75;0.75;1.0;0.75,1331;1596;935;1203;1341;1914;842;804;1439;1365;798;1293;1542;1472;743;1252;890;1155;1401;742,0.75,1202.9,0,0.0,0,983,0,1,1,"<Thinking>
Packet 01 is Task FALCON: Let x be the numerator. From ""denominator of fraction = 7 less than 3 times the numerator"", we have denominator = (3x - 7). The equation for the equivalent fractions is \( \frac{x}{3x - 7} = \frac{2}{5} \). Solve for x.

Cross multiply to get: 
5x = 2(3x - 7)
5x = 6x - 14
Rearrange terms:
x = 14

Packet 04 is Task HEDGEHOG: Given s + t = (s + 2) since \( s = t - 2 \), substitute into the first equation:
9(t - 2) + 5t = 108
Solving this gives us 9t - 18 + 5t = 108 
14t = 126 
t = 9

Packet 10 is Task VULTURE: I must copy the three words INDIA VICTOR HOTEL.

The calculations show that Packet 10's task was to copy a set of terms, and this yields one of integer answers for tasks since it requires copy-pasting.
Now we have solved Tasks FALCON, HEDGEHOG, and VULTURE in our stream.

In total, there were 3 tasks identified from the stream. 
</Thinking>

<Final_Answers>
- Task FALCON: 14
- Task HEDGEHOG: 9
- Task VULTURE: INDIA VICTOR HOTEL
"
qwen2.5:7b,Q4_K_M,5,non-ordered,math_bench_2,direct,True,none,solve,1.0,8192,24149,INDIA VICTOR HOTEL,VULTURE,5,10,20,,20,1;1;1;1;1;1;1;1;1;1;1;1;1;1;1;1;1;1;1;1,,0.25;0.25;0.25;0.25;0.25;0.5;0.25;0.25;0.5;0.25;0.25;0.25;0.25;0.25;0.25;0.25;0.25;0.25;0.25;0.25,0;0;0;0;0;0;0;0;0;0;0;0;0;0;0;0;0;0;0;0,0.275,0.0,0,0.0,0,123,0,1,,"<Final_Answers>
- Task FALCON: 5
- Task NOODLE: 6
- Task HEDGEHOG: 18
- Task RHUBARB: 7
- Task VULTURE: INDIA VICTOR HOTEL
"
qwen2.5:7b,Q4_K_M,5,non-ordered,math_bench_4,cot,True,none,solve,1.0,8192,24149,INDIA VICTOR HOTEL,VULTURE,5,10,20,17,18,1;1;1;1;1;1;0;1;1;1;1;1;1;1;0;1;1;1;1;1,0;1;1;1;1;1;1;0;1;1;1;1;1;1;0;1;1;1;1;1,0.75;0.5;0.5;0.5;0.5;0.75;0.5;0.5;0.5;0.5;0.5;0.5;0.5;0.5;0.75;0.5;0.25;0.5;0.75;0.25,1609;1031;890;1409;1284;1803;998;1276;808;1245;915;1166;1226;1195;1308;1023;917;1429;1403;788,0.525,1186.15,0,0.0,0,1495,0,1,0,"<Thinking>
Packet 01 is Task FALCON: The equation given is $3^{x^2+4x+4}=9^{x+2}$. Rewrite it using base 3 as $3^{(x^2+4x+4)}=3^{2(x+2)}$, which simplifies to $x^2 + 4x + 4 = 2x + 4$. Solving for x gives $x^2 + 2x = 0$ or $x(x + 2) = 0$. Thus, the possible values of x are -2 and 0. The sum is -2 + 0 = -2.

Packet 02 is Task NOODLE: For a quadratic to have exactly one solution, its discriminant must be 0. The equation $9x^2+nx+1=0$ has the discriminant $n^2-4(9)(1)$. Set this equal to 0 and solve for n, getting $n^2 - 36 = 0$, hence $n^2 = 36$ giving n = 6 or n = -6. The valid positive value is 6.

Packet 04 is Task HEDGEHOG: Given the roots $\frac{-3\pm i\sqrt{299}}{14}$ for the quadratic equation, it means $-3$ is a factor of the root's real part and 14 the product of coefficients in 7x^2 + 3x + k. The constant term (k) can be obtained by multiplying these roots: $\left(\frac{-3 + i\sqrt{299}}{14}\right)\left(\frac{-3 - i\sqrt{299}}{14}\right) = \frac{9}{196}$. Thus, $k = 9$.

Packet 05 is Task RHUBARB: For the function $f(x)$; values of x > -2 yield $\left\lceil\frac{1}{x+2}\right\rceil$, which approaches positive infinity as x approaches -2 from right or yields large integers. Values < -2 give $\left\lfloor\frac{1}{x+2}\right\rfloor$ leading to -1, -2, etc. The only integer not hit by this is 0.

Tasks identified: FALCON, NOODLE, HEDGEHOG, RHUBARB
<Final_Answers>
- Task FALCON: -2
- Task NOODLE: 6
- Task HEDGEHOG: 9
- Task RHUBARB: 0
- Task VULTURE: INDIA VICTOR HOTEL"
qwen2.5:7b,Q4_K_M,5,non-ordered,math_bench_4,direct,True,none,solve,1.0,8192,24149,INDIA VICTOR HOTEL,VULTURE,5,10,20,,20,1;1;1;1;1;1;1;1;1;1;1;1;1;1;1;1;1;1;1;1,,0.5;0.5;0.25;0.25;0.25;0.25;0.25;0.0;0.5;0.5;0.25;0.25;0.5;0.5;0.25;0.25;0.25;0.25;0.25;0.25,0;0;0;0;0;0;0;0;0;0;0;0;0;0;0;0;0;0;0;0,0.3125,0.0,0,0.0,0,126,0,1,,"<Final_Answers>
- Task FALCON: -4
- Task NOODLE: -12
- Task HEDGEHOG: 75
- Task RHUBARB: 0
- Task VULTURE: INDIA VICTOR HOTEL
"
qwen2.5:7b,Q4_K_M,5,non-ordered,math_bench_5,cot,True,none,solve,1.0,8192,24149,INDIA VICTOR HOTEL,VULTURE,5,10,20,20,20,1;1;1;1;1;1;1;1;1;1;1;1;1;1;1;1;1;1;1;1,1;1;1;1;1;1;1;1;1;1;1;1;1;1;1;1;1;1;1;1,0.25;0.5;0.5;0.5;0.25;0.25;0.25;0.75;0.25;0.5;0.5;0.25;0.25;0.5;0.25;0.25;0.5;0.25;0.0;0.0,1546;2658;1854;2168;980;1297;1139;1478;1568;1187;1893;1162;1880;1528;1013;1436;705;1040;1786;1187,0.3375,1475.25,0,0.0,0,1254,0,1,1,"<Thinking>
Packet 01 is Task FALCON: The equation of circle A is $(x-2)^2 + (y+1)^2 = 16$ and for circle B it's $(x-2)^2 + (y-5)^2 = 10$. We find the points of intersection by subtracting the equations, leading to $9 - 8y = 6$, thus $y = \frac{3}{4}$. Then substituting back gives $x = 2$ so points are $(2,\frac{7}{4})$ and $(2,-\frac{1}{4})$. Distance squared is $\left(\frac{8}{4}\right)^2 + (0)^2$, hence the answer is 4. Packet 02 is Task NOODLE: Noting $a_3 = kr^2, a_2 = kr$, $b_3 = bs^2, b_2 = bs$ for some common ratios r and s. Given the equation simplifies to $(k(r-s) + 1)(s-r) = 0$, knowing $k \neq s \neq r$ means so does not hold and we are left with $s+r=2$. Packet 04 is Task HEDGEHOG: Clearing denominators and equating, after expanding it simplifies to a quad. factoring or solving gives $x = -3$, thus the only integer solution is -3. Packet 09 is Task RHUBARB: By swapping x and y in f(x) and solving, we get the inverse as $\frac{y+5}{2y-1}$. Comparing with form given for the answer, ratio $a/c = 2$.

Packet 10 is Task VULTURE: I must copy the three words INDIA VICTOR HOTEL. I found 4 tasks in this stream.
<Final_Answers>
- Task FALCON: 4
- Task NOODLE: 2
- Task HEDGEHOG: -3
- Task RHUBARB: 2
- Task VULTURE: INDIA VICTOR HOTEL"
qwen2.5:7b,Q4_K_M,5,non-ordered,math_bench_5,direct,True,none,solve,1.0,8192,24149,INDIA VICTOR HOTEL,VULTURE,5,10,20,,20,1;1;1;1;1;1;1;1;1;1;1;1;1;1;1;1;1;1;1;1,,0.25;0.0;0.0;0.0;0.0;0.0;0.0;0.0;0.0;0.0;0.0;0.25;0.0;0.25;0.0;0.0;0.0;0.0;0.0;0.0,0;0;0;0;0;0;0;0;0;0;0;0;0;0;0;0;0;0;0;0,0.0375,0.0,0,0.0,0,124,0,1,,"<Final_Answers>
- Task FALCON: 32
- Task NOODLE: 2
- Task HEDGEHOG: -3
- Task RHUBARB: 1
- Task VULTURE: INDIA VICTOR HOTEL
"
qwen2.5:7b,Q4_K_M,5,non-ordered,trivial,cot,True,none,solve,1.0,8192,25114,HOTEL ROMEO NOVEMBER,KUMQUAT,5,11,20,20,20,1;1;1;1;1;1;1;1;1;1;1;1;1;1;1;1;1;1;1;1,1;1;1;1;1;1;1;1;1;1;1;1;1;1;1;1;1;1;1;1,1.0;1.0;1.0;1.0;1.0;1.0;1.0;1.0;1.0;1.0;1.0;1.0;1.0;1.0;1.0;1.0;1.0;1.0;1.0;1.0,429;339;343;290;337;276;407;334;267;308;475;301;312;267;339;361;362;425;425;295,1.0,344.6,0,0.0,0,563,0,1,1,
qwen2.5:7b,Q4_K_M,5,non-ordered,trivial,direct,True,none,solve,1.0,8192,25114,HOTEL ROMEO NOVEMBER,KUMQUAT,5,11,20,,20,1;1;1;1;1;1;1;1;1;1;1;1;1;1;1;1;1;1;1;1,,1.0;1.0;1.0;1.0;1.0;1.0;1.0;1.0;1.0;1.0;1.0;1.0;1.0;1.0;1.0;1.0;1.0;1.0;1.0;1.0,0;0;0;0;0;0;0;0;0;0;0;0;0;0;0;0;0;0;0;0,1.0,0.0,0,0.0,1,138,0,1,,
qwen2.5:7b,Q4_K_M,5,non-ordered,math_bench_2,cot,True,none,solve,1.0,8192,25149,ZULU DELTA ALPHA,TROMBONE,5,15,20,9,9,0;0;1;0;0;1;0;1;1;0;1;1;0;1;0;1;0;0;0;1,1;0;1;0;0;0;0;1;1;0;1;1;0;1;0;1;0;0;0;1,0.75;1.0;0.75;1.0;0.75;0.5;1.0;1.0;0.75;0.5;1.0;1.0;0.75;1.0;0.25;1.0;0.75;0.75;0.75;1.0,1053;910;965;989;696;819;817;1155;1375;760;1957;1034;840;1094;854;1092;880;1099;654;1084,0.8125,1006.35,0,0.0,0,896,0,0,0,
qwen2.5:7b,Q4_K_M,5,non-ordered,math_bench_2,direct,True,none,solve,1.0,8192,25149,ZULU DELTA ALPHA,TROMBONE,5,15,20,,20,1;1;1;1;1;1;1;1;1;1;1;1;1;1;1;1;1;1;1;1,,0.25;0.25;0.0;0.25;0.25;0.25;0.0;0.0;0.25;0.25;0.25;0.25;0.0;0.0;0.25;0.0;0.25;0.25;0.25;0.0,0;0;0;0;0;0;0;0;0;0;0;0;0;0;0;0;0;0;0;0,0.1625,0.0,0,0.0,0,126,0,1,,
qwen2.5:7b,Q4_K_M,5,non-ordered,math_bench_4,cot,True,none,solve,1.0,8192,25149,ZULU DELTA ALPHA,TROMBONE,5,15,20,6,6,1;1;0;0;0;0;1;1;0;0;0;0;0;0;0;0;1;0;1;0,1;1;0;0;0;0;1;1;0;0;0;0;0;0;0;0;1;0;1;0,0.5;0.5;0.75;0.25;0.5;0.5;0.5;0.5;0.75;0.25;0.5;0.75;0.25;0.25;0.5;0.75;0.75;0.5;0.5;0.5,1302;996;969;1091;830;1000;1014;899;988;769;957;982;948;1177;1285;987;1017;851;996;984,0.5125,1002.1,0,0.0,0,1477,0,0,0,
qwen2.5:7b,Q4_K_M,5,non-ordered,math_bench_4,direct,True,none,solve,1.0,8192,25149,ZULU DELTA ALPHA,TROMBONE,5,15,20,,20,1;1;1;1;1;1;1;1;1;1;1;1;1;1;1;1;1;1;1;1,,0.0;0.0;0.0;0.0;0.0;0.0;0.0;0.0;0.0;0.0;0.0;0.0;0.0;0.0;0.0;0.0;0.0;0.0;0.0;0.0,0;0;0;0;0;0;0;0;0;0;0;0;0;0;0;0;0;0;0;0,0.0,0.0,0,0.0,0,125,0,1,,
qwen2.5:7b,Q4_K_M,5,non-ordered,math_bench_5,cot,True,none,solve,1.0,8192,25149,ZULU DELTA ALPHA,TROMBONE,5,15,20,5,4,0;1;0;0;1;1;0;0;0;0;0;0;0;0;0;0;1;0;0;0,0;1;0;0;1;1;0;0;0;0;0;0;1;0;0;0;1;0;0;0,1.0;0.25;0.75;0.75;0.0;0.5;0.75;0.5;0.25;0.5;0.75;0.75;1.0;0.75;0.0;0.0;0.25;0.0;0.5;0.25,1682;1920;2667;1681;1884;1173;1841;1634;1617;1839;1188;1513;2099;1834;1421;880;1230;1089;1368;838,0.475,1569.9,0,0.0,0,2055,0,0,0,
qwen2.5:7b,Q4_K_M,5,non-ordered,math_bench_5,direct,True,none,solve,1.0,8192,25149,ZULU DELTA ALPHA,TROMBONE,5,15,20,,20,1;1;1;1;1;1;1;1;1;1;1;1;1;1;1;1;1;1;1;1,,0.25;0.25;0.0;0.0;0.0;0.25;0.0;0.25;0.0;0.25;0.25;0.25;0.0;0.25;0.0;0.0;0.0;0.25;0.25;0.0,0;0;0;0;0;0;0;0;0;0;0;0;0;0;0;0;0;0;0;0,0.125,0.0,0,0.0,0,128,0,1,,
qwen2.5:7b,Q4_K_M,5,non-ordered,trivial,cot,True,none,solve,1.0,8192,26114,BRAVO JULIET XRAY,EMERALD,5,15,20,20,20,1;1;1;1;1;1;1;1;1;1;1;1;1;1;1;1;1;1;1;1,1;1;1;1;1;1;1;1;1;1;1;1;1;1;1;1;1;1;1;1,1.0;0.5;1.0;0.5;1.0;1.0;0.75;1.0;1.0;1.0;1.0;1.0;1.0;0.5;1.0;1.0;1.0;1.0;1.0;1.0,275;406;300;189;399;415;355;308;364;397;280;367;269;431;302;355;316;333;300;301,0.9125,333.1,0,0.0,0,342,0,1,1,
qwen2.5:7b,Q4_K_M,5,non-ordered,trivial,direct,True,none,solve,1.0,8192,26114,BRAVO JULIET XRAY,EMERALD,5,15,20,,20,1;1;1;1;1;1;1;1;1;1;1;1;1;1;1;1;1;1;1;1,,1.0;1.0;1.0;1.0;1.0;1.0;1.0;1.0;1.0;1.0;1.0;1.0;1.0;1.0;1.0;1.0;1.0;1.0;1.0;1.0,0;0;0;0;0;0;0;0;0;0;0;0;0;0;0;0;0;0;0;0,1.0,0.0,0,0.0,1,138,0,1,,
qwen2.5:7b,Q4_K_M,5,non-ordered,math_bench_2,cot,True,none,solve,1.0,8192,26149,CHARLIE ZULU TANGO,QUARRY,5,14,20,20,20,1;1;1;1;1;1;1;1;1;1;1;1;1;1;1;1;1;1;1;1,1;1;1;1;1;1;1;1;1;1;1;1;1;1;1;1;1;1;1;1,0.75;0.5;1.0;0.75;0.75;0.75;0.5;1.0;0.75;1.0;0.5;0.75;0.75;0.5;0.75;0.5;0.75;1.0;1.0;0.75,940;806;1028;1337;952;992;1146;1371;883;1137;814;754;1353;1437;1389;1051;900;1138;898;1030,0.75,1067.8,0,0.0,0,1181,0,1,1,
qwen2.5:7b,Q4_K_M,5,non-ordered,math_bench_2,direct,True,none,solve,1.0,8192,26149,CHARLIE ZULU TANGO,QUARRY,5,14,20,,20,1;1;1;1;1;1;1;1;1;1;1;1;1;1;1;1;1;1;1;1,,0.5;0.25;0.5;0.5;0.5;0.25;0.25;0.5;0.5;0.25;0.25;0.25;0.5;0.5;0.25;0.25;0.25;0.25;0.25;0.5,0;0;0;0;0;0;0;0;0;0;0;0;0;0;0;0;0;0;0;0,0.3625,0.0,0,0.0,0,128,0,1,,
qwen2.5:7b,Q4_K_M,5,non-ordered,math_bench_4,cot,True,none,solve,1.0,8192,26149,CHARLIE ZULU TANGO,QUARRY,5,14,20,18,17,1;1;1;1;0;1;1;0;1;1;1;1;1;1;1;1;1;1;0;1,1;1;1;1;1;1;1;0;1;1;1;1;1;1;0;1;1;1;1;1,0.5;0.25;0.5;0.5;0.5;0.5;0.5;0.25;0.25;0.5;0.25;0.25;0.5;0.25;0.25;0.5;0.5;0.25;0.25;0.25,1366;1075;1402;1296;1370;1035;1546;1392;1101;1072;1186;1326;1728;1408;836;1625;1077;1429;1395;1585,0.375,1312.5,0,0.0,0,1559,0,1,1,
qwen2.5:7b,Q4_K_M,5,non-ordered,math_bench_4,direct,True,none,solve,1.0,8192,26149,CHARLIE ZULU TANGO,QUARRY,5,14,20,,20,1;1;1;1;1;1;1;1;1;1;1;1;1;1;1;1;1;1;1;1,,0.0;0.5;0.5;0.5;0.5;0.0;0.25;0.5;0.5;0.0;0.0;0.0;0.25;0.0;0.25;0.0;0.5;0.0;0.5;0.5,0;0;0;0;0;0;0;0;0;0;0;0;0;0;0;0;0;0;0;0,0.2625,0.0,0,0.0,0,126,0,1,,
qwen2.5:7b,Q4_K_M,5,non-ordered,math_bench_5,cot,True,none,solve,1.0,8192,26149,CHARLIE ZULU TANGO,QUARRY,5,14,20,18,17,1;0;1;1;1;1;1;0;1;1;1;1;1;1;1;1;0;1;1;1,1;1;1;1;1;1;1;1;0;1;1;1;1;1;1;1;0;1;1;1,0.0;0.0;0.25;0.0;0.5;0.25;0.25;0.0;0.5;0.0;0.25;0.0;0.25;0.5;0.25;0.25;0.0;0.5;0.25;0.25,1334;1551;1455;965;1280;1029;1426;1323;1228;1802;1811;1048;1146;1558;1353;1631;988;2345;1284;688,0.2125,1362.25,0,0.0,0,1678,0,1,1,
qwen2.5:7b,Q4_K_M,5,non-ordered,math_bench_5,direct,True,none,solve,1.0,8192,26149,CHARLIE ZULU TANGO,QUARRY,5,14,20,,20,1;1;1;1;1;1;1;1;1;1;1;1;1;1;1;1;1;1;1;1,,0.25;0.25;0.25;0.25;0.25;0.25;0.25;0.25;0.25;0.0;0.25;0.25;0.25;0.25;0.25;0.0;0.25;0.25;0.25;0.25,0;0;0;0;0;0;0;0;0;0;0;0;0;0;0;0;0;0;0;0,0.225,0.0,0,0.0,0,128,0,1,,
qwen2.5:7b,Q4_K_M,5,non-ordered,trivial,cot,True,none,solve,1.0,8192,27114,VICTOR XRAY LIMA,LANTERN,5,14,20,20,20,1;1;1;1;1;1;1;1;1;1;1;1;1;1;1;1;1;1;1;1,1;1;1;1;1;1;1;1;1;1;1;1;1;1;1;1;1;1;1;1,1.0;1.0;1.0;1.0;1.0;1.0;1.0;1.0;1.0;1.0;1.0;1.0;1.0;1.0;1.0;1.0;1.0;1.0;1.0;0.75,260;360;496;309;349;260;307;314;317;300;373;383;401;428;526;306;321;264;389;346,0.9875,350.45,0,0.0,0,458,0,1,1,
qwen2.5:7b,Q4_K_M,5,non-ordered,trivial,direct,True,none,solve,1.0,8192,27114,VICTOR XRAY LIMA,LANTERN,5,14,20,,20,1;1;1;1;1;1;1;1;1;1;1;1;1;1;1;1;1;1;1;1,,1.0;1.0;1.0;1.0;1.0;1.0;1.0;1.0;1.0;1.0;1.0;1.0;1.0;1.0;1.0;1.0;1.0;1.0;1.0;1.0,0;0;0;0;0;0;0;0;0;0;0;0;0;0;0;0;0;0;0;0,1.0,0.0,0,0.0,1,131,0,1,,
qwen2.5:7b,Q4_K_M,5,non-ordered,math_bench_2,cot,True,none,solve,1.0,8192,27149,GOLF XRAY TANGO,ALMOND,5,10,20,16,13,1;1;1;0;1;1;0;1;0;1;0;1;0;1;0;0;1;1;1;1,1;1;1;1;0;1;0;1;1;1;1;1;1;1;0;0;1;1;1;1,0.75;0.75;0.75;0.25;0.25;0.5;0.75;0.75;0.5;0.5;0.75;1.0;1.0;0.5;0.25;0.5;0.25;1.0;0.25;0.75,1791;1611;1659;1190;1438;1590;1524;2109;1617;1208;1663;1698;2000;1146;1391;1299;1376;1706;1468;1563,0.6,1552.35,0,0.0,0,1457,0,1,1,
qwen2.5:7b,Q4_K_M,5,non-ordered,math_bench_2,direct,True,none,solve,1.0,8192,27149,GOLF XRAY TANGO,ALMOND,5,10,20,,20,1;1;1;1;1;1;1;1;1;1;1;1;1;1;1;1;1;1;1;1,,0.0;0.0;0.0;0.0;0.0;0.0;0.0;0.0;0.0;0.0;0.25;0.0;0.0;0.0;0.0;0.0;0.0;0.0;0.0;0.0,0;0;0;0;0;0;0;0;0;0;0;0;0;0;0;0;0;0;0;0,0.0125,0.0,0,0.0,0,123,0,1,,
qwen2.5:7b,Q4_K_M,5,non-ordered,math_bench_4,cot,True,none,solve,1.0,8192,27149,GOLF XRAY TANGO,ALMOND,5,10,20,12,9,0;1;0;1;0;0;0;0;1;1;1;0;1;0;1;0;1;0;0;1,0;1;0;1;0;1;1;0;1;1;1;0;1;0;1;1;1;0;0;1,0.75;0.75;0.5;0.25;0.5;1.0;0.75;1.0;0.5;0.25;0.75;1.0;0.5;0.75;0.25;0.5;0.75;1.0;0.75;0.5,1292;1084;1769;2438;1725;2490;1797;1288;1858;1357;1780;1536;980;1387;1214;1883;2140;1636;1717;1466,0.65,1641.85,0,0.0,0,1937,0,0,0,
qwen2.5:7b,Q4_K_M,5,non-ordered,math_bench_4,direct,True,none,solve,1.0,8192,27149,GOLF XRAY TANGO,ALMOND,5,10,20,,20,1;1;1;1;1;1;1;1;1;1;1;1;1;1;1;1;1;1;1;1,,0.0;0.0;0.25;0.0;0.25;0.0;0.5;0.25;0.25;0.0;0.0;0.25;0.0;0.0;0.25;0.25;0.25;0.5;0.5;0.25,0;0;0;0;0;0;0;0;0;0;0;0;0;0;0;0;0;0;0;0,0.1875,0.0,0,0.0,0,123,0,1,,
qwen2.5:7b,Q4_K_M,5,non-ordered,math_bench_5,cot,True,none,solve,1.0,8192,27149,GOLF XRAY TANGO,ALMOND,5,10,20,12,13,1;1;0;1;0;0;1;1;1;1;1;1;0;1;1;1;1;0;0;0,1;1;0;1;0;0;1;1;1;1;1;1;0;1;1;1;0;0;0;0,0.5;0.5;0.25;0.25;0.5;0.75;0.5;0.75;0.0;0.25;0.75;0.25;0.25;0.5;0.75;0.75;0.5;0.5;0.25;0.25,2293;1544;896;1646;1553;1529;679;1600;974;1411;1726;1057;1869;2211;1615;1951;1556;1261;809;1524,0.45,1485.2,0,0.0,0,1361,0,0,0,
qwen2.5:7b,Q4_K_M,5,non-ordered,math_bench_5,direct,True,none,solve,1.0,8192,27149,GOLF XRAY TANGO,ALMOND,5,10,20,,14,1;1;0;1;1;1;0;0;0;1;1;1;1;1;1;1;0;1;0;1,,0.25;0.25;0.5;0.5;0.25;0.25;0.0;0.25;0.25;0.25;0.5;0.0;0.25;0.5;0.0;0.25;0.5;0.0;0.25;0.0,0;0;0;0;0;0;0;0;0;0;0;0;0;0;0;0;0;0;0;0,0.25,0.0,0,0.0,0,121,0,1,,
qwen2.5:7b,Q4_K_M,5,non-ordered,trivial,cot,True,none,solve,1.0,8192,28114,DELTA MIKE JULIET,EMERALD,5,14,20,20,20,1;1;1;1;1;1;1;1;1;1;1;1;1;1;1;1;1;1;1;1,1;1;1;1;1;1;1;1;1;1;1;1;1;1;1;1;1;1;1;1,0.75;0.5;1.0;0.75;1.0;0.5;1.0;0.75;0.75;0.5;0.5;0.75;0.75;0.75;0.5;0.75;0.5;0.5;0.5;0.75,259;226;300;297;239;290;287;309;220;215;305;294;287;312;192;339;172;184;217;258,0.6875,260.1,0,0.0,0,364,0,1,1,
qwen2.5:7b,Q4_K_M,5,non-ordered,trivial,direct,True,none,solve,1.0,8192,28114,DELTA MIKE JULIET,EMERALD,5,14,20,,20,1;1;1;1;1;1;1;1;1;1;1;1;1;1;1;1;1;1;1;1,,1.0;1.0;1.0;1.0;1.0;1.0;1.0;1.0;1.0;1.0;1.0;1.0;1.0;1.0;1.0;1.0;1.0;1.0;1.0;1.0,0;0;0;0;0;0;0;0;0;0;0;0;0;0;0;0;0;0;0;0,1.0,0.0,0,0.0,1,138,0,1,,
qwen2.5:7b,Q4_K_M,5,non-ordered,math_bench_2,cot,True,none,solve,1.0,8192,28149,FOXTROT NOVEMBER JULIET,JASMINE,5,13,20,13,13,1;1;1;1;0;1;1;0;1;0;1;1;1;0;0;0;1;0;1;1,1;1;1;1;0;1;1;0;1;0;1;0;1;0;0;0;1;1;1;1,1.0;0.75;0.75;0.75;1.0;1.0;1.0;1.0;1.0;0.75;1.0;1.0;1.0;1.0;1.0;0.75;1.0;0.75;0.5;0.5,880;913;836;738;918;855;1099;853;923;855;835;787;1107;970;702;745;890;782;766;891,0.875,867.25,0,0.0,0,935,0,1,1,
qwen2.5:7b,Q4_K_M,5,non-ordered,math_bench_2,direct,True,none,solve,1.0,8192,28149,FOXTROT NOVEMBER JULIET,JASMINE,5,13,20,,20,1;1;1;1;1;1;1;1;1;1;1;1;1;1;1;1;1;1;1;1,,0.25;0.0;0.0;0.0;0.0;0.25;0.0;0.25;0.25;0.0;0.0;0.0;0.0;0.0;0.0;0.25;0.5;0.0;0.25;0.0,0;0;0;0;0;0;0;0;0;0;0;0;0;0;0;0;0;0;0;0,0.1,0.0,0,0.0,0,132,0,1,,
qwen2.5:7b,Q4_K_M,5,non-ordered,math_bench_4,cot,True,none,solve,1.0,8192,28149,FOXTROT NOVEMBER JULIET,JASMINE,5,13,20,15,15,1;0;0;1;1;1;1;1;1;0;1;0;1;1;1;1;0;1;1;1,1;0;1;1;1;1;1;1;1;0;1;0;1;1;0;1;0;1;1;1,0.5;0.5;0.75;0.5;0.5;0.75;0.5;0.5;0.75;0.75;0.5;0.5;0.75;0.75;0.75;0.5;0.75;0.5;0.5;0.5,1680;1553;1521;1249;1606;1476;1756;1748;1512;1662;1184;1358;1326;1365;1721;1614;1257;1541;1439;1587,0.6,1507.75,0,0.0,0,1873,0,1,1,
qwen2.5:7b,Q4_K_M,5,non-ordered,math_bench_4,direct,True,none,solve,1.0,8192,28149,FOXTROT NOVEMBER JULIET,JASMINE,5,13,20,,20,1;1;1;1;1;1;1;1;1;1;1;1;1;1;1;1;1;1;1;1,,0.0;0.0;0.0;0.0;0.0;0.0;0.0;0.0;0.0;0.0;0.0;0.0;0.0;0.0;0.25;0.0;0.0;0.0;0.0;0.0,0;0;0;0;0;0;0;0;0;0;0;0;0;0;0;0;0;0;0;0,0.0125,0.0,0,0.0,0,131,0,1,,
qwen2.5:7b,Q4_K_M,5,non-ordered,math_bench_5,cot,True,none,solve,1.0,8192,28149,FOXTROT NOVEMBER JULIET,JASMINE,5,13,20,14,13,1;0;0;1;1;1;1;1;1;0;1;0;0;1;1;1;0;1;0;1,1;0;1;1;1;1;0;1;1;0;1;0;0;1;1;1;1;1;0;1,0.5;0.0;0.5;0.0;0.5;0.25;0.0;0.5;0.5;0.0;0.0;0.25;0.0;0.5;0.5;0.0;0.5;0.5;0.0;0.25,1472;1175;2040;1487;1361;1124;1826;1497;1148;1000;2027;1193;895;1430;2176;1244;1925;1275;1319;1991,0.2625,1480.25,0,0.0,0,1471,0,1,1,
qwen2.5:7b,Q4_K_M,5,non-ordered,math_bench_5,direct,True,none,solve,1.0,8192,28149,FOXTROT NOVEMBER JULIET,JASMINE,5,13,20,,20,1;1;1;1;1;1;1;1;1;1;1;1;1;1;1;1;1;1;1;1,,0.0;0.0;0.0;0.0;0.25;0.0;0.0;0.0;0.0;0.0;0.0;0.25;0.0;0.25;0.0;0.0;0.0;0.0;0.0;0.0,0;0;0;0;0;0;0;0;0;0;0;0;0;0;0;0;0;0;0;0,0.0375,0.0,0,0.0,0,131,0,1,,
qwen2.5:7b,Q4_K_M,5,non-ordered,trivial,cot,True,none,solve,1.0,8192,29114,BRAVO HOTEL JULIET,IGLOO,5,14,20,20,20,1;1;1;1;1;1;1;1;1;1;1;1;1;1;1;1;1;1;1;1,1;1;1;1;1;1;1;1;1;1;1;1;1;1;1;1;1;1;1;1,0.5;0.5;0.5;0.5;0.5;1.0;0.5;0.5;0.5;0.5;0.5;0.5;0.5;1.0;0.5;0.5;0.5;0.5;0.5;0.5,232;254;206;302;206;326;220;254;229;206;259;217;211;332;221;218;204;206;206;233,0.55,237.1,0,0.0,0,365,0,1,1,
qwen2.5:7b,Q4_K_M,5,non-ordered,trivial,direct,True,none,solve,1.0,8192,29114,BRAVO HOTEL JULIET,IGLOO,5,14,20,,20,1;1;1;1;1;1;1;1;1;1;1;1;1;1;1;1;1;1;1;1,,1.0;1.0;1.0;1.0;1.0;1.0;1.0;1.0;1.0;1.0;1.0;1.0;1.0;1.0;1.0;1.0;1.0;1.0;1.0;1.0,0;0;0;0;0;0;0;0;0;0;0;0;0;0;0;0;0;0;0;0,1.0,0.0,0,0.0,1,139,0,1,,
qwen2.5:7b,Q4_K_M,5,non-ordered,math_bench_2,cot,True,none,solve,1.0,8192,29149,BRAVO KILO WHISKEY,WALNUT,5,15,20,17,17,0;1;1;1;0;1;1;1;1;1;1;1;0;1;1;1;1;1;1;1,0;1;1;1;0;1;1;1;1;1;1;1;0;1;1;1;1;1;1;1,1.0;0.75;1.0;1.0;0.75;0.75;0.75;0.75;1.0;1.0;0.75;1.0;0.5;1.0;1.0;0.5;0.75;1.0;0.75;1.0,796;827;832;904;817;801;860;963;904;1066;645;1039;780;846;1056;814;911;935;689;1025,0.85,875.5,0,0.0,0,949,0,1,1,
qwen2.5:7b,Q4_K_M,5,non-ordered,math_bench_2,direct,True,none,solve,1.0,8192,29149,BRAVO KILO WHISKEY,WALNUT,5,15,20,,20,1;1;1;1;1;1;1;1;1;1;1;1;1;1;1;1;1;1;1;1,,0.5;0.5;0.5;0.5;0.5;0.5;0.5;0.5;0.5;0.5;0.5;0.5;0.5;0.5;0.5;0.5;0.5;0.5;0.5;0.5,0;0;0;0;0;0;0;0;0;0;0;0;0;0;0;0;0;0;0;0,0.5,0.0,0,0.0,0,133,0,1,,
qwen2.5:7b,Q4_K_M,5,non-ordered,math_bench_4,cot,True,none,solve,1.0,8192,29149,BRAVO KILO WHISKEY,WALNUT,5,15,20,7,11,0;0;1;1;1;1;1;0;1;0;0;0;1;1;0;0;1;1;0;1,0;0;0;1;1;1;0;0;0;0;0;0;1;1;0;0;1;0;0;1,0.5;0.0;0.25;0.25;0.5;0.5;0.5;0.0;0.25;0.25;0.0;0.5;0.25;0.25;0.25;0.5;0.5;0.5;0.5;0.5,1681;891;1482;1545;1122;1510;824;880;590;1855;1208;1812;857;1442;1326;1869;1457;1426;1041;1436,0.3375,1312.7,0,0.0,0,1259,0,1,1,
qwen2.5:7b,Q4_K_M,5,non-ordered,math_bench_4,direct,True,none,solve,1.0,8192,29149,BRAVO KILO WHISKEY,WALNUT,5,15,20,,20,1;1;1;1;1;1;1;1;1;1;1;1;1;1;1;1;1;1;1;1,,0.5;0.5;0.5;0.5;0.5;0.5;0.25;0.5;0.5;0.25;0.5;0.5;0.25;0.25;0.25;0.25;0.5;0.25;0.5;0.25,0;0;0;0;0;0;0;0;0;0;0;0;0;0;0;0;0;0;0;0,0.4,0.0,0,0.0,0,125,0,1,,
qwen2.5:7b,Q4_K_M,5,non-ordered,math_bench_5,cot,True,none,solve,1.0,8192,29149,BRAVO KILO WHISKEY,WALNUT,5,15,20,11,11,1;0;1;0;1;0;0;0;0;1;0;0;1;1;1;1;1;1;0;1,1;0;0;0;1;0;0;0;0;1;0;1;1;1;1;1;1;1;0;1,0.0;0.25;0.5;0.25;0.5;0.25;0.5;0.25;0.25;0.25;0.0;0.75;0.5;0.25;0.75;0.5;0.25;0.0;0.25;0.25,972;1515;1051;1984;1253;1500;2157;1095;2121;1416;1202;1995;1716;1269;1652;1204;1639;1773;1201;1688,0.325,1520.15,0,0.0,0,1935,0,0,0,
qwen2.5:7b,Q4_K_M,5,non-ordered,math_bench_5,direct,True,none,solve,1.0,8192,29149,BRAVO KILO WHISKEY,WALNUT,5,15,20,,14,1;0;1;0;1;1;1;1;1;0;1;1;1;1;1;0;0;1;1;0,,0.0;0.25;0.0;0.25;0.0;0.0;0.25;0.0;0.25;0.0;0.0;0.0;0.25;0.0;0.25;0.25;0.25;0.5;0.0;0.25,0;0;0;0;0;0;0;0;0;0;0;0;0;0;0;0;0;0;0;0,0.1375,0.0,0,0.0,0,127,0,1,,
qwen2.5:7b,Q4_K_M,5,non-ordered,trivial,cot,True,none,solve,1.0,8192,30114,LIMA VICTOR UNIFORM,BLIZZARD,5,13,20,20,20,1;1;1;1;1;1;1;1;1;1;1;1;1;1;1;1;1;1;1;1,1;1;1;1;1;1;1;1;1;1;1;1;1;1;1;1;1;1;1;1,1.0;1.0;0.75;0.75;0.75;0.75;1.0;1.0;0.75;0.75;0.75;0.75;0.75;0.75;0.75;1.0;0.5;0.75;0.75;0.75,326;319;454;290;248;360;376;403;285;585;228;308;274;287;307;364;245;287;264;228,0.8,321.9,0,0.0,0,363,0,1,1,
qwen2.5:7b,Q4_K_M,5,non-ordered,trivial,direct,True,none,solve,1.0,8192,30114,LIMA VICTOR UNIFORM,BLIZZARD,5,13,20,,20,1;1;1;1;1;1;1;1;1;1;1;1;1;1;1;1;1;1;1;1,,1.0;1.0;1.0;1.0;1.0;1.0;1.0;1.0;1.0;1.0;1.0;1.0;1.0;1.0;1.0;1.0;1.0;1.0;1.0;1.0,0;0;0;0;0;0;0;0;0;0;0;0;0;0;0;0;0;0;0;0,1.0,0.0,0,0.0,0,139,0,1,,
qwen2.5:7b,Q4_K_M,5,non-ordered,math_bench_2,cot,True,none,solve,1.0,8192,30149,WHISKEY ZULU HOTEL,LANTERN,5,15,20,7,5,0;0;0;0;1;0;0;1;1;0;0;0;0;1;0;0;0;0;1;0,0;0;0;1;1;0;0;1;1;0;0;0;1;1;1;0;0;0;0;0,1.0;0.5;0.75;0.75;0.5;1.0;0.75;0.75;1.0;1.0;0.5;0.5;1.0;0.75;0.75;0.75;0.75;0.5;1.0;0.75,815;623;1010;878;963;1126;1135;1272;1051;895;931;668;927;1205;907;750;820;1183;1091;825,0.7625,953.75,0,0.0,0,1009,0,0,0,
qwen2.5:7b,Q4_K_M,5,non-ordered,math_bench_2,direct,True,none,solve,1.0,8192,30149,WHISKEY ZULU HOTEL,LANTERN,5,15,20,,20,1;1;1;1;1;1;1;1;1;1;1;1;1;1;1;1;1;1;1;1,,0.25;0.25;0.25;0.25;0.25;0.0;0.25;0.25;0.25;0.25;0.25;0.25;0.25;0.25;0.25;0.25;0.25;0.25;0.25;0.25,0;0;0;0;0;0;0;0;0;0;0;0;0;0;0;0;0;0;0;0,0.2375,0.0,0,0.0,0,131,0,1,,
qwen2.5:7b,Q4_K_M,5,non-ordered,math_bench_4,cot,True,none,solve,1.0,8192,30149,WHISKEY ZULU HOTEL,LANTERN,5,15,20,18,16,1;1;1;1;1;0;1;1;0;1;1;0;1;1;1;1;1;1;0;1,1;1;1;1;1;0;1;1;1;1;1;1;1;1;1;1;1;1;0;1,0.5;1.0;0.25;0.5;0.5;0.5;0.25;0.25;0.75;0.25;0.5;0.25;0.25;0.5;0.25;0.25;0.0;0.5;0.25;0.25,1395;1372;1668;1262;1015;1562;1524;1547;1711;1122;1297;2061;1635;1468;1225;1877;1188;1343;910;1876,0.3875,1452.9,0,0.0,0,1751,0,1,1,
qwen2.5:7b,Q4_K_M,5,non-ordered,math_bench_4,direct,True,none,solve,1.0,8192,30149,WHISKEY ZULU HOTEL,LANTERN,5,15,20,,20,1;1;1;1;1;1;1;1;1;1;1;1;1;1;1;1;1;1;1;1,,0.25;0.25;0.25;0.25;0.25;0.25;0.25;0.25;0.25;0.25;0.25;0.25;0.25;0.25;0.25;0.25;0.25;0.25;0.25;0.25,0;0;0;0;0;0;0;0;0;0;0;0;0;0;0;0;0;0;0;0,0.25,0.0,0,0.0,0,133,0,1,,
qwen2.5:7b,Q4_K_M,5,non-ordered,math_bench_5,cot,True,none,solve,1.0,8192,30149,WHISKEY ZULU HOTEL,LANTERN,5,15,20,18,12,0;0;0;1;0;0;1;0;1;1;1;1;0;1;1;1;1;1;1;0,0;1;1;1;1;0;1;1;1;1;1;1;1;1;1;1;1;1;1;1,0.0;0.25;0.0;0.0;0.0;0.0;0.5;0.0;0.0;0.0;0.0;0.25;0.0;0.25;0.5;0.0;0.0;0.0;0.25;0.25,1632;1698;2347;1649;1510;663;1186;1412;1126;1171;1017;1379;1749;1981;1698;1558;1438;1061;1091;1669,0.1125,1451.75,0,0.0,0,1734,0,1,1,
qwen2.5:7b,Q4_K_M,5,non-ordered,math_bench_5,direct,True,none,solve,1.0,8192,30149,WHISKEY ZULU HOTEL,LANTERN,5,15,20,,20,1;1;1;1;1;1;1;1;1;1;1;1;1;1;1;1;1;1;1;1,,0.0;0.0;0.0;0.0;0.0;0.0;0.0;0.0;0.0;0.0;0.0;0.0;0.25;0.0;0.0;0.0;0.0;0.0;0.25;0.0,0;0;0;0;0;0;0;0;0;0;0;0;0;0;0;0;0;0;0;0,0.025,0.0,0,0.0,0,114,0,1,,
qwen2.5:7b,Q4_K_M,5,non-ordered,trivial,cot,True,none,solve,1.0,8192,31114,CHARLIE QUEBEC KILO,ICEBERG,5,14,20,20,20,1;1;1;1;1;1;1;1;1;1;1;1;1;1;1;1;1;1;1;1,1;1;1;1;1;1;1;1;1;1;1;1;1;1;1;1;1;1;1;1,0.5;0.5;0.5;0.5;0.5;0.5;0.75;0.5;0.5;0.5;0.5;0.5;0.75;0.5;0.75;0.75;0.75;0.5;0.5;0.5,171;171;157;171;202;202;244;171;205;234;241;185;245;171;277;306;266;219;216;157,0.5625,210.55,0,0.0,0,339,0,1,1,
qwen2.5:7b,Q4_K_M,5,non-ordered,trivial,direct,True,none,solve,1.0,8192,31114,CHARLIE QUEBEC KILO,ICEBERG,5,14,20,,20,1;1;1;1;1;1;1;1;1;1;1;1;1;1;1;1;1;1;1;1,,1.0;1.0;1.0;1.0;1.0;1.0;1.0;1.0;1.0;1.0;1.0;1.0;1.0;1.0;1.0;1.0;1.0;1.0;1.0;1.0,0;0;0;0;0;0;0;0;0;0;0;0;0;0;0;0;0;0;0;0,1.0,0.0,0,0.0,0,142,0,1,,
qwen2.5:7b,Q4_K_M,5,non-ordered,math_bench_2,cot,True,none,solve,1.0,8192,31149,JULIET LIMA UNIFORM,WALRUS,5,14,20,18,18,1;1;1;1;0;1;1;1;0;1;1;1;1;1;1;1;1;1;1;1,1;1;1;1;1;1;0;1;0;1;1;1;1;1;1;1;1;1;1;1,0.5;1.0;0.0;0.75;0.5;1.0;0.5;0.5;0.5;1.0;0.25;0.75;0.5;0.75;0.75;0.75;0.5;1.0;0.25;0.75,1782;1451;687;1502;1601;1930;1238;1743;1478;1347;803;1359;1379;1052;1708;1447;887;1372;1291;1780,0.625,1391.85,0,0.0,0,2440,0,1,1,
qwen2.5:7b,Q4_K_M,5,non-ordered,math_bench_2,direct,True,none,solve,1.0,8192,31149,JULIET LIMA UNIFORM,WALRUS,5,14,20,,20,1;1;1;1;1;1;1;1;1;1;1;1;1;1;1;1;1;1;1;1,,0.0;0.0;0.0;0.0;0.25;0.25;0.25;0.0;0.0;0.25;0.0;0.0;0.0;0.25;0.25;0.0;0.0;0.0;0.0;0.0,0;0;0;0;0;0;0;0;0;0;0;0;0;0;0;0;0;0;0;0,0.075,0.0,0,0.0,0,128,0,1,,
qwen2.5:7b,Q4_K_M,5,non-ordered,math_bench_4,cot,True,none,solve,1.0,8192,31149,JULIET LIMA UNIFORM,WALRUS,5,14,20,20,17,1;1;1;1;0;0;1;1;1;1;1;1;1;1;1;0;1;1;1;1,1;1;1;1;1;1;1;1;1;1;1;1;1;1;1;1;1;1;1;1,0.5;0.75;0.25;0.0;0.5;0.75;0.25;1.0;0.25;0.25;0.5;0.25;0.5;0.0;0.5;0.25;0.5;0.25;0.5;0.25,2374;1538;1446;910;1012;1742;1646;2022;1142;1140;1231;1185;1206;1030;1086;1500;900;1143;1118;1175,0.4,1327.3,0,0.0,0,1128,0,1,1,
qwen2.5:7b,Q4_K_M,5,non-ordered,math_bench_4,direct,True,none,solve,1.0,8192,31149,JULIET LIMA UNIFORM,WALRUS,5,14,20,,20,1;1;1;1;1;1;1;1;1;1;1;1;1;1;1;1;1;1;1;1,,0.0;0.0;0.0;0.0;0.0;0.0;0.25;0.0;0.0;0.0;0.0;0.0;0.0;0.0;0.0;0.0;0.0;0.0;0.0;0.0,0;0;0;0;0;0;0;0;0;0;0;0;0;0;0;0;0;0;0;0,0.0125,0.0,0,0.0,0,127,0,1,,
qwen2.5:7b,Q4_K_M,5,non-ordered,math_bench_5,cot,True,none,solve,1.0,8192,31149,JULIET LIMA UNIFORM,WALRUS,5,14,20,20,18,1;1;0;1;1;1;0;1;1;1;1;1;1;1;1;1;1;1;1;1,1;1;1;1;1;1;1;1;1;1;1;1;1;1;1;1;1;1;1;1,1.0;1.0;1.0;0.75;0.75;0.5;1.0;0.75;1.0;0.75;0.5;0.75;1.0;1.0;0.25;0.5;1.0;1.0;1.0;1.0,1617;1316;1649;1153;1443;1245;1799;1034;1552;1400;1692;1467;1846;2211;1590;1391;1516;1600;1618;1826,0.825,1548.25,0,0.0,0,2020,0,1,1,
qwen2.5:7b,Q4_K_M,5,non-ordered,math_bench_5,direct,True,none,solve,1.0,8192,31149,JULIET LIMA UNIFORM,WALRUS,5,14,20,,20,1;1;1;1;1;1;1;1;1;1;1;1;1;1;1;1;1;1;1;1,,0.25;0.25;0.25;0.5;0.25;0.5;0.25;0.5;0.25;0.5;0.25;0.25;0.25;0.25;0.5;0.25;0.25;0.25;0.5;0.25,0;0;0;0;0;0;0;0;0;0;0;0;0;0;0;0;0;0;0;0,0.325,0.0,0,0.0,0,126,0,1,,
qwen2.5:7b,Q4_K_M,5,non-ordered,trivial,cot,True,none,solve,1.0,8192,32114,TANGO ZULU DELTA,ZEPPELIN,5,15,20,20,20,1;1;1;1;1;1;1;1;1;1;1;1;1;1;1;1;1;1;1;1,1;1;1;1;1;1;1;1;1;1;1;1;1;1;1;1;1;1;1;1,1.0;1.0;1.0;1.0;1.0;1.0;1.0;1.0;1.0;1.0;1.0;1.0;1.0;1.0;1.0;1.0;1.0;1.0;1.0;0.75,317;316;294;409;405;341;366;239;483;267;267;334;426;267;239;267;300;315;317;371,0.9875,327.0,0,0.0,0,523,0,1,1,
qwen2.5:7b,Q4_K_M,5,non-ordered,trivial,direct,True,none,solve,1.0,8192,32114,TANGO ZULU DELTA,ZEPPELIN,5,15,20,,20,1;1;1;1;1;1;1;1;1;1;1;1;1;1;1;1;1;1;1;1,,1.0;1.0;1.0;1.0;1.0;1.0;1.0;1.0;1.0;1.0;1.0;1.0;1.0;1.0;1.0;1.0;1.0;1.0;1.0;1.0,0;0;0;0;0;0;0;0;0;0;0;0;0;0;0;0;0;0;0;0,1.0,0.0,0,0.0,1,138,0,1,,
qwen2.5:7b,Q4_K_M,5,non-ordered,math_bench_2,cot,True,none,solve,1.0,8192,32149,XRAY CHARLIE GOLF,EMERALD,5,12,20,19,18,1;1;1;1;1;1;1;1;1;1;1;1;1;1;0;1;0;1;1;1,1;1;1;1;1;1;1;1;1;1;1;1;1;0;1;1;1;1;1;1,0.75;1.0;0.75;0.75;0.75;1.0;0.75;0.75;0.75;0.75;0.75;1.0;1.0;1.0;1.0;0.75;0.75;1.0;0.75;0.75,808;1362;1028;840;834;1132;778;756;727;1147;1446;920;771;977;1411;905;1180;1117;1183;1006,0.8375,1016.4,0,0.0,0,1184,0,1,1,
qwen2.5:7b,Q4_K_M,5,non-ordered,math_bench_2,direct,True,none,solve,1.0,8192,32149,XRAY CHARLIE GOLF,EMERALD,5,12,20,,20,1;1;1;1;1;1;1;1;1;1;1;1;1;1;1;1;1;1;1;1,,0.0;0.0;0.0;0.0;0.0;0.0;0.0;0.0;0.0;0.0;0.0;0.0;0.0;0.0;0.0;0.0;0.25;0.0;0.25;0.25,0;0;0;0;0;0;0;0;0;0;0;0;0;0;0;0;0;0;0;0,0.0375,0.0,0,0.0,0,125,0,1,,
qwen2.5:7b,Q4_K_M,5,non-ordered,math_bench_4,cot,True,none,solve,1.0,8192,32149,XRAY CHARLIE GOLF,EMERALD,5,12,20,16,15,1;0;1;1;1;1;1;1;1;0;1;1;0;1;1;0;1;0;1;1,1;0;1;0;1;1;1;1;1;1;0;1;0;1;1;1;1;1;1;1,1.0;0.75;0.75;0.75;0.75;0.75;0.75;1.0;0.75;1.0;0.75;0.5;0.75;1.0;1.0;0.5;0.75;0.5;0.5;1.0,1638;1421;1246;670;1074;1794;1579;1457;991;1327;1423;987;879;1129;1068;869;1164;1339;1344;1762,0.775,1258.05,0,0.0,0,1264,0,1,0,
qwen2.5:7b,Q4_K_M,5,non-ordered,math_bench_4,direct,True,none,solve,1.0,8192,32149,XRAY CHARLIE GOLF,EMERALD,5,12,20,,20,1;1;1;1;1;1;1;1;1;1;1;1;1;1;1;1;1;1;1;1,,0.0;0.0;0.0;0.25;0.25;0.0;0.0;0.0;0.0;0.0;0.0;0.0;0.0;0.0;0.0;0.25;0.0;0.25;0.25;0.0,0;0;0;0;0;0;0;0;0;0;0;0;0;0;0;0;0;0;0;0,0.0625,0.0,0,0.0,0,125,0,1,,
qwen2.5:7b,Q4_K_M,5,non-ordered,math_bench_5,cot,True,none,solve,1.0,8192,32149,XRAY CHARLIE GOLF,EMERALD,5,12,20,20,18,1;0;1;1;1;0;1;1;1;1;1;1;1;1;1;1;1;1;1;1,1;1;1;1;1;1;1;1;1;1;1;1;1;1;1;1;1;1;1;1,0.5;0.75;0.25;0.25;0.25;0.5;0.25;0.25;0.75;0.5;0.75;0.25;0.25;0.0;0.5;0.25;0.5;0.25;0.75;0.5,1208;2118;1185;1168;1543;1509;1302;1245;2062;1689;1699;1300;1241;1401;1599;1267;1386;1764;1328;1133,0.4125,1457.35,0,0.0,0,1912,0,1,1,
qwen2.5:7b,Q4_K_M,5,non-ordered,math_bench_5,direct,True,none,solve,1.0,8192,32149,XRAY CHARLIE GOLF,EMERALD,5,12,20,,20,1;1;1;1;1;1;1;1;1;1;1;1;1;1;1;1;1;1;1;1,,0.0;0.25;0.0;0.0;0.25;0.0;0.25;0.0;0.25;0.25;0.25;0.0;0.0;0.25;0.0;0.0;0.0;0.0;0.25;0.25,0;0;0;0;0;0;0;0;0;0;0;0;0;0;0;0;0;0;0;0,0.1125,0.0,0,0.0,0,126,0,1,,
qwen2.5:7b,Q4_K_M,5,non-ordered,trivial,cot,True,none,solve,1.0,8192,33114,INDIA OSCAR JULIET,VOLCANO,5,13,20,20,20,1;1;1;1;1;1;1;1;1;1;1;1;1;1;1;1;1;1;1;1,1;1;1;1;1;1;1;1;1;1;1;1;1;1;1;1;1;1;1;1,0.75;0.75;0.75;1.0;0.75;1.0;0.75;0.75;0.75;1.0;0.75;0.75;0.75;1.0;0.75;0.75;0.75;0.75;0.75;0.75,356;309;348;366;338;340;323;277;317;418;381;269;322;347;354;272;374;292;322;267,0.8,329.6,0,0.0,0,446,0,1,1,
qwen2.5:7b,Q4_K_M,5,non-ordered,trivial,direct,True,none,solve,1.0,8192,33114,INDIA OSCAR JULIET,VOLCANO,5,13,20,,20,1;1;1;1;1;1;1;1;1;1;1;1;1;1;1;1;1;1;1;1,,1.0;1.0;1.0;1.0;1.0;1.0;1.0;1.0;1.0;1.0;1.0;1.0;1.0;1.0;1.0;1.0;1.0;1.0;1.0;1.0,0;0;0;0;0;0;0;0;0;0;0;0;0;0;0;0;0;0;0;0,1.0,0.0,0,0.0,1,137,0,1,,
qwen2.5:7b,Q4_K_M,5,non-ordered,math_bench_2,cot,True,none,solve,1.0,8192,33149,MIKE SIERRA XRAY,FLAMINGO,5,8,20,20,15,0;1;1;1;1;1;1;1;1;0;1;0;1;0;1;1;1;0;1;1,1;1;1;1;1;1;1;1;1;1;1;1;1;1;1;1;1;1;1;1,0.75;0.5;1.0;0.75;0.75;0.75;0.75;0.75;0.75;1.0;0.75;0.75;0.75;0.5;0.75;0.75;0.5;0.75;0.75;0.5,797;594;1104;913;1124;940;1078;914;853;1058;828;939;673;771;701;836;867;698;1001;678,0.725,868.35,0,0.0,0,1047,0,1,1,
qwen2.5:7b,Q4_K_M,5,non-ordered,math_bench_2,direct,True,none,solve,1.0,8192,33149,MIKE SIERRA XRAY,FLAMINGO,5,8,20,,20,1;1;1;1;1;1;1;1;1;1;1;1;1;1;1;1;1;1;1;1,,0.5;0.5;0.75;0.5;0.75;0.5;0.75;0.5;0.5;0.5;0.5;0.75;0.75;0.5;0.5;0.5;0.5;0.75;0.5;0.5,0;0;0;0;0;0;0;0;0;0;0;0;0;0;0;0;0;0;0;0,0.575,0.0,0,0.0,0,124,0,1,,
qwen2.5:7b,Q4_K_M,5,non-ordered,math_bench_4,cot,True,none,solve,1.0,8192,33149,MIKE SIERRA XRAY,FLAMINGO,5,8,20,20,12,1;1;1;0;1;1;1;1;1;1;0;0;0;0;1;1;0;0;1;0,1;1;1;1;1;1;1;1;1;1;1;1;1;1;1;1;1;1;1;1,0.25;0.5;0.75;0.25;0.25;0.5;0.5;0.25;0.0;0.5;0.25;0.5;0.75;0.25;0.5;0.25;0.5;1.0;0.25;0.5,805;1790;1513;1534;1060;1441;904;1075;1260;1201;1332;1092;1636;1073;1140;1024;1653;1529;1418;1264,0.425,1287.2,0,0.0,0,1329,0,1,1,
qwen2.5:7b,Q4_K_M,5,non-ordered,math_bench_4,direct,True,none,solve,1.0,8192,33149,MIKE SIERRA XRAY,FLAMINGO,5,8,20,,20,1;1;1;1;1;1;1;1;1;1;1;1;1;1;1;1;1;1;1;1,,0.0;0.0;0.0;0.0;0.0;0.25;0.0;0.0;0.0;0.0;0.0;0.0;0.0;0.0;0.0;0.0;0.0;0.0;0.25;0.0,0;0;0;0;0;0;0;0;0;0;0;0;0;0;0;0;0;0;0;0,0.025,0.0,0,0.0,0,126,0,1,,
qwen2.5:7b,Q4_K_M,5,non-ordered,math_bench_5,cot,True,none,solve,1.0,8192,33149,MIKE SIERRA XRAY,FLAMINGO,5,8,20,20,12,1;1;0;0;0;1;1;1;0;1;1;0;1;0;1;1;0;1;0;1,1;1;1;1;1;1;1;1;1;1;1;1;1;1;1;1;1;1;1;1,0.0;0.25;0.0;0.0;0.25;0.75;0.75;0.25;0.0;0.0;0.75;0.25;0.25;0.0;0.5;0.0;0.0;0.0;0.25;0.25,1289;1944;2079;1149;1586;2078;1807;1352;989;1733;2190;1340;1744;1274;1229;1470;1303;1677;1852;1331,0.225,1570.8,0,0.0,0,1539,0,1,1,
qwen2.5:7b,Q4_K_M,5,non-ordered,math_bench_5,direct,True,none,solve,1.0,8192,33149,MIKE SIERRA XRAY,FLAMINGO,5,8,20,,20,1;1;1;1;1;1;1;1;1;1;1;1;1;1;1;1;1;1;1;1,,0.0;0.0;0.0;0.0;0.0;0.0;0.0;0.0;0.0;0.0;0.0;0.0;0.0;0.0;0.0;0.0;0.0;0.0;0.0;0.0,0;0;0;0;0;0;0;0;0;0;0;0;0;0;0;0;0;0;0;0,0.0,0.0,0,0.0,0,107,0,1,,
qwen2.5:7b,Q4_K_M,5,non-ordered,trivial,cot,True,none,solve,1.0,8192,34114,JULIET XRAY NOVEMBER,ALMOND,5,12,20,20,20,1;1;1;1;1;1;1;1;1;1;1;1;1;1;1;1;1;1;1;1,1;1;1;1;1;1;1;1;1;1;1;1;1;1;1;1;1;1;1;1,1.0;1.0;1.0;0.75;1.0;1.0;0.75;1.0;1.0;0.75;1.0;1.0;1.0;1.0;1.0;1.0;1.0;1.0;1.0;1.0,309;298;294;267;271;396;294;266;326;457;337;266;361;287;557;266;230;322;354;266,0.9625,321.2,0,0.0,0,396,0,1,1,
qwen2.5:7b,Q4_K_M,5,non-ordered,trivial,direct,True,none,solve,1.0,8192,34114,JULIET XRAY NOVEMBER,ALMOND,5,12,20,,20,1;1;1;1;1;1;1;1;1;1;1;1;1;1;1;1;1;1;1;1,,1.0;1.0;1.0;1.0;1.0;1.0;1.0;1.0;1.0;1.0;1.0;1.0;1.0;1.0;1.0;1.0;1.0;1.0;1.0;1.0,0;0;0;0;0;0;0;0;0;0;0;0;0;0;0;0;0;0;0;0,1.0,0.0,0,0.0,1,137,0,1,,
qwen2.5:7b,Q4_K_M,5,non-ordered,math_bench_2,cot,True,none,solve,1.0,8192,34149,CHARLIE JULIET BRAVO,WATERMELON,5,13,20,20,17,0;1;1;1;1;1;1;1;1;1;1;1;1;1;1;1;1;1;0;0,1;1;1;1;1;1;1;1;1;1;1;1;1;1;1;1;1;1;1;1,0.75;0.75;0.75;0.75;0.5;0.5;0.5;0.75;0.75;0.5;1.0;0.75;0.5;0.75;0.75;0.75;0.75;0.75;0.5;0.75,1116;898;915;756;1088;937;675;845;1015;1468;1564;907;1152;900;942;943;1306;1021;928;1026,0.6875,1020.1,0,0.0,0,1190,0,1,1,
qwen2.5:7b,Q4_K_M,5,non-ordered,math_bench_2,direct,True,none,solve,1.0,8192,34149,CHARLIE JULIET BRAVO,WATERMELON,5,13,20,,20,1;1;1;1;1;1;1;1;1;1;1;1;1;1;1;1;1;1;1;1,,0.5;0.25;0.5;0.25;0.25;0.5;0.75;0.5;0.25;0.5;0.25;0.5;0.5;0.25;0.25;0.25;0.25;0.5;0.25;0.5,0;0;0;0;0;0;0;0;0;0;0;0;0;0;0;0;0;0;0;0,0.3875,0.0,0,0.0,0,133,0,1,,
qwen2.5:7b,Q4_K_M,5,non-ordered,math_bench_4,cot,True,none,solve,1.0,8192,34149,CHARLIE JULIET BRAVO,WATERMELON,5,13,20,19,13,1;1;0;0;1;1;1;1;1;1;1;0;0;1;1;1;1;0;0;0,1;1;1;1;1;1;1;1;1;1;1;0;1;1;1;1;1;1;1;1,0.25;0.0;0.0;0.25;0.75;0.0;0.75;0.0;0.5;0.0;0.25;0.0;0.0;0.25;0.5;0.5;0.5;0.5;0.0;0.75,1822;1313;1510;1624;2001;1109;1691;1382;2069;1304;1467;1095;1270;1223;1767;2217;2507;1326;1208;2227,0.2875,1606.6,0,0.0,0,2056,0,0,1,
qwen2.5:7b,Q4_K_M,5,non-ordered,math_bench_4,direct,True,none,solve,1.0,8192,34149,CHARLIE JULIET BRAVO,WATERMELON,5,13,20,,20,1;1;1;1;1;1;1;1;1;1;1;1;1;1;1;1;1;1;1;1,,0.0;0.0;0.0;0.0;0.0;0.0;0.25;0.0;0.0;0.0;0.0;0.0;0.0;0.0;0.25;0.25;0.25;0.0;0.0;0.0,0;0;0;0;0;0;0;0;0;0;0;0;0;0;0;0;0;0;0;0,0.05,0.0,0,0.0,0,132,0,1,,
qwen2.5:7b,Q4_K_M,5,non-ordered,math_bench_5,cot,True,none,solve,1.0,8192,34149,CHARLIE JULIET BRAVO,WATERMELON,5,13,20,17,12,1;1;0;1;0;1;0;1;1;1;1;1;0;0;1;1;0;0;0;1,1;1;0;1;1;1;0;1;1;1;1;1;0;1;1;1;1;1;1;1,0.5;0.0;0.25;0.5;0.25;0.25;0.25;0.75;0.25;0.25;0.5;0.75;0.25;0.5;0.75;0.75;0.75;0.5;0.25;0.5,1640;1074;834;1421;1421;919;981;1869;1695;1681;1852;1200;1311;1439;3237;1468;1495;1236;1643;1161,0.4375,1478.85,0,0.0,0,1687,0,0,0,
qwen2.5:7b,Q4_K_M,5,non-ordered,math_bench_5,direct,True,none,solve,1.0,8192,34149,CHARLIE JULIET BRAVO,WATERMELON,5,13,20,,20,1;1;1;1;1;1;1;1;1;1;1;1;1;1;1;1;1;1;1;1,,0.0;0.0;0.0;0.0;0.0;0.0;0.0;0.0;0.0;0.0;0.0;0.0;0.0;0.0;0.0;0.0;0.0;0.0;0.0;0.0,0;0;0;0;0;0;0;0;0;0;0;0;0;0;0;0;0;0;0;0,0.0,0.0,0,0.0,0,133,0,1,,
qwen2.5:7b,Q4_K_M,5,non-ordered,trivial,cot,True,none,solve,1.0,8192,35114,TANGO NOVEMBER WHISKEY,SCARECROW,5,14,20,20,14,1;0;0;0;1;1;1;1;0;1;1;1;1;0;1;0;1;1;1;1,1;1;1;1;1;1;1;1;1;1;1;1;1;1;1;1;1;1;1;1,1.0;0.75;0.75;0.75;1.0;1.0;1.0;1.0;0.75;1.0;1.0;1.0;1.0;1.0;1.0;1.0;1.0;1.0;1.0;0.75,324;309;339;346;364;303;287;384;258;467;370;333;385;474;553;415;322;415;476;245,0.9375,368.45,0,0.0,0,428,0,1,1,
qwen2.5:7b,Q4_K_M,5,non-ordered,trivial,direct,True,none,solve,1.0,8192,35114,TANGO NOVEMBER WHISKEY,SCARECROW,5,14,20,,20,1;1;1;1;1;1;1;1;1;1;1;1;1;1;1;1;1;1;1;1,,1.0;1.0;1.0;1.0;1.0;1.0;1.0;1.0;1.0;1.0;1.0;1.0;1.0;1.0;1.0;1.0;1.0;1.0;1.0;1.0,0;0;0;0;0;0;0;0;0;0;0;0;0;0;0;0;0;0;0;0,1.0,0.0,0,0.0,1,142,0,1,,
qwen2.5:7b,Q4_K_M,5,non-ordered,math_bench_2,cot,True,none,solve,1.0,8192,35149,MIKE YANKEE ROMEO,NUTMEG,5,15,20,15,15,0;0;1;1;1;1;1;1;1;1;1;1;0;1;1;0;1;1;1;0,0;0;1;1;1;1;1;1;1;0;0;1;1;1;1;1;1;1;1;0,0.75;1.0;0.75;1.0;0.75;0.75;1.0;0.5;0.75;1.0;1.0;1.0;0.75;0.75;0.75;0.75;0.5;0.5;1.0;0.75,2048;1499;1272;1474;1325;1597;1878;1338;1616;1531;1812;1800;1424;1493;1276;1477;1271;1866;1366;1399,0.8,1538.1,0,0.0,0,1973,0,1,1,
qwen2.5:7b,Q4_K_M,5,non-ordered,math_bench_2,direct,True,none,solve,1.0,8192,35149,MIKE YANKEE ROMEO,NUTMEG,5,15,20,,20,1;1;1;1;1;1;1;1;1;1;1;1;1;1;1;1;1;1;1;1,,0.0;0.25;0.5;0.25;0.25;0.0;0.0;0.0;0.25;0.0;0.0;0.25;0.25;0.0;0.0;0.5;0.25;0.0;0.25;0.0,0;0;0;0;0;0;0;0;0;0;0;0;0;0;0;0;0;0;0;0,0.15,0.0,0,0.0,0,127,0,1,,
qwen2.5:7b,Q4_K_M,5,non-ordered,math_bench_4,cot,True,none,solve,1.0,8192,35149,MIKE YANKEE ROMEO,NUTMEG,5,15,20,18,16,1;1;1;1;0;0;0;1;1;1;0;1;1;1;1;1;1;1;1;1,1;1;1;1;1;1;1;1;1;1;0;1;1;1;1;1;0;1;1;1,0.5;0.5;0.5;0.25;0.5;0.25;0.25;0.5;0.5;0.25;0.0;1.0;0.75;0.5;0.75;0.75;0.0;0.5;0.25;0.25,1605;1994;2014;2060;1851;1483;1481;1269;1441;1244;1097;1873;1571;1027;1785;1279;1045;1550;1702;1295,0.4375,1533.3,0,0.0,0,1762,0,0,1,
qwen2.5:7b,Q4_K_M,5,non-ordered,math_bench_4,direct,True,none,solve,1.0,8192,35149,MIKE YANKEE ROMEO,NUTMEG,5,15,20,,20,1;1;1;1;1;1;1;1;1;1;1;1;1;1;1;1;1;1;1;1,,0.5;0.25;0.25;0.25;0.25;0.25;0.25;0.0;0.25;0.25;0.5;0.25;0.25;0.25;0.5;0.0;0.0;0.25;0.0;0.25,0;0;0;0;0;0;0;0;0;0;0;0;0;0;0;0;0;0;0;0,0.2375,0.0,0,0.0,0,124,0,1,,
qwen2.5:7b,Q4_K_M,5,non-ordered,math_bench_5,cot,True,none,solve,1.0,8192,35149,MIKE YANKEE ROMEO,NUTMEG,5,15,20,10,10,1;1;0;0;0;1;0;1;1;1;1;0;0;1;1;0;0;0;0;1,1;1;0;0;0;0;1;1;1;0;1;0;0;1;1;0;0;1;0;1,0.25;0.25;0.25;0.5;0.0;0.5;0.0;0.25;0.25;0.0;0.25;0.0;0.0;0.0;0.0;0.25;0.25;0.25;0.25;0.25,1865;1283;2091;2065;1746;1836;2685;1948;2295;988;1579;1888;1989;1392;1981;1937;1542;2536;1680;1486,0.1875,1840.6,0,0.0,0,1482,0,1,1,
qwen2.5:7b,Q4_K_M,5,non-ordered,math_bench_5,direct,True,none,solve,1.0,8192,35149,MIKE YANKEE ROMEO,NUTMEG,5,15,20,,20,1;1;1;1;1;1;1;1;1;1;1;1;1;1;1;1;1;1;1;1,,0.0;0.0;0.0;0.0;0.0;0.0;0.0;0.0;0.0;0.0;0.0;0.0;0.0;0.0;0.0;0.0;0.0;0.0;0.0;0.25,0;0;0;0;0;0;0;0;0;0;0;0;0;0;0;0;0;0;0;0,0.0125,0.0,0,0.0,0,127,0,1,,
qwen2.5:7b,Q4_K_M,5,non-ordered,trivial,cot,True,none,solve,1.0,8192,36114,ECHO SIERRA HOTEL,DUMPLING,5,14,20,20,20,1;1;1;1;1;1;1;1;1;1;1;1;1;1;1;1;1;1;1;1,1;1;1;1;1;1;1;1;1;1;1;1;1;1;1;1;1;1;1;1,1.0;1.0;1.0;0.75;1.0;1.0;1.0;1.0;1.0;1.0;1.0;1.0;1.0;1.0;1.0;1.0;1.0;1.0;1.0;1.0,441;378;390;305;457;274;378;274;315;307;335;364;274;274;455;309;361;307;343;375,0.9875,345.8,0,0.0,0,491,0,1,1,
qwen2.5:7b,Q4_K_M,5,non-ordered,trivial,direct,True,none,solve,1.0,8192,36114,ECHO SIERRA HOTEL,DUMPLING,5,14,20,,20,1;1;1;1;1;1;1;1;1;1;1;1;1;1;1;1;1;1;1;1,,1.0;1.0;1.0;1.0;1.0;1.0;1.0;1.0;1.0;1.0;1.0;1.0;1.0;1.0;1.0;1.0;1.0;1.0;1.0;1.0,0;0;0;0;0;0;0;0;0;0;0;0;0;0;0;0;0;0;0;0,1.0,0.0,0,0.0,1,145,0,1,,
qwen2.5:7b,Q4_K_M,5,non-ordered,math_bench_2,cot,True,none,solve,1.0,8192,36149,HOTEL VICTOR ROMEO,KETTLE,5,14,20,20,20,1;1;1;1;1;1;1;1;1;1;1;1;1;1;1;1;1;1;1;1,1;1;1;1;1;1;1;1;1;1;1;1;1;1;1;1;1;1;1;1,0.75;0.75;0.5;0.75;0.75;0.75;1.0;0.75;0.75;0.75;0.75;1.0;0.75;1.0;1.0;0.75;0.75;0.5;0.5;0.75,894;1393;1165;957;1041;1263;1538;1231;1269;610;1287;1439;1113;1137;1464;1304;1341;873;831;1170,0.7625,1166.0,0,0.0,0,1157,0,1,1,
qwen2.5:7b,Q4_K_M,5,non-ordered,math_bench_2,direct,True,none,solve,1.0,8192,36149,HOTEL VICTOR ROMEO,KETTLE,5,14,20,,20,1;1;1;1;1;1;1;1;1;1;1;1;1;1;1;1;1;1;1;1,,0.25;0.0;0.0;0.25;0.25;0.25;0.25;0.25;0.25;0.25;0.5;0.25;0.25;0.25;0.25;0.25;0.25;0.25;0.25;0.25,0;0;0;0;0;0;0;0;0;0;0;0;0;0;0;0;0;0;0;0,0.2375,0.0,0,0.0,0,129,0,1,,
qwen2.5:7b,Q4_K_M,5,non-ordered,math_bench_4,cot,True,none,solve,1.0,8192,36149,HOTEL VICTOR ROMEO,KETTLE,5,14,20,3,7,0;0;0;1;0;0;0;0;1;1;0;0;1;0;0;1;0;1;1;0,0;0;0;0;0;0;0;0;1;1;0;0;0;0;0;1;0;0;0;0,0.75;0.75;0.75;0.75;1.0;0.5;0.75;0.5;0.5;0.75;1.0;1.0;0.75;0.5;0.75;1.0;0.5;0.75;0.5;1.0,1096;1233;1341;1774;1313;1305;1728;1421;1223;1681;1377;1625;1315;1508;2027;1396;1606;1537;1193;1289,0.7375,1449.4,0,0.0,0,1558,0,1,1,
qwen2.5:7b,Q4_K_M,5,non-ordered,math_bench_4,direct,True,none,solve,1.0,8192,36149,HOTEL VICTOR ROMEO,KETTLE,5,14,20,,20,1;1;1;1;1;1;1;1;1;1;1;1;1;1;1;1;1;1;1;1,,0.25;0.25;0.25;0.25;0.25;0.0;0.25;0.25;0.0;0.25;0.0;0.0;0.25;0.0;0.25;0.25;0.25;0.0;0.25;0.25,0;0;0;0;0;0;0;0;0;0;0;0;0;0;0;0;0;0;0;0,0.175,0.0,0,0.0,0,129,0,1,,
qwen2.5:7b,Q4_K_M,5,non-ordered,math_bench_5,cot,True,none,solve,1.0,8192,36149,HOTEL VICTOR ROMEO,KETTLE,5,14,20,19,19,1;1;1;1;1;1;1;1;1;1;0;1;1;1;1;1;1;1;1;1,1;1;1;1;1;1;1;1;1;1;0;1;1;1;1;1;1;1;1;1,0.25;0.25;0.25;0.25;0.25;0.25;0.25;0.25;0.5;0.25;0.25;0.0;0.25;0.25;0.5;0.25;0.25;0.5;0.5;0.5,545;740;1278;759;936;978;682;772;2124;1058;1672;899;647;1086;1826;897;711;1655;1148;609,0.3,1051.1,0,0.0,0,1230,0,1,1,
qwen2.5:7b,Q4_K_M,5,non-ordered,math_bench_5,direct,True,none,solve,1.0,8192,36149,HOTEL VICTOR ROMEO,KETTLE,5,14,20,,20,1;1;1;1;1;1;1;1;1;1;1;1;1;1;1;1;1;1;1;1,,0.25;0.25;0.25;0.25;0.25;0.25;0.25;0.25;0.25;0.25;0.0;0.25;0.0;0.0;0.25;0.25;0.25;0.25;0.25;0.0,0;0;0;0;0;0;0;0;0;0;0;0;0;0;0;0;0;0;0;0,0.2,0.0,0,0.0,0,129,0,1,,
qwen2.5:7b,Q4_K_M,5,non-ordered,trivial,cot,True,none,solve,1.0,8192,37114,DELTA TANGO FOXTROT,KETTLE,5,15,20,20,19,1;1;1;1;1;1;1;1;1;1;1;0;1;1;1;1;1;1;1;1,1;1;1;1;1;1;1;1;1;1;1;1;1;1;1;1;1;1;1;1,1.0;1.0;0.75;1.0;0.0;1.0;1.0;1.0;1.0;1.0;1.0;0.0;1.0;1.0;0.75;1.0;1.0;0.0;1.0;1.0,304;396;143;315;181;400;313;313;120;429;451;224;412;409;492;332;390;128;351;369,0.825,323.6,0,0.0,0,551,0,1,1,
qwen2.5:7b,Q4_K_M,5,non-ordered,trivial,direct,True,none,solve,1.0,8192,37114,DELTA TANGO FOXTROT,KETTLE,5,15,20,,20,1;1;1;1;1;1;1;1;1;1;1;1;1;1;1;1;1;1;1;1,,1.0;1.0;1.0;1.0;1.0;1.0;1.0;1.0;1.0;1.0;1.0;1.0;1.0;1.0;1.0;1.0;1.0;1.0;1.0;1.0,0;0;0;0;0;0;0;0;0;0;0;0;0;0;0;0;0;0;0;0,1.0,0.0,0,0.0,1,142,0,1,,
qwen2.5:7b,Q4_K_M,5,non-ordered,math_bench_2,cot,True,none,solve,1.0,8192,37149,HOTEL MIKE GOLF,ESPRESSO,5,15,20,2,2,0;0;0;0;0;0;0;1;0;0;1;0;0;0;0;0;0;0;0;0,0;0;0;0;0;0;0;1;0;0;1;0;0;0;0;0;0;0;0;0,0.25;0.75;0.75;0.75;0.25;0.75;0.5;0.25;0.5;0.5;0.25;0.5;0.25;0.75;0.75;0.5;0.25;0.25;0.75;0.5,820;811;966;728;753;1068;742;650;584;1170;613;859;480;455;688;821;610;1145;807;1024,0.5,789.7,0,0.0,0,1500,0,0,0,
qwen2.5:7b,Q4_K_M,5,non-ordered,math_bench_2,direct,True,none,solve,1.0,8192,37149,HOTEL MIKE GOLF,ESPRESSO,5,15,20,,20,1;1;1;1;1;1;1;1;1;1;1;1;1;1;1;1;1;1;1;1,,0.25;0.75;0.25;0.5;0.25;0.75;0.25;0.25;0.5;0.5;0.5;0.5;0.25;0.5;0.25;0.25;0.5;0.5;0.25;0.25,0;0;0;0;0;0;0;0;0;0;0;0;0;0;0;0;0;0;0;0,0.4,0.0,0,0.0,0,122,0,1,,
qwen2.5:7b,Q4_K_M,5,non-ordered,math_bench_4,cot,True,none,solve,1.0,8192,37149,HOTEL MIKE GOLF,ESPRESSO,5,15,20,13,11,0;1;1;1;1;0;1;1;1;1;1;0;0;0;0;1;0;0;1;0,0;1;0;1;0;0;1;1;1;1;1;1;1;0;0;1;1;1;1;0,0.75;0.5;0.75;0.5;0.5;0.5;0.5;1.0;0.75;0.25;0.75;0.5;0.25;0.75;0.25;1.0;0.75;0.75;0.75;0.75,1029;2126;1347;1447;1324;1801;1779;1429;1241;1354;1430;1559;1351;1093;904;2328;1276;1654;1295;1145,0.625,1445.6,0,0.0,0,2140,0,0,0,
qwen2.5:7b,Q4_K_M,5,non-ordered,math_bench_4,direct,True,none,solve,1.0,8192,37149,HOTEL MIKE GOLF,ESPRESSO,5,15,20,,20,1;1;1;1;1;1;1;1;1;1;1;1;1;1;1;1;1;1;1;1,,0.25;0.25;0.0;0.25;0.0;0.25;0.0;0.0;0.25;0.0;0.25;0.25;0.25;0.25;0.0;0.0;0.25;0.25;0.0;0.0,0;0;0;0;0;0;0;0;0;0;0;0;0;0;0;0;0;0;0;0,0.1375,0.0,0,0.0,0,120,0,1,,
qwen2.5:7b,Q4_K_M,5,non-ordered,math_bench_5,cot,True,none,solve,1.0,8192,37149,HOTEL MIKE GOLF,ESPRESSO,5,15,20,13,10,0;1;1;1;0;1;1;1;1;1;1;0;0;0;1;0;0;0;0;0,0;1;1;1;1;1;1;1;1;1;1;0;0;0;1;1;0;0;1;0,0.25;0.25;0.25;0.25;0.5;0.25;0.25;0.5;0.25;0.25;0.25;0.5;0.25;0.25;0.25;0.25;0.25;0.25;0.0;0.5,1284;931;1750;1484;2058;1297;1733;1423;1619;1542;1650;1208;739;1361;1608;1628;1294;1225;1128;1470,0.2875,1421.6,0,0.0,0,1434,0,0,0,
qwen2.5:7b,Q4_K_M,5,non-ordered,math_bench_5,direct,True,none,solve,1.0,8192,37149,HOTEL MIKE GOLF,ESPRESSO,5,15,20,,20,1;1;1;1;1;1;1;1;1;1;1;1;1;1;1;1;1;1;1;1,,0.25;0.25;0.25;0.25;0.5;0.25;0.25;0.0;0.25;0.25;0.25;0.25;0.25;0.25;0.25;0.25;0.25;0.25;0.25;0.25,0;0;0;0;0;0;0;0;0;0;0;0;0;0;0;0;0;0;0;0,0.25,0.0,0,0.0,0,123,0,1,,
qwen2.5:7b,Q4_K_M,5,non-ordered,trivial,cot,True,none,solve,1.0,8192,38114,FOXTROT OSCAR GOLF,OBELISK,5,12,20,20,20,1;1;1;1;1;1;1;1;1;1;1;1;1;1;1;1;1;1;1;1,1;1;1;1;1;1;1;1;1;1;1;1;1;1;1;1;1;1;1;1,0.75;0.75;0.75;0.75;0.75;1.0;0.75;0.75;0.75;1.0;0.75;0.75;0.75;0.75;1.0;0.75;0.75;0.75;1.0;0.75,339;271;272;190;294;299;356;301;245;331;272;313;224;245;328;245;274;302;307;257,0.8,283.25,0,0.0,0,494,0,1,1,
qwen2.5:7b,Q4_K_M,5,non-ordered,trivial,direct,True,none,solve,1.0,8192,38114,FOXTROT OSCAR GOLF,OBELISK,5,12,20,,20,1;1;1;1;1;1;1;1;1;1;1;1;1;1;1;1;1;1;1;1,,1.0;1.0;1.0;1.0;1.0;1.0;1.0;1.0;1.0;1.0;1.0;1.0;1.0;1.0;1.0;1.0;1.0;1.0;1.0;1.0,0;0;0;0;0;0;0;0;0;0;0;0;0;0;0;0;0;0;0;0,1.0,0.0,0,0.0,1,135,0,1,,
qwen2.5:7b,Q4_K_M,5,non-ordered,math_bench_2,cot,True,none,solve,1.0,8192,38149,CHARLIE ROMEO OSCAR,KAYAK,5,11,20,20,15,1;0;0;1;1;1;1;1;0;1;1;1;1;1;1;0;1;1;1;0,1;1;1;1;1;1;1;1;1;1;1;1;1;1;1;1;1;1;1;1,0.75;1.0;1.0;0.5;0.75;1.0;0.75;1.0;0.75;0.75;0.75;1.0;1.0;0.75;1.0;0.75;0.75;1.0;1.0;1.0,977;1246;1046;880;1144;904;1077;1013;1071;881;1160;1061;1021;1247;1012;1037;945;1305;1045;1015,0.8625,1054.35,0,0.0,0,1128,0,0,0,
qwen2.5:7b,Q4_K_M,5,non-ordered,math_bench_2,direct,True,none,solve,1.0,8192,38149,CHARLIE ROMEO OSCAR,KAYAK,5,11,20,,11,0;0;1;0;0;1;0;1;1;1;0;1;1;1;1;1;0;1;0;0,,0.0;0.0;0.0;0.0;0.0;0.0;0.0;0.0;0.0;0.0;0.0;0.0;0.0;0.0;0.0;0.0;0.0;0.0;0.0;0.0,0;0;0;0;0;0;0;0;0;0;0;0;0;0;0;0;0;0;0;0,0.0,0.0,0,0.0,0,124,0,1,,
qwen2.5:7b,Q4_K_M,5,non-ordered,math_bench_4,cot,True,none,solve,1.0,8192,38149,CHARLIE ROMEO OSCAR,KAYAK,5,11,20,19,16,1;0;1;1;1;1;1;1;1;1;1;0;1;0;1;0;1;1;1;1,1;1;1;1;1;1;1;1;1;1;1;1;1;1;1;0;1;1;1;1,1.0;1.0;0.75;1.0;1.0;1.0;1.0;1.0;1.0;1.0;1.0;1.0;1.0;1.0;1.0;1.0;1.0;0.75;0.75;1.0,1251;1153;943;990;1135;1193;1145;1157;1062;1124;1214;1181;1069;1366;1163;899;1555;1231;1190;1175,0.9625,1159.8,0,0.0,0,1299,0,1,1,
qwen2.5:7b,Q4_K_M,5,non-ordered,math_bench_4,direct,True,none,solve,1.0,8192,38149,CHARLIE ROMEO OSCAR,KAYAK,5,11,20,,20,1;1;1;1;1;1;1;1;1;1;1;1;1;1;1;1;1;1;1;1,,0.5;0.75;0.5;0.5;0.5;0.25;0.5;0.5;0.5;0.75;0.5;0.25;0.75;0.5;0.5;0.5;0.25;0.5;0.5;0.25,0;0;0;0;0;0;0;0;0;0;0;0;0;0;0;0;0;0;0;0,0.4875,0.0,0,0.0,0,120,0,1,,
qwen2.5:7b,Q4_K_M,5,non-ordered,math_bench_5,cot,True,none,solve,1.0,8192,38149,CHARLIE ROMEO OSCAR,KAYAK,5,11,20,19,13,1;1;1;0;0;0;1;1;0;1;1;1;1;0;1;1;1;0;1;0,1;1;1;1;1;1;1;1;1;1;1;1;1;1;1;1;1;1;1;0,1.0;0.25;1.0;1.0;0.75;0.25;1.0;0.5;0.75;1.0;1.0;1.0;1.0;0.25;0.5;1.0;0.5;1.0;1.0;1.0,1521;1453;2222;1876;1817;1395;2307;1874;1446;2068;2145;2238;2333;1257;1200;1863;1164;2319;1729;1705,0.7875,1796.6,0,0.0,0,1835,0,1,0,
qwen2.5:7b,Q4_K_M,5,non-ordered,math_bench_5,direct,True,none,solve,1.0,8192,38149,CHARLIE ROMEO OSCAR,KAYAK,5,11,20,,20,1;1;1;1;1;1;1;1;1;1;1;1;1;1;1;1;1;1;1;1,,0.0;0.0;0.25;0.0;0.25;0.0;0.25;0.0;0.0;0.25;0.0;0.25;0.25;0.0;0.0;0.0;0.0;0.25;0.0;0.25,0;0;0;0;0;0;0;0;0;0;0;0;0;0;0;0;0;0;0;0,0.1,0.0,0,0.0,0,124,0,1,,
qwen2.5:7b,Q4_K_M,5,non-ordered,trivial,cot,True,none,solve,1.0,8192,39114,ZULU QUEBEC DELTA,RAVIOLI,5,12,20,20,20,1;1;1;1;1;1;1;1;1;1;1;1;1;1;1;1;1;1;1;1,1;1;1;1;1;1;1;1;1;1;1;1;1;1;1;1;1;1;1;1,1.0;1.0;1.0;1.0;1.0;1.0;1.0;1.0;1.0;1.0;1.0;1.0;1.0;1.0;1.0;1.0;0.75;1.0;1.0;1.0,340;364;307;336;312;337;295;267;406;258;317;387;395;275;312;391;349;433;341;347,0.9875,338.45,0,0.0,0,599,0,1,1,
qwen2.5:7b,Q4_K_M,5,non-ordered,trivial,direct,True,none,solve,1.0,8192,39114,ZULU QUEBEC DELTA,RAVIOLI,5,12,20,,20,1;1;1;1;1;1;1;1;1;1;1;1;1;1;1;1;1;1;1;1,,1.0;1.0;1.0;1.0;1.0;1.0;1.0;1.0;1.0;1.0;1.0;1.0;1.0;1.0;1.0;1.0;1.0;1.0;1.0;1.0,0;0;0;0;0;0;0;0;0;0;0;0;0;0;0;0;0;0;0;0,1.0,0.0,0,0.0,1,138,0,1,,
qwen2.5:7b,Q4_K_M,5,non-ordered,math_bench_2,cot,True,none,solve,1.0,8192,39149,INDIA UNIFORM TANGO,KETTLE,5,15,20,2,3,1;0;0;0;0;0;0;1;0;0;0;0;0;0;0;0;0;0;1;0,0;0;0;0;0;0;0;1;0;0;0;0;0;0;0;0;0;0;1;0,1.0;1.0;1.0;0.5;1.0;0.75;0.75;1.0;1.0;0.5;1.0;0.75;1.0;0.75;0.75;0.5;1.0;0.75;1.0;0.75,1044;918;1293;1067;1015;1079;1389;1147;1257;871;1310;1328;1193;955;938;928;926;1145;1299;864,0.8375,1098.3,0,0.0,0,1365,0,0,1,
qwen2.5:7b,Q4_K_M,5,non-ordered,math_bench_2,direct,True,none,solve,1.0,8192,39149,INDIA UNIFORM TANGO,KETTLE,5,15,20,,20,1;1;1;1;1;1;1;1;1;1;1;1;1;1;1;1;1;1;1;1,,0.0;0.0;0.25;0.0;0.0;0.0;0.0;0.0;0.0;0.0;0.0;0.0;0.0;0.25;0.0;0.0;0.25;0.0;0.0;0.25,0;0;0;0;0;0;0;0;0;0;0;0;0;0;0;0;0;0;0;0,0.05,0.0,0,0.0,0,126,0,1,,
qwen2.5:7b,Q4_K_M,5,non-ordered,math_bench_4,cot,True,none,solve,1.0,8192,39149,INDIA UNIFORM TANGO,KETTLE,5,15,20,0,0,0;0;0;0;0;0;0;0;0;0;0;0;0;0;0;0;0;0;0;0,0;0;0;0;0;0;0;0;0;0;0;0;0;0;0;0;0;0;0;0,0.75;0.5;0.5;0.5;0.5;0.75;0.25;0.75;0.5;0.5;0.25;0.75;0.5;0.75;0.75;0.5;0.25;0.75;0.5;0.75,1414;1301;1219;986;1425;1679;1243;1342;1882;1173;1405;1229;1292;1394;1099;1333;1805;1544;1180;1242,0.5625,1359.35,0,0.0,0,1442,0,0,0,
qwen2.5:7b,Q4_K_M,5,non-ordered,math_bench_4,direct,True,none,solve,1.0,8192,39149,INDIA UNIFORM TANGO,KETTLE,5,15,20,,20,1;1;1;1;1;1;1;1;1;1;1;1;1;1;1;1;1;1;1;1,,0.25;0.0;0.0;0.0;0.0;0.0;0.25;0.0;0.25;0.0;0.0;0.0;0.0;0.0;0.25;0.0;0.0;0.25;0.0;0.0,0;0;0;0;0;0;0;0;0;0;0;0;0;0;0;0;0;0;0;0,0.0625,0.0,0,0.0,0,125,0,1,,
qwen2.5:7b,Q4_K_M,5,non-ordered,math_bench_5,cot,True,none,solve,1.0,8192,39149,INDIA UNIFORM TANGO,KETTLE,5,15,20,6,10,0;0;0;1;0;1;1;0;0;1;1;0;1;1;0;0;1;0;1;1,1;0;0;0;0;0;0;0;0;1;0;0;1;1;0;0;1;0;1;0,0.0;0.0;0.0;0.0;0.0;0.0;0.0;0.0;0.0;0.0;0.0;0.0;0.0;0.0;0.0;0.0;0.0;0.0;0.0;0.0,1489;1551;1647;1121;998;688;1037;767;1225;1034;774;2068;998;1394;814;779;1148;826;1648;1085,0.0,1154.55,0,0.0,0,763,0,0,0,
qwen2.5:7b,Q4_K_M,5,non-ordered,math_bench_5,direct,True,none,solve,1.0,8192,39149,INDIA UNIFORM TANGO,KETTLE,5,15,20,,20,1;1;1;1;1;1;1;1;1;1;1;1;1;1;1;1;1;1;1;1,,0.0;0.0;0.0;0.0;0.0;0.0;0.0;0.0;0.0;0.0;0.0;0.0;0.0;0.0;0.0;0.0;0.0;0.25;0.0;0.0,0;0;0;0;0;0;0;0;0;0;0;0;0;0;0;0;0;0;0;0,0.0125,0.0,0,0.0,0,127,0,1,,
qwen2.5:7b,Q4_K_M,5,non-ordered,trivial,cot,True,none,solve,1.0,8192,40114,CHARLIE MIKE QUEBEC,MARBLE,5,13,20,20,19,1;1;1;1;1;1;0;1;1;1;1;1;1;1;1;1;1;1;1;1,1;1;1;1;1;1;1;1;1;1;1;1;1;1;1;1;1;1;1;1,1.0;1.0;1.0;1.0;1.0;1.0;1.0;1.0;1.0;1.0;1.0;0.5;1.0;1.0;1.0;1.0;1.0;1.0;1.0;1.0,333;382;424;361;265;455;267;361;273;265;304;262;367;273;361;330;426;375;341;361,0.975,339.3,0,0.0,0,472,0,1,1,
qwen2.5:7b,Q4_K_M,5,non-ordered,trivial,direct,True,none,solve,1.0,8192,40114,CHARLIE MIKE QUEBEC,MARBLE,5,13,20,,20,1;1;1;1;1;1;1;1;1;1;1;1;1;1;1;1;1;1;1;1,,1.0;1.0;1.0;1.0;1.0;1.0;1.0;1.0;1.0;1.0;1.0;1.0;1.0;1.0;1.0;1.0;1.0;1.0;1.0;1.0,0;0;0;0;0;0;0;0;0;0;0;0;0;0;0;0;0;0;0;0,1.0,0.0,0,0.0,1,136,0,1,,
qwen2.5:7b,Q4_K_M,5,non-ordered,math_bench_2,cot,True,none,solve,1.0,8192,40149,HOTEL UNIFORM SIERRA,TROMBONE,5,15,20,17,18,1;1;1;0;1;1;1;1;1;1;1;1;1;1;1;0;1;1;1;1,1;0;1;0;1;1;1;1;1;1;1;0;1;1;1;1;1;1;1;1,0.75;0.75;0.75;0.5;0.75;0.75;0.75;0.75;0.5;0.75;0.5;0.5;0.75;0.75;0.5;0.5;0.75;0.75;0.75;0.75,820;658;964;1004;871;755;750;784;933;922;615;1185;793;916;660;440;873;855;1384;727,0.675,845.45,0,0.0,0,686,0,0,1,
qwen2.5:7b,Q4_K_M,5,non-ordered,math_bench_2,direct,True,none,solve,1.0,8192,40149,HOTEL UNIFORM SIERRA,TROMBONE,5,15,20,,20,1;1;1;1;1;1;1;1;1;1;1;1;1;1;1;1;1;1;1;1,,0.25;0.25;0.25;0.25;0.25;0.25;0.25;0.25;0.25;0.25;0.25;0.25;0.25;0.25;0.25;0.25;0.25;0.25;0.25;0.25,0;0;0;0;0;0;0;0;0;0;0;0;0;0;0;0;0;0;0;0,0.25,0.0,0,0.0,0,128,0,1,,
qwen2.5:7b,Q4_K_M,5,non-ordered,math_bench_4,cot,True,none,solve,1.0,8192,40149,HOTEL UNIFORM SIERRA,TROMBONE,5,15,20,14,13,1;0;1;1;1;1;1;0;0;1;1;1;1;0;0;0;1;0;1;1,1;0;1;1;1;1;1;0;1;1;1;1;0;0;1;0;1;0;1;1,0.75;0.5;0.75;0.75;0.75;0.25;0.75;0.5;0.5;0.75;0.75;0.75;0.75;0.5;0.5;0.5;0.75;0.75;0.5;0.5,1166;929;1516;1171;1058;1121;1050;697;1086;1319;1365;1067;1363;987;951;984;953;849;1330;968,0.625,1096.5,0,0.0,0,1049,0,0,0,
qwen2.5:7b,Q4_K_M,5,non-ordered,math_bench_4,direct,True,none,solve,1.0,8192,40149,HOTEL UNIFORM SIERRA,TROMBONE,5,15,20,,20,1;1;1;1;1;1;1;1;1;1;1;1;1;1;1;1;1;1;1;1,,0.25;0.0;0.0;0.25;0.25;0.0;0.25;0.25;0.0;0.25;0.25;0.0;0.0;0.25;0.0;0.25;0.25;0.0;0.25;0.0,0;0;0;0;0;0;0;0;0;0;0;0;0;0;0;0;0;0;0;0,0.1375,0.0,0,0.0,0,128,0,1,,
qwen2.5:7b,Q4_K_M,5,non-ordered,math_bench_5,cot,True,none,solve,1.0,8192,40149,HOTEL UNIFORM SIERRA,TROMBONE,5,15,20,20,17,1;1;1;0;1;1;1;1;1;0;1;0;1;1;1;1;1;1;1;1,1;1;1;1;1;1;1;1;1;1;1;1;1;1;1;1;1;1;1;1,0.25;0.25;0.25;0.25;0.0;0.0;0.0;0.25;0.25;0.25;0.5;0.25;0.0;0.25;0.25;0.0;0.25;0.0;0.25;0.5,1546;1529;1280;1958;1723;1459;1207;1028;1169;1121;1445;1049;830;1307;1486;1282;1877;1668;1775;1465,0.2,1410.2,0,0.0,0,976,0,0,0,
qwen2.5:7b,Q4_K_M,5,non-ordered,math_bench_5,direct,True,none,solve,1.0,8192,40149,HOTEL UNIFORM SIERRA,TROMBONE,5,15,20,,20,1;1;1;1;1;1;1;1;1;1;1;1;1;1;1;1;1;1;1;1,,0.0;0.0;0.0;0.0;0.0;0.0;0.0;0.0;0.0;0.0;0.0;0.0;0.0;0.0;0.0;0.0;0.0;0.0;0.0;0.0,0;0;0;0;0;0;0;0;0;0;0;0;0;0;0;0;0;0;0;0,0.0,0.0,0,0.0,0,130,0,1,,
qwen2.5:7b,Q4_K_M,5,non-ordered,trivial,cot,True,none,solve,1.0,8192,41114,VICTOR TANGO ALPHA,NECTARINE,5,13,20,20,20,1;1;1;1;1;1;1;1;1;1;1;1;1;1;1;1;1;1;1;1,1;1;1;1;1;1;1;1;1;1;1;1;1;1;1;1;1;1;1;1,1.0;1.0;1.0;1.0;1.0;1.0;1.0;1.0;0.5;0.5;1.0;1.0;1.0;0.75;1.0;1.0;1.0;1.0;1.0;1.0,310;330;378;398;270;333;336;295;296;331;319;299;433;326;325;451;344;328;397;350,0.9375,342.45,0,0.0,0,577,0,1,1,
qwen2.5:7b,Q4_K_M,5,non-ordered,trivial,direct,True,none,solve,1.0,8192,41114,VICTOR TANGO ALPHA,NECTARINE,5,13,20,,20,1;1;1;1;1;1;1;1;1;1;1;1;1;1;1;1;1;1;1;1,,1.0;1.0;1.0;1.0;1.0;1.0;1.0;1.0;1.0;1.0;1.0;1.0;1.0;1.0;1.0;1.0;1.0;1.0;1.0;1.0,0;0;0;0;0;0;0;0;0;0;0;0;0;0;0;0;0;0;0;0,1.0,0.0,0,0.0,1,141,0,1,,
qwen2.5:7b,Q4_K_M,5,non-ordered,math_bench_2,cot,True,none,solve,1.0,8192,41149,INDIA QUEBEC YANKEE,ICEBERG,5,13,20,18,18,1;1;1;1;1;1;1;1;1;0;1;1;1;1;1;1;0;1;1;1,1;1;1;1;1;1;1;1;1;0;1;1;1;1;1;1;0;1;1;1,0.75;0.75;0.25;0.75;0.5;0.25;0.5;0.25;0.75;0.5;0.25;0.25;0.5;0.5;0.75;0.5;0.5;0.25;0.25;0.5,1321;2006;1118;1507;1599;803;1609;820;1089;1237;1152;1196;1099;852;1254;1047;1317;1153;710;1277,0.475,1208.3,0,0.0,0,1125,0,1,1,
qwen2.5:7b,Q4_K_M,5,non-ordered,math_bench_2,direct,True,none,solve,1.0,8192,41149,INDIA QUEBEC YANKEE,ICEBERG,5,13,20,,20,1;1;1;1;1;1;1;1;1;1;1;1;1;1;1;1;1;1;1;1,,0.75;0.5;0.5;0.5;0.5;0.75;0.5;0.5;0.5;0.5;0.5;0.75;0.5;0.75;0.5;0.5;0.75;0.5;0.5;0.5,0;0;0;0;0;0;0;0;0;0;0;0;0;0;0;0;0;0;0;0,0.5625,0.0,0,0.0,0,129,0,1,,
qwen2.5:7b,Q4_K_M,5,non-ordered,math_bench_4,cot,True,none,solve,1.0,8192,41149,INDIA QUEBEC YANKEE,ICEBERG,5,13,20,17,15,1;1;0;1;1;1;1;1;0;1;1;1;1;0;0;1;1;1;1;0,1;1;0;1;1;1;1;1;1;1;1;1;1;0;1;1;1;1;1;0,0.25;0.25;0.75;0.75;0.0;0.5;0.75;0.5;0.5;0.75;0.5;0.75;0.5;0.5;0.5;0.0;0.5;0.5;0.5;0.5,1688;955;1534;1507;1270;1507;1527;1450;1119;1642;1734;1404;1303;1382;1450;952;1724;1138;1773;1394,0.4875,1422.65,0,0.0,0,1603,0,0,0,
qwen2.5:7b,Q4_K_M,5,non-ordered,math_bench_4,direct,True,none,solve,1.0,8192,41149,INDIA QUEBEC YANKEE,ICEBERG,5,13,20,,20,1;1;1;1;1;1;1;1;1;1;1;1;1;1;1;1;1;1;1;1,,0.25;0.25;0.0;0.0;0.0;0.0;0.0;0.0;0.0;0.0;0.25;0.0;0.25;0.0;0.0;0.25;0.0;0.0;0.0;0.0,0;0;0;0;0;0;0;0;0;0;0;0;0;0;0;0;0;0;0;0,0.0625,0.0,0,0.0,0,129,0,1,,
qwen2.5:7b,Q4_K_M,5,non-ordered,math_bench_5,cot,True,none,solve,1.0,8192,41149,INDIA QUEBEC YANKEE,ICEBERG,5,13,20,19,13,1;1;1;0;1;1;0;1;1;1;0;1;1;0;1;0;0;1;0;1,1;1;1;1;1;1;1;1;1;1;1;1;1;1;1;1;0;1;1;1,0.5;0.75;0.25;0.5;0.75;0.5;0.5;0.5;0.5;0.5;0.25;0.5;0.5;0.5;0.5;0.5;0.25;0.5;0.5;0.25,1318;1439;1076;1020;1460;933;998;943;1202;1126;1505;778;1138;1242;1744;1198;1312;1973;1557;1124,0.475,1254.3,0,0.0,0,1207,0,1,1,
qwen2.5:7b,Q4_K_M,5,non-ordered,math_bench_5,direct,True,none,solve,1.0,8192,41149,INDIA QUEBEC YANKEE,ICEBERG,5,13,20,,20,1;1;1;1;1;1;1;1;1;1;1;1;1;1;1;1;1;1;1;1,,0.0;0.25;0.25;0.25;0.25;0.25;0.25;0.25;0.25;0.25;0.25;0.25;0.0;0.25;0.25;0.25;0.25;0.25;0.25;0.25,0;0;0;0;0;0;0;0;0;0;0;0;0;0;0;0;0;0;0;0,0.225,0.0,0,0.0,0,129,0,1,,
qwen2.5:7b,Q4_K_M,5,non-ordered,trivial,cot,True,none,solve,1.0,8192,42114,FOXTROT DELTA TANGO,LULLABY,5,15,20,19,18,1;1;1;1;1;0;1;1;1;1;1;1;0;1;1;1;1;1;1;1,1;1;1;1;1;1;1;1;1;1;1;1;0;1;1;1;1;1;1;1,0.5;0.5;0.75;1.0;0.5;0.5;0.5;0.5;0.75;0.75;0.5;0.5;0.5;0.5;0.5;0.75;0.75;0.75;0.5;0.75,247;172;287;267;225;210;228;191;324;219;212;355;230;222;219;219;317;219;226;219,0.6125,240.4,0,0.0,0,353,0,1,1,
qwen2.5:7b,Q4_K_M,5,non-ordered,trivial,direct,True,none,solve,1.0,8192,42114,FOXTROT DELTA TANGO,LULLABY,5,15,20,,20,1;1;1;1;1;1;1;1;1;1;1;1;1;1;1;1;1;1;1;1,,1.0;1.0;1.0;1.0;1.0;1.0;1.0;1.0;1.0;1.0;1.0;1.0;1.0;1.0;1.0;1.0;1.0;1.0;1.0;1.0,0;0;0;0;0;0;0;0;0;0;0;0;0;0;0;0;0;0;0;0,1.0,0.0,0,0.0,1,137,0,1,,
qwen2.5:7b,Q4_K_M,5,non-ordered,math_bench_2,cot,True,none,solve,1.0,8192,42149,MIKE INDIA TANGO,WOMBAT,5,12,20,19,20,1;1;1;1;1;1;1;1;1;1;1;1;1;1;1;1;1;1;1;1,1;1;1;1;1;1;1;1;1;1;1;1;1;1;1;1;0;1;1;1,0.75;0.5;0.75;1.0;0.75;0.5;0.75;0.5;1.0;0.75;1.0;0.25;1.0;0.75;1.0;1.0;0.5;1.0;0.75;1.0,1138;986;913;1217;971;828;1097;934;1495;849;991;590;1074;950;763;1260;703;1316;1167;1322,0.775,1028.2,0,0.0,0,1532,0,1,1,
qwen2.5:7b,Q4_K_M,5,non-ordered,math_bench_2,direct,True,none,solve,1.0,8192,42149,MIKE INDIA TANGO,WOMBAT,5,12,20,,20,1;1;1;1;1;1;1;1;1;1;1;1;1;1;1;1;1;1;1;1,,0.75;1.0;0.5;0.75;0.5;0.5;1.0;0.75;0.75;0.75;0.75;0.5;0.75;0.75;0.5;0.75;0.5;0.75;1.0;0.75,0;0;0;0;0;0;0;0;0;0;0;0;0;0;0;0;0;0;0;0,0.7125,0.0,0,0.0,0,121,0,1,,
qwen2.5:7b,Q4_K_M,5,non-ordered,math_bench_4,cot,True,none,solve,1.0,8192,42149,MIKE INDIA TANGO,WOMBAT,5,12,20,20,20,1;1;1;1;1;1;1;1;1;1;1;1;1;1;1;1;1;1;1;1,1;1;1;1;1;1;1;1;1;1;1;1;1;1;1;1;1;1;1;1,0.25;0.5;0.75;0.5;0.75;0.5;0.75;0.25;0.75;0.75;0.5;0.75;0.5;0.5;0.75;0.75;0.75;0.75;0.25;0.5,1687;1250;1218;1103;984;800;1494;1474;880;1033;1036;1299;1169;1105;1361;1165;1344;1251;1525;1419,0.5875,1229.85,0,0.0,0,1305,0,1,1,
qwen2.5:7b,Q4_K_M,5,non-ordered,math_bench_4,direct,True,none,solve,1.0,8192,42149,MIKE INDIA TANGO,WOMBAT,5,12,20,,20,1;1;1;1;1;1;1;1;1;1;1;1;1;1;1;1;1;1;1;1,,0.0;0.0;0.0;0.0;0.0;0.0;0.0;0.0;0.0;0.0;0.0;0.0;0.0;0.0;0.0;0.0;0.0;0.0;0.0;0.0,0;0;0;0;0;0;0;0;0;0;0;0;0;0;0;0;0;0;0;0,0.0,0.0,0,0.0,0,125,0,1,,
qwen2.5:7b,Q4_K_M,5,non-ordered,math_bench_5,cot,True,none,solve,1.0,8192,42149,MIKE INDIA TANGO,WOMBAT,5,12,20,20,20,1;1;1;1;1;1;1;1;1;1;1;1;1;1;1;1;1;1;1;1,1;1;1;1;1;1;1;1;1;1;1;1;1;1;1;1;1;1;1;1,0.25;0.25;0.25;0.5;0.75;0.25;0.25;0.5;0.0;0.5;0.0;0.25;0.25;0.25;0.5;0.0;0.5;0.25;0.25;0.0,1597;1084;1870;1839;2631;1398;1711;1896;1270;1907;1560;2001;2050;1663;2845;1176;1456;1296;1500;1510,0.2875,1713.0,0,0.0,0,1314,0,1,1,
qwen2.5:7b,Q4_K_M,5,non-ordered,math_bench_5,direct,True,none,solve,1.0,8192,42149,MIKE INDIA TANGO,WOMBAT,5,12,20,,20,1;1;1;1;1;1;1;1;1;1;1;1;1;1;1;1;1;1;1;1,,0.0;0.0;0.0;0.0;0.0;0.0;0.0;0.0;0.0;0.0;0.0;0.0;0.0;0.0;0.0;0.0;0.0;0.0;0.0;0.0,0;0;0;0;0;0;0;0;0;0;0;0;0;0;0;0;0;0;0;0,0.0,0.0,0,0.0,0,125,0,1,,
qwen2.5:7b,Q4_K_M,5,non-ordered,trivial,cot,True,none,solve,1.0,8192,43114,ZULU GOLF ECHO,METRONOME,5,14,20,20,20,1;1;1;1;1;1;1;1;1;1;1;1;1;1;1;1;1;1;1;1,1;1;1;1;1;1;1;1;1;1;1;1;1;1;1;1;1;1;1;1,0.75;1.0;1.0;0.75;0.75;0.75;1.0;0.75;0.75;1.0;1.0;0.75;1.0;1.0;0.5;1.0;0.75;0.75;1.0;0.75,404;312;276;271;221;281;302;331;381;328;359;405;304;329;342;301;286;362;312;300,0.85,320.35,0,0.0,0,441,0,1,1,
qwen2.5:7b,Q4_K_M,5,non-ordered,trivial,direct,True,none,solve,1.0,8192,43114,ZULU GOLF ECHO,METRONOME,5,14,20,,20,1;1;1;1;1;1;1;1;1;1;1;1;1;1;1;1;1;1;1;1,,1.0;1.0;1.0;1.0;1.0;1.0;1.0;1.0;1.0;1.0;1.0;1.0;1.0;1.0;1.0;1.0;1.0;1.0;1.0;1.0,0;0;0;0;0;0;0;0;0;0;0;0;0;0;0;0;0;0;0;0,1.0,0.0,0,0.0,1,139,0,1,,
qwen2.5:7b,Q4_K_M,5,non-ordered,math_bench_2,cot,True,none,solve,1.0,8192,43149,KILO MIKE ALPHA,HEDGEHOG,5,12,20,20,20,1;1;1;1;1;1;1;1;1;1;1;1;1;1;1;1;1;1;1;1,1;1;1;1;1;1;1;1;1;1;1;1;1;1;1;1;1;1;1;1,0.75;0.5;0.75;0.75;0.75;0.5;0.75;0.75;0.75;0.75;0.75;0.5;0.75;0.75;0.75;0.75;1.0;0.5;1.0;1.0,762;701;733;764;851;879;843;829;797;864;902;608;635;741;744;813;1297;1029;1228;924,0.7375,847.2,0,0.0,0,1270,0,1,1,
qwen2.5:7b,Q4_K_M,5,non-ordered,math_bench_2,direct,True,none,solve,1.0,8192,43149,KILO MIKE ALPHA,HEDGEHOG,5,12,20,,20,1;1;1;1;1;1;1;1;1;1;1;1;1;1;1;1;1;1;1;1,,0.75;0.5;0.5;0.25;0.25;0.25;0.5;0.5;0.25;0.5;0.5;0.5;0.25;0.5;0.5;0.5;0.5;0.75;0.5;0.5,0;0;0;0;0;0;0;0;0;0;0;0;0;0;0;0;0;0;0;0,0.4625,0.0,0,0.0,0,132,0,1,,
qwen2.5:7b,Q4_K_M,5,non-ordered,math_bench_4,cot,True,none,solve,1.0,8192,43149,KILO MIKE ALPHA,HEDGEHOG,5,12,20,17,16,1;1;1;1;1;1;0;1;0;1;1;0;0;1;1;1;1;1;1;1,0;1;1;1;1;1;0;1;1;1;1;1;0;1;1;1;1;1;1;1,0.5;1.0;0.75;0.75;0.75;0.75;1.0;0.5;0.75;0.5;0.75;1.0;0.75;0.75;0.0;0.75;0.75;0.5;0.75;0.5,1107;1961;1414;1649;1406;1375;1393;1132;2173;1125;1190;1730;1745;1555;652;1445;1516;1162;1291;1048,0.6875,1403.45,0,0.0,0,1385,0,1,1,
qwen2.5:7b,Q4_K_M,5,non-ordered,math_bench_4,direct,True,none,solve,1.0,8192,43149,KILO MIKE ALPHA,HEDGEHOG,5,12,20,,20,1;1;1;1;1;1;1;1;1;1;1;1;1;1;1;1;1;1;1;1,,0.5;0.0;0.25;0.0;0.0;0.0;0.0;0.0;0.25;0.25;0.25;0.0;0.0;0.25;0.5;0.25;0.25;0.75;0.0;0.0,0;0;0;0;0;0;0;0;0;0;0;0;0;0;0;0;0;0;0;0,0.175,0.0,0,0.0,0,130,0,1,,
qwen2.5:7b,Q4_K_M,5,non-ordered,math_bench_5,cot,True,none,solve,1.0,8192,43149,KILO MIKE ALPHA,HEDGEHOG,5,12,20,20,20,1;1;1;1;1;1;1;1;1;1;1;1;1;1;1;1;1;1;1;1,1;1;1;1;1;1;1;1;1;1;1;1;1;1;1;1;1;1;1;1,0.25;0.25;0.25;0.25;0.25;0.0;0.0;0.25;0.25;0.25;0.5;0.25;0.0;0.0;0.25;0.5;0.25;0.25;0.0;0.5,1413;1548;1384;1493;1260;1464;1490;1335;1405;960;1516;1305;703;1224;1044;1118;1052;1723;1334;1213,0.225,1299.2,0,0.0,0,1223,0,1,1,
qwen2.5:7b,Q4_K_M,5,non-ordered,math_bench_5,direct,True,none,solve,1.0,8192,43149,KILO MIKE ALPHA,HEDGEHOG,5,12,20,,20,1;1;1;1;1;1;1;1;1;1;1;1;1;1;1;1;1;1;1;1,,0.0;0.0;0.0;0.0;0.0;0.0;0.0;0.0;0.25;0.0;0.25;0.25;0.0;0.0;0.0;0.0;0.0;0.0;0.0;0.0,0;0;0;0;0;0;0;0;0;0;0;0;0;0;0;0;0;0;0;0,0.0375,0.0,0,0.0,0,130,0,1,,
qwen2.5:7b,Q4_K_M,5,non-ordered,trivial,cot,True,none,solve,1.0,8192,44114,GOLF UNIFORM NOVEMBER,GONDOLA,5,11,20,20,20,1;1;1;1;1;1;1;1;1;1;1;1;1;1;1;1;1;1;1;1,1;1;1;1;1;1;1;1;1;1;1;1;1;1;1;1;1;1;1;1,0.75;0.75;0.75;0.75;0.75;0.75;1.0;1.0;0.75;0.75;0.75;0.75;0.75;0.75;1.0;0.75;0.75;0.75;0.75;0.75,287;253;262;280;316;323;499;423;356;357;421;273;316;342;587;281;292;268;253;279,0.7875,333.4,0,0.0,0,625,0,1,1,
qwen2.5:7b,Q4_K_M,5,non-ordered,trivial,direct,True,none,solve,1.0,8192,44114,GOLF UNIFORM NOVEMBER,GONDOLA,5,11,20,,20,1;1;1;1;1;1;1;1;1;1;1;1;1;1;1;1;1;1;1;1,,1.0;1.0;1.0;1.0;1.0;1.0;1.0;1.0;1.0;1.0;1.0;1.0;1.0;1.0;1.0;1.0;1.0;1.0;1.0;1.0,0;0;0;0;0;0;0;0;0;0;0;0;0;0;0;0;0;0;0;0,1.0,0.0,0,0.0,0,140,0,1,,
qwen2.5:7b,Q4_K_M,5,non-ordered,math_bench_2,cot,True,none,solve,1.0,8192,44149,HOTEL JULIET ZULU,BAGPIPE,5,14,20,20,20,1;1;1;1;1;1;1;1;1;1;1;1;1;1;1;1;1;1;1;1,1;1;1;1;1;1;1;1;1;1;1;1;1;1;1;1;1;1;1;1,0.5;0.75;0.5;0.75;0.25;0.75;0.75;0.5;0.5;0.75;0.75;0.75;0.5;0.25;0.75;0.75;0.5;0.75;0.5;0.75,1317;678;788;756;801;1027;961;710;551;661;755;749;681;420;853;1086;929;691;700;1142,0.6125,812.8,0,0.0,0,1225,0,1,1,
qwen2.5:7b,Q4_K_M,5,non-ordered,math_bench_2,direct,True,none,solve,1.0,8192,44149,HOTEL JULIET ZULU,BAGPIPE,5,14,20,,20,1;1;1;1;1;1;1;1;1;1;1;1;1;1;1;1;1;1;1;1,,0.25;0.25;0.25;0.25;0.25;0.25;0.25;0.25;0.25;0.25;0.25;0.25;0.25;0.25;0.25;0.25;0.25;0.25;0.25;0.25,0;0;0;0;0;0;0;0;0;0;0;0;0;0;0;0;0;0;0;0,0.25,0.0,0,0.0,0,127,0,1,,
qwen2.5:7b,Q4_K_M,5,non-ordered,math_bench_4,cot,True,none,solve,1.0,8192,44149,HOTEL JULIET ZULU,BAGPIPE,5,14,20,20,20,1;1;1;1;1;1;1;1;1;1;1;1;1;1;1;1;1;1;1;1,1;1;1;1;1;1;1;1;1;1;1;1;1;1;1;1;1;1;1;1,0.5;0.75;0.75;0.75;0.25;0.5;0.25;0.5;0.25;0.5;0.5;0.5;0.75;0.75;0.5;0.5;0.5;0.5;0.25;0.25,1412;973;1201;1294;1056;1307;1191;1243;1246;970;924;1124;1176;1033;1071;1254;1071;860;1095;1295,0.5,1139.8,0,0.0,0,1309,0,1,1,
qwen2.5:7b,Q4_K_M,5,non-ordered,math_bench_4,direct,True,none,solve,1.0,8192,44149,HOTEL JULIET ZULU,BAGPIPE,5,14,20,,20,1;1;1;1;1;1;1;1;1;1;1;1;1;1;1;1;1;1;1;1,,0.0;0.0;0.0;0.0;0.0;0.25;0.0;0.0;0.25;0.0;0.0;0.0;0.0;0.0;0.0;0.0;0.0;0.0;0.0;0.0,0;0;0;0;0;0;0;0;0;0;0;0;0;0;0;0;0;0;0;0,0.025,0.0,0,0.0,0,127,0,1,,
qwen2.5:7b,Q4_K_M,5,non-ordered,math_bench_5,cot,True,none,solve,1.0,8192,44149,HOTEL JULIET ZULU,BAGPIPE,5,14,20,17,18,1;0;1;1;1;1;1;0;1;1;1;1;1;1;1;1;1;1;1;1,1;0;1;1;0;1;1;0;1;1;1;1;1;1;1;1;1;1;1;1,0.25;0.5;0.5;0.25;0.5;0.5;0.0;0.25;0.25;0.5;0.25;0.25;0.25;0.0;0.25;0.0;0.0;0.0;0.0;0.25,1588;1512;1144;1422;1229;1735;1316;1631;2026;1379;1280;1400;1980;1343;1601;1522;1261;1172;1695;1098,0.2375,1466.7,0,0.0,0,813,0,1,1,
qwen2.5:7b,Q4_K_M,5,non-ordered,math_bench_5,direct,True,none,solve,1.0,8192,44149,HOTEL JULIET ZULU,BAGPIPE,5,14,20,,20,1;1;1;1;1;1;1;1;1;1;1;1;1;1;1;1;1;1;1;1,,0.0;0.0;0.0;0.0;0.0;0.0;0.0;0.0;0.0;0.0;0.0;0.0;0.0;0.0;0.0;0.25;0.0;0.0;0.0;0.0,0;0;0;0;0;0;0;0;0;0;0;0;0;0;0;0;0;0;0;0,0.0125,0.0,0,0.0,0,127,0,1,,
qwen2.5:7b,Q4_K_M,5,non-ordered,trivial,cot,True,none,solve,1.0,8192,45114,FOXTROT GOLF ECHO,THIMBLE,5,14,20,20,20,1;1;1;1;1;1;1;1;1;1;1;1;1;1;1;1;1;1;1;1,1;1;1;1;1;1;1;1;1;1;1;1;1;1;1;1;1;1;1;1,1.0;1.0;1.0;1.0;1.0;1.0;1.0;1.0;1.0;1.0;0.75;1.0;1.0;1.0;1.0;1.0;1.0;0.75;1.0;1.0,440;328;366;521;307;300;308;267;302;300;259;300;311;412;295;240;388;294;319;396,0.975,332.65,0,0.0,0,513,0,1,1,
qwen2.5:7b,Q4_K_M,5,non-ordered,trivial,direct,True,none,solve,1.0,8192,45114,FOXTROT GOLF ECHO,THIMBLE,5,14,20,,20,1;1;1;1;1;1;1;1;1;1;1;1;1;1;1;1;1;1;1;1,,1.0;1.0;1.0;1.0;1.0;1.0;1.0;1.0;1.0;1.0;1.0;1.0;1.0;1.0;1.0;1.0;1.0;1.0;1.0;1.0,0;0;0;0;0;0;0;0;0;0;0;0;0;0;0;0;0;0;0;0,1.0,0.0,0,0.0,1,138,0,1,,
qwen2.5:7b,Q4_K_M,5,non-ordered,math_bench_2,cot,True,none,solve,1.0,8192,45149,FOXTROT NOVEMBER MIKE,QUIVER,5,12,20,20,19,1;1;1;1;1;1;1;1;1;1;1;1;1;1;1;1;1;0;1;1,1;1;1;1;1;1;1;1;1;1;1;1;1;1;1;1;1;1;1;1,0.5;0.5;0.75;0.5;0.75;0.5;0.5;0.5;0.75;1.0;1.0;0.5;0.5;0.75;0.75;0.5;0.0;0.5;0.25;0.5,835;1359;1766;1013;1616;834;689;1282;1592;1899;2182;1139;1411;1610;1384;1340;1556;1382;1412;1160,0.575,1373.05,0,0.0,0,2480,0,1,1,
qwen2.5:7b,Q4_K_M,5,non-ordered,math_bench_2,direct,True,none,solve,1.0,8192,45149,FOXTROT NOVEMBER MIKE,QUIVER,5,12,20,,20,1;1;1;1;1;1;1;1;1;1;1;1;1;1;1;1;1;1;1;1,,0.25;0.0;0.0;0.0;0.0;0.25;0.0;0.0;0.0;0.25;0.25;0.0;0.0;0.0;0.25;0.0;0.0;0.0;0.0;0.0,0;0;0;0;0;0;0;0;0;0;0;0;0;0;0;0;0;0;0;0,0.0625,0.0,0,0.0,0,127,0,1,,
qwen2.5:7b,Q4_K_M,5,non-ordered,math_bench_4,cot,True,none,solve,1.0,8192,45149,FOXTROT NOVEMBER MIKE,QUIVER,5,12,20,20,20,1;1;1;1;1;1;1;1;1;1;1;1;1;1;1;1;1;1;1;1,1;1;1;1;1;1;1;1;1;1;1;1;1;1;1;1;1;1;1;1,0.0;0.5;0.75;0.75;0.75;0.5;0.5;0.5;1.0;0.5;0.75;0.5;0.5;0.75;0.0;0.5;0.5;0.0;0.25;0.0,1057;948;1143;1652;1468;1195;1318;1663;1352;930;971;1357;946;1473;915;1288;678;814;809;1210,0.475,1159.35,0,0.0,0,1666,0,1,1,
qwen2.5:7b,Q4_K_M,5,non-ordered,math_bench_4,direct,True,none,solve,1.0,8192,45149,FOXTROT NOVEMBER MIKE,QUIVER,5,12,20,,20,1;1;1;1;1;1;1;1;1;1;1;1;1;1;1;1;1;1;1;1,,0.0;0.0;0.0;0.0;0.0;0.0;0.0;0.0;0.25;0.0;0.0;0.0;0.0;0.0;0.0;0.0;0.0;0.0;0.0;0.0,0;0;0;0;0;0;0;0;0;0;0;0;0;0;0;0;0;0;0;0,0.0125,0.0,0,0.0,0,126,0,1,,
qwen2.5:7b,Q4_K_M,5,non-ordered,math_bench_5,cot,True,none,solve,1.0,8192,45149,FOXTROT NOVEMBER MIKE,QUIVER,5,12,20,20,18,1;0;1;1;1;1;1;1;1;1;1;0;1;1;1;1;1;1;1;1,1;1;1;1;1;1;1;1;1;1;1;1;1;1;1;1;1;1;1;1,0.75;0.25;0.5;0.5;0.75;0.25;0.0;0.75;0.25;0.75;1.0;0.5;0.5;1.0;0.75;0.75;0.75;0.75;0.75;0.75,1481;2151;1203;1791;1697;1292;1142;2475;1448;943;1149;1504;1001;2117;2097;1897;819;1526;1152;1841,0.6125,1536.3,0,0.0,0,1048,0,1,1,
qwen2.5:7b,Q4_K_M,5,non-ordered,math_bench_5,direct,True,none,solve,1.0,8192,45149,FOXTROT NOVEMBER MIKE,QUIVER,5,12,20,,20,1;1;1;1;1;1;1;1;1;1;1;1;1;1;1;1;1;1;1;1,,0.25;0.25;0.25;0.25;0.25;0.25;0.5;0.25;0.25;0.25;0.5;0.25;0.25;0.25;0.25;0.25;0.25;0.25;0.25;0.25,0;0;0;0;0;0;0;0;0;0;0;0;0;0;0;0;0;0;0;0,0.275,0.0,0,0.0,0,125,0,1,,
qwen2.5:7b,Q4_K_M,5,non-ordered,trivial,cot,True,none,solve,1.0,8192,46114,PAPA HOTEL NOVEMBER,HARMONICA,5,14,20,20,20,1;1;1;1;1;1;1;1;1;1;1;1;1;1;1;1;1;1;1;1,1;1;1;1;1;1;1;1;1;1;1;1;1;1;1;1;1;1;1;1,0.75;1.0;1.0;1.0;1.0;0.75;1.0;0.75;1.0;1.0;1.0;0.75;0.75;1.0;0.75;1.0;0.75;0.75;1.0;0.75,265;305;272;278;244;244;272;223;298;305;400;272;326;272;285;315;223;324;272;328,0.8875,286.15,0,0.0,0,511,0,1,1,
qwen2.5:7b,Q4_K_M,5,non-ordered,trivial,direct,True,none,solve,1.0,8192,46114,PAPA HOTEL NOVEMBER,HARMONICA,5,14,20,,20,1;1;1;1;1;1;1;1;1;1;1;1;1;1;1;1;1;1;1;1,,1.0;1.0;1.0;1.0;1.0;1.0;1.0;1.0;1.0;1.0;1.0;1.0;1.0;1.0;1.0;1.0;1.0;1.0;1.0;1.0,0;0;0;0;0;0;0;0;0;0;0;0;0;0;0;0;0;0;0;0,1.0,0.0,0,0.0,1,143,0,1,,
qwen2.5:7b,Q4_K_M,5,non-ordered,math_bench_2,cot,True,none,solve,1.0,8192,46149,KILO ROMEO NOVEMBER,DUMPLING,5,14,20,20,20,1;1;1;1;1;1;1;1;1;1;1;1;1;1;1;1;1;1;1;1,1;1;1;1;1;1;1;1;1;1;1;1;1;1;1;1;1;1;1;1,0.75;0.25;0.75;0.75;0.75;0.75;0.75;0.5;0.75;0.75;0.75;0.75;0.5;0.75;0.75;0.5;0.75;0.75;0.75;0.5,1244;835;1083;819;1131;885;1081;1259;890;949;821;774;897;782;1151;1339;793;999;1090;775,0.675,979.85,0,0.0,0,1176,0,1,1,
qwen2.5:7b,Q4_K_M,5,non-ordered,math_bench_2,direct,True,none,solve,1.0,8192,46149,KILO ROMEO NOVEMBER,DUMPLING,5,14,20,,20,1;1;1;1;1;1;1;1;1;1;1;1;1;1;1;1;1;1;1;1,,0.75;0.75;0.75;0.75;0.75;0.75;0.75;0.75;0.75;0.75;0.75;0.75;0.75;0.75;0.75;0.75;0.75;0.75;0.75;0.75,0;0;0;0;0;0;0;0;0;0;0;0;0;0;0;0;0;0;0;0,0.75,0.0,0,0.0,0,138,0,1,,
qwen2.5:7b,Q4_K_M,5,non-ordered,math_bench_4,cot,True,none,solve,1.0,8192,46149,KILO ROMEO NOVEMBER,DUMPLING,5,14,20,16,18,1;1;1;1;1;1;1;1;1;1;1;1;1;1;0;1;1;1;1;0,1;1;1;1;0;0;1;1;1;1;1;1;1;1;0;1;1;1;1;0,0.75;0.5;0.75;0.5;0.75;0.25;0.5;0.5;0.5;0.5;0.5;0.25;0.5;0.5;0.75;0.5;0.5;0.5;0.25;0.25,1398;1126;1178;1104;1251;1127;1194;1449;904;1466;1108;975;854;1070;1444;871;924;1019;1137;1666,0.5,1163.25,0,0.0,0,1183,0,0,0,
qwen2.5:7b,Q4_K_M,5,non-ordered,math_bench_4,direct,True,none,solve,1.0,8192,46149,KILO ROMEO NOVEMBER,DUMPLING,5,14,20,,20,1;1;1;1;1;1;1;1;1;1;1;1;1;1;1;1;1;1;1;1,,0.25;0.25;0.5;0.25;0.25;0.5;0.5;0.5;0.25;0.5;0.25;0.25;0.25;0.5;0.5;0.25;0.25;0.5;0.5;0.25,0;0;0;0;0;0;0;0;0;0;0;0;0;0;0;0;0;0;0;0,0.3625,0.0,0,0.0,0,129,0,1,,
qwen2.5:7b,Q4_K_M,5,non-ordered,math_bench_5,cot,True,none,solve,1.0,8192,46149,KILO ROMEO NOVEMBER,DUMPLING,5,14,20,17,17,0;1;1;1;1;1;0;0;1;1;1;1;1;1;1;1;1;1;1;1,0;1;1;1;1;1;0;0;1;1;1;1;1;1;1;1;1;1;1;1,0.5;0.25;0.5;0.25;0.25;0.0;0.75;0.0;0.0;0.25;0.25;0.0;0.25;0.0;0.0;0.25;0.25;0.25;0.5;0.25,1874;1089;1095;1174;1089;1262;1528;1659;1208;1438;1134;1244;1335;1011;1192;1239;1434;1065;1369;1228,0.2375,1283.35,0,0.0,0,1946,0,1,1,
qwen2.5:7b,Q4_K_M,5,non-ordered,math_bench_5,direct,True,none,solve,1.0,8192,46149,KILO ROMEO NOVEMBER,DUMPLING,5,14,20,,20,1;1;1;1;1;1;1;1;1;1;1;1;1;1;1;1;1;1;1;1,,0.0;0.0;0.0;0.0;0.0;0.0;0.0;0.0;0.0;0.0;0.0;0.0;0.0;0.0;0.0;0.0;0.0;0.0;0.0;0.0,0;0;0;0;0;0;0;0;0;0;0;0;0;0;0;0;0;0;0;0,0.0,0.0,0,0.0,0,132,0,1,,
qwen2.5:7b,Q4_K_M,5,non-ordered,trivial,cot,True,none,solve,1.0,8192,47114,TANGO GOLF NOVEMBER,VINEYARD,5,14,20,20,20,1;1;1;1;1;1;1;1;1;1;1;1;1;1;1;1;1;1;1;1,1;1;1;1;1;1;1;1;1;1;1;1;1;1;1;1;1;1;1;1,1.0;1.0;1.0;1.0;1.0;1.0;1.0;0.75;1.0;1.0;1.0;1.0;1.0;1.0;1.0;0.75;1.0;0.75;1.0;1.0,331;275;275;352;398;400;319;240;275;287;403;303;247;376;331;347;247;323;331;403,0.9625,323.15,0,0.0,0,470,0,1,1,
qwen2.5:7b,Q4_K_M,5,non-ordered,trivial,direct,True,none,solve,1.0,8192,47114,TANGO GOLF NOVEMBER,VINEYARD,5,14,20,,20,1;1;1;1;1;1;1;1;1;1;1;1;1;1;1;1;1;1;1;1,,1.0;1.0;1.0;1.0;1.0;1.0;1.0;1.0;1.0;1.0;1.0;1.0;1.0;1.0;1.0;1.0;1.0;1.0;1.0;1.0,0;0;0;0;0;0;0;0;0;0;0;0;0;0;0;0;0;0;0;0,1.0,0.0,0,0.0,1,146,0,1,,
qwen2.5:7b,Q4_K_M,5,non-ordered,math_bench_2,cot,True,none,solve,1.0,8192,47149,MIKE ZULU XRAY,PUMPKIN,5,15,20,8,10,0;0;1;0;1;0;1;1;1;1;0;0;1;0;1;0;0;1;1;0,0;1;1;0;1;0;1;0;0;1;0;0;1;0;1;0;0;0;1;0,0.5;0.5;0.75;0.75;1.0;0.75;0.5;0.75;1.0;0.75;0.75;1.0;1.0;1.0;0.5;0.75;0.75;0.75;0.5;0.75,902;1048;1236;982;1452;825;1262;848;1280;1205;1175;979;920;922;1063;1057;904;908;814;1150,0.75,1046.6,0,0.0,0,1216,0,1,0,
qwen2.5:7b,Q4_K_M,5,non-ordered,math_bench_2,direct,True,none,solve,1.0,8192,47149,MIKE ZULU XRAY,PUMPKIN,5,15,20,,20,1;1;1;1;1;1;1;1;1;1;1;1;1;1;1;1;1;1;1;1,,0.0;0.0;0.25;0.0;0.25;0.0;0.0;0.0;0.0;0.0;0.0;0.0;0.0;0.0;0.0;0.0;0.0;0.0;0.0;0.0,0;0;0;0;0;0;0;0;0;0;0;0;0;0;0;0;0;0;0;0,0.025,0.0,0,0.0,0,138,0,1,,
qwen2.5:7b,Q4_K_M,5,non-ordered,math_bench_4,cot,True,none,solve,1.0,8192,47149,MIKE ZULU XRAY,PUMPKIN,5,15,20,3,5,0;1;0;0;0;0;1;0;1;1;0;0;0;0;1;0;0;0;0;0,0;1;0;0;0;0;0;0;0;1;0;0;0;0;0;0;0;0;0;1,0.75;0.25;0.75;0.75;0.5;0.5;0.5;0.5;0.25;0.5;1.0;0.5;0.5;0.75;0.25;1.0;1.0;0.25;0.75;0.5,1125;1145;1472;1473;1670;1168;1264;1491;2050;1152;1059;1504;1221;1429;1000;1482;1334;948;1210;1487,0.5875,1334.2,0,0.0,0,1523,0,0,0,
qwen2.5:7b,Q4_K_M,5,non-ordered,math_bench_4,direct,True,none,solve,1.0,8192,47149,MIKE ZULU XRAY,PUMPKIN,5,15,20,,20,1;1;1;1;1;1;1;1;1;1;1;1;1;1;1;1;1;1;1;1,,0.25;0.0;0.25;0.25;0.5;0.25;0.25;0.0;0.25;0.25;0.0;0.0;0.0;0.25;0.25;0.25;0.0;0.0;0.0;0.0,0;0;0;0;0;0;0;0;0;0;0;0;0;0;0;0;0;0;0;0,0.15,0.0,0,0.0,0,120,0,1,,
qwen2.5:7b,Q4_K_M,5,non-ordered,math_bench_5,cot,True,none,solve,1.0,8192,47149,MIKE ZULU XRAY,PUMPKIN,5,15,20,5,5,0;0;1;0;0;0;1;0;0;0;0;0;1;0;1;0;1;0;0;0,0;0;1;0;0;0;1;0;0;0;0;0;1;0;1;0;1;0;0;0,0.0;0.25;0.5;0.0;0.5;0.5;0.25;0.75;0.5;0.5;0.5;0.5;0.5;0.5;0.5;0.5;0.5;0.5;0.75;0.25,1750;1237;1767;893;1396;1326;1515;1813;1130;1282;1506;1738;1348;1524;1221;1423;1977;1445;1592;1452,0.4375,1466.75,0,0.0,0,1338,0,0,0,
qwen2.5:7b,Q4_K_M,5,non-ordered,math_bench_5,direct,True,none,solve,1.0,8192,47149,MIKE ZULU XRAY,PUMPKIN,5,15,20,,20,1;1;1;1;1;1;1;1;1;1;1;1;1;1;1;1;1;1;1;1,,0.0;0.0;0.0;0.0;0.0;0.0;0.0;0.0;0.0;0.0;0.0;0.0;0.0;0.0;0.0;0.0;0.0;0.0;0.0;0.0,0;0;0;0;0;0;0;0;0;0;0;0;0;0;0;0;0;0;0;0,0.0,0.0,0,0.0,0,120,0,1,,
qwen2.5:7b,Q4_K_M,5,non-ordered,trivial,cot,True,none,solve,1.0,8192,48114,CHARLIE NOVEMBER KILO,VULTURE,5,15,20,19,18,1;1;1;1;1;1;1;1;1;0;1;1;1;1;1;1;1;0;1;1,1;1;1;1;1;1;1;1;1;0;1;1;1;1;1;1;1;1;1;1,0.75;0.75;0.75;0.75;0.75;0.75;0.75;0.75;0.75;0.75;0.75;0.75;0.75;0.75;0.75;0.75;0.75;0.5;0.75;0.75,245;290;333;308;272;284;296;301;264;344;261;298;280;268;255;302;371;652;300;301,0.7375,311.25,0,0.0,0,403,0,1,1,
qwen2.5:7b,Q4_K_M,5,non-ordered,trivial,direct,True,none,solve,1.0,8192,48114,CHARLIE NOVEMBER KILO,VULTURE,5,15,20,,20,1;1;1;1;1;1;1;1;1;1;1;1;1;1;1;1;1;1;1;1,,1.0;1.0;1.0;1.0;1.0;1.0;1.0;1.0;1.0;1.0;1.0;1.0;1.0;1.0;1.0;1.0;1.0;1.0;1.0;1.0,0;0;0;0;0;0;0;0;0;0;0;0;0;0;0;0;0;0;0;0,1.0,0.0,0,0.0,1,143,0,1,,
qwen2.5:7b,Q4_K_M,5,non-ordered,math_bench_2,cot,True,none,solve,1.0,8192,48149,ECHO DELTA XRAY,URCHIN,5,8,20,18,14,1;0;1;0;0;1;1;1;0;1;1;1;1;0;1;1;1;0;1;1,1;1;1;0;0;1;1;1;1;1;1;1;1;1;1;1;1;1;1;1,1.0;1.0;1.0;1.0;0.75;1.0;1.0;0.75;0.75;1.0;1.0;1.0;1.0;0.75;1.0;1.0;0.75;0.5;0.75;0.75,974;1045;1314;1138;1250;1066;942;1031;1134;931;882;896;821;1045;808;1194;873;1077;840;802,0.8875,1003.15,0,0.0,0,1380,0,0,1,
qwen2.5:7b,Q4_K_M,5,non-ordered,math_bench_2,direct,True,none,solve,1.0,8192,48149,ECHO DELTA XRAY,URCHIN,5,8,20,,20,1;1;1;1;1;1;1;1;1;1;1;1;1;1;1;1;1;1;1;1,,0.25;0.25;0.25;0.25;0.25;0.25;0.25;0.25;0.5;0.25;0.5;0.5;0.5;0.25;0.25;0.5;0.25;0.25;0.25;0.5,0;0;0;0;0;0;0;0;0;0;0;0;0;0;0;0;0;0;0;0,0.325,0.0,0,0.0,0,123,0,1,,
qwen2.5:7b,Q4_K_M,5,non-ordered,math_bench_4,cot,True,none,solve,1.0,8192,48149,ECHO DELTA XRAY,URCHIN,5,8,20,18,14,1;0;1;1;1;1;0;0;1;0;1;1;1;1;1;1;0;1;0;1,1;1;1;1;1;1;1;1;1;1;1;1;1;0;1;0;1;1;1;1,0.5;0.5;0.75;0.5;0.5;1.0;0.5;0.5;1.0;0.75;0.25;0.5;0.5;0.5;0.75;0.5;0.25;0.75;0.75;0.75,1590;1288;1855;1229;1654;1365;1191;1585;1447;1530;1529;1398;1852;1490;1570;1658;1236;1740;1270;1050,0.6,1476.35,0,0.0,0,1523,0,1,1,
qwen2.5:7b,Q4_K_M,5,non-ordered,math_bench_4,direct,True,none,solve,1.0,8192,48149,ECHO DELTA XRAY,URCHIN,5,8,20,,20,1;1;1;1;1;1;1;1;1;1;1;1;1;1;1;1;1;1;1;1,,0.0;0.25;0.0;0.0;0.0;0.0;0.0;0.0;0.0;0.0;0.25;0.0;0.0;0.0;0.25;0.0;0.25;0.25;0.0;0.0,0;0;0;0;0;0;0;0;0;0;0;0;0;0;0;0;0;0;0;0,0.0625,0.0,0,0.0,0,140,0,1,,
qwen2.5:7b,Q4_K_M,5,non-ordered,math_bench_5,cot,True,none,solve,1.0,8192,48149,ECHO DELTA XRAY,URCHIN,5,8,20,18,16,1;1;1;1;0;1;1;0;1;1;1;1;1;0;1;1;1;1;0;1,1;1;1;1;1;1;1;0;1;1;1;0;1;1;1;1;1;1;1;1,0.75;0.0;0.5;0.0;0.5;0.5;0.5;0.0;0.5;1.0;0.75;0.5;0.25;0.75;0.25;0.5;0.25;0.25;0.25;0.75,1881;1283;1073;865;2059;1421;2061;1011;1465;3044;1756;1663;1523;2070;2309;1705;1839;2071;1695;2073,0.4375,1743.35,0,0.0,0,2017,0,1,1,
qwen2.5:7b,Q4_K_M,5,non-ordered,math_bench_5,direct,True,none,solve,1.0,8192,48149,ECHO DELTA XRAY,URCHIN,5,8,20,,20,1;1;1;1;1;1;1;1;1;1;1;1;1;1;1;1;1;1;1;1,,0.0;0.0;0.25;0.25;0.0;0.25;0.25;0.0;0.5;0.25;0.25;0.0;0.25;0.25;0.25;0.5;0.25;0.25;0.25;0.25,0;0;0;0;0;0;0;0;0;0;0;0;0;0;0;0;0;0;0;0,0.2125,0.0,0,0.0,0,123,0,1,,
qwen2.5:7b,Q4_K_M,5,non-ordered,trivial,cot,True,none,solve,1.0,8192,49114,WHISKEY TANGO ALPHA,FALCON,5,13,20,20,20,1;1;1;1;1;1;1;1;1;1;1;1;1;1;1;1;1;1;1;1,1;1;1;1;1;1;1;1;1;1;1;1;1;1;1;1;1;1;1;1,1.0;0.75;0.75;0.75;1.0;1.0;0.75;0.75;1.0;1.0;0.75;0.75;1.0;0.75;1.0;0.75;1.0;1.0;0.75;0.5,273;266;291;254;283;334;314;260;307;442;262;254;273;280;334;256;340;334;308;349,0.85,300.7,0,0.0,0,386,0,1,1,
qwen2.5:7b,Q4_K_M,5,non-ordered,trivial,direct,True,none,solve,1.0,8192,49114,WHISKEY TANGO ALPHA,FALCON,5,13,20,,20,1;1;1;1;1;1;1;1;1;1;1;1;1;1;1;1;1;1;1;1,,1.0;1.0;1.0;1.0;1.0;1.0;1.0;1.0;1.0;1.0;1.0;1.0;1.0;1.0;1.0;1.0;1.0;1.0;1.0;1.0,0;0;0;0;0;0;0;0;0;0;0;0;0;0;0;0;0;0;0;0,1.0,0.0,0,0.0,1,144,0,1,,
qwen2.5:7b,Q4_K_M,5,non-ordered,math_bench_2,cot,True,none,solve,1.0,8192,49149,KILO ALPHA INDIA,INKWELL,5,12,20,19,19,1;1;1;1;1;1;1;1;1;1;1;0;1;1;1;1;1;1;1;1,1;1;1;1;1;1;1;1;1;1;1;0;1;1;1;1;1;1;1;1,0.75;1.0;1.0;0.75;0.75;0.75;0.75;1.0;0.75;1.0;0.75;0.5;1.0;1.0;0.75;1.0;1.0;0.75;0.75;1.0,1155;792;905;1379;891;1513;708;994;748;960;859;584;1181;951;867;747;838;894;869;1021,0.85,942.8,0,0.0,0,1153,0,1,1,
qwen2.5:7b,Q4_K_M,5,non-ordered,math_bench_2,direct,True,none,solve,1.0,8192,49149,KILO ALPHA INDIA,INKWELL,5,12,20,,20,1;1;1;1;1;1;1;1;1;1;1;1;1;1;1;1;1;1;1;1,,0.25;0.75;0.0;0.5;0.0;0.0;0.0;0.25;0.25;0.0;0.25;0.25;0.25;0.0;0.5;0.25;0.5;0.5;0.25;0.5,0;0;0;0;0;0;0;0;0;0;0;0;0;0;0;0;0;0;0;0,0.2625,0.0,0,0.0,0,130,0,1,,
qwen2.5:7b,Q4_K_M,5,non-ordered,math_bench_4,cot,True,none,solve,1.0,8192,49149,KILO ALPHA INDIA,INKWELL,5,12,20,19,18,1;1;1;1;1;0;1;1;1;1;1;1;0;1;1;1;1;1;1;1,1;1;1;1;1;0;1;1;1;1;1;1;1;1;1;1;1;1;1;1,0.75;0.5;0.25;0.5;0.25;0.0;0.75;0.5;0.25;0.25;0.75;0.25;0.25;0.5;0.75;0.25;0.5;0.0;0.0;0.5,2331;1522;1824;1373;1206;1383;1454;1688;1670;1519;1379;1321;2054;1415;1484;1621;1549;1167;2248;1409,0.3875,1580.85,0,0.0,0,1454,0,1,1,
qwen2.5:7b,Q4_K_M,5,non-ordered,math_bench_4,direct,True,none,solve,1.0,8192,49149,KILO ALPHA INDIA,INKWELL,5,12,20,,20,1;1;1;1;1;1;1;1;1;1;1;1;1;1;1;1;1;1;1;1,,0.0;0.25;0.0;0.25;0.0;0.0;0.0;0.0;0.0;0.0;0.0;0.0;0.0;0.25;0.0;0.0;0.0;0.0;0.0;0.0,0;0;0;0;0;0;0;0;0;0;0;0;0;0;0;0;0;0;0;0,0.0375,0.0,0,0.0,0,128,0,1,,
qwen2.5:7b,Q4_K_M,5,non-ordered,math_bench_5,cot,True,none,solve,1.0,8192,49149,KILO ALPHA INDIA,INKWELL,5,12,20,15,15,1;1;1;1;0;0;1;1;0;0;1;1;1;1;0;1;1;1;1;1,1;1;1;1;0;0;1;1;0;1;1;0;1;1;1;1;0;1;1;1,0.5;0.0;0.5;0.5;0.25;0.5;0.5;0.75;0.25;0.0;0.0;0.0;0.0;0.25;0.25;0.25;0.75;0.75;0.0;0.5,2003;1419;1761;1355;887;1617;2260;1929;1240;1164;1175;1684;1069;1577;1052;1087;1418;2182;1142;1115,0.325,1456.8,0,0.0,0,1271,0,1,0,
qwen2.5:7b,Q4_K_M,5,non-ordered,math_bench_5,direct,True,none,solve,1.0,8192,49149,KILO ALPHA INDIA,INKWELL,5,12,20,,20,1;1;1;1;1;1;1;1;1;1;1;1;1;1;1;1;1;1;1;1,,0.0;0.25;0.25;0.0;0.25;0.25;0.0;0.0;0.0;0.0;0.25;0.0;0.0;0.0;0.0;0.25;0.0;0.25;0.25;0.25,0;0;0;0;0;0;0;0;0;0;0;0;0;0;0;0;0;0;0;0,0.1125,0.0,0,0.0,0,115,0,1,,
qwen2.5:7b,Q4_K_M,5,non-ordered,trivial,cot,True,none,solve,1.0,8192,50114,VICTOR UNIFORM FOXTROT,PLATYPUS,5,15,20,20,20,1;1;1;1;1;1;1;1;1;1;1;1;1;1;1;1;1;1;1;1,1;1;1;1;1;1;1;1;1;1;1;1;1;1;1;1;1;1;1;1,0.75;0.75;0.75;0.75;0.75;0.75;0.75;0.75;0.75;0.75;0.75;0.75;0.75;0.75;0.75;0.75;0.75;0.75;0.75;0.75,357;282;291;259;268;300;273;269;259;259;260;226;247;270;205;298;232;316;321;259,0.75,272.55,0,0.0,0,372,0,1,1,
qwen2.5:7b,Q4_K_M,5,non-ordered,trivial,direct,True,none,solve,1.0,8192,50114,VICTOR UNIFORM FOXTROT,PLATYPUS,5,15,20,,20,1;1;1;1;1;1;1;1;1;1;1;1;1;1;1;1;1;1;1;1,,1.0;1.0;1.0;1.0;1.0;1.0;1.0;1.0;1.0;1.0;1.0;1.0;1.0;1.0;1.0;1.0;1.0;1.0;1.0;1.0,0;0;0;0;0;0;0;0;0;0;0;0;0;0;0;0;0;0;0;0,1.0,0.0,0,0.0,1,145,0,1,,
qwen2.5:7b,Q4_K_M,5,non-ordered,math_bench_2,cot,True,none,solve,1.0,8192,50149,BRAVO JULIET FOXTROT,FALCON,5,14,20,14,18,1;0;1;1;1;1;1;0;1;1;1;1;1;1;1;1;1;1;1;1,0;0;1;1;1;1;1;0;0;1;1;1;1;0;0;1;1;1;1;1,0.75;1.0;1.0;0.75;0.75;1.0;1.0;1.0;0.75;1.0;0.75;1.0;0.25;1.0;0.75;1.0;0.75;0.75;1.0;1.0,690;775;966;1446;944;1201;967;1273;597;909;1239;968;1251;900;569;1126;1281;1000;993;1117,0.8625,1010.6,0,0.0,0,953,0,1,1,
qwen2.5:7b,Q4_K_M,5,non-ordered,math_bench_2,direct,True,none,solve,1.0,8192,50149,BRAVO JULIET FOXTROT,FALCON,5,14,20,,20,1;1;1;1;1;1;1;1;1;1;1;1;1;1;1;1;1;1;1;1,,0.25;0.5;0.25;0.25;0.25;0.25;0.25;0.25;0.25;0.25;0.25;0.25;0.5;0.5;0.5;0.25;0.25;0.5;0.25;0.25,0;0;0;0;0;0;0;0;0;0;0;0;0;0;0;0;0;0;0;0,0.3125,0.0,0,0.0,0,132,0,1,,
qwen2.5:7b,Q4_K_M,5,non-ordered,math_bench_4,cot,True,none,solve,1.0,8192,50149,BRAVO JULIET FOXTROT,FALCON,5,14,20,19,16,1;1;1;1;0;1;1;0;1;1;1;1;0;1;1;0;1;1;1;1,1;1;1;1;1;0;1;1;1;1;1;1;1;1;1;1;1;1;1;1,0.25;0.5;0.25;0.25;0.5;0.5;0.25;0.5;0.25;0.5;0.75;0.25;0.5;0.25;0.5;0.25;0.75;0.25;0.75;0.25,1378;1390;1658;1241;1665;1358;1676;1741;1605;1620;1235;1869;2037;949;1478;2130;1780;1450;1665;1393,0.4125,1565.9,0,0.0,0,1255,0,1,1,
qwen2.5:7b,Q4_K_M,5,non-ordered,math_bench_4,direct,True,none,solve,1.0,8192,50149,BRAVO JULIET FOXTROT,FALCON,5,14,20,,20,1;1;1;1;1;1;1;1;1;1;1;1;1;1;1;1;1;1;1;1,,0.25;0.0;0.0;0.0;0.25;0.25;0.25;0.0;0.0;0.0;0.25;0.0;0.0;0.25;0.25;0.25;0.25;0.25;0.25;0.0,0;0;0;0;0;0;0;0;0;0;0;0;0;0;0;0;0;0;0;0,0.1375,0.0,0,0.0,0,131,0,1,,
qwen2.5:7b,Q4_K_M,5,non-ordered,math_bench_5,cot,True,none,solve,1.0,8192,50149,BRAVO JULIET FOXTROT,FALCON,5,14,20,20,18,1;1;1;1;0;1;1;1;1;1;0;1;1;1;1;1;1;1;1;1,1;1;1;1;1;1;1;1;1;1;1;1;1;1;1;1;1;1;1;1,0.75;0.5;0.5;0.25;0.5;1.0;0.75;0.75;0.5;0.25;0.5;0.75;0.5;0.25;0.25;0.25;0.5;0.25;0.25;1.0,1807;1671;2338;1570;1714;2647;1938;1929;2312;1905;2007;2427;2202;1879;2054;1272;2355;1960;2143;2405,0.5125,2026.75,0,0.0,0,1910,0,1,1,
qwen2.5:7b,Q4_K_M,5,non-ordered,math_bench_5,direct,True,none,solve,1.0,8192,50149,BRAVO JULIET FOXTROT,FALCON,5,14,20,,20,1;1;1;1;1;1;1;1;1;1;1;1;1;1;1;1;1;1;1;1,,0.0;0.0;0.0;0.0;0.0;0.0;0.0;0.0;0.0;0.0;0.0;0.0;0.0;0.0;0.0;0.0;0.0;0.0;0.0;0.0,0;0;0;0;0;0;0;0;0;0;0;0;0;0;0;0;0;0;0;0,0.0,0.0,0,0.0,0,134,0,1,,
qwen2.5:7b,Q4_K_M,5,non-ordered,trivial,cot,True,none,solve,1.0,8192,51114,GOLF YANKEE BRAVO,GAZEBO,5,12,20,20,20,1;1;1;1;1;1;1;1;1;1;1;1;1;1;1;1;1;1;1;1,1;1;1;1;1;1;1;1;1;1;1;1;1;1;1;1;1;1;1;1,0.75;0.75;0.75;0.75;0.75;0.75;0.5;0.75;0.75;0.75;0.75;0.75;0.75;0.5;0.75;0.75;0.75;0.75;0.75;0.75,269;258;355;302;334;282;270;285;281;272;279;307;317;266;264;312;289;266;284;377,0.725,293.45,0,0.0,0,487,0,1,1,
qwen2.5:7b,Q4_K_M,5,non-ordered,trivial,direct,True,none,solve,1.0,8192,51114,GOLF YANKEE BRAVO,GAZEBO,5,12,20,,20,1;1;1;1;1;1;1;1;1;1;1;1;1;1;1;1;1;1;1;1,,1.0;1.0;1.0;1.0;1.0;1.0;1.0;1.0;1.0;1.0;1.0;1.0;1.0;1.0;1.0;1.0;1.0;1.0;1.0;1.0,0;0;0;0;0;0;0;0;0;0;0;0;0;0;0;0;0;0;0;0,1.0,0.0,0,0.0,1,136,0,1,,
qwen2.5:7b,Q4_K_M,5,non-ordered,math_bench_2,cot,True,none,solve,1.0,8192,51149,CHARLIE JULIET HOTEL,HEDGEHOG,5,14,20,19,19,1;0;1;1;1;1;1;1;1;1;1;1;1;1;1;1;1;1;1;1,1;0;1;1;1;1;1;1;1;1;1;1;1;1;1;1;1;1;1;1,0.75;0.75;0.5;0.5;0.75;0.75;0.75;0.75;1.0;0.75;1.0;0.75;0.75;1.0;0.75;0.75;0.75;0.75;0.75;0.75,1070;1372;1121;1532;1255;887;1093;1360;1401;1386;1307;1060;845;1510;997;1159;1154;1011;1525;1328,0.7625,1218.65,0,0.0,0,1227,0,1,1,
qwen2.5:7b,Q4_K_M,5,non-ordered,math_bench_2,direct,True,none,solve,1.0,8192,51149,CHARLIE JULIET HOTEL,HEDGEHOG,5,14,20,,20,1;1;1;1;1;1;1;1;1;1;1;1;1;1;1;1;1;1;1;1,,0.25;0.25;0.25;0.5;0.25;0.25;0.25;0.25;0.25;0.25;0.25;0.25;0.25;0.25;0.25;0.25;0.5;0.25;0.25;0.25,0;0;0;0;0;0;0;0;0;0;0;0;0;0;0;0;0;0;0;0,0.275,0.0,0,0.0,0,128,0,1,,
qwen2.5:7b,Q4_K_M,5,non-ordered,math_bench_4,cot,True,none,solve,1.0,8192,51149,CHARLIE JULIET HOTEL,HEDGEHOG,5,14,20,20,18,1;0;1;1;0;1;1;1;1;1;1;1;1;1;1;1;1;1;1;1,1;1;1;1;1;1;1;1;1;1;1;1;1;1;1;1;1;1;1;1,0.5;0.25;0.5;0.5;0.25;0.25;0.5;0.25;0.25;0.25;0.25;0.75;0.75;0.5;0.0;0.25;0.25;0.5;0.5;0.5,1356;1412;1212;673;793;821;1329;1092;1084;1477;1172;1390;1530;1197;582;1123;1212;1024;1418;1045,0.3875,1147.1,0,0.0,0,1492,0,1,1,
qwen2.5:7b,Q4_K_M,5,non-ordered,math_bench_4,direct,True,none,solve,1.0,8192,51149,CHARLIE JULIET HOTEL,HEDGEHOG,5,14,20,,20,1;1;1;1;1;1;1;1;1;1;1;1;1;1;1;1;1;1;1;1,,0.25;0.25;0.0;0.25;0.25;0.0;0.25;0.0;0.25;0.25;0.25;0.25;0.0;0.0;0.0;0.25;0.25;0.25;0.25;0.0,0;0;0;0;0;0;0;0;0;0;0;0;0;0;0;0;0;0;0;0,0.1625,0.0,0,0.0,0,124,0,1,,
qwen2.5:7b,Q4_K_M,5,non-ordered,math_bench_5,cot,True,none,solve,1.0,8192,51149,CHARLIE JULIET HOTEL,HEDGEHOG,5,14,20,20,17,1;0;1;1;1;1;1;1;1;1;1;1;0;1;1;0;1;1;1;1,1;1;1;1;1;1;1;1;1;1;1;1;1;1;1;1;1;1;1;1,0.0;0.0;0.25;0.5;0.25;0.5;0.25;0.0;0.0;0.0;0.25;0.25;0.0;0.5;0.0;0.0;0.0;0.0;0.0;0.25,799;1366;1588;1571;871;1131;1579;1258;1965;1955;1150;1087;1296;1461;698;1270;1012;1174;892;1179,0.15,1265.1,0,0.0,0,1463,0,1,1,
qwen2.5:7b,Q4_K_M,5,non-ordered,math_bench_5,direct,True,none,solve,1.0,8192,51149,CHARLIE JULIET HOTEL,HEDGEHOG,5,14,20,,20,1;1;1;1;1;1;1;1;1;1;1;1;1;1;1;1;1;1;1;1,,0.0;0.0;0.0;0.0;0.0;0.0;0.0;0.0;0.0;0.0;0.0;0.0;0.0;0.0;0.0;0.0;0.0;0.0;0.0;0.0,0;0;0;0;0;0;0;0;0;0;0;0;0;0;0;0;0;0;0;0,0.0,0.0,0,0.0,0,126,0,1,,
qwen2.5:7b,Q4_K_M,5,non-ordered,trivial,cot,True,none,solve,1.0,8192,52114,ALPHA QUEBEC LIMA,WALNUT,5,14,20,20,20,1;1;1;1;1;1;1;1;1;1;1;1;1;1;1;1;1;1;1;1,1;1;1;1;1;1;1;1;1;1;1;1;1;1;1;1;1;1;1;1,1.0;0.5;0.5;0.5;0.5;0.5;0.5;0.5;0.5;0.5;0.5;0.5;0.5;0.5;0.5;0.5;0.5;0.5;0.5;0.5,351;210;198;170;262;206;234;201;270;170;203;223;224;257;276;190;211;222;202;217,0.525,224.85,0,0.0,0,541,0,1,1,
qwen2.5:7b,Q4_K_M,5,non-ordered,trivial,direct,True,none,solve,1.0,8192,52114,ALPHA QUEBEC LIMA,WALNUT,5,14,20,,20,1;1;1;1;1;1;1;1;1;1;1;1;1;1;1;1;1;1;1;1,,1.0;1.0;1.0;1.0;1.0;1.0;1.0;1.0;1.0;1.0;1.0;1.0;1.0;1.0;1.0;1.0;1.0;1.0;1.0;1.0,0;0;0;0;0;0;0;0;0;0;0;0;0;0;0;0;0;0;0;0,1.0,0.0,0,0.0,1,137,0,1,,
qwen2.5:7b,Q4_K_M,5,non-ordered,math_bench_2,cot,True,none,solve,1.0,8192,52149,UNIFORM CHARLIE LIMA,ANCHOVY,5,10,20,19,20,1;1;1;1;1;1;1;1;1;1;1;1;1;1;1;1;1;1;1;1,1;1;1;1;1;1;1;1;1;1;1;1;1;1;1;1;1;0;1;1,0.75;0.5;0.75;0.75;0.75;0.75;0.75;0.75;0.75;0.75;0.75;0.5;1.0;0.75;0.5;0.75;0.75;1.0;0.75;0.75,733;1010;751;692;638;933;871;935;1182;691;722;905;1204;1155;726;802;778;969;671;843,0.7375,860.55,0,0.0,0,1076,0,1,1,
qwen2.5:7b,Q4_K_M,5,non-ordered,math_bench_2,direct,True,none,solve,1.0,8192,52149,UNIFORM CHARLIE LIMA,ANCHOVY,5,10,20,,20,1;1;1;1;1;1;1;1;1;1;1;1;1;1;1;1;1;1;1;1,,0.5;0.5;0.25;0.25;0.25;0.0;0.5;0.25;0.25;0.25;0.0;0.5;0.25;0.0;0.0;0.25;0.5;0.5;0.5;0.0,0;0;0;0;0;0;0;0;0;0;0;0;0;0;0;0;0;0;0;0,0.275,0.0,0,0.0,0,129,0,1,,
qwen2.5:7b,Q4_K_M,5,non-ordered,math_bench_4,cot,True,none,solve,1.0,8192,52149,UNIFORM CHARLIE LIMA,ANCHOVY,5,10,20,20,20,1;1;1;1;1;1;1;1;1;1;1;1;1;1;1;1;1;1;1;1,1;1;1;1;1;1;1;1;1;1;1;1;1;1;1;1;1;1;1;1,0.5;0.75;1.0;1.0;0.75;0.5;0.75;0.75;0.25;1.0;0.5;0.75;0.25;0.75;0.5;0.75;0.75;0.5;0.75;0.75,1302;1416;1794;2375;1151;1269;1056;1345;1049;1838;1444;997;1626;1371;1140;1227;788;1102;1315;1621,0.675,1361.3,0,0.0,0,2734,0,0,0,
qwen2.5:7b,Q4_K_M,5,non-ordered,math_bench_4,direct,True,none,solve,1.0,8192,52149,UNIFORM CHARLIE LIMA,ANCHOVY,5,10,20,,20,1;1;1;1;1;1;1;1;1;1;1;1;1;1;1;1;1;1;1;1,,0.25;0.25;0.25;0.25;0.25;0.25;0.25;0.5;0.25;0.25;0.25;0.25;0.25;0.25;0.5;0.5;0.25;0.25;0.25;0.5,0;0;0;0;0;0;0;0;0;0;0;0;0;0;0;0;0;0;0;0,0.3,0.0,0,0.0,0,132,0,1,,
qwen2.5:7b,Q4_K_M,5,non-ordered,math_bench_5,cot,True,none,solve,1.0,8192,52149,UNIFORM CHARLIE LIMA,ANCHOVY,5,10,20,20,18,1;1;1;1;1;1;1;0;1;1;1;1;0;1;1;1;1;1;1;1,1;1;1;1;1;1;1;1;1;1;1;1;1;1;1;1;1;1;1;1,0.0;0.5;0.0;0.25;0.25;0.25;0.5;0.25;0.25;0.0;0.0;0.25;0.25;0.0;0.0;0.25;0.0;0.0;0.5;0.25,1187;1836;1618;1400;1057;1402;1721;1828;1657;998;1296;1641;1277;1315;1654;1562;963;1135;1789;1324,0.1875,1433.0,0,0.0,0,1332,0,1,1,
qwen2.5:7b,Q4_K_M,5,non-ordered,math_bench_5,direct,True,none,solve,1.0,8192,52149,UNIFORM CHARLIE LIMA,ANCHOVY,5,10,20,,20,1;1;1;1;1;1;1;1;1;1;1;1;1;1;1;1;1;1;1;1,,0.0;0.25;0.0;0.0;0.0;0.0;0.25;0.0;0.25;0.0;0.0;0.25;0.0;0.0;0.0;0.25;0.25;0.25;0.25;0.0,0;0;0;0;0;0;0;0;0;0;0;0;0;0;0;0;0;0;0;0,0.1,0.0,0,0.0,0,131,0,1,,
qwen2.5:7b,Q4_K_M,5,non-ordered,trivial,cot,True,none,solve,1.0,8192,53114,FOXTROT OSCAR SIERRA,ROOSTER,5,14,20,20,20,1;1;1;1;1;1;1;1;1;1;1;1;1;1;1;1;1;1;1;1,1;1;1;1;1;1;1;1;1;1;1;1;1;1;1;1;1;1;1;1,1.0;1.0;1.0;1.0;1.0;1.0;1.0;1.0;1.0;1.0;1.0;1.0;1.0;1.0;1.0;1.0;1.0;1.0;1.0;1.0,309;342;331;285;298;305;303;394;279;311;377;360;243;319;324;371;344;371;325;346,1.0,326.85,0,0.0,0,434,0,1,1,
qwen2.5:7b,Q4_K_M,5,non-ordered,trivial,direct,True,none,solve,1.0,8192,53114,FOXTROT OSCAR SIERRA,ROOSTER,5,14,20,,20,1;1;1;1;1;1;1;1;1;1;1;1;1;1;1;1;1;1;1;1,,1.0;1.0;1.0;1.0;1.0;1.0;1.0;1.0;1.0;1.0;1.0;1.0;1.0;1.0;1.0;1.0;1.0;1.0;1.0;1.0,0;0;0;0;0;0;0;0;0;0;0;0;0;0;0;0;0;0;0;0,1.0,0.0,0,0.0,1,142,0,1,,
qwen2.5:7b,Q4_K_M,5,non-ordered,math_bench_2,cot,True,none,solve,1.0,8192,53149,WHISKEY FOXTROT BRAVO,METRONOME,5,15,20,20,19,0;1;1;1;1;1;1;1;1;1;1;1;1;1;1;1;1;1;1;1,1;1;1;1;1;1;1;1;1;1;1;1;1;1;1;1;1;1;1;1,0.5;0.5;0.75;1.0;0.25;1.0;0.75;1.0;1.0;1.0;1.0;0.75;0.5;1.0;1.0;0.5;0.75;0.5;0.75;1.0,1347;1365;725;1798;797;942;1368;1649;1876;1071;998;1222;1251;1095;914;1176;1314;702;1191;1034,0.775,1191.75,0,0.0,0,1187,0,1,1,
qwen2.5:7b,Q4_K_M,5,non-ordered,math_bench_2,direct,True,none,solve,1.0,8192,53149,WHISKEY FOXTROT BRAVO,METRONOME,5,15,20,,20,1;1;1;1;1;1;1;1;1;1;1;1;1;1;1;1;1;1;1;1,,0.25;0.5;0.5;0.5;0.25;0.25;0.25;0.25;0.5;0.5;0.25;0.25;0.5;0.5;0.5;0.5;0.25;0.5;0.5;0.25,0;0;0;0;0;0;0;0;0;0;0;0;0;0;0;0;0;0;0;0,0.3875,0.0,0,0.0,0,130,0,1,,
qwen2.5:7b,Q4_K_M,5,non-ordered,math_bench_4,cot,True,none,solve,1.0,8192,53149,WHISKEY FOXTROT BRAVO,METRONOME,5,15,20,16,10,1;1;1;0;0;0;0;1;0;0;0;1;1;0;1;1;0;0;1;1,1;1;1;1;1;1;0;1;0;0;0;1;1;1;1;1;1;1;1;1,0.5;0.5;0.75;0.25;0.0;0.25;0.5;0.0;0.25;0.5;0.25;0.0;0.0;0.25;0.25;0.25;0.25;0.5;0.5;0.0,1401;1390;1300;1779;1588;1524;1017;1319;1299;1114;1438;2226;1346;1418;1139;1120;966;1927;1258;1057,0.2875,1381.3,0,0.0,0,1210,0,1,0,
qwen2.5:7b,Q4_K_M,5,non-ordered,math_bench_4,direct,True,none,solve,1.0,8192,53149,WHISKEY FOXTROT BRAVO,METRONOME,5,15,20,,20,1;1;1;1;1;1;1;1;1;1;1;1;1;1;1;1;1;1;1;1,,0.25;0.25;0.5;0.25;0.25;0.25;0.25;0.25;0.5;0.5;0.25;0.75;0.25;0.5;0.5;0.5;0.25;0.5;0.25;0.25,0;0;0;0;0;0;0;0;0;0;0;0;0;0;0;0;0;0;0;0,0.3625,0.0,0,0.0,0,131,0,1,,
qwen2.5:7b,Q4_K_M,5,non-ordered,math_bench_5,cot,True,none,solve,1.0,8192,53149,WHISKEY FOXTROT BRAVO,METRONOME,5,15,20,19,9,0;1;1;0;0;0;0;0;1;1;1;1;1;0;0;0;0;1;0;1,0;1;1;1;1;1;1;1;1;1;1;1;1;1;1;1;1;1;1;1,0.0;0.0;0.0;0.0;0.25;0.25;0.25;0.0;0.25;0.25;0.75;0.5;0.5;0.75;0.5;0.5;0.75;0.0;0.25;0.5,1685;1204;1057;1436;1828;1355;1831;1281;1711;1822;2007;1409;1169;1577;1647;1774;1594;1394;1469;1390,0.3125,1532.0,0,0.0,0,1595,0,1,1,
qwen2.5:7b,Q4_K_M,5,non-ordered,math_bench_5,direct,True,none,solve,1.0,8192,53149,WHISKEY FOXTROT BRAVO,METRONOME,5,15,20,,20,1;1;1;1;1;1;1;1;1;1;1;1;1;1;1;1;1;1;1;1,,0.0;0.0;0.0;0.0;0.0;0.0;0.0;0.0;0.0;0.0;0.0;0.0;0.0;0.0;0.0;0.0;0.0;0.0;0.0;0.0,0;0;0;0;0;0;0;0;0;0;0;0;0;0;0;0;0;0;0;0,0.0,0.0,0,0.0,0,128,0,1,,
qwen2.5:7b,Q4_K_M,5,non-ordered,trivial,cot,True,none,solve,1.0,8192,54114,NOVEMBER FOXTROT MIKE,ABACUS,5,15,20,18,15,1;1;1;1;1;0;0;1;0;0;1;1;1;1;1;0;1;1;1;1,1;1;1;1;1;0;1;1;0;1;1;1;1;1;1;1;1;1;1;1,0.75;1.0;1.0;1.0;0.75;0.5;1.0;1.0;0.75;1.0;1.0;1.0;1.0;1.0;1.0;1.0;1.0;0.75;1.0;1.0,433;406;345;467;269;321;320;419;402;384;405;451;377;339;372;355;464;316;299;341,0.925,374.25,0,0.0,0,545,0,1,1,
qwen2.5:7b,Q4_K_M,5,non-ordered,trivial,direct,True,none,solve,1.0,8192,54114,NOVEMBER FOXTROT MIKE,ABACUS,5,15,20,,20,1;1;1;1;1;1;1;1;1;1;1;1;1;1;1;1;1;1;1;1,,1.0;1.0;1.0;1.0;1.0;1.0;1.0;1.0;1.0;1.0;1.0;1.0;1.0;1.0;1.0;1.0;1.0;1.0;1.0;1.0,0;0;0;0;0;0;0;0;0;0;0;0;0;0;0;0;0;0;0;0,1.0,0.0,0,0.0,1,137,0,1,,
qwen2.5:7b,Q4_K_M,5,non-ordered,math_bench_2,cot,True,none,solve,1.0,8192,54149,ZULU SIERRA GOLF,LILAC,5,14,20,17,17,1;1;1;1;0;1;1;1;1;1;1;1;1;0;1;0;1;1;1;1,1;1;1;1;0;1;1;1;1;1;1;1;1;0;1;0;1;1;1;1,1.0;0.75;0.75;1.0;0.75;0.75;1.0;0.75;0.75;0.75;1.0;0.5;0.75;1.0;0.75;0.75;0.75;0.75;0.75;0.5,1009;1423;1129;1195;906;855;998;1149;1453;1074;995;1100;1168;710;704;1096;948;1034;816;1005,0.7875,1038.35,0,0.0,0,917,0,0,0,
qwen2.5:7b,Q4_K_M,5,non-ordered,math_bench_2,direct,True,none,solve,1.0,8192,54149,ZULU SIERRA GOLF,LILAC,5,14,20,,20,1;1;1;1;1;1;1;1;1;1;1;1;1;1;1;1;1;1;1;1,,0.5;0.5;0.5;0.5;0.5;0.5;0.5;0.5;0.5;0.5;0.5;0.5;0.5;0.5;0.5;0.5;0.5;0.5;0.5;0.5,0;0;0;0;0;0;0;0;0;0;0;0;0;0;0;0;0;0;0;0,0.5,0.0,0,0.0,0,127,0,1,,
qwen2.5:7b,Q4_K_M,5,non-ordered,math_bench_4,cot,True,none,solve,1.0,8192,54149,ZULU SIERRA GOLF,LILAC,5,14,20,19,20,1;1;1;1;1;1;1;1;1;1;1;1;1;1;1;1;1;1;1;1,1;1;1;1;1;1;1;1;1;1;1;1;1;1;1;1;0;1;1;1,0.75;0.75;0.5;0.5;0.5;0.25;0.25;0.75;0.5;0.75;0.5;0.75;0.25;0.75;1.0;1.0;0.25;0.5;0.75;0.5,1098;1191;998;1071;903;1251;885;1470;1151;1357;1049;1216;900;1163;1101;1495;741;1083;1226;1017,0.5875,1118.3,0,0.0,0,1186,0,1,1,
qwen2.5:7b,Q4_K_M,5,non-ordered,math_bench_4,direct,True,none,solve,1.0,8192,54149,ZULU SIERRA GOLF,LILAC,5,14,20,,20,1;1;1;1;1;1;1;1;1;1;1;1;1;1;1;1;1;1;1;1,,0.5;0.25;0.25;0.25;0.25;0.0;0.5;0.25;0.0;0.5;0.5;0.25;0.5;0.5;0.0;0.0;0.5;0.0;0.25;0.5,0;0;0;0;0;0;0;0;0;0;0;0;0;0;0;0;0;0;0;0,0.2875,0.0,0,0.0,0,127,0,1,,
qwen2.5:7b,Q4_K_M,5,non-ordered,math_bench_5,cot,True,none,solve,1.0,8192,54149,ZULU SIERRA GOLF,LILAC,5,14,20,19,15,1;1;1;1;1;1;0;0;1;1;0;0;1;1;1;1;1;1;1;0,1;1;1;1;1;1;1;1;1;1;1;1;1;1;1;1;1;1;1;0,0.25;0.75;0.5;0.25;0.5;0.0;0.75;0.25;0.25;0.5;0.5;0.5;0.5;0.5;0.0;0.25;0.0;0.0;0.5;0.25,1936;1937;1832;1548;2413;1375;1926;1726;2003;1926;1783;2429;1253;1294;1978;1764;959;1417;1266;1866,0.35,1731.55,0,0.0,0,2037,0,0,1,
qwen2.5:7b,Q4_K_M,5,non-ordered,math_bench_5,direct,True,none,solve,1.0,8192,54149,ZULU SIERRA GOLF,LILAC,5,14,20,,20,1;1;1;1;1;1;1;1;1;1;1;1;1;1;1;1;1;1;1;1,,0.25;0.25;0.0;0.0;0.0;0.0;0.0;0.25;0.0;0.25;0.0;0.0;0.25;0.0;0.0;0.0;0.0;0.25;0.0;0.0,0;0;0;0;0;0;0;0;0;0;0;0;0;0;0;0;0;0;0;0,0.075,0.0,0,0.0,0,125,0,1,,
qwen2.5:7b,Q4_K_M,5,non-ordered,trivial,cot,True,none,solve,1.0,8192,55114,HOTEL NOVEMBER GOLF,CACTUS,5,15,20,19,17,1;1;1;0;1;0;1;1;1;1;1;1;1;1;1;1;1;0;1;1,1;1;1;0;1;1;1;1;1;1;1;1;1;1;1;1;1;1;1;1,1.0;1.0;1.0;0.5;1.0;0.75;1.0;1.0;1.0;1.0;1.0;0.75;1.0;0.5;1.0;1.0;1.0;0.5;1.0;1.0,359;344;328;422;298;289;326;265;332;298;298;346;270;239;455;356;371;274;328;265,0.9,323.15,0,0.0,0,733,0,1,1,
qwen2.5:7b,Q4_K_M,5,non-ordered,trivial,direct,True,none,solve,1.0,8192,55114,HOTEL NOVEMBER GOLF,CACTUS,5,15,20,,20,1;1;1;1;1;1;1;1;1;1;1;1;1;1;1;1;1;1;1;1,,1.0;1.0;1.0;1.0;1.0;1.0;1.0;1.0;1.0;1.0;1.0;1.0;1.0;1.0;1.0;1.0;1.0;1.0;1.0;1.0,0;0;0;0;0;0;0;0;0;0;0;0;0;0;0;0;0;0;0;0,1.0,0.0,0,0.0,1,136,0,1,,
qwen2.5:7b,Q4_K_M,5,non-ordered,math_bench_2,cot,True,none,solve,1.0,8192,55149,CHARLIE ALPHA ROMEO,MONGOOSE,5,14,20,12,17,1;0;1;1;1;1;1;0;1;1;1;1;1;1;1;1;0;1;1;1,1;0;1;1;1;1;0;0;1;0;1;1;1;1;1;0;0;0;0;1,0.5;1.0;1.0;0.5;1.0;1.0;0.5;0.75;0.75;0.5;0.75;0.75;0.75;0.75;0.75;1.0;0.5;0.5;1.0;0.75,1086;957;1224;1071;1146;1077;1428;1085;1849;1085;1297;1051;1581;1179;1489;1257;866;1267;1234;1287,0.75,1225.8,0,0.0,0,1883,0,0,0,
qwen2.5:7b,Q4_K_M,5,non-ordered,math_bench_2,direct,True,none,solve,1.0,8192,55149,CHARLIE ALPHA ROMEO,MONGOOSE,5,14,20,,20,1;1;1;1;1;1;1;1;1;1;1;1;1;1;1;1;1;1;1;1,,0.0;0.75;0.25;0.25;0.0;0.5;0.25;0.25;0.5;0.25;0.25;0.0;0.25;0.25;0.25;0.25;0.0;0.25;0.5;0.25,0;0;0;0;0;0;0;0;0;0;0;0;0;0;0;0;0;0;0;0,0.2625,0.0,0,0.0,0,138,0,1,,
qwen2.5:7b,Q4_K_M,5,non-ordered,math_bench_4,cot,True,none,solve,1.0,8192,55149,CHARLIE ALPHA ROMEO,MONGOOSE,5,14,20,20,20,1;1;1;1;1;1;1;1;1;1;1;1;1;1;1;1;1;1;1;1,1;1;1;1;1;1;1;1;1;1;1;1;1;1;1;1;1;1;1;1,0.75;0.5;0.75;0.5;0.5;0.75;0.5;0.75;0.5;0.75;0.5;0.75;0.5;0.5;0.25;0.75;0.5;0.75;0.5;0.5,1016;1396;1090;1088;1081;1298;984;1190;1237;1168;1114;1112;964;1163;1244;1150;1283;1107;1056;1147,0.5875,1144.4,0,0.0,0,1372,0,1,1,
qwen2.5:7b,Q4_K_M,5,non-ordered,math_bench_4,direct,True,none,solve,1.0,8192,55149,CHARLIE ALPHA ROMEO,MONGOOSE,5,14,20,,20,1;1;1;1;1;1;1;1;1;1;1;1;1;1;1;1;1;1;1;1,,0.0;0.25;0.0;0.25;0.0;0.25;0.0;0.0;0.25;0.25;0.0;0.25;0.25;0.25;0.0;0.25;0.25;0.0;0.25;0.0,0;0;0;0;0;0;0;0;0;0;0;0;0;0;0;0;0;0;0;0,0.1375,0.0,0,0.0,0,97,0,0,,
qwen2.5:7b,Q4_K_M,5,non-ordered,math_bench_5,cot,True,none,solve,1.0,8192,55149,CHARLIE ALPHA ROMEO,MONGOOSE,5,14,20,19,20,1;1;1;1;1;1;1;1;1;1;1;1;1;1;1;1;1;1;1;1,1;1;1;1;1;1;1;1;1;0;1;1;1;1;1;1;1;1;1;1,0.0;0.25;0.0;0.0;0.25;0.0;0.25;0.0;0.0;0.5;0.0;0.0;0.5;0.0;0.25;0.0;0.25;0.25;0.5;0.0,850;1145;1681;1629;1604;919;1344;874;1550;1403;944;1120;2117;1167;1617;2113;1340;1379;1999;1181,0.15,1398.8,0,0.0,0,1615,0,1,1,
qwen2.5:7b,Q4_K_M,5,non-ordered,math_bench_5,direct,True,none,solve,1.0,8192,55149,CHARLIE ALPHA ROMEO,MONGOOSE,5,14,20,,20,1;1;1;1;1;1;1;1;1;1;1;1;1;1;1;1;1;1;1;1,,0.5;0.0;0.5;0.25;0.5;0.5;0.5;0.25;0.25;0.5;0.25;0.25;0.0;0.5;0.5;0.25;0.5;0.25;0.5;0.5,0;0;0;0;0;0;0;0;0;0;0;0;0;0;0;0;0;0;0;0,0.3625,0.0,0,0.0,0,135,0,1,,
qwen2.5:7b,Q4_K_M,5,non-ordered,trivial,cot,True,none,solve,1.0,8192,56114,NOVEMBER DELTA HOTEL,PYRAMID,5,15,20,20,20,1;1;1;1;1;1;1;1;1;1;1;1;1;1;1;1;1;1;1;1,1;1;1;1;1;1;1;1;1;1;1;1;1;1;1;1;1;1;1;1,0.75;1.0;0.75;0.75;1.0;0.75;1.0;1.0;1.0;1.0;0.75;1.0;1.0;0.75;1.0;1.0;0.75;1.0;1.0;1.0,296;358;386;338;339;224;311;244;321;272;375;322;339;285;461;314;377;305;328;349,0.9125,327.2,0,0.0,0,497,0,1,1,
qwen2.5:7b,Q4_K_M,5,non-ordered,trivial,direct,True,none,solve,1.0,8192,56114,NOVEMBER DELTA HOTEL,PYRAMID,5,15,20,,20,1;1;1;1;1;1;1;1;1;1;1;1;1;1;1;1;1;1;1;1,,1.0;1.0;1.0;1.0;1.0;1.0;1.0;1.0;1.0;1.0;1.0;1.0;1.0;1.0;1.0;1.0;1.0;1.0;1.0;1.0,0;0;0;0;0;0;0;0;0;0;0;0;0;0;0;0;0;0;0;0,1.0,0.0,0,0.0,1,143,0,1,,
qwen2.5:7b,Q4_K_M,5,non-ordered,math_bench_2,cot,True,none,solve,1.0,8192,56149,VICTOR PAPA NOVEMBER,DOLPHIN,5,14,20,15,13,0;1;1;0;1;1;1;1;0;0;1;1;1;1;1;0;1;1;0;0,0;1;1;0;1;1;1;1;1;1;1;1;1;1;1;1;0;1;0;0,0.75;1.0;1.0;0.75;0.5;0.75;1.0;1.0;0.75;0.5;1.0;0.75;0.75;0.75;0.75;0.75;1.0;1.0;0.75;1.0,577;954;1086;674;1098;1083;932;773;934;970;1043;962;1129;735;871;888;995;1024;756;820,0.825,915.2,0,0.0,0,927,0,0,1,
qwen2.5:7b,Q4_K_M,5,non-ordered,math_bench_2,direct,True,none,solve,1.0,8192,56149,VICTOR PAPA NOVEMBER,DOLPHIN,5,14,20,,20,1;1;1;1;1;1;1;1;1;1;1;1;1;1;1;1;1;1;1;1,,0.25;0.25;0.5;0.25;0.0;0.5;0.25;0.25;0.25;0.25;0.25;0.25;0.25;0.25;0.25;0.25;0.25;0.25;0.25;0.25,0;0;0;0;0;0;0;0;0;0;0;0;0;0;0;0;0;0;0;0,0.2625,0.0,0,0.0,0,136,0,1,,
qwen2.5:7b,Q4_K_M,5,non-ordered,math_bench_4,cot,True,none,solve,1.0,8192,56149,VICTOR PAPA NOVEMBER,DOLPHIN,5,14,20,6,7,1;0;1;0;0;0;1;0;0;0;0;0;1;0;1;1;0;0;1;0,1;0;1;0;0;0;1;0;0;0;0;0;1;0;1;0;0;0;1;0,0.75;0.0;0.25;0.25;0.25;0.25;0.75;0.25;0.5;0.5;0.75;0.5;0.25;0.5;0.75;0.5;0.5;0.25;0.25;0.5,2266;1057;1084;936;1251;1215;1557;1202;1690;1448;1164;1500;1546;1285;1680;1236;1608;1093;1649;1008,0.425,1373.75,0,0.0,0,1502,0,1,0,
qwen2.5:7b,Q4_K_M,5,non-ordered,math_bench_4,direct,True,none,solve,1.0,8192,56149,VICTOR PAPA NOVEMBER,DOLPHIN,5,14,20,,20,1;1;1;1;1;1;1;1;1;1;1;1;1;1;1;1;1;1;1;1,,0.0;0.0;0.0;0.0;0.0;0.0;0.25;0.25;0.0;0.25;0.0;0.0;0.25;0.0;0.0;0.0;0.5;0.0;0.0;0.0,0;0;0;0;0;0;0;0;0;0;0;0;0;0;0;0;0;0;0;0,0.075,0.0,0,0.0,0,135,0,1,,
qwen2.5:7b,Q4_K_M,5,non-ordered,math_bench_5,cot,True,none,solve,1.0,8192,56149,VICTOR PAPA NOVEMBER,DOLPHIN,5,14,20,19,20,1;1;1;1;1;1;1;1;1;1;1;1;1;1;1;1;1;1;1;1,1;1;1;0;1;1;1;1;1;1;1;1;1;1;1;1;1;1;1;1,0.75;0.0;0.25;0.0;0.25;0.5;0.25;0.5;0.0;0.0;0.0;0.5;0.25;0.5;0.0;0.0;0.25;0.0;0.25;0.5,2109;1349;1702;777;1581;1408;1671;1726;1765;1163;2146;1110;1311;1289;1625;1898;1548;1706;1561;1413,0.2375,1542.9,0,0.0,0,1182,0,1,1,
qwen2.5:7b,Q4_K_M,5,non-ordered,math_bench_5,direct,True,none,solve,1.0,8192,56149,VICTOR PAPA NOVEMBER,DOLPHIN,5,14,20,,20,1;1;1;1;1;1;1;1;1;1;1;1;1;1;1;1;1;1;1;1,,0.0;0.0;0.0;0.25;0.0;0.25;0.25;0.25;0.25;0.5;0.0;0.0;0.25;0.25;0.0;0.25;0.25;0.25;0.25;0.25,0;0;0;0;0;0;0;0;0;0;0;0;0;0;0;0;0;0;0;0,0.175,0.0,0,0.0,0,137,0,1,,
qwen2.5:7b,Q4_K_M,5,non-ordered,trivial,cot,True,none,solve,1.0,8192,57114,ZULU GOLF LIMA,GAZEBO,5,14,20,20,20,1;1;1;1;1;1;1;1;1;1;1;1;1;1;1;1;1;1;1;1,1;1;1;1;1;1;1;1;1;1;1;1;1;1;1;1;1;1;1;1,0.75;0.75;0.75;0.75;0.75;0.75;0.75;0.75;0.75;0.75;0.75;0.75;0.75;0.75;0.75;0.75;0.75;0.75;0.75;0.75,275;304;269;215;230;282;258;312;280;248;331;343;260;305;278;274;335;307;284;254,0.75,282.2,0,0.0,0,478,0,1,1,
qwen2.5:7b,Q4_K_M,5,non-ordered,trivial,direct,True,none,solve,1.0,8192,57114,ZULU GOLF LIMA,GAZEBO,5,14,20,,20,1;1;1;1;1;1;1;1;1;1;1;1;1;1;1;1;1;1;1;1,,1.0;1.0;1.0;1.0;1.0;1.0;1.0;1.0;1.0;1.0;1.0;1.0;1.0;1.0;1.0;1.0;1.0;1.0;1.0;1.0,0;0;0;0;0;0;0;0;0;0;0;0;0;0;0;0;0;0;0;0,1.0,0.0,0,0.0,1,135,0,1,,
qwen2.5:7b,Q4_K_M,5,non-ordered,math_bench_2,cot,True,none,solve,1.0,8192,57149,QUEBEC UNIFORM VICTOR,QUARRY,5,10,20,20,19,1;1;1;1;0;1;1;1;1;1;1;1;1;1;1;1;1;1;1;1,1;1;1;1;1;1;1;1;1;1;1;1;1;1;1;1;1;1;1;1,0.75;1.0;1.0;1.0;0.5;0.5;0.75;1.0;0.75;0.75;0.75;0.5;1.0;0.75;0.75;0.5;0.75;1.0;0.5;0.75,844;2335;910;1028;1176;1005;865;1191;1130;1030;1120;963;1199;2303;1481;1434;1034;1473;997;1166,0.7625,1234.2,0,0.0,0,1500,0,1,1,
qwen2.5:7b,Q4_K_M,5,non-ordered,math_bench_2,direct,True,none,solve,1.0,8192,57149,QUEBEC UNIFORM VICTOR,QUARRY,5,10,20,,20,1;1;1;1;1;1;1;1;1;1;1;1;1;1;1;1;1;1;1;1,,0.25;0.25;0.0;0.25;0.0;0.25;0.25;0.25;0.0;0.0;0.25;0.0;0.25;0.0;0.25;0.25;0.5;0.0;0.0;0.0,0;0;0;0;0;0;0;0;0;0;0;0;0;0;0;0;0;0;0;0,0.15,0.0,0,0.0,0,126,0,1,,
qwen2.5:7b,Q4_K_M,5,non-ordered,math_bench_4,cot,True,none,solve,1.0,8192,57149,QUEBEC UNIFORM VICTOR,QUARRY,5,10,20,20,20,1;1;1;1;1;1;1;1;1;1;1;1;1;1;1;1;1;1;1;1,1;1;1;1;1;1;1;1;1;1;1;1;1;1;1;1;1;1;1;1,0.75;0.25;0.5;0.5;0.75;0.5;0.75;0.25;0.5;0.75;0.5;0.75;0.75;0.5;0.5;0.5;0.75;0.75;0.5;0.75,1128;915;1983;1513;1394;1672;1399;1845;1333;1143;809;1615;1154;1176;1548;1443;1557;1304;1436;1435,0.5875,1390.1,0,0.0,0,1180,0,1,1,
qwen2.5:7b,Q4_K_M,5,non-ordered,math_bench_4,direct,True,none,solve,1.0,8192,57149,QUEBEC UNIFORM VICTOR,QUARRY,5,10,20,,20,1;1;1;1;1;1;1;1;1;1;1;1;1;1;1;1;1;1;1;1,,0.25;0.25;0.0;0.25;0.25;0.25;0.25;0.25;0.25;0.25;0.25;0.25;0.25;0.25;0.25;0.25;0.0;0.25;0.25;0.25,0;0;0;0;0;0;0;0;0;0;0;0;0;0;0;0;0;0;0;0,0.225,0.0,0,0.0,0,127,0,1,,
qwen2.5:7b,Q4_K_M,5,non-ordered,math_bench_5,cot,True,none,solve,1.0,8192,57149,QUEBEC UNIFORM VICTOR,QUARRY,5,10,20,19,17,1;1;1;1;1;1;0;1;1;1;1;1;1;0;1;1;1;1;0;1,1;1;1;1;1;1;1;1;1;1;1;1;0;1;1;1;1;1;1;1,0.5;0.25;0.0;0.25;0.5;0.5;0.75;0.25;0.0;0.75;0.0;0.25;0.0;0.25;0.0;0.5;0.25;0.25;0.5;0.5,2474;3375;1239;1520;2416;2498;1770;1755;1329;2699;1898;1685;1340;1768;1002;1699;1354;1198;2007;1339,0.3125,1818.25,0,0.0,0,924,0,1,1,
qwen2.5:7b,Q4_K_M,5,non-ordered,math_bench_5,direct,True,none,solve,1.0,8192,57149,QUEBEC UNIFORM VICTOR,QUARRY,5,10,20,,20,1;1;1;1;1;1;1;1;1;1;1;1;1;1;1;1;1;1;1;1,,0.0;0.0;0.0;0.0;0.25;0.25;0.0;0.0;0.0;0.25;0.0;0.0;0.25;0.0;0.0;0.0;0.0;0.0;0.0;0.0,0;0;0;0;0;0;0;0;0;0;0;0;0;0;0;0;0;0;0;0,0.05,0.0,0,0.0,0,126,0,1,,
qwen2.5:7b,Q4_K_M,5,non-ordered,trivial,cot,True,none,solve,1.0,8192,58114,SIERRA WHISKEY ROMEO,YACHT,5,14,20,20,20,1;1;1;1;1;1;1;1;1;1;1;1;1;1;1;1;1;1;1;1,1;1;1;1;1;1;1;1;1;1;1;1;1;1;1;1;1;1;1;1,0.75;1.0;1.0;1.0;0.75;0.75;1.0;1.0;1.0;1.0;0.5;1.0;1.0;0.75;1.0;1.0;1.0;0.75;0.75;0.75,239;367;493;434;317;279;266;266;308;298;360;274;466;334;294;304;379;294;241;352,0.8875,328.25,0,0.0,0,606,0,1,1,
qwen2.5:7b,Q4_K_M,5,non-ordered,trivial,direct,True,none,solve,1.0,8192,58114,SIERRA WHISKEY ROMEO,YACHT,5,14,20,,20,1;1;1;1;1;1;1;1;1;1;1;1;1;1;1;1;1;1;1;1,,1.0;1.0;1.0;1.0;1.0;1.0;1.0;1.0;1.0;1.0;1.0;1.0;1.0;1.0;1.0;1.0;1.0;1.0;1.0;1.0,0;0;0;0;0;0;0;0;0;0;0;0;0;0;0;0;0;0;0;0,1.0,0.0,0,0.0,1,137,0,1,,
qwen2.5:7b,Q4_K_M,5,non-ordered,math_bench_2,cot,True,none,solve,1.0,8192,58149,KILO DELTA MIKE,SNORKEL,5,12,20,17,19,1;1;1;1;1;1;1;1;1;1;1;1;1;1;1;1;1;0;1;1,1;1;1;1;1;0;1;1;1;1;1;1;1;1;0;1;1;0;1;1,1.0;1.0;1.0;1.0;1.0;1.0;0.75;0.75;1.0;0.5;1.0;1.0;0.5;1.0;0.5;1.0;1.0;0.75;0.75;0.75,1012;983;798;735;845;534;961;903;831;608;823;1000;675;1058;733;691;700;875;928;735,0.8625,821.4,0,0.0,0,1005,0,1,1,
qwen2.5:7b,Q4_K_M,5,non-ordered,math_bench_2,direct,True,none,solve,1.0,8192,58149,KILO DELTA MIKE,SNORKEL,5,12,20,,20,1;1;1;1;1;1;1;1;1;1;1;1;1;1;1;1;1;1;1;1,,0.25;0.25;0.5;0.25;0.25;0.25;0.75;0.25;0.25;0.25;0.25;0.25;0.25;0.25;0.25;0.25;0.5;0.25;0.5;0.5,0;0;0;0;0;0;0;0;0;0;0;0;0;0;0;0;0;0;0;0,0.325,0.0,0,0.0,0,121,0,1,,
qwen2.5:7b,Q4_K_M,5,non-ordered,math_bench_4,cot,True,none,solve,1.0,8192,58149,KILO DELTA MIKE,SNORKEL,5,12,20,16,19,1;1;1;1;1;1;1;1;1;1;0;1;1;1;1;1;1;1;1;1,1;1;1;1;1;1;1;1;1;0;0;1;0;1;1;1;1;1;0;1,0.5;1.0;1.0;0.5;0.5;0.75;0.5;0.75;0.5;0.5;0.25;0.5;0.5;0.75;0.5;0.5;0.5;0.75;0.25;0.75,1227;1128;1106;871;952;1218;1186;1240;1168;773;780;1051;844;1032;1116;1072;879;1177;646;1121,0.5875,1029.35,0,0.0,0,1039,0,1,1,
qwen2.5:7b,Q4_K_M,5,non-ordered,math_bench_4,direct,True,none,solve,1.0,8192,58149,KILO DELTA MIKE,SNORKEL,5,12,20,,20,1;1;1;1;1;1;1;1;1;1;1;1;1;1;1;1;1;1;1;1,,0.0;0.0;0.0;0.0;0.0;0.0;0.0;0.0;0.0;0.0;0.0;0.0;0.0;0.0;0.0;0.0;0.0;0.0;0.0;0.0,0;0;0;0;0;0;0;0;0;0;0;0;0;0;0;0;0;0;0;0,0.0,0.0,0,0.0,0,120,0,1,,
qwen2.5:7b,Q4_K_M,5,non-ordered,math_bench_5,cot,True,none,solve,1.0,8192,58149,KILO DELTA MIKE,SNORKEL,5,12,20,19,16,1;0;1;1;1;1;1;0;1;1;0;1;1;0;1;1;1;1;1;1,1;1;1;0;1;1;1;1;1;1;1;1;1;1;1;1;1;1;1;1,0.5;0.25;0.25;0.25;0.0;0.5;0.0;0.5;0.25;0.25;0.25;0.0;0.5;0.25;0.0;0.25;0.5;0.25;0.5;0.5,1950;1711;1578;2148;2355;2113;2021;1929;2536;2765;1950;1977;2650;2727;2169;1556;1973;2041;2585;1930,0.2875,2133.2,0,0.0,0,2199,0,1,1,
qwen2.5:7b,Q4_K_M,5,non-ordered,math_bench_5,direct,True,none,solve,1.0,8192,58149,KILO DELTA MIKE,SNORKEL,5,12,20,,20,1;1;1;1;1;1;1;1;1;1;1;1;1;1;1;1;1;1;1;1,,0.25;0.0;0.0;0.0;0.0;0.25;0.25;0.25;0.25;0.0;0.0;0.0;0.0;0.25;0.0;0.0;0.25;0.25;0.0;0.0,0;0;0;0;0;0;0;0;0;0;0;0;0;0;0;0;0;0;0;0,0.1,0.0,0,0.0,0,123,0,1,,
qwen2.5:7b,Q4_K_M,5,non-ordered,trivial,cot,True,none,solve,1.0,8192,59114,XRAY WHISKEY LIMA,EGGPLANT,5,14,20,20,20,1;1;1;1;1;1;1;1;1;1;1;1;1;1;1;1;1;1;1;1,1;1;1;1;1;1;1;1;1;1;1;1;1;1;1;1;1;1;1;1,0.75;0.75;0.75;0.75;0.75;0.5;0.75;0.75;0.75;0.75;0.75;0.5;0.75;0.75;0.5;0.75;0.5;0.5;0.75;0.75,301;455;367;225;280;326;401;300;276;317;530;340;224;293;320;276;232;267;325;315,0.6875,318.5,0,0.0,0,557,0,1,1,
qwen2.5:7b,Q4_K_M,5,non-ordered,trivial,direct,True,none,solve,1.0,8192,59114,XRAY WHISKEY LIMA,EGGPLANT,5,14,20,,20,1;1;1;1;1;1;1;1;1;1;1;1;1;1;1;1;1;1;1;1,,1.0;1.0;1.0;1.0;1.0;1.0;1.0;1.0;1.0;1.0;1.0;1.0;1.0;1.0;1.0;1.0;1.0;1.0;1.0;1.0,0;0;0;0;0;0;0;0;0;0;0;0;0;0;0;0;0;0;0;0,1.0,0.0,0,0.0,1,144,0,1,,
qwen2.5:7b,Q4_K_M,5,non-ordered,math_bench_2,cot,True,none,solve,1.0,8192,59149,BRAVO KILO ALPHA,GAZEBO,5,15,20,13,13,1;0;1;0;1;1;0;1;1;1;1;1;1;0;0;0;0;1;1;1,1;0;1;0;1;1;0;1;1;1;1;1;1;0;0;0;0;1;1;1,0.75;0.75;0.75;0.75;0.75;0.5;0.75;0.75;1.0;1.0;0.75;0.5;0.5;0.75;0.5;1.0;0.25;0.75;0.75;0.75,893;686;1411;1281;685;1097;935;1121;1245;1024;720;727;946;675;822;824;1483;789;795;1092,0.7125,962.55,0,0.0,0,794,0,1,1,
qwen2.5:7b,Q4_K_M,5,non-ordered,math_bench_2,direct,True,none,solve,1.0,8192,59149,BRAVO KILO ALPHA,GAZEBO,5,15,20,,20,1;1;1;1;1;1;1;1;1;1;1;1;1;1;1;1;1;1;1;1,,0.25;0.25;0.5;0.25;0.25;0.25;0.25;0.5;0.25;0.25;0.25;0.25;0.5;0.25;0.25;0.0;0.25;0.5;0.5;0.5,0;0;0;0;0;0;0;0;0;0;0;0;0;0;0;0;0;0;0;0,0.3125,0.0,0,0.0,0,127,0,1,,
qwen2.5:7b,Q4_K_M,5,non-ordered,math_bench_4,cot,True,none,solve,1.0,8192,59149,BRAVO KILO ALPHA,GAZEBO,5,15,20,4,3,0;1;1;0;0;0;0;0;0;0;1;0;0;0;0;0;0;0;0;0,0;1;1;0;0;0;1;0;0;0;0;0;0;0;0;0;0;0;1;0,0.25;0.25;0.25;0.75;0.5;0.5;1.0;1.0;0.25;0.5;0.5;0.25;0.5;0.75;0.75;0.5;0.25;0.75;0.25;0.25,1404;1426;1087;1043;1325;1394;1255;1534;1103;1930;1102;1718;1469;1283;1250;954;1096;1120;921;803,0.5,1260.85,0,0.0,0,1484,0,0,0,
qwen2.5:7b,Q4_K_M,5,non-ordered,math_bench_4,direct,True,none,solve,1.0,8192,59149,BRAVO KILO ALPHA,GAZEBO,5,15,20,,20,1;1;1;1;1;1;1;1;1;1;1;1;1;1;1;1;1;1;1;1,,0.5;0.5;0.25;0.25;0.5;0.25;0.25;0.25;0.25;0.25;0.5;0.5;0.25;0.25;0.5;0.25;0.25;0.5;0.25;0.25,0;0;0;0;0;0;0;0;0;0;0;0;0;0;0;0;0;0;0;0,0.3375,0.0,0,0.0,0,131,0,1,,
qwen2.5:7b,Q4_K_M,5,non-ordered,math_bench_5,cot,True,none,solve,1.0,8192,59149,BRAVO KILO ALPHA,GAZEBO,5,15,20,8,9,1;0;1;0;0;0;0;0;0;0;1;0;1;0;1;1;0;1;1;1,1;0;1;0;0;0;0;0;0;0;1;0;1;0;1;1;0;1;1;0,0.75;0.0;0.5;0.25;0.0;0.0;0.25;0.25;0.25;0.5;0.0;0.25;0.25;0.0;0.0;0.25;0.25;0.25;0.25;0.0,1096;1493;1143;839;779;956;980;808;1780;875;696;1486;711;883;870;874;1137;1352;1157;1363,0.2125,1063.9,0,0.0,0,902,0,1,0,
qwen2.5:7b,Q4_K_M,5,non-ordered,math_bench_5,direct,True,none,solve,1.0,8192,59149,BRAVO KILO ALPHA,GAZEBO,5,15,20,,20,1;1;1;1;1;1;1;1;1;1;1;1;1;1;1;1;1;1;1;1,,0.0;0.0;0.0;0.0;0.0;0.0;0.0;0.0;0.0;0.0;0.0;0.0;0.0;0.0;0.0;0.0;0.0;0.0;0.0;0.0,0;0;0;0;0;0;0;0;0;0;0;0;0;0;0;0;0;0;0;0,0.0,0.0,0,0.0,0,129,0,1,,
qwen2.5:7b,Q4_K_M,5,non-ordered,trivial,cot,True,none,solve,1.0,8192,60114,YANKEE ECHO FOXTROT,SUNDIAL,5,15,20,20,19,1;1;1;1;1;1;1;1;0;1;1;1;1;1;1;1;1;1;1;1,1;1;1;1;1;1;1;1;1;1;1;1;1;1;1;1;1;1;1;1,1.0;0.75;0.75;0.75;0.75;0.75;0.75;1.0;0.75;0.75;0.75;0.75;0.5;0.75;0.75;0.75;0.75;0.75;0.75;0.75,350;238;250;332;286;277;334;278;277;262;286;278;441;299;470;302;284;328;278;283,0.7625,306.65,0,0.0,0,440,0,0,1,
qwen2.5:7b,Q4_K_M,5,non-ordered,trivial,direct,True,none,solve,1.0,8192,60114,YANKEE ECHO FOXTROT,SUNDIAL,5,15,20,,20,1;1;1;1;1;1;1;1;1;1;1;1;1;1;1;1;1;1;1;1,,1.0;1.0;1.0;1.0;1.0;1.0;1.0;1.0;1.0;1.0;1.0;1.0;1.0;1.0;1.0;1.0;1.0;1.0;1.0;1.0,0;0;0;0;0;0;0;0;0;0;0;0;0;0;0;0;0;0;0;0,1.0,0.0,0,0.0,1,144,0,1,,
qwen2.5:7b,Q4_K_M,5,non-ordered,math_bench_2,cot,True,none,solve,1.0,8192,60149,OSCAR CHARLIE UNIFORM,PORCUPINE,5,15,20,2,3,0;0;0;0;0;0;0;0;0;0;0;0;0;0;0;1;1;1;0;0,0;0;0;0;0;0;0;0;0;0;0;0;0;0;0;0;1;1;0;0,1.0;1.0;0.75;1.0;1.0;0.75;1.0;0.75;0.75;1.0;0.75;0.75;1.0;0.5;0.75;1.0;1.0;0.5;0.75;0.75,1037;871;866;1051;1002;1056;543;929;931;1030;990;1011;1051;721;751;967;1127;692;674;810,0.8375,905.5,0,0.0,0,1131,0,0,0,
qwen2.5:7b,Q4_K_M,5,non-ordered,math_bench_2,direct,True,none,solve,1.0,8192,60149,OSCAR CHARLIE UNIFORM,PORCUPINE,5,15,20,,20,1;1;1;1;1;1;1;1;1;1;1;1;1;1;1;1;1;1;1;1,,0.25;0.25;0.25;0.25;0.25;0.25;0.25;0.25;0.25;0.25;0.25;0.25;0.25;0.25;0.25;0.25;0.25;0.25;0.25;0.25,0;0;0;0;0;0;0;0;0;0;0;0;0;0;0;0;0;0;0;0,0.25,0.0,0,0.0,0,133,0,1,,
qwen2.5:7b,Q4_K_M,5,non-ordered,math_bench_4,cot,True,none,solve,1.0,8192,60149,OSCAR CHARLIE UNIFORM,PORCUPINE,5,15,20,8,10,0;1;1;1;1;0;1;1;0;0;0;1;0;1;0;1;1;0;0;0,1;0;1;0;1;0;1;0;0;0;0;1;0;1;0;1;1;0;0;0,0.75;0.5;0.25;0.5;0.5;0.5;1.0;0.25;0.25;0.5;0.75;0.25;0.5;0.5;0.75;0.25;1.0;0.5;1.0;0.75,1540;1055;1072;1352;1385;827;1496;851;1314;1352;1209;1102;1632;1331;1131;917;1122;1182;1291;1332,0.5625,1224.65,0,0.0,0,1136,0,1,0,
qwen2.5:7b,Q4_K_M,5,non-ordered,math_bench_4,direct,True,none,solve,1.0,8192,60149,OSCAR CHARLIE UNIFORM,PORCUPINE,5,15,20,,20,1;1;1;1;1;1;1;1;1;1;1;1;1;1;1;1;1;1;1;1,,0.0;0.25;0.25;0.0;0.0;0.25;0.0;0.25;0.0;0.0;0.0;0.0;0.0;0.25;0.25;0.0;0.0;0.25;0.0;0.25,0;0;0;0;0;0;0;0;0;0;0;0;0;0;0;0;0;0;0;0,0.1,0.0,0,0.0,0,133,0,1,,
qwen2.5:7b,Q4_K_M,5,non-ordered,math_bench_5,cot,True,none,solve,1.0,8192,60149,OSCAR CHARLIE UNIFORM,PORCUPINE,5,15,20,0,0,0;0;0;0;0;0;0;0;0;0;0;0;0;0;0;0;0;0;0;0,0;0;0;0;0;0;0;0;0;0;0;0;0;0;0;0;0;0;0;0,0.25;0.5;0.75;0.5;0.75;0.75;0.25;0.25;0.25;0.25;0.5;0.5;0.0;0.25;0.25;0.25;0.75;0.25;0.5;0.5,1330;1811;2436;1249;1438;1030;1187;1127;1761;1337;1659;1575;854;2111;1536;1167;1633;1680;1243;947,0.4125,1455.55,0,0.0,0,1932,0,0,0,
qwen2.5:7b,Q4_K_M,5,non-ordered,math_bench_5,direct,True,none,solve,1.0,8192,60149,OSCAR CHARLIE UNIFORM,PORCUPINE,5,15,20,,20,1;1;1;1;1;1;1;1;1;1;1;1;1;1;1;1;1;1;1;1,,0.0;0.0;0.25;0.0;0.0;0.25;0.0;0.0;0.0;0.0;0.0;0.0;0.0;0.0;0.0;0.0;0.0;0.0;0.0;0.0,0;0;0;0;0;0;0;0;0;0;0;0;0;0;0;0;0;0;0;0,0.025,0.0,0,0.0,0,132,0,1,,
qwen2.5:7b,Q4_K_M,5,non-ordered,trivial,cot,True,none,solve,1.0,8192,61114,YANKEE NOVEMBER JULIET,BAGPIPE,5,12,20,20,20,1;1;1;1;1;1;1;1;1;1;1;1;1;1;1;1;1;1;1;1,1;1;1;1;1;1;1;1;1;1;1;1;1;1;1;1;1;1;1;1,0.75;1.0;1.0;1.0;0.75;1.0;0.75;1.0;1.0;1.0;0.75;1.0;1.0;1.0;1.0;1.0;1.0;0.75;1.0;0.75,268;438;297;290;316;309;264;269;278;402;326;309;374;317;309;340;315;335;342;313,0.925,320.55,0,0.0,0,450,0,1,1,
qwen2.5:7b,Q4_K_M,5,non-ordered,trivial,direct,True,none,solve,1.0,8192,61114,YANKEE NOVEMBER JULIET,BAGPIPE,5,12,20,,20,1;1;1;1;1;1;1;1;1;1;1;1;1;1;1;1;1;1;1;1,,1.0;1.0;1.0;1.0;1.0;1.0;1.0;1.0;1.0;1.0;1.0;1.0;1.0;1.0;1.0;1.0;1.0;1.0;1.0;1.0,0;0;0;0;0;0;0;0;0;0;0;0;0;0;0;0;0;0;0;0,1.0,0.0,0,0.0,1,140,0,1,,
qwen2.5:7b,Q4_K_M,5,non-ordered,math_bench_2,cot,True,none,solve,1.0,8192,61149,PAPA KILO ROMEO,WALRUS,5,14,20,20,20,1;1;1;1;1;1;1;1;1;1;1;1;1;1;1;1;1;1;1;1,1;1;1;1;1;1;1;1;1;1;1;1;1;1;1;1;1;1;1;1,0.75;0.75;0.75;1.0;1.0;1.0;0.75;1.0;1.0;0.75;0.75;0.75;0.75;0.75;1.0;0.75;0.75;0.75;0.5;0.75,882;631;669;957;973;854;768;823;686;609;922;988;879;879;1095;852;715;750;381;761,0.8125,803.7,0,0.0,0,1096,0,1,1,
qwen2.5:7b,Q4_K_M,5,non-ordered,math_bench_2,direct,True,none,solve,1.0,8192,61149,PAPA KILO ROMEO,WALRUS,5,14,20,,20,1;1;1;1;1;1;1;1;1;1;1;1;1;1;1;1;1;1;1;1,,0.75;0.75;0.75;0.75;0.75;0.75;0.5;0.75;0.5;0.75;0.75;0.75;0.5;0.75;0.75;0.75;0.5;0.75;0.5;0.5,0;0;0;0;0;0;0;0;0;0;0;0;0;0;0;0;0;0;0;0,0.675,0.0,0,0.0,0,119,0,1,,
qwen2.5:7b,Q4_K_M,5,non-ordered,math_bench_4,cot,True,none,solve,1.0,8192,61149,PAPA KILO ROMEO,WALRUS,5,14,20,19,18,1;1;1;1;1;1;1;0;1;1;1;1;1;1;1;0;1;1;1;1,1;1;1;1;1;1;1;1;1;1;1;1;1;1;1;0;1;1;1;1,0.0;1.0;0.5;0.0;0.75;1.0;0.75;0.0;1.0;1.0;0.75;0.75;0.75;0.75;0.25;0.25;0.75;0.75;1.0;0.5,1171;1494;1149;1287;1260;1375;1524;1505;1516;1580;1204;964;1114;1413;1091;700;1415;1559;1262;1488,0.625,1303.55,0,0.0,0,2089,0,0,1,
qwen2.5:7b,Q4_K_M,5,non-ordered,math_bench_4,direct,True,none,solve,1.0,8192,61149,PAPA KILO ROMEO,WALRUS,5,14,20,,20,1;1;1;1;1;1;1;1;1;1;1;1;1;1;1;1;1;1;1;1,,0.5;0.0;0.0;0.25;0.25;0.25;0.0;0.5;0.0;0.25;0.0;0.0;0.0;0.0;0.0;0.0;0.0;0.25;0.0;0.0,0;0;0;0;0;0;0;0;0;0;0;0;0;0;0;0;0;0;0;0,0.1125,0.0,0,0.0,0,120,0,1,,
qwen2.5:7b,Q4_K_M,5,non-ordered,math_bench_5,cot,True,none,solve,1.0,8192,61149,PAPA KILO ROMEO,WALRUS,5,14,20,19,18,1;1;1;0;1;1;1;1;1;0;1;1;1;1;1;1;1;1;1;1,1;1;1;1;0;1;1;1;1;1;1;1;1;1;1;1;1;1;1;1,0.0;0.25;0.0;0.25;0.25;0.25;0.5;0.0;0.25;0.25;0.0;0.0;0.0;0.0;0.0;0.0;0.25;0.0;0.0;0.0,1331;800;1440;1876;1463;1446;1207;1065;1189;1539;1383;849;1117;1322;1561;1657;1602;1379;1630;928,0.1125,1339.2,0,0.0,0,1907,0,1,1,
qwen2.5:7b,Q4_K_M,5,non-ordered,math_bench_5,direct,True,none,solve,1.0,8192,61149,PAPA KILO ROMEO,WALRUS,5,14,20,,20,1;1;1;1;1;1;1;1;1;1;1;1;1;1;1;1;1;1;1;1,,0.0;0.0;0.0;0.0;0.0;0.0;0.0;0.0;0.0;0.0;0.0;0.25;0.0;0.0;0.0;0.5;0.0;0.0;0.0;0.0,0;0;0;0;0;0;0;0;0;0;0;0;0;0;0;0;0;0;0;0,0.0375,0.0,0,0.0,0,121,0,1,,
qwen2.5:7b,Q4_K_M,5,non-ordered,trivial,cot,True,none,solve,1.0,8192,62114,WHISKEY VICTOR HOTEL,PISTACHIO,5,14,20,20,20,1;1;1;1;1;1;1;1;1;1;1;1;1;1;1;1;1;1;1;1,1;1;1;1;1;1;1;1;1;1;1;1;1;1;1;1;1;1;1;1,1.0;1.0;1.0;1.0;1.0;1.0;1.0;1.0;0.75;1.0;1.0;1.0;1.0;1.0;1.0;1.0;0.5;1.0;1.0;1.0,435;274;307;310;290;323;307;350;391;307;318;330;335;325;356;313;371;274;307;384,0.9625,330.35,0,0.0,0,576,0,1,1,
qwen2.5:7b,Q4_K_M,5,non-ordered,trivial,direct,True,none,solve,1.0,8192,62114,WHISKEY VICTOR HOTEL,PISTACHIO,5,14,20,,20,1;1;1;1;1;1;1;1;1;1;1;1;1;1;1;1;1;1;1;1,,1.0;1.0;1.0;1.0;1.0;1.0;1.0;1.0;1.0;1.0;1.0;1.0;1.0;1.0;1.0;1.0;1.0;1.0;1.0;1.0,0;0;0;0;0;0;0;0;0;0;0;0;0;0;0;0;0;0;0;0,1.0,0.0,0,0.0,1,145,0,1,,
qwen2.5:7b,Q4_K_M,5,non-ordered,math_bench_2,cot,True,none,solve,1.0,8192,62149,YANKEE QUEBEC NOVEMBER,OPAL,5,15,20,16,19,1;1;1;1;1;1;0;1;1;1;1;1;1;1;1;1;1;1;1;1,1;0;1;1;1;0;0;1;1;1;1;1;1;1;1;1;1;1;1;0,1.0;0.75;0.75;0.75;1.0;1.0;0.75;0.75;1.0;1.0;0.75;0.75;0.5;0.75;1.0;1.0;1.0;1.0;0.75;1.0,1161;750;856;996;1213;721;969;1101;1121;836;989;1162;855;921;1223;911;913;1038;815;801,0.8625,967.6,0,0.0,0,1109,0,1,1,
qwen2.5:7b,Q4_K_M,5,non-ordered,math_bench_2,direct,True,none,solve,1.0,8192,62149,YANKEE QUEBEC NOVEMBER,OPAL,5,15,20,,20,1;1;1;1;1;1;1;1;1;1;1;1;1;1;1;1;1;1;1;1,,0.25;0.5;0.5;0.25;0.5;0.5;0.5;0.5;0.5;0.25;0.5;0.5;0.25;0.5;0.5;0.25;0.5;0.25;0.25;0.5,0;0;0;0;0;0;0;0;0;0;0;0;0;0;0;0;0;0;0;0,0.4125,0.0,0,0.0,0,130,0,1,,
qwen2.5:7b,Q4_K_M,5,non-ordered,math_bench_4,cot,True,none,solve,1.0,8192,62149,YANKEE QUEBEC NOVEMBER,OPAL,5,15,20,12,16,0;1;1;1;1;1;1;1;1;0;1;1;1;1;1;0;1;0;1;1,0;0;0;1;1;1;0;1;1;0;1;1;1;1;1;0;1;0;0;1,0.5;0.5;0.25;0.5;0.5;0.25;0.75;0.5;0.5;0.5;0.75;0.5;0.25;0.5;0.5;0.75;0.5;0.25;1.0;0.75,1677;979;944;988;1090;1943;1128;1163;1044;1248;666;1205;1308;1074;1015;959;1176;1621;1219;1670,0.525,1205.85,0,0.0,0,1462,0,1,1,
qwen2.5:7b,Q4_K_M,5,non-ordered,math_bench_4,direct,True,none,solve,1.0,8192,62149,YANKEE QUEBEC NOVEMBER,OPAL,5,15,20,,20,1;1;1;1;1;1;1;1;1;1;1;1;1;1;1;1;1;1;1;1,,0.25;0.25;0.25;0.25;0.25;0.25;0.25;0.0;0.25;0.25;0.25;0.25;0.25;0.25;0.25;0.25;0.25;0.25;0.25;0.25,0;0;0;0;0;0;0;0;0;0;0;0;0;0;0;0;0;0;0;0,0.2375,0.0,0,0.0,0,128,0,1,,
qwen2.5:7b,Q4_K_M,5,non-ordered,math_bench_5,cot,True,none,solve,1.0,8192,62149,YANKEE QUEBEC NOVEMBER,OPAL,5,15,20,8,10,1;0;1;1;1;0;0;1;0;1;0;0;1;0;1;1;0;0;1;0,1;0;1;1;1;0;0;1;0;1;0;0;0;0;1;0;0;0;1;0,0.75;0.5;0.5;0.25;0.75;0.5;0.25;0.75;0.25;0.5;0.25;0.5;0.5;0.25;0.75;0.75;0.75;0.25;0.5;0.0,1789;1447;1851;1414;2185;1281;1551;1321;1481;1855;1149;1759;1854;1359;1877;2149;1542;1802;1563;1292,0.475,1626.05,0,0.0,0,2161,0,0,1,
qwen2.5:7b,Q4_K_M,5,non-ordered,math_bench_5,direct,True,none,solve,1.0,8192,62149,YANKEE QUEBEC NOVEMBER,OPAL,5,15,20,,19,1;1;1;1;1;1;1;1;1;1;1;1;0;1;1;1;1;1;1;1,,0.0;0.0;0.0;0.25;0.0;0.0;0.0;0.0;0.0;0.0;0.0;0.0;0.0;0.0;0.0;0.0;0.0;0.0;0.0;0.25,0;0;0;0;0;0;0;0;0;0;0;0;0;0;0;0;0;0;0;0,0.025,0.0,0,0.0,0,130,0,1,,
qwen2.5:7b,Q4_K_M,5,non-ordered,trivial,cot,True,none,solve,1.0,8192,63114,KILO CHARLIE TANGO,UMBRELLA,5,15,20,19,19,1;1;1;1;1;1;1;1;1;1;1;0;1;1;1;1;1;1;1;1,1;1;1;1;1;1;1;1;1;1;1;0;1;1;1;1;1;1;1;1,0.75;1.0;0.75;1.0;0.75;0.75;1.0;1.0;1.0;1.0;0.75;0.75;0.75;1.0;0.75;1.0;1.0;1.0;0.75;1.0,350;348;220;309;320;297;340;322;437;422;198;381;289;520;246;318;360;356;255;333,0.8875,331.05,0,0.0,0,446,0,1,1,
qwen2.5:7b,Q4_K_M,5,non-ordered,trivial,direct,True,none,solve,1.0,8192,63114,KILO CHARLIE TANGO,UMBRELLA,5,15,20,,20,1;1;1;1;1;1;1;1;1;1;1;1;1;1;1;1;1;1;1;1,,1.0;1.0;1.0;1.0;1.0;1.0;1.0;1.0;1.0;1.0;1.0;1.0;1.0;1.0;1.0;1.0;1.0;1.0;1.0;1.0,0;0;0;0;0;0;0;0;0;0;0;0;0;0;0;0;0;0;0;0,1.0,0.0,0,0.0,1,139,0,1,,
qwen2.5:7b,Q4_K_M,5,non-ordered,math_bench_2,cot,True,none,solve,1.0,8192,63149,ECHO HOTEL QUEBEC,VULTURE,5,12,20,20,20,1;1;1;1;1;1;1;1;1;1;1;1;1;1;1;1;1;1;1;1,1;1;1;1;1;1;1;1;1;1;1;1;1;1;1;1;1;1;1;1,1.0;0.75;0.5;0.5;0.5;1.0;1.0;0.75;0.5;0.5;0.5;0.5;1.0;1.0;0.25;1.0;0.75;0.75;0.5;0.25,689;1035;964;638;1051;936;948;873;631;740;612;761;870;877;676;759;923;805;568;611,0.675,798.35,0,0.0,0,809,0,1,1,
qwen2.5:7b,Q4_K_M,5,non-ordered,math_bench_2,direct,True,none,solve,1.0,8192,63149,ECHO HOTEL QUEBEC,VULTURE,5,12,20,,20,1;1;1;1;1;1;1;1;1;1;1;1;1;1;1;1;1;1;1;1,,0.5;0.5;0.5;0.25;0.25;0.25;0.5;0.5;0.25;0.5;0.25;0.25;0.5;0.5;0.25;0.5;0.5;0.5;0.5;0.25,0;0;0;0;0;0;0;0;0;0;0;0;0;0;0;0;0;0;0;0,0.4,0.0,0,0.0,0,130,0,1,,
qwen2.5:7b,Q4_K_M,5,non-ordered,math_bench_4,cot,True,none,solve,1.0,8192,63149,ECHO HOTEL QUEBEC,VULTURE,5,12,20,19,20,1;1;1;1;1;1;1;1;1;1;1;1;1;1;1;1;1;1;1;1,1;1;1;1;1;1;1;1;1;1;1;0;1;1;1;1;1;1;1;1,0.5;0.25;0.5;0.25;0.5;0.25;0.5;0.5;0.25;0.5;0.0;0.25;0.25;0.25;0.25;0.75;0.5;0.5;0.5;0.25,1052;941;983;876;1298;641;2132;1516;1151;1706;1659;981;1039;1002;505;1366;1501;1790;1096;1321,0.375,1227.8,0,0.0,0,1285,0,1,1,
qwen2.5:7b,Q4_K_M,5,non-ordered,math_bench_4,direct,True,none,solve,1.0,8192,63149,ECHO HOTEL QUEBEC,VULTURE,5,12,20,,20,1;1;1;1;1;1;1;1;1;1;1;1;1;1;1;1;1;1;1;1,,0.0;0.0;0.0;0.0;0.0;0.0;0.0;0.0;0.0;0.0;0.0;0.0;0.0;0.25;0.0;0.0;0.0;0.0;0.0;0.0,0;0;0;0;0;0;0;0;0;0;0;0;0;0;0;0;0;0;0;0,0.0125,0.0,0,0.0,0,129,0,1,,
qwen2.5:7b,Q4_K_M,5,non-ordered,math_bench_5,cot,True,none,solve,1.0,8192,63149,ECHO HOTEL QUEBEC,VULTURE,5,12,20,20,20,1;1;1;1;1;1;1;1;1;1;1;1;1;1;1;1;1;1;1;1,1;1;1;1;1;1;1;1;1;1;1;1;1;1;1;1;1;1;1;1,0.0;0.0;0.0;0.25;0.0;0.25;0.0;0.0;0.25;0.0;0.0;0.25;0.5;0.0;0.0;0.0;0.0;0.0;0.5;0.0,2078;1265;1699;1081;1227;1545;1354;1032;1426;1918;1196;1126;1513;1368;827;878;1357;2393;2991;1596,0.1,1493.5,0,0.0,0,1513,0,1,1,
qwen2.5:7b,Q4_K_M,5,non-ordered,math_bench_5,direct,True,none,solve,1.0,8192,63149,ECHO HOTEL QUEBEC,VULTURE,5,12,20,,20,1;1;1;1;1;1;1;1;1;1;1;1;1;1;1;1;1;1;1;1,,0.0;0.0;0.25;0.25;0.0;0.25;0.0;0.0;0.0;0.0;0.0;0.25;0.0;0.25;0.0;0.0;0.0;0.25;0.0;0.0,0;0;0;0;0;0;0;0;0;0;0;0;0;0;0;0;0;0;0;0,0.075,0.0,0,0.0,0,126,0,1,,
qwen2.5:7b,Q4_K_M,5,non-ordered,trivial,cot,True,none,solve,1.0,8192,64114,UNIFORM XRAY QUEBEC,GONDOLA,5,12,20,20,20,1;1;1;1;1;1;1;1;1;1;1;1;1;1;1;1;1;1;1;1,1;1;1;1;1;1;1;1;1;1;1;1;1;1;1;1;1;1;1;1,0.5;0.5;0.5;0.5;0.5;0.5;0.5;0.5;0.5;0.5;0.5;0.5;0.5;0.5;0.5;0.5;0.5;0.5;0.5;0.5,176;169;209;224;246;265;329;253;230;296;274;207;247;205;232;210;229;269;284;185,0.5,236.95,0,0.0,0,493,0,1,1,
qwen2.5:7b,Q4_K_M,5,non-ordered,trivial,direct,True,none,solve,1.0,8192,64114,UNIFORM XRAY QUEBEC,GONDOLA,5,12,20,,20,1;1;1;1;1;1;1;1;1;1;1;1;1;1;1;1;1;1;1;1,,1.0;1.0;1.0;1.0;1.0;1.0;1.0;1.0;1.0;1.0;1.0;1.0;1.0;1.0;1.0;1.0;1.0;1.0;1.0;1.0,0;0;0;0;0;0;0;0;0;0;0;0;0;0;0;0;0;0;0;0,1.0,0.0,0,0.0,1,133,0,1,,
qwen2.5:7b,Q4_K_M,5,non-ordered,math_bench_2,cot,True,none,solve,1.0,8192,64149,HOTEL CHARLIE WHISKEY,CATAPULT,5,14,20,20,20,1;1;1;1;1;1;1;1;1;1;1;1;1;1;1;1;1;1;1;1,1;1;1;1;1;1;1;1;1;1;1;1;1;1;1;1;1;1;1;1,0.25;0.5;0.25;0.25;0.5;0.25;0.25;0.5;0.25;0.25;0.5;0.25;0.5;0.25;0.5;0.25;0.5;0.25;0.25;0.5,1014;1052;813;857;1107;1193;1002;1154;892;577;1101;708;734;587;1142;738;1119;1201;762;1066,0.35,940.95,0,0.0,0,1129,0,1,1,
qwen2.5:7b,Q4_K_M,5,non-ordered,math_bench_2,direct,True,none,solve,1.0,8192,64149,HOTEL CHARLIE WHISKEY,CATAPULT,5,14,20,,20,1;1;1;1;1;1;1;1;1;1;1;1;1;1;1;1;1;1;1;1,,0.25;0.25;0.25;0.25;0.25;0.0;0.25;0.0;0.25;0.0;0.25;0.25;0.25;0.0;0.25;0.25;0.0;0.25;0.25;0.25,0;0;0;0;0;0;0;0;0;0;0;0;0;0;0;0;0;0;0;0,0.1875,0.0,0,0.0,0,128,0,1,,
qwen2.5:7b,Q4_K_M,5,non-ordered,math_bench_4,cot,True,none,solve,1.0,8192,64149,HOTEL CHARLIE WHISKEY,CATAPULT,5,14,20,20,20,1;1;1;1;1;1;1;1;1;1;1;1;1;1;1;1;1;1;1;1,1;1;1;1;1;1;1;1;1;1;1;1;1;1;1;1;1;1;1;1,0.5;0.75;0.5;0.5;0.5;0.5;0.5;0.5;0.5;0.75;0.5;0.5;0.25;0.5;1.0;0.5;0.5;0.5;0.5;0.75,952;728;844;770;1013;924;808;882;1059;688;953;741;829;799;1801;1031;673;989;834;1009,0.55,916.35,0,0.0,0,654,0,1,1,
qwen2.5:7b,Q4_K_M,5,non-ordered,math_bench_4,direct,True,none,solve,1.0,8192,64149,HOTEL CHARLIE WHISKEY,CATAPULT,5,14,20,,20,1;1;1;1;1;1;1;1;1;1;1;1;1;1;1;1;1;1;1;1,,0.5;0.25;0.5;0.5;0.0;0.25;0.25;0.25;0.25;0.25;0.25;0.5;0.25;0.25;0.25;0.25;0.0;0.0;0.5;0.25,0;0;0;0;0;0;0;0;0;0;0;0;0;0;0;0;0;0;0;0,0.275,0.0,0,0.0,0,127,0,1,,
qwen2.5:7b,Q4_K_M,5,non-ordered,math_bench_5,cot,True,none,solve,1.0,8192,64149,HOTEL CHARLIE WHISKEY,CATAPULT,5,14,20,15,16,1;1;1;1;1;1;0;1;1;1;1;0;1;1;1;1;0;1;0;1,1;1;1;0;1;1;0;1;1;1;1;0;1;1;1;1;0;1;0;1,0.25;0.5;0.0;0.25;0.25;0.25;1.0;0.5;0.25;0.5;0.5;1.0;0.75;0.25;0.5;0.0;0.5;0.25;0.25;0.5,1743;902;533;795;932;558;1239;932;681;903;1484;1644;1718;558;1053;920;1032;1080;985;1367,0.4125,1052.95,0,0.0,0,928,0,1,1,
qwen2.5:7b,Q4_K_M,5,non-ordered,math_bench_5,direct,True,none,solve,1.0,8192,64149,HOTEL CHARLIE WHISKEY,CATAPULT,5,14,20,,20,1;1;1;1;1;1;1;1;1;1;1;1;1;1;1;1;1;1;1;1,,0.25;0.25;0.25;0.25;0.25;0.25;0.25;0.25;0.25;0.25;0.25;0.25;0.25;0.25;0.25;0.25;0.25;0.25;0.25;0.25,0;0;0;0;0;0;0;0;0;0;0;0;0;0;0;0;0;0;0;0,0.25,0.0,0,0.0,0,126,0,1,,
qwen2.5:7b,Q4_K_M,5,non-ordered,trivial,cot,True,none,solve,1.0,8192,65114,HOTEL JULIET XRAY,YACHT,5,12,20,20,20,1;1;1;1;1;1;1;1;1;1;1;1;1;1;1;1;1;1;1;1,1;1;1;1;1;1;1;1;1;1;1;1;1;1;1;1;1;1;1;1,1.0;1.0;0.75;1.0;1.0;1.0;1.0;1.0;1.0;1.0;0.75;1.0;1.0;1.0;1.0;1.0;1.0;1.0;1.0;1.0,340;342;346;383;264;385;264;616;323;264;259;347;264;351;313;398;357;332;312;302,0.975,338.1,0,0.0,0,445,0,1,1,
qwen2.5:7b,Q4_K_M,5,non-ordered,trivial,direct,True,none,solve,1.0,8192,65114,HOTEL JULIET XRAY,YACHT,5,12,20,,20,1;1;1;1;1;1;1;1;1;1;1;1;1;1;1;1;1;1;1;1,,1.0;1.0;1.0;1.0;1.0;1.0;1.0;1.0;1.0;1.0;1.0;1.0;1.0;1.0;1.0;1.0;1.0;1.0;1.0;1.0,0;0;0;0;0;0;0;0;0;0;0;0;0;0;0;0;0;0;0;0,1.0,0.0,0,0.0,1,135,0,1,,
qwen2.5:7b,Q4_K_M,5,non-ordered,math_bench_2,cot,True,none,solve,1.0,8192,65149,WHISKEY FOXTROT QUEBEC,TANGERINE,5,15,20,17,19,1;1;1;1;1;1;1;0;1;1;1;1;1;1;1;1;1;1;1;1,1;1;1;1;1;1;0;1;1;0;1;0;1;1;1;1;1;1;1;1,0.75;1.0;0.75;0.75;0.75;1.0;1.0;0.5;1.0;1.0;1.0;1.0;0.75;0.75;1.0;1.0;0.75;0.75;0.75;0.75,904;880;877;863;1008;598;549;550;975;540;676;514;733;636;992;837;615;638;540;702,0.85,731.35,0,0.0,0,936,0,1,1,
qwen2.5:7b,Q4_K_M,5,non-ordered,math_bench_2,direct,True,none,solve,1.0,8192,65149,WHISKEY FOXTROT QUEBEC,TANGERINE,5,15,20,,20,1;1;1;1;1;1;1;1;1;1;1;1;1;1;1;1;1;1;1;1,,0.75;0.75;0.75;0.75;0.75;0.75;0.75;0.75;0.75;0.75;0.75;0.75;0.75;0.75;0.75;0.75;0.75;0.75;0.75;0.75,0;0;0;0;0;0;0;0;0;0;0;0;0;0;0;0;0;0;0;0,0.75,0.0,0,0.0,0,140,0,1,,
qwen2.5:7b,Q4_K_M,5,non-ordered,math_bench_4,cot,True,none,solve,1.0,8192,65149,WHISKEY FOXTROT QUEBEC,TANGERINE,5,15,20,20,17,1;0;1;1;1;1;1;1;0;1;1;1;1;1;1;1;1;0;1;1,1;1;1;1;1;1;1;1;1;1;1;1;1;1;1;1;1;1;1;1,0.75;0.75;0.5;0.75;0.75;1.0;1.0;0.75;1.0;0.75;1.0;1.0;0.5;0.75;1.0;0.5;1.0;0.25;0.75;1.0,834;1709;1430;1617;1783;1488;1442;1798;1529;1917;1385;1419;1027;1289;1910;1839;1859;1148;2024;1391,0.7875,1541.9,0,0.0,0,2435,0,1,1,
qwen2.5:7b,Q4_K_M,5,non-ordered,math_bench_4,direct,True,none,solve,1.0,8192,65149,WHISKEY FOXTROT QUEBEC,TANGERINE,5,15,20,,20,1;1;1;1;1;1;1;1;1;1;1;1;1;1;1;1;1;1;1;1,,0.25;0.25;0.25;0.5;0.25;0.5;0.25;0.5;0.5;0.25;0.5;0.5;0.25;0.5;0.5;0.5;0.5;0.5;0.25;0.5,0;0;0;0;0;0;0;0;0;0;0;0;0;0;0;0;0;0;0;0,0.4,0.0,0,0.0,0,136,0,1,,
qwen2.5:7b,Q4_K_M,5,non-ordered,math_bench_5,cot,True,none,solve,1.0,8192,65149,WHISKEY FOXTROT QUEBEC,TANGERINE,5,15,20,20,18,1;1;1;1;1;0;1;1;0;1;1;1;1;1;1;1;1;1;1;1,1;1;1;1;1;1;1;1;1;1;1;1;1;1;1;1;1;1;1;1,0.25;0.75;0.25;0.25;0.5;0.25;0.25;0.0;0.0;0.75;0.25;0.25;0.0;0.75;0.75;0.25;0.5;0.75;0.5;0.5,1482;2202;1288;2260;1659;1942;1391;1432;1497;1699;1691;1434;1435;1964;1741;1713;1339;2130;1672;2015,0.3875,1699.3,0,0.0,0,2487,0,1,1,
qwen2.5:7b,Q4_K_M,5,non-ordered,math_bench_5,direct,True,none,solve,1.0,8192,65149,WHISKEY FOXTROT QUEBEC,TANGERINE,5,15,20,,20,1;1;1;1;1;1;1;1;1;1;1;1;1;1;1;1;1;1;1;1,,0.25;0.5;0.25;0.25;0.25;0.0;0.0;0.0;0.25;0.25;0.25;0.25;0.5;0.25;0.0;0.0;0.25;0.5;0.5;0.25,0;0;0;0;0;0;0;0;0;0;0;0;0;0;0;0;0;0;0;0,0.2375,0.0,0,0.0,0,136,0,1,,
qwen2.5:7b,Q4_K_M,5,non-ordered,trivial,cot,True,none,solve,1.0,8192,66114,ECHO OSCAR ZULU,JIGSAW,5,15,20,20,20,1;1;1;1;1;1;1;1;1;1;1;1;1;1;1;1;1;1;1;1,1;1;1;1;1;1;1;1;1;1;1;1;1;1;1;1;1;1;1;1,0.75;0.75;0.75;0.75;0.75;0.75;0.75;0.75;0.75;0.75;0.75;0.75;0.75;0.75;0.75;0.75;0.75;0.75;0.75;0.75,277;313;370;305;328;296;373;252;252;261;274;252;277;252;290;252;377;255;279;252,0.75,289.35,0,0.0,0,483,0,1,1,
qwen2.5:7b,Q4_K_M,5,non-ordered,trivial,direct,True,none,solve,1.0,8192,66114,ECHO OSCAR ZULU,JIGSAW,5,15,20,,20,1;1;1;1;1;1;1;1;1;1;1;1;1;1;1;1;1;1;1;1,,1.0;1.0;1.0;1.0;1.0;1.0;1.0;1.0;1.0;1.0;1.0;1.0;1.0;1.0;1.0;1.0;1.0;1.0;1.0;1.0,0;0;0;0;0;0;0;0;0;0;0;0;0;0;0;0;0;0;0;0,1.0,0.0,0,0.0,1,135,0,1,,
qwen2.5:7b,Q4_K_M,5,non-ordered,math_bench_2,cot,True,none,solve,1.0,8192,66149,ALPHA JULIET OSCAR,WALNUT,5,14,20,14,14,0;1;1;1;1;1;1;0;1;0;1;1;1;0;1;0;1;1;0;1,0;1;0;1;1;1;0;0;1;1;1;1;1;0;1;1;1;1;0;1,0.75;0.75;0.75;0.75;0.5;0.75;0.75;0.75;0.25;0.75;0.75;0.75;0.75;0.75;0.75;0.75;0.75;0.75;1.0;0.75,912;749;1683;803;1101;705;954;1015;1090;1370;894;763;923;988;854;1168;858;905;1317;680,0.725,986.6,0,0.0,0,1121,0,1,1,
qwen2.5:7b,Q4_K_M,5,non-ordered,math_bench_2,direct,True,none,solve,1.0,8192,66149,ALPHA JULIET OSCAR,WALNUT,5,14,20,,20,1;1;1;1;1;1;1;1;1;1;1;1;1;1;1;1;1;1;1;1,,0.5;0.25;0.25;0.25;0.5;0.0;0.5;0.0;0.5;0.25;0.25;0.0;0.0;0.25;0.25;0.5;0.25;0.5;0.0;0.25,0;0;0;0;0;0;0;0;0;0;0;0;0;0;0;0;0;0;0;0,0.2625,0.0,0,0.0,0,126,0,1,,
qwen2.5:7b,Q4_K_M,5,non-ordered,math_bench_4,cot,True,none,solve,1.0,8192,66149,ALPHA JULIET OSCAR,WALNUT,5,14,20,14,14,1;1;1;1;1;0;0;0;1;1;1;0;1;1;0;1;1;1;1;0,1;1;0;1;1;0;0;1;1;1;1;0;1;1;0;1;1;1;1;0,0.5;0.5;0.5;0.5;0.75;0.5;0.5;0.5;0.5;0.75;0.5;0.5;0.25;0.5;0.5;0.5;0.75;0.5;0.5;0.5,1287;1168;1278;1069;1264;1007;999;1512;1536;1400;1249;942;1103;1305;1134;1275;1180;1237;1388;1342,0.525,1233.75,0,0.0,0,1358,0,1,1,
qwen2.5:7b,Q4_K_M,5,non-ordered,math_bench_4,direct,True,none,solve,1.0,8192,66149,ALPHA JULIET OSCAR,WALNUT,5,14,20,,20,1;1;1;1;1;1;1;1;1;1;1;1;1;1;1;1;1;1;1;1,,0.0;0.25;0.0;0.0;0.0;0.0;0.25;0.0;0.25;0.25;0.0;0.0;0.0;0.0;0.0;0.0;0.0;0.25;0.25;0.25,0;0;0;0;0;0;0;0;0;0;0;0;0;0;0;0;0;0;0;0,0.0875,0.0,0,0.0,0,124,0,1,,
qwen2.5:7b,Q4_K_M,5,non-ordered,math_bench_5,cot,True,none,solve,1.0,8192,66149,ALPHA JULIET OSCAR,WALNUT,5,14,20,16,15,0;1;0;1;1;0;1;1;1;1;1;0;1;1;1;1;1;0;1;1,0;1;0;1;1;0;1;1;1;1;1;0;1;1;1;1;1;1;1;1,0.5;0.5;0.75;0.75;0.5;0.5;0.0;0.5;0.25;0.75;0.5;0.5;0.5;0.5;0.5;0.0;0.0;0.5;0.0;0.75,1751;1129;1656;1486;1465;1591;1528;1258;1509;1703;1141;2001;1256;1940;1560;926;1173;1491;1038;1592,0.4375,1459.7,0,0.0,0,1401,0,1,1,
qwen2.5:7b,Q4_K_M,5,non-ordered,math_bench_5,direct,True,none,solve,1.0,8192,66149,ALPHA JULIET OSCAR,WALNUT,5,14,20,,20,1;1;1;1;1;1;1;1;1;1;1;1;1;1;1;1;1;1;1;1,,0.25;0.25;0.5;0.25;0.25;0.5;0.25;0.5;0.5;0.25;0.25;0.25;0.25;0.25;0.25;0.5;0.5;0.25;0.25;0.0,0;0;0;0;0;0;0;0;0;0;0;0;0;0;0;0;0;0;0;0,0.3125,0.0,0,0.0,0,123,0,1,,
qwen2.5:7b,Q4_K_M,5,non-ordered,trivial,cot,True,none,solve,1.0,8192,67114,DELTA PAPA ALPHA,UMBRELLA,5,15,20,20,20,1;1;1;1;1;1;1;1;1;1;1;1;1;1;1;1;1;1;1;1,1;1;1;1;1;1;1;1;1;1;1;1;1;1;1;1;1;1;1;1,1.0;1.0;1.0;1.0;1.0;1.0;0.75;1.0;1.0;1.0;1.0;1.0;1.0;1.0;1.0;1.0;1.0;1.0;1.0;1.0,345;306;365;294;302;282;386;299;273;371;309;317;432;299;384;305;321;316;300;282,0.9875,324.4,0,0.0,0,552,0,1,1,
qwen2.5:7b,Q4_K_M,5,non-ordered,trivial,direct,True,none,solve,1.0,8192,67114,DELTA PAPA ALPHA,UMBRELLA,5,15,20,,20,1;1;1;1;1;1;1;1;1;1;1;1;1;1;1;1;1;1;1;1,,1.0;1.0;1.0;1.0;1.0;1.0;1.0;1.0;1.0;1.0;1.0;1.0;1.0;1.0;1.0;1.0;1.0;1.0;1.0;1.0,0;0;0;0;0;0;0;0;0;0;0;0;0;0;0;0;0;0;0;0,1.0,0.0,0,0.0,1,138,0,1,,
qwen2.5:7b,Q4_K_M,5,non-ordered,math_bench_2,cot,True,none,solve,1.0,8192,67149,HOTEL WHISKEY OSCAR,ORCHID,5,15,20,10,11,1;1;1;0;1;0;0;1;1;1;1;0;1;1;1;0;0;0;0;0,1;0;1;1;1;0;0;1;0;1;1;0;1;1;1;0;0;0;0;0,0.5;0.5;0.25;0.75;0.75;0.25;0.5;0.5;0.75;0.5;0.5;1.0;0.75;0.25;0.5;1.0;0.5;0.5;0.25;0.75,1159;1079;1132;1131;1130;637;2023;1086;1389;1010;1213;1389;1192;1590;1048;1348;975;1195;1699;1311,0.5625,1236.8,0,0.0,0,1950,0,1,1,
qwen2.5:7b,Q4_K_M,5,non-ordered,math_bench_2,direct,True,none,solve,1.0,8192,67149,HOTEL WHISKEY OSCAR,ORCHID,5,15,20,,20,1;1;1;1;1;1;1;1;1;1;1;1;1;1;1;1;1;1;1;1,,0.25;0.25;0.0;0.25;0.25;0.0;0.25;0.25;0.25;0.0;0.25;0.25;0.25;0.25;0.5;0.25;0.25;0.25;0.25;0.25,0;0;0;0;0;0;0;0;0;0;0;0;0;0;0;0;0;0;0;0,0.225,0.0,0,0.0,0,129,0,1,,
qwen2.5:7b,Q4_K_M,5,non-ordered,math_bench_4,cot,True,none,solve,1.0,8192,67149,HOTEL WHISKEY OSCAR,ORCHID,5,15,20,16,14,0;1;1;1;1;0;1;0;0;1;0;1;0;1;1;1;1;1;1;1,0;1;0;1;1;1;1;0;1;1;0;1;1;1;1;1;1;1;1;1,0.75;0.5;0.5;0.5;0.75;0.75;0.75;0.75;0.75;0.75;0.5;0.75;0.75;0.5;0.75;0.75;0.75;0.5;0.75;0.75,918;1231;1310;1347;1363;1023;1184;1174;1748;977;1017;1305;1575;1128;1232;1433;1121;1086;1037;995,0.675,1210.2,0,0.0,0,1927,0,0,0,
qwen2.5:7b,Q4_K_M,5,non-ordered,math_bench_4,direct,True,none,solve,1.0,8192,67149,HOTEL WHISKEY OSCAR,ORCHID,5,15,20,,20,1;1;1;1;1;1;1;1;1;1;1;1;1;1;1;1;1;1;1;1,,0.5;0.25;0.25;0.25;0.0;0.5;0.25;0.5;0.0;0.25;0.25;0.0;0.5;0.0;0.0;0.5;0.25;0.0;0.5;0.25,0;0;0;0;0;0;0;0;0;0;0;0;0;0;0;0;0;0;0;0,0.25,0.0,0,0.0,0,124,0,1,,
qwen2.5:7b,Q4_K_M,5,non-ordered,math_bench_5,cot,True,none,solve,1.0,8192,67149,HOTEL WHISKEY OSCAR,ORCHID,5,15,20,15,12,1;0;1;0;1;1;0;1;0;1;1;1;0;0;1;0;1;0;1;1,1;0;1;0;1;0;1;1;1;1;1;1;0;1;1;1;1;0;1;1,0.0;0.25;0.0;0.0;0.5;0.0;0.25;0.0;0.0;0.25;0.25;0.5;0.0;0.25;0.5;0.25;0.25;0.0;0.5;0.25,1316;1362;1411;1937;1680;948;1860;812;2791;1949;1363;2144;2118;2452;1997;2175;2017;2209;1956;1368,0.2,1793.25,0,0.0,0,2153,0,1,1,
qwen2.5:7b,Q4_K_M,5,non-ordered,math_bench_5,direct,True,none,solve,1.0,8192,67149,HOTEL WHISKEY OSCAR,ORCHID,5,15,20,,20,1;1;1;1;1;1;1;1;1;1;1;1;1;1;1;1;1;1;1;1,,0.0;0.0;0.0;0.0;0.0;0.0;0.0;0.0;0.0;0.0;0.0;0.0;0.0;0.0;0.0;0.0;0.0;0.0;0.0;0.0,0;0;0;0;0;0;0;0;0;0;0;0;0;0;0;0;0;0;0;0,0.0,0.0,0,0.0,0,129,0,1,,
qwen2.5:7b,Q4_K_M,5,non-ordered,trivial,cot,True,none,solve,1.0,8192,68114,ECHO ALPHA LIMA,METRONOME,5,11,20,20,20,1;1;1;1;1;1;1;1;1;1;1;1;1;1;1;1;1;1;1;1,1;1;1;1;1;1;1;1;1;1;1;1;1;1;1;1;1;1;1;1,1.0;1.0;0.5;1.0;1.0;1.0;1.0;1.0;1.0;1.0;1.0;1.0;1.0;1.0;1.0;1.0;1.0;1.0;1.0;1.0,234;263;321;262;269;294;262;262;355;390;358;362;341;385;430;326;262;262;393;303,0.975,316.7,0,0.0,0,515,0,1,1,
qwen2.5:7b,Q4_K_M,5,non-ordered,trivial,direct,True,none,solve,1.0,8192,68114,ECHO ALPHA LIMA,METRONOME,5,11,20,,20,1;1;1;1;1;1;1;1;1;1;1;1;1;1;1;1;1;1;1;1,,1.0;1.0;1.0;1.0;1.0;1.0;1.0;1.0;1.0;1.0;1.0;1.0;1.0;1.0;1.0;1.0;1.0;1.0;1.0;1.0,0;0;0;0;0;0;0;0;0;0;0;0;0;0;0;0;0;0;0;0,1.0,0.0,0,0.0,1,133,0,1,,
qwen2.5:7b,Q4_K_M,5,non-ordered,math_bench_2,cot,True,none,solve,1.0,8192,68149,VICTOR ECHO LIMA,BLIZZARD,5,10,20,19,20,1;1;1;1;1;1;1;1;1;1;1;1;1;1;1;1;1;1;1;1,1;1;1;1;1;1;1;1;1;1;0;1;1;1;1;1;1;1;1;1,1.0;0.75;1.0;1.0;0.75;1.0;0.75;0.5;1.0;1.0;0.75;0.75;0.75;0.75;1.0;1.0;0.75;0.75;0.5;0.75,1261;987;1124;1212;1197;1159;1181;672;1205;1081;528;1242;1216;921;816;1098;1322;946;868;1375,0.825,1070.55,0,0.0,0,1136,0,1,1,
qwen2.5:7b,Q4_K_M,5,non-ordered,math_bench_2,direct,True,none,solve,1.0,8192,68149,VICTOR ECHO LIMA,BLIZZARD,5,10,20,,20,1;1;1;1;1;1;1;1;1;1;1;1;1;1;1;1;1;1;1;1,,0.5;0.5;0.5;0.5;0.5;0.5;0.5;0.5;0.5;0.5;0.5;0.5;0.5;0.5;0.5;0.5;0.5;0.75;0.5;0.75,0;0;0;0;0;0;0;0;0;0;0;0;0;0;0;0;0;0;0;0,0.525,0.0,0,0.0,0,125,0,1,,
qwen2.5:7b,Q4_K_M,5,non-ordered,math_bench_4,cot,True,none,solve,1.0,8192,68149,VICTOR ECHO LIMA,BLIZZARD,5,10,20,20,20,1;1;1;1;1;1;1;1;1;1;1;1;1;1;1;1;1;1;1;1,1;1;1;1;1;1;1;1;1;1;1;1;1;1;1;1;1;1;1;1,0.75;0.25;0.75;0.5;0.25;0.5;0.5;0.75;0.5;0.25;0.25;0.75;1.0;0.75;0.5;1.0;0.25;0.75;0.5;0.5,1279;805;1096;1808;1334;1144;758;1312;1318;1296;1126;1421;1547;1093;932;1665;1634;1817;1050;1137,0.5625,1278.6,0,0.0,0,1283,0,1,1,
qwen2.5:7b,Q4_K_M,5,non-ordered,math_bench_4,direct,True,none,solve,1.0,8192,68149,VICTOR ECHO LIMA,BLIZZARD,5,10,20,,20,1;1;1;1;1;1;1;1;1;1;1;1;1;1;1;1;1;1;1;1,,0.25;0.0;0.0;0.25;0.0;0.5;0.0;0.25;0.25;0.0;0.25;0.25;0.0;0.0;0.0;0.0;0.0;0.25;0.0;0.25,0;0;0;0;0;0;0;0;0;0;0;0;0;0;0;0;0;0;0;0,0.125,0.0,0,0.0,0,127,0,1,,
qwen2.5:7b,Q4_K_M,5,non-ordered,math_bench_5,cot,True,none,solve,1.0,8192,68149,VICTOR ECHO LIMA,BLIZZARD,5,10,20,19,17,1;1;1;1;1;0;1;1;1;1;1;1;1;0;0;1;1;1;1;1,1;1;1;1;1;0;1;1;1;1;1;1;1;1;1;1;1;1;1;1,0.25;0.5;0.5;0.5;0.5;0.25;0.5;0.25;0.25;0.5;0.25;0.5;0.5;0.5;0.5;0.5;0.5;0.5;0.25;0.5,1036;1200;1320;951;1026;660;1043;923;1073;1111;1282;1225;1086;950;1107;1203;1141;1030;953;746,0.425,1053.3,0,0.0,0,1048,0,1,1,
qwen2.5:7b,Q4_K_M,5,non-ordered,math_bench_5,direct,True,none,solve,1.0,8192,68149,VICTOR ECHO LIMA,BLIZZARD,5,10,20,,20,1;1;1;1;1;1;1;1;1;1;1;1;1;1;1;1;1;1;1;1,,0.0;0.0;0.0;0.0;0.0;0.0;0.0;0.0;0.0;0.0;0.0;0.0;0.0;0.0;0.0;0.0;0.0;0.0;0.0;0.0,0;0;0;0;0;0;0;0;0;0;0;0;0;0;0;0;0;0;0;0,0.0,0.0,0,0.0,0,127,0,1,,
qwen2.5:7b,Q4_K_M,5,non-ordered,trivial,cot,True,none,solve,1.0,8192,69114,GOLF BRAVO XRAY,PELICAN,5,15,20,20,20,1;1;1;1;1;1;1;1;1;1;1;1;1;1;1;1;1;1;1;1,1;1;1;1;1;1;1;1;1;1;1;1;1;1;1;1;1;1;1;1,0.75;0.75;0.75;0.75;0.75;0.75;0.75;0.5;0.75;0.75;0.75;0.75;0.75;0.75;0.75;0.75;0.75;0.75;0.75;0.75,253;225;364;253;253;348;267;207;274;282;273;265;324;262;274;296;232;328;281;253,0.7375,275.7,0,0.0,0,442,0,1,1,
qwen2.5:7b,Q4_K_M,5,non-ordered,trivial,direct,True,none,solve,1.0,8192,69114,GOLF BRAVO XRAY,PELICAN,5,15,20,,20,1;1;1;1;1;1;1;1;1;1;1;1;1;1;1;1;1;1;1;1,,1.0;1.0;1.0;1.0;1.0;1.0;1.0;1.0;1.0;1.0;1.0;1.0;1.0;1.0;1.0;1.0;1.0;1.0;1.0;1.0,0;0;0;0;0;0;0;0;0;0;0;0;0;0;0;0;0;0;0;0,1.0,0.0,0,0.0,1,140,0,1,,
qwen2.5:7b,Q4_K_M,5,non-ordered,math_bench_2,cot,True,none,solve,1.0,8192,69149,GOLF KILO JULIET,UKULELE,5,11,20,19,20,1;1;1;1;1;1;1;1;1;1;1;1;1;1;1;1;1;1;1;1,1;1;1;1;0;1;1;1;1;1;1;1;1;1;1;1;1;1;1;1,0.25;1.0;0.75;0.75;1.0;0.75;0.5;0.5;0.5;0.5;0.5;0.5;0.25;0.75;0.5;0.75;0.75;1.0;0.75;0.75,994;1175;804;1018;724;1304;1161;858;1075;890;935;881;830;1085;1079;1139;1044;902;964;853,0.65,985.75,0,0.0,0,1196,0,1,1,
qwen2.5:7b,Q4_K_M,5,non-ordered,math_bench_2,direct,True,none,solve,1.0,8192,69149,GOLF KILO JULIET,UKULELE,5,11,20,,20,1;1;1;1;1;1;1;1;1;1;1;1;1;1;1;1;1;1;1;1,,0.0;0.0;0.0;0.0;0.0;0.0;0.0;0.0;0.0;0.0;0.0;0.0;0.0;0.0;0.0;0.0;0.0;0.0;0.0;0.0,0;0;0;0;0;0;0;0;0;0;0;0;0;0;0;0;0;0;0;0,0.0,0.0,0,0.0,0,140,0,1,,
qwen2.5:7b,Q4_K_M,5,non-ordered,math_bench_4,cot,True,none,solve,1.0,8192,69149,GOLF KILO JULIET,UKULELE,5,11,20,12,12,1;1;0;1;1;0;1;1;1;1;1;1;0;0;1;0;0;1;0;0,1;1;0;1;1;0;0;1;1;1;1;1;0;0;0;1;0;1;1;0,0.75;1.0;0.5;0.5;0.5;0.25;0.25;0.0;0.25;0.5;0.5;0.0;0.25;0.25;0.5;0.5;0.5;0.0;0.5;0.5,1599;1728;1447;1593;1613;1172;1733;1839;1492;3018;1341;1347;1125;1434;1078;1579;1446;1107;1789;1900,0.4,1569.0,0,0.0,0,1790,0,0,0,
qwen2.5:7b,Q4_K_M,5,non-ordered,math_bench_4,direct,True,none,solve,1.0,8192,69149,GOLF KILO JULIET,UKULELE,5,11,20,,20,1;1;1;1;1;1;1;1;1;1;1;1;1;1;1;1;1;1;1;1,,0.5;0.5;0.25;0.25;0.0;0.5;0.25;0.0;0.25;0.5;0.25;0.25;0.25;0.0;0.5;0.5;0.0;0.0;0.5;0.25,0;0;0;0;0;0;0;0;0;0;0;0;0;0;0;0;0;0;0;0,0.275,0.0,0,0.0,0,124,0,1,,
qwen2.5:7b,Q4_K_M,5,non-ordered,math_bench_5,cot,True,none,solve,1.0,8192,69149,GOLF KILO JULIET,UKULELE,5,11,20,20,18,1;0;1;1;1;1;1;1;1;1;1;1;1;1;1;1;1;0;1;1,1;1;1;1;1;1;1;1;1;1;1;1;1;1;1;1;1;1;1;1,0.25;0.5;0.25;0.25;0.5;0.5;1.0;0.5;0.25;0.5;0.0;0.5;0.25;0.25;0.5;0.25;0.25;0.25;0.25;0.25,1968;2531;2274;1951;2170;2403;2714;1753;1908;2830;1901;2712;1985;2437;2001;2180;2282;1737;2247;2332,0.3625,2215.8,0,0.0,0,1566,0,1,1,
qwen2.5:7b,Q4_K_M,5,non-ordered,math_bench_5,direct,True,none,solve,1.0,8192,69149,GOLF KILO JULIET,UKULELE,5,11,20,,20,1;1;1;1;1;1;1;1;1;1;1;1;1;1;1;1;1;1;1;1,,0.25;0.25;0.25;0.5;0.25;0.25;0.25;0.25;0.25;0.25;0.25;0.25;0.25;0.25;0.25;0.5;0.25;0.25;0.5;0.25,0;0;0;0;0;0;0;0;0;0;0;0;0;0;0;0;0;0;0;0,0.2875,0.0,0,0.0,0,123,0,1,,
qwen2.5:7b,Q4_K_M,5,non-ordered,trivial,cot,True,none,solve,1.0,8192,70114,OSCAR FOXTROT PAPA,METRONOME,5,15,20,17,17,1;1;1;1;1;1;1;1;1;1;0;1;1;1;1;1;0;0;1;1,1;1;1;1;1;1;1;1;1;1;0;1;1;1;1;1;0;0;1;1,1.0;1.0;1.0;1.0;1.0;1.0;1.0;1.0;1.0;1.0;0.75;1.0;1.0;1.0;1.0;1.0;0.75;0.75;1.0;1.0,305;302;384;354;302;374;418;405;322;357;295;354;373;422;367;307;224;225;315;340,0.9625,337.25,0,0.0,0,604,0,1,1,
qwen2.5:7b,Q4_K_M,5,non-ordered,trivial,direct,True,none,solve,1.0,8192,70114,OSCAR FOXTROT PAPA,METRONOME,5,15,20,,20,1;1;1;1;1;1;1;1;1;1;1;1;1;1;1;1;1;1;1;1,,1.0;1.0;1.0;1.0;1.0;1.0;1.0;1.0;1.0;1.0;1.0;1.0;1.0;1.0;1.0;1.0;1.0;1.0;1.0;1.0,0;0;0;0;0;0;0;0;0;0;0;0;0;0;0;0;0;0;0;0,1.0,0.0,0,0.0,1,140,0,1,,
qwen2.5:7b,Q4_K_M,5,non-ordered,math_bench_2,cot,True,none,solve,1.0,8192,70149,UNIFORM FOXTROT GOLF,BLIZZARD,5,10,20,20,20,1;1;1;1;1;1;1;1;1;1;1;1;1;1;1;1;1;1;1;1,1;1;1;1;1;1;1;1;1;1;1;1;1;1;1;1;1;1;1;1,1.0;1.0;0.75;0.5;1.0;0.75;0.75;1.0;1.0;0.5;1.0;0.5;1.0;1.0;0.5;1.0;0.5;0.5;0.75;0.75,968;1547;1088;1004;1122;931;922;977;941;723;1081;1153;1294;1430;906;948;814;619;831;1005,0.7875,1015.2,0,0.0,0,1293,0,1,1,
qwen2.5:7b,Q4_K_M,5,non-ordered,math_bench_2,direct,True,none,solve,1.0,8192,70149,UNIFORM FOXTROT GOLF,BLIZZARD,5,10,20,,18,0;1;1;0;1;1;1;1;1;1;1;1;1;1;1;1;1;1;1;1,,0.25;0.25;0.25;0.5;0.25;0.25;0.25;0.25;0.5;0.5;0.5;0.25;0.25;0.25;0.25;0.25;0.25;0.5;0.25;0.5,0;0;0;0;0;0;0;0;0;0;0;0;0;0;0;0;0;0;0;0,0.325,0.0,0,0.0,0,132,0,1,,
qwen2.5:7b,Q4_K_M,5,non-ordered,math_bench_4,cot,True,none,solve,1.0,8192,70149,UNIFORM FOXTROT GOLF,BLIZZARD,5,10,20,19,19,1;1;1;1;1;1;1;1;1;1;1;1;1;1;1;1;1;1;1;0,1;1;1;1;1;1;1;1;1;1;1;1;1;1;1;1;1;1;1;0,0.25;0.25;0.0;0.0;0.25;0.25;0.25;1.0;0.0;0.0;0.0;0.25;0.5;0.25;0.25;0.5;1.0;0.25;0.25;0.0,1386;1240;2372;902;1355;1433;1720;1671;2171;1804;1017;1479;2261;1428;1745;1583;1569;1130;1749;1399,0.275,1570.7,0,0.0,0,1847,0,1,1,
qwen2.5:7b,Q4_K_M,5,non-ordered,math_bench_4,direct,True,none,solve,1.0,8192,70149,UNIFORM FOXTROT GOLF,BLIZZARD,5,10,20,,20,1;1;1;1;1;1;1;1;1;1;1;1;1;1;1;1;1;1;1;1,,0.0;0.25;0.0;0.0;0.25;0.25;0.0;0.25;0.0;0.0;0.0;0.0;0.0;0.0;0.0;0.0;0.0;0.25;0.25;0.25,0;0;0;0;0;0;0;0;0;0;0;0;0;0;0;0;0;0;0;0,0.0875,0.0,0,0.0,0,130,0,1,,
qwen2.5:7b,Q4_K_M,5,non-ordered,math_bench_5,cot,True,none,solve,1.0,8192,70149,UNIFORM FOXTROT GOLF,BLIZZARD,5,10,20,19,17,1;1;0;1;1;1;1;1;1;1;1;1;1;1;1;0;0;1;1;1,1;1;1;1;1;1;1;1;1;1;1;1;1;1;1;1;0;1;1;1,0.25;0.75;0.25;0.0;0.25;0.25;0.5;0.25;0.25;0.25;0.25;0.25;0.25;0.5;0.5;0.75;0.5;0.25;0.25;0.5,1039;1823;2232;1434;1128;1946;1682;1167;1405;1426;1640;1208;1682;1414;1751;1682;1779;1851;2054;1033,0.35,1568.8,0,0.0,0,1856,0,0,1,
qwen2.5:7b,Q4_K_M,5,non-ordered,math_bench_5,direct,True,none,solve,1.0,8192,70149,UNIFORM FOXTROT GOLF,BLIZZARD,5,10,20,,20,1;1;1;1;1;1;1;1;1;1;1;1;1;1;1;1;1;1;1;1,,0.25;0.0;0.0;0.0;0.25;0.0;0.0;0.0;0.0;0.0;0.0;0.0;0.0;0.0;0.25;0.0;0.0;0.0;0.0;0.0,0;0;0;0;0;0;0;0;0;0;0;0;0;0;0;0;0;0;0;0,0.0375,0.0,0,0.0,0,131,0,1,,
qwen2.5:7b,Q4_K_M,5,non-ordered,trivial,cot,True,none,solve,1.0,8192,71114,OSCAR TANGO HOTEL,QUICKSAND,5,10,20,20,20,1;1;1;1;1;1;1;1;1;1;1;1;1;1;1;1;1;1;1;1,1;1;1;1;1;1;1;1;1;1;1;1;1;1;1;1;1;1;1;1,0.75;0.75;0.75;0.75;0.75;1.0;1.0;0.75;0.75;1.0;1.0;0.75;1.0;1.0;0.75;0.75;1.0;0.75;1.0;0.75,332;302;300;305;301;301;301;358;302;295;396;268;356;402;376;324;273;332;357;318,0.85,324.95,0,0.0,0,555,0,1,1,
qwen2.5:7b,Q4_K_M,5,non-ordered,trivial,direct,True,none,solve,1.0,8192,71114,OSCAR TANGO HOTEL,QUICKSAND,5,10,20,,20,1;1;1;1;1;1;1;1;1;1;1;1;1;1;1;1;1;1;1;1,,1.0;1.0;1.0;1.0;1.0;1.0;1.0;1.0;1.0;1.0;1.0;1.0;1.0;1.0;1.0;1.0;1.0;1.0;1.0;1.0,0;0;0;0;0;0;0;0;0;0;0;0;0;0;0;0;0;0;0;0,1.0,0.0,0,0.0,1,139,0,1,,
qwen2.5:7b,Q4_K_M,5,non-ordered,math_bench_2,cot,True,none,solve,1.0,8192,71149,WHISKEY VICTOR SIERRA,FALCON,5,14,20,20,19,1;1;1;1;1;1;1;1;1;1;1;1;1;1;1;1;1;1;0;1,1;1;1;1;1;1;1;1;1;1;1;1;1;1;1;1;1;1;1;1,0.75;0.75;0.75;0.75;0.5;0.5;0.25;0.5;0.5;0.75;0.75;0.75;0.25;0.5;1.0;0.75;0.5;0.5;0.75;0.75,847;932;1051;1247;860;990;819;890;913;819;918;1354;850;911;1153;1113;1033;923;1263;960,0.625,992.3,0,0.0,0,1389,0,1,1,
qwen2.5:7b,Q4_K_M,5,non-ordered,math_bench_2,direct,True,none,solve,1.0,8192,71149,WHISKEY VICTOR SIERRA,FALCON,5,14,20,,20,1;1;1;1;1;1;1;1;1;1;1;1;1;1;1;1;1;1;1;1,,0.25;0.0;0.25;0.0;0.0;0.0;0.0;0.0;0.0;0.5;0.0;0.0;0.0;0.0;0.25;0.0;0.25;0.0;0.0;0.0,0;0;0;0;0;0;0;0;0;0;0;0;0;0;0;0;0;0;0;0,0.075,0.0,0,0.0,0,129,0,1,,
qwen2.5:7b,Q4_K_M,5,non-ordered,math_bench_4,cot,True,none,solve,1.0,8192,71149,WHISKEY VICTOR SIERRA,FALCON,5,14,20,15,14,1;1;0;1;1;1;1;0;1;0;0;1;1;0;1;1;1;0;1;1,1;1;0;1;1;1;1;0;1;0;0;1;1;1;1;1;1;0;1;1,0.25;0.25;0.0;0.25;0.25;0.75;0.75;0.0;0.25;0.25;0.5;0.5;0.5;0.75;0.25;0.25;0.0;0.25;0.25;0.75,639;1035;655;743;864;1238;1356;669;785;950;1137;1048;776;1319;541;932;1074;1658;1049;961,0.35,971.45,0,0.0,0,973,0,1,1,
qwen2.5:7b,Q4_K_M,5,non-ordered,math_bench_4,direct,True,none,solve,1.0,8192,71149,WHISKEY VICTOR SIERRA,FALCON,5,14,20,,20,1;1;1;1;1;1;1;1;1;1;1;1;1;1;1;1;1;1;1;1,,0.25;0.25;0.25;0.0;0.0;0.5;0.5;0.5;0.5;0.25;0.5;0.0;0.5;0.25;0.0;0.0;0.0;0.0;0.0;0.0,0;0;0;0;0;0;0;0;0;0;0;0;0;0;0;0;0;0;0;0,0.2125,0.0,0,0.0,0,129,0,1,,
qwen2.5:7b,Q4_K_M,5,non-ordered,math_bench_5,cot,True,none,solve,1.0,8192,71149,WHISKEY VICTOR SIERRA,FALCON,5,14,20,14,10,0;0;0;0;1;1;1;1;0;0;0;1;1;1;1;1;1;0;0;0,0;1;0;0;1;1;1;1;1;0;1;1;1;1;1;1;1;0;0;1,0.75;0.5;0.25;0.25;0.5;0.25;0.25;0.5;0.5;0.5;0.25;0.5;0.5;0.25;0.5;0.5;0.5;0.25;0.0;0.25,1354;1619;2056;1321;2041;1863;1116;2128;1651;1353;1351;1533;1231;1374;1248;1253;1652;1169;853;1193,0.3875,1467.95,0,0.0,0,1255,0,0,0,
qwen2.5:7b,Q4_K_M,5,non-ordered,math_bench_5,direct,True,none,solve,1.0,8192,71149,WHISKEY VICTOR SIERRA,FALCON,5,14,20,,20,1;1;1;1;1;1;1;1;1;1;1;1;1;1;1;1;1;1;1;1,,0.25;0.25;0.25;0.25;0.25;0.25;0.25;0.25;0.25;0.25;0.25;0.25;0.25;0.25;0.25;0.25;0.25;0.25;0.25;0.25,0;0;0;0;0;0;0;0;0;0;0;0;0;0;0;0;0;0;0;0,0.25,0.0,0,0.0,0,129,0,1,,
qwen2.5:7b,Q4_K_M,5,non-ordered,trivial,cot,True,none,solve,1.0,8192,72114,LIMA INDIA MIKE,PUMPKIN,5,14,20,20,19,0;1;1;1;1;1;1;1;1;1;1;1;1;1;1;1;1;1;1;1,1;1;1;1;1;1;1;1;1;1;1;1;1;1;1;1;1;1;1;1,1.0;1.0;0.75;1.0;1.0;1.0;1.0;1.0;1.0;1.0;1.0;1.0;1.0;1.0;1.0;1.0;1.0;1.0;0.75;1.0,436;359;445;391;439;288;403;359;268;323;395;304;291;390;306;411;347;434;325;272,0.975,359.3,0,0.0,0,548,0,0,1,
qwen2.5:7b,Q4_K_M,5,non-ordered,trivial,direct,True,none,solve,1.0,8192,72114,LIMA INDIA MIKE,PUMPKIN,5,14,20,,20,1;1;1;1;1;1;1;1;1;1;1;1;1;1;1;1;1;1;1;1,,1.0;1.0;1.0;1.0;1.0;1.0;1.0;1.0;1.0;1.0;1.0;1.0;1.0;1.0;1.0;1.0;1.0;1.0;1.0;1.0,0;0;0;0;0;0;0;0;0;0;0;0;0;0;0;0;0;0;0;0,1.0,0.0,0,0.0,1,134,0,1,,
qwen2.5:7b,Q4_K_M,5,non-ordered,math_bench_2,cot,True,none,solve,1.0,8192,72149,YANKEE DELTA GOLF,DAFFODIL,5,11,20,17,15,1;1;1;0;1;1;1;1;1;1;1;1;0;1;1;0;0;1;1;0,1;1;1;0;1;1;1;1;1;1;1;1;1;1;1;0;0;1;1;1,1.0;1.0;0.75;0.5;0.75;0.75;0.5;0.75;1.0;0.5;0.75;0.75;0.5;0.75;1.0;0.25;0.75;1.0;0.75;0.25,1276;1135;1539;909;1078;1246;429;958;1141;728;1237;1168;672;725;1349;1405;1239;1234;892;768,0.7125,1056.4,0,0.0,0,1612,0,1,1,
qwen2.5:7b,Q4_K_M,5,non-ordered,math_bench_2,direct,True,none,solve,1.0,8192,72149,YANKEE DELTA GOLF,DAFFODIL,5,11,20,,20,1;1;1;1;1;1;1;1;1;1;1;1;1;1;1;1;1;1;1;1,,0.25;0.25;0.25;0.5;0.5;0.25;0.25;0.25;0.25;0.25;0.5;0.25;0.5;0.25;0.25;0.5;0.25;0.25;0.5;0.25,0;0;0;0;0;0;0;0;0;0;0;0;0;0;0;0;0;0;0;0,0.325,0.0,0,0.0,0,128,0,1,,
qwen2.5:7b,Q4_K_M,5,non-ordered,math_bench_4,cot,True,none,solve,1.0,8192,72149,YANKEE DELTA GOLF,DAFFODIL,5,11,20,16,19,1;0;1;1;1;1;1;1;1;1;1;1;1;1;1;1;1;1;1;1,1;1;1;1;1;0;0;0;1;1;1;1;1;1;1;1;1;1;0;1,0.75;0.0;0.5;0.75;0.5;0.5;0.5;0.5;0.75;0.75;0.75;1.0;0.75;0.5;0.75;0.75;0.75;1.0;1.0;0.5,1385;1365;866;1005;1137;766;906;757;1233;1464;1027;1297;1217;1063;1462;1113;1139;1544;1116;972,0.6625,1141.7,0,0.0,0,736,0,0,0,
qwen2.5:7b,Q4_K_M,5,non-ordered,math_bench_4,direct,True,none,solve,1.0,8192,72149,YANKEE DELTA GOLF,DAFFODIL,5,11,20,,20,1;1;1;1;1;1;1;1;1;1;1;1;1;1;1;1;1;1;1;1,,0.25;0.25;0.0;0.5;0.5;0.0;0.0;0.25;0.25;0.25;0.5;0.0;0.0;0.25;0.25;0.25;0.25;0.0;0.5;0.0,0;0;0;0;0;0;0;0;0;0;0;0;0;0;0;0;0;0;0;0,0.2125,0.0,0,0.0,0,127,0,1,,
qwen2.5:7b,Q4_K_M,5,non-ordered,math_bench_5,cot,True,none,solve,1.0,8192,72149,YANKEE DELTA GOLF,DAFFODIL,5,11,20,20,19,1;1;1;1;1;1;1;1;1;1;1;1;0;1;1;1;1;1;1;1,1;1;1;1;1;1;1;1;1;1;1;1;1;1;1;1;1;1;1;1,1.0;0.75;0.75;0.75;1.0;0.5;0.5;0.75;0.5;0.75;0.75;0.75;1.0;0.5;0.5;1.0;0.75;0.75;0.5;0.75,1468;1414;1319;1704;1671;1432;1632;1371;1358;1395;1535;1520;1667;1528;1630;1643;1620;1911;1589;1542,0.725,1547.45,0,0.0,0,1027,0,1,1,
qwen2.5:7b,Q4_K_M,5,non-ordered,math_bench_5,direct,True,none,solve,1.0,8192,72149,YANKEE DELTA GOLF,DAFFODIL,5,11,20,,20,1;1;1;1;1;1;1;1;1;1;1;1;1;1;1;1;1;1;1;1,,0.0;0.25;0.0;0.0;0.0;0.0;0.0;0.0;0.0;0.0;0.0;0.0;0.0;0.0;0.0;0.0;0.0;0.0;0.0;0.0,0;0;0;0;0;0;0;0;0;0;0;0;0;0;0;0;0;0;0;0,0.0125,0.0,0,0.0,0,129,0,1,,
qwen2.5:7b,Q4_K_M,5,non-ordered,trivial,cot,True,none,solve,1.0,8192,73114,MIKE INDIA ROMEO,YODEL,5,15,20,20,20,1;1;1;1;1;1;1;1;1;1;1;1;1;1;1;1;1;1;1;1,1;1;1;1;1;1;1;1;1;1;1;1;1;1;1;1;1;1;1;1,1.0;1.0;1.0;1.0;1.0;1.0;1.0;1.0;1.0;1.0;1.0;1.0;1.0;1.0;1.0;1.0;1.0;1.0;1.0;1.0,293;305;353;292;389;297;288;304;477;419;399;340;467;344;359;471;322;260;378;400,1.0,357.85,0,0.0,0,468,0,1,1,
qwen2.5:7b,Q4_K_M,5,non-ordered,trivial,direct,True,none,solve,1.0,8192,73114,MIKE INDIA ROMEO,YODEL,5,15,20,,20,1;1;1;1;1;1;1;1;1;1;1;1;1;1;1;1;1;1;1;1,,1.0;1.0;1.0;1.0;1.0;1.0;1.0;1.0;1.0;1.0;1.0;1.0;1.0;1.0;1.0;1.0;1.0;1.0;1.0;1.0,0;0;0;0;0;0;0;0;0;0;0;0;0;0;0;0;0;0;0;0,1.0,0.0,0,0.0,1,131,0,1,,
qwen2.5:7b,Q4_K_M,5,non-ordered,math_bench_2,cot,True,none,solve,1.0,8192,73149,ROMEO BRAVO MIKE,OBELISK,5,11,20,20,19,1;1;1;1;1;1;1;1;1;1;1;1;1;1;1;1;1;0;1;1,1;1;1;1;1;1;1;1;1;1;1;1;1;1;1;1;1;1;1;1,0.75;0.75;0.5;0.75;1.0;0.75;0.75;0.5;0.5;0.75;1.0;0.75;0.5;0.75;0.5;0.75;0.5;0.75;1.0;0.75,1155;992;1145;862;1118;837;1663;1623;1436;1204;1129;896;1424;995;838;1262;908;1655;853;1106,0.7125,1155.05,0,0.0,0,2251,0,1,1,
qwen2.5:7b,Q4_K_M,5,non-ordered,math_bench_2,direct,True,none,solve,1.0,8192,73149,ROMEO BRAVO MIKE,OBELISK,5,11,20,,20,1;1;1;1;1;1;1;1;1;1;1;1;1;1;1;1;1;1;1;1,,0.0;0.0;0.0;0.0;0.0;0.0;0.0;0.0;0.0;0.0;0.0;0.0;0.0;0.0;0.0;0.0;0.0;0.0;0.0;0.0,0;0;0;0;0;0;0;0;0;0;0;0;0;0;0;0;0;0;0;0,0.0,0.0,0,0.0,0,124,0,1,,
qwen2.5:7b,Q4_K_M,5,non-ordered,math_bench_4,cot,True,none,solve,1.0,8192,73149,ROMEO BRAVO MIKE,OBELISK,5,11,20,20,20,1;1;1;1;1;1;1;1;1;1;1;1;1;1;1;1;1;1;1;1,1;1;1;1;1;1;1;1;1;1;1;1;1;1;1;1;1;1;1;1,0.75;0.75;0.75;0.75;0.75;0.75;0.5;0.25;0.75;0.75;0.75;1.0;0.75;0.5;1.0;0.5;0.5;0.75;0.75;0.0,1886;1649;1396;1263;1610;1114;1253;1423;1628;1470;1647;1817;1450;1362;1747;1651;1611;1453;1449;1042,0.6625,1496.05,0,0.0,0,2027,0,1,1,
qwen2.5:7b,Q4_K_M,5,non-ordered,math_bench_4,direct,True,none,solve,1.0,8192,73149,ROMEO BRAVO MIKE,OBELISK,5,11,20,,20,1;1;1;1;1;1;1;1;1;1;1;1;1;1;1;1;1;1;1;1,,0.0;0.0;0.25;0.25;0.25;0.0;0.25;0.25;0.25;0.25;0.25;0.0;0.0;0.25;0.0;0.0;0.25;0.0;0.0;0.0,0;0;0;0;0;0;0;0;0;0;0;0;0;0;0;0;0;0;0;0,0.125,0.0,0,0.0,0,142,0,1,,
qwen2.5:7b,Q4_K_M,5,non-ordered,math_bench_5,cot,True,none,solve,1.0,8192,73149,ROMEO BRAVO MIKE,OBELISK,5,11,20,19,19,1;1;1;1;1;1;1;1;1;1;1;1;1;1;1;0;1;1;1;1,1;1;1;1;1;1;1;1;1;1;1;1;1;1;1;0;1;1;1;1,0.25;0.25;0.0;0.25;0.5;0.0;0.5;0.5;0.0;0.75;0.25;0.0;0.0;0.25;0.0;0.5;0.25;0.5;0.0;0.5,1431;1868;1442;1594;1227;1354;1240;1406;1474;2693;1460;1247;1159;2264;987;1401;1517;1573;1455;1526,0.2625,1515.9,0,0.0,0,1478,0,1,1,
qwen2.5:7b,Q4_K_M,5,non-ordered,math_bench_5,direct,True,none,solve,1.0,8192,73149,ROMEO BRAVO MIKE,OBELISK,5,11,20,,20,1;1;1;1;1;1;1;1;1;1;1;1;1;1;1;1;1;1;1;1,,0.0;0.0;0.0;0.0;0.0;0.0;0.0;0.0;0.0;0.0;0.25;0.0;0.0;0.0;0.0;0.0;0.0;0.0;0.0;0.25,0;0;0;0;0;0;0;0;0;0;0;0;0;0;0;0;0;0;0;0,0.025,0.0,0,0.0,0,129,0,1,,
qwen2.5:7b,Q4_K_M,5,non-ordered,trivial,cot,True,none,solve,1.0,8192,74114,VICTOR INDIA ECHO,PUMPKIN,5,15,20,19,19,1;1;0;1;1;1;1;1;1;1;1;1;1;1;1;1;1;1;1;1,1;1;0;1;1;1;1;1;1;1;1;1;1;1;1;1;1;1;1;1,1.0;1.0;0.75;1.0;1.0;1.0;1.0;1.0;1.0;1.0;1.0;1.0;1.0;1.0;1.0;1.0;0.75;1.0;1.0;1.0,463;317;550;312;311;333;237;305;304;355;374;312;292;320;333;333;285;311;221;356,0.975,331.2,0,0.0,0,438,0,1,1,
qwen2.5:7b,Q4_K_M,5,non-ordered,trivial,direct,True,none,solve,1.0,8192,74114,VICTOR INDIA ECHO,PUMPKIN,5,15,20,,20,1;1;1;1;1;1;1;1;1;1;1;1;1;1;1;1;1;1;1;1,,1.0;1.0;1.0;1.0;1.0;1.0;1.0;1.0;1.0;1.0;1.0;1.0;1.0;1.0;1.0;1.0;1.0;1.0;1.0;1.0,0;0;0;0;0;0;0;0;0;0;0;0;0;0;0;0;0;0;0;0,1.0,0.0,0,0.0,1,143,0,1,,
qwen2.5:7b,Q4_K_M,5,non-ordered,math_bench_2,cot,True,none,solve,1.0,8192,74149,JULIET XRAY PAPA,TANGERINE,5,10,20,5,3,0;0;0;0;0;0;0;0;0;0;0;0;1;0;1;0;1;0;0;0,0;0;0;0;0;0;1;0;0;0;0;0;1;1;1;0;1;0;0;0,0.25;0.25;1.0;0.75;0.25;0.5;0.75;0.25;0.75;0.75;0.5;0.5;0.75;0.5;0.5;0.25;1.0;1.0;0.5;0.75,1226;1136;1401;2451;1682;1225;1907;1048;2085;1215;1164;1151;1653;1229;1323;1171;1489;1508;1866;1266,0.5875,1459.8,0,0.0,0,1090,0,0,0,
qwen2.5:7b,Q4_K_M,5,non-ordered,math_bench_2,direct,True,none,solve,1.0,8192,74149,JULIET XRAY PAPA,TANGERINE,5,10,20,,20,1;1;1;1;1;1;1;1;1;1;1;1;1;1;1;1;1;1;1;1,,0.0;0.0;0.0;0.0;0.0;0.0;0.0;0.0;0.0;0.0;0.25;0.0;0.0;0.0;0.0;0.0;0.0;0.0;0.0;0.0,0;0;0;0;0;0;0;0;0;0;0;0;0;0;0;0;0;0;0;0,0.0125,0.0,0,0.0,0,132,0,1,,
qwen2.5:7b,Q4_K_M,5,non-ordered,math_bench_4,cot,True,none,solve,1.0,8192,74149,JULIET XRAY PAPA,TANGERINE,5,10,20,17,13,1;1;1;1;1;0;0;0;0;1;0;1;1;0;1;0;1;1;1;1,1;1;1;1;1;0;1;1;0;1;1;1;1;1;1;0;1;1;1;1,0.5;0.5;0.25;0.75;0.25;0.25;0.5;0.75;0.5;0.5;0.75;0.5;0.25;0.5;0.5;0.25;0.25;0.75;0.75;0.5,1474;1330;908;1848;1034;1442;782;2140;1473;1328;1469;1382;1835;1375;1438;719;940;1713;1217;1551,0.4875,1369.9,0,0.0,0,1707,0,1,1,
qwen2.5:7b,Q4_K_M,5,non-ordered,math_bench_4,direct,True,none,solve,1.0,8192,74149,JULIET XRAY PAPA,TANGERINE,5,10,20,,20,1;1;1;1;1;1;1;1;1;1;1;1;1;1;1;1;1;1;1;1,,0.25;0.25;0.0;0.0;0.25;0.25;0.25;0.25;0.0;0.0;0.0;0.25;0.0;0.25;0.25;0.0;0.0;0.0;0.25;0.25,0;0;0;0;0;0;0;0;0;0;0;0;0;0;0;0;0;0;0;0,0.1375,0.0,0,0.0,0,135,0,1,,
qwen2.5:7b,Q4_K_M,5,non-ordered,math_bench_5,cot,True,none,solve,1.0,8192,74149,JULIET XRAY PAPA,TANGERINE,5,10,20,17,7,0;0;0;1;0;1;1;1;0;0;0;0;0;1;0;0;0;0;1;1,0;1;1;1;1;1;1;1;1;1;0;1;1;1;1;0;1;1;1;1,0.0;0.5;0.75;0.5;1.0;0.75;0.75;0.75;0.5;0.75;0.25;0.5;0.75;0.5;1.0;1.0;0.75;0.25;0.5;0.5,1311;1345;1726;1378;1359;2696;1450;1764;1716;1370;1411;1553;1458;1824;1185;1231;1513;1365;1779;1653,0.6125,1554.35,0,0.0,0,1239,0,1,0,
qwen2.5:7b,Q4_K_M,5,non-ordered,math_bench_5,direct,True,none,solve,1.0,8192,74149,JULIET XRAY PAPA,TANGERINE,5,10,20,,20,1;1;1;1;1;1;1;1;1;1;1;1;1;1;1;1;1;1;1;1,,0.0;0.0;0.0;0.0;0.0;0.0;0.0;0.0;0.0;0.0;0.0;0.0;0.0;0.0;0.0;0.0;0.0;0.0;0.0;0.0,0;0;0;0;0;0;0;0;0;0;0;0;0;0;0;0;0;0;0;0,0.0,0.0,0,0.0,0,132,0,1,,
qwen2.5:7b,Q4_K_M,5,non-ordered,trivial,cot,True,none,solve,1.0,8192,75114,FOXTROT BRAVO WHISKEY,JIGSAW,5,11,20,20,20,1;1;1;1;1;1;1;1;1;1;1;1;1;1;1;1;1;1;1;1,1;1;1;1;1;1;1;1;1;1;1;1;1;1;1;1;1;1;1;1,1.0;1.0;1.0;1.0;0.75;1.0;0.75;0.75;1.0;1.0;1.0;1.0;0.75;1.0;1.0;0.75;1.0;1.0;1.0;1.0,337;321;364;332;279;303;281;259;425;343;403;318;283;362;321;608;343;373;241;336,0.9375,341.6,0,0.0,0,410,0,1,1,
qwen2.5:7b,Q4_K_M,5,non-ordered,trivial,direct,True,none,solve,1.0,8192,75114,FOXTROT BRAVO WHISKEY,JIGSAW,5,11,20,,20,1;1;1;1;1;1;1;1;1;1;1;1;1;1;1;1;1;1;1;1,,1.0;1.0;1.0;1.0;1.0;1.0;1.0;1.0;1.0;1.0;1.0;1.0;1.0;1.0;1.0;1.0;1.0;1.0;1.0;1.0,0;0;0;0;0;0;0;0;0;0;0;0;0;0;0;0;0;0;0;0,1.0,0.0,0,0.0,1,147,0,1,,
qwen2.5:7b,Q4_K_M,5,non-ordered,math_bench_2,cot,True,none,solve,1.0,8192,75149,CHARLIE KILO TANGO,RAVIOLI,5,15,20,5,5,0;0;0;0;0;1;0;0;1;0;0;1;0;0;1;0;0;0;0;1,0;0;0;0;0;1;0;0;1;0;0;1;0;0;1;0;0;0;0;1,0.75;1.0;0.5;1.0;0.25;0.5;1.0;1.0;1.0;1.0;0.75;1.0;0.75;0.75;1.0;0.75;1.0;0.75;1.0;1.0,1043;1127;1424;920;1113;1278;1148;1063;1225;1353;726;1469;1025;848;1561;869;930;935;1222;1171,0.8375,1122.5,0,0.0,0,1414,0,0,0,
qwen2.5:7b,Q4_K_M,5,non-ordered,math_bench_2,direct,True,none,solve,1.0,8192,75149,CHARLIE KILO TANGO,RAVIOLI,5,15,20,,20,1;1;1;1;1;1;1;1;1;1;1;1;1;1;1;1;1;1;1;1,,0.25;0.5;0.5;0.5;0.5;0.5;0.25;0.5;0.5;0.5;0.5;0.25;0.5;0.5;0.5;0.25;0.0;0.5;0.5;0.25,0;0;0;0;0;0;0;0;0;0;0;0;0;0;0;0;0;0;0;0,0.4125,0.0,0,0.0,0,122,0,1,,
qwen2.5:7b,Q4_K_M,5,non-ordered,math_bench_4,cot,True,none,solve,1.0,8192,75149,CHARLIE KILO TANGO,RAVIOLI,5,15,20,15,11,1;0;0;0;1;1;1;0;0;1;0;1;1;1;1;0;0;1;1;0,1;1;0;1;1;1;1;1;0;1;0;1;1;1;1;0;0;1;1;1,0.5;1.0;0.5;0.75;0.75;0.75;0.75;0.75;0.25;0.5;0.25;0.75;0.25;0.75;0.5;0.5;0.5;0.75;0.5;0.25,1374;1896;1132;1602;1445;1440;1455;1348;1433;981;1190;1789;1036;1590;1037;1318;1286;1363;1300;1177,0.575,1359.6,0,0.0,0,1210,0,0,0,
qwen2.5:7b,Q4_K_M,5,non-ordered,math_bench_4,direct,True,none,solve,1.0,8192,75149,CHARLIE KILO TANGO,RAVIOLI,5,15,20,,20,1;1;1;1;1;1;1;1;1;1;1;1;1;1;1;1;1;1;1;1,,0.0;0.0;0.0;0.0;0.0;0.0;0.0;0.0;0.0;0.0;0.0;0.0;0.0;0.0;0.0;0.0;0.0;0.25;0.25;0.0,0;0;0;0;0;0;0;0;0;0;0;0;0;0;0;0;0;0;0;0,0.025,0.0,0,0.0,0,124,0,1,,
qwen2.5:7b,Q4_K_M,5,non-ordered,math_bench_5,cot,True,none,solve,1.0,8192,75149,CHARLIE KILO TANGO,RAVIOLI,5,15,20,2,2,0;0;0;1;0;0;0;0;0;0;0;0;0;0;0;0;0;0;0;1,0;0;0;1;0;0;0;0;0;0;0;0;0;0;0;0;0;0;0;1,0.0;0.25;0.25;0.25;0.0;0.25;0.0;0.0;0.0;0.25;0.0;0.25;0.25;0.25;0.0;0.0;0.0;0.25;0.5;0.25,1556;2110;1467;1401;1753;1508;1664;1281;1147;1326;963;2137;2423;1374;1370;2095;1998;1463;1663;2190,0.15,1644.45,0,0.0,0,1461,0,0,0,
qwen2.5:7b,Q4_K_M,5,non-ordered,math_bench_5,direct,True,none,solve,1.0,8192,75149,CHARLIE KILO TANGO,RAVIOLI,5,15,20,,20,1;1;1;1;1;1;1;1;1;1;1;1;1;1;1;1;1;1;1;1,,0.0;0.0;0.0;0.0;0.0;0.0;0.25;0.0;0.0;0.0;0.0;0.0;0.0;0.0;0.0;0.25;0.0;0.0;0.0;0.0,0;0;0;0;0;0;0;0;0;0;0;0;0;0;0;0;0;0;0;0,0.025,0.0,0,0.0,0,124,0,1,,
qwen2.5:7b,Q4_K_M,5,non-ordered,trivial,cot,True,none,solve,1.0,8192,76114,CHARLIE DELTA XRAY,CARNIVAL,5,11,20,20,20,1;1;1;1;1;1;1;1;1;1;1;1;1;1;1;1;1;1;1;1,1;1;1;1;1;1;1;1;1;1;1;1;1;1;1;1;1;1;1;1,1.0;0.75;0.75;0.75;1.0;1.0;1.0;0.75;0.75;1.0;1.0;1.0;1.0;0.75;1.0;0.5;1.0;1.0;1.0;0.75,332;342;318;351;319;454;327;332;341;376;332;356;333;349;332;393;323;345;332;257,0.8875,342.2,0,0.0,0,488,0,1,1,
qwen2.5:7b,Q4_K_M,5,non-ordered,trivial,direct,True,none,solve,1.0,8192,76114,CHARLIE DELTA XRAY,CARNIVAL,5,11,20,,20,1;1;1;1;1;1;1;1;1;1;1;1;1;1;1;1;1;1;1;1,,1.0;1.0;1.0;1.0;1.0;1.0;1.0;1.0;1.0;1.0;1.0;1.0;1.0;1.0;1.0;1.0;1.0;1.0;1.0;1.0,0;0;0;0;0;0;0;0;0;0;0;0;0;0;0;0;0;0;0;0,1.0,0.0,0,0.0,0,139,0,1,,
qwen2.5:7b,Q4_K_M,5,non-ordered,math_bench_2,cot,True,none,solve,1.0,8192,76149,PAPA FOXTROT XRAY,SAPPHIRE,5,15,20,9,9,1;0;0;1;0;0;0;1;1;0;1;0;1;1;1;0;0;0;1;0,1;0;0;1;0;0;0;1;1;0;1;0;1;1;1;0;0;0;1;0,0.75;1.0;1.0;1.0;0.5;1.0;1.0;1.0;0.75;1.0;1.0;1.0;1.0;0.75;1.0;1.0;1.0;1.0;1.0;0.5,1672;837;1013;1433;1244;1103;1136;1385;983;1012;1446;1100;1285;1310;1261;824;991;1155;1156;1163,0.9125,1175.45,0,0.0,0,1645,0,1,1,
qwen2.5:7b,Q4_K_M,5,non-ordered,math_bench_2,direct,True,none,solve,1.0,8192,76149,PAPA FOXTROT XRAY,SAPPHIRE,5,15,20,,20,1;1;1;1;1;1;1;1;1;1;1;1;1;1;1;1;1;1;1;1,,0.5;0.25;0.5;0.5;0.5;0.5;0.5;0.5;0.5;0.5;0.25;0.25;0.5;0.5;0.5;0.5;0.5;0.5;0.25;0.5,0;0;0;0;0;0;0;0;0;0;0;0;0;0;0;0;0;0;0;0,0.45,0.0,0,0.0,0,128,0,0,,
qwen2.5:7b,Q4_K_M,5,non-ordered,math_bench_4,cot,True,none,solve,1.0,8192,76149,PAPA FOXTROT XRAY,SAPPHIRE,5,15,20,13,11,1;0;1;0;1;1;1;1;0;1;1;0;1;1;0;0;0;1;0;0,1;0;1;0;1;1;1;1;0;1;1;0;1;1;0;1;0;1;1;0,0.25;0.5;0.5;0.5;0.5;0.25;0.5;0.5;0.0;0.75;1.0;0.5;0.25;0.75;0.25;0.25;0.25;0.25;0.25;0.25,1451;1215;1253;1258;971;1720;2123;1766;1615;1411;1715;1300;983;1384;1630;1971;1414;1198;2368;1521,0.4125,1513.35,0,0.0,0,1638,0,1,1,
qwen2.5:7b,Q4_K_M,5,non-ordered,math_bench_4,direct,True,none,solve,1.0,8192,76149,PAPA FOXTROT XRAY,SAPPHIRE,5,15,20,,20,1;1;1;1;1;1;1;1;1;1;1;1;1;1;1;1;1;1;1;1,,0.0;0.0;0.0;0.0;0.0;0.0;0.0;0.0;0.0;0.25;0.0;0.0;0.0;0.0;0.25;0.25;0.0;0.25;0.0;0.0,0;0;0;0;0;0;0;0;0;0;0;0;0;0;0;0;0;0;0;0,0.05,0.0,0,0.0,0,129,0,1,,
qwen2.5:7b,Q4_K_M,5,non-ordered,math_bench_5,cot,True,none,solve,1.0,8192,76149,PAPA FOXTROT XRAY,SAPPHIRE,5,15,20,20,17,1;1;1;1;1;1;1;0;1;1;1;0;1;1;1;0;1;1;1;1,1;1;1;1;1;1;1;1;1;1;1;1;1;1;1;1;1;1;1;1,0.25;0.25;0.0;0.25;0.25;0.25;0.0;0.25;0.25;0.0;0.5;0.0;0.25;0.25;0.25;0.25;0.0;0.25;0.0;0.25,746;1934;877;1307;583;1302;1522;1753;1249;1986;2058;1333;1138;886;1962;1192;1204;2488;1630;1577,0.1875,1436.35,0,0.0,0,1704,0,1,1,
qwen2.5:7b,Q4_K_M,5,non-ordered,math_bench_5,direct,True,none,solve,1.0,8192,76149,PAPA FOXTROT XRAY,SAPPHIRE,5,15,20,,20,1;1;1;1;1;1;1;1;1;1;1;1;1;1;1;1;1;1;1;1,,0.0;0.0;0.0;0.0;0.0;0.0;0.0;0.0;0.0;0.0;0.0;0.0;0.0;0.0;0.0;0.0;0.0;0.0;0.0;0.0,0;0;0;0;0;0;0;0;0;0;0;0;0;0;0;0;0;0;0;0,0.0,0.0,0,0.0,0,132,0,1,,
qwen2.5:7b,Q4_K_M,5,non-ordered,trivial,cot,True,none,solve,1.0,8192,77114,ROMEO JULIET SIERRA,YACHT,5,12,20,20,20,1;1;1;1;1;1;1;1;1;1;1;1;1;1;1;1;1;1;1;1,1;1;1;1;1;1;1;1;1;1;1;1;1;1;1;1;1;1;1;1,0.75;0.75;1.0;0.75;0.75;0.75;0.75;0.75;0.5;0.75;1.0;0.75;0.75;0.75;0.75;0.75;0.75;0.75;0.75;0.75,264;314;378;260;278;355;230;341;201;272;368;371;291;333;321;296;256;261;334;268,0.7625,299.6,0,0.0,0,422,0,1,1,
qwen2.5:7b,Q4_K_M,5,non-ordered,trivial,direct,True,none,solve,1.0,8192,77114,ROMEO JULIET SIERRA,YACHT,5,12,20,,20,1;1;1;1;1;1;1;1;1;1;1;1;1;1;1;1;1;1;1;1,,1.0;1.0;1.0;1.0;1.0;1.0;1.0;1.0;1.0;1.0;1.0;1.0;1.0;1.0;1.0;1.0;1.0;1.0;1.0;1.0,0;0;0;0;0;0;0;0;0;0;0;0;0;0;0;0;0;0;0;0,1.0,0.0,0,0.0,1,138,0,1,,
qwen2.5:7b,Q4_K_M,5,non-ordered,math_bench_2,cot,True,none,solve,1.0,8192,77149,JULIET VICTOR BRAVO,ABACUS,5,15,20,11,11,0;1;1;0;0;0;1;1;1;0;0;1;1;0;0;0;1;1;1;1,0;1;1;0;0;0;1;1;1;0;0;1;1;0;0;0;1;1;1;1,0.5;0.25;0.75;0.75;0.75;1.0;0.75;1.0;0.75;1.0;0.5;0.75;0.75;1.0;1.0;0.75;0.5;0.75;0.75;0.5,572;798;995;1017;1371;772;1065;771;769;998;1107;1302;688;970;962;1061;913;710;1105;699,0.7375,932.25,0,0.0,0,966,0,1,1,
qwen2.5:7b,Q4_K_M,5,non-ordered,math_bench_2,direct,True,none,solve,1.0,8192,77149,JULIET VICTOR BRAVO,ABACUS,5,15,20,,20,1;1;1;1;1;1;1;1;1;1;1;1;1;1;1;1;1;1;1;1,,0.5;0.5;0.5;0.5;0.5;0.5;0.5;0.5;0.5;0.5;0.5;0.5;0.5;0.5;0.5;0.5;0.5;0.5;0.5;0.5,0;0;0;0;0;0;0;0;0;0;0;0;0;0;0;0;0;0;0;0,0.5,0.0,0,0.0,0,126,0,1,,
qwen2.5:7b,Q4_K_M,5,non-ordered,math_bench_4,cot,True,none,solve,1.0,8192,77149,JULIET VICTOR BRAVO,ABACUS,5,15,20,20,17,1;1;1;1;1;1;1;0;1;1;0;1;1;1;1;1;1;1;1;0,1;1;1;1;1;1;1;1;1;1;1;1;1;1;1;1;1;1;1;1,0.25;0.5;1.0;0.75;0.75;0.75;0.5;0.75;0.75;0.75;0.25;0.25;0.75;0.75;0.25;0.5;1.0;1.0;0.75;1.0,515;1317;1357;1570;1208;1394;859;778;679;1335;1367;1066;864;781;712;974;1246;1649;1013;1381,0.6625,1103.25,0,0.0,0,910,0,1,1,
qwen2.5:7b,Q4_K_M,5,non-ordered,math_bench_4,direct,True,none,solve,1.0,8192,77149,JULIET VICTOR BRAVO,ABACUS,5,15,20,,20,1;1;1;1;1;1;1;1;1;1;1;1;1;1;1;1;1;1;1;1,,0.5;0.5;0.5;0.5;0.25;0.75;0.5;0.75;0.5;0.5;0.5;0.5;0.5;0.5;0.5;0.25;0.5;0.75;0.5;0.5,0;0;0;0;0;0;0;0;0;0;0;0;0;0;0;0;0;0;0;0,0.5125,0.0,0,0.0,0,126,0,1,,
qwen2.5:7b,Q4_K_M,5,non-ordered,math_bench_5,cot,True,none,solve,1.0,8192,77149,JULIET VICTOR BRAVO,ABACUS,5,15,20,8,10,1;0;1;0;1;1;1;0;1;1;0;1;0;0;1;0;0;1;0;0,1;0;0;0;1;1;0;0;1;1;0;0;0;0;1;1;0;1;0;0,0.0;0.25;0.25;0.5;0.25;0.25;0.25;0.25;0.0;0.25;0.25;0.25;0.25;0.25;0.25;0.25;0.25;0.25;0.5;0.25,1199;1039;1139;1716;1200;728;1313;1134;1439;1164;1311;1216;1721;1258;1221;1479;1017;1179;1275;1353,0.25,1255.05,0,0.0,0,1420,0,1,0,
qwen2.5:7b,Q4_K_M,5,non-ordered,math_bench_5,direct,True,none,solve,1.0,8192,77149,JULIET VICTOR BRAVO,ABACUS,5,15,20,,20,1;1;1;1;1;1;1;1;1;1;1;1;1;1;1;1;1;1;1;1,,0.25;0.0;0.0;0.25;0.25;0.0;0.25;0.25;0.0;0.0;0.25;0.25;0.25;0.0;0.25;0.0;0.0;0.0;0.0;0.0,0;0;0;0;0;0;0;0;0;0;0;0;0;0;0;0;0;0;0;0,0.1125,0.0,0,0.0,0,128,0,1,,
qwen2.5:7b,Q4_K_M,5,non-ordered,trivial,cot,True,none,solve,1.0,8192,78114,KILO YANKEE CHARLIE,PYRAMID,5,12,20,20,20,1;1;1;1;1;1;1;1;1;1;1;1;1;1;1;1;1;1;1;1,1;1;1;1;1;1;1;1;1;1;1;1;1;1;1;1;1;1;1;1,0.75;0.75;0.75;0.5;0.75;0.75;0.75;0.75;0.75;0.5;0.75;0.75;0.75;0.75;0.75;1.0;0.75;0.5;0.75;0.75,307;249;268;259;272;315;328;251;264;354;273;234;352;230;299;416;496;328;285;240,0.725,301.0,0,0.0,0,366,0,1,1,
qwen2.5:7b,Q4_K_M,5,non-ordered,trivial,direct,True,none,solve,1.0,8192,78114,KILO YANKEE CHARLIE,PYRAMID,5,12,20,,20,1;1;1;1;1;1;1;1;1;1;1;1;1;1;1;1;1;1;1;1,,1.0;1.0;1.0;1.0;1.0;1.0;1.0;1.0;1.0;1.0;1.0;1.0;1.0;1.0;1.0;1.0;1.0;1.0;1.0;1.0,0;0;0;0;0;0;0;0;0;0;0;0;0;0;0;0;0;0;0;0,1.0,0.0,0,0.0,1,132,0,1,,
qwen2.5:7b,Q4_K_M,5,non-ordered,math_bench_2,cot,True,none,solve,1.0,8192,78149,ALPHA CHARLIE KILO,ABACUS,5,14,20,20,19,1;1;1;0;1;1;1;1;1;1;1;1;1;1;1;1;1;1;1;1,1;1;1;1;1;1;1;1;1;1;1;1;1;1;1;1;1;1;1;1,1.0;1.0;1.0;1.0;1.0;1.0;0.75;1.0;1.0;1.0;1.0;0.75;0.75;1.0;1.0;1.0;1.0;1.0;1.0;1.0,562;572;609;675;535;591;446;683;677;630;451;866;443;486;545;685;747;503;762;463,0.9625,596.55,0,0.0,0,787,0,1,1,
qwen2.5:7b,Q4_K_M,5,non-ordered,math_bench_2,direct,True,none,solve,1.0,8192,78149,ALPHA CHARLIE KILO,ABACUS,5,14,20,,20,1;1;1;1;1;1;1;1;1;1;1;1;1;1;1;1;1;1;1;1,,0.75;0.75;0.5;0.5;0.75;0.75;0.5;0.5;0.5;0.75;0.75;0.5;0.75;0.75;0.5;0.5;0.5;0.75;0.5;0.75,0;0;0;0;0;0;0;0;0;0;0;0;0;0;0;0;0;0;0;0,0.625,0.0,0,0.0,0,123,0,1,,
qwen2.5:7b,Q4_K_M,5,non-ordered,math_bench_4,cot,True,none,solve,1.0,8192,78149,ALPHA CHARLIE KILO,ABACUS,5,14,20,18,17,1;0;1;1;1;1;1;1;1;0;1;1;1;0;1;1;1;1;1;1,1;1;1;1;1;1;1;1;1;0;1;1;1;0;1;1;1;1;1;1,0.25;0.75;0.75;0.25;0.5;0.5;0.25;0.75;0.75;0.25;0.5;0.25;0.5;0.5;0.75;0.75;0.5;0.75;0.25;0.25,1381;1393;1261;1006;1319;1005;1109;1268;997;1082;1405;1152;1443;932;1299;1250;1020;2286;1163;1217,0.5,1249.4,0,0.0,0,1826,0,1,1,
qwen2.5:7b,Q4_K_M,5,non-ordered,math_bench_4,direct,True,none,solve,1.0,8192,78149,ALPHA CHARLIE KILO,ABACUS,5,14,20,,20,1;1;1;1;1;1;1;1;1;1;1;1;1;1;1;1;1;1;1;1,,0.0;0.0;0.0;0.0;0.0;0.0;0.0;0.0;0.0;0.0;0.0;0.0;0.0;0.0;0.0;0.0;0.0;0.0;0.0;0.0,0;0;0;0;0;0;0;0;0;0;0;0;0;0;0;0;0;0;0;0,0.0,0.0,0,0.0,0,125,0,1,,
qwen2.5:7b,Q4_K_M,5,non-ordered,math_bench_5,cot,True,none,solve,1.0,8192,78149,ALPHA CHARLIE KILO,ABACUS,5,14,20,18,16,1;0;1;1;1;0;1;1;0;1;1;1;1;1;1;1;0;1;1;1,1;1;1;1;1;1;1;1;0;1;1;1;1;1;0;1;1;1;1;1,0.25;0.25;0.25;0.5;0.25;0.5;0.5;0.25;0.25;0.25;0.75;0.5;0.5;0.5;0.25;0.75;0.5;0.25;0.25;0.25,879;1896;1539;1558;1676;1568;1598;1591;1156;1522;1935;1254;1244;1280;826;1634;1184;1241;1514;1536,0.3875,1431.55,0,0.0,0,1831,0,0,0,
qwen2.5:7b,Q4_K_M,5,non-ordered,math_bench_5,direct,True,none,solve,1.0,8192,78149,ALPHA CHARLIE KILO,ABACUS,5,14,20,,20,1;1;1;1;1;1;1;1;1;1;1;1;1;1;1;1;1;1;1;1,,0.25;0.0;0.0;0.0;0.25;0.0;0.0;0.0;0.25;0.0;0.25;0.0;0.25;0.0;0.0;0.0;0.0;0.0;0.25;0.0,0;0;0;0;0;0;0;0;0;0;0;0;0;0;0;0;0;0;0;0,0.075,0.0,0,0.0,0,128,0,1,,
qwen2.5:7b,Q4_K_M,5,non-ordered,trivial,cot,True,none,solve,1.0,8192,79114,ROMEO SIERRA YANKEE,ICEBERG,5,15,20,19,19,0;1;1;1;1;1;1;1;1;1;1;1;1;1;1;1;1;1;1;1,0;1;1;1;1;1;1;1;1;1;1;1;1;1;1;1;1;1;1;1,0.5;0.75;0.75;0.75;0.75;1.0;0.75;0.75;0.75;0.75;0.75;0.75;0.75;0.75;0.75;0.75;0.75;0.75;0.75;0.75,295;257;352;259;282;509;271;266;257;254;294;306;262;300;278;268;251;229;253;219,0.75,283.1,0,0.0,0,433,0,1,1,
qwen2.5:7b,Q4_K_M,5,non-ordered,trivial,direct,True,none,solve,1.0,8192,79114,ROMEO SIERRA YANKEE,ICEBERG,5,15,20,,20,1;1;1;1;1;1;1;1;1;1;1;1;1;1;1;1;1;1;1;1,,1.0;1.0;1.0;1.0;1.0;1.0;1.0;1.0;1.0;1.0;1.0;1.0;1.0;1.0;1.0;1.0;1.0;1.0;1.0;1.0,0;0;0;0;0;0;0;0;0;0;0;0;0;0;0;0;0;0;0;0,1.0,0.0,0,0.0,1,140,0,1,,
qwen2.5:7b,Q4_K_M,5,non-ordered,math_bench_2,cot,True,none,solve,1.0,8192,79149,OSCAR YANKEE PAPA,FALCON,5,14,20,19,19,1;1;1;0;1;1;1;1;1;1;1;1;1;1;1;1;1;1;1;1,1;1;1;0;1;1;1;1;1;1;1;1;1;1;1;1;1;1;1;1,0.75;0.5;0.75;0.5;0.75;0.75;0.75;0.75;0.75;0.75;1.0;0.5;0.75;0.5;0.75;0.75;0.5;1.0;0.75;1.0,968;1115;1544;923;1086;1152;1591;1368;942;1093;1293;1251;1127;927;1555;1792;1285;2031;924;1749,0.725,1285.8,0,0.0,0,1552,0,0,1,
qwen2.5:7b,Q4_K_M,5,non-ordered,math_bench_2,direct,True,none,solve,1.0,8192,79149,OSCAR YANKEE PAPA,FALCON,5,14,20,,20,1;1;1;1;1;1;1;1;1;1;1;1;1;1;1;1;1;1;1;1,,0.25;0.0;0.25;0.5;0.25;0.25;0.0;0.0;0.25;0.0;0.25;0.25;0.25;0.0;0.5;0.25;0.5;0.0;0.0;0.0,0;0;0;0;0;0;0;0;0;0;0;0;0;0;0;0;0;0;0;0,0.1875,0.0,0,0.0,0,123,0,1,,
qwen2.5:7b,Q4_K_M,5,non-ordered,math_bench_4,cot,True,none,solve,1.0,8192,79149,OSCAR YANKEE PAPA,FALCON,5,14,20,18,17,1;0;1;1;1;1;1;1;1;0;1;1;1;1;1;1;1;1;1;0,1;0;1;1;1;1;1;1;1;1;1;1;1;0;1;1;1;1;1;1,0.0;0.0;0.75;0.25;1.0;0.5;0.25;0.5;0.75;0.75;0.5;0.25;0.5;0.25;0.25;0.5;0.25;0.25;0.25;0.5,1322;1195;2071;988;2236;1562;1185;1082;1400;2506;1133;1985;1692;1234;1512;1207;1181;1731;1200;1368,0.4125,1489.5,0,0.0,0,1402,0,0,0,
qwen2.5:7b,Q4_K_M,5,non-ordered,math_bench_4,direct,True,none,solve,1.0,8192,79149,OSCAR YANKEE PAPA,FALCON,5,14,20,,20,1;1;1;1;1;1;1;1;1;1;1;1;1;1;1;1;1;1;1;1,,0.0;0.25;0.0;0.25;0.0;0.25;0.0;0.0;0.25;0.5;0.25;0.0;0.25;0.25;0.0;0.25;0.0;0.25;0.0;0.25,0;0;0;0;0;0;0;0;0;0;0;0;0;0;0;0;0;0;0;0,0.15,0.0,0,0.0,0,123,0,1,,
qwen2.5:7b,Q4_K_M,5,non-ordered,math_bench_5,cot,True,none,solve,1.0,8192,79149,OSCAR YANKEE PAPA,FALCON,5,14,20,18,15,1;1;1;1;1;0;1;1;1;1;1;1;0;0;1;0;0;1;1;1,1;1;1;1;1;1;1;1;1;1;1;1;1;0;1;0;1;1;1;1,0.5;1.0;0.5;0.25;0.75;0.5;1.0;0.25;0.75;0.0;0.75;0.75;0.25;0.5;1.0;0.5;0.75;0.5;0.25;0.5,1082;1518;1266;1098;1423;1298;1895;1475;1635;1013;1400;1142;1195;1469;1661;1446;1579;1229;1154;1349,0.5625,1366.35,0,0.0,0,1324,0,1,1,
qwen2.5:7b,Q4_K_M,5,non-ordered,math_bench_5,direct,True,none,solve,1.0,8192,79149,OSCAR YANKEE PAPA,FALCON,5,14,20,,20,1;1;1;1;1;1;1;1;1;1;1;1;1;1;1;1;1;1;1;1,,0.25;0.0;0.0;0.0;0.0;0.0;0.0;0.0;0.0;0.0;0.25;0.0;0.0;0.0;0.0;0.0;0.0;0.0;0.0;0.0,0;0;0;0;0;0;0;0;0;0;0;0;0;0;0;0;0;0;0;0,0.025,0.0,0,0.0,0,124,0,1,,
qwen2.5:7b,Q4_K_M,5,non-ordered,trivial,cot,True,none,solve,1.0,8192,80114,ZULU ROMEO JULIET,PUMPKIN,5,15,20,19,19,1;1;1;1;1;1;1;1;1;0;1;1;1;1;1;1;1;1;1;1,1;1;1;1;1;1;1;1;1;0;1;1;1;1;1;1;1;1;1;1,1.0;0.75;1.0;1.0;1.0;1.0;1.0;0.75;1.0;0.75;1.0;1.0;1.0;1.0;1.0;1.0;1.0;1.0;1.0;1.0,563;582;505;440;297;367;383;487;491;359;362;460;312;452;300;404;303;298;589;294,0.9625,412.4,0,0.0,0,409,0,0,0,
qwen2.5:7b,Q4_K_M,5,non-ordered,trivial,direct,True,none,solve,1.0,8192,80114,ZULU ROMEO JULIET,PUMPKIN,5,15,20,,20,1;1;1;1;1;1;1;1;1;1;1;1;1;1;1;1;1;1;1;1,,1.0;1.0;1.0;1.0;1.0;1.0;1.0;1.0;1.0;1.0;1.0;1.0;1.0;1.0;1.0;1.0;1.0;1.0;1.0;1.0,0;0;0;0;0;0;0;0;0;0;0;0;0;0;0;0;0;0;0;0,1.0,0.0,0,0.0,1,136,0,1,,
qwen2.5:7b,Q4_K_M,5,non-ordered,math_bench_2,cot,True,none,solve,1.0,8192,80149,ALPHA XRAY OSCAR,EMERALD,5,15,20,13,14,1;1;0;1;0;1;0;0;1;1;1;1;0;1;1;1;1;1;0;1,0;1;0;1;0;1;0;0;1;1;1;1;0;1;1;1;1;1;0;1,0.75;0.5;0.75;0.75;0.25;1.0;0.75;0.5;0.75;0.75;1.0;0.75;0.75;0.75;0.5;0.25;1.0;0.75;0.75;0.75,832;991;773;1185;941;975;1000;1217;1106;982;1013;1022;660;885;812;1003;1394;945;865;1181,0.7,989.1,0,0.0,0,1610,0,1,1,
qwen2.5:7b,Q4_K_M,5,non-ordered,math_bench_2,direct,True,none,solve,1.0,8192,80149,ALPHA XRAY OSCAR,EMERALD,5,15,20,,20,1;1;1;1;1;1;1;1;1;1;1;1;1;1;1;1;1;1;1;1,,0.25;0.25;0.25;0.25;0.25;0.0;0.0;0.25;0.25;0.25;0.25;0.25;0.25;0.25;0.25;0.25;0.25;0.0;0.25;0.25,0;0;0;0;0;0;0;0;0;0;0;0;0;0;0;0;0;0;0;0,0.2125,0.0,0,0.0,0,125,0,1,,
qwen2.5:7b,Q4_K_M,5,non-ordered,math_bench_4,cot,True,none,solve,1.0,8192,80149,ALPHA XRAY OSCAR,EMERALD,5,15,20,16,16,1;1;1;0;1;0;1;1;0;1;1;1;1;1;1;1;1;1;1;0,1;0;1;0;1;1;1;1;1;1;1;0;0;1;1;1;1;1;1;1,0.5;0.25;0.25;0.25;0.5;1.0;1.0;0.75;0.5;0.75;0.5;0.25;0.5;0.75;0.5;0.75;0.5;0.5;0.75;0.5,1489;1652;1564;2185;1473;2024;1743;1532;1882;1685;1590;1072;935;1541;2083;1794;1985;1177;1378;1742,0.5625,1626.3,0,0.0,0,1435,0,1,1,
qwen2.5:7b,Q4_K_M,5,non-ordered,math_bench_4,direct,True,none,solve,1.0,8192,80149,ALPHA XRAY OSCAR,EMERALD,5,15,20,,20,1;1;1;1;1;1;1;1;1;1;1;1;1;1;1;1;1;1;1;1,,0.75;0.5;0.5;0.5;0.75;0.5;0.5;0.5;0.5;0.5;0.25;0.5;1.0;0.75;0.25;0.75;0.25;1.0;0.25;0.5,0;0;0;0;0;0;0;0;0;0;0;0;0;0;0;0;0;0;0;0,0.55,0.0,0,0.0,0,123,0,1,,
qwen2.5:7b,Q4_K_M,5,non-ordered,math_bench_5,cot,True,none,solve,1.0,8192,80149,ALPHA XRAY OSCAR,EMERALD,5,15,20,18,19,1;1;1;1;1;1;1;1;1;0;1;1;1;1;1;1;1;1;1;1,1;1;1;1;1;1;1;1;1;0;1;0;1;1;1;1;1;1;1;1,0.5;0.25;0.5;0.75;0.5;0.5;0.25;0.5;0.75;0.75;0.5;0.5;0.75;0.5;0.5;0.5;0.5;0.75;1.0;0.5,1426;1991;1715;1500;1273;999;1608;2080;1321;1550;1580;1387;1381;1556;1693;2283;1620;954;2361;1735,0.5625,1600.65,0,0.0,0,1069,0,1,1,
qwen2.5:7b,Q4_K_M,5,non-ordered,math_bench_5,direct,True,none,solve,1.0,8192,80149,ALPHA XRAY OSCAR,EMERALD,5,15,20,,20,1;1;1;1;1;1;1;1;1;1;1;1;1;1;1;1;1;1;1;1,,0.0;0.0;0.0;0.0;0.0;0.5;0.5;0.0;0.5;0.0;0.25;0.25;0.5;0.25;0.25;0.0;0.25;0.5;0.0;0.5,0;0;0;0;0;0;0;0;0;0;0;0;0;0;0;0;0;0;0;0,0.2125,0.0,0,0.0,0,125,0,1,,
qwen2.5:7b,Q4_K_M,5,non-ordered,trivial,cot,True,none,solve,1.0,8192,81114,ZULU ROMEO GOLF,ZIGZAG,5,15,20,20,20,1;1;1;1;1;1;1;1;1;1;1;1;1;1;1;1;1;1;1;1,1;1;1;1;1;1;1;1;1;1;1;1;1;1;1;1;1;1;1;1,0.5;0.75;1.0;1.0;1.0;1.0;1.0;0.5;1.0;1.0;1.0;1.0;1.0;1.0;0.75;1.0;0.5;0.5;0.5;1.0,278;249;338;361;422;515;324;259;307;395;386;309;384;445;598;372;264;401;225;406,0.85,361.9,0,0.0,0,474,0,1,1,
qwen2.5:7b,Q4_K_M,5,non-ordered,trivial,direct,True,none,solve,1.0,8192,81114,ZULU ROMEO GOLF,ZIGZAG,5,15,20,,20,1;1;1;1;1;1;1;1;1;1;1;1;1;1;1;1;1;1;1;1,,1.0;1.0;1.0;1.0;1.0;1.0;1.0;1.0;1.0;1.0;1.0;1.0;1.0;1.0;1.0;1.0;1.0;1.0;1.0;1.0,0;0;0;0;0;0;0;0;0;0;0;0;0;0;0;0;0;0;0;0,1.0,0.0,0,0.0,1,133,0,1,,
qwen2.5:7b,Q4_K_M,5,non-ordered,math_bench_2,cot,True,none,solve,1.0,8192,81149,QUEBEC WHISKEY FOXTROT,QUARRY,5,11,20,19,19,1;1;1;1;1;1;1;1;1;0;1;1;1;1;1;1;1;1;1;1,1;1;1;1;1;1;1;1;1;0;1;1;1;1;1;1;1;1;1;1,1.0;1.0;1.0;0.75;0.75;0.25;0.75;1.0;0.75;1.0;0.75;0.75;0.75;1.0;0.75;0.75;0.75;0.75;1.0;0.5,1183;1317;832;1010;872;1041;1008;924;767;1051;968;588;797;790;1057;999;1065;1597;1353;489,0.8,985.4,0,0.0,0,884,0,1,1,
qwen2.5:7b,Q4_K_M,5,non-ordered,math_bench_2,direct,True,none,solve,1.0,8192,81149,QUEBEC WHISKEY FOXTROT,QUARRY,5,11,20,,20,1;1;1;1;1;1;1;1;1;1;1;1;1;1;1;1;1;1;1;1,,0.25;0.25;0.25;0.25;0.25;0.25;0.25;0.25;0.25;0.25;0.25;0.25;0.25;0.25;0.25;0.25;0.25;0.25;0.25;0.25,0;0;0;0;0;0;0;0;0;0;0;0;0;0;0;0;0;0;0;0,0.25,0.0,0,0.0,1,126,0,1,,
qwen2.5:7b,Q4_K_M,5,non-ordered,math_bench_4,cot,True,none,solve,1.0,8192,81149,QUEBEC WHISKEY FOXTROT,QUARRY,5,11,20,16,16,1;0;1;1;1;1;1;0;1;1;1;1;1;0;1;1;0;1;1;1,1;0;1;1;1;1;1;0;1;1;1;1;1;0;1;1;0;1;1;1,0.5;0.25;0.75;0.25;0.5;0.0;0.25;0.5;0.75;0.25;0.25;0.75;0.75;0.5;0.5;0.0;0.25;0.25;0.25;0.5,1412;909;1807;1419;1590;2028;1523;1493;1680;1474;1506;2319;1513;1249;1292;1455;1054;1241;1367;2245,0.4,1528.8,0,0.0,0,1862,0,0,0,
qwen2.5:7b,Q4_K_M,5,non-ordered,math_bench_4,direct,True,none,solve,1.0,8192,81149,QUEBEC WHISKEY FOXTROT,QUARRY,5,11,20,,20,1;1;1;1;1;1;1;1;1;1;1;1;1;1;1;1;1;1;1;1,,0.0;0.0;0.0;0.0;0.0;0.0;0.0;0.0;0.0;0.0;0.0;0.0;0.0;0.0;0.0;0.0;0.0;0.0;0.0;0.0,0;0;0;0;0;0;0;0;0;0;0;0;0;0;0;0;0;0;0;0,0.0,0.0,0,0.0,0,127,0,1,,
qwen2.5:7b,Q4_K_M,5,non-ordered,math_bench_5,cot,True,none,solve,1.0,8192,81149,QUEBEC WHISKEY FOXTROT,QUARRY,5,11,20,19,18,1;1;1;1;1;1;1;1;1;1;1;0;1;1;0;1;1;1;1;1,1;1;1;1;1;1;1;1;1;1;1;0;1;1;1;1;1;1;1;1,0.25;0.0;0.25;0.5;0.0;0.5;0.5;0.25;0.25;0.5;0.25;0.25;0.25;0.25;0.0;0.25;0.0;0.5;0.25;0.25,1518;1193;1304;1520;752;1230;1766;1306;1180;1571;1352;1106;1221;1340;1432;1201;1022;1780;1674;1089,0.2625,1327.85,0,0.0,0,1237,0,1,1,
qwen2.5:7b,Q4_K_M,5,non-ordered,math_bench_5,direct,True,none,solve,1.0,8192,81149,QUEBEC WHISKEY FOXTROT,QUARRY,5,11,20,,20,1;1;1;1;1;1;1;1;1;1;1;1;1;1;1;1;1;1;1;1,,0.0;0.0;0.0;0.0;0.0;0.0;0.0;0.25;0.25;0.0;0.0;0.0;0.0;0.0;0.0;0.0;0.0;0.0;0.0;0.0,0;0;0;0;0;0;0;0;0;0;0;0;0;0;0;0;0;0;0;0,0.025,0.0,0,0.0,0,128,0,1,,
qwen2.5:7b,Q4_K_M,5,non-ordered,trivial,cot,True,none,solve,1.0,8192,82114,XRAY QUEBEC ROMEO,XYLOPHONE,5,15,20,19,19,1;1;1;1;1;1;1;1;1;1;1;1;1;1;1;1;0;1;1;1,1;1;1;1;1;1;1;1;1;1;1;1;1;1;1;1;0;1;1;1,1.0;1.0;1.0;1.0;1.0;1.0;1.0;1.0;1.0;1.0;1.0;1.0;1.0;1.0;1.0;1.0;0.5;1.0;1.0;1.0,321;303;271;255;304;408;399;426;271;220;349;336;425;309;386;521;281;313;334;324,0.975,337.8,0,0.0,0,494,0,1,1,
qwen2.5:7b,Q4_K_M,5,non-ordered,trivial,direct,True,none,solve,1.0,8192,82114,XRAY QUEBEC ROMEO,XYLOPHONE,5,15,20,,20,1;1;1;1;1;1;1;1;1;1;1;1;1;1;1;1;1;1;1;1,,1.0;1.0;1.0;1.0;1.0;1.0;1.0;1.0;1.0;1.0;1.0;1.0;1.0;1.0;1.0;1.0;1.0;1.0;1.0;1.0,0;0;0;0;0;0;0;0;0;0;0;0;0;0;0;0;0;0;0;0,1.0,0.0,0,0.0,1,141,0,1,,
qwen2.5:7b,Q4_K_M,5,non-ordered,math_bench_2,cot,True,none,solve,1.0,8192,82149,NOVEMBER ZULU ECHO,XYLOPHONE,5,15,20,5,8,1;0;0;0;0;1;1;0;1;0;1;1;0;0;1;0;0;0;0;1,0;0;0;0;0;1;1;0;1;0;1;1;0;0;0;0;0;0;0;0,0.75;0.5;0.75;0.25;0.75;1.0;1.0;0.75;0.75;0.75;1.0;0.75;1.0;0.75;1.0;0.75;0.75;0.5;0.75;1.0,989;438;576;580;665;963;1214;647;715;818;716;875;862;880;895;725;720;510;604;554,0.775,747.3,0,0.0,0,1090,0,0,0,
qwen2.5:7b,Q4_K_M,5,non-ordered,math_bench_2,direct,True,none,solve,1.0,8192,82149,NOVEMBER ZULU ECHO,XYLOPHONE,5,15,20,,20,1;1;1;1;1;1;1;1;1;1;1;1;1;1;1;1;1;1;1;1,,0.75;0.75;0.75;0.75;0.75;0.75;0.75;0.75;0.75;0.75;0.75;0.75;0.75;0.75;0.75;0.75;0.75;0.75;0.75;0.75,0;0;0;0;0;0;0;0;0;0;0;0;0;0;0;0;0;0;0;0,0.75,0.0,0,0.0,1,130,0,1,,
qwen2.5:7b,Q4_K_M,5,non-ordered,math_bench_4,cot,True,none,solve,1.0,8192,82149,NOVEMBER ZULU ECHO,XYLOPHONE,5,15,20,17,19,1;1;1;1;0;1;1;1;1;1;1;1;1;1;1;1;1;1;1;1,1;1;1;1;0;1;1;0;1;1;1;1;1;1;1;0;1;1;1;1,0.75;0.5;0.75;1.0;0.5;0.5;0.75;0.25;0.75;0.75;0.5;0.75;1.0;0.75;0.5;0.75;0.5;0.5;0.5;0.5,1060;1244;705;1553;952;1469;1912;1382;1606;936;775;1116;1220;1400;1455;1263;1016;946;1172;1540,0.6375,1236.1,0,0.0,0,970,0,1,1,
qwen2.5:7b,Q4_K_M,5,non-ordered,math_bench_4,direct,True,none,solve,1.0,8192,82149,NOVEMBER ZULU ECHO,XYLOPHONE,5,15,20,,20,1;1;1;1;1;1;1;1;1;1;1;1;1;1;1;1;1;1;1;1,,0.25;0.25;0.25;0.25;0.25;0.25;0.25;0.25;0.25;0.25;0.25;0.25;0.5;0.25;0.25;0.25;0.25;0.25;0.25;0.5,0;0;0;0;0;0;0;0;0;0;0;0;0;0;0;0;0;0;0;0,0.275,0.0,0,0.0,0,128,0,1,,
qwen2.5:7b,Q4_K_M,5,non-ordered,math_bench_5,cot,True,none,solve,1.0,8192,82149,NOVEMBER ZULU ECHO,XYLOPHONE,5,15,20,19,19,1;1;1;1;1;1;1;1;1;0;1;1;1;1;1;1;1;1;1;1,1;1;1;1;1;1;1;1;1;0;1;1;1;1;1;1;1;1;1;1,0.5;0.25;0.5;0.25;0.0;0.25;0.5;0.25;0.0;0.0;0.5;0.25;0.25;0.5;0.25;0.25;0.25;0.0;0.25;0.0,1606;1613;1298;1521;1916;1526;1493;1442;1121;1044;952;1465;1132;2263;1628;2524;1718;1231;1416;1452,0.25,1518.05,0,0.0,0,2108,0,1,1,
qwen2.5:7b,Q4_K_M,5,non-ordered,math_bench_5,direct,True,none,solve,1.0,8192,82149,NOVEMBER ZULU ECHO,XYLOPHONE,5,15,20,,20,1;1;1;1;1;1;1;1;1;1;1;1;1;1;1;1;1;1;1;1,,0.25;0.5;0.5;0.5;0.25;0.5;0.25;0.25;0.25;0.5;0.25;0.25;0.25;0.25;0.25;0.25;0.25;0.25;0.25;0.25,0;0;0;0;0;0;0;0;0;0;0;0;0;0;0;0;0;0;0;0,0.3125,0.0,0,0.0,0,127,0,1,,
qwen2.5:7b,Q4_K_M,5,non-ordered,trivial,cot,True,none,solve,1.0,8192,83114,GOLF DELTA MIKE,HARMONICA,5,15,20,20,19,1;1;1;1;1;1;1;1;1;1;1;1;1;1;1;1;1;1;1;0,1;1;1;1;1;1;1;1;1;1;1;1;1;1;1;1;1;1;1;1,1.0;1.0;1.0;1.0;0.75;1.0;1.0;1.0;1.0;1.0;0.75;1.0;1.0;1.0;0.75;1.0;1.0;1.0;1.0;0.75,406;312;371;403;300;270;383;337;407;412;242;291;368;371;318;464;311;278;425;330,0.95,349.95,0,0.0,0,689,0,1,1,
qwen2.5:7b,Q4_K_M,5,non-ordered,trivial,direct,True,none,solve,1.0,8192,83114,GOLF DELTA MIKE,HARMONICA,5,15,20,,20,1;1;1;1;1;1;1;1;1;1;1;1;1;1;1;1;1;1;1;1,,1.0;1.0;1.0;1.0;1.0;1.0;1.0;1.0;1.0;1.0;1.0;1.0;1.0;1.0;1.0;1.0;1.0;1.0;1.0;1.0,0;0;0;0;0;0;0;0;0;0;0;0;0;0;0;0;0;0;0;0,1.0,0.0,0,0.0,1,141,0,1,,
qwen2.5:7b,Q4_K_M,5,non-ordered,math_bench_2,cot,True,none,solve,1.0,8192,83149,NOVEMBER HOTEL ROMEO,ORCHID,5,12,20,19,19,1;1;1;1;1;1;1;1;1;1;1;1;1;1;1;1;1;1;0;1,1;1;1;1;1;1;1;1;1;1;1;1;1;1;1;1;1;1;0;1,1.0;1.0;1.0;1.0;1.0;1.0;1.0;1.0;0.75;0.75;1.0;0.75;1.0;1.0;0.75;0.75;0.75;1.0;0.75;0.75,838;941;1030;1077;975;1009;687;920;964;984;984;1095;965;1089;1113;1192;1384;1004;794;1027,0.9,1003.6,0,0.0,0,904,0,1,1,
qwen2.5:7b,Q4_K_M,5,non-ordered,math_bench_2,direct,True,none,solve,1.0,8192,83149,NOVEMBER HOTEL ROMEO,ORCHID,5,12,20,,20,1;1;1;1;1;1;1;1;1;1;1;1;1;1;1;1;1;1;1;1,,0.5;0.5;0.5;0.5;0.5;0.5;0.5;0.25;0.5;0.5;0.5;0.5;0.5;0.5;0.5;0.5;0.5;0.5;0.5;0.5,0;0;0;0;0;0;0;0;0;0;0;0;0;0;0;0;0;0;0;0,0.4875,0.0,0,0.0,0,130,0,1,,
qwen2.5:7b,Q4_K_M,5,non-ordered,math_bench_4,cot,True,none,solve,1.0,8192,83149,NOVEMBER HOTEL ROMEO,ORCHID,5,12,20,19,19,1;1;1;1;1;1;1;1;1;0;1;1;1;1;1;1;1;1;1;1,1;1;1;1;1;1;1;1;1;0;1;1;1;1;1;1;1;1;1;1,1.0;0.75;0.5;0.75;1.0;0.5;0.75;1.0;1.0;0.5;0.25;0.5;0.5;0.75;1.0;0.5;1.0;0.75;1.0;1.0,1539;1302;1219;1079;1029;1288;982;1440;1438;1128;1310;1122;1448;956;1055;1031;1584;1434;1216;1412,0.75,1250.6,0,0.0,0,1381,0,1,1,
qwen2.5:7b,Q4_K_M,5,non-ordered,math_bench_4,direct,True,none,solve,1.0,8192,83149,NOVEMBER HOTEL ROMEO,ORCHID,5,12,20,,20,1;1;1;1;1;1;1;1;1;1;1;1;1;1;1;1;1;1;1;1,,0.0;0.0;0.25;0.25;0.0;0.0;0.25;0.0;0.0;0.0;0.0;0.0;0.0;0.25;0.0;0.0;0.0;0.0;0.0;0.0,0;0;0;0;0;0;0;0;0;0;0;0;0;0;0;0;0;0;0;0,0.05,0.0,0,0.0,0,128,0,1,,
qwen2.5:7b,Q4_K_M,5,non-ordered,math_bench_5,cot,True,none,solve,1.0,8192,83149,NOVEMBER HOTEL ROMEO,ORCHID,5,12,20,20,18,1;1;1;1;1;1;1;1;1;1;0;1;1;1;1;1;0;1;1;1,1;1;1;1;1;1;1;1;1;1;1;1;1;1;1;1;1;1;1;1,0.25;0.0;0.25;0.25;0.0;0.25;0.25;0.25;0.25;0.0;0.5;0.0;0.5;0.25;0.0;0.5;0.0;0.25;0.25;0.25,1012;1305;1354;1846;2103;1198;1019;1431;1763;1109;2851;1472;1274;1509;1130;1166;1964;1460;2485;1106,0.2125,1527.85,0,0.0,0,1328,0,1,1,
qwen2.5:7b,Q4_K_M,5,non-ordered,math_bench_5,direct,True,none,solve,1.0,8192,83149,NOVEMBER HOTEL ROMEO,ORCHID,5,12,20,,20,1;1;1;1;1;1;1;1;1;1;1;1;1;1;1;1;1;1;1;1,,0.25;0.0;0.25;0.25;0.25;0.0;0.25;0.5;0.25;0.0;0.25;0.25;0.5;0.0;0.25;0.0;0.0;0.0;0.25;0.0,0;0;0;0;0;0;0;0;0;0;0;0;0;0;0;0;0;0;0;0,0.175,0.0,0,0.0,0,134,0,1,,
qwen2.5:7b,Q4_K_M,5,non-ordered,trivial,cot,True,none,solve,1.0,8192,84114,JULIET HOTEL ROMEO,MARBLE,5,15,20,20,20,1;1;1;1;1;1;1;1;1;1;1;1;1;1;1;1;1;1;1;1,1;1;1;1;1;1;1;1;1;1;1;1;1;1;1;1;1;1;1;1,1.0;1.0;1.0;1.0;1.0;1.0;1.0;1.0;0.75;1.0;1.0;0.75;1.0;1.0;1.0;1.0;1.0;1.0;0.75;1.0,336;352;272;272;273;272;345;335;424;294;272;521;405;344;395;368;359;317;279;353,0.9625,339.4,0,0.0,0,602,0,1,1,
qwen2.5:7b,Q4_K_M,5,non-ordered,trivial,direct,True,none,solve,1.0,8192,84114,JULIET HOTEL ROMEO,MARBLE,5,15,20,,20,1;1;1;1;1;1;1;1;1;1;1;1;1;1;1;1;1;1;1;1,,1.0;1.0;1.0;1.0;1.0;1.0;1.0;1.0;1.0;1.0;1.0;1.0;1.0;1.0;1.0;1.0;1.0;1.0;1.0;1.0,0;0;0;0;0;0;0;0;0;0;0;0;0;0;0;0;0;0;0;0,1.0,0.0,0,0.0,1,143,0,1,,
qwen2.5:7b,Q4_K_M,5,non-ordered,math_bench_2,cot,True,none,solve,1.0,8192,84149,SIERRA GOLF KILO,CARNIVAL,5,15,20,20,18,1;1;1;1;1;1;1;1;1;1;1;1;1;0;0;1;1;1;1;1,1;1;1;1;1;1;1;1;1;1;1;1;1;1;1;1;1;1;1;1,0.75;0.75;0.5;0.5;0.75;1.0;1.0;1.0;0.75;0.75;0.75;1.0;0.5;0.5;0.25;0.5;0.75;0.75;0.5;0.5,1020;921;1041;895;987;561;1270;1046;1152;916;1192;1185;885;793;959;1339;867;1529;1044;862,0.6875,1023.2,0,0.0,0,1305,0,1,1,
qwen2.5:7b,Q4_K_M,5,non-ordered,math_bench_2,direct,True,none,solve,1.0,8192,84149,SIERRA GOLF KILO,CARNIVAL,5,15,20,,20,1;1;1;1;1;1;1;1;1;1;1;1;1;1;1;1;1;1;1;1,,0.5;0.25;0.25;0.5;0.5;0.5;0.5;0.5;0.5;0.5;0.25;0.25;0.25;0.5;0.5;0.5;0.5;0.5;0.5;0.5,0;0;0;0;0;0;0;0;0;0;0;0;0;0;0;0;0;0;0;0,0.4375,0.0,0,0.0,0,125,0,1,,
qwen2.5:7b,Q4_K_M,5,non-ordered,math_bench_4,cot,True,none,solve,1.0,8192,84149,SIERRA GOLF KILO,CARNIVAL,5,15,20,14,10,0;1;0;0;1;1;0;1;1;0;0;1;1;1;1;0;1;0;0;0,0;1;0;1;1;1;1;1;1;0;1;1;1;1;1;0;1;0;1;0,0.25;0.5;0.25;0.5;0.5;0.5;0.5;0.5;0.25;0.0;0.0;0.5;0.75;0.25;0.5;0.5;0.25;0.25;0.75;0.5,1323;1244;956;1406;1505;818;1242;1348;1291;1102;1131;1171;1083;1031;1255;1152;1227;774;1422;856,0.4,1166.85,0,0.0,0,1324,0,0,1,
qwen2.5:7b,Q4_K_M,5,non-ordered,math_bench_4,direct,True,none,solve,1.0,8192,84149,SIERRA GOLF KILO,CARNIVAL,5,15,20,,20,1;1;1;1;1;1;1;1;1;1;1;1;1;1;1;1;1;1;1;1,,0.0;0.0;0.0;0.0;0.25;0.0;0.0;0.0;0.0;0.0;0.0;0.0;0.25;0.25;0.0;0.0;0.0;0.0;0.0;0.0,0;0;0;0;0;0;0;0;0;0;0;0;0;0;0;0;0;0;0;0,0.0375,0.0,0,0.0,0,127,0,1,,
qwen2.5:7b,Q4_K_M,5,non-ordered,math_bench_5,cot,True,none,solve,1.0,8192,84149,SIERRA GOLF KILO,CARNIVAL,5,15,20,15,15,1;0;1;1;1;1;1;1;1;1;0;1;1;1;0;0;0;1;1;1,0;1;1;1;0;1;1;0;1;1;0;1;1;0;1;1;1;1;1;1,0.0;0.0;0.25;0.0;0.0;0.0;0.25;0.0;0.0;0.25;0.0;0.0;0.0;0.25;0.25;0.5;0.0;0.0;0.0;0.25,1810;1737;2671;1454;1657;2192;1686;1661;1659;2097;1751;1678;1689;1390;1654;2236;1640;1935;1919;1837,0.1,1817.65,0,0.0,0,1343,0,0,1,
qwen2.5:7b,Q4_K_M,5,non-ordered,math_bench_5,direct,True,none,solve,1.0,8192,84149,SIERRA GOLF KILO,CARNIVAL,5,15,20,,20,1;1;1;1;1;1;1;1;1;1;1;1;1;1;1;1;1;1;1;1,,0.0;0.0;0.0;0.0;0.0;0.0;0.0;0.0;0.0;0.0;0.0;0.0;0.0;0.0;0.0;0.0;0.0;0.0;0.0;0.0,0;0;0;0;0;0;0;0;0;0;0;0;0;0;0;0;0;0;0;0,0.0,0.0,0,0.0,0,127,0,1,,
qwen2.5:7b,Q4_K_M,5,non-ordered,trivial,cot,True,none,solve,1.0,8192,85114,CHARLIE ALPHA VICTOR,UKULELE,5,13,20,20,20,1;1;1;1;1;1;1;1;1;1;1;1;1;1;1;1;1;1;1;1,1;1;1;1;1;1;1;1;1;1;1;1;1;1;1;1;1;1;1;1,1.0;1.0;1.0;1.0;1.0;1.0;1.0;1.0;1.0;1.0;1.0;1.0;1.0;1.0;1.0;1.0;1.0;1.0;1.0;1.0,352;469;341;413;395;300;331;392;301;307;351;300;389;416;384;445;414;443;409;360,1.0,375.6,0,0.0,0,747,0,1,1,
qwen2.5:7b,Q4_K_M,5,non-ordered,trivial,direct,True,none,solve,1.0,8192,85114,CHARLIE ALPHA VICTOR,UKULELE,5,13,20,,20,1;1;1;1;1;1;1;1;1;1;1;1;1;1;1;1;1;1;1;1,,1.0;1.0;1.0;1.0;1.0;1.0;1.0;1.0;1.0;1.0;1.0;1.0;1.0;1.0;1.0;1.0;1.0;1.0;1.0;1.0,0;0;0;0;0;0;0;0;0;0;0;0;0;0;0;0;0;0;0;0,1.0,0.0,0,0.0,1,138,0,1,,
qwen2.5:7b,Q4_K_M,5,non-ordered,math_bench_2,cot,True,none,solve,1.0,8192,85149,DELTA JULIET MIKE,TANGERINE,5,14,20,12,16,0;1;1;1;1;1;1;1;1;0;0;1;1;1;0;1;1;1;1;1,0;0;1;1;1;1;1;1;0;0;0;1;1;1;0;1;1;1;0;0,0.75;0.75;1.0;1.0;1.0;1.0;1.0;1.0;1.0;0.75;0.75;1.0;1.0;1.0;1.0;1.0;1.0;1.0;1.0;1.0,533;360;872;843;695;665;818;774;737;531;713;868;1001;881;563;790;700;655;575;794,0.95,718.4,0,0.0,0,812,0,0,0,
qwen2.5:7b,Q4_K_M,5,non-ordered,math_bench_2,direct,True,none,solve,1.0,8192,85149,DELTA JULIET MIKE,TANGERINE,5,14,20,,20,1;1;1;1;1;1;1;1;1;1;1;1;1;1;1;1;1;1;1;1,,0.5;0.5;0.5;0.5;0.5;0.5;0.5;0.5;0.5;0.5;0.5;0.5;0.5;0.5;0.5;0.5;0.5;0.5;0.5;0.5,0;0;0;0;0;0;0;0;0;0;0;0;0;0;0;0;0;0;0;0,0.5,0.0,0,0.0,0,128,0,1,,
qwen2.5:7b,Q4_K_M,5,non-ordered,math_bench_4,cot,True,none,solve,1.0,8192,85149,DELTA JULIET MIKE,TANGERINE,5,14,20,18,18,1;1;1;1;1;0;1;1;1;1;1;1;1;1;1;1;1;0;1;1,0;1;1;1;1;0;1;1;1;1;1;1;1;1;1;1;1;1;1;1,0.5;0.5;0.5;0.25;0.5;0.5;0.25;1.0;0.5;0.5;0.5;0.75;0.5;0.75;0.5;0.5;0.75;1.0;0.75;0.75,1051;1028;1402;1282;914;866;1224;973;1108;1073;1022;1126;1411;1004;1074;1202;907;1873;1213;973,0.5875,1136.3,0,0.0,0,954,0,1,1,
qwen2.5:7b,Q4_K_M,5,non-ordered,math_bench_4,direct,True,none,solve,1.0,8192,85149,DELTA JULIET MIKE,TANGERINE,5,14,20,,20,1;1;1;1;1;1;1;1;1;1;1;1;1;1;1;1;1;1;1;1,,0.25;0.5;0.0;0.25;0.5;0.25;0.5;0.5;0.25;0.0;0.5;0.25;0.0;0.5;0.25;0.5;0.25;0.0;0.25;0.5,0;0;0;0;0;0;0;0;0;0;0;0;0;0;0;0;0;0;0;0,0.3,0.0,0,0.0,0,127,0,1,,
qwen2.5:7b,Q4_K_M,5,non-ordered,math_bench_5,cot,True,none,solve,1.0,8192,85149,DELTA JULIET MIKE,TANGERINE,5,14,20,20,13,1;0;0;0;1;0;1;1;1;0;1;1;1;1;0;1;1;1;0;1,1;1;1;1;1;1;1;1;1;1;1;1;1;1;1;1;1;1;1;1,0.0;0.75;0.25;0.5;0.5;0.5;0.5;0.5;1.0;0.75;0.25;0.75;0.5;0.75;0.75;0.75;0.25;0.25;0.75;0.5,1517;2128;2001;1846;2118;2139;1963;1937;2409;2259;1588;2012;2048;1831;1439;2198;1561;1282;2033;1576,0.5375,1894.25,0,0.0,0,1261,0,1,1,
qwen2.5:7b,Q4_K_M,5,non-ordered,math_bench_5,direct,True,none,solve,1.0,8192,85149,DELTA JULIET MIKE,TANGERINE,5,14,20,,20,1;1;1;1;1;1;1;1;1;1;1;1;1;1;1;1;1;1;1;1,,0.0;0.0;0.0;0.25;0.0;0.0;0.0;0.0;0.0;0.0;0.0;0.0;0.25;0.0;0.0;0.0;0.0;0.0;0.0;0.0,0;0;0;0;0;0;0;0;0;0;0;0;0;0;0;0;0;0;0;0,0.025,0.0,0,0.0,0,127,0,1,,
qwen2.5:7b,Q4_K_M,5,non-ordered,trivial,cot,True,none,solve,1.0,8192,86114,ZULU FOXTROT SIERRA,ALMOND,5,14,20,19,18,1;1;1;1;1;0;1;0;1;1;1;1;1;1;1;1;1;1;1;1,1;1;1;1;1;0;1;1;1;1;1;1;1;1;1;1;1;1;1;1,0.75;1.0;1.0;1.0;1.0;0.75;1.0;0.75;0.5;1.0;1.0;1.0;1.0;0.75;1.0;1.0;1.0;1.0;0.75;1.0,304;297;444;337;371;386;325;388;334;351;360;365;354;319;271;387;319;340;494;341,0.9125,354.35,0,0.0,0,456,0,1,1,
qwen2.5:7b,Q4_K_M,5,non-ordered,trivial,direct,True,none,solve,1.0,8192,86114,ZULU FOXTROT SIERRA,ALMOND,5,14,20,,20,1;1;1;1;1;1;1;1;1;1;1;1;1;1;1;1;1;1;1;1,,1.0;1.0;1.0;1.0;1.0;1.0;1.0;1.0;1.0;1.0;1.0;1.0;1.0;1.0;1.0;1.0;1.0;1.0;1.0;1.0,0;0;0;0;0;0;0;0;0;0;0;0;0;0;0;0;0;0;0;0,1.0,0.0,0,0.0,1,136,0,1,,
qwen2.5:7b,Q4_K_M,5,non-ordered,math_bench_2,cot,True,none,solve,1.0,8192,86149,GOLF TANGO QUEBEC,ZUCCHINI,5,14,20,19,20,1;1;1;1;1;1;1;1;1;1;1;1;1;1;1;1;1;1;1;1,0;1;1;1;1;1;1;1;1;1;1;1;1;1;1;1;1;1;1;1,1.0;1.0;1.0;1.0;1.0;1.0;1.0;1.0;1.0;1.0;1.0;1.0;1.0;1.0;1.0;1.0;1.0;1.0;1.0;1.0,692;1074;816;1165;965;988;1000;899;874;1179;927;1019;1032;955;1182;934;1084;1087;1002;1027,1.0,995.05,0,0.0,0,1209,0,1,1,
qwen2.5:7b,Q4_K_M,5,non-ordered,math_bench_2,direct,True,none,solve,1.0,8192,86149,GOLF TANGO QUEBEC,ZUCCHINI,5,14,20,,20,1;1;1;1;1;1;1;1;1;1;1;1;1;1;1;1;1;1;1;1,,0.25;0.25;0.5;0.5;0.5;0.75;0.75;0.5;0.5;0.5;0.5;0.75;0.5;0.5;0.5;0.25;0.5;0.75;0.5;0.25,0;0;0;0;0;0;0;0;0;0;0;0;0;0;0;0;0;0;0;0,0.5,0.0,0,0.0,0,127,0,1,,
qwen2.5:7b,Q4_K_M,5,non-ordered,math_bench_4,cot,True,none,solve,1.0,8192,86149,GOLF TANGO QUEBEC,ZUCCHINI,5,14,20,18,20,1;1;1;1;1;1;1;1;1;1;1;1;1;1;1;1;1;1;1;1,1;1;1;1;1;1;1;1;1;1;1;1;1;1;1;0;1;1;1;0,0.75;0.75;0.75;0.75;0.75;0.75;0.5;0.75;0.75;0.5;0.5;0.5;0.5;0.75;0.5;0.5;0.75;0.75;0.75;0.75,1250;1867;958;1260;1507;1449;1317;1679;2047;1139;1368;1605;967;1500;1034;1324;1529;1246;1112;935,0.6625,1354.65,0,0.0,0,1355,0,1,1,
qwen2.5:7b,Q4_K_M,5,non-ordered,math_bench_4,direct,True,none,solve,1.0,8192,86149,GOLF TANGO QUEBEC,ZUCCHINI,5,14,20,,20,1;1;1;1;1;1;1;1;1;1;1;1;1;1;1;1;1;1;1;1,,0.25;0.0;0.0;0.0;0.0;0.0;0.0;0.25;0.0;0.0;0.0;0.0;0.0;0.25;0.0;0.0;0.0;0.0;0.0;0.0,0;0;0;0;0;0;0;0;0;0;0;0;0;0;0;0;0;0;0;0,0.0375,0.0,0,0.0,0,129,0,1,,
qwen2.5:7b,Q4_K_M,5,non-ordered,math_bench_5,cot,True,none,solve,1.0,8192,86149,GOLF TANGO QUEBEC,ZUCCHINI,5,14,20,20,19,1;1;1;1;1;1;1;1;0;1;1;1;1;1;1;1;1;1;1;1,1;1;1;1;1;1;1;1;1;1;1;1;1;1;1;1;1;1;1;1,0.75;0.25;0.75;0.5;0.5;0.25;0.75;0.5;0.25;0.5;0.5;1.0;0.0;0.0;1.0;0.25;0.5;0.25;0.75;0.0,1519;1023;1395;1877;1448;1506;2036;2240;2512;1988;1456;1740;953;1218;2221;1617;2077;2306;1159;1391,0.4625,1684.1,0,0.0,0,1650,0,1,1,
qwen2.5:7b,Q4_K_M,5,non-ordered,math_bench_5,direct,True,none,solve,1.0,8192,86149,GOLF TANGO QUEBEC,ZUCCHINI,5,14,20,,20,1;1;1;1;1;1;1;1;1;1;1;1;1;1;1;1;1;1;1;1,,0.0;0.0;0.25;0.5;0.0;0.0;0.0;0.0;0.0;0.25;0.25;0.0;0.0;0.0;0.25;0.0;0.0;0.0;0.0;0.0,0;0;0;0;0;0;0;0;0;0;0;0;0;0;0;0;0;0;0;0,0.075,0.0,0,0.0,0,127,0,1,,
qwen2.5:7b,Q4_K_M,5,non-ordered,trivial,cot,True,none,solve,1.0,8192,87114,SIERRA MIKE ECHO,SCARECROW,5,12,20,20,20,1;1;1;1;1;1;1;1;1;1;1;1;1;1;1;1;1;1;1;1,1;1;1;1;1;1;1;1;1;1;1;1;1;1;1;1;1;1;1;1,0.75;0.75;0.75;0.75;0.75;0.75;0.75;0.75;0.75;0.75;0.75;0.75;0.75;0.75;0.75;0.75;0.5;0.75;0.5;0.5,330;320;253;266;364;358;355;269;254;302;319;379;366;350;382;394;282;361;321;335,0.7125,328.0,0,0.0,0,508,0,1,1,
qwen2.5:7b,Q4_K_M,5,non-ordered,trivial,direct,True,none,solve,1.0,8192,87114,SIERRA MIKE ECHO,SCARECROW,5,12,20,,20,1;1;1;1;1;1;1;1;1;1;1;1;1;1;1;1;1;1;1;1,,1.0;1.0;1.0;1.0;1.0;1.0;1.0;1.0;1.0;1.0;1.0;1.0;1.0;1.0;1.0;1.0;1.0;1.0;1.0;1.0,0;0;0;0;0;0;0;0;0;0;0;0;0;0;0;0;0;0;0;0,1.0,0.0,0,0.0,1,141,0,1,,
qwen2.5:7b,Q4_K_M,5,non-ordered,math_bench_2,cot,True,none,solve,1.0,8192,87149,INDIA NOVEMBER ALPHA,FALCON,5,15,20,13,17,1;1;1;1;1;1;1;0;1;1;1;1;1;0;1;1;1;1;1;0,1;1;1;1;1;1;1;0;0;1;1;0;0;0;0;1;1;1;1;0,1.0;1.0;0.5;0.75;0.75;0.5;1.0;1.0;0.5;0.75;1.0;0.75;1.0;0.75;0.5;1.0;0.75;0.5;0.75;0.5,1462;1664;1860;1492;2039;1677;1406;1295;1641;1794;1706;1015;1103;1337;733;1959;1925;1438;1245;1656,0.7625,1522.35,0,0.0,0,1462,0,1,1,
qwen2.5:7b,Q4_K_M,5,non-ordered,math_bench_2,direct,True,none,solve,1.0,8192,87149,INDIA NOVEMBER ALPHA,FALCON,5,15,20,,20,1;1;1;1;1;1;1;1;1;1;1;1;1;1;1;1;1;1;1;1,,0.0;0.25;0.0;0.0;0.0;0.0;0.0;0.25;0.25;0.0;0.0;0.25;0.0;0.0;0.0;0.25;0.0;0.0;0.25;0.0,0;0;0;0;0;0;0;0;0;0;0;0;0;0;0;0;0;0;0;0,0.075,0.0,0,0.0,0,122,0,1,,
qwen2.5:7b,Q4_K_M,5,non-ordered,math_bench_4,cot,True,none,solve,1.0,8192,87149,INDIA NOVEMBER ALPHA,FALCON,5,15,20,10,13,1;1;1;0;1;0;1;1;0;1;0;0;0;1;1;1;1;0;1;1,0;1;0;0;1;0;0;1;0;1;0;0;0;1;1;1;1;0;1;1,0.5;0.5;1.0;1.0;0.75;0.25;1.0;0.75;0.5;0.5;0.75;0.5;1.0;0.5;0.75;0.5;0.5;0.25;0.75;0.5,1018;1764;1665;1635;1269;890;1296;1372;1291;1136;1124;877;1004;1422;1482;1472;1092;1294;984;1216,0.6375,1265.15,0,0.0,0,1480,0,1,1,
qwen2.5:7b,Q4_K_M,5,non-ordered,math_bench_4,direct,True,none,solve,1.0,8192,87149,INDIA NOVEMBER ALPHA,FALCON,5,15,20,,20,1;1;1;1;1;1;1;1;1;1;1;1;1;1;1;1;1;1;1;1,,0.0;0.0;0.0;0.0;0.0;0.0;0.0;0.0;0.0;0.25;0.0;0.0;0.0;0.0;0.0;0.0;0.0;0.0;0.0;0.0,0;0;0;0;0;0;0;0;0;0;0;0;0;0;0;0;0;0;0;0,0.0125,0.0,0,0.0,0,123,0,1,,
qwen2.5:7b,Q4_K_M,5,non-ordered,math_bench_5,cot,True,none,solve,1.0,8192,87149,INDIA NOVEMBER ALPHA,FALCON,5,15,20,6,13,0;0;1;1;1;1;1;1;0;0;0;1;0;1;1;1;1;1;0;1,0;0;1;0;0;1;1;1;0;0;0;1;0;0;0;0;0;1;0;0,0.0;0.25;0.0;0.5;0.0;0.0;0.25;0.0;0.0;0.25;0.0;0.5;0.25;0.25;0.25;0.0;0.25;0.25;0.0;0.0,1681;1385;1648;1345;1653;1001;1288;1105;1826;1535;962;1233;1399;1187;1449;1450;895;1244;1633;1446,0.15,1368.25,0,0.0,0,1598,0,0,1,
qwen2.5:7b,Q4_K_M,5,non-ordered,math_bench_5,direct,True,none,solve,1.0,8192,87149,INDIA NOVEMBER ALPHA,FALCON,5,15,20,,20,1;1;1;1;1;1;1;1;1;1;1;1;1;1;1;1;1;1;1;1,,0.0;0.0;0.0;0.0;0.0;0.0;0.0;0.0;0.0;0.0;0.0;0.0;0.25;0.0;0.0;0.0;0.0;0.0;0.25;0.0,0;0;0;0;0;0;0;0;0;0;0;0;0;0;0;0;0;0;0;0,0.025,0.0,0,0.0,0,126,0,1,,
qwen2.5:7b,Q4_K_M,5,non-ordered,trivial,cot,True,none,solve,1.0,8192,88114,FOXTROT INDIA LIMA,CATAPULT,5,10,20,20,20,1;1;1;1;1;1;1;1;1;1;1;1;1;1;1;1;1;1;1;1,1;1;1;1;1;1;1;1;1;1;1;1;1;1;1;1;1;1;1;1,0.5;0.5;0.5;0.5;0.5;0.5;0.75;0.5;0.5;0.5;0.5;0.5;0.5;1.0;0.5;0.5;0.5;0.5;0.5;0.75,219;247;184;214;231;216;368;187;292;209;244;210;207;303;251;236;268;237;278;329,0.55,246.5,0,0.0,0,474,0,1,1,
qwen2.5:7b,Q4_K_M,5,non-ordered,trivial,direct,True,none,solve,1.0,8192,88114,FOXTROT INDIA LIMA,CATAPULT,5,10,20,,20,1;1;1;1;1;1;1;1;1;1;1;1;1;1;1;1;1;1;1;1,,1.0;1.0;1.0;1.0;1.0;1.0;1.0;1.0;1.0;1.0;1.0;1.0;1.0;1.0;1.0;1.0;1.0;1.0;1.0;1.0,0;0;0;0;0;0;0;0;0;0;0;0;0;0;0;0;0;0;0;0,1.0,0.0,0,0.0,1,139,0,1,,
qwen2.5:7b,Q4_K_M,5,non-ordered,math_bench_2,cot,True,none,solve,1.0,8192,88149,PAPA NOVEMBER JULIET,ZUCCHINI,5,12,20,19,19,1;1;1;1;1;1;1;1;1;1;1;1;1;1;1;1;1;0;1;1,1;1;1;1;1;1;1;1;1;1;1;1;1;1;1;1;1;0;1;1,0.75;0.75;0.75;0.75;1.0;0.75;1.0;0.5;0.75;1.0;1.0;1.0;1.0;0.75;1.0;0.75;1.0;0.25;0.5;1.0,920;1515;1165;1044;1305;846;1175;1267;1059;1274;945;1071;1268;711;906;1187;932;446;1232;1067,0.8125,1066.75,0,0.0,0,1084,0,1,1,
qwen2.5:7b,Q4_K_M,5,non-ordered,math_bench_2,direct,True,none,solve,1.0,8192,88149,PAPA NOVEMBER JULIET,ZUCCHINI,5,12,20,,20,1;1;1;1;1;1;1;1;1;1;1;1;1;1;1;1;1;1;1;1,,0.0;0.0;0.0;0.25;0.0;0.25;0.25;0.25;0.25;0.25;0.25;0.25;0.25;0.0;0.25;0.25;0.0;0.0;0.0;0.0,0;0;0;0;0;0;0;0;0;0;0;0;0;0;0;0;0;0;0;0,0.1375,0.0,0,0.0,0,128,0,1,,
qwen2.5:7b,Q4_K_M,5,non-ordered,math_bench_4,cot,True,none,solve,1.0,8192,88149,PAPA NOVEMBER JULIET,ZUCCHINI,5,12,20,18,17,1;1;1;1;0;1;1;1;1;1;1;1;1;1;1;1;1;0;1;0,1;1;1;1;0;1;1;1;1;1;1;1;1;1;1;1;1;1;1;0,1.0;0.75;0.75;1.0;0.0;0.75;1.0;0.75;0.75;0.75;0.5;0.75;0.5;0.5;0.5;0.75;0.75;0.0;0.75;0.0,1212;1696;1658;1361;900;1579;1700;1573;2395;801;1211;1789;1702;1245;1887;1704;1310;1322;1867;805,0.625,1485.85,0,0.0,0,1852,0,1,1,
qwen2.5:7b,Q4_K_M,5,non-ordered,math_bench_4,direct,True,none,solve,1.0,8192,88149,PAPA NOVEMBER JULIET,ZUCCHINI,5,12,20,,20,1;1;1;1;1;1;1;1;1;1;1;1;1;1;1;1;1;1;1;1,,0.0;0.0;0.0;0.25;0.0;0.0;0.0;0.0;0.0;0.25;0.25;0.0;0.0;0.0;0.0;0.0;0.0;0.0;0.0;0.0,0;0;0;0;0;0;0;0;0;0;0;0;0;0;0;0;0;0;0;0,0.0375,0.0,0,0.0,0,129,0,1,,
qwen2.5:7b,Q4_K_M,5,non-ordered,math_bench_5,cot,True,none,solve,1.0,8192,88149,PAPA NOVEMBER JULIET,ZUCCHINI,5,12,20,16,14,1;1;1;1;1;1;1;1;0;1;1;0;0;0;0;1;0;1;1;1,1;1;1;1;1;1;0;0;0;1;1;1;1;0;1;1;1;1;1;1,0.25;0.0;0.0;0.0;0.0;0.0;0.0;0.0;0.0;0.0;0.0;0.0;0.0;0.0;0.0;0.0;0.0;0.25;0.0;0.0,1600;1902;1573;1239;1431;888;1486;1159;1264;1877;2250;1497;1521;1292;1733;1424;1341;2113;1372;1326,0.025,1514.4,0,0.0,0,1754,0,1,1,
qwen2.5:7b,Q4_K_M,5,non-ordered,math_bench_5,direct,True,none,solve,1.0,8192,88149,PAPA NOVEMBER JULIET,ZUCCHINI,5,12,20,,20,1;1;1;1;1;1;1;1;1;1;1;1;1;1;1;1;1;1;1;1,,0.0;0.0;0.0;0.25;0.0;0.0;0.0;0.25;0.25;0.0;0.5;0.25;0.0;0.0;0.0;0.0;0.0;0.25;0.0;0.25,0;0;0;0;0;0;0;0;0;0;0;0;0;0;0;0;0;0;0;0,0.1,0.0,0,0.0,0,129,0,1,,
qwen2.5:7b,Q4_K_M,5,non-ordered,trivial,cot,True,none,solve,1.0,8192,89114,UNIFORM OSCAR HOTEL,CENTIPEDE,5,14,20,20,20,1;1;1;1;1;1;1;1;1;1;1;1;1;1;1;1;1;1;1;1,1;1;1;1;1;1;1;1;1;1;1;1;1;1;1;1;1;1;1;1,0.75;1.0;1.0;1.0;1.0;0.75;1.0;1.0;0.5;1.0;1.0;1.0;0.5;1.0;1.0;1.0;1.0;1.0;0.75;0.75,346;370;273;327;276;355;399;350;289;272;533;278;509;286;341;293;329;290;245;268,0.9,331.45,0,0.0,0,468,0,1,1,
qwen2.5:7b,Q4_K_M,5,non-ordered,trivial,direct,True,none,solve,1.0,8192,89114,UNIFORM OSCAR HOTEL,CENTIPEDE,5,14,20,,20,1;1;1;1;1;1;1;1;1;1;1;1;1;1;1;1;1;1;1;1,,1.0;1.0;1.0;1.0;1.0;1.0;1.0;1.0;1.0;1.0;1.0;1.0;1.0;1.0;1.0;1.0;1.0;1.0;1.0;1.0,0;0;0;0;0;0;0;0;0;0;0;0;0;0;0;0;0;0;0;0,1.0,0.0,0,0.0,0,146,0,1,,
qwen2.5:7b,Q4_K_M,5,non-ordered,math_bench_2,cot,True,none,solve,1.0,8192,89149,ZULU ECHO JULIET,GAZEBO,5,15,20,19,18,1;0;1;1;1;1;1;1;1;1;0;1;1;1;1;1;1;1;1;1,1;1;1;1;1;1;1;1;1;1;0;1;1;1;1;1;1;1;1;1,0.75;0.5;0.5;0.5;0.75;0.75;0.75;0.75;0.75;0.75;0.75;0.75;0.75;0.75;0.25;0.5;0.75;0.75;0.75;0.5,1100;1102;1118;938;1129;1037;1134;1075;1247;1053;1027;1208;1151;1233;1158;1228;1161;1274;863;1158,0.6625,1119.7,0,0.0,0,1352,0,1,1,
qwen2.5:7b,Q4_K_M,5,non-ordered,math_bench_2,direct,True,none,solve,1.0,8192,89149,ZULU ECHO JULIET,GAZEBO,5,15,20,,20,1;1;1;1;1;1;1;1;1;1;1;1;1;1;1;1;1;1;1;1,,0.25;0.25;0.25;0.25;0.25;0.5;0.25;0.25;0.25;0.25;0.25;0.25;0.25;0.25;0.25;0.25;0.25;0.25;0.5;0.25,0;0;0;0;0;0;0;0;0;0;0;0;0;0;0;0;0;0;0;0,0.275,0.0,0,0.0,0,122,0,1,,
qwen2.5:7b,Q4_K_M,5,non-ordered,math_bench_4,cot,True,none,solve,1.0,8192,89149,ZULU ECHO JULIET,GAZEBO,5,15,20,19,19,1;1;1;1;1;1;1;1;1;1;1;1;1;1;1;1;1;1;0;1,1;1;1;1;1;1;1;1;1;1;1;1;1;1;1;1;1;1;0;1,0.75;0.75;0.5;0.75;0.5;0.25;0.25;0.25;0.5;1.0;0.5;0.25;0.25;0.75;0.75;0.5;0.75;0.0;0.5;0.5,1251;1732;1813;1481;1275;1194;1284;1382;1020;1638;1195;1451;1372;1398;2144;1687;1391;1083;1437;1574,0.5125,1440.1,0,0.0,0,1731,0,1,1,
qwen2.5:7b,Q4_K_M,5,non-ordered,math_bench_4,direct,True,none,solve,1.0,8192,89149,ZULU ECHO JULIET,GAZEBO,5,15,20,,20,1;1;1;1;1;1;1;1;1;1;1;1;1;1;1;1;1;1;1;1,,0.0;0.25;0.25;0.25;0.25;0.25;0.25;0.25;0.25;0.0;0.25;0.25;0.25;0.25;0.25;0.25;0.25;0.25;0.25;0.0,0;0;0;0;0;0;0;0;0;0;0;0;0;0;0;0;0;0;0;0,0.2125,0.0,0,0.0,0,124,0,1,,
qwen2.5:7b,Q4_K_M,5,non-ordered,math_bench_5,cot,True,none,solve,1.0,8192,89149,ZULU ECHO JULIET,GAZEBO,5,15,20,15,13,1;1;1;0;1;1;1;1;1;0;1;0;0;0;1;1;1;0;0;1,1;1;1;0;1;1;1;1;1;0;1;0;1;0;1;1;1;0;1;1,0.25;0.5;0.5;0.5;0.75;0.75;0.25;0.25;0.75;0.5;0.75;0.25;0.25;0.0;0.25;0.0;0.0;0.75;0.25;0.0,1047;1452;1504;1472;1826;1650;1459;1567;1323;1468;1795;1571;1453;1064;1723;1748;780;1724;1264;887,0.375,1438.85,0,0.0,0,1320,0,0,0,
qwen2.5:7b,Q4_K_M,5,non-ordered,math_bench_5,direct,True,none,solve,1.0,8192,89149,ZULU ECHO JULIET,GAZEBO,5,15,20,,20,1;1;1;1;1;1;1;1;1;1;1;1;1;1;1;1;1;1;1;1,,0.0;0.0;0.0;0.0;0.0;0.0;0.0;0.0;0.0;0.0;0.0;0.0;0.0;0.0;0.0;0.0;0.0;0.0;0.0;0.0,0;0;0;0;0;0;0;0;0;0;0;0;0;0;0;0;0;0;0;0,0.0,0.0,0,0.0,0,122,0,1,,
qwen2.5:7b,Q4_K_M,5,non-ordered,trivial,cot,True,none,solve,1.0,8192,90114,DELTA ALPHA HOTEL,QUILT,5,15,20,20,20,1;1;1;1;1;1;1;1;1;1;1;1;1;1;1;1;1;1;1;1,1;1;1;1;1;1;1;1;1;1;1;1;1;1;1;1;1;1;1;1,1.0;1.0;1.0;1.0;1.0;1.0;1.0;0.75;1.0;1.0;1.0;1.0;1.0;1.0;1.0;1.0;1.0;1.0;1.0;1.0,292;577;333;313;293;410;320;390;389;315;486;388;389;390;376;293;439;349;388;260,0.9875,369.5,0,0.0,0,530,0,1,1,
qwen2.5:7b,Q4_K_M,5,non-ordered,trivial,direct,True,none,solve,1.0,8192,90114,DELTA ALPHA HOTEL,QUILT,5,15,20,,20,1;1;1;1;1;1;1;1;1;1;1;1;1;1;1;1;1;1;1;1,,1.0;1.0;1.0;1.0;1.0;1.0;1.0;1.0;1.0;1.0;1.0;1.0;1.0;1.0;1.0;1.0;1.0;1.0;1.0;1.0,0;0;0;0;0;0;0;0;0;0;0;0;0;0;0;0;0;0;0;0,1.0,0.0,0,0.0,1,131,0,1,,
qwen2.5:7b,Q4_K_M,5,non-ordered,math_bench_2,cot,True,none,solve,1.0,8192,90149,ZULU YANKEE TANGO,PISTACHIO,5,12,20,20,20,1;1;1;1;1;1;1;1;1;1;1;1;1;1;1;1;1;1;1;1,1;1;1;1;1;1;1;1;1;1;1;1;1;1;1;1;1;1;1;1,1.0;0.75;0.75;0.75;1.0;1.0;1.0;1.0;1.0;1.0;0.5;1.0;1.0;0.75;1.0;0.5;0.75;0.75;0.75;0.75,1325;810;977;1360;1405;1304;1464;1531;1420;1669;769;1493;1437;1150;1185;886;932;1037;1011;1155,0.85,1216.0,0,0.0,0,1055,0,1,1,
qwen2.5:7b,Q4_K_M,5,non-ordered,math_bench_2,direct,True,none,solve,1.0,8192,90149,ZULU YANKEE TANGO,PISTACHIO,5,12,20,,20,1;1;1;1;1;1;1;1;1;1;1;1;1;1;1;1;1;1;1;1,,0.25;0.5;0.0;0.75;0.25;0.0;0.25;0.0;0.25;0.0;0.0;0.25;0.5;0.25;0.0;0.25;0.5;0.5;0.25;0.25,0;0;0;0;0;0;0;0;0;0;0;0;0;0;0;0;0;0;0;0,0.25,0.0,0,0.0,0,127,0,1,,
qwen2.5:7b,Q4_K_M,5,non-ordered,math_bench_4,cot,True,none,solve,1.0,8192,90149,ZULU YANKEE TANGO,PISTACHIO,5,12,20,20,20,1;1;1;1;1;1;1;1;1;1;1;1;1;1;1;1;1;1;1;1,1;1;1;1;1;1;1;1;1;1;1;1;1;1;1;1;1;1;1;1,0.5;0.75;1.0;0.5;0.75;0.75;0.75;0.5;0.5;0.75;0.5;0.5;0.25;0.75;0.75;0.5;0.5;0.75;0.75;0.5,892;1209;1634;1104;892;842;1050;1116;822;1058;934;1032;1462;1086;1596;821;1074;881;913;725,0.625,1057.15,0,0.0,0,1749,0,1,1,
qwen2.5:7b,Q4_K_M,5,non-ordered,math_bench_4,direct,True,none,solve,1.0,8192,90149,ZULU YANKEE TANGO,PISTACHIO,5,12,20,,20,1;1;1;1;1;1;1;1;1;1;1;1;1;1;1;1;1;1;1;1,,0.25;0.25;0.25;0.25;0.25;0.25;0.25;0.25;0.25;0.25;0.5;0.5;0.25;0.25;0.25;0.25;0.25;0.25;0.25;0.25,0;0;0;0;0;0;0;0;0;0;0;0;0;0;0;0;0;0;0;0,0.275,0.0,0,0.0,0,125,0,1,,
qwen2.5:7b,Q4_K_M,5,non-ordered,math_bench_5,cot,True,none,solve,1.0,8192,90149,ZULU YANKEE TANGO,PISTACHIO,5,12,20,20,14,1;1;1;0;1;0;1;1;0;1;1;1;0;0;1;1;0;1;1;1,1;1;1;1;1;1;1;1;1;1;1;1;1;1;1;1;1;1;1;1,0.0;0.25;0.25;0.5;0.5;0.5;0.0;0.0;0.25;0.25;0.0;0.0;0.25;0.0;0.0;0.0;0.25;0.5;0.5;0.0,1224;2250;1161;1323;2329;1601;1288;823;1868;1503;1058;1670;1665;1310;1436;1680;2079;1652;2850;1115,0.2,1594.25,0,0.0,0,1180,0,1,1,
qwen2.5:7b,Q4_K_M,5,non-ordered,math_bench_5,direct,True,none,solve,1.0,8192,90149,ZULU YANKEE TANGO,PISTACHIO,5,12,20,,20,1;1;1;1;1;1;1;1;1;1;1;1;1;1;1;1;1;1;1;1,,0.0;0.25;0.25;0.25;0.0;0.25;0.25;0.25;0.0;0.25;0.0;0.0;0.25;0.25;0.0;0.25;0.0;0.25;0.0;0.25,0;0;0;0;0;0;0;0;0;0;0;0;0;0;0;0;0;0;0;0,0.15,0.0,0,0.0,0,127,0,1,,
qwen2.5:7b,Q4_K_M,5,non-ordered,trivial,cot,True,none,solve,1.0,8192,91114,FOXTROT LIMA CHARLIE,JIGSAW,5,12,20,20,20,1;1;1;1;1;1;1;1;1;1;1;1;1;1;1;1;1;1;1;1,1;1;1;1;1;1;1;1;1;1;1;1;1;1;1;1;1;1;1;1,0.75;1.0;1.0;1.0;1.0;1.0;1.0;1.0;1.0;1.0;1.0;1.0;1.0;1.0;1.0;0.75;1.0;1.0;1.0;0.75,337;346;330;337;267;332;306;416;325;349;353;267;305;370;267;329;302;428;273;356,0.9625,329.75,0,0.0,0,473,0,1,1,
qwen2.5:7b,Q4_K_M,5,non-ordered,trivial,direct,True,none,solve,1.0,8192,91114,FOXTROT LIMA CHARLIE,JIGSAW,5,12,20,,20,1;1;1;1;1;1;1;1;1;1;1;1;1;1;1;1;1;1;1;1,,1.0;1.0;1.0;1.0;1.0;1.0;1.0;1.0;1.0;1.0;1.0;1.0;1.0;1.0;1.0;1.0;1.0;1.0;1.0;1.0,0;0;0;0;0;0;0;0;0;0;0;0;0;0;0;0;0;0;0;0,1.0,0.0,0,0.0,1,138,0,1,,
qwen2.5:7b,Q4_K_M,5,non-ordered,math_bench_2,cot,True,none,solve,1.0,8192,91149,PAPA JULIET ALPHA,QUICKSAND,5,15,20,9,9,1;0;1;0;1;1;0;0;1;1;1;1;0;1;0;0;0;0;0;0,1;0;1;0;1;1;0;0;1;1;1;1;0;1;0;0;0;0;0;0,1.0;0.25;1.0;0.5;0.75;0.5;0.5;1.0;0.75;0.5;0.5;0.75;0.5;0.0;0.5;0.5;1.0;0.5;0.5;0.5,1835;999;1955;1584;1319;646;1492;939;1172;717;834;1265;1094;952;1078;926;1077;1049;653;1064,0.6,1132.5,0,0.0,0,1288,0,1,1,
qwen2.5:7b,Q4_K_M,5,non-ordered,math_bench_2,direct,True,none,solve,1.0,8192,91149,PAPA JULIET ALPHA,QUICKSAND,5,15,20,,20,1;1;1;1;1;1;1;1;1;1;1;1;1;1;1;1;1;1;1;1,,0.25;0.25;0.25;0.0;0.25;0.5;0.25;0.25;0.25;0.25;0.25;0.5;0.25;0.5;0.5;0.0;0.25;0.0;0.25;0.25,0;0;0;0;0;0;0;0;0;0;0;0;0;0;0;0;0;0;0;0,0.2625,0.0,0,0.0,0,128,0,1,,
qwen2.5:7b,Q4_K_M,5,non-ordered,math_bench_4,cot,True,none,solve,1.0,8192,91149,PAPA JULIET ALPHA,QUICKSAND,5,15,20,4,6,1;0;1;1;0;0;0;0;0;0;0;0;0;1;0;0;0;1;1;0,1;0;0;1;0;0;0;0;0;0;0;0;0;0;0;0;0;1;1;0,0.0;0.0;0.25;0.0;0.25;0.0;0.25;0.25;0.25;0.0;0.5;0.0;0.25;0.0;0.0;0.25;0.5;0.25;0.25;0.0,1193;1205;1306;802;1824;1156;1501;1142;1377;1224;1720;1354;1018;1330;1199;1807;1809;1059;1252;2064,0.1625,1367.1,0,0.0,0,1080,0,1,1,
qwen2.5:7b,Q4_K_M,5,non-ordered,math_bench_4,direct,True,none,solve,1.0,8192,91149,PAPA JULIET ALPHA,QUICKSAND,5,15,20,,20,1;1;1;1;1;1;1;1;1;1;1;1;1;1;1;1;1;1;1;1,,0.0;0.0;0.0;0.0;0.0;0.0;0.0;0.0;0.0;0.25;0.0;0.0;0.0;0.0;0.0;0.25;0.0;0.0;0.0;0.0,0;0;0;0;0;0;0;0;0;0;0;0;0;0;0;0;0;0;0;0,0.025,0.0,0,0.0,0,126,0,1,,
qwen2.5:7b,Q4_K_M,5,non-ordered,math_bench_5,cot,True,none,solve,1.0,8192,91149,PAPA JULIET ALPHA,QUICKSAND,5,15,20,11,13,1;1;0;1;0;0;1;1;1;1;1;1;1;0;1;1;1;0;0;0,1;1;0;1;0;0;0;1;1;1;1;1;1;0;0;1;1;0;0;0,0.0;0.0;0.25;0.25;0.25;0.5;0.75;0.5;0.0;0.25;0.25;0.25;0.25;0.25;0.5;0.25;0.0;0.25;0.25;0.25,1111;850;1233;1304;1471;988;1059;1165;908;960;972;1288;979;1509;2448;1100;1124;1352;1162;1257,0.2625,1212.0,0,0.0,0,628,0,1,1,
qwen2.5:7b,Q4_K_M,5,non-ordered,math_bench_5,direct,True,none,solve,1.0,8192,91149,PAPA JULIET ALPHA,QUICKSAND,5,15,20,,20,1;1;1;1;1;1;1;1;1;1;1;1;1;1;1;1;1;1;1;1,,0.0;0.0;0.0;0.25;0.25;0.0;0.25;0.25;0.0;0.0;0.25;0.5;0.25;0.0;0.25;0.5;0.0;0.0;0.0;0.0,0;0;0;0;0;0;0;0;0;0;0;0;0;0;0;0;0;0;0;0,0.1375,0.0,0,0.0,0,124,0,1,,
qwen2.5:7b,Q4_K_M,5,non-ordered,trivial,cot,True,none,solve,1.0,8192,92114,FOXTROT SIERRA OSCAR,PUMPKIN,5,10,20,20,20,1;1;1;1;1;1;1;1;1;1;1;1;1;1;1;1;1;1;1;1,1;1;1;1;1;1;1;1;1;1;1;1;1;1;1;1;1;1;1;1,0.5;1.0;0.5;0.5;0.75;1.0;0.75;0.5;1.0;0.75;0.5;1.0;0.5;0.75;0.5;1.0;0.5;0.5;0.75;0.75,290;423;237;339;343;327;454;383;379;364;265;288;251;419;298;465;342;386;501;350,0.7,355.2,0,0.0,0,399,0,1,1,
qwen2.5:7b,Q4_K_M,5,non-ordered,trivial,direct,True,none,solve,1.0,8192,92114,FOXTROT SIERRA OSCAR,PUMPKIN,5,10,20,,20,1;1;1;1;1;1;1;1;1;1;1;1;1;1;1;1;1;1;1;1,,1.0;1.0;1.0;1.0;1.0;1.0;1.0;1.0;1.0;1.0;1.0;1.0;1.0;1.0;1.0;1.0;1.0;1.0;1.0;1.0,0;0;0;0;0;0;0;0;0;0;0;0;0;0;0;0;0;0;0;0,1.0,0.0,0,0.0,1,141,0,1,,
qwen2.5:7b,Q4_K_M,5,non-ordered,math_bench_2,cot,True,none,solve,1.0,8192,92149,ALPHA HOTEL JULIET,ZIGZAG,5,15,20,11,13,1;0;1;1;0;1;0;0;1;1;0;0;1;1;1;1;0;1;1;1,1;0;1;0;0;1;0;0;1;1;0;0;1;1;1;1;0;1;0;1,0.75;1.0;0.75;1.0;1.0;1.0;0.75;1.0;1.0;0.75;1.0;0.5;1.0;0.75;1.0;0.75;1.0;1.0;1.0;1.0,828;634;912;1039;731;821;691;555;934;647;922;584;761;900;952;940;572;978;815;947,0.9,808.15,0,0.0,0,665,0,1,1,
qwen2.5:7b,Q4_K_M,5,non-ordered,math_bench_2,direct,True,none,solve,1.0,8192,92149,ALPHA HOTEL JULIET,ZIGZAG,5,15,20,,20,1;1;1;1;1;1;1;1;1;1;1;1;1;1;1;1;1;1;1;1,,0.5;0.5;0.5;0.5;0.5;0.5;0.75;0.75;0.5;0.75;0.5;0.75;0.75;0.5;0.75;0.75;0.5;0.75;0.75;0.75,0;0;0;0;0;0;0;0;0;0;0;0;0;0;0;0;0;0;0;0,0.625,0.0,0,0.0,0,126,0,1,,
qwen2.5:7b,Q4_K_M,5,non-ordered,math_bench_4,cot,True,none,solve,1.0,8192,92149,ALPHA HOTEL JULIET,ZIGZAG,5,15,20,10,12,1;0;1;1;1;0;1;1;1;0;0;1;1;0;0;1;0;1;0;1,1;0;1;1;1;0;1;0;1;0;0;1;1;0;0;0;0;1;0;1,0.75;0.0;0.75;0.75;0.75;0.25;0.75;0.75;0.75;0.75;0.25;0.25;0.75;0.25;0.25;0.5;0.25;0.5;0.25;0.5,887;1729;1402;926;1656;1177;1207;1151;1169;1243;511;1454;829;2240;1010;1063;715;790;776;1077,0.5,1150.6,0,0.0,0,1375,0,1,0,
qwen2.5:7b,Q4_K_M,5,non-ordered,math_bench_4,direct,True,none,solve,1.0,8192,92149,ALPHA HOTEL JULIET,ZIGZAG,5,15,20,,20,1;1;1;1;1;1;1;1;1;1;1;1;1;1;1;1;1;1;1;1,,0.0;0.0;0.0;0.25;0.0;0.0;0.0;0.0;0.0;0.0;0.0;0.0;0.0;0.25;0.0;0.0;0.0;0.25;0.0;0.0,0;0;0;0;0;0;0;0;0;0;0;0;0;0;0;0;0;0;0;0,0.0375,0.0,0,0.0,0,123,0,1,,
qwen2.5:7b,Q4_K_M,5,non-ordered,math_bench_5,cot,True,none,solve,1.0,8192,92149,ALPHA HOTEL JULIET,ZIGZAG,5,15,20,17,17,0;1;1;1;1;1;1;1;1;0;1;1;0;1;1;1;1;1;1;1,1;1;1;1;1;0;1;1;1;0;1;1;0;1;1;1;1;1;1;1,0.5;0.25;0.5;0.75;0.25;0.25;0.25;0.25;0.5;0.0;0.5;0.5;0.0;0.25;0.25;0.25;0.5;0.25;0.5;0.25,1357;1126;1268;2127;1478;1304;1611;1068;929;1042;1196;1891;770;913;1491;1214;1162;1541;1428;1565,0.3375,1324.05,0,0.0,0,2420,0,1,1,
qwen2.5:7b,Q4_K_M,5,non-ordered,math_bench_5,direct,True,none,solve,1.0,8192,92149,ALPHA HOTEL JULIET,ZIGZAG,5,15,20,,20,1;1;1;1;1;1;1;1;1;1;1;1;1;1;1;1;1;1;1;1,,0.25;0.0;0.0;0.0;0.0;0.0;0.0;0.0;0.0;0.0;0.0;0.0;0.0;0.0;0.0;0.0;0.0;0.0;0.0;0.25,0;0;0;0;0;0;0;0;0;0;0;0;0;0;0;0;0;0;0;0,0.025,0.0,0,0.0,0,127,0,1,,
qwen2.5:7b,Q4_K_M,5,non-ordered,trivial,cot,True,none,solve,1.0,8192,93114,XRAY NOVEMBER VICTOR,FERRET,5,12,20,20,20,1;1;1;1;1;1;1;1;1;1;1;1;1;1;1;1;1;1;1;1,1;1;1;1;1;1;1;1;1;1;1;1;1;1;1;1;1;1;1;1,0.75;1.0;1.0;0.5;1.0;0.75;0.5;0.5;1.0;0.75;0.75;0.75;0.75;0.75;0.5;0.75;0.5;1.0;0.75;0.5,361;346;394;322;325;359;352;215;276;356;343;275;302;302;358;273;307;373;221;364,0.7375,321.2,0,0.0,0,468,0,1,1,
qwen2.5:7b,Q4_K_M,5,non-ordered,trivial,direct,True,none,solve,1.0,8192,93114,XRAY NOVEMBER VICTOR,FERRET,5,12,20,,20,1;1;1;1;1;1;1;1;1;1;1;1;1;1;1;1;1;1;1;1,,1.0;1.0;1.0;1.0;1.0;1.0;1.0;1.0;1.0;1.0;1.0;1.0;1.0;1.0;1.0;1.0;1.0;1.0;1.0;1.0,0;0;0;0;0;0;0;0;0;0;0;0;0;0;0;0;0;0;0;0,1.0,0.0,0,0.0,1,139,0,1,,
qwen2.5:7b,Q4_K_M,5,non-ordered,math_bench_2,cot,True,none,solve,1.0,8192,93149,LIMA ECHO ALPHA,DAFFODIL,5,14,20,16,16,1;1;1;0;1;1;1;0;1;0;1;0;1;1;1;1;1;1;1;1,1;1;1;0;1;1;1;0;1;0;1;0;1;1;1;1;1;1;1;1,0.25;0.5;0.5;1.0;0.75;0.5;0.5;0.75;1.0;0.5;0.75;0.5;0.75;0.5;0.75;0.5;0.75;0.5;0.75;0.5,1135;798;873;1372;1321;861;810;1065;806;836;1267;915;1413;623;865;888;1221;994;920;1050,0.625,1001.65,0,0.0,0,1092,0,1,1,
qwen2.5:7b,Q4_K_M,5,non-ordered,math_bench_2,direct,True,none,solve,1.0,8192,93149,LIMA ECHO ALPHA,DAFFODIL,5,14,20,,20,1;1;1;1;1;1;1;1;1;1;1;1;1;1;1;1;1;1;1;1,,0.0;0.0;0.0;0.0;0.25;0.25;0.25;0.0;0.25;0.25;0.0;0.0;0.0;0.0;0.25;0.25;0.0;0.25;0.25;0.25,0;0;0;0;0;0;0;0;0;0;0;0;0;0;0;0;0;0;0;0,0.125,0.0,0,0.0,0,127,0,1,,
qwen2.5:7b,Q4_K_M,5,non-ordered,math_bench_4,cot,True,none,solve,1.0,8192,93149,LIMA ECHO ALPHA,DAFFODIL,5,14,20,20,20,1;1;1;1;1;1;1;1;1;1;1;1;1;1;1;1;1;1;1;1,1;1;1;1;1;1;1;1;1;1;1;1;1;1;1;1;1;1;1;1,0.75;0.75;0.75;0.75;0.75;0.75;0.75;0.5;0.75;0.75;0.5;0.5;0.75;0.75;0.75;0.75;0.5;0.75;0.75;0.75,969;1340;1033;1152;961;1067;1134;1091;1038;942;1031;1127;986;825;1265;1276;1252;1015;872;1072,0.7,1072.4,0,0.0,0,1277,0,1,1,
qwen2.5:7b,Q4_K_M,5,non-ordered,math_bench_4,direct,True,none,solve,1.0,8192,93149,LIMA ECHO ALPHA,DAFFODIL,5,14,20,,20,1;1;1;1;1;1;1;1;1;1;1;1;1;1;1;1;1;1;1;1,,0.0;0.0;0.25;0.0;0.25;0.25;0.0;0.0;0.25;0.0;0.25;0.25;0.0;0.25;0.25;0.25;0.25;0.25;0.25;0.0,0;0;0;0;0;0;0;0;0;0;0;0;0;0;0;0;0;0;0;0,0.15,0.0,0,0.0,0,135,0,1,,
qwen2.5:7b,Q4_K_M,5,non-ordered,math_bench_5,cot,True,none,solve,1.0,8192,93149,LIMA ECHO ALPHA,DAFFODIL,5,14,20,13,14,1;1;0;0;1;0;1;0;1;1;0;1;0;1;1;1;1;1;1;1,1;1;0;0;0;0;1;0;1;1;0;1;0;1;1;1;1;1;1;1,0.25;0.5;0.5;0.5;0.75;0.25;0.5;0.75;0.25;0.25;0.5;0.5;0.0;0.5;0.5;0.75;0.25;0.25;0.5;0.0,1803;1879;1492;1132;1451;1172;2257;1399;1097;811;1418;1731;1685;887;2959;2190;1600;993;1167;668,0.4125,1489.55,0,0.0,0,1997,0,0,0,
qwen2.5:7b,Q4_K_M,5,non-ordered,math_bench_5,direct,True,none,solve,1.0,8192,93149,LIMA ECHO ALPHA,DAFFODIL,5,14,20,,20,1;1;1;1;1;1;1;1;1;1;1;1;1;1;1;1;1;1;1;1,,0.5;0.5;0.5;0.5;0.5;0.5;0.5;0.5;0.5;0.5;0.5;0.5;0.5;0.5;0.5;0.5;0.5;0.5;0.5;0.5,0;0;0;0;0;0;0;0;0;0;0;0;0;0;0;0;0;0;0;0,0.5,0.0,0,0.0,0,125,0,1,,
qwen2.5:7b,Q4_K_M,5,non-ordered,trivial,cot,True,none,solve,1.0,8192,94114,GOLF SIERRA ZULU,DANDELION,5,14,20,20,20,1;1;1;1;1;1;1;1;1;1;1;1;1;1;1;1;1;1;1;1,1;1;1;1;1;1;1;1;1;1;1;1;1;1;1;1;1;1;1;1,0.75;0.75;0.75;0.75;0.75;0.75;0.75;0.75;0.75;0.75;0.75;0.75;0.75;0.75;0.75;0.75;0.75;0.75;0.75;0.75,266;220;293;258;220;242;232;313;291;314;289;264;226;252;241;373;310;285;268;266,0.75,271.15,0,0.0,0,423,0,1,1,
qwen2.5:7b,Q4_K_M,5,non-ordered,trivial,direct,True,none,solve,1.0,8192,94114,GOLF SIERRA ZULU,DANDELION,5,14,20,,20,1;1;1;1;1;1;1;1;1;1;1;1;1;1;1;1;1;1;1;1,,1.0;1.0;1.0;1.0;1.0;1.0;1.0;1.0;1.0;1.0;1.0;1.0;1.0;1.0;1.0;1.0;1.0;1.0;1.0;1.0,0;0;0;0;0;0;0;0;0;0;0;0;0;0;0;0;0;0;0;0,1.0,0.0,0,0.0,1,138,0,1,,
qwen2.5:7b,Q4_K_M,5,non-ordered,math_bench_2,cot,True,none,solve,1.0,8192,94149,NOVEMBER VICTOR QUEBEC,LANTERN,5,10,20,12,12,0;1;0;1;1;1;0;1;1;1;0;1;0;1;1;1;0;1;0;0,0;1;0;1;1;0;0;1;1;1;1;1;0;1;1;1;0;1;0;0,1.0;1.0;1.0;0.75;1.0;1.0;1.0;1.0;0.75;1.0;0.75;1.0;1.0;0.75;1.0;1.0;0.75;0.75;1.0;1.0,874;996;941;1233;1278;1537;1359;1444;1420;1125;1087;1210;1109;1097;1196;1573;1127;865;1290;1122,0.925,1194.15,0,0.0,0,1514,0,1,1,
qwen2.5:7b,Q4_K_M,5,non-ordered,math_bench_2,direct,True,none,solve,1.0,8192,94149,NOVEMBER VICTOR QUEBEC,LANTERN,5,10,20,,20,1;1;1;1;1;1;1;1;1;1;1;1;1;1;1;1;1;1;1;1,,0.75;0.75;1.0;0.75;0.75;0.5;0.75;1.0;0.75;0.75;0.75;0.5;0.75;0.75;1.0;0.75;0.75;0.75;0.75;0.5,0;0;0;0;0;0;0;0;0;0;0;0;0;0;0;0;0;0;0;0,0.75,0.0,0,0.0,0,134,0,1,,
qwen2.5:7b,Q4_K_M,5,non-ordered,math_bench_4,cot,True,none,solve,1.0,8192,94149,NOVEMBER VICTOR QUEBEC,LANTERN,5,10,20,17,19,1;1;1;1;1;1;1;1;1;1;1;1;1;1;1;1;0;1;1;1,1;1;0;1;1;1;1;1;1;1;1;1;1;1;1;0;0;1;1;1,0.75;0.5;0.25;0.5;0.5;0.25;0.5;0.25;0.5;0.5;0.75;0.5;0.5;0.75;0.5;0.5;0.5;0.25;0.75;0.5,1191;1269;761;1238;1239;1069;980;655;735;1218;987;844;607;846;1430;835;750;640;685;1120,0.5,954.95,0,0.0,0,1251,0,1,1,
qwen2.5:7b,Q4_K_M,5,non-ordered,math_bench_4,direct,True,none,solve,1.0,8192,94149,NOVEMBER VICTOR QUEBEC,LANTERN,5,10,20,,20,1;1;1;1;1;1;1;1;1;1;1;1;1;1;1;1;1;1;1;1,,0.5;0.5;0.5;0.5;0.5;0.5;0.5;0.5;0.5;0.5;0.5;0.5;0.5;0.5;0.5;0.5;0.5;0.5;0.75;0.5,0;0;0;0;0;0;0;0;0;0;0;0;0;0;0;0;0;0;0;0,0.5125,0.0,0,0.0,0,137,0,1,,
qwen2.5:7b,Q4_K_M,5,non-ordered,math_bench_5,cot,True,none,solve,1.0,8192,94149,NOVEMBER VICTOR QUEBEC,LANTERN,5,10,20,19,16,1;1;1;1;1;1;1;0;1;1;1;1;1;1;0;1;0;1;0;1,1;1;1;1;1;1;1;1;1;1;1;1;1;1;1;1;1;1;0;1,0.0;0.0;0.0;0.0;0.25;0.0;0.0;0.25;0.25;0.0;0.25;0.25;0.25;0.25;0.25;0.25;0.0;0.5;0.25;0.0,1635;1120;2082;1187;1307;1630;1336;1767;1285;2226;1415;1179;1603;1463;1217;1803;1282;1219;1452;1383,0.15,1479.55,0,0.0,0,1339,0,0,0,
qwen2.5:7b,Q4_K_M,5,non-ordered,math_bench_5,direct,True,none,solve,1.0,8192,94149,NOVEMBER VICTOR QUEBEC,LANTERN,5,10,20,,20,1;1;1;1;1;1;1;1;1;1;1;1;1;1;1;1;1;1;1;1,,0.0;0.0;0.0;0.0;0.25;0.0;0.0;0.0;0.0;0.0;0.0;0.0;0.0;0.0;0.0;0.0;0.0;0.0;0.0;0.0,0;0;0;0;0;0;0;0;0;0;0;0;0;0;0;0;0;0;0;0,0.0125,0.0,0,0.0,0,135,0,1,,
qwen2.5:7b,Q4_K_M,5,non-ordered,trivial,cot,True,none,solve,1.0,8192,95114,LIMA DELTA SIERRA,HEDGEHOG,5,11,20,20,20,1;1;1;1;1;1;1;1;1;1;1;1;1;1;1;1;1;1;1;1,1;1;1;1;1;1;1;1;1;1;1;1;1;1;1;1;1;1;1;1,0.75;0.75;0.75;0.75;0.75;0.75;0.75;0.75;0.75;0.75;0.75;0.75;0.75;0.75;0.75;0.75;0.75;0.75;0.75;0.75,297;275;338;271;270;226;278;262;261;289;273;285;261;226;266;220;275;232;301;240,0.75,267.3,0,0.0,0,405,0,0,0,
qwen2.5:7b,Q4_K_M,5,non-ordered,trivial,direct,True,none,solve,1.0,8192,95114,LIMA DELTA SIERRA,HEDGEHOG,5,11,20,,20,1;1;1;1;1;1;1;1;1;1;1;1;1;1;1;1;1;1;1;1,,1.0;1.0;1.0;1.0;1.0;1.0;1.0;1.0;1.0;1.0;1.0;1.0;1.0;1.0;1.0;1.0;1.0;1.0;1.0;1.0,0;0;0;0;0;0;0;0;0;0;0;0;0;0;0;0;0;0;0;0,1.0,0.0,0,0.0,0,141,0,1,,
qwen2.5:7b,Q4_K_M,5,non-ordered,math_bench_2,cot,True,none,solve,1.0,8192,95149,KILO XRAY CHARLIE,OPAL,5,12,20,13,17,1;1;0;1;1;1;1;1;1;0;0;1;1;1;1;1;1;1;1;1,1;1;0;0;1;1;1;1;0;0;0;1;1;0;1;1;1;1;0;1,0.5;0.5;1.0;0.75;0.75;0.75;0.75;1.0;1.0;0.75;0.75;0.75;0.75;0.75;1.0;0.5;0.75;0.75;1.0;1.0,558;850;798;856;654;574;886;1322;594;878;850;738;585;631;720;693;713;630;721;1152,0.7875,770.15,0,0.0,0,1088,0,1,0,
qwen2.5:7b,Q4_K_M,5,non-ordered,math_bench_2,direct,True,none,solve,1.0,8192,95149,KILO XRAY CHARLIE,OPAL,5,12,20,,20,1;1;1;1;1;1;1;1;1;1;1;1;1;1;1;1;1;1;1;1,,0.25;0.5;0.5;0.25;0.25;0.5;0.5;0.25;0.5;0.25;0.25;0.25;0.25;0.5;0.25;0.25;0.5;0.5;0.5;0.25,0;0;0;0;0;0;0;0;0;0;0;0;0;0;0;0;0;0;0;0,0.3625,0.0,0,0.0,0,129,0,1,,
qwen2.5:7b,Q4_K_M,5,non-ordered,math_bench_4,cot,True,none,solve,1.0,8192,95149,KILO XRAY CHARLIE,OPAL,5,12,20,19,19,1;1;0;1;1;1;1;1;1;1;1;1;1;1;1;1;1;1;1;1,1;1;0;1;1;1;1;1;1;1;1;1;1;1;1;1;1;1;1;1,0.75;0.5;1.0;1.0;0.75;0.5;0.75;0.5;0.75;0.0;0.75;1.0;0.25;0.5;0.5;1.0;0.0;0.5;0.75;0.5,1244;1396;1286;1665;1637;1508;1082;1413;977;1158;1011;1330;1193;1037;857;1557;902;1150;809;870,0.6125,1204.1,0,0.0,0,1038,0,1,0,
qwen2.5:7b,Q4_K_M,5,non-ordered,math_bench_4,direct,True,none,solve,1.0,8192,95149,KILO XRAY CHARLIE,OPAL,5,12,20,,20,1;1;1;1;1;1;1;1;1;1;1;1;1;1;1;1;1;1;1;1,,0.25;0.25;0.25;0.5;0.25;0.5;0.25;0.25;0.5;0.5;0.25;0.25;0.25;0.5;0.5;0.0;0.25;0.25;0.5;0.5,0;0;0;0;0;0;0;0;0;0;0;0;0;0;0;0;0;0;0;0,0.3375,0.0,0,0.0,0,127,0,1,,
qwen2.5:7b,Q4_K_M,5,non-ordered,math_bench_5,cot,True,none,solve,1.0,8192,95149,KILO XRAY CHARLIE,OPAL,5,12,20,16,17,1;1;1;1;0;1;1;1;1;1;1;1;1;1;0;1;1;1;0;1,1;1;1;1;1;1;1;1;1;1;0;1;1;1;0;1;1;0;0;1,1.0;0.0;0.0;0.5;0.5;0.75;0.25;0.25;0.5;0.25;1.0;0.0;0.0;0.5;0.25;0.0;0.75;0.5;0.5;0.5,1582;1118;1232;878;1450;2204;2010;1241;1058;954;2093;1688;491;1445;1079;1273;1350;1609;2070;1382,0.4,1410.35,0,0.0,0,1823,0,1,1,
qwen2.5:7b,Q4_K_M,5,non-ordered,math_bench_5,direct,True,none,solve,1.0,8192,95149,KILO XRAY CHARLIE,OPAL,5,12,20,,20,1;1;1;1;1;1;1;1;1;1;1;1;1;1;1;1;1;1;1;1,,0.25;0.0;0.25;0.25;0.25;0.0;0.0;0.25;0.0;0.0;0.25;0.25;0.0;0.25;0.25;0.5;0.0;0.25;0.25;0.25,0;0;0;0;0;0;0;0;0;0;0;0;0;0;0;0;0;0;0;0,0.175,0.0,0,0.0,0,130,0,1,,
qwen2.5:7b,Q4_K_M,5,non-ordered,trivial,cot,True,none,solve,1.0,8192,96114,HOTEL LIMA UNIFORM,VELVET,5,15,20,20,20,1;1;1;1;1;1;1;1;1;1;1;1;1;1;1;1;1;1;1;1,1;1;1;1;1;1;1;1;1;1;1;1;1;1;1;1;1;1;1;1,1.0;1.0;1.0;1.0;1.0;1.0;0.5;1.0;1.0;1.0;1.0;1.0;1.0;0.5;1.0;1.0;0.5;1.0;1.0;1.0,332;311;436;338;347;278;266;299;305;336;350;300;327;265;387;334;214;319;422;344,0.925,325.5,0,0.0,0,634,0,1,1,
qwen2.5:7b,Q4_K_M,5,non-ordered,trivial,direct,True,none,solve,1.0,8192,96114,HOTEL LIMA UNIFORM,VELVET,5,15,20,,20,1;1;1;1;1;1;1;1;1;1;1;1;1;1;1;1;1;1;1;1,,1.0;1.0;1.0;1.0;1.0;1.0;1.0;1.0;1.0;1.0;1.0;1.0;1.0;1.0;1.0;1.0;1.0;1.0;1.0;1.0,0;0;0;0;0;0;0;0;0;0;0;0;0;0;0;0;0;0;0;0,1.0,0.0,0,0.0,1,138,0,1,,
qwen2.5:7b,Q4_K_M,5,non-ordered,math_bench_2,cot,True,none,solve,1.0,8192,96149,YANKEE MIKE PAPA,IGLOO,5,15,20,16,16,1;1;1;1;0;1;1;1;1;0;0;0;1;1;1;1;1;1;1;1,1;1;1;1;0;1;1;1;0;0;1;0;1;1;1;1;1;1;1;1,0.5;0.0;0.5;0.75;1.0;0.5;0.75;0.5;1.0;0.5;0.5;0.75;0.5;0.5;0.75;0.25;0.5;0.25;0.75;0.75,1273;1063;702;1014;861;1249;1168;820;917;934;1549;814;767;904;1207;1078;878;762;934;1229,0.575,1006.15,0,0.0,0,905,0,1,1,
qwen2.5:7b,Q4_K_M,5,non-ordered,math_bench_2,direct,True,none,solve,1.0,8192,96149,YANKEE MIKE PAPA,IGLOO,5,15,20,,20,1;1;1;1;1;1;1;1;1;1;1;1;1;1;1;1;1;1;1;1,,0.25;0.25;0.0;0.0;0.25;0.25;0.0;0.25;0.0;0.0;0.25;0.0;0.25;0.25;0.0;0.25;0.25;0.25;0.25;0.25,0;0;0;0;0;0;0;0;0;0;0;0;0;0;0;0;0;0;0;0,0.1625,0.0,0,0.0,0,107,0,1,,
qwen2.5:7b,Q4_K_M,5,non-ordered,math_bench_4,cot,True,none,solve,1.0,8192,96149,YANKEE MIKE PAPA,IGLOO,5,15,20,18,19,1;1;1;0;1;1;1;1;1;1;1;1;1;1;1;1;1;1;1;1,1;1;1;0;1;1;1;0;1;1;1;1;1;1;1;1;1;1;1;1,0.5;0.5;0.0;0.25;0.0;0.5;0.5;0.5;0.25;0.25;0.25;0.25;0.25;0.5;0.25;0.25;0.25;0.5;0.25;0.25,1957;547;1233;1210;970;1829;1378;1969;871;2077;1111;1028;968;1717;1348;989;1806;1549;1043;890,0.3125,1324.5,0,0.0,0,1973,0,1,1,
qwen2.5:7b,Q4_K_M,5,non-ordered,math_bench_4,direct,True,none,solve,1.0,8192,96149,YANKEE MIKE PAPA,IGLOO,5,15,20,,20,1;1;1;1;1;1;1;1;1;1;1;1;1;1;1;1;1;1;1;1,,0.25;0.25;0.25;0.25;0.25;0.25;0.5;0.25;0.25;0.25;0.5;0.25;0.25;0.25;0.25;0.25;0.25;0.25;0.25;0.25,0;0;0;0;0;0;0;0;0;0;0;0;0;0;0;0;0;0;0;0,0.275,0.0,0,0.0,0,122,0,1,,
qwen2.5:7b,Q4_K_M,5,non-ordered,math_bench_5,cot,True,none,solve,1.0,8192,96149,YANKEE MIKE PAPA,IGLOO,5,15,20,9,8,0;1;0;1;0;1;1;1;0;0;0;0;0;1;0;1;0;0;0;1,0;1;0;1;1;1;1;1;0;0;0;0;0;1;0;0;1;0;0;1,0.25;0.5;1.0;0.5;0.5;0.5;0.75;0.5;0.75;0.25;0.5;0.25;0.5;1.0;0.75;1.0;0.75;0.5;0.75;1.0,1019;1530;2271;1425;1592;1250;1612;1226;950;1261;1347;1118;1419;1503;1130;1406;1526;1882;1539;1880,0.625,1444.3,0,0.0,0,1669,0,1,1,
qwen2.5:7b,Q4_K_M,5,non-ordered,math_bench_5,direct,True,none,solve,1.0,8192,96149,YANKEE MIKE PAPA,IGLOO,5,15,20,,20,1;1;1;1;1;1;1;1;1;1;1;1;1;1;1;1;1;1;1;1,,0.25;0.25;0.5;0.25;0.25;0.25;0.25;0.5;0.25;0.25;0.25;0.5;0.5;0.25;0.5;0.5;0.25;0.5;0.25;0.25,0;0;0;0;0;0;0;0;0;0;0;0;0;0;0;0;0;0;0;0,0.3375,0.0,0,0.0,0,125,0,1,,
qwen2.5:7b,Q4_K_M,5,non-ordered,trivial,cot,True,none,solve,1.0,8192,97114,WHISKEY NOVEMBER HOTEL,ZIGZAG,5,13,20,20,20,1;1;1;1;1;1;1;1;1;1;1;1;1;1;1;1;1;1;1;1,1;1;1;1;1;1;1;1;1;1;1;1;1;1;1;1;1;1;1;1,1.0;1.0;1.0;1.0;1.0;1.0;1.0;1.0;1.0;1.0;1.0;1.0;1.0;1.0;1.0;1.0;1.0;1.0;1.0;1.0,315;369;334;385;408;308;377;379;305;373;332;303;402;314;382;313;301;430;471;304,1.0,355.25,0,0.0,0,530,0,1,1,
qwen2.5:7b,Q4_K_M,5,non-ordered,trivial,direct,True,none,solve,1.0,8192,97114,WHISKEY NOVEMBER HOTEL,ZIGZAG,5,13,20,,20,1;1;1;1;1;1;1;1;1;1;1;1;1;1;1;1;1;1;1;1,,1.0;1.0;1.0;1.0;1.0;1.0;1.0;1.0;1.0;1.0;1.0;1.0;1.0;1.0;1.0;1.0;1.0;1.0;1.0;1.0,0;0;0;0;0;0;0;0;0;0;0;0;0;0;0;0;0;0;0;0,1.0,0.0,0,0.0,1,140,0,1,,
qwen2.5:7b,Q4_K_M,5,non-ordered,math_bench_2,cot,True,none,solve,1.0,8192,97149,PAPA INDIA DELTA,ORIGAMI,5,15,20,5,4,0;1;0;0;0;0;0;0;0;0;0;0;1;0;0;0;0;1;1;0,0;1;0;0;0;0;1;0;0;0;0;0;1;0;0;0;0;1;1;0,0.75;1.0;0.75;0.75;1.0;0.75;1.0;0.75;0.5;0.75;1.0;0.75;1.0;1.0;1.0;0.75;1.0;0.75;1.0;0.75,1297;1518;1109;899;1185;1275;1379;901;1287;1175;1170;865;1481;1125;1020;1022;1186;1471;1367;978,0.85,1185.5,0,0.0,0,1284,0,1,1,
qwen2.5:7b,Q4_K_M,5,non-ordered,math_bench_2,direct,True,none,solve,1.0,8192,97149,PAPA INDIA DELTA,ORIGAMI,5,15,20,,20,1;1;1;1;1;1;1;1;1;1;1;1;1;1;1;1;1;1;1;1,,0.5;0.0;0.0;0.0;0.25;0.25;0.25;0.25;0.25;0.25;0.0;0.25;0.0;0.25;0.25;0.0;0.0;0.25;0.25;0.0,0;0;0;0;0;0;0;0;0;0;0;0;0;0;0;0;0;0;0;0,0.1625,0.0,0,0.0,0,123,0,1,,
qwen2.5:7b,Q4_K_M,5,non-ordered,math_bench_4,cot,True,none,solve,1.0,8192,97149,PAPA INDIA DELTA,ORIGAMI,5,15,20,8,8,0;0;0;0;1;0;0;0;0;1;0;1;0;1;0;1;0;1;1;1,0;0;0;0;1;0;0;0;0;1;0;1;0;1;0;1;0;1;1;1,0.25;0.25;0.25;0.25;0.25;0.25;0.5;0.25;0.5;0.25;0.5;0.25;0.5;0.5;0.5;0.0;0.25;0.25;0.25;0.25,1256;1073;1548;1280;1651;2176;1395;1303;2033;1022;1109;1231;1241;1726;1674;858;1012;874;1786;1326,0.3125,1378.7,0,0.0,0,1433,0,1,1,
qwen2.5:7b,Q4_K_M,5,non-ordered,math_bench_4,direct,True,none,solve,1.0,8192,97149,PAPA INDIA DELTA,ORIGAMI,5,15,20,,17,0;1;1;1;1;0;1;1;0;1;1;1;1;1;1;1;1;1;1;1,,0.25;0.25;0.25;0.25;0.25;0.25;0.25;0.25;0.25;0.25;0.25;0.25;0.25;0.25;0.25;0.25;0.25;0.25;0.25;0.25,0;0;0;0;0;0;0;0;0;0;0;0;0;0;0;0;0;0;0;0,0.25,0.0,0,0.0,0,121,0,1,,
qwen2.5:7b,Q4_K_M,5,non-ordered,math_bench_5,cot,True,none,solve,1.0,8192,97149,PAPA INDIA DELTA,ORIGAMI,5,15,20,5,5,0;0;0;0;1;1;0;0;0;0;0;0;0;0;0;1;0;0;1;1,0;0;0;0;1;1;0;0;0;0;0;0;0;0;0;1;0;0;1;1,0.0;0.0;0.0;0.25;0.0;0.0;0.25;0.0;0.0;0.0;0.0;0.75;0.25;0.0;0.0;0.0;0.5;0.0;0.25;0.0,1743;1651;1671;2267;1225;2071;1616;1472;1272;1513;1055;2696;1374;1888;775;2125;1853;1089;1578;880,0.1125,1590.7,0,0.0,0,1848,0,1,0,
qwen2.5:7b,Q4_K_M,5,non-ordered,math_bench_5,direct,True,none,solve,1.0,8192,97149,PAPA INDIA DELTA,ORIGAMI,5,15,20,,20,1;1;1;1;1;1;1;1;1;1;1;1;1;1;1;1;1;1;1;1,,0.0;0.25;0.25;0.0;0.25;0.0;0.25;0.25;0.0;0.25;0.25;0.0;0.25;0.25;0.25;0.25;0.25;0.0;0.25;0.25,0;0;0;0;0;0;0;0;0;0;0;0;0;0;0;0;0;0;0;0,0.175,0.0,0,0.0,0,123,0,1,,
qwen2.5:7b,Q4_K_M,5,non-ordered,trivial,cot,True,none,solve,1.0,8192,98114,TANGO GOLF QUEBEC,ZUCCHINI,5,7,20,20,20,1;1;1;1;1;1;1;1;1;1;1;1;1;1;1;1;1;1;1;1,1;1;1;1;1;1;1;1;1;1;1;1;1;1;1;1;1;1;1;1,1.0;1.0;1.0;1.0;1.0;1.0;1.0;1.0;1.0;1.0;1.0;1.0;1.0;1.0;1.0;1.0;1.0;1.0;1.0;1.0,340;409;453;331;341;508;461;339;309;384;303;409;349;334;375;360;321;404;412;424,1.0,378.3,0,0.0,0,478,0,1,1,
qwen2.5:7b,Q4_K_M,5,non-ordered,trivial,direct,True,none,solve,1.0,8192,98114,TANGO GOLF QUEBEC,ZUCCHINI,5,7,20,,20,1;1;1;1;1;1;1;1;1;1;1;1;1;1;1;1;1;1;1;1,,1.0;1.0;1.0;1.0;1.0;1.0;1.0;1.0;1.0;1.0;1.0;1.0;1.0;1.0;1.0;1.0;1.0;1.0;1.0;1.0,0;0;0;0;0;0;0;0;0;0;0;0;0;0;0;0;0;0;0;0,1.0,0.0,0,0.0,1,141,0,1,,
qwen2.5:7b,Q4_K_M,5,non-ordered,math_bench_2,cot,True,none,solve,1.0,8192,98149,OSCAR KILO ROMEO,QUILT,5,12,20,20,19,0;1;1;1;1;1;1;1;1;1;1;1;1;1;1;1;1;1;1;1,1;1;1;1;1;1;1;1;1;1;1;1;1;1;1;1;1;1;1;1,1.0;1.0;1.0;1.0;0.75;1.0;0.75;0.5;1.0;1.0;1.0;0.75;1.0;0.75;1.0;1.0;0.75;1.0;0.75;0.75,1460;1113;1047;1072;993;989;1117;1176;1088;1080;1181;1020;922;1235;731;932;883;1380;1087;852,0.8875,1067.9,0,0.0,0,1376,0,0,0,
qwen2.5:7b,Q4_K_M,5,non-ordered,math_bench_2,direct,True,none,solve,1.0,8192,98149,OSCAR KILO ROMEO,QUILT,5,12,20,,20,1;1;1;1;1;1;1;1;1;1;1;1;1;1;1;1;1;1;1;1,,0.25;0.25;0.0;0.5;0.0;0.25;0.0;0.0;0.25;0.25;0.25;0.0;0.5;0.25;0.0;0.25;0.0;0.25;0.5;0.25,0;0;0;0;0;0;0;0;0;0;0;0;0;0;0;0;0;0;0;0,0.2,0.0,0,0.0,0,122,0,1,,
qwen2.5:7b,Q4_K_M,5,non-ordered,math_bench_4,cot,True,none,solve,1.0,8192,98149,OSCAR KILO ROMEO,QUILT,5,12,20,16,13,0;1;0;1;1;0;0;1;1;1;1;1;0;1;0;1;1;0;1;1,0;1;1;1;1;1;1;1;1;1;1;1;0;1;1;0;1;1;0;1,0.25;0.75;0.5;0.75;0.75;0.75;0.75;1.0;1.0;1.0;0.25;0.5;0.5;1.0;0.75;0.75;0.75;1.0;0.5;0.75,678;1331;1163;1333;1203;1112;1022;892;1202;951;1269;1042;794;1023;1646;741;1139;1200;553;1140,0.7125,1071.7,0,0.0,0,1125,0,1,1,
qwen2.5:7b,Q4_K_M,5,non-ordered,math_bench_4,direct,True,none,solve,1.0,8192,98149,OSCAR KILO ROMEO,QUILT,5,12,20,,20,1;1;1;1;1;1;1;1;1;1;1;1;1;1;1;1;1;1;1;1,,0.0;0.0;0.5;0.0;0.0;0.25;0.0;0.0;0.0;0.0;0.0;0.0;0.0;0.0;0.0;0.0;0.25;0.0;0.0;0.0,0;0;0;0;0;0;0;0;0;0;0;0;0;0;0;0;0;0;0;0,0.05,0.0,0,0.0,0,122,0,1,,
qwen2.5:7b,Q4_K_M,5,non-ordered,math_bench_5,cot,True,none,solve,1.0,8192,98149,OSCAR KILO ROMEO,QUILT,5,12,20,17,9,1;1;1;0;1;0;1;0;1;0;0;1;0;0;0;0;1;0;1;0,1;0;1;1;1;0;1;1;1;1;0;1;1;1;1;1;1;1;1;1,0.5;0.5;0.75;0.75;0.5;0.75;0.75;0.75;1.0;0.5;0.75;0.75;1.0;0.5;0.75;0.5;1.0;0.75;0.75;0.75,1486;1228;1310;1370;1322;1307;1427;1500;1608;1312;1288;1589;1640;1260;1441;1466;1923;1540;1379;1806,0.7125,1460.1,0,0.0,0,1190,0,1,1,
qwen2.5:7b,Q4_K_M,5,non-ordered,math_bench_5,direct,True,none,solve,1.0,8192,98149,OSCAR KILO ROMEO,QUILT,5,12,20,,20,1;1;1;1;1;1;1;1;1;1;1;1;1;1;1;1;1;1;1;1,,0.0;0.0;0.0;0.0;0.0;0.0;0.0;0.0;0.0;0.0;0.0;0.0;0.0;0.0;0.0;0.0;0.0;0.0;0.0;0.0,0;0;0;0;0;0;0;0;0;0;0;0;0;0;0;0;0;0;0;0,0.0,0.0,0,0.0,0,124,0,1,,
qwen2.5:7b,Q4_K_M,5,non-ordered,trivial,cot,True,none,solve,1.0,8192,99114,QUEBEC LIMA ZULU,CATAPULT,5,12,20,20,20,1;1;1;1;1;1;1;1;1;1;1;1;1;1;1;1;1;1;1;1,1;1;1;1;1;1;1;1;1;1;1;1;1;1;1;1;1;1;1;1,0.5;0.75;0.75;0.75;0.75;0.5;0.5;0.75;0.5;0.75;0.75;0.5;0.75;0.5;0.75;0.5;0.5;0.75;0.5;0.75,260;295;257;260;295;456;258;292;260;257;310;300;269;236;327;260;223;244;264;271,0.6375,279.7,0,0.0,0,402,0,1,1,
qwen2.5:7b,Q4_K_M,5,non-ordered,trivial,direct,True,none,solve,1.0,8192,99114,QUEBEC LIMA ZULU,CATAPULT,5,12,20,,20,1;1;1;1;1;1;1;1;1;1;1;1;1;1;1;1;1;1;1;1,,1.0;1.0;1.0;1.0;1.0;1.0;1.0;1.0;1.0;1.0;1.0;1.0;1.0;1.0;1.0;1.0;1.0;1.0;1.0;1.0,0;0;0;0;0;0;0;0;0;0;0;0;0;0;0;0;0;0;0;0,1.0,0.0,0,0.0,1,135,0,1,,
qwen2.5:7b,Q4_K_M,5,non-ordered,math_bench_2,cot,True,none,solve,1.0,8192,99149,LIMA ZULU PAPA,VINEYARD,5,14,20,20,20,1;1;1;1;1;1;1;1;1;1;1;1;1;1;1;1;1;1;1;1,1;1;1;1;1;1;1;1;1;1;1;1;1;1;1;1;1;1;1;1,0.75;0.75;0.25;0.5;0.5;0.5;0.75;0.5;0.25;0.5;0.75;0.25;0.5;0.25;0.25;0.5;0.75;0.5;0.75;0.5,957;626;405;317;601;362;641;323;373;328;730;359;403;280;243;787;702;372;594;343,0.5125,487.3,0,0.0,0,570,0,1,1,
qwen2.5:7b,Q4_K_M,5,non-ordered,math_bench_2,direct,True,none,solve,1.0,8192,99149,LIMA ZULU PAPA,VINEYARD,5,14,20,,20,1;1;1;1;1;1;1;1;1;1;1;1;1;1;1;1;1;1;1;1,,0.25;0.25;0.25;0.25;0.25;0.25;0.5;0.5;0.25;0.25;0.5;0.25;0.25;0.25;0.25;0.25;0.25;0.25;0.25;0.25,0;0;0;0;0;0;0;0;0;0;0;0;0;0;0;0;0;0;0;0,0.2875,0.0,0,0.0,0,124,0,1,,
qwen2.5:7b,Q4_K_M,5,non-ordered,math_bench_4,cot,True,none,solve,1.0,8192,99149,LIMA ZULU PAPA,VINEYARD,5,14,20,20,20,1;1;1;1;1;1;1;1;1;1;1;1;1;1;1;1;1;1;1;1,1;1;1;1;1;1;1;1;1;1;1;1;1;1;1;1;1;1;1;1,0.75;0.5;0.25;0.75;0.75;0.75;0.5;0.5;0.75;0.75;0.5;0.75;1.0;0.5;0.5;0.75;0.5;0.75;0.5;0.5,1036;848;1027;1128;1511;1433;1052;906;1184;1204;1452;922;1548;1229;1091;1078;751;1185;1184;863,0.625,1131.6,0,0.0,0,1351,0,1,1,
qwen2.5:7b,Q4_K_M,5,non-ordered,math_bench_4,direct,True,none,solve,1.0,8192,99149,LIMA ZULU PAPA,VINEYARD,5,14,20,,20,1;1;1;1;1;1;1;1;1;1;1;1;1;1;1;1;1;1;1;1,,0.5;0.5;0.5;0.75;0.5;0.5;0.5;0.5;0.25;0.25;0.5;0.5;0.75;0.5;0.75;0.5;0.5;0.5;0.5;0.75,0;0;0;0;0;0;0;0;0;0;0;0;0;0;0;0;0;0;0;0,0.525,0.0,0,0.0,0,126,0,1,,
qwen2.5:7b,Q4_K_M,5,non-ordered,math_bench_5,cot,True,none,solve,1.0,8192,99149,LIMA ZULU PAPA,VINEYARD,5,14,20,20,20,1;1;1;1;1;1;1;1;1;1;1;1;1;1;1;1;1;1;1;1,1;1;1;1;1;1;1;1;1;1;1;1;1;1;1;1;1;1;1;1,0.5;0.5;0.25;0.5;0.0;0.25;0.5;0.5;0.25;0.25;0.5;0.5;0.5;0.25;0.25;0.25;0.5;0.5;0.5;0.0,1087;1583;1037;977;834;938;1317;909;1016;1204;1258;954;987;1168;890;1052;900;1040;984;1373,0.3625,1075.4,0,0.0,0,2467,0,1,1,
qwen2.5:7b,Q4_K_M,5,non-ordered,math_bench_5,direct,True,none,solve,1.0,8192,99149,LIMA ZULU PAPA,VINEYARD,5,14,20,,20,1;1;1;1;1;1;1;1;1;1;1;1;1;1;1;1;1;1;1;1,,0.25;0.25;0.25;0.25;0.25;0.25;0.25;0.25;0.25;0.25;0.25;0.25;0.25;0.25;0.25;0.25;0.25;0.25;0.25;0.25,0;0;0;0;0;0;0;0;0;0;0;0;0;0;0;0;0;0;0;0,0.25,0.0,0,0.0,0,128,0,1,,
