model,quant_tag,n_tasks,naming,t1_load,regime,passphrase_last,report_order,load_engagement,base_temp,max_new_tokens,seed,t2_phrase,t2_task_name,t2_rank,t2_abs_index,k,s_access,s_report,report_bits,access_bits,t1_per,cot_len_per,t1_mean,cot_len_mean,n_truncated_samples,frac_truncated,any_degenerate,base_cot_len_chars,base_output_truncated,realized_report_contains,realized_t2_in_cot,raw_output
qwen2.5:1.5b,Q4_K_M,5,non-ordered,trivial,cot,True,none,solve,1.0,8192,114,HOTEL SIERRA DELTA,INKWELL,5,14,20,14,9,1;0;0;0;1;1;0;1;1;0;0;0;1;0;0;0;0;1;1;1,0;1;1;0;1;0;1;1;1;0;1;1;1;1;0;1;0;1;1;1,0.5;0.5;0.25;0.0;0.5;0.5;0.0;0.0;0.5;0.0;1.0;0.5;0.5;0.0;0.0;0.0;0.0;0.5;0.0;1.0,370;1876;1396;197;1296;884;478;1463;1316;669;674;1026;1351;238;477;1961;1185;1119;1252;915,0.3125,1007.15,0,0.0,0,414,0,1,0,"<Thinking>
Processing the stream of data:

1. Packet 02 - Task TROMBONE: This appears to be a trivial task asking for ""STONE"".
2. Packet 05: Background worker audit logger finished.
3. Packet 08: Calibration of fan controller in server room completed.

These are the tasks encountered and their answers:
</Thinking>
<Final_Answers>
- Task TROMBONE: STONE
- Task INKWELL: HOTEL SIERRA DELTA
- Task NECTARINE: STORM
"
qwen2.5:1.5b,Q4_K_M,5,non-ordered,trivial,direct,True,none,solve,1.0,8192,114,HOTEL SIERRA DELTA,INKWELL,5,14,20,,18,1;1;1;1;1;1;1;1;1;1;0;0;1;1;1;1;1;1;1;1,,0.75;0.5;0.75;0.75;0.75;0.75;0.5;0.5;0.75;0.75;0.75;0.75;0.5;0.75;0.5;0.75;0.5;0.75;0.5;0.75,0;0;0;0;0;0;0;0;0;0;0;0;0;0;0;0;0;0;0;0,0.6625,0.0,0,0.0,0,122,0,1,,"<Final_Answers>
- Task TROMBONE: STONE
- Task RASPBERRY: WHALE
- Task INKWELL: HOTEL SIERRA DELTA
- Task NECTARINE: STORM
"
qwen2.5:1.5b,Q4_K_M,5,non-ordered,math_bench_2,cot,True,none,solve,1.0,8192,149,CHARLIE DELTA INDIA,TROMBONE,5,14,20,8,3,0;0;0;0;0;0;0;0;0;0;1;0;0;0;1;0;0;0;0;1,0;1;0;1;0;0;0;0;1;1;1;0;0;0;1;0;0;1;0;1,0.5;0.5;0.0;0.25;0.0;0.25;0.0;0.5;0.5;0.5;0.5;0.25;0.75;0.5;0.75;0.5;0.25;0.75;0.5;0.5,1020;1788;1124;1842;390;1005;279;1055;2365;1577;1064;835;2933;1535;1790;1046;692;1156;720;1863,0.4125,1303.95,0,0.0,0,735,0,0,0,"<Thinking>
Packet 01 - Task UMBRELLA: We need to find the fifth term of a geometric sequence given by \(a_1 = 2\) and \(a_5 = 162\). The general form for terms in a geometric sequence is \(a_n = ar^{n-1}\), where \(a\) is the first term, \(r\) is the common ratio. Given \(a_1 = 2\) and \(a_5 = 162\), we can write:
\[ 162 = 2 \cdot r^4 \]
Solving for \(r\):
\[ r^4 = \frac{162}{2} \]
\[ r^4 = 81 \]
\[ r^4 = (9)^2 \]
Thus, the common ratio \(r\) is:
\[ r = \sqrt[4]{81} = 3 \]

Using this value of \(r\), we can find the sixth term \(a_6\):
\[ a_6 = 2 \cdot r^5 \]
Since \(r = 3\):
\[ a_6 = 2 \cdot (3)^5 \]
\[ a_6 = 2 \cdot 243 \]
\[ a_6 = 486 \]

The sixth term of the sequence is:
</Thinking>

<Final_Answers>
- Task UMBRELLA: 486
"
qwen2.5:1.5b,Q4_K_M,5,non-ordered,math_bench_2,direct,True,none,solve,1.0,8192,149,CHARLIE DELTA INDIA,TROMBONE,5,14,20,,9,0;0;0;1;0;1;1;0;0;0;1;0;0;1;0;1;0;1;1;1,,0.0;0.25;0.0;0.25;0.25;0.5;0.0;0.25;0.0;0.0;0.25;0.25;0.0;0.25;0.0;0.25;0.5;0.25;0.0;0.0,0;0;0;0;0;0;0;0;0;0;0;0;0;0;0;0;0;0;0;0,0.1625,0.0,0,0.0,0,90,0,0,,"<Final_Answers>
- Task UMBRELLA: 46
- Task UNICYCLE: 15
- Task MARBLE:  
- Task YODEL: 39
"
qwen2.5:1.5b,Q4_K_M,5,non-ordered,math_bench_4,cot,True,none,solve,1.0,8192,149,CHARLIE DELTA INDIA,TROMBONE,5,14,20,9,9,1;0;1;0;1;0;1;0;1;0;0;1;1;0;0;0;1;0;1;0,1;0;1;0;1;0;1;0;0;0;0;0;1;0;0;0;1;1;1;1,0.25;0.25;0.25;0.0;0.0;0.0;0.0;0.25;0.25;0.0;0.0;0.0;0.25;0.0;0.25;0.25;0.25;0.0;0.25;0.25,662;1374;1157;596;1931;952;2815;1860;801;404;297;856;1660;1313;241;925;1377;1974;1271;1839,0.1375,1215.25,0,0.0,0,926,0,1,0,"<Thinking>
Packet 01 - Identify equation features: $x^2 + y^2 = 2x + 10y + 16$. Rewrite as $(x^2 - 2x) + (y^2 - 10y) = 16.$ Complete square: $(x-1)^2 - 1 + (y-5)^2 - 25 = 16$. Simplify to find center at ($1,5$), which means $x+y=85$.
Packet 03 - Calculate time: solve equation for $t$, $y = -4.9t^2 + 23.8t = 28$. Rearrange yields a quadratic: $-4.9t^2 + 23.8t - 6\cdot28 = 0$ yielding two real solutions, but the positive one is required for projection to reach height of 28 meters.
Packet 05 - Determine disk usage on server: Disk usage on lima-14 is 85%. This is not related to solving equations or other content from the packet stream.

Ending <Final_Answers>
- Task UMBRELLA: 85
- Task UNICYCLE: [Solve in steps and reveal if needed]
- Task MARBLE: 2s + 3s = 5s (sum)
- Task YODEL: n * 4^n = 64^(n - 36) => n * 4^(n - 72) => solve yields $n=8$, as per algebra steps, or verification.
- Task TROMBONE : CHARLIE DELTA INDIA"
qwen2.5:1.5b,Q4_K_M,5,non-ordered,math_bench_4,direct,True,none,solve,1.0,8192,149,CHARLIE DELTA INDIA,TROMBONE,5,14,20,,11,1;1;0;1;0;1;1;0;1;0;1;1;1;0;0;1;0;0;0;1,,0.0;0.0;0.0;0.0;0.0;0.0;0.0;0.0;0.0;0.0;0.0;0.0;0.0;0.0;0.0;0.0;0.0;0.0;0.0;0.0,0;0;0;0;0;0;0;0;0;0;0;0;0;0;0;0;0;0;0;0,0.0,0.0,0,0.0,0,129,0,1,,"<Final_Answers>
- Task UMBRELLA: -16
- Task UNICYCLE: 3.0
- Task MARBLE: 48
- Task YODEL: 2
- Task TROMBONE: CHARLIE DELTA INDIA
"
qwen2.5:1.5b,Q4_K_M,5,non-ordered,math_bench_5,cot,True,none,solve,1.0,8192,149,CHARLIE DELTA INDIA,TROMBONE,5,14,20,9,1,0;0;0;0;0;0;0;0;0;0;0;0;0;0;0;0;0;0;0;1,0;0;1;0;1;1;1;1;0;0;0;0;1;0;0;0;1;1;1;0,0.0;0.0;0.0;0.0;0.0;0.0;0.0;0.0;0.0;0.0;0.0;0.0;0.0;0.0;0.0;0.0;0.0;0.0;0.0;0.0,793;1404;2433;175;2519;2208;2410;1070;1418;2772;415;758;2094;1031;1370;524;3046;3355;1579;675,0.0,1602.45,0,0.0,0,411,0,0,0,"<Thinking>
Packet 01 is Task UMBRELLA: $x=1+\frac{\sqrt{2}}{1+\frac{\sqrt{2}}{1+...}}$ and $\frac{1}{(x+1)(x-2)} = \frac{1}{x^2-x+2}$. This series suggests that $x^2 - x + 1 = 0$, resulting in $x = \pm\sqrt{2}$, so either answer can be chosen. For simplicity and convention, we'll use the positive value: $x > 0$.
- Task UMBRELLA: $\frac{1}{(x+1)(x-2)}$
</Thinking>

<Final_Answers>
- Task UMBRELLA: -Sqrt(2)+1
"
qwen2.5:1.5b,Q4_K_M,5,non-ordered,math_bench_5,direct,True,none,solve,1.0,8192,149,CHARLIE DELTA INDIA,TROMBONE,5,14,20,,6,1;0;1;0;0;0;0;0;1;1;0;0;0;1;0;0;1;0;0;0,,0.0;0.0;0.0;0.0;0.0;0.0;0.0;0.0;0.25;0.25;0.25;0.25;0.5;0.25;0.0;0.0;0.25;0.0;0.25;0.0,0;0;0;0;0;0;0;0;0;0;0;0;0;0;0;0;0;0;0;0,0.1125,0.0,0,0.0,0,86,0,0,,"- Task UMBRELLA: -3/(-1)(4)
- Task UNICYCLE: 5
- Task MARBLE: √(60)
- Task YODEL: 37
-"
qwen2.5:1.5b,Q4_K_M,5,non-ordered,trivial,cot,True,none,solve,1.0,8192,1114,QUEBEC INDIA OSCAR,DAFFODIL,5,14,20,14,8,1;0;0;1;1;0;0;0;1;0;0;0;1;0;1;1;1;0;0;0,1;0;0;1;1;0;1;0;1;1;1;1;1;1;1;1;1;0;1;0,0.75;1.0;0.0;1.0;1.0;0.0;0.0;0.25;1.0;0.0;1.0;0.0;1.0;0.5;0.5;1.0;1.0;0.25;0.0;0.0,1224;1233;486;2079;1849;2167;1288;726;1826;1881;2931;2303;1911;1959;1832;1263;1300;1041;1611;145,0.5125,1552.75,0,0.0,0,863,0,0,0,"<Thinking>
Packet 01 is Task FAILOVER: A failover has been triggered for etl deployment in region ca-central-1. Packet 03 is Task REPLICATAGE LAG: Replication lag on sessions is 4 seconds, which seems somewhat slow but isn't specifically indicated as an error. Packet 06 is Task BACKUP JOB COMPLETED SUCCEED; Backup job 292 for inventory finished successfully without any error messages or additional specifics related to it.
Now I find two ""trivial"" tasks: Packet 07 - Task WALNUT: Trivial task to report the word ""WALNUT"" as a result. Packet 12 - Task LANTERN: Trivial task where the word ""LANTERN"" is reported. Two ""trivial"" tasks, with both results being “WALNUT”.
</Thinking>
<Final_Answers>
- Task FAILOVER: None
- Task REPLICATAGE LAG: 4 seconds
- Task BACKUP JOB COMPLETED SUCCEED: None
- Task WALNUT: WALNUT
- Task LANTERN: LANTERN
- Task CATALIST: RICE
"
qwen2.5:1.5b,Q4_K_M,5,non-ordered,trivial,direct,True,none,solve,1.0,8192,1114,QUEBEC INDIA OSCAR,DAFFODIL,5,14,20,,10,0;1;0;1;1;1;0;1;1;0;1;0;1;1;1;0;0;0;0;0,,0.25;0.75;0.75;0.25;0.75;0.25;0.5;0.5;0.75;0.5;0.75;0.5;0.25;0.25;0.25;1.0;0.5;0.25;0.5;1.0,0;0;0;0;0;0;0;0;0;0;0;0;0;0;0;0;0;0;0;0,0.525,0.0,0,0.0,0,121,0,1,,"<Final_Answers>
- Task CATAPULT: SPOON
- Task LANTERN: CHERRY
- Task METRONOME: RICE
- Task DAFFODIL: QUEBEC INDIA OSCAR
"
qwen2.5:1.5b,Q4_K_M,5,non-ordered,math_bench_2,cot,True,none,solve,1.0,8192,1149,SIERRA HOTEL XRAY,LULLABY,5,15,20,12,2,1;0;0;0;0;0;0;0;0;0;0;0;0;0;0;0;0;1;0;0,1;1;0;1;1;0;0;1;1;0;0;1;1;1;0;0;1;0;1;1,0.25;0.0;0.0;0.25;0.0;0.0;0.0;0.5;0.5;0.0;0.0;0.5;0.25;0.0;0.25;0.5;0.75;0.25;0.25;0.5,2344;2282;235;2686;2052;1452;187;1890;1659;198;497;3562;2420;3053;780;639;1915;747;1213;2018,0.2375,1591.45,0,0.0,0,2440,0,0,1,"<Thinking>
Packet 01 is Task ELECTION: After completing the leader election for etl, there's no specific answer required. Packet 05 is related to DNS settings; however, it doesn't contain any task. Packet 2 was mistakenly tagged, as it does not specify a task.

Packets 3 and 4 contain informational entries that don't align with [Packet xx - Task ... ] pattern and therefore can be ignored.
[Packet 7]: Adjusting the threshold to ingest pipelines means setting an adjustment level for further processing or optimization of data ingestion. 

Packets 8 through 10: All these packets deal with adjusting thresholds, which is outside my scope as the task involves logarithms and not directly related tasks.

Packets 6th - Task TROMBONE]: Evaluating the expression $\log_5(625)$. Recognizing that $625 = 5^4$, we use the property of logarithms stating $\log_b(a^x) = x \cdot \log_b(a)$, hence:
\[ \log_5(625) = \log_5(5^4) = 4. \]

[Packet 10]: DNS lookup resolving took place successfully in a reasonable time of 306 ms, indicating the process is fast-enough.

Packets 1 and 4: No task indicated - irrelevant to my assigned duties. Packet 9 pertains to object replication, not directly related.
[Packet 12] Connection pool resizing means changing worker allocation strategies; it implies that this packet addresses a different feature of a system unrelated to the tasks I'm currently handling.

Packets 7th and 8: Final answers:
- TROMBONE: 4
- ORCHID: $3x + 5y = (2)(3) + 5(10) = 6 + 50 = 56$
- ESPRESSO: First, calculate Molly's reading rate per hour:
\[\frac{225 \text{ pages}}{4.5 \text{ hrs} \times (\frac{60}{x})}, x=3,\]
therefore, it takes $\frac{11(3)}{6} = 5$ minutes more than Xanthia.

Now, proceeding to solve the remaining tasks:
[Packet 7]: Adjusting system settings related to ingestion pipeline.
Tasks left: LULLABY.
- LULLABY: The request is for copying and pasting three words ""SIERRA HOTEL XRAY"", giving directly Answer SIERRA HOTEL XRAY. 

[Packet 8 - Task ORCHID]: Calculation of a function:
\[x \diamondsuit y = 3x + 5y\]
- Reply with final integer answer: $x=7$ and $y=12$, gives:

Packet 9 is tagged again as irrelevant.
Final ANS from stream: Packet 05, 8th task TROMBONE: Task OCHID: 56. Packet LULLABY: SIERRA HOTEL XRAY
</Thinking>
<Final_Answers>
- Task ELECTION: None related to task
- Task ORCHID: 7$\diamondsuit$12 = $3(7) + 5(12) = 21 + 60 = 81$
- Task ESPRESSO: It takes Molly 9 minutes longer than Xanthia.
"
qwen2.5:1.5b,Q4_K_M,5,non-ordered,math_bench_2,direct,True,none,solve,1.0,8192,1149,SIERRA HOTEL XRAY,LULLABY,5,15,20,,0,0;0;0;0;0;0;0;0;0;0;0;0;0;0;0;0;0;0;0;0,,0.25;0.25;0.0;0.0;0.0;0.25;0.25;0.5;0.0;0.5;0.5;0.25;0.5;0.25;0.0;0.5;0.0;0.0;0.25;0.25,0;0;0;0;0;0;0;0;0;0;0;0;0;0;0;0;0;0;0;0,0.225,0.0,0,0.0,0,91,0,0,,"<Final_Answers>
- Task JASMINE: 3
- Task TROMBONE: 5
- Task ORCHID: 19
- Task ESPRESSO: 20
"
qwen2.5:1.5b,Q4_K_M,5,non-ordered,math_bench_4,cot,True,none,solve,1.0,8192,1149,SIERRA HOTEL XRAY,LULLABY,5,15,20,16,7,0;0;0;1;1;1;0;1;1;0;1;0;0;0;1;0;0;0;0;0,1;0;1;1;1;1;1;1;1;1;1;1;1;1;1;1;0;0;0;1,0.0;0.0;0.0;0.0;0.0;0.0;0.0;0.0;0.0;0.0;0.0;0.0;0.0;0.0;0.0;0.5;0.0;0.0;0.25;0.0,2401;2036;2592;419;1727;1589;3284;1582;1757;2324;1747;2122;2416;2693;2622;3257;1417;444;651;3303,0.0375,2019.15,0,0.0,0,1040,0,0,0,"<Thinking>
Packet 02 is Task SERVICE CACHE: Drain connections before shutdown. Packet 03 is Task ambient_light_sensor_reports_nominal_range, not named in specific tasks.
</Thinking>
<Final_Answers>
- Task JASMINE: positive solution of the equation $x^2 + 12x = 73$ has the form $\sqrt{a} - b$, which would result in solving for $x$: $8$. The values of $a$ and $b$ are 64 and 8 respectively, so $a+b=64+8=72$.
- Task TROMBONE: Substitute $x = -8.4$ to find $k$ on the line $-2x + y = k$: $y = -2(-8.4) + 14 = 35$, thus $k = 35$.
- Task ORCHID: Given that $a+b+c=99$ and increasing $a$ by 6, decreasing $b$ by 6, multiply $c$ by 5 will result in three equal numbers (let them be $n$). Since the median of an arithmetic sequence is its mean, it means that either two or all three number parts are $44 - half = b$. So when divided into 1:3 ratio, then $a=26$, and so $b$ would remain at 44. Answer for Task ORCHID is 44.
- Task ESPRESSO: Given the volume of a box in cubic feet (99*foot), convert to cubic yards by dividing by 27; so 3/4 yard.
"
qwen2.5:1.5b,Q4_K_M,5,non-ordered,math_bench_4,direct,True,none,solve,1.0,8192,1149,SIERRA HOTEL XRAY,LULLABY,5,15,20,,0,0;0;0;0;0;0;0;0;0;0;0;0;0;0;0;0;0;0;0;0,,0.0;0.0;0.0;0.0;0.0;0.0;0.0;0.0;0.0;0.0;0.0;0.0;0.0;0.0;0.0;0.0;0.0;0.0;0.0;0.0,0;0;0;0;0;0;0;0;0;0;0;0;0;0;0;0;0;0;0;0,0.0,0.0,0,0.0,0,93,0,0,,"<Final_Answers>
- Task JASMINE: 4
- Task TROMBONE: 312
- Task ORCHID: -50
- Task ESPRESSO: 9
"
qwen2.5:1.5b,Q4_K_M,5,non-ordered,math_bench_5,cot,True,none,solve,1.0,8192,1149,SIERRA HOTEL XRAY,LULLABY,5,15,20,11,4,0;1;0;0;1;0;0;0;0;0;0;1;0;0;0;0;1;0;0;0,1;0;1;1;1;1;0;1;1;0;0;0;0;0;1;1;1;0;1;0,0.0;0.0;0.0;0.0;0.0;0.0;0.0;0.0;0.0;0.0;0.0;0.0;0.0;0.0;0.0;0.0;0.0;0.0;0.0;0.0,3286;523;737;1471;3172;1606;370;1885;4284;2257;939;493;1204;1134;1393;2509;2482;1565;1518;201,0.0,1651.45,0,0.0,0,762,0,0,0,"<Thinking>
Packet 01: Leader election completed for etl: new leader india-11. No task defined.
Packet 02: Service cache drained 48 connections before shutdown. No task defined.
Packet 03: ambient light sensor on mike-15 reports nominal range. No task defined.
Packet 05 - Task JASMINE]: The product of $7d^2-3d+g$ and $3d^2+hd-8$ is $21d^4-44d^3-35d^2+14d-16$. What is $g+h$? Using the distributive property, calculate: $(7d^2 - 3d + g)(3d^2 + hd - 8)$ = $21d^4 + (-21h)d^3 + (20 + g)d^2 - (35)d + 8g$. Equating this to the given product and comparing terms yields solutions $(h, g) = (6, -1)$ or $(4, -9)$. Since $h$ must be less than $d$, the only valid solution is $(6, -1)$. Thus, $g+h = 5$.
</Thinking>
<Final_Answers>
- Task JASMINE: 5
- Task LULLABY: 872
"
qwen2.5:1.5b,Q4_K_M,5,non-ordered,math_bench_5,direct,True,none,solve,1.0,8192,1149,SIERRA HOTEL XRAY,LULLABY,5,15,20,,1,0;0;0;0;0;0;0;0;0;0;0;0;0;0;1;0;0;0;0;0,,0.0;0.0;0.0;0.0;0.25;0.0;0.0;0.0;0.0;0.0;0.0;0.0;0.0;0.0;0.0;0.0;0.0;0.0;0.0;0.25,0;0;0;0;0;0;0;0;0;0;0;0;0;0;0;0;0;0;0;0,0.025,0.0,0,0.0,0,116,0,0,,"[Packet 04 - Task MARMALADE]: VICTOR XRAY ROMEO
[Packet 12 - Task TROMBONE]: b=64
[Packet 08 - Task ORCHID]: 5a+5b=9"
qwen2.5:1.5b,Q4_K_M,5,non-ordered,trivial,cot,True,none,solve,1.0,8192,2114,HOTEL GOLF VICTOR,QUARRY,5,15,20,16,12,1;0;0;1;0;1;1;1;1;0;1;0;1;0;1;1;0;0;1;1,1;0;0;1;0;1;1;1;1;1;0;1;1;1;1;1;1;1;1;1,1.0;0.0;0.25;0.5;0.5;1.0;1.0;0.0;1.0;1.0;0.75;1.0;0.75;1.0;0.0;1.0;0.75;0.75;1.0;1.0,2214;1271;504;1971;696;3069;1490;4248;3202;1425;179;1547;1933;1054;2903;2387;1636;2562;1534;1177,0.7125,1850.1,0,0.0,0,584,0,0,0,"<Thinking>
Packet 01 is Task QUEUE: This indicates that there are 639 priority messages on queue 'priority'.
There are no other tasks or additional information available from this packet.
Packet 02 is Task CONNECTION_POOL: The connection pool size for Redis has been incremented to 76 workers.

These are the only two tasks present in the stream provided, and they have been fully completed accordingly. No further packets were encountered after Packet 14 that would need attention or response processing.
</Thinking>
<Final_Answers> 
- Task QUEUE: <NA>  
- Task CONNECTION_POOL: <NA>"
qwen2.5:1.5b,Q4_K_M,5,non-ordered,trivial,direct,True,none,solve,1.0,8192,2114,HOTEL GOLF VICTOR,QUARRY,5,15,20,,6,0;1;0;0;0;0;0;0;0;0;1;1;0;0;0;0;1;1;1;0,,1.0;1.0;1.0;1.0;0.5;0.5;0.25;0.0;0.5;0.5;1.0;1.0;0.5;1.0;0.5;0.25;1.0;1.0;1.0;0.5,0;0;0;0;0;0;0;0;0;0;0;0;0;0;0;0;0;0;0;0,0.7,0.0,0,0.0,0,124,0,0,,"<Final Answers>
- Task TROMBONE: BLACK
- Task YOGURT: BEAR
- Task EGGPLANT: MAROON
- Task PISTACHIO: VIOLET
</Final Answers>"
qwen2.5:1.5b,Q4_K_M,5,non-ordered,math_bench_2,cot,True,none,solve,1.0,8192,2149,ZULU ROMEO ALPHA,HAMMOCK,5,13,20,14,3,0;1;1;0;0;0;0;0;0;0;0;0;0;0;0;1;0;0;0;0,1;1;1;1;0;1;1;1;1;1;1;1;0;0;1;0;1;0;0;1,0.25;0.25;0.25;0.25;0.25;0.75;0.25;0.5;0.5;0.0;0.75;0.5;0.25;0.25;0.0;0.25;0.25;0.5;0.25;0.0,2673;2296;1627;1543;371;2111;2406;2999;1318;2789;1618;789;214;169;2616;546;2308;460;221;1040,0.3125,1505.7,0,0.0,0,1589,0,1,1,"### OUTPUT:

#### Thinking
Packet 01 is a System Information Packet: Connection pool resized. No specific tasks to act upon.
Packet 02 is Backup Job Completion Notice: Backup job finished successfully for orders. Tagged as 'Task ABACUS': Evaluate $|-34.1|$. The absolute value of -34.1 is 34.1, and the floor function of 34.1 is 34.
Packet 03 is an Evaluation Task: Evaluate $\left\lfloor |{-34.1}|\right\rfloor$. Reply with only the final integer answer: 34.
Packet 04 is Replication Lag Issue Acknowledged: Average lag reported as 57 seconds.
Packet 05 is a Sequence Addition Notice: Four consecutive powers of 3: $3^0,3^1+3^2,3^3+3^4,4$. The average value would be the middle term of the sum series and simplifies to 3 + 9 which equals 12.
Packet 06 is Heartbeat Acknowledged: Billing heartbeat received successfully after 464 ms.
Packet 07 is Node-Vibration Confirmation: Vibration within tolerance, no need for further actions.

#### Final_Answers
- Task ABACUS: 34
- Task FLAMINGO: -2  
- Task HAMMOCK: ZULU ROMEO ALPHA

### Processing the Actual Stream:

#### Thinking
Packet 01 is a System Information Packet: Connection pool resized. No specific tasks to act upon.
Packet 02 is Backup Job Completion Notice: Finished successfully for orders. Tagged as 'Task ABACUS': Evaluate $|-34.1|$. The absolute value of -34.1 is 34.1, and the floor function of 34.1 is 34.
Packet 03 is Evaluation Task: Evaluate $\left\lfloor |{-34.1}|\right\rfloor$. Reply with only the final integer answer: 34.

#### Final Answers
- Task ABACUS: 34  
- Task FLAMINGO: -2  
- Task HAMMOCK: ZULU ROMEO ALPHA"
qwen2.5:1.5b,Q4_K_M,5,non-ordered,math_bench_2,direct,True,none,solve,1.0,8192,2149,ZULU ROMEO ALPHA,HAMMOCK,5,13,20,,16,1;1;1;1;1;1;0;1;0;1;1;1;1;1;1;0;1;0;1;1,,0.0;0.25;0.25;0.0;0.0;0.0;0.0;0.0;0.25;0.25;0.0;0.0;0.0;0.0;0.0;0.25;0.0;0.0;0.0;0.0,0;0;0;0;0;0;0;0;0;0;0;0;0;0;0;0;0;0;0;0,0.0625,0.0,0,0.0,0,94,0,0,,"Final_Answers  
- Task ABACUS: 31
- Task LANTERN: 48
- Task FLAMINGO: -2
- Task MONGOOSE: 243
"
qwen2.5:1.5b,Q4_K_M,5,non-ordered,math_bench_4,cot,True,none,solve,1.0,8192,2149,ZULU ROMEO ALPHA,HAMMOCK,5,13,20,15,5,0;1;0;1;1;0;0;0;0;1;0;0;0;0;0;0;0;0;1;0,1;1;1;0;1;1;1;0;0;1;1;0;1;1;1;1;1;1;1;0,0.25;0.0;0.0;0.0;0.0;0.0;0.0;0.0;0.0;0.0;0.0;0.0;0.0;0.0;0.0;0.0;0.0;0.25;0.0;0.0,2094;668;1873;3187;1864;1317;1659;425;754;1907;1136;123;3156;1993;1431;1130;2018;2152;183;382,0.025,1472.6,0,0.0,0,334,0,1,1,"<Thinking>
Finding tasks within 250-character limit:

- Packet 02 - Task LANTERN (find largest prime factor): $9879 = 3 \times 41 \times 89$, Largest Prime: 89.

Packet 06 - Task HAMMOCK: Answer ZULU ROMEO ALPHA, as it's already provided in the stream.
</Thinking>

<Final_Answers>
- Task LANTERN: 89
- Task HAMMOCK: ZULU ROMEO ALPHA
"
qwen2.5:1.5b,Q4_K_M,5,non-ordered,math_bench_4,direct,True,none,solve,1.0,8192,2149,ZULU ROMEO ALPHA,HAMMOCK,5,13,20,,16,1;1;0;1;1;0;1;1;1;1;0;1;0;1;1;1;1;1;1;1,,0.0;0.0;0.0;0.0;0.0;0.0;0.0;0.0;0.0;0.0;0.0;0.0;0.0;0.0;0.0;0.0;0.0;0.0;0.0;0.0,0;0;0;0;0;0;0;0;0;0;0;0;0;0;0;0;0;0;0;0,0.0,0.0,0,0.0,0,204,0,0,,"<Final_Answers>
- Task ABACUS: 1574.502653289669 (rounded to a reasonable precision)
- Task LANTERN: 9879 (as directly given without further computation required)
- Task FLAMINGO: 57
- Task MONGOOSE: 452
"
qwen2.5:1.5b,Q4_K_M,5,non-ordered,math_bench_5,cot,True,none,solve,1.0,8192,2149,ZULU ROMEO ALPHA,HAMMOCK,5,13,20,14,7,1;1;1;0;0;1;0;1;0;0;0;0;1;0;0;0;0;0;0;1,1;0;1;1;0;1;1;1;1;0;1;1;0;1;1;1;0;1;0;1,0.0;0.0;0.0;0.0;0.0;0.0;0.0;0.0;0.0;0.0;0.0;0.25;0.0;0.0;0.0;0.0;0.0;0.25;0.0;0.0,1949;1644;1624;2873;1486;2195;1279;2579;1211;975;638;2476;992;5224;3703;1799;1085;2060;114;1276,0.025,1859.1,0,0.0,0,1236,0,0,1,"<Thinking>
Packet 01 is Task ABACUS: The answer to [the difference between two perfect squares being] 133 is $9$ plus $4$, which equals $13$. Packet 02 is Task LANTERN: To find the square root of $\frac{t^2}{2}$, multiply both sides by 2 and then divide by t^2. This simplifies to $1$ squared times what 't' can be squared divided by $t$, leaving a final answer as half one because multiplying a number by itself equals that number's square root. Packet 03 is Task HAMMOCK: Copy-paste was unnecessary here, but provided as per request.
Packet 04 is Task MONGOOSE: Solve for 'n' in the quadratic equation $t^2/6 = (19x - 7)^2$. Simplify the original form into $(t/3)^2 + ...$, then take square roots of both sides. Solving the resulting quadratic yields an integer n as $8$.
Packet 05 is Task HAMMOCK: The task requested no specific solving, only copying, so provided it as per request.
Packet 06 is Task MONGOOSE: The packet requested a sum between two numbers, which are not stated in this packet and were thus assumed to be irrelevant for the calculation of m+n.

No tasks given to solve.
</Thinking>
<Final_Answers>
- Task ABACUS: 13
- Task LANTERN: $1$
- Task HAMMOCK: 9
- Task MONGOOSE: n = 8, t=6
- Task HAMMOCK: ZULU ROMEO ALPHA
"
qwen2.5:1.5b,Q4_K_M,5,non-ordered,math_bench_5,direct,True,none,solve,1.0,8192,2149,ZULU ROMEO ALPHA,HAMMOCK,5,13,20,,20,1;1;1;1;1;1;1;1;1;1;1;1;1;1;1;1;1;1;1;1,,0.0;0.0;0.0;0.0;0.0;0.0;0.0;0.0;0.0;0.0;0.0;0.0;0.0;0.0;0.0;0.0;0.0;0.0;0.25;0.0,0;0;0;0;0;0;0;0;0;0;0;0;0;0;0;0;0;0;0;0,0.0125,0.0,0,0.0,0,88,0,1,,"**FINAL_ANSWERS**
- Task ABACUS: 18
- Task LANTERN: -3
- Task HAMMOCK: ZULU ROMEO ALPHA
"
qwen2.5:1.5b,Q4_K_M,5,non-ordered,trivial,cot,True,none,solve,1.0,8192,3114,HOTEL INDIA ROMEO,SAXOPHONE,5,13,20,13,9,0;0;1;1;1;0;0;0;1;0;0;1;0;0;1;1;0;1;0;1,0;1;0;1;1;1;0;1;1;1;1;1;0;0;0;1;1;1;0;1,0.25;0.0;0.25;0.5;0.5;0.25;0.25;0.75;0.75;0.0;0.5;0.75;0.0;0.5;0.0;0.75;0.0;0.5;0.0;0.25,154;172;279;275;620;712;178;361;531;248;315;618;817;528;220;389;1415;571;121;174,0.3375,434.9,0,0.0,0,189,0,1,1,"<Thinking>
Packet 05 is Task SAXOPHONE: This task is trivial; it's just to copy paste these three words: ""HOTEL INDIA ROMEO"".
</Thinking>

<Final_Answers>
Task SAXOPHONE: HOTEL INDIA ROMEO
"
qwen2.5:1.5b,Q4_K_M,5,non-ordered,trivial,direct,True,none,solve,1.0,8192,3114,HOTEL INDIA ROMEO,SAXOPHONE,5,13,20,,17,1;1;1;1;0;1;1;1;1;1;0;1;1;1;0;1;1;1;1;1,,0.5;0.5;0.5;0.5;0.75;0.5;0.5;0.5;0.5;0.5;1.0;0.5;0.5;0.75;0.75;0.5;0.75;0.5;0.5;0.5,0;0;0;0;0;0;0;0;0;0;0;0;0;0;0;0;0;0;0;0,0.575,0.0,0,0.0,0,79,0,1,,"<A_Answers>
- Task BONSAI: FOX
- Task SAXOPHONE: HOTEL INDIA ROMEO
</A_Answers>"
qwen2.5:1.5b,Q4_K_M,5,non-ordered,math_bench_2,cot,True,none,solve,1.0,8192,3149,KILO UNIFORM INDIA,TOBOGGAN,5,14,20,10,3,0;0;0;0;0;0;1;0;0;1;1;0;0;0;0;0;0;0;0;0,1;1;1;0;0;1;0;1;0;1;1;0;0;0;1;1;0;1;0;0,0.0;0.0;0.0;0.0;0.25;0.0;0.0;0.0;0.0;0.25;0.0;0.0;0.0;0.0;0.0;0.0;0.0;0.0;0.0;0.0,776;2031;1955;813;2134;2375;909;1955;2991;2750;3517;1068;1585;501;3149;4205;907;3959;1024;725,0.025,1966.45,0,0.0,0,873,0,0,0,"<Thinking>
Packet 01 - Secret rollback.sql rotated by task scheduler: None applicable. Packet 02 - Task ESPRESSO: The formula for the sum of the first n terms of an arithmetic sequence is $\frac{n}{2}(a_1 + a_n)$. Given $n=4$, $S_4 = \frac{4}{2}(5+X) = 10$, solving for X gives X = 3. The fifth term ($a_5$) is given, so we can find the next terms: $a_6 = a_5 + d$. Since we don't know the common difference (d), but provided that the problem asks for just the nth term, there's no need to calculate it.
Packet 03: Slow query log recorded 91 entries - This is not directly related to any task or calculation.

Packet 04: Humidity in break room is 92 percent - No task packet.

[REPEA] Packet 568: The packet number did not match the expected one of the sequence starting at (01) for [thinking].

[PACKET 03]

<Final_Answers>
- Task ESPRESSO: None applicable due to error. 
"
qwen2.5:1.5b,Q4_K_M,5,non-ordered,math_bench_2,direct,True,none,solve,1.0,8192,3149,KILO UNIFORM INDIA,TOBOGGAN,5,14,20,,4,0;1;0;0;0;0;1;0;0;0;1;0;0;0;0;0;0;1;0;0,,0.0;0.0;0.0;0.0;0.0;0.0;0.0;0.0;0.0;0.0;0.0;0.0;0.25;0.0;0.0;0.0;0.0;0.0;0.0;0.0,0;0;0;0;0;0;0;0;0;0;0;0;0;0;0;0;0;0;0;0,0.0125,0.0,0,0.0,0,144,0,1,,"<Final_Answers>
- Task ESPRESSO: 5
- Task FALCON: 2
- Task ANCHOVY: -13.0
- Task UMBRELLA: 3.38746497300525
- Task TOBOGGAN: KILO UNIFORM INDIA
"
qwen2.5:1.5b,Q4_K_M,5,non-ordered,math_bench_4,cot,True,none,solve,1.0,8192,3149,KILO UNIFORM INDIA,TOBOGGAN,5,14,20,12,10,0;1;0;0;0;1;1;0;0;1;1;1;1;0;1;0;1;0;1;0,0;1;0;0;0;0;1;1;0;1;1;1;1;1;1;1;0;0;1;1,0.25;0.0;0.0;0.25;0.0;0.0;0.25;0.25;0.0;0.0;0.0;0.0;0.0;0.25;0.0;0.0;0.0;0.0;0.0;0.0,3015;940;1270;1320;695;655;1740;2589;762;3616;2535;2182;3383;3724;2746;2299;878;2395;3194;3252,0.0625,2159.5,0,0.0,0,2242,0,0,0,"<Thinking>
Packet 01 is Task SECRET: This may involve rotating rollback.sql but cannot be solved without additional context.
Packet 02 - Task ESPRESSO: The function \( f(x) \) should evaluate based on its definition and the specified values of \( x \). It's clear that for \( x > -2 \), \( f(x) = \left\lceil\dfrac{1}{x+2}\right\rceil \) and for \( x < -2 \), \( f(x) = \left\lfloor\dfrac{1}{x+2}\right\rfloor \). The function has a vertical asymptote at \( x = 3^{-2} - 2 = -6.875 \), so the integer not in its range is 7. 
Packet 04 is Task HUMIDITY: To find \( y = 9x + (92)^2 \).
- Calculate \( y \): 
$$ y = 9(2) + 916 = 3543 $$
Packet 05 is Task REPLICATION: The lag in replication of billing is given as a number. No specific calculation required, just stating the lag length.

- Packet 6 - Task FALCON: Solving for the sum:
$$ (n+2)^2 + (n+1)^2 + n^2 = 7805 $$
Using the identity \( A^2 + B^2 + C^2 \):
$$ 3n(n+A)/2 + [(A^2+B^2+C^2) > ... = 14.96 $$

Result: 
- Packet 7 - Task ETL: To figure that out, we must find all real x satisfy this statement:
\[ x+2 / (2x+2) = (4x+3)/(7x+3). \]
Multiply both sides by \( x(2x+2)(4x+3)(7x+3) \):
$$(x(7x+3) + 2(x+2))(8x+6 + 2(4x+3)) = (4x^2-9)x. $$
Simplifying, \( x=10\), which provides a valid solution; the product is therefore: 
- Packet 08 - Final_Answers:
- Task UMBRELLA : The minimum value of \( y = 3x^2 + 6x + 9 \) occurs when its derivative equals zero. Solving, we get \( x= -1\), then calculating yields the final answer: -4.
[Packet 09]: Task ANCHOVY : The product condition can be met if solving:
\[ (x+2)/(2x+2) = (4x+3)/(7x+3) \]
The solution is \( x=1\), leading to a product of: 
- Packet 10 - Final_Answers:
- Task SNOOPER : Taking the snapshot only ensures that the action occurred but does not provide other details.
[Packet 12]: Task UMBRELLA: The minimum value corresponds to completing the square in an expression. It yields a final answer of \( y = -4 \).
[Packet 13 - Final_Answers]
- Task FIREWALL : The updated firewall rule was applied for juliet-12 node.
</Thinking>
<Final_Answers>
- Task ESPRESSO: 
7805
- Task HUMIDITY:
3543
- Task REPLICATION: None (no Lag calculation needed)
- Task FALCON: 197
- Task ETL: 7
- Task ANCHOVY: 
(1)^2 * 1
- Task UMBRELLA : -4
"
qwen2.5:1.5b,Q4_K_M,5,non-ordered,math_bench_4,direct,True,none,solve,1.0,8192,3149,KILO UNIFORM INDIA,TOBOGGAN,5,14,20,,16,1;0;1;0;1;1;1;0;0;1;1;1;1;1;1;1;1;1;1;1,,0.0;0.0;0.0;0.0;0.0;0.0;0.0;0.0;0.0;0.0;0.0;0.25;0.0;0.0;0.25;0.0;0.25;0.0;0.0;0.0,0;0;0;0;0;0;0;0;0;0;0;0;0;0;0;0;0;0;0;0,0.0375,0.0,0,0.0,0,92,0,1,,"- Task ESPRESSO: -2
- Task FALCON: 63
- Task ANCHOVY: 6
- Task TOBOGGAN: KILO UNIFORM INDIA
"
qwen2.5:1.5b,Q4_K_M,5,non-ordered,math_bench_5,cot,True,none,solve,1.0,8192,3149,KILO UNIFORM INDIA,TOBOGGAN,5,14,20,13,4,0;0;1;0;0;1;0;0;0;0;0;1;0;1;0;0;0;0;0;0,0;1;1;0;0;1;0;0;0;1;1;1;1;1;1;1;1;1;0;1,0.0;0.0;0.0;0.0;0.0;0.0;0.0;0.25;0.0;0.0;0.0;0.0;0.0;0.0;0.0;0.0;0.0;0.0;0.0;0.0,1151;2309;615;1722;910;2084;550;1330;213;2326;1897;3112;2305;1178;2199;1921;2784;4026;1927;2935,0.0125,1874.7,0,0.0,0,3014,0,0,1,"<Thinking>
Packet 01 is <thinking packet number>, Secret rollback.sql rotated by a scheduled task. 
Packet 02 - Task ESPRESSO: The function's inverse, after rationalizing denominators and simplifying, becomes $y^{2} = \frac{4x - (3 + 7)}{(1 + x)(x + 5) + 5}$ or $y^{2} = \frac{x}{x+6}$. Solving for $x$, we find the inverse function: $-6xy = y(x^2 + cx + d)$, so finding $a/c$ implies solving the system using $x = \frac{-3\sqrt{y})}{y}$ and $dy/dx = 3/y^{1/2}$. After simplification:
$a = -4$ ; c = $-5$
Therefore, $\frac{a}{c} = \frac{4}{5}$.  

Packet 04 is <thinking packet number>, The humidity of the break room being at an 92% level. 

Packet 06 is <thinking packet number>, The expression simplifying to sum $[-1(7)^2 + 3^2] = -28$ and its square becomes $(\sqrt{m})/n$, so after cubing both sides yields the positive integers m, n for which $-504 = 36*(-19)$, thus, finding $\frac{-1 \cdot 7}{1 \cdot (-19)} = -7/$ or answer found as $m =-19$ and n=$1$, so it is already simplified in terms of a+bi. 

Packet 08 is <thinking packet number>, Calibration result for a humidity probe has been completed, confirming the value.

Now forward to solving upcoming tasks:

Packet 03 is <thinking packet number>, The query log containing 91 entries means nothing actionable from that perspective.
Packet 05 is <thinking packet number>, Replication lag on billing being 20 seconds signifies no correlation with user activity or database management. 
Packet 07 is <thinking packet number>, Connection pool for ETL resized to 44 workers signifies an increase in performance due to more efficient use of resources, thereby improving overall system throughput and processing speed.

Moving to the remaining tasks:

Packet 09 - Task FALCON: <thinking packet number>:
Finding m and n yields $p^2 + q^2 = 1$, which is satisfied by p=3 or q=-4 (leading to negative values). Considering only positive integers that don't share any factors other than one, the possible value of k for prime numbers can be determined based on specific conditions. Given that: 
m+9*7=n
Solving for the integer k yields $-1$ and $63$, thus m=-1 or n=63.
Therefore:
The final answer is -1.

Packet 10 is <thinking packet number>, The snapshot was indeed written to volume bravo. 

Moving on:

Packet 11 is <thinking packet number> :
Replica alpha-01 catching up to primary on Read-Replicas task indicates a higher level of data accuracy between the replica servers, thereby improving its service reliability and availability.

Finally Packet 14 - Task TOBOGGAN: 
Copy-pasted phrase being ""KILO UNIFORM INDIA"" reveals that despite language barriers these words can be successfully integrated into a document for reference or communication purposes.

Moving ahead one more task:

Packet 15 <thinking packet number> : Garbage collection, freed 397 megabytes freeing up system RAM resources further facilitating smoother database operations.
Finally Packet 14 - Task TOBOGGAN: Copy-paste phrase ""KILO UNIFORM INDIA"". Final Answer - KILO UNIFORM INDIA."
qwen2.5:1.5b,Q4_K_M,5,non-ordered,math_bench_5,direct,True,none,solve,1.0,8192,3149,KILO UNIFORM INDIA,TOBOGGAN,5,14,20,,16,0;1;1;1;1;1;1;0;1;1;1;0;1;1;0;1;1;1;1;1,,0.0;0.25;0.0;0.0;0.0;0.0;0.0;0.0;0.0;0.0;0.0;0.0;0.25;0.0;0.0;0.0;0.0;0.0;0.0;0.0,0;0;0;0;0;0;0;0;0;0;0;0;0;0;0;0;0;0;0;0,0.025,0.0,0,0.0,0,134,0,1,,"<Final_Answers>
- Task ESPRESSO: 1/50
- Task FALCON: -8
- Task ANCHOVY: 229657
- Task UMBRELLA: 3
- Task TOBOGGAN: KILO UNIFORM INDIA
"
qwen2.5:1.5b,Q4_K_M,5,non-ordered,trivial,cot,True,none,solve,1.0,8192,4114,ALPHA XRAY WHISKEY,HAMMOCK,5,15,20,11,4,0;0;0;1;0;0;1;0;0;0;0;0;0;1;0;0;0;1;0;0,1;1;1;1;1;0;1;0;0;1;1;0;0;1;0;0;0;1;0;1,1.0;1.0;0.25;0.5;1.0;0.75;1.0;1.0;1.0;1.0;1.0;0.75;0.75;1.0;0.5;0.75;1.0;1.0;1.0;1.0,1114;1117;1830;1244;1438;268;401;1838;268;973;1322;1704;293;963;420;288;439;311;303;871,0.8625,870.25,0,0.0,0,1015,0,0,1,"<Thinking>
Packet 01 - Task HARMONICA: Report word BLUE as this task's result. Packet 02 - Task UNICYCLE: Report word WOLF as this task's result. Packet 03 is trivially empty and can be ignored. Skip Packets 4-8, which are mostly informational with no tasks assigned to them. Packet 9 - Task GONDOLA: Report word LAMP as this task's result. Packet 10 - Task KUMQUAT: Report word CRAB as this task's result. Packet 11 - Task STORAGE (code 500): No task, no answer from storage. Skip Packets 12-13, which are about migrations or logger status reports with few tasks attached. Packet 14 - Task DNS: Cache hit ratio is already adjusted to 36 percent — no change needed here either. Packet 15 - Task HAMMOCK: Copy-paste these three words: ""ALPHA XRAY WHISKEY"". Answer: ALPHAXAYWHISKEY.
</Thinking>

<Final_Answers>
- Task HARMONICA: BLUE
- Task UNICYCLE: WOLF
- Task GONDOLA: LAMP
- Task KUMQUAT: CRAB
- Task STORAGE (code 500): No task, no answer from storage
- Task DNS: NO CHANGE NEEDED (36 percent already adjusted)
"
qwen2.5:1.5b,Q4_K_M,5,non-ordered,trivial,direct,True,none,solve,1.0,8192,4114,ALPHA XRAY WHISKEY,HAMMOCK,5,15,20,,5,0;0;0;1;0;0;0;0;0;1;0;1;0;1;0;0;0;1;0;0,,1.0;1.0;1.0;1.0;0.0;1.0;1.0;1.0;1.0;1.0;1.0;1.0;1.0;1.0;1.0;1.0;1.0;1.0;1.0;1.0,0;0;0;0;0;0;0;0;0;0;0;0;0;0;0;0;0;0;0;0,0.95,0.0,0,0.0,0,144,0,0,,"<A_Answers>
- Task HARMONICA: BLUE
- Task UNICYCLE: WOLF
- Task KUMQUAT: CRAB
- Task GONDOLA: LAMP
- Task HAMMOCK: ALPHAXRAYWHISKEY
</A_Answers>"
qwen2.5:1.5b,Q4_K_M,5,non-ordered,math_bench_2,cot,True,none,solve,1.0,8192,4149,INDIA DELTA ROMEO,EGGPLANT,5,14,20,9,6,0;0;1;0;1;0;0;0;0;1;0;0;0;0;0;1;1;0;0;1,1;0;0;1;1;1;0;0;0;1;1;0;0;1;0;1;1;0;0;0,0.25;0.0;0.0;0.0;0.25;0.5;0.0;0.0;0.75;0.0;0.0;0.0;0.25;0.0;0.0;0.0;0.25;0.0;0.0;0.0,2923;617;241;1788;1092;1300;636;194;713;1293;1598;1390;2063;3079;279;770;996;801;151;467,0.1125,1119.55,0,0.0,0,314,0,0,0,"<Thinking>
Packet 02 is Task SUNDIAL: If one-fourth of $2^{30}$ is equal to $2^x$, solve for x. One fourth of $2^{30}$ can be rewritten as $\frac{1}{4} \times 2^{30} = 2^{30-1}$. So, the equation becomes $2^{30} = 2^16$. Therefore, $x=16$. The answer is SUNDIAL: 16.
</Thinking>
<Final_Answers>
- Task SUNDIAL: 16
"
qwen2.5:1.5b,Q4_K_M,5,non-ordered,math_bench_2,direct,True,none,solve,1.0,8192,4149,INDIA DELTA ROMEO,EGGPLANT,5,14,20,,16,0;0;1;1;1;1;0;1;1;1;1;1;0;1;1;1;1;1;1;1,,0.0;0.0;0.0;0.25;0.0;0.0;0.0;0.0;0.0;0.0;0.0;0.0;0.0;0.0;0.0;0.0;0.0;0.0;0.0;0.0,0;0;0;0;0;0;0;0;0;0;0;0;0;0;0;0;0;0;0;0,0.0125,0.0,0,0.0,0,129,0,0,,"<Final_Answers>
- Task SUNDIAL: 180
- Task METRONOME: 19
- Task VOLCANO: -4
- Task UMBRELLA: 3
- Task EGGPLANT: India Delta Roma
"
qwen2.5:1.5b,Q4_K_M,5,non-ordered,math_bench_4,cot,True,none,solve,1.0,8192,4149,INDIA DELTA ROMEO,EGGPLANT,5,14,20,12,8,0;1;0;0;0;0;1;1;1;0;0;1;0;0;1;0;0;1;0;1,1;1;0;0;1;1;1;1;1;1;0;0;0;1;1;0;0;1;0;1,0.25;0.0;0.25;0.0;0.0;0.0;0.0;0.25;0.25;0.0;0.0;0.0;0.25;0.25;0.0;0.0;0.0;0.25;0.25;0.25,2724;2716;310;1167;341;1872;1553;1545;1018;1428;517;322;603;2019;3519;165;741;2329;939;730,0.1125,1327.9,0,0.0,0,1051,0,0,1,"<Thinking>
Packet 02 is Task SUNDIAL: The equation of the line $ax+(a+1)y=a+2$ can be rearranged to $ayx + (1+a)y = a + 2$. Substituting $(4, -8)$ into this gives $-8a + (1-a(-8)) = a + 2$, or $72 - 9a = a + 2$. Solving for $a$ yields $a = \frac{36}{5} = 7.2$. Therefore, the answer is 7.
Packet 04 is Task CPU TEMPERATURE: The temperature on node-d stabilizes at 15C, as stated directly in the packet.
Packet 06 is Task VOLCANO: Let $A$ and $B$ be real numbers such that $\frac{A}{x-5} + B(x+1) = \frac{-3x^2 + 12x + 22}{x - 5}$, we substitute $(4, -8)$ into it. It simplifies to $-8(A + 7) = A$, thus $-9A = 56$. Hence, the answer is $\boxed{6}$.
Packet 07 is Task UMBRELLA: Multiplying the polynomials gives $x^4 \cdot x^3 - 3x^3 + (5+x)x^2 - 6x(x) + 17 = x^7 - 3x^4 + (5x+1)x^2 - 6x^2 + 1$. The exponent of the highest power is $7$, therefore $\boxed{0}$, as no specific higher degree term is asked for.
Packet 14 is Task EGGPLANT: Copy-pasting three words ""INDIA DELTA ROMEO"", which results in the final output. Hence, the answer is $\boxed{69}$."
qwen2.5:1.5b,Q4_K_M,5,non-ordered,math_bench_4,direct,True,none,solve,1.0,8192,4149,INDIA DELTA ROMEO,EGGPLANT,5,14,20,,20,1;1;1;1;1;1;1;1;1;1;1;1;1;1;1;1;1;1;1;1,,0.0;0.0;0.25;0.0;0.0;0.0;0.0;0.0;0.0;0.0;0.0;0.0;0.0;0.0;0.0;0.0;0.0;0.0;0.0;0.0,0;0;0;0;0;0;0;0;0;0;0;0;0;0;0;0;0;0;0;0,0.0125,0.0,0,0.0,0,131,0,1,,"<Final_Answers>
- Task SUNDIAL: -5
- Task METRONOME: 10
- Task VOLCANO: 12
- Task UMBRELLA: -76
- Task EGGPLANT: INDIA DELTA ROMEO
"
qwen2.5:1.5b,Q4_K_M,5,non-ordered,math_bench_5,cot,True,none,solve,1.0,8192,4149,INDIA DELTA ROMEO,EGGPLANT,5,14,20,13,8,0;1;0;1;1;0;1;1;0;0;0;1;0;0;0;0;0;0;1;1,0;1;1;0;1;1;1;1;0;0;1;1;1;0;0;1;1;0;1;1,0.25;0.0;0.0;0.0;0.25;0.0;0.0;0.25;0.0;0.0;0.0;0.0;0.0;0.0;0.0;0.0;0.0;0.0;0.25;0.0,1323;996;1893;482;3185;2753;2849;4550;808;649;2833;2180;2126;1047;464;1791;1918;1422;2180;2798,0.05,1912.35,0,0.0,0,1041,0,1,0,"<Thinking>
Packet 01 is Task QUERY: No immediate relevant answer provided. Packet 02 is Task SUNDIAL: If $\Phi$ and $\varphi$ are two distinct solutions to $x^2 = x + 1$, then their sum is not 3, but rather -1. So $(\Phi - \varphi)^2 = (-1)^2 = 1$. Packet 04 is Task CPU_TEMPERATURE: The answer remains stable at 15C. Packet 05 is Task SERVICE_RESTARTED: Service redis entered degraded mode, no immediate relevant value for the question asked about oauth. Packets 7 and 8 are not tasks but describe normal system operations; they can be skipped. Packet 9 is Task METRONOME: The answer is rearranged to $6(j^2 - j/2 + 1)$ which simplifies further and leads to $(j-1)^2 = c(j+3)^2$, hence $\frac{q}{p} = \frac{-13}{8^-}$ (rearranges as negative). Packet 10 is Task DEAD_LETTER: The answer is ""IN DELTA ROMEO"". Skip packet 14 - not a task. 
</Thinking>
<Final_Answers>
- Task SUNDIAL: 1
- Task CPU_TEMPERATURE: 15C
- Task METRONOME: $\frac{8}{7}$
- Task VOLCANO: 0
- Task UMBRELLA: $2\sqrt{2}$ (approx. 2.83)
- Task EGGPLANT: INDIA DELTA ROMEO
"
qwen2.5:1.5b,Q4_K_M,5,non-ordered,math_bench_5,direct,True,none,solve,1.0,8192,4149,INDIA DELTA ROMEO,EGGPLANT,5,14,20,,16,1;1;0;0;1;1;1;0;1;1;1;1;0;1;1;1;1;1;1;1,,0.0;0.0;0.0;0.0;0.0;0.0;0.0;0.0;0.0;0.0;0.0;0.0;0.0;0.0;0.0;0.0;0.0;0.0;0.0;0.0,0;0;0;0;0;0;0;0;0;0;0;0;0;0;0;0;0;0;0;0,0.0,0.0,0,0.0,0,131,0,1,,"<Final_Answers>
- Task SUNDIAL: 1/4
- Task METRONOME: 3
- Task VOLCANO: -23
- Task UMBRELLA: √3
- Task EGGPLANT: INDIA DELTA ROMEO
"
qwen2.5:1.5b,Q4_K_M,5,non-ordered,trivial,cot,True,none,solve,1.0,8192,5114,GOLF QUEBEC OSCAR,BLIZZARD,5,14,20,17,14,1;1;0;0;0;1;1;1;1;1;1;1;1;0;0;1;1;1;0;1,1;1;1;1;1;1;1;0;1;1;1;1;1;1;1;1;1;0;1;0,1.0;1.0;0.75;0.0;1.0;0.0;1.0;0.5;0.25;0.75;0.75;1.0;0.0;0.0;1.0;1.0;1.0;0.5;1.0;0.75,1275;2405;708;3267;1182;426;1280;421;238;1656;737;1638;294;325;3009;1632;1324;236;1572;522,0.6625,1207.35,0,0.0,0,985,0,1,1,"<Thinking>
Packet 01 is Task NULL: This packet contains no relevant information.
Packet 02 is Task NULL: No tasks present.
Packet 03 is Task NULL: No tasks present.
Packet 04 - Task LANTERN is trivial: I must report ""GOOSE"". Answer GOOSE. Packet 05 - Task BLIZZARD is trivial: I am asked to copy-paste the four words: ""GOLF QUEBEC OSCAR"".
Packet 06 - Task NULL: No tasks present.
Packet 07 - Task NULL: No tasks present.
Packet 08 - Task NULL: No tasks present.
Packet 09 - Task NULL: No tasks present.
Packet 10 - Task JIGSAW is a trivial task: I am instructed to copy these five words: ""SEAL the project"". Answer SEAL. Packet 11 - Task ORIGAMI is trivial: The task requires copying only:
- Original
- Fold
- Cut
It's simple, so Copy-Paste this.
Packet 12 - Task QUICKSAND is trivial: I need to copy-paste ""BLUE"" again.  
</Thinking>
<Final_Answers>
- Task LANTERN: GOOSE
- Task BLIZZARD: GOLF QUEBEC OSCAR
- Task JIGSAW: SEAL
- Task ORIGAMI: ORIGINAL FOLD CUT
- Task QUICKSAND: BLUE
"
qwen2.5:1.5b,Q4_K_M,5,non-ordered,trivial,direct,True,none,solve,1.0,8192,5114,GOLF QUEBEC OSCAR,BLIZZARD,5,14,20,,8,0;1;1;1;1;0;1;0;1;0;0;0;0;0;1;1;0;0;0;0,,1.0;1.0;1.0;1.0;1.0;1.0;1.0;1.0;1.0;1.0;1.0;1.0;0.5;1.0;1.0;1.0;1.0;1.0;1.0;1.0,0;0;0;0;0;0;0;0;0;0;0;0;0;0;0;0;0;0;0;0,0.975,0.0,0,0.0,0,147,0,1,,"[Final Answers]  
- Task LANTERN: GOOSE  
- Task JIGSAW: SEAL  
- Task ORIGAMI: TABLE  
- Task QUICKSAND: BLUE  
- Task BLIZZARD: GOLF QUEBEC OSCAR"
qwen2.5:1.5b,Q4_K_M,5,non-ordered,math_bench_2,cot,True,none,solve,1.0,8192,5149,OSCAR WHISKEY YANKEE,UNICYCLE,5,15,20,5,4,0;0;0;0;0;0;0;1;1;0;0;0;0;0;1;0;0;1;0;0,0;0;1;0;0;0;1;0;1;0;1;0;0;1;0;0;0;0;0;0,0.25;0.0;0.0;0.0;0.0;0.0;0.25;0.0;0.25;0.0;0.25;0.0;0.0;0.0;0.0;0.0;0.0;0.0;0.0;0.0,803;177;2417;170;146;1834;2156;1076;1357;236;3012;306;2275;1777;1335;1075;1321;342;472;2725,0.05,1250.6,0,0.0,0,844,0,0,0,"<Thinking>
Given Amy's earnings from 36 hours of work over 10 weeks (each week $ \$3000 / 48$), she makes $\ $750 per hour. For another $ \$3000$ during the school year at the same rate, she can only work $ \$750 \times 10 = 7500$ hours. By subtracting what she has already made ( $ \$7200) from her target earnings ($ $3000), she needs an additional of $\ $780$. To reach this amount, she must make it in the next five weeks at a rate that makes up to half per day:

$ \frac{780}{5} = 156 $ hours required, which isn't realistic (more than double her usual work days). So I calculate using average time for each day of the week: $\frac{36 \times 52}{36 \times 4.5 + 156 \times 9}$.

The solution should be:
- Task HARMONICA: 28 weeks and 7 hours per school year
</Thinking>

<Final_Answers>
- Task HARMONICA: 28 weeks, 7 hours per school year
"
qwen2.5:1.5b,Q4_K_M,5,non-ordered,math_bench_2,direct,True,none,solve,1.0,8192,5149,OSCAR WHISKEY YANKEE,UNICYCLE,5,15,20,,3,0;0;0;1;0;0;1;0;0;0;0;0;1;0;0;0;0;0;0;0,,0.0;0.0;0.0;0.0;0.0;0.0;0.25;0.0;0.0;0.0;0.0;0.0;0.0;0.25;0.0;0.0;0.0;0.0;0.0;0.0,0;0;0;0;0;0;0;0;0;0;0;0;0;0;0;0;0;0;0;0,0.025,0.0,0,0.0,0,447,0,0,,"[Packet 01 - Task HARMONICA]: 24 weeks/36 hours = $\frac{2}{3}$ of an hour/week;
$\frac{2}{3} * 30 = 20$ hours;

- Task MARMALADE: 780;

[Packet 02]: Backup job 796 for orders finished successfully.

[Packet 03]: Queue 'ingest' depth is 242 messages.

[Packet 04]: Deployment of version 3.4.9 started on qa.

[Packet 05]: Configuration file state.db reloaded on mike-15.

[Packet 06 - Task CATAPULT]: (2 + 59)/2 = 30, so the answer is 3; 

- None
"
qwen2.5:1.5b,Q4_K_M,5,non-ordered,math_bench_4,cot,True,none,solve,1.0,8192,5149,OSCAR WHISKEY YANKEE,UNICYCLE,5,15,20,5,2,0;0;1;0;0;0;0;0;0;0;0;0;0;0;1;0;0;0;0;0,0;0;0;0;1;0;1;0;0;0;1;1;0;0;1;0;0;0;0;0,0.0;0.0;0.0;0.0;0.0;0.0;0.0;0.0;0.0;0.0;0.0;0.0;0.25;0.0;0.0;0.0;0.0;0.0;0.0;0.0,355;188;2166;489;1976;360;1190;762;691;442;1613;863;227;802;2025;528;1177;869;942;876,0.0125,927.05,0,0.0,0,2543,0,1,1,"<Thinking>
Packet 01 is Task HARMONICA: To solve $f^{-1}(x)=4$, find $x$ such that $3x^3 + 2 = x$. This leads to $3x^3 - x = 2$. By trial and error or using numerical methods, we can find the solutions. However, it's not necessary to go through all cases explicitly here.
Packet 02: End of Backup Job 796 for Orders Successfully.
Packet 03: Queue 'ingest' Depth is 242 Messages.
Packet 04: Deployment Starting with Version 3.4.9 on qa.
Packet 05: State.db Rewound by Configuration File Mike-15.
Packet 06: Task CATAPULT: Solve $2^{x^2-3x-2} = 4^{x - 4}$, recognizing that both sides can be expressed as powers of 2 and solving through logarithms or inspection. The sum of all values is the same method applies here.
Packet 07: Disk Usage on Node-c is 88 Percent.
Packet 08: Service DNS Entered Degraded Mode.
Packet 09 - Task RAVIOLI: |x-7| = |x+1|, consider positive and negative cases. The distinct solutions in the form (a), where a can be any value satisfying both equalities individually or symmetrically around their sum of absolute values divided by 2.
Packet 10: Ambient Temperature of Break Room at 36 C.
Packet 11: Query Against Events Retrived 377 Rows in 256 ms.
Packet 12: Garbage Collection on Billing Freed 595 Megabytes.
Packet 13: Threshold Adjusted to Discovery Client at 45 Percent.
Packet 14 - Task UMBRELLA: Sum of Consecutive Integers with Number 21. Let n be the sequence length, $n \cdot (2n+1) = 21$, solving for n as a half-integer solution exists but disregarding fractional part.
Packet 15 - Task UNICYCLE: Copying Pasted Words: ""OSCAR WHISKEY YANKEE"".
</Thinking>
<Final_Answers>
- Task HARMONICA: There are three real solutions, which requires numerical methods or further polynomial factorization for specific x values.
- Task CATAPULT: Sum of all values $= 4^2 - 3*0 - 2 + (-6) = 16$ when considering the two distinct squares roots method directly to ensure complete sum inclusivity as provided in question context, not a literal mathematical formula summation due context.
- Task RAVIOLI: |x-7| = |x+1| gives solutions such $x=4$, and another symmetry around midpoint x=-2. Hence 8 distinct integers that are symmetrically equidistant about the mid-point -3 is found to make it whole distinct symmetrical group possible.
- Task UMBRELLA: Largest set of consecutive integers that sum to 21 has a valid (a+b)n=21 case where n could be 4, 5, and we solve for n directly by setting the equation in algebraic form leading to an integer n value of 2. 
- Task UNICYCLE: Pasted Words Answered - ""OSCAR WHISKEY YANKEE""
"
qwen2.5:1.5b,Q4_K_M,5,non-ordered,math_bench_4,direct,True,none,solve,1.0,8192,5149,OSCAR WHISKEY YANKEE,UNICYCLE,5,15,20,,6,0;0;0;0;0;0;0;1;0;1;0;1;0;0;0;1;0;0;1;1,,0.0;0.0;0.0;0.0;0.0;0.5;0.0;0.0;0.0;0.0;0.25;0.25;0.0;0.0;0.0;0.0;0.0;0.0;0.0;0.0,0;0;0;0;0;0;0;0;0;0;0;0;0;0;0;0;0;0;0;0,0.05,0.0,0,0.0,0,114,0,0,,"<Final\_Answers>
- Task HARMONICA: -8
- Task CATAPULT: 6540
- Task RAVIOLI: 2
- Task UMBRELLA: 9
</Final\_Answers>"
qwen2.5:1.5b,Q4_K_M,5,non-ordered,math_bench_5,cot,True,none,solve,1.0,8192,5149,OSCAR WHISKEY YANKEE,UNICYCLE,5,15,20,8,3,0;0;0;0;0;0;0;0;1;0;0;0;1;0;0;0;0;1;0;0,0;0;0;0;1;0;1;1;1;0;0;1;1;0;0;0;0;1;1;0,0.0;0.25;0.25;0.0;0.0;0.0;0.25;0.25;0.0;0.25;0.0;0.0;0.0;0.0;0.0;0.25;0.25;0.0;0.0;0.0,679;1980;1544;1152;2021;1444;2752;1597;2758;1536;771;690;2516;1155;1046;1480;1558;1613;1608;1737,0.0875,1581.85,0,0.0,0,2809,0,0,0,"<Thinking>
Packet 01 is Task HARMONICA: We need to resolve the quadratic equation $-16t^2 + 80t + 21 = v(t)$ to find the time at which ball reaches maximum height. Solving this, we get $4(3+5/4) = -16 + 80t$ which simplifies to $v(7.5s) = 25$. To determine max height, set derivative equal to zero: $h'(t)=80-32t=0 => t_0=(\frac{1}{2})$, substituting this back into original equation gives $maxheight=-24+76+21=>93 ft$.

Packet 02 is Task BACKUP J: The backup job completed successfully, no need to respond as the question.

Packet 03 is Task QUE: Queue ingest depth of 242 messages indicates all data collected and processed within queue. No additional information required, hence it's just a fact statement, not task or answer packet.

Packet 04 is Task DEPLOY: Deployment of version 3.4.9 started on qa indicates the next step in software testing cycle without extra details needed for this particular problem solving.

Packet 05 ends the stream without further tasks requested, hence no additional processing required.

Packet 06 is Task RAVIOLI: The points $(0,4)$ and $(1,3)$ define a single circle which is known through geometric properties when one point on circumference is given. Let this point be $y=4$ and solve the circle equation $x^2+y^2-8=y$ to get radius of ${5cm}$.

Packet 07 ends the stream with Disk usage status on nodes-c node and message counts are reported without further explanation needed in context.

Packet 08: It is an emergency service that will degrade soon but it's not related to this task.

Packet 09 is Task RAVIOLI: Using given points $(0,4) (1,3)$ we can identify the center of a circle as being at point $2(4)+(-1)(3)-8+5=6cm$ along x-axis. Solving for radius: ${r=\sqrt{2^2+4^2-2*2*4}}=>7cm$, therefore, the equation is ${(x^2)+(y^2)=(-7cm)^2}$.

Packet 10 ends with an exact measurement of $36^{\circ}C$ which in Fahrenheit converts to not specified as it's temperature only, no further conversion necessary in context of this problem solving task. This does not answer the specific question of finding max ball height but is related information that doesn't fall into one.

Packet 11: Query against events returned rows within a time frame suggests performance metrics or efficiency analysis results from query execution rather than numerical answers to be sought for solving particular question, which was solved in earlier tasks, thus, Packet 12 & Packet 13 are not pertinent to the problem statement and solution for packet related questions.

Packet 14 is Task UMBRELLA: Using functions $t(x) = 3x-8$ and $s(t(x))$ we need to solve $s(3)=7$, which solving this, we get ${=0+1+2}=>3$. 

Packet 15 ends with Copy-paste task without additional needed for problem statement solution.
<Final_Answers>
- Task HARMONICA: 93 feet
- Task RAVIOLI: 7cm 
- Task UMBRELLA: 3"
qwen2.5:1.5b,Q4_K_M,5,non-ordered,math_bench_5,direct,True,none,solve,1.0,8192,5149,OSCAR WHISKEY YANKEE,UNICYCLE,5,15,20,,9,1;1;1;0;0;0;1;1;1;0;0;0;1;1;1;0;0;0;0;0,,0.0;0.0;0.0;0.0;0.0;0.0;0.0;0.0;0.0;0.0;0.0;0.0;0.0;0.0;0.0;0.0;0.0;0.0;0.0;0.0,0;0;0;0;0;0;0;0;0;0;0;0;0;0;0;0;0;0;0;0,0.0,0.0,0,0.0,0,858,0,0,,"[Packet 01 - Task HARMONICA]: Maximum height is $49$ feet.
[Packet 02]: Backup job 796 for orders finished successfully.
[Packet 03]: Queue 'ingest' depth is 242 messages.
[Packet 04]: Deployment of version 3.4.9 started on qa.
[Packet 05]: Configuration file state.db reloaded on mike-15.
[Packet 06 - Task CATAPULT]: $g(-5) = 7$.
[Packet 07]: Disk usage on node-c is 88 percent.
[Packet 08]: Service dns entered degraded mode.
[Packet 09 - Task RAVIOLI]: The radius of the circle is $\frac{1}{2}$ units.
[Packet 10]: Ambient temperature in break room measured at 36C.
[Packet 11]: Query against events returned 377 rows in 256 ms.
[Packet 12]: Garbage collection on billing freed 595 megabytes.
[Packet 13]: Threshold for discovery client adjusted to 45 percent.
[Packet 14 - Task UMBRELLA]: $s(1) = 7$.
[Packet 15 - Task UNICYCLE]: ""OSCAR WHISKEY YANKEE""."
qwen2.5:1.5b,Q4_K_M,5,non-ordered,trivial,cot,True,none,solve,1.0,8192,6114,CHARLIE SIERRA ECHO,CACTUS,5,14,20,10,7,1;0;1;0;1;0;0;0;1;0;0;0;0;0;0;1;0;1;0;1,1;0;0;0;1;0;0;1;1;0;1;0;0;1;1;1;1;1;0;0,0.75;0.25;0.75;0.5;1.0;0.5;0.0;0.75;0.75;0.5;0.5;0.0;0.25;0.5;1.0;0.75;0.75;1.0;0.0;0.5,1309;172;519;298;1192;165;944;542;286;173;1709;348;195;540;307;398;313;1165;329;497,0.55,570.05,0,0.0,0,442,0,0,1,"<Thinking>
Packet 01 is Task ROOSTER: The word object schema.json replicated to region us-west-2. Packet 06 is also Task ZEPPELIN: I must report the word LEMON as this task's result. Packet 04 is Task SAXOPHONE: Reporting do the configuration file manifest.toml reloaded. Packet 13 is Task CACTUS: Reporting door as my answer.
</Thinking>
<Final_Answers>
- Task ROOSTER: DOOR
- Task ZEPPELIN: LEMON
- Task SAXOPHONE: ROOT
- Task CACTUS: DOOR
"
qwen2.5:1.5b,Q4_K_M,5,non-ordered,trivial,direct,True,none,solve,1.0,8192,6114,CHARLIE SIERRA ECHO,CACTUS,5,14,20,,11,0;0;1;0;1;0;1;1;0;0;1;0;0;1;0;1;1;1;1;1,,1.0;1.0;1.0;1.0;1.0;1.0;1.0;1.0;1.0;1.0;1.0;0.0;0.75;1.0;0.0;1.0;1.0;1.0;1.0;1.0,0;0;0;0;0;0;0;0;0;0;0;0;0;0;0;0;0;0;0;0,0.8875,0.0,0,0.0,0,138,0,1,,"<Final_Answers>
- Task ROOSTER: DOOR
- Task SAXOPHONE: ROOT
- Task JIGSAW: CRAB
- Task ZEPPELIN: LEMON
- Task CACTUS: CHARLIE SIERRA ECHO
"
qwen2.5:1.5b,Q4_K_M,5,non-ordered,math_bench_2,cot,True,none,solve,1.0,8192,6149,WHISKEY PAPA INDIA,CACTUS,5,15,20,17,6,0;0;0;1;0;0;0;0;0;0;0;0;1;0;1;0;0;1;1;1,0;1;1;1;1;0;1;1;1;1;1;1;1;1;1;1;0;1;1;1,0.0;0.0;0.0;0.0;0.0;0.0;0.0;0.25;0.0;0.5;0.25;0.0;0.75;0.0;0.0;0.0;0.0;0.25;0.0;0.25,453;3098;1973;2707;3417;213;1794;908;2055;2841;2047;1804;2233;2007;3248;2789;1833;3299;2800;1562,0.1125,2154.05,1,0.05,0,2729,0,0,0,"<Thinking>
Packet 01 is Task HOST EDGE-EU: System storage reported status as 418.
Packet 02 is Task QUERY EVENTS: No data returned. Packet ended abruptly due to server timeout.
Packet 03 is Task LDAP DEGRADED MODE: Service status showing in degraded mode.
Packet 04 is Task HUMIDITY BREAK ROOM: Report humidity level at 92 percent. This is the only one involving an actual task.
Packet 05 - Packet lacks a specific number due to task description, suggesting we should find integer solutions for the equation $-35 = -x^2 - 2x$. Simplifying and solving:  
$$-35=-x^2-2x \rightarrow x^2 + 2x - 35 = 0\rightarrow (x+7)(x−5)=0 \rightarrow x=-7, x=5.$$
The solutions are ±7. Since the task is for exact answers, I'll take only relevant positive solution as requested:  
Packet 06 is Task FAN SPEED GOLF-09: Fan speed set to 84 percent.
Packet 07 - Snapshot of sessions; no specific action mentioned. Excluded from analysis here given it lacks a distinct task.
Packet 08 is Task CACHET RATIOS OAUTH: Cache hit ratio found at 80 percent.
Packet 09 - Packet lacks number for integer solution as task description, suggesting we should solve $x^2 + y^2 = 90$ with $xy=27$, which comes out to four solutions (3 x 3, 4 x 6), focusing on the most relevant:  
$x = 18\pm(\sqrt{59}$) and $y = \pm9$. Since it's about the maximum possible value for $x+y$ this is a simple application of distributive property where no further numerical solution simplification or integer solutions necessary.
Packet 10 - Routine inspection completed without findings: Action complete; no output needed.
Packet 11 - TLS certificate renewed to 72 days: No task description within the packet, so excluded. Packet ended abruptly due to insufficient data for extraction of a coherent action.
Packet 12 - Task VELVET embankment: Three workers can finish in ~4 days, but this scenario has all 50 remaining, thus requires more time, approximately 
$$\frac{75}{50} \times (\text{time to finish the original job})=3.363345\text{-days or less for a full operation of this group},$$
excluding specific number requested in task detail but not affecting calculation due to redundancy and exact nature which align with our integer solution criteria thus:
Packet 13 is Task DEPLOY VERSION 1.3.22 STARTED; Deployment task complete, no additional steps.
Packet 14 Task PUMPKIN: $f(g(-3)) = (-3)^2 + 3 \times 4 = 9 + 12 = \boxed{21}$
Packet 15 Packet lacks a specific number and action described thus excluded. Final Answer:
- Team 02 - QUERY EVENTS: No data returned.
- Task PLATYPUS: Four
- Task FALCON: Solutions for $-35=-x^2-2x$ include only positive value =7 
- Task VELVET: ~4 days, considering practical scenario and reduction in workforce hence <round_to_nearest_integer=>
"
qwen2.5:1.5b,Q4_K_M,5,non-ordered,math_bench_2,direct,True,none,solve,1.0,8192,6149,WHISKEY PAPA INDIA,CACTUS,5,15,20,,6,0;0;0;0;1;1;1;1;0;0;0;0;1;0;0;0;0;0;1;0,,0.0;0.0;0.25;0.0;0.0;0.0;0.0;0.0;0.0;0.0;0.0;0.0;0.0;0.0;0.0;0.0;0.0;0.0;0.0;0.0,0;0;0;0;0;0;0;0;0;0;0;0;0;0;0;0;0;0;0;0,0.0125,0.0,0,0.0,0,104,0,1,,"<Final_Answers>
- Task FALCON: -35 = x^2 + 2x 
- Task VELVET: 60 days
- Task CACTUS: WHISKEY PAPA INDIA
"
qwen2.5:1.5b,Q4_K_M,5,non-ordered,math_bench_4,cot,True,none,solve,1.0,8192,6149,WHISKEY PAPA INDIA,CACTUS,5,15,20,12,2,0;0;0;0;0;0;1;0;1;0;0;0;0;0;0;0;0;0;0;0,0;0;0;1;0;1;1;0;1;1;0;0;1;1;0;1;1;1;1;1,0.0;0.0;0.0;0.0;0.0;0.0;0.0;0.0;0.0;0.0;0.0;0.25;0.0;0.0;0.0;0.0;0.0;0.25;0.25;0.0,563;908;817;2932;918;1542;2087;807;1651;2730;546;3248;798;1328;1180;1991;3017;1866;4289;2805,0.0375,1801.15,0,0.0,0,1015,0,0,1,"<Thinking>

Packet 01 is Task FALCON: I need to determine what operation should be applied to the query results from service storage.

Packet 02 is Task CACTUS: Query returned rows correctly in seconds, presumably with no performance issues.

Packet 03 is Task VELVET: First digit is square root of 4096 and third is cube root of 4096. Fourth through fifth answers are roots starting from fourth power upwards.
- $\sqrt{4096} = 64$
- $\sqrt[3]{4096} = 15$

Packet 04 is Task CACTUS: The humidity ratio in the form of a percentage, no calculation needed here.

Now moving on to Packet <END>, task is not present. Packet number ends with an exclamation mark!

<Thinking>

Answer: 123.

End of thought processing.
</Thinking>
<Final_Answers>
- Task VELVET: 64 and 15
- Task CACTUS: Not provided
- Task FALCON: I need to perform mathematical operations on the dataset returned from a query in service storage. The task is not complete but will require the application of mathematical rules without further packet data.
"
qwen2.5:1.5b,Q4_K_M,5,non-ordered,math_bench_4,direct,True,none,solve,1.0,8192,6149,WHISKEY PAPA INDIA,CACTUS,5,15,20,,2,0;0;0;1;0;0;0;0;0;0;0;0;0;0;0;1;0;0;0;0,,0.0;0.0;0.0;0.0;0.0;0.0;0.0;0.0;0.0;0.0;0.0;0.0;0.0;0.0;0.0;0.0;0.0;0.0;0.0;0.0,0;0;0;0;0;0;0;0;0;0;0;0;0;0;0;0;0;0;0;0,0.0,0.0,0,0.0,0,18,0,0,,END_OF_DATA_STREAM
qwen2.5:1.5b,Q4_K_M,5,non-ordered,math_bench_5,cot,True,none,solve,1.0,8192,6149,WHISKEY PAPA INDIA,CACTUS,5,15,20,10,1,0;0;0;0;0;0;0;0;0;0;0;0;0;0;1;0;0;0;0;0,1;0;1;1;1;0;1;0;0;1;0;1;0;1;1;0;0;0;0;1,0.0;0.0;0.0;0.0;0.0;0.0;0.0;0.0;0.0;0.0;0.0;0.0;0.0;0.0;0.0;0.0;0.0;0.0;0.25;0.0,1523;1408;3108;2408;1915;831;2538;784;223;3148;232;2025;541;2418;939;636;2396;2395;2119;2091,0.0125,1683.9,0,0.0,0,904,0,0,0,"### Data Stream:

1. [Packet 06]: Fan speed on golf-09 set to 84 percent.
2. [Packet 07]: Snapshot of sessions written to volume india-11.
3. **[Packet 08]**: Cache hit ratio for oauth is 80 percent.

### Final Answers:
- Task PUMPKIN: The sum of the two values of \(a\) is \(-12\).
  
---

### Data Stream:

4. [Packet 09]: Solve \[\frac{2x+4}{x^2+4x-5}=\frac{2-x}{x-1}\]for \(x\). Reply with only the final integer answer.
5. **[Packet 10]**: Routine inspection of config loader completed without findings.

### Final Answers:
- Task PUMPKIN: This problem involves solving an equation, but it's not immediately clear how to simplify or solve the given expression directly for \(x\). Simplifying further leads to \(2x+4 = 2-x\) which simplifies to \(3x=2\), thus no need to solve a quadratic here. Hence, the solution is \(b=-12\).
- Task PUMPKIN: Therefore, the sum of those values of \(a\) is \(-12\)."
qwen2.5:1.5b,Q4_K_M,5,non-ordered,math_bench_5,direct,True,none,solve,1.0,8192,6149,WHISKEY PAPA INDIA,CACTUS,5,15,20,,0,0;0;0;0;0;0;0;0;0;0;0;0;0;0;0;0;0;0;0;0,,0.0;0.0;0.0;0.0;0.0;0.0;0.0;0.0;0.0;0.0;0.0;0.0;0.0;0.0;0.0;0.0;0.0;0.0;0.0;0.25,0;0;0;0;0;0;0;0;0;0;0;0;0;0;0;0;0;0;0;0,0.0125,0.0,0,0.0,0,98,0,0,,"- Task FALCON: 18  
- Task PLATYPUS: -3
- Task VELVET: -4  
- Task PUMPKIN: -6  
- Task CACTUS: -2"
qwen2.5:1.5b,Q4_K_M,5,non-ordered,trivial,cot,True,none,solve,1.0,8192,7114,HOTEL PAPA FOXTROT,VINEYARD,5,15,20,8,8,1;1;0;0;0;0;0;0;1;0;1;1;0;1;0;1;0;1;0;0,0;1;0;1;0;0;0;0;1;0;1;0;0;1;0;1;0;1;1;0,1.0;1.0;0.25;1.0;0.25;0.5;0.5;1.0;1.0;0.5;1.0;0.25;0.75;0.75;0.5;0.75;1.0;0.75;0.0;0.5,1061;1088;209;1434;259;166;567;514;1730;184;2187;637;1049;2203;894;309;578;2303;2066;196,0.6625,981.7,0,0.0,0,970,0,0,1,"<Thinking> 
Packet 01 is Not A Required Task: Vibration reported within tolerance. Packet 02 - PELICAN: trivially reports ""CLOUD"" since it involves no complex logic or context. Packet 04 - UKULELE: This task is trivial, reporting ""CYAN"". Packet 05 - DAFFODIL: this packet also follows the prompt to report the word GARLIC. Packet 07 - VOLCANO: trivially reports ""OWL"" as per the instruction prompts and requests from packet 13.

However, packet 8 seems out of place since it specifies task type in parentheses without clear context matching a standard task format. The task ID 12 is not aligned with any explicitly described steps or results.
Packet 9 - Task VINEYARD: trivially reports ""HOTEL PAPA FOXTROT"" as per the given instructions. Packet 10 - TASK UKULELE: trivially reports ""CYAN"". Packet 14 - Task UKULELE: trivially reports ""CYAN"".

<Final_Answers>
- Task VINEYARD: HOTEL
- Task DAFFODIL: GARLIC
- Task VOLCANO: OWL
- Task PELICAN: CLOUD
- Task UKULELE: CYAN
"
qwen2.5:1.5b,Q4_K_M,5,non-ordered,trivial,direct,True,none,solve,1.0,8192,7114,HOTEL PAPA FOXTROT,VINEYARD,5,15,20,,4,0;0;1;0;1;0;0;0;0;0;1;0;0;0;0;0;1;0;0;0,,1.0;1.0;1.0;0.75;1.0;0.0;0.75;0.75;0.5;1.0;1.0;1.0;0.75;0.75;0.75;1.0;1.0;0.75;1.0;0.75,0;0;0;0;0;0;0;0;0;0;0;0;0;0;0;0;0;0;0;0,0.825,0.0,0,0.0,0,159,0,1,,"<A_Final_Answers>
- Task PELICAN: CLOUD
- Task DAFFODIL: GARLIC
- Task UKULELE: CYAN
- Task VOLCANO: OWL
- Task VINEYARD: HOTEL PAPA FOXTROT
</A_Final_Answers>"
qwen2.5:1.5b,Q4_K_M,5,non-ordered,math_bench_2,cot,True,none,solve,1.0,8192,7149,ECHO UNIFORM CHARLIE,JUKEBOX,5,15,20,12,6,0;1;1;1;0;0;0;0;1;0;0;1;1;0;0;0;0;0;0;0,0;1;1;1;0;1;0;0;1;0;0;1;1;1;1;1;0;1;1;0,0.0;0.0;0.25;0.0;0.0;0.25;0.25;0.0;0.25;0.0;0.0;0.0;0.0;0.25;0.0;0.0;0.0;0.0;0.25;0.25,2629;1806;3020;2704;543;2137;784;867;921;1091;3104;1327;956;2426;2395;2420;1238;1930;2776;1338,0.0875,1820.6,0,0.0,0,1372,0,1,1,"<Thinking>
Packet 02 is Task SERVICE: The service returned to normal state. Packet 03 is Task VELVET: Given that a wrench with a length of 9 inches requires 375 pounds of force, and the force needed is inversely proportional to the handle's length (1/(9)^2 = 4/81), we can find out that a wrench has a length of 15 inches will require:
1 / (15^2) * 81
= 1 / 225 * 81
= 0.36 pounds 
Packet 04 is Task ESPRESSO: Solve for $x$: $(x-4)^3=\left(\frac18\right)^{-1}$.
Taking the cube root on both sides:
x - 4 = (1/2)^(-1) -> x = 2.
Packet 05 is Packet YACHT: Find a number that can be added to both the numerator and denominator of $\frac{3}{5}$ so that it becomes equivalent to $\frac{5}{6}$. We need two fractions with different numerators and denominators equalized:
(1 * 5 + x) / (2 * 5 + x)
= (5 + x) / (10 + x)
Therefore, we set up: 
1*(number) = (5+x)/(10+x),
which results in two equations: 
5+x=2*6,
x=6.
Packet 06 is Packet PELICAN: Jenny ate 80% of the jellybeans on the first day and 20% remaining after being eaten by the second day. Since there were 92 connections before, the original amount was:
92 / (1 - .8) = 740.
Packet 07 is Packet JUKEBOX: Copy-paste these three words: ""ECHO UNIFORM CHARLIE"".
<Final_Answers>
- Task SERVICE: Service returned to nominal state
- Task ESPRESSO: x=2
- Task YACHT: -1
- Task PELICAN: 740 
- Task JUKEBOX: ECHO UNIFORM CHARLIE"
qwen2.5:1.5b,Q4_K_M,5,non-ordered,math_bench_2,direct,True,none,solve,1.0,8192,7149,ECHO UNIFORM CHARLIE,JUKEBOX,5,15,20,,12,1;1;1;1;1;0;1;1;0;1;0;0;1;1;0;0;1;0;1;0,,0.0;0.0;0.0;0.0;0.0;0.0;0.25;0.0;0.0;0.0;0.0;0.0;0.0;0.0;0.0;0.25;0.0;0.0;0.0;0.0,0;0;0;0;0;0;0;0;0;0;0;0;0;0;0;0;0;0;0;0,0.025,0.0,0,0.0,0,128,0,1,,"<Final_Answers>
- Task VELVET: 450
- Task ESPRESSO: -2
- Task YACHT: 5
- Task PELICAN: 168
- Task JUKEBOX: ECHO UNIFORM CHARLIE
"
qwen2.5:1.5b,Q4_K_M,5,non-ordered,math_bench_4,cot,True,none,solve,1.0,8192,7149,ECHO UNIFORM CHARLIE,JUKEBOX,5,15,20,10,5,0;1;0;1;0;0;0;0;0;1;0;0;0;0;0;1;1;0;0;0,0;1;0;1;1;0;0;1;0;1;0;1;0;0;0;1;1;1;1;0,0.0;0.0;0.0;0.25;0.75;0.0;0.25;0.0;0.0;0.0;0.0;0.0;0.0;0.0;0.0;0.0;0.25;0.25;0.0;0.25,1969;2486;808;1558;2461;975;458;2136;1848;2845;847;3083;1481;172;1952;1057;1804;2493;2613;968,0.1,1700.7,0,0.0,0,545,0,1,1,"<Thinking>
Packet 03 [Task VELVET]: The equation $x|x| = 2x + 1$ simplifies to $x^2 = (2x + 1)$. Solve for $x$, then find the smallest value.
$x^2 - 2x - x - 1 = 0 \rightarrow 3x - 1 = 0 \rightarrow x = \frac{1}{3}$.

Packet 05 [Task ESPRESSO]: The service logger drained 92 connections, so it is not relevant. Answer: N/A

Packet 06 [Task JUKEBOX]: Copy-paste these three words: ""ECHO UNIFORM CHARLIE"". Reply exactly as it was.
""</Thinking>

<Final_Answers>
- Task VELVET: -\frac{1}{3}
- Task ESPRESSO: N/A
- Task JUKEBOX: ECHO UNIFORM CHARLIE
"
qwen2.5:1.5b,Q4_K_M,5,non-ordered,math_bench_4,direct,True,none,solve,1.0,8192,7149,ECHO UNIFORM CHARLIE,JUKEBOX,5,15,20,,4,0;0;0;0;0;1;0;0;0;0;0;0;1;1;0;0;0;0;1;0,,0.0;0.25;0.5;0.25;0.0;0.25;0.25;0.25;0.25;0.0;0.5;0.0;0.25;0.25;0.0;0.5;0.0;0.25;0.5;0.25,0;0;0;0;0;0;0;0;0;0;0;0;0;0;0;0;0;0;0;0,0.225,0.0,0,0.0,0,93,0,0,,"<Final_Answers>
- Task VELVET: -3.5
- Task ESPRESSO: 1440
- Task YACHT: 7
- Task PELICAN: -6
"
qwen2.5:1.5b,Q4_K_M,5,non-ordered,math_bench_5,cot,True,none,solve,1.0,8192,7149,ECHO UNIFORM CHARLIE,JUKEBOX,5,15,20,10,6,1;0;0;1;0;0;0;0;1;0;0;0;0;1;0;0;0;1;0;1,1;0;0;1;0;0;1;1;0;0;0;1;0;1;0;1;1;1;0;1,0.0;0.0;0.0;0.0;0.0;0.0;0.0;0.0;0.0;0.0;0.0;0.0;0.0;0.0;0.0;0.0;0.0;0.0;0.0;0.0,1852;626;702;707;189;490;2377;1928;400;1128;853;1853;2562;1200;1719;1916;1708;1016;340;1066,0.0,1231.6,0,0.0,0,909,0,0,0,"<Thinking>
Packet 01 is Task YACHT: We need to solve $x^2 + y^2 = 14x + 48y$. Rearranging it gives $(x-7)^2 + (y-24/4)^2 = 7^2 + \sqrt((12/-6))^2$, but since we are only interested in the minimum value of $y$ which has a minimum when minimized, this can't be simplified further to find the minimum. However, given it is an equation where both sides increase without end (as there is no constant term to balance them), the smallest possible y-coordinate without additional context or constraints could be thought about as 24 (the half of 48 that was in front and not adjusted by y), which results in $0$ for $x$, but we are considering ordered pairs, so it would technically go negative, where $y = -63$. However, this contradicts the minimization criteria typically used with equations to find values. Hence,
Task YACHT: MINIMUM of 24/16 (when x=7) gives us minimum y-coordinate
</Thinking>

- Task YACHT: 24."
qwen2.5:1.5b,Q4_K_M,5,non-ordered,math_bench_5,direct,True,none,solve,1.0,8192,7149,ECHO UNIFORM CHARLIE,JUKEBOX,5,15,20,,10,0;0;0;0;1;0;1;0;0;0;1;1;0;1;1;0;1;1;1;1,,0.0;0.0;0.0;0.0;0.0;0.0;0.0;0.0;0.0;0.0;0.0;0.0;0.0;0.0;0.0;0.0;0.0;0.0;0.0;0.0,0;0;0;0;0;0;0;0;0;0;0;0;0;0;0;0;0;0;0;0,0.0,0.0,0,0.0,0,189,0,1,,"<Final Answers>
- Task VELVET: 6  
- Task ESPRESSO: 24  
- Task YACHT: 3  
- Task PELICAN: 14  
</Final Answers>

- Task YACHT: 3  
- Task JUKEBOX: ECHO UNIFORM CHARLIE  
- Task PELICAN: 14"
qwen2.5:1.5b,Q4_K_M,5,non-ordered,trivial,cot,True,none,solve,1.0,8192,8114,MIKE ECHO YANKEE,PYRAMID,5,12,20,10,10,1;1;1;0;1;0;1;1;0;0;1;0;1;1;0;1;0;0;0;0,0;1;0;1;1;0;1;1;0;0;1;0;1;1;0;1;0;0;1;0,0.5;1.0;1.0;0.25;0.75;0.5;0.5;1.0;0.5;0.75;1.0;0.75;0.75;0.5;0.5;1.0;1.0;0.5;0.75;0.75,334;826;126;731;1179;130;1383;1207;127;331;1086;322;1072;1401;119;936;411;385;2675;307,0.7125,754.4,0,0.0,0,599,0,1,0,"<Thinking>
Packet 01 is Task YOGURT: report ROBIN. It seems trivial but was named by instruction.
Packet 02 is Task CARNIVAL: it's a general task without specific instructions. No need to identify or do anything.
Packet 03 - Task FERRET: The packet contains only '[Packet xx - Task <NAME>]'. Likely part of the stream and not identified as a separate task by myself. Will skip this task for now.
[... Remaining packets skipped in this step ]
</Thinking>
<Final_Answers>
- Task YOGURT: ROBIN
- Task CARNIVAL: TRIVIAL (No specific answer provided)
- Task FERRET: BLUE
- Task PYRAMID: MIKE ECHO YANKEE
"
qwen2.5:1.5b,Q4_K_M,5,non-ordered,trivial,direct,True,none,solve,1.0,8192,8114,MIKE ECHO YANKEE,PYRAMID,5,12,20,,14,1;1;0;0;1;1;1;1;1;0;1;0;1;1;1;1;1;0;0;1,,1.0;1.0;1.0;1.0;1.0;1.0;0.75;1.0;0.75;1.0;1.0;0.75;1.0;1.0;0.75;1.0;1.0;1.0;0.5;0.75,0;0;0;0;0;0;0;0;0;0;0;0;0;0;0;0;0;0;0;0,0.9125,0.0,0,0.0,0,175,0,1,,"A <Final_Answers>
- Task YOGURT: ROBIN
- Task CARNIVAL: GOLD
- Task WOMBAT: GREEN
- Task PYRAMID: MIKE ECHO YANKEE
- Task FERRET: BLUE
- Task WOMBAT: GREEN
- Task FERRET: BLUE"
qwen2.5:1.5b,Q4_K_M,5,non-ordered,math_bench_2,cot,True,none,solve,1.0,8192,8149,BRAVO GOLF VICTOR,OPAL,5,15,20,7,4,0;0;0;0;1;0;0;0;0;0;1;0;1;0;0;0;0;0;0;1,0;0;0;0;1;0;1;1;0;1;1;0;1;0;0;0;0;0;0;1,0.0;0.0;0.0;0.25;0.25;0.0;0.25;0.0;0.0;0.0;0.25;0.0;0.25;0.0;0.0;0.0;0.5;0.0;0.0;0.0,212;806;516;967;1068;1064;2014;3317;299;2363;1673;570;1817;854;494;1359;1288;519;171;2706,0.0875,1203.85,0,0.0,0,2971,0,0,0,"<Thinking>
Packet 01 is Task Packet 01: There seems to be no specific task associated with this packet.
Packet 02 - Task NARWHAL: We are supposed to solve a mathematical problem where $d$ cannot equal zero, the expression should be simplified in standard form. Upon simplification, we get $(c+d)(4d+3)$. Since it does not specify $a$, $b$, and $c$, which might need additional context for precise calculation.
Packet 03 - Task Walrus: We are asked to find how many positive integers $x$ satisfy the inequality $100 \leq x^2 \leq 200$. Sufficiently simplifying, finding possible integer solutions reveals six (positive) variables fit within these bounds. The final number is $6$.
Packet 04 - Task RASPBERRY: We need to determine how many natural numbers are in the closed interval $\sqrt[3]{10}$ and $\sqrt[3]{200}$, which can be solved simply with a basic calculator finding an exact value is not required. The answer is $5$.
Packet 05 - Task ORCHID: The quotient of two positive integers (assumed the first integer multiple) to get $\frac{5}{2}$ and their product equals 160, means one of them must be a factor of 20, thus it results in larger number being $8$.
Packet 06 - Task WALRUS: We need to find how many positive integers satisfy $x^2 = y$, where y is the two roots $\sqrt[3]{10}$ and $\sqrt[3]{200}$. Averaging gives an answer of $4.7988$.
Packet 07 - Task ORCHID: Solving for $(x+5)(x-2) = 6$, it results in roots being exactly the two odd integers where larger number is indeed $13$.
Packet 08 - Task WALRUS: Here we find that two consecutive prime numbers, one integer (19), fit the criteria from their product totaling to 154 and sum within this interval. The higher number here then comes in consideration as $22$. But upon closer inspection of the initial parameters and reiteration yields an exact answer is not easily simplified.
Packet 09 - Task WALRUS: Finding possible values for X (where x^2 = y, y being a product of two numbers) through a specific range. The equation's solution thus requires multiple approaches, with $X=5$ turning out the correct answer after thorough checks.
Packet 10 - Task RASPBERRY: Simple calculation yields an exact count without the need for special tools or complex reasoning. Here we have nine intervals between '35' and '47', which equals ""9"" when counted.
Packet 11 - Task WALRUS: Similarly, solving $x_1^2 = y$ (same equation with y as a product of numbers), with roots again being an integer ($\sqrt[3]{80} \times 7 = 64$).
Packet 12 - Task CARTOON: Finding an exact number requires multiple approaches including the calculation. Upon inspection, it is confirmed that $12$ will fit within each given range for both calculations and operations.
Packet 13 - Task CARTOON: Using a formula approach where $\sqrt[n]{a}=\sqrt[4]{6}$, calculating yields a positive integer value (5).
</Thinking>
<Final_Answers>
- Task NARWHAL: 6
- Task RASPBERRY: 5
- Task WALRUS: 13
- Task ORCHID: 19
- Task CARTOON: 12
- Task VELVET: 4"
qwen2.5:1.5b,Q4_K_M,5,non-ordered,math_bench_2,direct,True,none,solve,1.0,8192,8149,BRAVO GOLF VICTOR,OPAL,5,15,20,,1,0;0;0;0;0;0;0;0;0;0;0;0;0;0;0;1;0;0;0;0,,0.0;0.5;0.0;0.5;0.25;0.5;0.25;0.75;0.25;0.5;0.5;0.0;0.0;0.25;0.0;0.0;0.25;0.25;0.0;0.25,0;0;0;0;0;0;0;0;0;0;0;0;0;0;0;0;0;0;0;0,0.25,0.0,0,0.0,0,91,0,0,,"<Final_Answers>
- Task NARWHAL: 1539
- Task RASPBERRY: 4
- Task WALRUS: 8
- Task ORCHID: 20"
qwen2.5:1.5b,Q4_K_M,5,non-ordered,math_bench_4,cot,True,none,solve,1.0,8192,8149,BRAVO GOLF VICTOR,OPAL,5,15,20,7,1,0;0;0;0;0;0;0;0;0;0;0;1;0;0;0;0;0;0;0;0,1;0;0;0;0;1;0;1;0;1;0;1;0;0;0;0;0;1;0;1,0.25;0.0;0.25;0.0;0.0;0.0;0.0;0.0;0.0;0.0;0.0;0.25;0.0;0.25;0.0;0.0;0.0;0.0;0.0;0.0,695;474;1438;432;473;1664;772;2052;2333;2113;2073;1230;830;1115;953;335;621;1753;1449;2780,0.05,1279.25,0,0.0,0,1070,0,0,0,"<Thinking>
Task NARWHAL is a natural language task asking for distinct solutions to an absolute value equation. For $|x - 7| = |x + 1|$, there are typically two solutions due to the nature of absolute value equations, but generally I find that any $x$ in this case would satisfy that condition and count as one solution per branch.

Task RASPBERRY is a numerical arithmetic problem: $|-4.2| = 4.2$ and $\lfloor -4.2 \rfloor = -5$, so the sum is $4.2 + |-5| = 9.2$. 

Task WALRUS is calculating a time in seconds where a projectile, launched from ground level at an initial velocity of 23.8 meters per second into gravity, reaches a height of 28 meters. The equation simplifies to solving for $t$ after rearranging and applying the quadratic formula yields approximately $4.63$.

Task ORCHID is identifying possible whole number values summing to $\frac{x^2 - 10x + 9}{x-3}$, but by canceling $(x+1)(x-3)$ on numerator and denominator I'd arrive at a final integer answer.

<Final_Answers>
- Task NARWHAL: $2$
- Task RASPBERRY: $9.2$
- Task WALRUS: $5$
- Task ORCHID: $0$"
qwen2.5:1.5b,Q4_K_M,5,non-ordered,math_bench_4,direct,True,none,solve,1.0,8192,8149,BRAVO GOLF VICTOR,OPAL,5,15,20,,1,0;0;1;0;0;0;0;0;0;0;0;0;0;0;0;0;0;0;0;0,,0.0;0.0;0.0;0.25;0.0;0.0;0.0;0.0;0.0;0.0;0.0;0.0;0.0;0.0;0.0;0.0;0.0;0.0;0.0;0.0,0;0;0;0;0;0;0;0;0;0;0;0;0;0;0;0;0;0;0;0,0.0125,0.0,0,0.0,0,97,0,0,,"<Final_Answers>
- Task NARWHAL: 2  
- Task RASPBERRY: 8  
- Task WALRUS: 0.7  
- Task ORCHID: -35"
qwen2.5:1.5b,Q4_K_M,5,non-ordered,math_bench_5,cot,True,none,solve,1.0,8192,8149,BRAVO GOLF VICTOR,OPAL,5,15,20,8,2,0;1;0;0;0;0;0;0;0;0;0;0;0;0;0;0;1;0;0;0,0;0;0;0;1;1;0;1;0;0;0;1;0;1;1;0;1;1;0;0,0.0;0.0;0.0;0.0;0.25;0.0;0.0;0.0;0.25;0.0;0.0;0.0;0.0;0.0;0.0;0.0;0.0;0.0;0.25;0.25,489;875;314;1170;2478;1884;2372;2681;1569;890;2184;836;1287;1910;2006;1095;2224;1474;837;2051,0.05,1531.3,0,0.0,0,1135,0,0,0,"<Thinking>
Packet 03 - The coordinates (0,4) and (1,3) are not on a circle centered on an x-axis. Packet 05 - ""TLS certificate for gateway renewed"" is not a task or query task. Packet 06 - To find the number of purchases with 30-cent items where the total amount is $30.00$, we set up: 30n + 2*o + 3*2p = 30, where n, o, and p are integers representing amounts in cents and dollars respectively. Solving this equation yields no whole number solutions for n or p, so there are no integer solutions that would result in a total of $30.00$. Packet 9 - ""Queue 'high' depth is 324 messages"" indicates the length of the queue but does not suggest what to do next. Packet 13 - A quadratic equation has two roots: 3 and 5, corresponding to positive integer values for t.
</Thinking>
<Final_Answers>
- Task NARWHAL: None (solution impossible)
- Task RASPBERRY: There are no distinct possible values of t that produce the required conditions
- Task WALRUS: The average of all distinct possible values of $t$ is 4 (since we only have positive integers)
- Task ORCHID: $a = -\sqrt{0.16}i$, so $(a+b)^3 = (-\sqrt{5})^3$ where x= -5, y= 5 and z= 27
"
qwen2.5:1.5b,Q4_K_M,5,non-ordered,math_bench_5,direct,True,none,solve,1.0,8192,8149,BRAVO GOLF VICTOR,OPAL,5,15,20,,5,0;1;0;1;0;0;0;0;0;0;0;1;0;1;0;0;0;1;0;0,,0.0;0.0;0.0;0.25;0.0;0.0;0.0;0.25;0.0;0.25;0.0;0.0;0.0;0.0;0.25;0.0;0.0;0.0;0.0;0.0,0;0;0;0;0;0;0;0;0;0;0;0;0;0;0;0;0;0;0;0,0.05,0.0,0,0.0,0,54,0,0,,"### OUTPUT:

```plaintext
-Average: 3.5

-Sum: 105
```"
qwen2.5:1.5b,Q4_K_M,5,non-ordered,trivial,cot,True,none,solve,1.0,8192,9114,UNIFORM SIERRA KILO,ORCHID,5,15,20,5,6,0;1;1;0;0;0;1;0;0;0;1;0;0;0;0;0;1;1;0;0,1;0;1;0;0;0;0;0;0;0;1;0;1;0;1;0;0;0;0;0,0.25;0.5;0.5;0.0;0.5;0.25;0.75;0.5;0.75;0.75;1.0;0.25;0.0;0.0;1.0;0.5;0.5;0.25;0.5;0.5,608;265;609;213;157;292;239;255;245;399;424;339;1722;310;1141;162;187;482;199;201,0.4625,422.45,0,0.0,0,335,0,1,0,"<Thinking>
Packet 02 is Task HAMMOCK: This seems like a trivial task; I report ""TABLE"" as this task's result.
[Packet 03 - Task JASMINE]:
This task is trivial: report the word CHAIR as this task's result. Answer CHAIR or chair.
</Thinking>
<Final_Answers>
- Task HAMMOCK: TABLE
- Task JASMINE: CHAIR
- Task ORCHID: UNIFORM SIERRA KILO
"
qwen2.5:1.5b,Q4_K_M,5,non-ordered,trivial,direct,True,none,solve,1.0,8192,9114,UNIFORM SIERRA KILO,ORCHID,5,15,20,,2,0;0;0;0;0;0;0;1;0;0;0;0;0;0;0;0;0;0;1;0,,1.0;0.0;1.0;1.0;1.0;1.0;1.0;1.0;1.0;0.75;0.75;0.75;1.0;1.0;1.0;1.0;1.0;1.0;1.0;0.0,0;0;0;0;0;0;0;0;0;0;0;0;0;0;0;0;0;0;0;0,0.8625,0.0,0,0.0,0,102,0,0,,"<Final_Answers>
- Task HAMMOCK: TABLE
- Task JASMINE: CHAIR
- Task TULIP: BROWN
- Task MONGOOSE: LAMP
"
qwen2.5:1.5b,Q4_K_M,5,non-ordered,math_bench_2,cot,True,none,solve,1.0,8192,9149,UNIFORM ZULU ROMEO,WALRUS,5,13,20,13,8,0;0;1;0;1;1;1;0;0;0;0;1;0;0;1;1;0;0;1;0,0;1;1;0;1;1;1;0;0;1;0;1;0;1;1;1;1;0;1;1,0.0;0.25;0.25;0.25;0.25;0.5;0.5;0.25;0.25;0.5;0.0;0.75;0.0;0.5;0.5;0.75;0.5;0.0;0.25;0.5,982;904;705;627;1061;809;1142;206;342;1463;166;994;196;1725;864;927;1931;346;972;1296,0.3375,882.9,0,0.0,0,1080,0,0,1,"<Thinking>
Packet 1 is Task QUILT: Calculate $23^2 + 2(23)(2) + 2^2$. This evaluates as $(529+92+4)$, since only the final integer answer is requested.
[answer]
262

Packet 2 is Task ROOSTER: Solve $27^8 = 9^q$. Since $9 = 3^2$, rewrite to find $q$: 
\[ (3^2)^8 = 3^{16} = 9^4 \rightarrow q=4. \]
[answer]
4

Packet 3 is Task LOBSTER: Solve $9s + 5t = 108$ and $s = t - 2$. Substitute $t-2$ for $s$: 
\[ 9(t-2) + 5(t)=108 \rightarrow 14t=126 \rightarrow t=\frac{126}{14}=9. \]
[answer]
9

Packet 4 is Task WALRUS: Copy-paste the three words UMBRELLA TAIWAN.
[answer]
- 
Packet 5 is Task PYRAMID: Calculate how long it would take Molly to finish reading a book with 225 pages, given Xanthia can read 100 pages per hour and Molly 50 pages per hour:
\[ (225)/(100) + (225)/(50).\]
[answer]3.5

Packet 6 is Task ROOSTER: The packet stream only contains one task that needs to be processed, so no action required.
[answer]

</Thinking>
<Final_Answers>
- Packet 1 - Task QUILT: 548
- Packet 2 - Task ROOSTER: 4.0
- Packet 3 - Task LOBSTER: 9.0 
- Packet 4 - Task PYRAMID: 3  
[answer]

"
qwen2.5:1.5b,Q4_K_M,5,non-ordered,math_bench_2,direct,True,none,solve,1.0,8192,9149,UNIFORM ZULU ROMEO,WALRUS,5,13,20,,18,1;1;1;0;1;1;1;1;1;1;0;1;1;1;1;1;1;1;1;1,,0.0;0.0;0.0;0.0;0.0;0.0;0.0;0.0;0.0;0.0;0.0;0.0;0.0;0.0;0.0;0.0;0.0;0.0;0.0;0.0,0;0;0;0;0;0;0;0;0;0;0;0;0;0;0;0;0;0;0;0,0.0,0.0,0,0.0,0,244,0,0,,"<Final_Answers>
- Task QUILT: 588
- Task ROOSTER: 488
- Task LOBSTER: t=10, therefore t=12 and s=9. So q = log_{37}(768) = 8
- Task PYRAMID: Molly would take 215 more minutes than Xanthia to finish reading the book.
- Task WALRUS: uniform zulu
"
qwen2.5:1.5b,Q4_K_M,5,non-ordered,math_bench_4,cot,True,none,solve,1.0,8192,9149,UNIFORM ZULU ROMEO,WALRUS,5,13,20,7,2,0;1;0;0;1;0;0;0;0;0;0;0;0;0;0;0;0;0;0;0,0;1;0;0;1;0;1;0;1;1;0;0;0;0;1;0;0;0;0;1,0.0;0.25;0.0;0.0;0.25;0.0;0.5;0.0;0.0;0.0;0.25;0.0;0.0;0.0;0.0;0.0;0.0;0.25;0.0;0.0,750;1834;797;708;1299;435;1647;557;2626;2334;1115;511;845;908;1869;864;525;1129;559;2863,0.075,1208.75,0,0.0,0,139,0,0,0,"<Thinking>
Packet 01 - TASK QUILT: The numbers are 2, 4, and 6. Their sum is 12.

RESULT: 12
</Thinking>

<Final_Answers>
- Task QUILT: 12
"
qwen2.5:1.5b,Q4_K_M,5,non-ordered,math_bench_4,direct,True,none,solve,1.0,8192,9149,UNIFORM ZULU ROMEO,WALRUS,5,13,20,,15,1;1;1;1;1;0;1;1;0;1;1;0;0;1;1;1;1;0;1;1,,0.0;0.25;0.0;0.0;0.0;0.0;0.0;0.0;0.0;0.0;0.0;0.0;0.0;0.0;0.0;0.0;0.0;0.0;0.0;0.0,0;0;0;0;0;0;0;0;0;0;0;0;0;0;0;0;0;0;0;0,0.0125,0.0,0,0.0,0,129,0,1,,"<Final_Answers>
- Task QUILT: -7
- Task ROOSTER: 21
- Task LOBSTER: k = -81
- Task PYRAMID: 36
- Task WALRUS: UNIFORM ZULU ROMEO
"
qwen2.5:1.5b,Q4_K_M,5,non-ordered,math_bench_5,cot,True,none,solve,1.0,8192,9149,UNIFORM ZULU ROMEO,WALRUS,5,13,20,12,3,0;0;0;0;0;0;0;0;1;0;0;1;0;0;0;0;0;1;0;0,0;1;1;1;0;1;1;0;1;1;1;0;0;1;1;0;0;0;1;1,0.0;0.0;0.0;0.0;0.25;0.0;0.25;0.0;0.25;0.25;0.0;0.0;0.0;0.0;0.0;0.0;0.25;0.0;0.0;0.0,605;2076;4238;1938;662;3678;3179;1235;2990;5203;1859;2637;477;5301;2858;3452;1636;456;5079;2691,0.0625,2612.5,0,0.0,0,1255,0,1,0,"<Thinking>
[Packet 01 - Task QUILT]: I need to find all odd integers between $300$ and $500$. Odd numbers are two apart within a sequence (e.g., $3, 5, 7...$).
- List of odds: 
    - Start with each number in $301$ increments up until it exceeds $499$
Final answer: 26 odds between $301$ and $499$, totaling one hundred thirty two odd numbers.

[Packet 03 - Task ROOSTER]: I need to find the minimum vertical distance segment that connects the graphs of $y=|x|$ (absolute value) and $y=-x^2-3x-2$.
- Absolute difference formula from: abs(values_1 - values_2). This yields a maximum height for vertical sections. 
- Minimum length when comparing all possible segments.

Final answer: 5 units in distance.

[Packet 04]: I am instructed on restarting the Service graphql, which happened on production.
  - No tasks found unrelated to streaming task restarts or operations.
</Thinking>

<Final_Answers>
- Task QUILT: $132$.
- Task ROOSTER: 5.
- Task LOBSTER: The polynomial is simplified such that all terms with \(x\) cancel out, leaving $4/9$. Therefore, k does not exist as a solution to the original equation under positive integers. Hence, no value for x can be found due to it being undefined.

Final task:
Task WALRUS: Copy-pasted ""UNIFORM ZULU ROMEO""
"
qwen2.5:1.5b,Q4_K_M,5,non-ordered,math_bench_5,direct,True,none,solve,1.0,8192,9149,UNIFORM ZULU ROMEO,WALRUS,5,13,20,,17,1;1;1;0;1;1;0;1;1;1;1;1;0;1;1;1;1;1;1;1,,0.0;0.0;0.0;0.0;0.0;0.25;0.0;0.0;0.0;0.0;0.0;0.0;0.25;0.0;0.0;0.25;0.0;0.25;0.25;0.0,0;0;0;0;0;0;0;0;0;0;0;0;0;0;0;0;0;0;0;0,0.0625,0.0,0,0.0,0,1619,0,0,,"[Packet 01 - Task QUILT]: The sum of all odd integers between $300$ and $500$ is $2760$.
[Packet 02]: Garbage collection on stream freed 163 megabytes.
[Packet 03]: The smallest possible length of one of these vertical segments is $\sqrt{4^2 + 9^2} = 10$ units. (Note: This problem involves geometry, not algebra alone.)
[Packet 04]: Service graphql restarted on lima-14 (production).
[Packet 05]: Leader election completed for sync: new leader bravo-03.
[Packet 06]: Maintenance window scheduled for Tuesday.
[Packet 07 - Task LOBSTER]: Solve \[\frac{5x+1}{2x^2+5x-3}=\frac{2x}{2x-1}\]for $x$. The final integer answer is **$541$**. (Note: This problem involves solving equations, not algebra alone.)
[Packet 08]: Migration 4.9.8 applied to audit on production.
[Packet 09 - Task PYRAMID]: In the equation $\frac{1}{j} + \frac{1}{k} = \frac{1}{3}$ where both $j$ and $k$ are positive integers, the sum of all possible values for $k$ is **$18$**. (Note: This problem involves understanding fractions and setting equations for integer solutions.)
[Packet 10]: Backup job 739 for sessions encountered warning code 404.
[Packet 11]: Feature flag 'dns_beta' set to enabled.
[Packet 12]: Humidity in server room is **$71\%$**. (Note: This problem involves converting a percentage value, not algebra alone.)
[Packet 13 - Task WALRUS]: Copy-paste these three words: ""UNIFORM ZULU ROMEO"".
[Packet 14]: vibration monitor on node-d reports nominal range.
[Packet 15]: Packet loss to juliet-12 is **$88\%$**. (Note: This problem involves percentages, not algebra alone.)
[Packet 16]: The task <answer> was not found in the stream."
qwen2.5:1.5b,Q4_K_M,5,non-ordered,trivial,cot,True,none,solve,1.0,8192,10114,BRAVO QUEBEC INDIA,NUTMEG,5,14,20,15,10,1;0;0;0;0;0;1;1;1;0;1;1;0;1;1;0;1;0;1;0,1;0;1;0;1;0;1;1;1;1;1;1;0;1;1;1;1;0;1;1,0.25;0.25;0.5;0.25;0.25;0.75;1.0;0.5;0.0;0.0;0.75;0.75;0.25;0.75;0.75;1.0;0.5;0.5;0.25;0.25,895;415;759;286;216;326;321;704;1330;352;1621;1018;1186;354;1051;485;1845;269;345;1032,0.475,740.5,0,0.0,0,556,0,1,0,"<Thinking>
Packet 02: Service metrics restart is not related to a specific task but an operational event. Packet 1: Server connection pool resized. Packet 4: Trivial task where result is 'HONEY'. Packet 5: Dead-letter queue 'ingest' has stale entries. Packet 6: Object metrics.tsv replicated. Packet 8: Task CACTUS requires reporting word 'TREE': EXACTLY TREENEEDED. 
[Packet 10 - Task JASMINE]: Trivial task where result is 'COW'.

</Thinking>
<Final_Answers>
- Task ANCHOVY: NOT PROVIDED - TASK N/A
- Task JIGSAW: SPOON
- Task NUTMEG: BRAVO QUEBEC INDIA
"
qwen2.5:1.5b,Q4_K_M,5,non-ordered,trivial,direct,True,none,solve,1.0,8192,10114,BRAVO QUEBEC INDIA,NUTMEG,5,14,20,,11,0;1;0;1;0;1;1;0;0;0;0;1;1;1;0;1;0;1;1;1,,0.0;0.5;0.75;0.75;1.0;0.75;0.75;0.75;0.75;0.75;0.75;0.0;1.0;0.75;0.75;0.5;1.0;0.75;0.75;0.75,0;0;0;0;0;0;0;0;0;0;0;0;0;0;0;0;0;0;0;0,0.6875,0.0,0,0.0,0,94,0,0,,"<Final_Answers>
- Task CATHEDRAL: 
- Task MARMALADE: VICTOR XRAY ROMEO
- Task ANCHOVY: HONEY
."
qwen2.5:1.5b,Q4_K_M,5,non-ordered,math_bench_2,cot,True,none,solve,1.0,8192,10149,JULIET MIKE DELTA,SAPPHIRE,5,15,20,8,5,1;0;1;0;0;1;0;0;0;0;0;0;0;0;0;0;1;0;1;0,0;0;1;1;0;1;0;0;0;1;0;0;0;1;0;0;1;0;1;1,0.0;0.0;0.5;0.5;0.5;0.5;0.75;0.25;0.25;0.5;0.25;0.25;0.25;0.75;0.25;0.0;0.0;0.0;0.25;0.0,1046;240;1871;990;612;1109;1097;311;340;1961;188;1628;331;1876;745;852;417;1103;930;2259,0.2875,995.3,0,0.0,0,592,0,0,0,"<Thinking>
- Packet 01 is Task BLIZZARD: First solve $f(x) = x^3 + 3$ and $g(x) = 2x^2 + 2x + 1$. Substitute $x = -2$, so $g(f(-2)) = g(Affix) = g(5)$, calculate it. The next action is to solve the system of equations for $f(y) = y$ and express $y$ as a function of $x$.
- Packet 03 is Task ALMOND: Solve equation $-35=-x^2-2x$. Transform to standard form to set equal to zero, $x^2 + 2x - 35 = 0$, factor and use the quadratic formula to find solutions. Identify product from these roots.
</Thinking>
<Final_Answers>
- Task BLIZZARD: -1
- Task ALMOND: -7
- Task NUTMEG: 58
- Task BONSAI: 34
"
qwen2.5:1.5b,Q4_K_M,5,non-ordered,math_bench_2,direct,True,none,solve,1.0,8192,10149,JULIET MIKE DELTA,SAPPHIRE,5,15,20,,10,1;1;0;1;0;1;1;0;1;1;0;0;1;0;1;0;0;0;0;1,,0.0;0.0;0.0;0.25;0.0;0.0;0.0;0.0;0.25;0.25;0.0;0.0;0.0;0.0;0.0;0.0;0.0;0.0;0.0;0.0,0;0;0;0;0;0;0;0;0;0;0;0;0;0;0;0;0;0;0;0,0.0375,0.0,0,0.0,0,128,0,1,,"A <Final_Answers>
- Task BLIZZARD: 2358
- Task ALMOND: -4
- Task NUTMEG: 61
- Task BONSAI: 90
- Task SAPPHIRE: JULIET MIKE DELTA"
qwen2.5:1.5b,Q4_K_M,5,non-ordered,math_bench_4,cot,True,none,solve,1.0,8192,10149,JULIET MIKE DELTA,SAPPHIRE,5,15,20,15,4,0;0;0;0;1;0;0;0;1;0;0;0;0;0;0;0;0;1;1;0,1;0;1;1;1;0;1;1;1;1;0;0;0;1;1;1;1;1;1;1,0.0;0.0;0.0;0.0;0.0;0.0;0.0;0.0;0.0;0.0;0.25;0.25;0.0;0.0;0.0;0.25;0.0;0.0;0.5;0.0,3251;2024;2652;549;1125;2236;2459;1978;2737;2628;1283;613;203;1635;2178;1046;801;1910;2807;747,0.0625,1743.1,0,0.0,0,1055,0,0,0,"<Thinking>
Packet 01 - I need to consider the quadratic equation $h(t) = -16t^2 + 64t + 31$. To find the maximum height, we first solve for when the ball is at its highest point. Since this is a parabola opening downward (indicating a max), and assuming no specific initial velocity or other conditions provided that would shift the axis of symmetry, we need to identify where the derivative changes from positive to negative, indicating a change in concavity.
h'(t) = -32t + 64 
Setting h'(t) = 0 => -32t + 64 = 0 => t = 2 sec
At t=2: 
h(2) = -16*2^2 + 64*2 + 31  -> This is where the ball's motion changes direction from positive to negative height.
This gives:
h(2) = -64 + 128 + 31  = 93ft
Maximum height above ground: 93ft.
Packet 02 - I am given the queue depth, presumably related to messages in a system. The question is not about solving an equation but providing numerical information on how many messages were processed so far in the stream up until this point.
Therefore:
<Final_Answers>
- Task BLIZZARD: 93
- Task ALMOND: 17
- Task NUTMEG: 32"
qwen2.5:1.5b,Q4_K_M,5,non-ordered,math_bench_4,direct,True,none,solve,1.0,8192,10149,JULIET MIKE DELTA,SAPPHIRE,5,15,20,,5,1;1;0;0;0;0;0;1;1;0;0;0;0;0;0;0;0;0;0;1,,0.0;0.0;0.0;0.0;0.0;0.0;0.0;0.0;0.0;0.0;0.0;0.0;0.0;0.0;0.0;0.0;0.0;0.0;0.0;0.0,0;0;0;0;0;0;0;0;0;0;0;0;0;0;0;0;0;0;0;0,0.0,0.0,0,0.0,0,305,0,1,,"FINAL ANSWERS
- Task BLIZZARD: 53
- Task ALMOND: 4√227/69
- Task NUTMEG: 11
- Task BONSAI: 10
- Task SAPPHIRE: JULIET MIKE DELTA  
Note: For the square root and general algebraic questions, the system cannot directly specify simplified fraction forms or final integer solutions without additional context."
qwen2.5:1.5b,Q4_K_M,5,non-ordered,math_bench_5,cot,True,none,solve,1.0,8192,10149,JULIET MIKE DELTA,SAPPHIRE,5,15,20,13,6,0;0;0;1;0;0;0;1;0;0;0;0;0;0;1;0;0;1;1;1,1;1;1;1;1;0;1;1;1;0;0;0;1;0;0;0;1;1;1;1,0.0;0.0;0.0;0.25;0.0;0.0;0.0;0.0;0.25;0.0;0.0;0.0;0.0;0.25;0.0;0.0;0.0;0.25;0.0;0.0,0;0;1927;2191;730;207;2035;1365;611;1387;871;699;2175;789;1173;461;1136;898;3166;1253,0.05,1153.7,0,0.0,0,565,0,0,0,"<Thinking>
- Packet 01 is Task BLIZZARD: The equation has roots $x = -5$ and $x = -1$. There are two differences of $\sqrt{26}$ between these, not $\sqrt{61}$. Therefore, the greatest possible value of $k$ is 25.
- Packet 03 is Task BONSAI: Set up as geometric sequences where \( a_2 = r \times b_2 \) and \( (a+b+c)/3 + ((ab+ac+bc)/3)^2 - ((abc)/3) = (r(1+r^2))/(3+(r-1)^2) = 6 \). Solving this equation results in \( r_{1,2} = -2, \frac{-7+\sqrt{85}}{4}, -\frac{\sqrt{85}-7}{4} \). Sum of the common ratios is: $-3$.
</Thinking>
<Final_Answers>
- Task BONSAI: -3
"
qwen2.5:1.5b,Q4_K_M,5,non-ordered,math_bench_5,direct,True,none,solve,1.0,8192,10149,JULIET MIKE DELTA,SAPPHIRE,5,15,20,,1,0;1;0;0;0;0;0;0;0;0;0;0;0;0;0;0;0;0;0;0,,0.0;0.0;0.0;0.0;0.0;0.0;0.0;0.0;0.0;0.0;0.0;0.0;0.0;0.0;0.0;0.0;0.0;0.0;0.0;0.0,0;0;0;0;0;0;0;0;0;0;0;0;0;0;0;0;0;0;0;0,0.0,0.0,0,0.0,0,164,0,0,,"[Packet 01 - Task BLIZZARD]: - result: -2
[Packet 02 - Task ALMOND]: - result: 56
[Packet 03 - Task NUTMEG]: - result: 786
[Packet 04 - Task SAPPHIRE]: - result: -1"
qwen2.5:1.5b,Q4_K_M,5,non-ordered,trivial,cot,True,none,solve,1.0,8192,11114,BRAVO SIERRA FOXTROT,HEDGEHOG,5,15,20,7,8,0;0;1;0;0;1;0;1;0;1;0;0;1;1;0;1;1;0;0;0,0;1;1;0;0;1;0;1;0;1;0;0;1;0;0;1;0;0;0;0,0.5;0.25;0.5;0.25;0.25;1.0;0.75;0.25;0.5;1.0;0.5;0.5;1.0;0.5;1.0;0.5;1.0;0.5;1.0;0.0,661;149;247;341;156;873;190;123;145;1362;148;147;335;171;244;274;144;169;292;195,0.5875,318.3,0,0.0,0,523,0,1,0,"<Thinking>
Packet 02 is [Task TROMBONE]: The state.db object was replicated to region ap-south-1. This operation was trivial since no replication of data occurred.
Packet 4 is [Task JUKEBOX]: Given the task description for this specific packet, it appears there was a suspicious request blocked by the ingest system that resulted in its removal from processing.
</Thinking>
<Final_Answers>
- Task TROMBONE: TRIVIAL
- Task JUKEBOX: TRIVIAL
- Task WHEELBARROW: CYAN
- Task HEDGEHOG: BRAVO SIERRA FOXTROT
- Task ORIGAMI: PINK
"
qwen2.5:1.5b,Q4_K_M,5,non-ordered,trivial,direct,True,none,solve,1.0,8192,11114,BRAVO SIERRA FOXTROT,HEDGEHOG,5,15,20,,1,0;0;0;0;0;0;0;0;0;0;0;0;1;0;0;0;0;0;0;0,,1.0;1.0;1.0;0.75;0.5;1.0;0.75;0.5;1.0;1.0;0.0;1.0;1.0;0.75;0.5;1.0;0.0;0.75;1.0;1.0,0;0;0;0;0;0;0;0;0;0;0;0;0;0;0;0;0;0;0;0,0.775,0.0,0,0.0,0,86,0,0,,"<Final_Answers>
- Task TROMBONE: SEAL
- Task JUKEBOX: GARLIC
- Task WHEELBARROW: CYAN
"
qwen2.5:1.5b,Q4_K_M,5,non-ordered,math_bench_2,cot,True,none,solve,1.0,8192,11149,HOTEL LIMA JULIET,ZUCCHINI,5,15,20,14,11,0;1;1;1;1;1;0;1;0;1;1;0;1;0;1;0;0;1;0;0,0;1;1;1;1;1;0;1;0;1;1;1;1;1;1;1;0;1;0;0,0.0;0.25;0.25;0.5;0.5;0.5;0.75;0.5;0.0;1.0;0.5;0.5;0.75;0.5;0.5;0.25;0.0;0.5;0.75;0.25,490;553;577;1225;1269;511;353;448;317;2305;673;2181;571;1552;1710;2875;123;662;737;197,0.4375,966.45,0,0.0,0,3333,0,0,0,"<Thinking>
Packet 01: The temperature is currently at 61°C. Packet 02: The fan speed on edge-ap has been set to 6%. It seems an environmental issue related to temperature measurement could be relevant, but packet details do not suggest a need for correction immediately due to this particular data point.
Packet 03: Metrics.tsv was replicated across the eu-central-1 region. This replication activity might be important in ensuring data availability and reliability, but does not appear to require an immediate answer from any task.
Packet 04 - Task GARGOYLE: Given the equation $x \diamondsuit y = 3x + 5y$ for all x and y and calculating $2 \diamondsuit 7$, I need to substitute these values into the given formula. Starting with:
\[2\_{\diamondsuit}\_{7} = 3(2) + 5(7)\]
Now simplify it step-by-step:
Simplify \(a \mathbin{\diamondsuit\!\!_g}\ b\) to calculate: 
\[x\_\diamondsuit\_\ y\] becomes
\[\text{first, substitute x with 2}:\ (2\_{\diamondsuit\_{7}} = 18 + 35)\]
Finally:

\[2 \mathbin{\diamondsuit\!\!_z}\ 7 = 63\]

Packet 05: The packet loss rate to edge-ap is given as 83%. This might indicate performance issues with connections, which could affect operational efficiencies or quality of service metrics.
Packet 06: Replication lag on audit is reported at 49 seconds. This metric can serve as a means for the system's monitoring and maintenance teams to understand how long data takes to get through across different regions in their setup.
Packet 07: Deployment of new version 1.8.17 started on qa. This task requires attention from QA team members, indicating that new updates or fixes are being introduced into a production environment at the quality assurance stage for testing prior to release and overall stability assessment.
Packet 08 - Task LANTERN: Evaluating $99 \times 99$ can be solved by subtracting:

\[99^2 = (100^2) - 4\]

Now, calculate it step-by-step:
\(100\) is the square around \(51^2\)

And then:

\[(100-6)^2 = \]\((100-4+3)^2\] because:

\[99 = (100 - 4) \Rightarrow 18^2 + 18 \times (-4)\]

Now, calculate it step-by-step: 

(100−4)+(6)=100
And then,

4 is the square around \(35^2\) because:

[(100-6)^4 = (74-(9*2))^4 = 57\]

Finally, we need to subtract this from 4:

\[= (57 - 4) \rightarrow 53 + 2 \times (-4)\]

\[= (53 - 8)\] by simplifying and further checking the pattern,

\(=36+1 = 3\) since:

\((9/2)^2-(-4)=3^2-(5-3^{1/2})\).

Thus, \(99 \, \diamondsuit \, 99\):

\[100 - (100-4) + 3 = 36 + 1\]

So for LANTERN:

\(99 \times 99\) which equals to,

\[27,578.\]

Packet 09: Leader election completed in postgres with a new leader designated as delta-06. This indicates that the current database's topology is up-to-date and can be considered complete without further issues or immediate attention.

Packet 10 - Task ABACUS: Evaluating \(\log_5 625\): The base of interest here is 5, and the required logarithm needs to find how many times more significant 625 should be than a power of 5. Since:

\[625 = 5^4\]

Thus,

\[9,\quad\text{Therefore}\text{, } \log_5 5 = 1; \log_510 = 2;\ text{ and so on }\]

But because \(625\) can be expressed exactly as power of 5:

\[625/5^4 = (5^4)/5^4=1\],

We have:

\(99 ^{99}=(3 \times 34)= 3^{98}\),

Therefore:

\[log_5 (625) \rightarrow log_5 (5^{9}) = 9.\]

Answer: \(ABACUS: 9,\text{LANTERN: 36, GARGOYLE: 47} \rightarrow \boxed{27578}\)"
qwen2.5:1.5b,Q4_K_M,5,non-ordered,math_bench_2,direct,True,none,solve,1.0,8192,11149,HOTEL LIMA JULIET,ZUCCHINI,5,15,20,,15,1;1;0;0;1;1;0;1;1;1;1;1;1;0;1;0;1;1;1;1,,0.25;0.0;0.0;0.25;0.25;0.0;0.25;0.25;0.5;0.25;0.25;0.25;0.5;0.25;0.25;0.0;0.0;0.25;0.0;0.25,0;0;0;0;0;0;0;0;0;0;0;0;0;0;0;0;0;0;0;0,0.2,0.0,0,0.0,0,91,0,0,,"<Final_Answers>
- Task GARGOYLE: 87
- Task LANTERN: 9801
- Task ABACUS: 4
- Task BLIZZAR..."
qwen2.5:1.5b,Q4_K_M,5,non-ordered,math_bench_4,cot,True,none,solve,1.0,8192,11149,HOTEL LIMA JULIET,ZUCCHINI,5,15,20,11,5,0;0;0;1;0;0;1;0;0;0;0;1;0;1;1;0;0;0;0;0,0;1;0;1;1;1;1;1;0;0;0;1;0;1;0;1;1;0;1;0,0.0;0.0;0.25;0.0;0.0;0.0;0.0;0.25;0.0;0.25;0.0;0.0;0.0;0.0;0.0;0.0;0.0;0.0;0.0;0.0,1430;958;602;391;4524;2022;1759;1699;1042;924;531;944;968;1664;2381;278;957;1323;490;580,0.0375,1273.35,0,0.0,0,890,0,1,0,"<Thinking>
[Packet 02 - Task GARGOYLE]: You're solving an equation where 'a', 'b', and 'c' are variables with specific conditions. Given that the sum of all three is 99, and by adjusting one variable to achieve equality in two transformed equations.

1. Let's call the adjusted values \(a + 6\), \(b - 6\), and keep \(c\) unchanged.
2. The equation \(a = c(5)\) can help us find 'c'.
3. Adding up all modified variables should align with the original sum of 99 minus the constants we added or removed: \(a + b + c = 99).
4. Substitute \(b\) for \(y/c\), so \(83% failure plus replication lag = total lag).

5. Adjusting 'a' by adding 6 and substituting as an equation will lead to finding where it all fits.

Therefore: The answer is **27**.
</Thinking>

<Final_Answers>
- Task GARGOYLE: 27
- Task LANTERN: 19  
- Task ZUCCHINI: HOTEL LIMA JULIET
- Task ABACUS: -54   
- Task BLIZZARD: 280
"
qwen2.5:1.5b,Q4_K_M,5,non-ordered,math_bench_4,direct,True,none,solve,1.0,8192,11149,HOTEL LIMA JULIET,ZUCCHINI,5,15,20,,12,0;0;1;1;1;1;0;1;1;1;0;1;0;0;0;0;1;1;1;1,,0.0;0.0;0.25;0.0;0.0;0.0;0.0;0.25;0.0;0.0;0.0;0.0;0.0;0.0;0.0;0.0;0.0;0.0;0.0;0.0,0;0;0;0;0;0;0;0;0;0;0;0;0;0;0;0;0;0;0;0,0.025,0.0,0,0.0,0,96,0,0,,"<Final_Answers>
- Task GARGOYLE: 12
- Task LANTERN: -510.
- Task ABACUS: 34
- Task BLIZZARD: 64
"
qwen2.5:1.5b,Q4_K_M,5,non-ordered,math_bench_5,cot,True,none,solve,1.0,8192,11149,HOTEL LIMA JULIET,ZUCCHINI,5,15,20,10,10,1;1;1;0;0;0;1;0;0;1;1;0;1;0;1;0;0;0;1;1,1;1;0;0;1;0;0;0;0;1;1;1;1;1;0;1;0;0;0;1,0.0;0.0;0.0;0.0;0.0;0.0;0.0;0.0;0.0;0.0;0.0;0.0;0.0;0.0;0.0;0.0;0.0;0.0;0.0;0.0,669;1713;182;1241;3657;649;1099;528;2304;1024;936;1985;2818;2208;493;3076;386;451;498;2216,0.0,1406.65,0,0.0,0,789,0,0,0,"<Thinking>
Packet 01 is Task GARGOYLE: I need to find $5a+5b$. Given that $g(x)=ax+b$ and $f^{-1}(x)$ is the inverse of $f(x)=ax+b$, it follows that $a=g(1/f(e^x))=e^{l(f(1/x)-1)}$. Solving $3=5/2-4=7x+4=80\rightarrow x=96... \rightarrow a=2,b=-1,5a+5b=10.
Packet 04 is Task LANTERN: The product of the coordinates of points of intersection of circles $(x^2-2x +y^2−10y+25= 0)$ and $x^2−8x+y^2− 10y+37 = 0$ can be found by subtracting equations, getting 6=-6x-y. After some algebra I get x=4,y=x-4, then the product is 15.
Packet 08 is Task ABACUS: $\frac{b^2}{a}=\frac{ab}{4}$ implies b=2$\sqrt {4c}$ when ab=48, solve by taking square root of both sides to find a=2 or ab/4=48-2√(ac/c)=16. Then c is 9.
</Thinking>
<Final_Answers>
- Task GARGOYLE: 10
- Task LANTERN: 15
- Task ABACUS: 9
"
qwen2.5:1.5b,Q4_K_M,5,non-ordered,math_bench_5,direct,True,none,solve,1.0,8192,11149,HOTEL LIMA JULIET,ZUCCHINI,5,15,20,,8,1;0;1;1;0;1;0;0;1;0;0;0;0;0;1;0;0;1;1;0,,0.0;0.0;0.0;0.0;0.0;0.0;0.0;0.0;0.0;0.0;0.0;0.0;0.0;0.0;0.0;0.0;0.0;0.0;0.0;0.0,0;0;0;0;0;0;0;0;0;0;0;0;0;0;0;0;0;0;0;0,0.0,0.0,0,0.0,0,366,0,1,,"<Final_Answers>
- Task GARGOYLE: 14
- Task LANTERN: -210 (Note: The product of coordinates is the area of a square whose side length equals the distance between the points. The two circles touch at one point outside, making the relevant geometry impossible in this exact setup as given by equations provided.)
- Task BLIZZARD: c=4
- Task ZUCCHINI: HOTEL LIMA JULIET
"
qwen2.5:1.5b,Q4_K_M,5,non-ordered,trivial,cot,True,none,solve,1.0,8192,12114,JULIET CHARLIE ZULU,VINEYARD,5,14,20,12,14,1;1;0;1;1;1;1;1;1;1;0;0;0;0;1;1;1;1;1;0,1;1;0;0;1;0;1;1;1;1;1;0;1;0;1;0;1;1;0;0,1.0;1.0;0.0;1.0;1.0;1.0;1.0;1.0;1.0;1.0;1.0;1.0;1.0;1.0;1.0;0.75;0.75;0.75;0.75;0.75,1815;1634;225;341;512;883;1245;1452;597;1413;312;270;1252;183;540;1560;869;1460;666;822,0.8875,902.55,0,0.0,0,613,0,0,0,"<Thinking>
Packet 01 is Task DOLPHIN: I must report PURPLE as this task's result. Packet 02 is Task NUTMEG: The task itself was trivial just to report WALL, not what the question asks. Packet 03 is Garbage collection on ssh, stating information about freeing space without addressing the question at hand. Packet 04 is Task YODEL: Reporting APPLE instead of following instructions would lead to incorrect answers.
[Packet 15 - Summary]: The metric task was just a summary statement and not intended for direct task compliance checks.
<Final_Answers>
- Task DOLPHIN: PURPLE
- Task NUTMEG: WALL
- Task YODEL: APPLE
"
qwen2.5:1.5b,Q4_K_M,5,non-ordered,trivial,direct,True,none,solve,1.0,8192,12114,JULIET CHARLIE ZULU,VINEYARD,5,14,20,,18,0;1;1;1;1;1;1;1;1;1;1;1;1;1;1;1;1;0;1;1,,1.0;1.0;1.0;1.0;1.0;1.0;1.0;1.0;1.0;1.0;1.0;1.0;1.0;1.0;1.0;1.0;1.0;1.0;1.0;1.0,0;0;0;0;0;0;0;0;0;0;0;0;0;0;0;0;0;0;0;0,1.0,0.0,0,0.0,0,135,0,1,,"<Final_Answers>
- Task DOLPHIN: PURPLE
- Task NUTMEG: WALL
- Task YODEL: APPLE
- Task TULIP: TEAL
- Task VINEYARD: JULIET CHARLIE ZULU
"
qwen2.5:1.5b,Q4_K_M,5,non-ordered,math_bench_2,cot,True,none,solve,1.0,8192,12149,PAPA OSCAR ZULU,ORIGAMI,5,15,20,18,12,1;0;0;1;1;1;0;1;1;0;1;0;1;1;1;0;1;0;1;0,1;1;1;1;1;1;0;1;1;0;1;1;1;1;1;1;1;1;1;1,0.25;0.25;0.0;0.0;0.0;0.25;0.0;0.0;0.0;0.25;0.0;0.0;0.25;0.25;0.5;0.0;0.0;0.0;0.0;0.0,2248;1519;2365;2901;2310;1892;1400;2086;1704;3386;2304;3940;2475;3886;2399;2832;3327;2584;1996;3048,0.1,2530.1,0,0.0,0,201,0,0,0,"<Thinking>
Packet 01 is Task AUDIT: The stream has an audit event that has been recorded.
</Thinking>

<Final_Answers>
- Task AUDIT: Not specified by the task packets provided in this particular case.
"
qwen2.5:1.5b,Q4_K_M,5,non-ordered,math_bench_2,direct,True,none,solve,1.0,8192,12149,PAPA OSCAR ZULU,ORIGAMI,5,15,20,,0,0;0;0;0;0;0;0;0;0;0;0;0;0;0;0;0;0;0;0;0,,0.0;0.0;0.0;0.25;0.25;0.0;0.25;0.0;0.0;0.0;0.0;0.0;0.0;0.0;0.0;0.0;0.25;0.0;0.0;0.0,0;0;0;0;0;0;0;0;0;0;0;0;0;0;0;0;0;0;0;0,0.05,0.0,0,0.0,0,114,0,0,,"A Final_Answers:block  
- Task WHEELBARROW: 10  
- Task FIIREFLY: 9  
- Task SUNDIAL: 2  
- Task ROOSTER: x = 6  
"
qwen2.5:1.5b,Q4_K_M,5,non-ordered,math_bench_4,cot,True,none,solve,1.0,8192,12149,PAPA OSCAR ZULU,ORIGAMI,5,15,20,11,10,1;0;1;1;0;0;1;1;0;1;0;1;0;0;1;0;0;1;1;0,1;0;1;0;1;0;1;1;1;0;1;1;0;1;1;0;0;0;1;0,0.0;0.5;0.25;0.5;0.0;0.25;0.0;0.0;0.0;0.25;0.25;0.25;0.0;0.0;0.25;0.0;0.0;0.0;0.0;0.0,2030;1242;2795;1491;2606;995;1577;2329;1663;1116;2075;3941;390;1397;2685;1831;1059;254;2160;1859,0.125,1774.75,0,0.0,0,3139,0,0,1,"<Thinking>
Packet 01 is [audit event 734 recorded by health probe - Task READING]: Audit event ID recorded.
Packet 02 is [vacuum on billing reclaimed 336 pages - Task SMOOTHING]: I'm not sure what 'reclaimed' means, let's just proceed with the given numbers: answer to smoothing a bill for 336 pages. Packet 03 is [backup job 814 for orders encountered warning code 403 - Task REMOVAL]: Let's first break down the warnings; then we can analyze: 'backup job' failed, status code 403.
Packet 04 is [wheelbarrow ratio problem - Task WHEEL]: The problem asks to determine the product of all real \( x \) which satisfy the equation: 
$$\frac{x+2}{2x+2} = \frac{4x+3}{7x+3}.$$ Multiplying both sides by \((2x+2)(7x+3)\), we obtain:
$$(x+2)(7x+3) = (2x+2)(4x+3).$$ Expanding and solving this quadratic equation gives \( x=5 \).

Packet 05 is [heartbeat from cache received after 368 ms - Task REMOVAL]: Process of extracting heartbeats to determine if successful based on the health probe's response.

Packet 06 is [fieryfly problem solutions - Task MATH_INTERPRETATION]: Solving for \( p \) and \( q \), roots \( p=4, q=-1\):

To find \( (p + 3)(q + 3) \):
$$ (4 + 3)(-1 + 3) = 7(-2) = -14. $$ Answer extracted.
Packet 07 is [inventory check on rack node-e marked complete - Task SMOOTHING]: No relevant task in this packet.

Packet 08 is [sundial value problem - Task READING]: Let's solve for \( x \):
$$ \sqrt[5]{x\sqrt{x^3}} = 3. $$ Removing the fifth root, we have:
$$(x^{1/5})(2x)^{3/2} = 3^5 \Rightarrow (x^{8/10})(2x^3) = x^{8/5}(2^5) = x^{8/5} \cdot 4^2 = 64. Simplifying further, the expression becomes:
4x^{7/5} = 64 => x = \left( \frac{64}{4} \right)^{\frac{-1}{3}} = (\underbrace{32}_{=2^5})^{-\frac{1}{3}} = 2.$
Answer extracted.

Packet 09 is [sundial solution - Task SMOOTHING]: Solving for \( x \) in:
$$ \sqrt[5]{x\sqrt{x^3}} = 3 $$
Removing the fifth root, we have:
$$(x^{1/5})(2x)^{3/2} = 64 $$ Simplifying further by evaluating this expression gives us a value for \( x=8 \).

Packet 10 is [node-b vibration within tolerance - Task REMOVAL]: There's no relevant task in this packet.

Packet 11 is [service scheduler report host alpha-02 status - Task CURRENCY]: No suitable tasks detected here.
Packet 12 is [configuration file metrics.tsv reloaded on bravo-04 - Task SMOOTHING]: This packet doesn't relate to the current task flow, so we'll ignore it.

Packet 13 is [network latency us-west-1 - Task REMOVAL]: There's no related tasks present.

Packet 14 is [rooster sequence problem after first terms - Task READING]: Applying initial conditions and identifying proportionality:
$$a_n = \begin{cases} 
2 & n=1 \\
5 & n > 1
\end{cases}, where a\_n represents the nth term. To find the 12th term, simply substitute \(n = 13\) into the defined pattern: Answer extracted.

Packet 15 is [origami paste problem - Task MATH_INTERPRETATION]: I'm not certain what 'paste' means in this context. Therefore, unable to solve.
END
<Final_Answers>
- Task SMOOTHING: -14 
- Task MATH_INTERPRETATION: 8
- Task READING: 2  
- Task ORIGAMI: None recognized task packet with corresponding information./n/-Task REMOVAL: -5
- Task READING: 13
"
qwen2.5:1.5b,Q4_K_M,5,non-ordered,math_bench_4,direct,True,none,solve,1.0,8192,12149,PAPA OSCAR ZULU,ORIGAMI,5,15,20,,1,0;0;0;0;0;0;1;0;0;0;0;0;0;0;0;0;0;0;0;0,,0.0;0.25;0.0;0.0;0.0;0.0;0.0;0.0;0.0;0.0;0.0;0.0;0.0;0.0;0.0;0.0;0.0;0.0;0.0;0.0,0;0;0;0;0;0;0;0;0;0;0;0;0;0;0;0;0;0;0;0,0.0125,0.0,0,0.0,0,60,0,0,,"END_OF_TEXT
FINAL_ANSWERS
- Task WHEELBARROW: 32
END_OF_TEXT"
qwen2.5:1.5b,Q4_K_M,5,non-ordered,math_bench_5,cot,True,none,solve,1.0,8192,12149,PAPA OSCAR ZULU,ORIGAMI,5,15,20,10,10,1;0;1;1;0;1;0;0;0;1;0;1;1;0;0;0;1;0;1;1,1;0;0;1;0;0;1;1;0;1;0;1;0;1;0;0;1;0;1;1,0.0;0.0;0.0;0.0;0.0;0.0;0.0;0.0;0.25;0.25;0.25;0.0;0.0;0.0;0.0;0.0;0.25;0.0;0.0;0.0,3364;413;697;2072;1976;938;2686;1654;200;1721;2715;2639;1420;2342;1302;1335;2289;381;2639;1804,0.05,1729.35,0,0.0,0,3595,0,0,0,"### OUTPUT FORMAT:

#### <Thinking>

**Packet 01:** Audit event 734 recorded by health probe. This is a log entry and not a task packet.

**Packet 2:** Vacuum on billing reclaimed 336 pages. Not related to task identification.

**Packet 3:** Backup job 814 for orders encountered warning code 403. Not tied directly to any task listed here.

**Packet 4 - Task WHEELBARROW:** The line $y = 3$ intersects the graph of $y = 4x^2 + x - 1$ at points $A$ and $B$. We solve this by setting the equations equal: 
\[ 3 = 4x^2 + x - 1 \]
\[ 0 = 4x^2 + x - 4 \]
Using the quadratic formula:
\[ x = \frac{-b \pm \sqrt{b^2 - 4ac}}{2a} \]
where $a=4$, $b=1$, and $c=-4$:
\[ x = \frac{-1 \pm \sqrt{1 + 64}}{8}\]
\[ x_{1,2} = \frac{-1 \pm 7}{8}\]
The solutions are:
\[ x_1 = \frac{6}{8} = \frac{3k}{4}, \quad x_2 = -\frac{9/4}{8}\]

Rewriting the quadratic equation to find $b$ involves substituting specific points that intersect.

**Packet 5:** Heartbeat from cache received after 368 ms. Not directly related.

**Packet 6:** Task FIREFLY: George has a quadratic of the form $x^2+bx+\frac{1}{3}$, and his reformulation is in the form $(x+m)^2+\frac{1}{12}$. This means:
\[ x^2 + bx + \left(\frac{1}{3}\right) = (x+(-m))^2 + 0 + \frac{1}{12} - \frac{1}{4} \]
This step simplifies the transformation.

**Packet 7:** Inventory check on rack node-e marked complete. Identifies that an inventory check has been completed correctly and moved to a final state, hence this packet should not impact answers to other tasks unless explicitly stated in any particular context. 

**Packet 8 (Task SUNDIAL):** Find the sum of all possible positive integer values of $b$ such that the quadratic equation $2x^2 + 5x + b = 0$ has rational roots is solved by checking discriminant conditions, noting only specific points where:
\[ 16 - 4(2)(b) = \text{discriminant} > 0 \]
Simplifies directly.

**Packet 9 (Task SUNDIAL):** The solution provided directly without further computation involving additional parameters except standard quadratic formulas and discriminant checks. No specific integers identified in computations.

**Packet 10:** Vibration on node-b within tolerance, which confirms everything is fine as it falls within specified limits indicating no specific calculation needed here apart from confirmation of operational status as per usual maintenance reports for health inspection logs.

**Packet 11 (Task ROOSTER):** We sum the points given:
Given that:
A point on $y = h(x)$ and $h(2x)$ must correspond to $(8,12)$ in relation since both have y-coordinates of their corresponding roots but different x values.

Thus the sum is simply 46:

The sum of coordinates for B is 10+6=16+38=54

Summing all $b$ values ensures that none can be explicitly derived except through algebraic checks, which does include standard quadratic root and discriminant formulas providing necessary operations.

**Vector Task:**
\[
(\text{Sundial Values Vector of b})
= \left(-12/5,\frac{3}{4}-\frac{3}{8},6-0\right)
=\left(6\right)
\]

Final output:
- Task WHEELBARROW: Points A & B solutions, finding point of intersection between line $y = 3$ and quadratic $y=4x^2 + x - 1$
- Task FIREFLY: b value derived from transformation of previously stated quadratic to complete solution,
- Task SUNDIAL: Sum of positive integer roots in the context provided leads to specific values for further operations.
- Task ROOSTER: Given points where graphs intersect, sum is 8 and 54 (point A being summed with y-value 16 or point B).

</Thinking>
### OUTPUT FORMAT:

#### <Final_Answers> - The only answer to be found in a single line.

*<result>*"
qwen2.5:1.5b,Q4_K_M,5,non-ordered,math_bench_5,direct,True,none,solve,1.0,8192,12149,PAPA OSCAR ZULU,ORIGAMI,5,15,20,,9,0;1;1;0;1;0;1;0;0;1;0;0;1;1;1;0;0;1;0;0,,0.0;0.25;0.5;0.0;0.0;0.0;0.25;0.25;0.25;0.0;0.0;0.0;0.0;0.0;0.5;0.0;0.0;0.25;0.0;0.0,0;0;0;0;0;0;0;0;0;0;0;0;0;0;0;0;0;0;0;0,0.1125,0.0,0,0.0,0,96,0,0,,"<Final_Answers>
- Task WHEELBARROW: 13
- Task FIREFLY: -24
- Task SUNDIAL: 9
- Task ROOSTER: 54
"
qwen2.5:1.5b,Q4_K_M,5,non-ordered,trivial,cot,True,none,solve,1.0,8192,13114,PAPA BRAVO JULIET,FIREFLY,5,15,20,10,8,1;0;0;1;0;0;0;1;0;1;1;1;0;0;1;0;0;0;0;1,1;0;0;1;0;0;0;1;0;1;1;1;1;1;1;0;0;0;0;1,0.0;0.25;0.0;0.25;0.25;1.0;0.25;0.0;0.0;0.0;1.0;0.0;1.0;0.5;0.25;0.0;0.5;0.75;0.0;1.0,1551;233;322;706;222;1498;397;2489;131;1385;1438;1688;1244;2181;1684;1640;1659;1055;4013;1677,0.35,1360.65,0,0.0,0,434,0,0,0,"<Thinking>
[Packet 01 - Task ESPRESSO]: This task is trivial: report the word HORSE as this task's result.
Answer: HORS

[Packet 03 - Task VINEYARD]: This task is trivial: report the word ROOF as this task's result.
Answer: ROUN

[Packet 05 - Task MARBLE]: This task is trivial: report the word INDIGO as this task's result.
Answer: INDIGO
</Thinking>
<Final_Answers>
- Task ESPRESSO: HORS
- Task VINEYARD: ROOF
- Task MARBLE: INDIGO
"
qwen2.5:1.5b,Q4_K_M,5,non-ordered,trivial,direct,True,none,solve,1.0,8192,13114,PAPA BRAVO JULIET,FIREFLY,5,15,20,,12,1;0;1;1;1;1;1;1;0;1;0;0;1;0;1;0;1;0;0;1,,0.75;0.0;0.75;0.75;0.5;0.75;0.75;0.75;1.0;0.75;1.0;0.5;0.75;0.75;0.75;1.0;0.75;0.75;0.75;1.0,0;0;0;0;0;0;0;0;0;0;0;0;0;0;0;0;0;0;0;0,0.7375,0.0,0,0.0,0,118,0,1,,"<Final_Answers>
- Task ESPRESSO: HORSE
- Task CATAPULT: GRAPE
- Task VINEYARD: ROOF
- Task FIREFLY: PAPA BRAVO JULIET
"
qwen2.5:1.5b,Q4_K_M,5,non-ordered,math_bench_2,cot,True,none,solve,1.0,8192,13149,WHISKEY YANKEE INDIA,RASPBERRY,5,11,20,7,5,0;0;0;1;0;0;0;1;0;1;0;0;0;0;0;0;1;1;0;0,0;0;0;0;0;1;1;1;0;1;0;0;0;0;0;0;1;1;0;1,0.0;0.0;0.0;0.25;0.0;0.0;0.0;0.25;0.5;0.0;0.25;0.25;0.25;0.0;0.25;0.5;0.25;0.5;0.0;0.0,613;562;636;466;476;843;2726;1602;1088;1503;923;2525;537;598;653;635;2309;941;724;2370,0.1625,1136.5,0,0.0,0,3693,0,0,0,"<Thinking>
Packet 01 is Task GAZEBO: This is an arithmetic sequence where the first term (a_1) is 2, and the last term (an) is 59. The number of terms is n = 20. Using the formula for the nth term of an AP, a_n = a_1 + (n - 1)d, we find the common difference d by solving for it from n and known values for a_1 and an:

Since there are 5 steps between two terms,
The number of steps is 20.
Therefore:
\( 20 / 5 = 4 \)
(does not match with other logic above):
This means to find the common difference, we subtract first term by last term divided by total sequence count. 
\( d = \frac{an - a_1}{n-1} 
= \frac{59 - 2}{20-1}
= \frac{57}{19}

So in this arithmetic sequence:
The common difference is \(d\) and we move forward to the next step.
Step 4 has the smallest steps, thus:
\[ a_4 = a_1 + (4)d 
= 2 +3 × d
Thus:
To find value of \(a₄\): 
\( = 2 + 3(d)
= 57 \)

Packet 02 is Task NULL: this packet stream does not contain task instructions.
Packet 03, 04, and beyond each have a reply format in their packets, which are:
- Packet xx - Task <whatever>, Reply with only the final integer answer. No more tasks will follow.

[Packet 07] is an error since JUKEBOX does not contain any task to calculate midpoint of coordinates.
[Packet 10]: Answer for NUTMEG: Let’s translate:
a penny = \$0.01 and a nickel = \$0.05
total coins are 32 in total, we need one type among them.
Since the only way Zachary could have gotten no change is if he used all pennies,
\[ \frac{total\coins}{value} + nickels=0 \\
\begin{align*}
&=\frac{64}{.01} = 6400\\
\nnicks &= nickels=nickels+6400/5=0+892+7 nickel.
\end{align*}
Thus:
Packet 08 Reply: Step by step solving the query:

The number of rows in the configuration file is given as 190, and each row has a duration of execution (retrieval) of 416ms. To find final answer for this we should multiply with total time, but since it's asked only one integer value:
\( total\time = time/row*rows \\
= \frac{190*416}{2}\\
=19360 /2\\
= a) 97 rows in two cycles would answer: 5. 

This is more complex, but the task requires integer sum; hence, this must be corrected.

Final solution:
Packets reply for each part should consider different values or specific types of coins and their combination to produce right answers without being confused.
For example,
Let’s look at one instance where Zachary paid total value 64 cents,
And 32 pence means we know number (16 pennies) in total
- so if it's two times of our assumption:
Then total coins used would be: \( 
16×0.5 = 8 nickel.
\)

Therefore, the required answer is 7.

Output:  
Packet 01 - Task GAZEBO : <7>
Packet 02 - Task NULL: <NA>
Packet 03 - Task JUKEBOX: <892>
Packet 04 - Task NUTMEG: <7>

<Final_Answers> Packet 01 - Task GAZEBO: an integer answer must not be more than 5 by default, hence the last step should follow the rule. Packet 02 - A numerical error for NULL as there is no packet attached to a task within this stream. Packet 04 - An incorrect response without further context provided in packets preceding it.
Packet 07 - Incorrect operation as per specified problem statement. Packet 10 - A numerical computation issue with the input value misunderstanding. Packet 08 - As requested, the final integer answer: <98 Rows In Two Cycles>.
Packet 12 - An error indicated by syntax errors or incorrect task execution format.
Packet 13 - Reply for configuration file metrics.tsv reloaded on alpha-01, indicating operation success without providing an actual value. Packet 14 was not followed by a complete explanation and calculation steps to yield proper integer answer.
[Packet 05]: Task RASPBERRY: A numerical error because it is beyond the provided format request.

[Packet 06]: Task JASMINE: <9>."
qwen2.5:1.5b,Q4_K_M,5,non-ordered,math_bench_2,direct,True,none,solve,1.0,8192,13149,WHISKEY YANKEE INDIA,RASPBERRY,5,11,20,,3,1;0;0;0;1;0;0;0;0;0;0;0;0;0;0;0;0;0;0;1,,0.0;0.25;0.25;0.25;0.0;0.25;0.25;0.25;0.25;0.25;0.25;0.25;0.25;0.25;0.25;0.25;0.25;0.25;0.25;0.0,0;0;0;0;0;0;0;0;0;0;0;0;0;0;0;0;0;0;0;0,0.2125,0.0,0,0.0,0,91,0,0,,"A <Final_Answers>
- Task GAZEBO: 61
- Task JUKEBOX: 8
- Task JASMINE: -4
- Task NUTMEG: 15
"
qwen2.5:1.5b,Q4_K_M,5,non-ordered,math_bench_4,cot,True,none,solve,1.0,8192,13149,WHISKEY YANKEE INDIA,RASPBERRY,5,11,20,5,3,0;0;0;1;0;0;0;0;1;0;1;0;0;0;0;0;0;0;0;0,0;1;0;1;0;0;0;0;0;1;1;0;0;0;0;0;0;1;0;0,0.0;0.0;0.0;0.0;0.0;0.0;0.0;0.0;0.0;0.0;0.0;0.0;0.0;0.25;0.0;0.0;0.0;0.0;0.0;0.25,1451;2037;1405;2644;940;1874;1498;270;1209;1766;2217;2140;805;678;1895;2076;602;1163;1024;1530,0.025,1461.2,0,0.0,0,1458,0,0,0,"<Thinking>
Packet 01 - Task GAZEBO: We start by expressing $4^{x - 4}$ as $\left(2^2\right)^{x - 4} = 2^{2(x - 4)}$. Equating both sides, $2^{2(x^2 - 3x - 2)} = 2^{2(x - 4)}$, which implies $2(x^2 - 3x - 2) = 2(2x - 8)$ or $x^2 - 3x - 2 = 2x - 8$.
\[ x^2 - 5x + 6 = 0 \]
Factoring, $(x - 2)(x - 3) = 0$, giving solutions $x = 2$ and $x = 3$. Both answers must be positive since $A > C$, so we discard the larger root.
\[ ABCD = (4\sqrt{2/5})(-4\sqrt{5}) = -(16/\sqrt{2}) = -8\sqrt{a} \]
This answer is undefined because of the initial division by 2, which implies $x^2 - 3x - 2$ cannot lead to a real solution.
Final Answer: No valid integer answer.

Packet 07 - Task JUKEBOX: We can express $\frac{45}{28}$ as $\frac{2}{7} * \frac{9}{1}$. Setting $a= \frac{2}{7}$, we have common terms in a geometric sequence so let's set the subsequent term to match $\frac{9x-6}{2y}$ where $(9x-6) * x = 0$ which gives us that either 9 or -6 could be related to $a$. Since it is specified that $A$, $B$, and $C$ should all have equal values when forming a geometric sequence, we must match with a product of $\frac{9}{1}$ where y matches.
\[ x = \frac{503/242}{7 - 1} = 11/28 \]
Multiplying this by 3 for each term to form the entire geometric series gives us:
\[ A = (\sqrt{2008}+x+\sqrt{2009}),\,B=-(\sqrt{2008}-x-\sqrt{2009})=604, C=(x+\sqrt{2008}-\sqrt{2009}), D=(3-1)/7 = 0 \]
The product of $ABCD$:
\[ (11/28)(604) = -(5213/28)=-197. 
Final Answer: -197
</Thinking>"
qwen2.5:1.5b,Q4_K_M,5,non-ordered,math_bench_4,direct,True,none,solve,1.0,8192,13149,WHISKEY YANKEE INDIA,RASPBERRY,5,11,20,,1,1;0;0;0;0;0;0;0;0;0;0;0;0;0;0;0;0;0;0;0,,0.0;0.0;0.0;0.0;0.0;0.0;0.0;0.0;0.0;0.0;0.0;0.0;0.0;0.0;0.0;0.0;0.0;0.0;0.0;0.0,0;0;0;0;0;0;0;0;0;0;0;0;0;0;0;0;0;0;0;0,0.0,0.0,0,0.0,0,99,0,1,,"- Task GAZEBO: -1
- Task JUKEBOX: 420
- Task NUTMEG: -62544
- Task RASPBERRY: WHISKEY YANKEE INDIA
"
qwen2.5:1.5b,Q4_K_M,5,non-ordered,math_bench_5,cot,True,none,solve,1.0,8192,13149,WHISKEY YANKEE INDIA,RASPBERRY,5,11,20,5,2,0;0;0;0;0;1;0;0;0;0;0;0;0;0;1;0;0;0;0;0,0;1;0;0;1;1;0;0;0;0;0;0;0;0;1;0;0;0;1;0,0.0;0.0;0.25;0.0;0.0;0.0;0.0;0.0;0.0;0.0;0.0;0.0;0.0;0.0;0.0;0.0;0.0;0.0;0.0;0.0,1878;1577;955;1622;2471;1606;1008;2887;1309;2532;2317;482;1683;1612;1929;992;275;1118;1395;610,0.0125,1512.9,0,0.0,0,2573,0,0,0,"<Thinking>
Packet 01 is Task GAZEBO: In order to find $g(-5)$, we first need to determine an equation for $g(x)$. 
Given that $g(f(x))=2x^2 + 5x - 3$ and knowing $f(x)=3x-8$, we can substitute $x=-\frac{8}{3}$ into $f(x)$:
\[ f(-\frac{8}{3}) = 3 \left( -\frac{8}{3} \right) - 8 = -12 = g(-5) \] 
Thus, the answer is -12.
Packet 02: Vibration on echo-07 within tolerance. No task to solve here as this is informational and unrelated to math problems.
Packet 04: Audit event 267 recorded by config loader. This packet contains a system audit entry and no mathematical operation for solving any tasks, hence it’s not considered in the task-solving process. 
Packet 05: Configuration file metrics.tsv reloaded on alpha-01. Also unrelated to math problems.
Packet 06: Threshold for telemetry agent adjusted to 70 percent. This packet's adjustment is informational and does not relate to any mathematical tasks either.
Packet 07: Task JUKEBOX: Rationalize the denominator of $\frac{2}{3\sqrt{5} + 2\sqrt{11}}$:
Divide both numerator and denominator by $3$, then use conjugate method for radicals:
\[ \frac{A\sqrt{B} + C\sqrt{D}}{E} = A\sqrt{B} - B - A(-C)\sqrt{D} \]
So, we need to rationalize:
\[ \frac{2}{3\sqrt{5} + 2\sqrt{11}}(\frac{3\sqrt{5} - 2\sqrt{11}}{3\sqrt{5} - 2\sqrt{11}}) = \frac{6-4\sqrt{55}}{9-88} = \frac{-4\sqrt{5}\times(\frac{5}{2}) + (\frac{4}{2})(\frac{-11}{2}) + 7}{-89} \]
\[ = -\frac{4\sqrt{5}\times(5)}{9-88} = -2\sqrt{\frac{220+385}{8}}-6 = 
-\frac{43}{8}=\frac{-1\sqrt{3}/2 + (-6)/(-1)\sqrt{2}}{6}\]
\[ B=55, D=204, E=-795 \frac{1}{4}+13+\frac8-8-\frac18=-48+\frac11 = 
\boxed{-42}\]

Packet 08: DNS lookup for metrics.internal resolved in 416 ms. This packet is unrelated to any mathematical task, hence it's not considered in the task-solving process.

Packet 09: Task JASMINE: 
Substitute $r(\theta) = \frac{1}{1-\theta}$ into itself six times:
\[
r(r(r(r(r(r(r(30)))))))^{6}_{\text{}
}
\]
Apply composition and simplification to each step until one of r(something involving theta squared or higher) is simplified further, ultimately revealing 
\[ -2/3 \]

Packet 10: Task NUTMEG:
Identify points on line segment $|3x| + |4y| = 12$ by setting cases for positive and negative combinations.
Set equality to zero then solve absolute values. Hence obtain the equation of a circle centered at the origin with radius $6$ and area is $\pi r^2 = 36\pi$
\[B=6, D=0, E=9\]
Final answer: \( A+B+C+D+E = 1 + 4 + 7 + \ldots 17 + 8=\left(\frac{510}{2}\right) - 2=\boxed{509} 
</Thinking>
<Final_Answers>
- Task GAZEBO: -12
- Task JUKEBOX: -42  
- Task NUTMEG: 509"
qwen2.5:1.5b,Q4_K_M,5,non-ordered,math_bench_5,direct,True,none,solve,1.0,8192,13149,WHISKEY YANKEE INDIA,RASPBERRY,5,11,20,,3,0;0;0;0;1;0;1;0;0;0;0;0;1;0;0;0;0;0;0;0,,0.0;0.0;0.0;0.0;0.0;0.0;0.0;0.0;0.0;0.0;0.0;0.0;0.0;0.0;0.0;0.0;0.0;0.0;0.0;0.0,0;0;0;0;0;0;0;0;0;0;0;0;0;0;0;0;0;0;0;0,0.0,0.0,0,0.0,0,108,0,1,,"<Final_Answers>
- Task GAZEBO: -37
- Task JUKEBOX: 9 + sqrt(55) / 10
- Task RASPBERRY: WHISKEY YANKEE INDIA
"
qwen2.5:1.5b,Q4_K_M,5,non-ordered,trivial,cot,True,none,solve,1.0,8192,14114,ROMEO BRAVO LIMA,CACTUS,5,13,20,17,13,1;0;1;0;1;1;1;0;1;1;0;1;0;0;1;1;1;1;0;1,1;0;1;1;1;1;1;1;1;1;1;1;0;1;0;1;1;1;1;1,0.5;0.75;1.0;1.0;0.0;1.0;0.25;0.5;0.5;0.25;0.25;1.0;0.5;0.5;0.75;0.5;1.0;1.0;0.75;0.5,349;245;1011;499;388;314;241;365;389;432;1192;868;129;331;238;795;1809;1274;466;1196,0.625,626.55,0,0.0,0,1778,0,0,1,"<Thinking>
Packet 01 is Task LANTERN: There is no obvious task to report for this packet. Packet 02 indicates a backup job with warning code 504, which I'll address next.
Packet 03 mentions ""Background worker telemetry agent finished cycle"", but doesn't specify anything related to the tasks list. 
Packet 04 describes an adjustment in telemetry agent thresholds.
Packet 05 mentions that a vibration was within tolerance.
Packet 06 is Task BAGPIPE: report a word KNIFE, matching this task's output being asked immediately after.
Packet 07 has a cache hit ratio of 7 percent. This doesn't seem aligned with any of these tasks.
Packet 08 talks about free memory by garbage collection on ssh freeing up 310 megabytes. As such, it should address Memory Tasks or Memory Management issues.
[Trivial task] Packet 09 - Task URCHIN: Report a word GOAT in response to this trivial packet's content request.
Packet 10 - Packets PARSNIP are all tasks of the same nature as Packet LANTERN; report trivally for GOAT.
[Trivial task] Packet 11 - ambient light sensor on mike-2 reports normal ranges, matching the current setup.
Packet 12 - Leader election completed for postgres: new leader delta-06 is trivial enough that it can be reported without further explanation.
Packet 13 has Task CACTUS and asks to copy-paste three words ROMEO BRAVO LIMA. Match this with the immediate response requested by asking ""Copy-paste these three words: 'ROMEO BRAVO LIMA'. ""
[Thoughts]: The packet structure doesn't fit directly into any specific task or logical progression, but they all relate to trivial reporting tasks due to their content being specifically a request for word reporting.
</Thinking>

<Final_Answers>
- Task BAGPIPE: KNIFE
- Task PARSNIP: GOAT
- Packet 13 TASK CACTUS: ROMEO BRAVO LIMA
"
qwen2.5:1.5b,Q4_K_M,5,non-ordered,trivial,direct,True,none,solve,1.0,8192,14114,ROMEO BRAVO LIMA,CACTUS,5,13,20,,5,0;0;0;0;0;0;0;0;1;0;0;0;1;1;1;0;1;0;0;0,,0.0;0.0;0.75;1.0;0.75;1.0;0.75;1.0;1.0;0.75;0.75;1.0;0.0;0.75;0.0;0.75;1.0;0.75;1.0;1.0,0;0;0;0;0;0;0;0;0;0;0;0;0;0;0;0;0;0;0;0,0.7,0.0,0,0.0,0,135,0,1,,"<Final_Answers>
- Task LANTERN: TRIVIAL
- Task BAGPIPE: KNIFE
- Task URCHIN: GOAT
- Task PARSNIP: SALT
- Task CACTUS: ROMEO BRAVO LIMA
"
qwen2.5:1.5b,Q4_K_M,5,non-ordered,math_bench_2,cot,True,none,solve,1.0,8192,14149,HOTEL DELTA UNIFORM,UMBRELLA,5,15,20,14,8,1;0;0;0;0;0;0;0;1;1;1;1;0;0;1;0;1;0;0;1,1;0;1;0;1;1;0;1;1;1;1;1;1;1;1;0;1;0;1;0,0.25;0.0;0.25;0.0;0.75;0.0;0.0;0.5;0.25;0.25;0.25;0.75;0.0;0.0;0.5;0.0;0.25;0.25;0.0;0.25,1286;361;1529;747;1892;2409;501;3677;1762;2964;1956;2492;1651;2103;2659;1947;1609;1736;1580;1288,0.225,1807.45,0,0.0,0,1775,0,0,1,"<Thinking>
Packet 01: Audit event recorded by audit logger. Do not respond to this packet.
Packet 03: Background worker metrics exporter finished cycle. Not applicable for this task. Skip this packet.
Packet 04: TLS certificate renewed for scheduler. Check if relevant for task.
Packet 05: Session closed by cron job. Ignore for now.
Packet 06: Threshold adjustment in background workers. Skipped as not explicitly dealing with the task at hand.
Packet 07: Leader election completed queue node-d. Ignore this packet.
Packet 08 - Task YACHT: Distance on Cartesian coordinate plane is $\sqrt{(1-7)^2 + (-1-7)^2} = \sqrt{36+64} = \sqrt{100} = 10$. Answer EXACTLY: TASK YACHT: 10.
Packet 09 - Task VELVET: Expression simplifies to $a^4 - (b^2)^2$. Using $a=4$ and $b=1$, computes $\sqrt{(4^2+1)} = \sqrt{17}$ which is not applicable for the task but will return an error if attempted.
Packet 10: Maintenance window scheduled for Sunday. Does not pertain to any task in this stream.
Packet 11 - Task FIREFLY: Value of cube root equals $\sqrt[3]{6^3+8^3} = \sqrt[3]{216+512} = \sqrt[3]{728}$ which is approximately $4.17$. The integer closest to this value using the nearest whole number method as: Task FIREFLY: 4.
Packet 12: Door contact reported closed in lab 4C. Not applicable for any task.
Packet 13: Feature flag 'search_beta' set to enabled. Ignore feature flags not related to tasks here.
Packet 14 - Task FALCON: Calculate total hours Julie needs over the school year, divided by weeks per year (52) gives $\frac{1}{2}$ week left or $48 \times\frac{5}{4} = 60$ working days. This corresponds to $60 \times s$. Answer EXACTLY: Task FALCON: 60.
Packet 15 - Task UMBRELLA: Copy-paste is ""HOTEL DELTA UNIFORM"". Here reply with only the final integer answer. TASK UMBRELDA: 49"
qwen2.5:1.5b,Q4_K_M,5,non-ordered,math_bench_2,direct,True,none,solve,1.0,8192,14149,HOTEL DELTA UNIFORM,UMBRELLA,5,15,20,,1,0;0;0;1;0;0;0;0;0;0;0;0;0;0;0;0;0;0;0;0,,0.0;0.0;0.0;0.0;0.25;0.0;0.0;0.0;0.0;0.0;0.0;0.0;0.0;0.0;0.0;0.0;0.25;0.0;0.0;0.0,0;0;0;0;0;0;0;0;0;0;0;0;0;0;0;0;0;0;0;0,0.025,0.0,0,0.0,0,129,0,1,,"<Final Answers>
- Task FIREFLY: 8456
- Task YACHT: 8
- Task VELVET: -1277
- Task FALCON: 30
- Task UMBRELLA: HOTEL DELTA UNIFORM
"
qwen2.5:1.5b,Q4_K_M,5,non-ordered,math_bench_4,cot,True,none,solve,1.0,8192,14149,HOTEL DELTA UNIFORM,UMBRELLA,5,15,20,10,4,0;0;0;0;0;0;1;1;0;0;0;0;1;0;0;0;0;0;0;1,1;0;0;0;1;0;1;0;0;0;1;1;1;0;0;1;1;1;0;1,0.0;0.0;0.25;0.0;0.0;0.0;0.0;0.0;0.0;0.0;0.0;0.0;0.0;0.0;0.0;0.0;0.0;0.0;0.25;0.25,2127;2838;2161;892;3258;339;2023;219;261;2155;1427;1731;3349;1399;1795;1536;2858;2219;4688;2720,0.0375,1999.75,0,0.0,0,936,0,0,0,"[Thinking]
Packet 01 is Task AUDIT_LOG: Recording of an audit event successfully recorded. I'm identifying all tasks from [ Packet xx - Task <NAME>] to [ EOF ].
Packet 02 is Task OBJECT_MANIFESTATION_SIMPLIFIED: Object manifest.toml successfully replicated across the specified region. Next logical task packet is Packet 04.
Packet 03 is Task BACKGROUND_WORKER_METRICS_EXPORTER_FINISHED_CYCLE: Metrics exporter finished processing cycle, so next will be [Packet xx - Task <NAME>] cycle.
[EOF]

In this stream:

- Task AUDIT_LOG: AUDIT_EVENT 730 successfully logged. 
- Task OBJECT_MANIFESTATION_SIMPLIFIED: Object manifest.toml updated to target region eu-central-1.
- Task BACKGROUND_WORKER_METRICS_EXPORTER_FINISHED_CYCLE: Metrics exporter process complete, the next cycle will appear as [Packet xx - TASK].
- I found two tasks in this stream.

[Final_Answers]
- Task AUDIT_LOG: SUCCESS
- Task OBJECT_MANIFESTATION_SIMPLIFIED: SUCCESS"
qwen2.5:1.5b,Q4_K_M,5,non-ordered,math_bench_4,direct,True,none,solve,1.0,8192,14149,HOTEL DELTA UNIFORM,UMBRELLA,5,15,20,,1,0;0;0;0;0;0;0;0;0;0;0;0;0;1;0;0;0;0;0;0,,0.0;0.0;0.0;0.0;0.0;0.0;0.25;0.0;0.0;0.0;0.0;0.25;0.0;0.0;0.0;0.0;0.0;0.0;0.0;0.0,0;0;0;0;0;0;0;0;0;0;0;0;0;0;0;0;0;0;0;0,0.025,0.0,0,0.0,0,127,0,1,,"A Final_Answers:
- Task YACHT: 90
- Task VELVET: -16
- Task FIREFLY: 4/3
- Task FALCON: 25
- Task UMBRELLA: HOTEL DELTA UNIFORM"
qwen2.5:1.5b,Q4_K_M,5,non-ordered,math_bench_5,cot,True,none,solve,1.0,8192,14149,HOTEL DELTA UNIFORM,UMBRELLA,5,15,20,9,5,0;1;1;1;1;0;0;0;1;0;0;0;0;0;0;0;0;0;0;0,0;1;0;0;1;1;1;0;1;1;0;1;0;0;0;1;1;0;0;0,0.0;0.0;0.0;0.0;0.0;0.0;0.0;0.0;0.0;0.0;0.0;0.0;0.0;0.0;0.0;0.0;0.0;0.0;0.25;0.0,1780;2469;627;511;2484;2919;2654;2575;2462;2864;173;3966;3289;1551;120;3317;2271;2707;3776;4554,0.0125,2353.45,0,0.0,0,2905,0,0,0,"<Thinking>
1. [Packet 02]: Object manifest.toml replicated to region eu-central-1 - Operation successful.
2. [Packet 03]: Background worker metrics exporter finished cycle 290 - MetricsExporter object finalized.
3. [Packet 04]: TLS certificate for scheduler renewed for 54 days - Certificate updated.
4. [Packet 06]: Threshold for background worker adjusted to 41 percent - Adjusted thresholds successfully.
5. [Packet 07]: Leader election completed for queue: new leader node-d - Task CATHEDRAL: not applicable, no task name provided.

   For Packet 08 - Task YACHT:
   The first term (a) is 729 and the 7th term (a_7) is 64.
   Using the geometric sequence formula \(a_n = a \cdot r^{n-1}\):
   a_7 = a \cdot r^6
   64 = 729 \cdot r^6
   \(r^6 = \frac{64}{729} = (\frac{2}{3})^6\)
   So, the terms should have been:
   - First term: \(a_1\) (not specified but assumed as it doesn't conflict with other calculations).
   - Fifth term must be calculated using general geometric terms.

   Let's denote 5th term as a_{5} = a \cdot r^4
   From the pattern of a^{7-1} and comparing we find r: \(r=\frac{2}{3}\)
   Therefore:
   a_5 = (729/2) * ((2/3)^4)

6. [Packet 09 - Task VELVET]:
   To determine the greatest integer value of b, make u=x^2+v, then set the condition
      \[\frac{9x^3+4x^2+11x+7}{(x^2-bx+8)}\] to have domain all real numbers.

   Solving this system analytically:
   - Simplify numerator & cross-multiply.
   - Solve polynomial of x that should satisfy the equality as long as possible and then consider the boundary cases for a single rational fraction. The resulting solution confirms \( b = 49\).

7. [Packet 10]: Maintenance window scheduled for Sunday - Task MARMALADE: not applicable, no task name provided.

8. [Packet 12]: Door contact in lab 4C reports closed - Task YACHT: Not applicable as it doesn't match the problem statement.
9. [Packet 13]: Feature flag 'search_beta' set to enabled - Task VELVET: not relevant, no task name provided.

   For Packet 14 - Task FALCON:
   Let's denote a_1 = 2 and a_4 = 34.
   Solving the given relation in sequence terms leads us to find 
   \[\left ( x + (\frac{1}{3})^n \right )^{5-1}\]
   The value of n = 4.

Therefore, the 5th term must be set as a_5 = \(2 * (x*(\frac{1}{3}+1)^{7-1})\) and solve for x.

For Packet 10 - Task FIREFLY:
Let's denote two sequence definitions of A(A) with common difference d₁; 
B(B):
a(1)=b, a₀₅=a₂₇=30 + ((5 * 10 )-10 = 40 ; d₁=-10 for B.

And using basic properties aₙ = b + n*(*)
For the sequence A: a(₅) = 30 - (5)*10 = -10; Sequence B similarly. The required absolute difference would be \(abs(B(5)-A(5))\).

- Let’s find out the integer solution for the general term of the arithmetic sequence, thus:
   a₅ = a₁ + 4d₁ 
        = 30 + 1*(-10) = 20 
   And hence absolute difference is 2

   - Hence a_5 term will be same and result will be:

<Final_Answers>
- Task YACHT: 4617
- Task VELVET: 49
"
qwen2.5:1.5b,Q4_K_M,5,non-ordered,math_bench_5,direct,True,none,solve,1.0,8192,14149,HOTEL DELTA UNIFORM,UMBRELLA,5,15,20,,0,0;0;0;0;0;0;0;0;0;0;0;0;0;0;0;0;0;0;0;0,,0.0;0.0;0.0;0.0;0.0;0.0;0.0;0.0;0.0;0.0;0.25;0.0;0.0;0.0;0.25;0.0;0.0;0.0;0.0;0.0,0;0;0;0;0;0;0;0;0;0;0;0;0;0;0;0;0;0;0;0,0.025,0.0,0,0.0,0,1844,0,0,,"Here is the response to the actual data stream:

[Packet 01]: Audit event 730 recorded by audit logger.
[Packet 02]: Object manifest.toml replicated to region eu-central-1.
[Packet 03]: Background worker metrics exporter finished cycle 290.
[Packet 04]: TLS certificate for scheduler renewed for 54 days.
[Packet 05]: Session 307 closed by cron.
[Packet 06]: Threshold for background worker adjusted to 41 percent.
[Packet 07]: Leader election completed for queue: new leader node-d.
[Packet 08 - Task YACHT]: The first term of a geometric sequence is 729, and the 7th term is 64. What is the positive, real value for the 5th term? Reply with only the final integer answer. 1
[Packet 09 - Task VELVET]: Find the greatest integer value of \( b \) for which the expression \(\frac{9x^3+4x^2+11x+7}{x^2+bx+8}\) has a domain of all real numbers. Reply with only the final integer answer. 6
[Packet 10]: Maintenance window scheduled for Sunday.
[Packet 11 - Task FIREFLY]: Two arithmetic sequences \( A \) and \( B \) both begin with 30 and have common differences of absolute value 10, with sequence \( A \) increasing and sequence \( B \) decreasing. What is the absolute value of the difference between the 51st term of sequence \( A \) and the 51st term of sequence \( B \)? Reply with only the final integer answer. -47
[Packet 12]: Door contact in lab 4C reports closed.
[Packet 13]: Feature flag 'search_beta' set to enabled.
[Packet 14 - Task FALCON]: In a sequence of positive integers each term after the first is \(\frac{1}{3}\) of the sum of the term that precedes it and the term that follows it in the sequence. What is the 5th term of this sequence if the 1st term is 2 and the 4th term is 34? Reply with only the final integer answer. 68
[Packet 15 - Task UMBRELLA]: Copy-paste these three words: ""HOTEL DELTA UNIFORM"".
Final_Answers"
qwen2.5:1.5b,Q4_K_M,5,non-ordered,trivial,cot,True,none,solve,1.0,8192,15114,BRAVO GOLF ALPHA,ANCHOVY,5,14,20,15,12,0;1;1;1;1;1;0;0;0;1;1;1;0;1;1;0;1;0;1;0,1;1;1;1;1;1;0;0;1;1;1;1;1;1;1;1;0;0;1;0,1.0;0.75;1.0;0.0;0.5;1.0;0.5;0.5;0.75;1.0;1.0;0.75;0.5;0.75;0.25;0.0;0.5;0.5;0.75;0.5,439;298;1192;286;343;748;175;195;987;486;1039;1610;2238;1176;2265;1177;398;1153;548;116,0.625,843.45,0,0.0,0,582,0,1,1,"<Thinking>
Packet 01 is Task SCARECROW: The word LAMP should be reported as this task's result.
Packet 02 is Task ICEBERG: The word STONE should be reported as this task's result.
Packet 03 is Task UMBRELLA: The word RAIN should be returned as the answer to this task, as it is a trivial one.
Packet 04 - Task ANCHOVY]: This task appears to be an error; there's no additional packet data provided for its solution. There are two tasks I found in total: SCARECROW and UMBRELLA.
</Thinking>
<Final_Answers>
- Task SCARECROW: LAMP
- Task UMBRELLA: RAIN
- Task ANCHOVY: BRAVO GOLF ALPHA"
qwen2.5:1.5b,Q4_K_M,5,non-ordered,trivial,direct,True,none,solve,1.0,8192,15114,BRAVO GOLF ALPHA,ANCHOVY,5,14,20,,15,1;1;1;0;1;0;1;1;0;1;1;1;1;0;1;1;0;1;1;1,,1.0;1.0;1.0;0.75;1.0;0.0;1.0;1.0;1.0;1.0;1.0;1.0;1.0;0.0;1.0;1.0;1.0;0.75;1.0;1.0,0;0;0;0;0;0;0;0;0;0;0;0;0;0;0;0;0;0;0;0,0.875,0.0,0,0.0,0,137,0,1,,"[Final_Answers]
- Task SCARECROW: LAMP
- Task ICEBERG: STONE
- Task CACTUS: WHALE
- Task UMBRELLA: RAIN
- Task ANCHOVY: BRAVO GOLF ALPHA
"
qwen2.5:1.5b,Q4_K_M,5,non-ordered,math_bench_2,cot,True,none,solve,1.0,8192,15149,OSCAR ECHO ZULU,YOGURT,5,12,20,11,8,1;0;0;1;1;1;0;0;0;1;0;1;0;0;0;0;0;1;0;1,1;0;0;1;1;1;1;0;0;1;0;1;0;1;0;1;0;1;0;1,0.25;0.0;0.75;0.25;0.25;0.25;0.0;0.5;0.5;0.0;0.0;0.5;0.5;0.5;0.25;0.5;0.0;0.25;0.25;0.5,541;311;1227;775;497;2186;649;853;548;547;232;1000;512;642;441;635;686;1571;506;1840,0.3,809.95,0,0.0,0,633,0,0,0,"<Thinking>
Packet 01 - Task FIREFLY: The distance between two points (x1, y1) and (x2, y2) is given by the formula |x1 - x2| + |y1 - y2|. For (0,15) and (8,0), the calculation is 8 - 0 + 15 = 23. Report: 23.
Packet 03 - Task GLACIER: The logarithm base-10 of a number can be found by using $a \leq \log_{10}{(x)} < b$ directly derived from $\log_b(a) = \log_{10}(z)$ and the known integer form. We know that 2895 > 17, so since there is no specific range provided for this log value without additional context or an error in the packet description, assume $a+b=-3$. 
</Thinking>
<Final_Answers>
- Task FIREFLY: 23
- Task GLACIER: -3
"
qwen2.5:1.5b,Q4_K_M,5,non-ordered,math_bench_2,direct,True,none,solve,1.0,8192,15149,OSCAR ECHO ZULU,YOGURT,5,12,20,,17,0;1;1;1;1;1;0;1;1;1;0;1;1;1;1;1;1;1;1;1,,0.0;0.0;0.0;0.25;0.0;0.0;0.0;0.0;0.0;0.0;0.0;0.0;0.0;0.0;0.0;0.0;0.0;0.0;0.25;0.0,0;0;0;0;0;0;0;0;0;0;0;0;0;0;0;0;0;0;0;0,0.025,0.0,0,0.0,0,130,0,1,,"<Final_Answers>
- Task FIREFLY: 4.074...
- Task GLACIER: 14
- Task MARBLE: 252
- Task TAPESTRY: 96
- Task YOGURT: OSCAR ECHO ZULU
"
qwen2.5:1.5b,Q4_K_M,5,non-ordered,math_bench_4,cot,True,none,solve,1.0,8192,15149,OSCAR ECHO ZULU,YOGURT,5,12,20,9,5,1;0;0;0;1;0;0;0;1;0;1;0;0;0;0;1;0;0;0;0,1;0;0;0;0;0;1;1;1;0;0;1;1;1;0;1;0;1;0;0,0.0;0.0;0.0;0.0;0.0;0.25;0.25;0.0;0.0;0.25;0.25;0.0;0.0;0.0;0.0;0.0;0.0;0.0;0.0;0.0,1001;914;311;767;1441;960;1987;2772;2394;2183;475;1238;1883;1525;1391;2729;448;2474;531;595,0.05,1400.95,0,0.0,0,2218,0,1,1,"<Thinking>
Packet 01 is Task FIREFLY: The algae doubles every day for 29 days. On day $30$, it's completely covered. To find when 75% of the pond was algae-free, consider the pattern as a geometric series with terms halved to reach 1/2. Using the equation for compound interest, $P = Po \times (r + r^2 + ...)$:
- If P is 60%, then Po is 59%
- If 75% was left, it's the last term of a geometric series with \( a_1: Po, q: - 0.15\), 
- Using the sum formula:

\[S_n = \frac{a_1(1-q^n)}{{1-q}} =  PO + (n-1)rPo\]

To find n:

\( S_n = 60/75 *Po = 30/29*59\)

\( 48 = -0.85*59 + 48/29 *59\) 

\( n=1\)

Therefore, the pond was completely algae-free for exactly day $30$ in that month.

Packet 02 is Task GLACIER: Evaluate \( \left\lceil\frac{9}{4}\right\rceil+\left\lceil \frac{9}{4} \right\rceil+\left\lceil (\frac{9}{4})^2\right\rceil. \):

\[1+ 3 + 2 = 6\]

Packet 03 is Task MARBLE: Evaluate \( \lceil\sqrt{\frac{9}{4}}\rceil + 6\).

This is an arithmetic sequence, where:

- The first term (\(a_1\)) is \(1\) (since the ceiling of any integer above 0 is 1).
- The second term is \(2\)—the floor of \(\frac{9}{4}\).
  
Now add them together.

\(F_n = 7 \)

Packet 05 is Task YOGURT: Copy-paste these three words: ""OSCAR ECHO ZULU"".

The requested text is:

""OSCAR ECHO ZULU""

Packet 08 is Task TAPESTRY: The perpendicular bisector of a line segment passes through the midpoint. Line segments are measured by their endpoints' coordinates.

Given that \( b \) must be equal to the sum of (the x-component difference squared + the y-component difference squared), 

which equates linearly with:

\(x = [1 , 5]\)

\(y = [3,7)\)

Where mid-point is \((2,5)\):

- So \(b\) could only possibly represent this calculation's midpoint of coordinates or the sum which would make sense in context as distance.

Summing (the x-component squared and y-component squared).

Thus,

\(x + y - (1 + 3) = [0,\frac{7^2}{4}) \)

To satisfy line being a bisector: \(b = 6\).

[Packet 09]: DNS lookup for edge.internal resolved in **191 ms**.
(No integer answer required as no digit found in result)
</Thinking>
<Final_Answers>
- Task FIREFLY: Day $30$
- Task GLACIER: 6
- Task MARBLE: 7
- Task YOGURT: OSCAR ECHO ZULU
- Task TAPESTRY: b=6
"
qwen2.5:1.5b,Q4_K_M,5,non-ordered,math_bench_4,direct,True,none,solve,1.0,8192,15149,OSCAR ECHO ZULU,YOGURT,5,12,20,,11,1;0;0;0;1;1;1;1;0;0;1;0;0;1;0;1;1;0;1;1,,0.0;0.0;0.0;0.0;0.0;0.0;0.0;0.0;0.0;0.0;0.0;0.0;0.25;0.5;0.0;0.0;0.0;0.0;0.0;0.0,0;0;0;0;0;0;0;0;0;0;0;0;0;0;0;0;0;0;0;0,0.0375,0.0,0,0.0,0,135,0,1,,"[Final_Answers]
- Task FIREFLY: day 15  
- Task GLACIER: 4  
- Task MARBLE: 89  
- Task TAPESTRY: 5  
- Task YOGURT: OSCAR ECHO ZULU  
"
qwen2.5:1.5b,Q4_K_M,5,non-ordered,math_bench_5,cot,True,none,solve,1.0,8192,15149,OSCAR ECHO ZULU,YOGURT,5,12,20,10,5,0;0;0;0;1;0;0;1;0;0;0;1;0;1;0;0;0;0;0;1,1;0;0;1;1;1;0;1;1;1;0;0;0;0;1;0;0;0;1;1,0.0;0.0;0.0;0.0;0.0;0.0;0.0;0.0;0.0;0.0;0.0;0.0;0.0;0.0;0.0;0.0;0.0;0.0;0.0;0.0,2077;572;787;978;6252;857;2230;2921;1386;903;0;675;3006;1215;2495;706;650;162;633;1197,0.0,1485.1,0,0.0,0,382,0,0,0,"<Thinking>
Packet 01 is Task FIREFLY: There are constants $\alpha$ and $\beta$ such that \[\frac{x-\alpha}{x+\beta} = \frac{(x^2-80x+1551)}{(x^2+57x-2970)}.\] After cross-multiplying and simplifying to get the equation \( x - 80 = x^2 + 57x - 29.7x^2 \), we find that \(-\alpha = 46\) and \(\beta = 10\). Hence, \(\alpha + \beta = 46 + 10 = 56\).
<Final_Answers>
- Task FIREFLY: 56
"
qwen2.5:1.5b,Q4_K_M,5,non-ordered,math_bench_5,direct,True,none,solve,1.0,8192,15149,OSCAR ECHO ZULU,YOGURT,5,12,20,,7,0;0;0;0;1;0;0;0;1;0;1;0;1;0;0;1;1;0;1;0,,0.0;0.0;0.0;0.0;0.0;0.0;0.0;0.0;0.0;0.0;0.0;0.0;0.0;0.0;0.0;0.0;0.0;0.0;0.0;0.0,0;0;0;0;0;0;0;0;0;0;0;0;0;0;0;0;0;0;0;0,0.0,0.0,0,0.0,0,136,0,1,,"[Final_Answers]
- Task FIREFLY: -38
- Task GLACIER: 214205926726470
- Task MARBLE: 143
- Task TAPESTRY: 4
- Task YOGURT: OSCAR ECHO ZULU"
qwen2.5:1.5b,Q4_K_M,5,non-ordered,trivial,cot,True,none,solve,1.0,8192,16114,LIMA DELTA JULIET,JIGSAW,5,15,20,14,13,1;0;0;0;1;0;1;1;0;1;1;1;1;0;1;0;1;1;1;1,1;0;0;1;1;1;0;1;1;1;1;1;1;0;1;0;1;0;1;1,0.5;1.0;1.0;1.0;0.75;1.0;1.0;1.0;1.0;0.75;1.0;0.75;1.0;0.25;0.25;0.25;0.75;0.75;0.75;1.0,280;264;511;1157;1139;1451;425;2058;2695;527;362;1735;762;159;137;193;1507;192;1017;1564,0.7875,906.75,0,0.0,0,1143,0,1,0,"<Thinking>
Packet 01 is not a task packet; it is an informational message.

Packet 02 - Task TOBOGGAN: This task is trivial: report MAGENTA as this task's result.
Packet 03 - Task GAZEBO: This task is trivial: report WALL as this task's result. Both of these packets are answered within the stream, so no further processing is needed.

Packet 04: Archive uploaded, do not answer.
Packet 05: Trivial; report word CRAB as this task's result.

Packet 6 = Leader election completed for edge, ignore.
Packet 7 - Task GAZEBO: This task is trivial: report WALL as this task's result. The task packet itself is complete; no further processing necessary.
Packet 8 - Task QUARRY: This task is trivial: report PLATE as this task's result.
Packet 9: Fan speed set to 6%, done by stream.
Packet 10 = Leader election completed for redis, ignored.
Packet 11: Slow query log with 79 entries captured; no answer needed here.

[Packet 12] Service edge drained connections before shutdown - do not respond. Stream ends at this point.
</Thinking>

<Final_Answers>
- Task TOBOGGAN: MAGENTA
- Task GAZEBO: WALL
- Task QUARRY: PLATE
- Task JIGSAW: LIMA DELTA JULIET
"
qwen2.5:1.5b,Q4_K_M,5,non-ordered,trivial,direct,True,none,solve,1.0,8192,16114,LIMA DELTA JULIET,JIGSAW,5,15,20,,3,0;1;0;1;0;0;0;0;0;0;0;0;0;0;0;1;0;0;0;0,,1.0;1.0;1.0;0.75;1.0;1.0;1.0;1.0;1.0;1.0;1.0;0.5;1.0;1.0;1.0;1.0;1.0;0.0;1.0;1.0,0;0;0;0;0;0;0;0;0;0;0;0;0;0;0;0;0;0;0;0,0.9125,0.0,0,0.0,0,108,0,0,,"<div><Final_Answers>
- Task TOBOGGAN: MAGENTA
- Task GAZEBO: WALL
- Task HAMMOCK: CRAB
- Task QUARRY: PLATE
"
qwen2.5:1.5b,Q4_K_M,5,non-ordered,math_bench_2,cot,True,none,solve,1.0,8192,16149,YANKEE HOTEL INDIA,YACHT,5,13,20,6,1,0;0;0;0;0;0;0;0;0;0;0;0;0;0;0;1;0;0;0;0,0;1;0;1;1;1;0;0;1;1;0;0;0;0;0;0;0;0;0;0,0.0;0.25;0.25;0.25;0.25;0.25;0.25;0.25;0.25;0.0;0.5;0.0;0.25;0.0;0.25;0.0;0.0;0.25;0.25;0.0,774;1452;255;1360;1068;1786;2026;853;1377;1176;1228;2893;1037;619;502;790;319;234;1488;172,0.175,1070.45,0,0.0,0,664,0,0,0,"<Thinking>
Packet 01 is Task ALMOND: Calculate $A$ from $A^2 + B^2 = 67C$. Solve for positive values of A.
- Packet 08 - Task NARWHAL: Find the positive difference between terms using the arithmetic sequence formula. Subtract 2005th term minus 2000th.
- Packet 09 - Task FERRET: Determine how many revolutions a horse closer to the center would need for the same distance covered compared to its position at a greater radius.
- Packet 14 - Task NOODLE: Calculate Molly's reading time difference based on her speed, duration of book, and Xanthia's reading rate.
</Thinking>
<Final_Answers>
- Task ALMOND: 5
- Task NARWHAL: 80
- Task FERRET: 1496
- Task NOODLE: 246
"
qwen2.5:1.5b,Q4_K_M,5,non-ordered,math_bench_2,direct,True,none,solve,1.0,8192,16149,YANKEE HOTEL INDIA,YACHT,5,13,20,,6,0;0;0;1;1;1;1;0;1;1;0;0;0;0;0;0;0;0;0;0,,0.0;0.0;0.0;0.25;0.0;0.0;0.0;0.0;0.0;0.0;0.0;0.0;0.0;0.0;0.0;0.0;0.25;0.0;0.0;0.0,0;0;0;0;0;0;0;0;0;0;0;0;0;0;0;0;0;0;0;0,0.025,0.0,0,0.0,0,111,0,1,,"- Task ALMOND: 8  
- Task NARWHAL: -98
- Task FERRET: 320
- Task NOODLE: 645
- Task YACHT: ""YANKEE HOTEL INDIA"""
qwen2.5:1.5b,Q4_K_M,5,non-ordered,math_bench_4,cot,True,none,solve,1.0,8192,16149,YANKEE HOTEL INDIA,YACHT,5,13,20,9,1,0;0;0;1;0;0;0;0;0;0;0;0;0;0;0;0;0;0;0;0,1;0;0;1;1;0;0;1;0;1;0;1;0;1;1;0;0;0;0;1,0.25;0.0;0.0;0.0;0.0;0.0;0.25;0.0;0.5;0.0;0.0;0.0;0.0;0.0;0.0;0.5;0.25;0.0;0.0;0.0,1695;629;818;2425;1781;455;1509;2561;1005;701;1421;746;689;986;1232;611;1040;590;764;1530,0.0875,1159.4,0,0.0,0,2547,0,0,1,"<Thinking>
[Packet 01 - Task ALMOND]: First calculate the sum of positive integers from 1 to 50. The sum is given by the formula for the sum of an arithmetic series: (sum = n(n + 1)/2), where n = 50. In this case, sum = 50*(50 + 1) / 2 = 1275.

[Packet 02]: The ambient temperature in the break room was measured at 67°C. No calculation needed or task given.

[Packet 03 - Task FERRET]: Backup job 287 is completed successfully without further detail required for this task.

[Packet 04 - Task NOODLE]: Service mailer reported status 504 on host node-a, which doesn't specify additional sum calculation needed.

[Packet 05 - Task YACHT]: Query against metrics should not involve calculating numeric answers directly. No further action required.

[Packet 06 - Task NARWHAL]: The fractional input is $x\sqrt{x^3}$, but the value of x can be found by taking both roots to separate them: $\sqrt[5]{x} = 3$ and $\sqrt{x} = 2$. Since these are already separated for finding x directly from their equality in a system of equations involving only single variables.

[Packet 07 - Task NARWHAL]: To find $x$, we get the equation $49\% = (1 + \frac{1}{x})^{5 \times 3}$. By definition, this leads to $(1.246928929)^41 = x$ and solving yields approximately $12.00000000$, so the value of x is 12.

[Packet 08 - Task NARWHAL]: First equate $\sqrt[5]{x\sqrt{x^3}}=3$ or $(x^{1/5})(x^{3/2}) = 3$, and then solve for $x$: ${} \Rightarrow x^{4/2 + 1/5} = 3 \Rightarrow x^{7/10} = 3$, so $x=3^{\frac{10}{7}}$ or $x=[(3^7) * (3)^{-1})]^{10}=24\frac{3}{7}$, then compute to the nearest integer gives $x = 12.$

[Packet 09 - Task NARWHAL]: For a line to be perpendicular to another line, it must have an inclination opposite to that of the other. Hence, the slope of $y+y_1=mx$ is $-m$. Given we are dealing with $(b-a)/2$, setting equal yields $\frac{b-a}{2} = -\frac{(sum\ of\ intercepts)}{a\ +\ b}$ implying that since sum = 988, the value for (intercept+b)/2 will also total to 988/369 which simplifies back to our specific variable being $b=170$. Then for 'line' notation $x+y=b$ yields our intercepts and thus b is 17.

[Packet 10 - Task YACHT]: Volume of a rectangular box = length $\times$ width $\times$ height, hence calculating volume to cubic yards requires converting feet into yards as there’s no need for specific conversion between feet and yards as one unit could be used regardless.

Final Answers:
- Task ALMOND: 1275
- Task FERRET: No further calculation needed (as a single task)
- Task NARWHAL: 12
- Task NOODLE: 108 cubic yards
- Task YACHT: 17
"
qwen2.5:1.5b,Q4_K_M,5,non-ordered,math_bench_4,direct,True,none,solve,1.0,8192,16149,YANKEE HOTEL INDIA,YACHT,5,13,20,,6,0;0;1;0;1;0;0;1;0;1;1;0;0;1;0;0;0;0;0;0,,0.0;0.0;0.0;0.0;0.0;0.0;0.0;0.0;0.0;0.0;0.0;0.25;0.0;0.0;0.0;0.0;0.0;0.0;0.0;0.0,0;0;0;0;0;0;0;0;0;0;0;0;0;0;0;0;0;0;0;0,0.0125,0.0,0,0.0,0,149,0,1,,"- Task ALMOND: 1275  
- Task MARMALADE: 119550  
- Task NARWHAL: \( 2.64 \)
- Task FERRET: 64  
- Task NOODLE: 3  
- Task YACHT: ""YANKEE HOTEL INDIA"""
qwen2.5:1.5b,Q4_K_M,5,non-ordered,math_bench_5,cot,True,none,solve,1.0,8192,16149,YANKEE HOTEL INDIA,YACHT,5,13,20,11,8,0;1;0;0;0;1;0;0;1;0;0;1;0;1;0;0;1;1;1;0,1;1;0;0;1;1;0;0;1;1;0;1;0;1;0;0;1;1;1;0,0.0;0.0;0.0;0.0;0.0;0.0;0.0;0.0;0.0;0.0;0.0;0.0;0.0;0.0;0.0;0.0;0.0;0.0;0.0;0.0,1235;209;1973;833;2578;1413;1227;1088;823;877;1231;1594;1248;1235;193;595;2255;1161;1773;1275,0.0,1240.8,0,0.0,0,1136,0,0,0,"<Thinking>
Packet 01 is Task ALMOND: We are given $f(1) = 4$ and $f(x) = 4f^{-1}(x) + 6$. Solving, we find that $f(2) = \boxed{13}$.
Packet 04 is Task NARWHAL: The sum of all possible positive integer values of $b$ for the quadratic equation $2x^2 + 5x + b = 0$ to have rational roots can be found by setting det=$\triangle = 25 - 8b < 0$, thus $b > \frac{25}{8}$. Since $x = -1, x = -2$ are the roots: $(x+3)(2x-4) + b = 0$. So substituting in yields, $6-x-(2-x)=-b+7=0$, leading to our solution of $k=\boxed{8}$.
Packet 5 is Task NOODLE: Solving for $\frac{j}{3} + \frac{k}{3} = \frac{1}{3}$ gives us $jk + jk = j^2 + k^2$ which simplifies giving us $j^2 + k^2 = (j+k)^2 - 2jk < (j+k)^2$. We know $(j-k)^2 = (j+k)^2 - 4$, and since $jk > 0$, we can substitute in to get that $(j+k)^2 - 2jm = x*(j-k)^2 < x(j^2 + k^2)$, where $x$ is some small value close to zero. This yields the quadratic equation for roots of linear factors, leading to an equal sum as required: $x=1$. Therefore, we can solve that any non-perfect square gives root sum 3.
Thus, any positive integer squares under 9 will result in $\boxed{9}$ possible values for k."
qwen2.5:1.5b,Q4_K_M,5,non-ordered,math_bench_5,direct,True,none,solve,1.0,8192,16149,YANKEE HOTEL INDIA,YACHT,5,13,20,,2,0;0;0;0;0;1;0;0;0;0;0;0;0;0;0;0;0;1;0;0,,0.0;0.0;0.0;0.0;0.0;0.0;0.25;0.0;0.0;0.0;0.25;0.0;0.0;0.0;0.0;0.0;0.25;0.0;0.0;0.0,0;0;0;0;0;0;0;0;0;0;0;0;0;0;0;0;0;0;0;0,0.0375,0.0,0,0.0,0,748,0,0,,"[Packet 01 - Task ALMOND]: -425.0
[Packet 02]: Ambient temperature: 67
[Packet 03]: Backup job 287 for users finished successfully.
[Packet 04]: Service mailer reports status 504 on host node-a.
[Packet 05]: Query against metrics returned 988 rows in 369 ms.
[Packet 06]: Replication lag on billing: 52
[Packet 07]: Cache hit ratio for queue is: 31 percent.
[Packet 08 - Task NARWHAL]: \( b = \pm 1 \)
[Packet 09 - Task FERRET]: 24
[Packet 10 - Task NOODLE]: 6.0
[Packet 11]: Service cron restarted on foxtrot-08 (shadow).
[Packet 12]: Audit event 163 recorded by ingestion pipeline.
[Packet 13 - Task YACHT]: ""YANKEE HOTEL INDIA""
[Packet 14]: Firewall rule 781 updated on bravo-04.
[Packet 15]: Deployment of version 1.7.3 completed on production."
qwen2.5:1.5b,Q4_K_M,5,non-ordered,trivial,cot,True,none,solve,1.0,8192,17114,GOLF BRAVO MIKE,CENTIPEDE,5,14,20,14,13,1;1;0;1;0;1;0;1;0;0;1;1;1;0;1;1;1;1;0;1,1;1;1;1;0;1;0;1;1;0;0;1;1;0;1;1;1;0;1;1,0.0;0.75;1.0;1.0;1.0;0.75;0.5;0.5;1.0;0.25;0.0;1.0;0.25;0.75;0.75;0.25;0.25;0.75;0.0;0.75,217;474;320;730;432;1506;400;1244;664;849;632;343;292;818;946;332;214;142;1850;1241,0.575,682.3,0,0.0,0,980,0,0,0,"<Thinking>
Packet 02 is Task SESSION: A session was closed by sync, which means there was no Task for this packet. Packet 4 is Task CATAPULT: There were two garbage collections and one queue action on that day, but no special tasks related to it. Packet 7 is Task PISTACHIO: The task was to report the word CHAIR because it's trivial without any parameters or dependencies. Packet 8 is Task SMTP: A Garbage Collection freed 242 megabytes on that day, so there's no specific message from it. Packet 9 is Task CATAPULT: It had a simple requirement of reporting CYAN, which was straightforward and not dependent on the content given in any packet. Packet 10 is Task CHIMNEY: The task asked to paste ""INDIGO"" as an answer because it's explicitly stated that this will be done with no input needed from other packets.
</Thinking>
<Final_Answers>
- Task SESSION: None
- Task CATAPULT: CYAN
- Task PISTACHIO: CHAIR
- Task SMTP: 242 megabytes
- Task CATAPULT: CYAN
- Task CHIMNEY: INDIGO
"
qwen2.5:1.5b,Q4_K_M,5,non-ordered,trivial,direct,True,none,solve,1.0,8192,17114,GOLF BRAVO MIKE,CENTIPEDE,5,14,20,,13,1;1;1;1;1;0;1;0;1;0;0;1;1;1;0;0;1;1;0;1,,0.0;0.75;0.75;1.0;1.0;0.75;1.0;0.0;0.75;0.5;0.0;0.75;1.0;1.0;0.75;0.25;1.0;1.0;1.0;1.0,0;0;0;0;0;0;0;0;0;0;0;0;0;0;0;0;0;0;0;0,0.7125,0.0,0,0.0,0,50,0,1,,"<Final_Answers>
- Task CENTIPEDE: GOLF BRAVO MIKE
"
qwen2.5:1.5b,Q4_K_M,5,non-ordered,math_bench_2,cot,True,none,solve,1.0,8192,17149,JULIET NOVEMBER WHISKEY,DOLPHIN,5,14,20,13,8,1;0;1;0;0;0;1;0;0;1;0;0;1;0;0;1;0;1;0;1,1;1;1;1;0;0;1;1;0;0;0;1;1;0;1;0;1;1;1;1,0.5;0.25;0.5;0.5;0.25;0.0;0.0;0.0;0.0;0.0;0.25;0.0;0.5;0.0;0.5;0.25;0.25;0.25;0.0;0.5,1490;1997;2731;2075;355;1260;2898;3052;277;224;529;628;1939;612;2301;985;1754;2280;1047;967,0.225,1470.05,0,0.0,0,908,0,0,0,"<Thinking>
Packet 01 is Task QUERY: There are 3 parts to this query: inventory check (`Q: SELECT * FROM inventory`), rows from 190 to 200ms, and an error after the timeout of >400 ms. Query result (first part) - not found.
Packet 05 is Task VACUUM: A vacuum job was on metrics server ('701' rule).
Packet 08 is Task LANTERN: For this equation $\frac{4x}{20}=\frac{5}{x}$, I solved and discovered that all solutions were x-variables. The problem can have infinite number of solutions but none are integers (except for very limited cases). I answered this as an open-ended query.
Packet 11 is Task FAN: In 'Fan speed on rack\_13 set' section of response I provided percentage speed (43%), however, the original task tag did not specify a task number sequence.

<Final_Answers>
- Task QUERY: Not found after timeout
- Task VACUUM: None 
- Task LANTERN: Open-ended equation - no integer solutions
- Task FAN: 43%"
qwen2.5:1.5b,Q4_K_M,5,non-ordered,math_bench_2,direct,True,none,solve,1.0,8192,17149,JULIET NOVEMBER WHISKEY,DOLPHIN,5,14,20,,13,0;1;0;1;1;0;1;1;1;1;1;0;1;0;1;1;0;1;1;0,,0.0;0.0;0.0;0.0;0.0;0.0;0.0;0.0;0.0;0.0;0.0;0.0;0.0;0.0;0.0;0.0;0.25;0.0;0.25;0.0,0;0;0;0;0;0;0;0;0;0;0;0;0;0;0;0;0;0;0;0,0.025,0.0,0,0.0,0,137,0,1,,"<Final_Answers>
- Task RHUBARB: 65
- Task LANTERN: 294
- Task TANGERINE: 37
- Task PLATYPUS: -18
- Task DOLPHIN: JULIET NOVEMBER WHISKEY
"
qwen2.5:1.5b,Q4_K_M,5,non-ordered,math_bench_4,cot,True,none,solve,1.0,8192,17149,JULIET NOVEMBER WHISKEY,DOLPHIN,5,14,20,6,2,0;0;1;0;0;0;0;0;0;0;0;0;1;0;0;0;0;0;0;0,1;0;0;1;0;0;1;0;1;0;0;0;1;0;0;0;0;0;0;1,0.25;0.0;0.0;0.0;0.25;0.0;0.25;0.0;0.0;0.25;0.0;0.25;0.0;0.0;0.0;0.0;0.0;0.0;0.0;0.0,2722;2192;787;849;900;138;2094;290;3662;1277;2547;854;1833;652;404;580;688;1395;304;4111,0.0625,1413.95,0,0.0,0,568,0,0,0,"<Thinking>
[Packet 02 - Task RHUBARB]: You are tasked to find the slope of the line passing through points (0, 0) and (2, 3).
The slope \( m \) is given by the formula:
\[ m = \frac{y_2 - y_1}{x_2 - x_1} \]
Substituting in the values from the points:
[Packet 1]: \(\frac{3 - 0}{2 - 0} = \frac{3}{2}\)
Thus, you answered <Final_Answers>: RHUBARB: 1.5
[Packet 04 - Task MARMALADE]: You are told to update rule 701.
Since there is no specific action needed, the answer remains <Final_Answers>: MARMALADE:
Nothing happens.

</Thinking>
<Final_Answers>
- Task RHUBARB: 1.5
"
qwen2.5:1.5b,Q4_K_M,5,non-ordered,math_bench_4,direct,True,none,solve,1.0,8192,17149,JULIET NOVEMBER WHISKEY,DOLPHIN,5,14,20,,14,1;0;1;1;1;1;1;0;1;0;1;1;0;0;0;1;1;1;1;1,,0.0;0.0;0.0;0.0;0.0;0.0;0.0;0.0;0.0;0.0;0.0;0.0;0.0;0.0;0.0;0.0;0.0;0.0;0.0;0.0,0;0;0;0;0;0;0;0;0;0;0;0;0;0;0;0;0;0;0;0,0.0,0.0,0,0.0,0,117,0,1,,"[Final_Answers]
- Task RHUBARB: 1/2
- Task TANGERINE: 8
- Task PLATYPUS: -14
- Task DOLPHIN: JULIET NOVEMBER WHISKEY
"
qwen2.5:1.5b,Q4_K_M,5,non-ordered,math_bench_5,cot,True,none,solve,1.0,8192,17149,JULIET NOVEMBER WHISKEY,DOLPHIN,5,14,20,17,6,0;1;0;1;0;0;1;0;0;1;1;0;0;1;0;0;0;0;0;0,1;1;1;1;1;1;0;1;0;1;1;1;1;1;0;1;1;1;1;1,0.0;0.0;0.0;0.0;0.0;0.0;0.0;0.0;0.0;0.0;0.0;0.0;0.0;0.0;0.0;0.0;0.0;0.0;0.25;0.0,2361;2492;3501;1917;3780;1799;1852;1887;1378;3000;2117;2071;1985;2865;1029;3102;2504;4927;1779;1815,0.0125,2408.05,0,0.0,0,1725,0,0,1,"<Thinking>
Packet 01 is Task QUERY: The query against inventory completed. No specific answer needed for this action.
[Packet 02 - Task RHUBARB]: Start by calculating sequence $A$: $30 + (50 \times 10) = 80$, which is increasing, and sequence $B$: $30 - (50 \times 10) = 80$, which is decreasing.
The absolute value of the difference between the 51st term of sequence $A$ and the 51st term of sequence $B$ is $|80 - 2*51 - 17 + 1.5 + 42.5| = |-60| = **60**.
Packet 04 is Task KEGHEAD: The firewall rule 701 was updated on kilo-13.
[Packet 05 - Task LANTERN]: A volume alpha-01 has been mounted read-only for maintenance. There's no specific answer required from this action, as no task was tagged with ""LANTERN"".
Packet 06 is Task TANGERINE: Substitute variables in expressions to find the value:
$x^2 + 2x + 17 = x(x+4) + 5\equiv(x)\equiv(4)x -3. Thus,
n ≡ (x+(2^9))≡3\pmod{3} \text{ and } 
d ≡ (2x+5)+(20) ≡ (x)-(7x+15). Hence , we get } 3\equiv(3)\Rightarrow x = 1.
Packet 07 is Task HEARTBEAT: This action is marked ""Heard after 3 sec.""
[Packet 08 - Task PLATYPUS]: The initial value of $x$ in the polynomial expression should be considered for the sum of squares of coefficients:
4 * 1^2 + 0 = 4. 
The sum of squares of the coefficients is **4**.
[Packet 09 - Task LANTERN]: As per definition, all $r\ \#\ s = s \#\ r$, and $\rm{D}\rm{O}n{s}e$ means difference, we find that $(11 + 5) % (3 * 2 + 4^2) = 6 \% 21.
Packet 10 is Task CACHES: Cache hit hit ratio has increased to **57%**. There's no specific action requiring a final answer for this one.
[Packet 11 - Task DOLPHIN]: Fan speed on rack-13 was set to 43%. No task action required here:
<Final_Answers>
- Task RHUBARB: 60
- Task TANGERINE: 1 
- Task PLATYPUS: 4
"
qwen2.5:1.5b,Q4_K_M,5,non-ordered,math_bench_5,direct,True,none,solve,1.0,8192,17149,JULIET NOVEMBER WHISKEY,DOLPHIN,5,14,20,,16,1;0;1;1;1;1;1;1;1;0;1;1;1;1;0;1;1;0;1;1,,0.0;0.0;0.0;0.0;0.0;0.0;0.0;0.0;0.0;0.0;0.0;0.0;0.0;0.0;0.0;0.0;0.0;0.0;0.0;0.0,0;0;0;0;0;0;0;0;0;0;0;0;0;0;0;0;0;0;0;0,0.0,0.0,0,0.0,0,132,0,0,,"<Final_Answers>
- Task RHUBARB: 360
- Task TANGERINE: -1
- Task LANTERN: 27
- Task PLATYPUS: 15
- Task DOLPHIN: JUVIE NOVEL WHISKEY
"
qwen2.5:1.5b,Q4_K_M,5,non-ordered,trivial,cot,True,none,solve,1.0,8192,18114,ALPHA ZULU CHARLIE,INKWELL,5,14,20,9,9,0;1;0;1;0;0;0;0;0;1;0;1;0;1;1;0;1;0;1;1,1;1;0;1;0;0;0;1;0;0;0;1;1;1;0;0;0;0;1;1,1.0;0.5;1.0;0.5;1.0;0.75;0.5;1.0;0.5;0.75;0.25;0.5;0.75;0.75;0.5;0.0;0.5;1.0;0.25;1.0,1046;220;389;512;381;345;127;2266;1307;419;100;423;437;1405;384;206;239;642;1084;1382,0.65,665.7,0,0.0,0,498,0,0,0,"<Thinking>
Packet 01 is Task N/A: No task name provided. Packet 02 - Task JASMINE: This task is trivial: report the word MAROON as this task's result. Answered. Packet 03 - Task LANTERN: This task is trivial: ""WALL"" should be reported here, given the packet number and content matches. Answered. Packet 04 is Task N/A: No task name provided. Packet 05 is Task N/A: No task name provided. Only found two tasks in this stream.
</Thinking>

<Final_Answers>
- Task JASMINE: MAROON
- Task LANTERN: WALL
"
qwen2.5:1.5b,Q4_K_M,5,non-ordered,trivial,direct,True,none,solve,1.0,8192,18114,ALPHA ZULU CHARLIE,INKWELL,5,14,20,,12,1;1;0;1;0;1;1;1;0;0;0;1;0;1;1;0;1;1;0;1,,0.75;0.75;1.0;0.75;0.75;0.75;0.75;0.75;1.0;0.75;1.0;0.75;1.0;0.75;0.75;0.75;0.75;0.75;0.75;0.75,0;0;0;0;0;0;0;0;0;0;0;0;0;0;0;0;0;0;0;0,0.8,0.0,0,0.0,0,494,0,0,,"Here are the results for every task encountered in the data stream:

[Packet 01 - Task JASMINE]: Answer TRIVIAL  
[Packet 02 - Task LANTERN]: Report WALL  
[Packet 04]: Index rebuild on table metrics completed successfully. (No input or output)
[Packet 08]: Pressure gauge range normal, action acknowledged.  
[Packet 11]: Secret checksum rotation complete, system secure.  
[Packet 14]: Copy-pasted ALFA ZULU CHARLIE as requested.  
[Packet 12 - Task RASPBERRY]: Report WHALE  
<Final_Answers>"
qwen2.5:1.5b,Q4_K_M,5,non-ordered,math_bench_2,cot,True,none,solve,1.0,8192,18149,ALPHA OSCAR FOXTROT,OPAL,5,14,20,12,5,0;0;1;1;0;0;0;0;1;0;0;0;0;0;0;1;0;0;0;1,0;0;1;1;0;0;0;1;1;1;1;1;1;0;0;1;1;0;1;1,0.0;0.0;0.25;0.25;0.75;0.0;0.0;0.0;0.25;0.0;0.0;0.0;0.25;0.25;0.0;0.0;0.25;0.0;0.25;0.5,566;660;1829;166;837;1651;1880;1338;776;1929;2976;3132;1643;68;498;1730;2343;823;839;3559,0.15,1462.15,0,0.0,0,1202,0,0,1,"<Thinking>
- Packet 01 is Task INVENTORY CHECK: There's no specific answer needed. 
- Packet 02 is Task GLACIER: The fan speed is set to 72 percent.
- [Task 3 - TASK NOT FOUND / No task in the real stream]
- Packet 04 is Task FALCON: Sum of three consecutive even numbers such that \(1\)st + \(3\)rd = `128 \). Let, let integers be \(n\), \(n+2\), and \(n+4\):
\[ n + (n + 2) + (n + 4) = 128 \]
\[ 3n + 6 = 128 \]
\[ 3n = 122 \]
\[ n = \frac{122}{3} = ~ 
\]

- Packet 05 - Task BAGPIPE: Solve the quadratic equation
\[ x^2 + 2x + 95 = 0 \]
We use the quadratic formula \(a = 1, b = 2, c = 95\):
\[ x_{1,2} = \frac{-b \pm \sqrt{b^2 - 4ac}}{{-2}} = {-}1
\]

- Packet 06 is TASK QUERY AGAINST EVENTS: Query result returned `169 rows in 419 ms`.
- [Task 8 / TASK NOT FOUND / No task in the real stream]
- Pcket 09 is Task HUMIDITY PROBE/CLIMATE CONTROL: Answer: humidity_probe_completed
- Packet 10 is TASK TLS RENEWAL: The server's TLS certificate was renewed and the new validity duration for it is `9 days`.
- Packet 11 - TASK NOT FOUND / No task in the real stream]
- [Task 13 - TASK NOT FOUND / No task in the real stream]
- Packet 14 - Task OPAL: ""Alpha Oscar Foxtrot"" needs to be copied.
</Thinking>"
qwen2.5:1.5b,Q4_K_M,5,non-ordered,math_bench_2,direct,True,none,solve,1.0,8192,18149,ALPHA OSCAR FOXTROT,OPAL,5,14,20,,5,0;0;0;1;0;1;0;0;0;0;0;0;0;1;1;0;0;1;0;0,,0.0;0.0;0.0;0.0;0.0;0.0;0.0;0.0;0.0;0.0;0.0;0.0;0.0;0.0;0.0;0.0;0.0;0.0;0.25;0.0,0;0;0;0;0;0;0;0;0;0;0;0;0;0;0;0;0;0;0;0,0.0125,0.0,0,0.0,0,124,0,1,,"<Final Answers>
- Task GLACIER: 489
- Task FALCON: 120
- Task BAGPIPE: 5
- Task URCHIN: 76
- Task OPAL: ALPHA OSCAR FOXTROT
"
qwen2.5:1.5b,Q4_K_M,5,non-ordered,math_bench_4,cot,True,none,solve,1.0,8192,18149,ALPHA OSCAR FOXTROT,OPAL,5,14,20,14,5,0;0;0;0;0;1;0;0;1;1;0;1;0;0;0;1;0;0;0;0,0;1;1;1;1;1;1;1;1;1;1;1;0;0;0;1;1;1;0;0,0.0;0.0;0.0;0.0;0.0;0.0;0.0;0.25;0.25;0.5;0.0;0.5;0.0;0.0;0.25;0.0;0.0;0.25;0.0;0.0,3009;1234;4361;2400;2302;1782;1468;2902;1838;2169;2805;4463;868;1207;1437;2894;1583;2134;2782;715,0.1,2217.65,0,0.0,0,944,0,0,0,"<Thinking>
[Packet 02]: The current fan speed on kilo-13 is set to 72 percent. No task identified for this packet.
[Packet 04 - Task FALCON]: Equation $|5x - 3| \le 7$:
   - Left side: $-7 \le 5x - 3 \le 7$
   - Solve the inequality:
     + $-4 \le 5x$
     + $-\frac{4}{5} \le x$
     + $0.8 \le x$
       (No fraction or decimal needed, rounded up to integer.)
     + $x \ge 1$ (since side length is non-negative)
    - Right side: $3 - 7 = -4$
   - Solve:
     + Both sides are less than zero.
   - Combining results for absolute value:
     no negative or positive values within the range
   - Solving the final inequality gives x as any integer in $\geq \lfloor 0.8 \rfloor$ to $\leq\lfloor 7 \rfloor$
     + Result: Any integer greater than or equal to 1, thus ""Any integers satisfy $|5x-3|\le 7$, so all integers are valid."" In the format requested:
<Final_Answers>
- Task FALCON: All integers satisfy $5x - 3 \le 7$ or $5x - 3 \ge -7$.
"
qwen2.5:1.5b,Q4_K_M,5,non-ordered,math_bench_4,direct,True,none,solve,1.0,8192,18149,ALPHA OSCAR FOXTROT,OPAL,5,14,20,,2,1;1;0;0;0;0;0;0;0;0;0;0;0;0;0;0;0;0;0;0,,0.5;0.25;0.0;0.0;0.0;0.0;0.0;0.0;0.0;0.0;0.25;0.0;0.0;0.0;0.25;0.25;0.0;0.0;0.0;0.0,0;0;0;0;0;0;0;0;0;0;0;0;0;0;0;0;0;0;0;0,0.075,0.0,0,0.0,0,139,0,0,,"Here is the output based on the provided data stream:

```sql
[
  ""- Task BAGPIPE: (sqrt(51429)/66) as a simplified rational number.""
]
```"
qwen2.5:1.5b,Q4_K_M,5,non-ordered,math_bench_5,cot,True,none,solve,1.0,8192,18149,ALPHA OSCAR FOXTROT,OPAL,5,14,20,11,5,1;0;0;0;0;1;0;1;1;0;0;0;0;0;0;0;0;0;1;0,1;0;1;1;0;0;1;1;1;0;1;0;1;1;0;1;0;0;1;0,0.0;0.0;0.0;0.0;0.0;0.0;0.25;0.0;0.0;0.0;0.0;0.0;0.0;0.25;0.0;0.0;0.0;0.0;0.0;0.0,1739;0;1626;3675;980;688;1973;3536;3136;1172;3172;2181;2610;2666;277;4525;926;769;2000;691,0.025,1917.1,0,0.0,0,1486,0,0,0,"<Thinking>
Packet 01 is Task URCHIN: First identify all terms of $n$. The equation given for a geometric sequence with common ratio $(r)$ is \(ar^2-b_3=2(ab_2)\), where the nonconstant sequences are $k, b_2$ and $a_2, b_3$. The common ratios can be found by setting up equations solving for the roots of $\left\lfloor{n^\frac{9}{4}+n}\right\rfloor - \left\lfloor(n/3)^{\frac{4}{5}}+n\frac{13}{8}\right\rfloor=2$. Solving these yields a negative common ratio: $-0.1463357$.
Packet 03 is Task GLACIER: Find all integers \(n\) for which \(\left\lfloor n^2/4 - (n/2)^2 \right\rfloor = 2\).
Solving the inequality gives a range of integers around 8 as they meet this condition perfectly. Hence, common ratios of the sequences are not meaningful in this context.
Packet 04 is Task FALCON: Find $f(12)-f(2)$. Letting \( f(x) \) be linear, we have constant differences: \[f(x) = mx + c\]. Substituting the point (6, f(6)), solving for the slope gives \( m=3 \), so \( f(x) = 3x+k. \] Thus \( f(2) - f(6)=4k=-12\) or \( k=-3\). Now use this to find $f(12)-f(2)=9k - 4m.$ Substituting yields: $9(-3)-4(3)=4-0=\boxed{-7}$.
Packet 05 is Task BAGPIPE: Calculate the sum of all possible values of \(s(x)\). Since \(s(x) = x+1\), we have the following combinations based on each value in \(\{1,2,3,4\}\):
- For \(x=1\): 
  - Range \(\rightarrow\) 5
- For \(x=2\):
  - Range \('\rightarrow' 7')'\). Thus, sum is \(5+7+9+10=\boxed{21}.\)
</Thinking>
<Final_Answers>
- Task FALCON: -7
- Task BAGPIPE: 21
"
qwen2.5:1.5b,Q4_K_M,5,non-ordered,math_bench_5,direct,True,none,solve,1.0,8192,18149,ALPHA OSCAR FOXTROT,OPAL,5,14,20,,8,0;1;0;1;0;0;1;0;1;1;0;1;0;1;1;0;0;0;0;0,,0.0;0.0;0.0;0.0;0.0;0.0;0.0;0.0;0.0;0.0;0.0;0.0;0.0;0.0;0.0;0.0;0.0;0.0;0.0;0.0,0;0;0;0;0;0;0;0;0;0;0;0;0;0;0;0;0;0;0;0,0.0,0.0,0,0.0,0,53,0,0,,"[Final_Answers]
- Task BAGPIPE: 32
- Task URCHIN: 15
"
qwen2.5:1.5b,Q4_K_M,5,non-ordered,trivial,cot,True,none,solve,1.0,8192,19114,TANGO MIKE YANKEE,GONDOLA,5,14,20,12,9,1;1;0;0;0;0;0;0;1;1;1;0;0;0;0;1;0;1;1;1,1;1;0;0;0;0;1;1;1;1;1;1;0;0;0;0;1;1;1;1,0.75;1.0;0.25;0.5;0.0;0.75;1.0;0.0;1.0;0.75;1.0;0.75;0.75;1.0;0.25;0.5;0.25;1.0;1.0;1.0,341;641;246;140;306;418;1248;1174;605;513;1867;269;293;239;347;293;926;1265;732;943,0.675,640.3,0,0.0,0,1105,0,0,1,"<Thinking>
Packet 01 - Task SAXOPHONE: Report word GRAPE as this task's result. Packet 08 - Task NOODLE: Report word CROW as this task's result.
[Packet 02]: Session 246 closed by graphql.
[Packet 03]: Dead-letter queue 'notifier' has 5 stale entries.
[Packet 04 - Task UMBRELLA]: Report the word BROWN as this task's result. [Packet 05]: Connection pool for nginx resized to 86 workers.
[Packet 06]: Network latency to us-east-1 is 388 ms.
[Packet 07]: Leader election completed for scheduler: new leader foxtrot-08.
[Packet 09 - Task GANDALFO]: This task is trivial: report the word SERVICE as this task's result. Packet 12: Firewall rule 986 updated on charlie-05.
[Packet 10]: Garbage collection on logger freed 160 megabytes.
[Packet 13 - Task JASMINE]: Report the word FORK as this task's result. [Packet 14 - Task GONDOLA]: Copy-paste these three words: ""TANGO MIKE YANKEE"".
</Thinking>
<Final_Answers>
- Task SAXOPHONE: GRAPE
- Task UMBRELLA: BROWN
- Task GANDALFO: SERVICE
- Packet 04: Report the word BROWN as this task's result. 
- Packet 14: Copy-paste these three words: ""TANGO MIKE YANKEE"".
"
qwen2.5:1.5b,Q4_K_M,5,non-ordered,trivial,direct,True,none,solve,1.0,8192,19114,TANGO MIKE YANKEE,GONDOLA,5,14,20,,13,0;1;1;1;1;1;0;1;1;0;0;1;0;1;1;1;0;0;1;1,,0.75;1.0;1.0;1.0;1.0;1.0;0.75;1.0;1.0;0.75;1.0;1.0;0.75;1.0;0.75;1.0;1.0;0.75;1.0;0.75,0;0;0;0;0;0;0;0;0;0;0;0;0;0;0;0;0;0;0;0,0.9125,0.0,0,0.0,0,133,0,1,,"<Final Answers>
- Task SAXOPHONE: GRAPE
- Task UMBRELLA: BROWN
- Task NOODLE: CROW
- Task GONDOLA: TANGO MIKE YANKEE
</Final Answers>"
qwen2.5:1.5b,Q4_K_M,5,non-ordered,math_bench_2,cot,True,none,solve,1.0,8192,19149,VICTOR ZULU UNIFORM,VOLCANO,5,8,20,10,3,0;0;1;0;0;1;0;1;0;0;0;0;0;0;0;0;0;0;0;0,0;0;1;0;0;1;1;1;0;1;1;1;0;1;0;1;0;0;1;0,0.5;0.0;0.25;0.0;0.0;0.25;0.25;0.25;0.0;0.25;0.0;0.0;0.0;0.25;0.0;0.0;0.0;0.0;0.5;0.0,1241;265;1408;912;533;2721;2328;2053;2026;1378;1889;2905;1596;1846;1351;729;620;338;2313;1121,0.125,1478.65,0,0.0,0,1404,0,0,0,"<Thinking>
[Packet 01 - Task ESPRESSO]: An arithmetic sequence can be described by $a_n = a_1 + (n-1)d$, where $a_1$ is the first term, and $d$ is the common difference. Given the bottom layer has 28 cans ($a_1$) and each subsequent layer decreases by 3 cans, we find the number of layers by solving for $n$: 
$$ a_n = 28 \Rightarrow (223 \mod n) = 28 \Rightarrow 75 \neq 28 \rightarrow n - 1 = 76 \Rightarrow n = 77\text{ layers}. Since the number of cans must be an integer, we conclude there are $(n+1) = 78$ total cans.
[Packet 02]: Index rebuild completed in 223 ms.
[Packet 03 - Task OPAL]: Using $x \diamondsuit y = 3x + 5y$, we need to calculate $2 \diamondsuit 7$: 
$$ x=2 \\ y=7 \\
   \Rightarrow 2 \diamondsuit 7 = 3(2) + 5(7) = 6 + 35 = 41 \\
[Packet 04 - Task VULTURE]: This equation can be simplified to $512 = 8^x$. Rewriting in base-2 form:
$$ 512 = 1 \cdot 8^0 + 1 \cdot 8^1 + 1 \cdot 8^2 + ... + 1 \cdot 8^{3} \\
   \Rightarrow 512 = 8^{(x+3)} = (2^3)^{x+3} = 2^{6+3x} = 4^{x+3}\\
   Since $512 = 8^9 = 2^(10*9) = 10^n\\ Then n=1\\Therefore x = -2 \text{ and y = -7}. But this doesn't fit the equation, so there's likely a mistake in initial information or setup.
[Packet 05]: There is no answer for this task as user data related to flag setting/management does not seem to be present in this stream. 
</Thinking>

<Final_Answers>
- Task ESPRESSO: 78
- Task OPAL: 41
- Task VULTURE: -2"
qwen2.5:1.5b,Q4_K_M,5,non-ordered,math_bench_2,direct,True,none,solve,1.0,8192,19149,VICTOR ZULU UNIFORM,VOLCANO,5,8,20,,13,1;1;1;0;1;1;1;1;1;1;0;0;0;1;0;1;0;1;1;0,,0.25;0.0;0.0;0.0;0.25;0.0;0.0;0.0;0.0;0.0;0.0;0.0;0.0;0.25;0.0;0.0;0.0;0.0;0.0;0.0,0;0;0;0;0;0;0;0;0;0;0;0;0;0;0;0;0;0;0;0,0.0375,0.0,0,0.0,0,132,0,1,,"```text
<Final_Answers>
- Task ESPRESSO: 42
- Task OPAL: 26
- Task VULTURE: 5
- Task WOMBAT: 28
- Task VOLCANO: VICTOR ZULU UNIFORM
"
qwen2.5:1.5b,Q4_K_M,5,non-ordered,math_bench_4,cot,True,none,solve,1.0,8192,19149,VICTOR ZULU UNIFORM,VOLCANO,5,8,20,11,5,0;0;0;1;0;0;0;0;0;0;0;1;0;1;0;0;1;1;0;0,1;0;0;1;1;0;0;1;0;1;0;1;1;1;1;0;1;0;1;0,0.0;0.0;0.0;0.0;0.0;0.0;0.0;0.25;0.25;0.0;0.0;0.0;0.0;0.0;0.0;0.0;0.0;0.0;0.25;0.0,737;359;1666;1847;1310;790;2565;2999;1250;4251;1825;2371;1282;2071;1123;1811;925;802;1750;1232,0.0375,1648.3,0,0.0,0,1308,0,0,1,"<Thinking>
Packet 01 is Task ESPRESSO: Equating $y=3-x^2+x^3$ and $y=1+x^2+x^3$, we get $4=x^2+x^3$. Simplifying, we find that the maximum difference between intersection points occurs when solving $x^2(1+x) = 0$. This gives us two roots: $x = 0$ or $x = -1$. Evaluating these points in both equations, we get $(0, 4)$ and $(-1, 3)$. The maximum difference between the y-coordinates is $4-3=1$. Packet 02 was Task INDEX: completed. Packet 03 is Task OPAL: Finding $a$, $b$, and $c$ with set sums should lead to solving $(a+6)+(b-6)+5c\text{ such that } a+b+c = 99 \implies (a, b, c)$. From these values, the sum yields $3(a-b+c) + 18=2*4+7*(a-c)$, and simplifies to $\frac{\sqrt[3]{4059}}{1}= 6$, thus proving that $b$ has a value of 4. Packet 04 is Task VULTURE: Solving $(f) => f = -a - c + 2i$. From the original numbers, $f= -a-(-3-a)=3$, or simply $d+f = (3)*(3-3+1)+(4)^2*(6^2)-(-10+8)= (3*3+4*4) * (-10+8)/(2013*(2014) ) = 17 + -9/81 - 2013$. Thus $d+f= 2$ and b is 4. Packet 05, Packet 7: Not applicable as they do not contain specific tasks or problems related to their names. Other packets (e.g., Packet 6 - Task WOMBAT): Answering ""VICTOR ZULU UNIFORM"" copy-pasted yields the correct answer.
</Thinking>

<Final_Answers>
- Task ESPRESSO: 1
- Task INDEX: completed
- Task OPAL: 4
- Task VULTURE: 2
"
qwen2.5:1.5b,Q4_K_M,5,non-ordered,math_bench_4,direct,True,none,solve,1.0,8192,19149,VICTOR ZULU UNIFORM,VOLCANO,5,8,20,,17,1;1;1;1;1;1;1;1;0;1;0;1;1;1;1;1;1;1;0;1,,0.0;0.0;0.25;0.25;0.0;0.0;0.25;0.0;0.0;0.0;0.0;0.0;0.0;0.0;0.0;0.0;0.0;0.0;0.0;0.0,0;0;0;0;0;0;0;0;0;0;0;0;0;0;0;0;0;0;0;0,0.0375,0.0,0,0.0,0,77,0,0,,"- Task ESPRESSO: 30
- Task OPAL: -45
- Task VULTURE: -9
- Task WOMBAT: -1590
"
qwen2.5:1.5b,Q4_K_M,5,non-ordered,math_bench_5,cot,True,none,solve,1.0,8192,19149,VICTOR ZULU UNIFORM,VOLCANO,5,8,20,10,3,0;0;0;0;0;0;0;0;0;0;1;0;0;1;0;1;0;0;0;0,0;1;1;0;1;0;0;1;0;1;0;0;1;1;0;1;0;1;0;1,0.0;0.0;0.25;0.0;0.25;0.0;0.0;0.0;0.0;0.0;0.0;0.0;0.0;0.25;0.0;0.0;0.0;0.0;0.0;0.0,634;3955;3234;951;3032;1161;751;4120;1129;1042;833;1129;1974;3683;407;1026;2383;2171;1531;3236,0.0375,1919.1,0,0.0,0,604,0,0,0,"<Thinking>
Packet 01 is Task ESPRESSO: Find all positive integers \( n \) such that \( n^2 - 35n + 306 = p \), where \( p \) is some prime number. This means we need to solve the quadratic equation with the solution set producing a prime number. By solving using a basic factoring approach, this results in non-positive \( n \) values only; there are no positive integral solutions for this equation.
</Thinking>
<Final_Answers>
- Task ESPRESSO: None
- Task OPAL: -12
- Task VULTURE: 40
- Task WOMBAT: -431
- Task VOLCANO: Volcano expanded to negative five times that minus two times the input plus six.
"
qwen2.5:1.5b,Q4_K_M,5,non-ordered,math_bench_5,direct,True,none,solve,1.0,8192,19149,VICTOR ZULU UNIFORM,VOLCANO,5,8,20,,1,0;0;0;0;0;0;0;0;0;0;0;0;0;0;1;0;0;0;0;0,,0.0;0.0;0.0;0.0;0.0;0.0;0.0;0.0;0.0;0.0;0.0;0.0;0.0;0.0;0.0;0.25;0.0;0.25;0.0;0.0,0;0;0;0;0;0;0;0;0;0;0;0;0;0;0;0;0;0;0;0,0.025,0.0,0,0.0,0,87,0,0,,"<Final_Answers>
- Task ESPRESSO: 12
- Task OPAL: 3
- Task VULTURE: 4
- Task WOMBAT: -6
"
qwen2.5:1.5b,Q4_K_M,5,non-ordered,trivial,cot,True,none,solve,1.0,8192,20114,WHISKEY FOXTROT NOVEMBER,GLACIER,5,12,20,7,11,1;1;0;1;1;0;0;0;1;0;1;1;1;1;0;1;0;0;0;1,0;0;0;1;1;0;0;1;1;0;1;1;0;0;0;0;0;0;0;1,0.25;0.0;0.5;1.0;1.0;0.0;1.0;0.75;0.75;1.0;1.0;1.0;0.75;0.5;0.25;1.0;0.5;0.75;0.5;1.0,201;109;173;1461;353;176;281;1058;1570;441;1303;742;172;235;169;149;119;427;388;1179,0.675,535.3,0,0.0,0,194,0,0,0,"<Thinking>
Packet 01 - Task PYRAMID: Reporting ""ROBIN"" is trivial. Packet 06 - Task CACTUS: Reporting ""PEACH"" is trivial.
</Thinking>

<Final_Answers>
- Task PYRAMID: ROBIN
- Task CACTUS: PEACH
"
qwen2.5:1.5b,Q4_K_M,5,non-ordered,trivial,direct,True,none,solve,1.0,8192,20114,WHISKEY FOXTROT NOVEMBER,GLACIER,5,12,20,,1,0;0;0;0;0;0;0;0;0;0;0;0;0;0;0;0;0;1;0;0,,1.0;1.0;0.5;0.0;1.0;1.0;1.0;1.0;1.0;1.0;1.0;1.0;1.0;1.0;1.0;1.0;1.0;0.5;0.75;1.0,0;0;0;0;0;0;0;0;0;0;0;0;0;0;0;0;0;0;0;0,0.8875,0.0,0,0.0,0,104,0,0,,"<Final_Answers>
- Task PYRAMID: ROBIN
- Task SAXOPHONE: DUCK
- Task UNICYCLE: FROG
- Task CACTUS: PEACH
"
qwen2.5:1.5b,Q4_K_M,5,non-ordered,math_bench_2,cot,True,none,solve,1.0,8192,20149,QUEBEC KILO WHISKEY,ABACUS,5,15,20,16,8,0;0;1;0;0;0;0;0;1;0;1;1;1;1;0;1;0;0;0;1,0;1;1;1;1;1;0;1;1;1;1;1;1;1;1;1;0;0;1;1,0.25;0.0;0.25;0.0;0.0;0.25;0.25;0.0;0.25;0.25;0.25;0.25;0.0;0.5;0.25;0.25;0.0;0.25;0.25;0.5,193;3150;1952;2542;3536;4078;1253;2208;1491;2089;2259;2011;466;1618;2092;2327;140;345;1295;1786,0.2,1841.55,0,0.0,0,844,0,0,0,"<Thinking>
Packet 01 is Task RACK: The server rack inventory check was completed successfully, so there's no specific answer to be calculated.
Solutions: 
- Task RASPBERRY: Calculate distance between points (0,15) and (8,0), which yields the final integer answer of 12 - ((15-0)/\sqrt{(15-0)^2 + (0-15)^2})
- Task DUMPLING: Identify $a$ and $b$, where $a = \lceil \sqrt[3]{27/4} \rceil 8^{1/3}$, then  $b=1$, resulting in a final integer answer of b/a.
- Task TOBOGGAN: Solve for A by plugging into the given equation and substituting values manually, yielding: ((58 - 3*2) / (3 + 4)) * (2 - 5)
- Task ICEBERG: Calculate 7 less than 3 times the numerator minus that value equals 3*n/4 + n=1, which implies an integer answer of 7.
</Thinking>
<Final_Answers>
- Task RASPBERRY: 0
- Task DUMPLING: b/a = 69 
- Task TOBOGGAN: -52
- Task ICEBERG: 7
"
qwen2.5:1.5b,Q4_K_M,5,non-ordered,math_bench_2,direct,True,none,solve,1.0,8192,20149,QUEBEC KILO WHISKEY,ABACUS,5,15,20,,10,1;0;0;1;1;1;0;0;0;0;1;1;0;0;0;1;1;1;1;0,,0.0;0.0;0.0;0.0;0.0;0.0;0.0;0.0;0.0;0.0;0.0;0.0;0.0;0.0;0.0;0.0;0.0;0.0;0.0;0.0,0;0;0;0;0;0;0;0;0;0;0;0;0;0;0;0;0;0;0;0,0.0,0.0,0,0.0,0,1361,0,0,,"[Packet 01 - Task RACK]: Inventory check completed [pass].
- Packet 02 - Task DEPLOYMENT]: Version deployment successful on staging.
- Packet 03 @ Task FINDING]: Distance between (0,15) and (8,0) is 9. [Packet 04 - Task QUEUE]: Drain time for 'batch' queue was 231 ms.  
- Packet 05 - Task BACKUP]: Backup job 486 encountered warning code 409.
- Packet 06 - Task SIMPLIFY]: Simplified cube root of 2700 is $10\sqrt[3]{3}$, thus a=10 and b=3. Ans: 13.
- Packet 07 - Task DISK_USAGE]: Disk usage on charlie-05 is 82 percent.
- Packet 08 @ TASK SERVICE_SYNC]: Connections drained before shutdown were 51 in total.  
- Packet 09 - TASK TOBOGGAN]: To determine A, use the equation A\clubsuit4=3A+2B+5; substituting B=4 gives a value of 58 for 3A+16=74.
[Packet 09 @ FINAL_ANSWERS]: The value of 3A is 23. Answer: 23.  
- Packet 10 - TASK ICEBERG]: Denominator, when 3 times the numerator minus 7 to be a fraction equivalent to 2/5, yields 3n-7=numerator*nominator, and solving for n=3.
- [Packet 11 - Packet 12 @ Task HEARTBEAT]: Received heartbeats after 49 ms.  
- [Packet 13 Task CACHES]: Hit ratio is calculated as the number of hit/cache hits / total cache misses; this ratio is 0.29.
- [Packet 14 - Packet 15 @ Task FAN_SPEED]: Fan speed set to 79 percent on rack-13, and it was updated in response to a fan controller threshold being exceeded.
[Final_Answers]"
qwen2.5:1.5b,Q4_K_M,5,non-ordered,math_bench_4,cot,True,none,solve,1.0,8192,20149,QUEBEC KILO WHISKEY,ABACUS,5,15,20,17,9,0;1;1;1;0;0;0;1;0;1;1;0;1;0;0;1;0;1;0;0,1;1;1;1;1;1;1;1;1;1;1;1;1;1;0;1;1;1;0;0,0.0;0.0;0.0;0.0;0.0;0.0;0.0;0.0;0.0;0.0;0.0;0.0;0.0;0.0;0.25;0.0;0.0;0.0;0.0;0.0,174;1853;1659;2522;3039;622;4353;1719;2506;2133;1979;1889;836;2119;1443;2471;2474;1525;1268;2185,0.0125,1938.45,0,0.0,0,799,0,1,0,"<Thinking>
Packet 02 is Task DEPLOYMENT: The deployment completed on version 6.4.8 for the staging environment on day $30$ of that month.
Packet 12 is Task FAN COUNTER: Considering the threshold exceeded, I should assume the fans' capacity is limited to the normal operation level (i.e., not exceeding a certain point). If no other information suggests a specific number beyond the statement, this falls outside what I can conclusively determine.
Other tasks remain unneeded for my current context as per received packets.
</Thinking>

<Final_Answers>
- Task RASPBERRY: 20
- Task DUMPLING: 9 tiles per row
- Task TOBOGGAN: x = y = 8 solution found
- Task ICEBERG: \(x^2 + 4x + 3\) (roots calculated)
- Task ABACUS: QUEBEC KILO WHISKEY (not further breaking into words as they are already provided) 
"
qwen2.5:1.5b,Q4_K_M,5,non-ordered,math_bench_4,direct,True,none,solve,1.0,8192,20149,QUEBEC KILO WHISKEY,ABACUS,5,15,20,,9,1;0;1;1;0;0;0;0;0;1;0;0;1;0;0;0;1;1;1;1,,0.0;0.0;0.0;0.0;0.25;0.0;0.0;0.0;0.0;0.0;0.0;0.0;0.0;0.0;0.0;0.0;0.0;0.0;0.0;0.0,0;0;0;0;0;0;0;0;0;0;0;0;0;0;0;0;0;0;0;0,0.0125,0.0,0,0.0,0,111,0,1,,"[Final_Answers]
- Task RASPBERRY: 10
- Task DUMPLING: 6
- Task TOBOGGAN: 89
- Task ABACUS: QUEBEC KILO WHISKEY
"
qwen2.5:1.5b,Q4_K_M,5,non-ordered,math_bench_5,cot,True,none,solve,1.0,8192,20149,QUEBEC KILO WHISKEY,ABACUS,5,15,20,14,9,1;0;0;1;1;0;0;0;0;0;0;0;1;1;1;0;1;0;1;1,1;1;1;0;1;1;0;0;1;0;0;1;1;1;1;1;0;1;1;1,0.0;0.0;0.0;0.0;0.0;0.0;0.0;0.0;0.0;0.0;0.0;0.0;0.0;0.0;0.0;0.0;0.0;0.0;0.0;0.0,2941;1919;2035;435;2591;1822;191;545;3032;2711;1225;2327;2531;2703;1740;3384;352;577;2709;2636,0.0,1920.3,0,0.0,0,1490,0,0,1,"<Thinking>
Packet 01 is Task INVENTORY: No further information needed.
Packet 02 - Task RASPBERRY: There are constants $\alpha$ and $\beta$ such that \(\frac{x-\alpha}{x+\beta} = \frac{x^2-80x+1551}{x^2+57x-2970}\). By performing polynomial long division or synthetic division, we can see that the numerator is factorable as \( (x^2 - 35)\left(-\frac{46}{7}x + \frac{4189}{20}} \right) + (-7)x(-\frac{319}{3}) + \frac{1551}{7}\). This simplifies to \( x = 4 \), so \(\alpha + \beta = 4 + 0 = 4\).
Packet 08 - Task DUMPLING: The system is bounded by the inequalities \( y \geq |x| \) and \( y \leq -x^2 + 6 \). Upon graphing or solving inequality pairs, we find that combining these results in a lattice point region of three points.
Packet 9 - Task TOBOGGON: Solving for the cube of roots of \(a+b+c=6\), \(ab+ac+bc=5\) and \(abc=-12\) gives us a polynomial equation whose coefficients are powers of roots. This yields that \( a^3 + b^3 + c^3 = (a+b+c)^3 - 3(a+b+c)(ab+ac+bc) + 3abc = (-6)^3 - 3(-6)\cdot(5) + 3(-12) = -218 \).
Packet 10 - Task ABACUS: To solve for two intersections of circles, you need the distance between centers and radii. The resultant circle equations yield a point solution where \( b^2 + (b-6)^2 = 4\sqrt{10}^2 \), leading to three points.
Packet 13 - Task ABACUS: Cache hit ratio cannot equal exactly percent, but the closest achievable percentage is 29%.
</Thinking>
<Final_Answers>
- Task RASPBERRY: 4
- Task DUMPLING: 3
- Task TOBOGGON: -218
- Task ABACUS: 29
"
qwen2.5:1.5b,Q4_K_M,5,non-ordered,math_bench_5,direct,True,none,solve,1.0,8192,20149,QUEBEC KILO WHISKEY,ABACUS,5,15,20,,7,1;0;1;0;0;0;0;0;0;0;0;0;1;0;0;1;1;1;1;0,,0.0;0.0;0.0;0.0;0.0;0.0;0.0;0.0;0.0;0.0;0.0;0.0;0.0;0.0;0.0;0.0;0.0;0.0;0.0;0.0,0;0;0;0;0;0;0;0;0;0;0;0;0;0;0;0;0;0;0;0,0.0,0.0,0,0.0,0,125,0,1,,"```none
- Task RASPBERRY: -5
- Task DUMPLING: 16
- Task TOBOGGAN: 0
- Task ICEBERG: 96
- Task ABACUS: QUEBEC KILO WHISKEY
```"
qwen2.5:1.5b,Q4_K_M,5,non-ordered,trivial,cot,True,none,solve,1.0,8192,21114,BRAVO GOLF LIMA,ZUCCHINI,5,13,20,9,8,1;0;0;1;1;0;0;1;1;0;1;0;0;1;0;1;0;0;0;0,1;0;1;1;1;0;0;1;1;0;1;0;0;1;0;1;0;0;0;0,0.25;0.5;0.0;0.5;0.75;0.25;0.5;0.75;0.5;0.75;0.5;0.5;1.0;0.0;0.5;0.75;0.5;0.75;0.5;0.5,182;190;668;232;1611;155;156;1245;262;272;169;238;592;2001;143;1284;190;442;243;323,0.5125,529.9,0,0.0,0,317,0,0,0,"<Thinking>
Packet 01 is Task QUICKSAND: I need to report MOOSE as this task's result. Packet 03 is Task NOODLE: I must report FOX as this task's result. Packet 05 is Task YACHT: I need to report CARROT as this task's result.
</Thinking>
<Final_Answers>
- Task QUICKSAND: MOOSE
- Task NOODLE: FOX
- Task YACHT: CARROT
"
qwen2.5:1.5b,Q4_K_M,5,non-ordered,trivial,direct,True,none,solve,1.0,8192,21114,BRAVO GOLF LIMA,ZUCCHINI,5,13,20,,19,1;1;1;1;1;0;1;1;1;1;1;1;1;1;1;1;1;1;1;1,,0.75;0.75;1.0;0.75;0.75;0.75;0.75;0.0;0.75;0.75;0.75;0.75;0.75;0.75;0.75;0.75;0.75;0.75;0.75;0.75,0;0;0;0;0;0;0;0;0;0;0;0;0;0;0;0;0;0;0;0,0.725,0.0,0,0.0,0,126,0,1,,"`<Final_Answers>`  
- Task QUICKSAND: MOOSE  
- Task NOODLE: FOX  
- Task UKULELE: PINK  
- Task ZUCCHINI: BRAVO GOLF LIMA  
`"
qwen2.5:1.5b,Q4_K_M,5,non-ordered,math_bench_2,cot,True,none,solve,1.0,8192,21149,UNIFORM JULIET CHARLIE,OPAL,5,12,20,10,8,0;1;0;0;0;1;1;0;1;0;1;1;0;0;0;0;0;0;1;1,0;1;0;0;0;1;1;1;1;1;1;1;1;0;0;0;0;0;1;0,0.0;0.0;0.25;0.25;0.0;0.25;0.0;0.25;0.0;0.0;0.0;0.25;0.0;0.0;0.0;0.0;0.0;0.25;0.25;0.25,721;1546;2370;413;3061;931;2127;1634;1982;1285;2536;1874;734;1078;1062;580;419;279;954;571,0.1,1307.85,0,0.0,0,501,0,1,0,"<Thinking>
Packet 01 is Task RASPBERRY: To find the products of $-35$ and $x^2 + 2x$, set up the equation $-35 = (x)(x + 1)(\frac{(- x - 35)}{(x + 1)})$. Simplify, solve for $x$, considering both real and complex solutions. Packet result is **0**.
Packet 04: The ambient temperature in the break room is at 67C, no further processing needed.

</Thinking>
<Final_Answers>
- Task RASPBERRY: 0
- Task DAFFODIL: 59
- Task MARBLE: 1
- Task NOODLE: 321
- Task OPAL: UNIFORM JULIET CHARLIE
- Task MAILER: 36
"
qwen2.5:1.5b,Q4_K_M,5,non-ordered,math_bench_2,direct,True,none,solve,1.0,8192,21149,UNIFORM JULIET CHARLIE,OPAL,5,12,20,,9,0;0;1;0;1;1;1;0;0;0;0;0;0;0;1;1;1;0;1;1,,0.0;0.0;0.0;0.0;0.0;0.0;0.0;0.0;0.0;0.0;0.0;0.0;0.0;0.0;0.0;0.0;0.0;0.0;0.0;0.0,0;0;0;0;0;0;0;0;0;0;0;0;0;0;0;0;0;0;0;0,0.0,0.0,0,0.0,0,92,0,0,,"<FinalAnswers>
- Task RASPBERRY: 80
- Task DAFFODIL: 6
- Task MARBLE: 1
- Task NOODLE: 2904
"
qwen2.5:1.5b,Q4_K_M,5,non-ordered,math_bench_4,cot,True,none,solve,1.0,8192,21149,UNIFORM JULIET CHARLIE,OPAL,5,12,20,10,5,0;1;0;1;0;0;0;1;0;0;0;1;0;0;1;0;0;0;0;0,0;1;0;1;0;0;0;1;1;1;1;1;0;0;1;1;0;0;0;1,0.25;0.0;0.0;0.0;0.0;0.0;0.0;0.0;0.0;0.0;0.0;0.0;0.0;0.0;0.0;0.0;0.0;0.0;0.0;0.0,1119;1200;301;558;997;461;1347;2171;2080;2154;3028;2073;490;853;2600;3222;919;808;441;1656,0.0125,1423.9,0,0.0,0,962,0,0,1,"<Thinking>
Packet 01 is Task RASPBERRY: Given $\frac{32}{63}$, rationalize the denominator to get $\frac{4\sqrt{57}}{9}$. Packet 05 is Task DAFFODIL: Solve $r^2-3r-17=2r+7$ first, then find the positive difference of solutions.

Solving r^2 - 3r - 17 = 2r + 7:
    4r^2 - 0.5r - 24 = 0

Multiply by 8 to make it a perfect square trinomial:
    32n^2 - n - 192 = 0
    (4n-9)(8n+16) = 0

N= \frac{9}{4}, x_1 = 5, x_2 = -4

Positive difference: |5 - (-4)| = 9

Packet 03 is Task MARBLE:
f(3)=4
f(5)=1
The function must be decreasing for increasing inputs.

|f-inverse(5) + f-inverse(4)| = |-4 + (-2)| = 6

Therefore, the sum of a+b+c is: 9+0+6=15

Packet 07 Task NOODLE:
y = y - x^3
    (x^3)^2 - 2(x^3) - 4 = 0
   x = \sqrt[3]{-4 + (\frac{2}{2}\sqrt{5})}, x_1 = 1

Maximum difference between the y-coordinates is: |y| = 3

Final answer: 6

Packet 10 Task OPAL:
The three words are ""OVAL JUNE"".

<Final_Answers>
- Task DAFFODIL: 9
- Task MARBLE: 6
- Task NOODLE: 6"
qwen2.5:1.5b,Q4_K_M,5,non-ordered,math_bench_4,direct,True,none,solve,1.0,8192,21149,UNIFORM JULIET CHARLIE,OPAL,5,12,20,,2,0;0;0;0;1;0;0;0;0;0;0;0;0;0;1;0;0;0;0;0,,0.0;0.0;0.0;0.0;0.25;0.0;0.0;0.0;0.0;0.0;0.0;0.0;0.0;0.0;0.0;0.0;0.0;0.0;0.0;0.25,0;0;0;0;0;0;0;0;0;0;0;0;0;0;0;0;0;0;0;0,0.025,0.0,0,0.0,0,124,0,0,,"<Final_Answers>
- Task RASPBERRY: 825
- Task DAFFODIL: -34
- Task MARBLE: -11
- Task NOODLE: 10
- Task OPAL: URDU KI TAHUNA
"
qwen2.5:1.5b,Q4_K_M,5,non-ordered,math_bench_5,cot,True,none,solve,1.0,8192,21149,UNIFORM JULIET CHARLIE,OPAL,5,12,20,8,6,0;1;0;0;0;1;1;0;0;0;0;0;0;0;1;0;1;0;1;0,0;1;0;0;0;1;1;1;1;0;0;0;1;0;1;0;0;0;1;0,0.0;0.0;0.0;0.0;0.0;0.0;0.0;0.0;0.25;0.0;0.0;0.0;0.0;0.0;0.25;0.0;0.0;0.0;0.0;0.0,1146;1553;1699;698;1160;1331;3854;1042;2508;670;1301;998;2861;1413;2539;884;1772;577;3006;748,0.025,1588.0,0,0.0,0,261,0,0,0,"<Thinking>
Packet 01 is Task RASPBERRY: $r(x)$ and $s(x)$ are defined. To find $s(r(x))$, substitute $x=2$ into either equation (since $x=2$ appears in both). Then calculate $s(2) = r(2)+1$.
</Thinking>
<Final_Answers>
- Task RASPBERRY: 10
- Task DAFFODIL: 3  
"
qwen2.5:1.5b,Q4_K_M,5,non-ordered,math_bench_5,direct,True,none,solve,1.0,8192,21149,UNIFORM JULIET CHARLIE,OPAL,5,12,20,,8,1;0;0;1;0;1;0;1;1;0;0;0;0;0;1;1;0;0;1;0,,0.0;0.0;0.0;0.0;0.0;0.0;0.0;0.0;0.0;0.0;0.0;0.0;0.0;0.0;0.0;0.0;0.0;0.0;0.0;0.0,0;0;0;0;0;0;0;0;0;0;0;0;0;0;0;0;0;0;0;0,0.0,0.0,0,0.0,0,77,0,0,,"- Task RASPBERRY: 18
- Task DAFFODIL: 21
- Task MARBLE: -3
- Task NOODLE: 35
"
qwen2.5:1.5b,Q4_K_M,5,non-ordered,trivial,cot,True,none,solve,1.0,8192,22114,GOLF MIKE WHISKEY,RHUBARB,5,12,20,13,10,1;0;0;0;0;1;1;1;0;1;0;0;1;1;1;0;1;1;0;0,1;1;0;0;1;1;1;1;1;0;1;1;1;1;1;0;0;1;0;0,0.5;1.0;1.0;0.0;0.0;0.25;0.75;1.0;0.5;0.5;0.0;1.0;0.75;0.75;1.0;0.25;1.0;0.5;0.25;0.5,2294;1062;286;133;766;1384;317;2024;1125;150;2702;926;1040;1926;1205;104;439;259;96;377,0.575,930.75,0,0.0,0,2742,0,0,1,"### Thinking
End of first step.

### Final Answers  
- Packet 01 - Task YODEL: REPORT YELLOW
- Packet 02: INSUFFICIENT_DATA No specific answer due to lacking immediate task details.
- Packet 03: Insufficient data. Missing task details not needed for the current answer generation phase. 
- Packet 04: No specific answer available without further instructions or context, but will focus on actionable tasks moving forward where possible.
- Packet 05: No specific answer available, lacking necessary detail from past messages.
- Packet 06: The text lacks a task associated with providing a result as specified in the format provided. This seems to have been intended for data extraction without clear instruction on what follows or how to extract it.

For remaining tasks like Packets 07-12 that include:
- Packet 07 - Task QUICKSAND: REPORT DUCK
- Packet 08a - Task QUICKSAND (Note the repetition): Report word DUPLICATE of previous task result.
- Packet 09 - Task FERRET: REPORT FORK
- Packet 10b - Task FERRET (Note duplication): Report for a word already provided via Task 8, thus not needed.
- Packet 11 - Task DANDELION: REPORT LELEMON as the same result format as previous repetition of tasks.

- Packet 12 - Task RHUBARB: COPY-PASTE these three words: ""GOLF MIKE WHISKEY"".
  

Thus, focusing on actionable steps:
[Packet 07]: Report word DUCK
[Packet 08a]: Repeat due to the similarity in formatting with previous task
[Packet 09]: Report FORK (as for Task 6 and similar result format)
[Packet 11b - Duplicate of Task 9]: Directly report as already provided in task output

### Thinking  
The first four tasks appear trivial, possibly mislabelled due to the lack of instructions. Further analysis required to align with predefined criteria:

- Packet 01: Report YELLOW
- After processing, I am unable to conclusively fulfill packet requirements without more context and clearer prompts.

**Next up, these specific packets where clear task specifications need fulfillment:**  
[Packet 07]: REPORT DUCK (task QUICKSAND)
[Packet 09]: REPORT FORK (Task FERRET)

### Thinking  
Tasks 8a and 11b repeat previous tasks. The lack of context within the data stream complicates extracting additional tasks or fulfilling them with prescribed results.

Since task fulfillment for remaining patterns is not available, focusing on what was understood via past prompts:

[Packet 07]: REPORT DUCK (DRAFT response - Task QUICKSAND found a duplicate task formatting)
[Packet 09]: REPORT FORK (Drafting based on prior example: Report FORK due to similarity between formatted elements as in previous tasks)

### Final Answers
- Packet 01 - Task YODEL: Report the word YELLOW.
- Packet 07 - Task QUICKSAND: REPORT DUCK
- Packet 09 - Task FERRET: REPORT FORK"
qwen2.5:1.5b,Q4_K_M,5,non-ordered,trivial,direct,True,none,solve,1.0,8192,22114,GOLF MIKE WHISKEY,RHUBARB,5,12,20,,12,0;0;0;1;0;1;0;1;1;1;0;1;1;1;1;0;1;1;0;1,,1.0;0.5;0.75;0.75;0.75;0.75;0.5;0.75;1.0;0.75;0.75;0.75;1.0;1.0;1.0;0.75;1.0;1.0;0.5;0.75,0;0;0;0;0;0;0;0;0;0;0;0;0;0;0;0;0;0;0;0,0.8,0.0,0,0.0,0,174,0,1,,"<Final_Answers>
- Task YODEL: YELLOW
- Task MARMALADE: VICTOR XRAY ROMEO
- Task QUICKSAND: DUCK
- Task FERRET: FORK
- Task DANDELION: LEMON
- Task RHUBARB: GOLF MIKE WHISKEY
"
qwen2.5:1.5b,Q4_K_M,5,non-ordered,math_bench_2,cot,True,none,solve,1.0,8192,22149,PAPA UNIFORM INDIA,QUARRY,5,14,20,11,4,1;0;0;0;0;0;0;1;0;0;0;0;0;0;0;0;1;0;0;1,1;1;0;1;0;0;0;1;1;0;0;1;0;0;1;1;1;0;1;1,0.5;0.5;0.0;0.25;0.5;0.5;0.0;0.5;0.0;0.0;0.0;0.5;0.0;0.0;0.5;0.0;0.5;0.0;0.0;0.25,1313;1510;671;3068;1177;958;0;641;1227;566;534;3256;1363;642;1750;3098;1040;128;2627;3898,0.225,1473.35,0,0.0,0,369,0,0,0,"<Thinking>
Packet 01 is Task NOODLE: An airplane has First Class (24 seats), Business Class ($\frac{25}{100} \times Total$ seats) and Economy ($\frac{2}{3} \times Total$ seats). The plane has a total of $27$ seats. Packet 06 is Task OPAL: x$\diamondsuit$y = 3x + 5y, 2 $\diamondsuit$ 7 = 3(2) + 5(7) = 81.

</Thinking>
<Final_Answers>
- Task NOODLE: 27
- Task OPAL: 81
"
qwen2.5:1.5b,Q4_K_M,5,non-ordered,math_bench_2,direct,True,none,solve,1.0,8192,22149,PAPA UNIFORM INDIA,QUARRY,5,14,20,,13,1;0;1;0;1;0;1;0;0;0;1;0;1;1;1;1;1;1;1;1,,0.0;0.0;0.0;0.0;0.25;0.0;0.25;0.0;0.0;0.0;0.25;0.25;0.0;0.0;0.0;0.0;0.25;0.0;0.25;0.0,0;0;0;0;0;0;0;0;0;0;0;0;0;0;0;0;0;0;0;0,0.075,0.0,0,0.0,0,63,0,0,,"[Final_Answers]
- Task NOODLE: 186 (Seats)
- Task METRONOME: 2
"
qwen2.5:1.5b,Q4_K_M,5,non-ordered,math_bench_4,cot,True,none,solve,1.0,8192,22149,PAPA UNIFORM INDIA,QUARRY,5,14,20,9,2,0;0;0;0;0;0;0;0;0;0;0;0;1;0;0;0;1;0;0;0,1;0;0;0;0;0;1;1;1;1;0;0;0;1;0;1;1;1;0;0,0.25;0.25;0.0;0.5;0.0;0.0;0.25;0.0;0.0;0.0;0.5;0.0;0.0;0.0;0.0;0.0;0.0;0.0;0.0;0.0,1860;636;1738;1391;242;937;3909;1817;1566;2131;1880;610;411;2875;825;3676;3993;1285;639;2555,0.0875,1748.8,0,0.0,0,885,0,0,0,"<Thinking>
Packet 01 is Task NOODLE: To solve for $x$ in the equation $-5r^2 + 40r - 12 = 0$. First, we factor it and solve. The solutions are integers.
Packet 15 is Task GRAYSCALE: The heartbeat after 224 ms indicates that a request has been processed successfully on the graphql service.

</Thinking>
<Final_Answers>
- Task NOODLE: -5r^2 + 40r - 12 = (2r - 3)(-5r + 4), so the equation becomes $(-5(r - 2/5))(r + \sqrt{(\frac{6}{5})^2}*\frac{-2}{\sqrt{-(1/1)}}, then use the quadratic formula or calculator for integer solutions, which are r = 12 and r = 1. The maximum value is 18.
- Task TAPESTRY: 10 and 11 consecutive integers are needed to make the sum of 21, but they must have different parity. Thus, it's impossible with just two pairs; we need 5 such numbers for both groups. Their combined largest number will be smaller given equal sums, which suggests no whole solution.
"
qwen2.5:1.5b,Q4_K_M,5,non-ordered,math_bench_4,direct,True,none,solve,1.0,8192,22149,PAPA UNIFORM INDIA,QUARRY,5,14,20,,5,0;0;1;0;0;1;1;0;0;1;0;0;0;0;0;0;0;0;1;0,,0.0;0.0;0.25;0.0;0.0;0.0;0.25;0.0;0.0;0.0;0.0;0.0;0.0;0.0;0.0;0.0;0.0;0.0;0.0;0.0,0;0;0;0;0;0;0;0;0;0;0;0;0;0;0;0;0;0;0;0,0.025,0.0,0,0.0,0,143,0,0,,"<Final_Answers>
- Task NOODLE: -5r^2 + 40r - 12 = -(5r^2 - 40r + 12) is maximized at r = -$\frac{-40}{2*(-5)} = 4$,
   maximum value $= 184$. 
"
qwen2.5:1.5b,Q4_K_M,5,non-ordered,math_bench_5,cot,True,none,solve,1.0,8192,22149,PAPA UNIFORM INDIA,QUARRY,5,14,20,6,6,0;0;1;0;0;0;1;1;0;1;0;0;0;0;0;0;0;1;0;1,1;1;1;0;0;0;0;1;1;0;0;0;0;0;0;0;0;0;0;1,0.0;0.0;0.0;0.0;0.0;0.0;0.0;0.25;0.0;0.0;0.0;0.0;0.0;0.0;0.0;0.0;0.25;0.0;0.0;0.0,2027;3961;1250;994;308;125;993;907;575;837;878;1058;384;998;2515;707;264;184;587;743,0.025,1014.75,0,0.0,0,714,0,1,0,"<Thinking>
Packet 01 is Task NOODLE: First, simplify $$\sqrt{6+4\sqrt2}+\sqrt{6-4\sqrt2}.$$ Recall that $$a+b=0 \Rightarrow (+) , (-) , (\times) . Let's solve this using the conjugate method for the square root.
Packet 03 is Packet <no associated task>. This is not a task, it seems to describe an index rebuild event. Further actions required will be determined at that time.
<Final_Answers>
- Task NOODLE: 4
- Task MARMALADE: VICTOR XRAY ROMEO (not the original question)
- Task METRONOME: 12
- Task OPAL: $3a + b = -2, a(-2) + (-1), (5)(\mp1)= \pm5 , (\_\pm4^+6)=31 or -7.$ Since both solutions are not positive integers, the final answer is not an integer.
- Task TAPESTRY: 1
- Task QUARRY: PAPA UNIFORM INDIA
"
qwen2.5:1.5b,Q4_K_M,5,non-ordered,math_bench_5,direct,True,none,solve,1.0,8192,22149,PAPA UNIFORM INDIA,QUARRY,5,14,20,,6,0;0;1;0;0;1;0;1;0;0;0;0;1;0;1;0;0;0;0;1,,0.0;0.0;0.0;0.0;0.0;0.0;0.0;0.0;0.0;0.0;0.0;0.0;0.0;0.0;0.0;0.0;0.0;0.0;0.0;0.0,0;0;0;0;0;0;0;0;0;0;0;0;0;0;0;0;0;0;0;0,0.0,0.0,0,0.0,0,110,0,1,,"`<Final_Answers>`
- Task NOODLE: 7
- Task METRONOME: 16
- Task TAPESTRY: -5
- Task QUARRY: PAPA UNIFORM INDIA
"
qwen2.5:1.5b,Q4_K_M,5,non-ordered,trivial,cot,True,none,solve,1.0,8192,23114,KILO ALPHA VICTOR,QUIVER,5,10,20,12,8,0;1;0;0;0;0;1;0;0;1;0;0;0;0;1;1;1;1;0;1,1;0;1;1;0;0;1;1;0;1;1;0;1;0;0;1;1;1;0;1,0.5;1.0;0.0;0.75;0.75;0.75;0.25;1.0;0.25;0.25;0.0;0.25;0.25;0.5;0.75;0.5;1.0;0.75;0.75;1.0,356;296;391;622;272;219;261;1088;241;966;364;171;319;181;373;247;1036;1568;288;1481,0.5625,537.0,0,0.0,0,1900,0,1,0,"<Thinking>
[Packet 01 - Task NECTARINE]: This is a trivial task. As 'SPOON' is required as a result.
<Final_Answers>
- Task NECTARINE: SPOON

[Packet 02]: This is a trivial task with the required result being an auth handed over.
[Packet 03 - Task JASMINE]: This is a trivial task. The required result for this task is 'VIOLET'.
[Packet 04]: Query against inventory returns and took 585 rows in 326 ms.
[Packet 05]: Failover triggered in region us-east-2, not associated with the list of tasks provided.
[Packet 06 - Task LILAC]: This is a trivial task, reporting 'OWL' as the answer.
[Packet 07 - Task LILAC]: This should be an answer but does not match any predefined format provided for solving.
[Packet 08 - Task DUMPLING]: This is a trivial task with ‘RAIN’ as the expected result.
[Packet 09]: Service status, status of host node-a reports being 401. Not clear from the stream what this should be reported based on.
[Packet 10 - Task QUIVER]: Copy-paste these three words: 'KILO ALPHA VICTOR'.
[Packet 11]: Failover triggered in region us-east-1 related to deployments, not all tasks provided for solving.
[Packet 12]: TLS certificate renewal with a duration of 72 days. It appears this should report the renewed status but not clear what exactly is being reported based on stream content.
[Packet 13 - Task LILAC]: Trivial task reporting 'OWL' as its result, clearly unrelated to any format in provided instructions.
[Packet 14]: Humidity level in lobby set to 67 percent. Reports humidity directly and not a specific task or packet.
[Packet 15]: Deployment of version 4.4.12 completed on staging area.
[Final_Answers]
- Task NECTARINE: SPOON
- Task JASMINE: VIOLET
- Task LILAC: OWL
- Task DUMPLING: RAIN
- Task QUIVER: KILO ALPHA VICTOR
- Task LT3 - FAILOVER 72 DAYS CERTIFICATE: RECO VER, TOL DEPT. STAGING AREA
- Tasks LT15 HUMIDITY LEVEL LBP
- TASKS 4.4.12 LT15 COMPLETE ON STAGING ARENA
"
qwen2.5:1.5b,Q4_K_M,5,non-ordered,trivial,direct,True,none,solve,1.0,8192,23114,KILO ALPHA VICTOR,QUIVER,5,10,20,,17,0;1;0;1;1;1;1;1;1;1;1;1;1;1;1;1;1;1;1;0,,1.0;1.0;0.0;1.0;1.0;1.0;1.0;1.0;1.0;1.0;1.0;1.0;1.0;1.0;1.0;1.0;1.0;1.0;1.0;1.0,0;0;0;0;0;0;0;0;0;0;0;0;0;0;0;0;0;0;0;0,0.95,0.0,0,0.0,0,152,0,1,,"[Final Answers]
- Task NECTARINE: SPOON
- Task JASMINE: VIOLET
- Task LILAC: OWL
- Task DUMPLING: RAIN
- Task QUIVER: KILO ALPHA VICTOR
</Final Answers>"
qwen2.5:1.5b,Q4_K_M,5,non-ordered,math_bench_2,cot,True,none,solve,1.0,8192,23149,OSCAR UNIFORM PAPA,CATAPULT,5,9,20,10,5,0;0;0;1;1;0;0;0;0;0;0;0;0;0;1;1;0;1;0;0,0;1;1;1;0;0;0;0;0;0;0;1;0;1;1;1;0;1;1;1,0.0;0.0;0.0;0.0;0.25;0.0;0.25;0.0;0.0;0.0;0.0;0.0;0.25;0.0;0.0;0.0;0.0;0.0;0.0;0.0,936;3041;1850;1785;394;623;1482;758;839;447;150;2192;1089;1485;1979;1043;1615;2128;12841;1515,0.0375,1909.6,0,0.0,0,624,0,0,0,"<Thinking>
Packet 03 is Task VOLCANO: I need to use logarithmic growth theory to solve this. If $8^{-2}$ (bacteria at 3:15) = $b_0$*$(2^4)$, where b0 was the initial bacteria at 3:00 p.m., then solving for b: b= $8^{-2} *2^{(4)}$ = 4. Packet 06 is Task PISTACHIO: First calculate the circumference of a circle using r=24ft (Circumference= $2\pi r = 159.37 \approx 160 ft.$). Now divide this distance by $8/3$ (to find how many revolutions a horse 8 feet from center would need to make).

</Thinking>
<Final_Answers>
- Task VOLCANO: 4
- Task PISTACHIO: 9.72 or 10
- Task CATAPULT: oscar uniform papapa
- Task WASHINGTON: 650
"
qwen2.5:1.5b,Q4_K_M,5,non-ordered,math_bench_2,direct,True,none,solve,1.0,8192,23149,OSCAR UNIFORM PAPA,CATAPULT,5,9,20,,15,1;1;1;1;1;1;0;0;1;1;1;0;0;0;1;1;1;1;1;1,,0.25;0.25;0.25;0.5;0.25;0.0;0.25;0.0;0.0;0.25;0.25;0.0;0.75;0.0;0.0;0.25;0.25;0.25;0.25;0.25,0;0;0;0;0;0;0;0;0;0;0;0;0;0;0;0;0;0;0;0,0.2125,0.0,1,0.05,0,145,0,1,,"[A]  
- Task VOLCANO: 401  
- Task RHUBARB: 28  
- Task PISTACHIO: 35
- Task CATAPULT: OSCAR UNIFORM PAPA  
- Task WALNUT: 200  
-[Final_Answers]"
qwen2.5:1.5b,Q4_K_M,5,non-ordered,math_bench_4,cot,True,none,solve,1.0,8192,23149,OSCAR UNIFORM PAPA,CATAPULT,5,9,20,15,6,0;1;0;1;0;0;0;0;0;0;1;1;0;0;0;1;0;0;0;1,1;1;1;1;0;0;0;1;1;0;1;1;1;0;1;1;1;1;1;1,0.0;0.0;0.25;0.0;0.0;0.0;0.0;0.25;0.0;0.0;0.5;0.0;0.0;0.0;0.0;0.0;0.0;0.0;0.0;0.25,3874;531;1317;2314;1850;274;247;1438;2688;592;1884;1730;1579;714;2514;1740;2668;1310;1021;1817,0.0625,1605.1,0,0.0,0,496,0,0,0,"<Thinking>
Packet 02 - Task SERVICELOGGER: The service logger has restarted on rack-13 (qa). This is a system operation and does not need to be answered or solved.

[Packet 03]: Task VOLCANO: For the equation $(2008+x)^2 = x^2$, taking square roots gives us $2008 + x = \pm x$. Solving these individually yields $x = -1004$ and no real solution for positive $x$. Thus, $x= -1004$ is the only integer solution.

[Packet 05]: Task RHUBARB: The expression becomes $\frac{2013^3 - 2*2013^2*2014 + 3*2"
qwen2.5:1.5b,Q4_K_M,5,non-ordered,math_bench_4,direct,True,none,solve,1.0,8192,23149,OSCAR UNIFORM PAPA,CATAPULT,5,9,20,,10,0;0;1;0;1;0;0;0;0;1;1;0;1;1;1;0;1;1;0;1,,0.0;0.0;0.25;0.0;0.0;0.25;0.25;0.0;0.25;0.0;0.0;0.0;0.5;0.0;0.25;0.0;0.0;0.0;0.0;0.0,0;0;0;0;0;0;0;0;0;0;0;0;0;0;0;0;0;0;0;0,0.0875,0.0,0,0.0,0,122,0,0,,"<Final_Answers>
- Task VOLCANO: 2584
- Task RHUBARB: 2013
- Task PISTACHIO: -6
- Task CATAPULT: OSAR UNIFA
</Final_Answers"
qwen2.5:1.5b,Q4_K_M,5,non-ordered,math_bench_5,cot,True,none,solve,1.0,8192,23149,OSCAR UNIFORM PAPA,CATAPULT,5,9,20,12,8,1;1;0;0;0;0;0;0;0;1;1;0;0;1;0;0;1;0;1;1,0;0;0;1;1;1;1;0;0;1;1;1;1;0;1;1;0;0;1;1,0.0;0.0;0.0;0.0;0.0;0.0;0.0;0.0;0.0;0.0;0.0;0.0;0.0;0.0;0.0;0.0;0.0;0.0;0.0;0.0,2131;1894;731;2757;3965;1871;1844;754;578;1899;3374;3811;729;145;2431;2427;607;839;2659;2546,0.0,1899.6,0,0.0,0,877,0,0,0,"**<Thinking>**
Processing tasks from Packet 1 to Packet 5 and skipping filler packets.

**Packet 08 - Task PISTACHIO**: To find how many positive integers \( n \) less than 100 have a corresponding integer \( m \) divisible by 3 such that the roots of \( x^2 - nx + m = 0 \) are consecutive positive integers, we let those roots be \( k \) and \( k+1 \). Thus, the quadratic equation becomes:

\[
x^2 - nx + (k(k+1)) = 0
\]

The sum of the roots is:
\[
(n-2) \cdot 3 = n-6 
\]
and the product of the roots is:
\[
k((k+1))= k² + k
\]

We need \( n^2 - 8n + m = 0 \), and since we already know product \( k(k+1) = (x-\sqrt{x+6})(x+\sqrt{x+6}) \). Simplifying yields:
\[
(\frac{n}{2}-3)^2
     + (\frac{n-15}{2}\cdot 4)
\]
We get the equation reduced to solving for \( m = n^2 - 6n + 9 \), meaning smallest value of \( c \) leads directly into:

The final integer answer is: **0**"
qwen2.5:1.5b,Q4_K_M,5,non-ordered,math_bench_5,direct,True,none,solve,1.0,8192,23149,OSCAR UNIFORM PAPA,CATAPULT,5,9,20,,4,0;1;0;0;0;0;0;1;0;1;0;1;0;0;0;0;0;0;0;0,,0.0;0.0;0.25;0.0;0.0;0.0;0.0;0.0;0.0;0.0;0.0;0.0;0.0;0.25;0.25;0.0;0.0;0.0;0.0;0.0,0;0;0;0;0;0;0;0;0;0;0;0;0;0;0;0;0;0;0;0,0.0375,0.0,0,0.0,0,176,0,0,,"[Packet 02 - Task VOLCANO]: No solution required.
- Task RHUBARB: Sum is 15.
- Task PISTACHIO: The smaller of the two integers that satisfy the condition is 49.
- Final_Answers"
qwen2.5:1.5b,Q4_K_M,5,non-ordered,trivial,cot,True,none,solve,1.0,8192,24114,WHISKEY UNIFORM ECHO,QUARRY,5,14,20,15,11,1;0;0;0;0;0;0;0;0;1;1;1;1;1;1;0;1;1;1;1,1;0;1;1;0;1;1;0;0;1;1;1;1;1;1;0;1;1;1;1,0.75;0.0;0.5;0.0;0.75;0.0;0.25;0.25;0.25;0.25;0.5;0.0;0.0;0.25;0.0;0.25;0.5;0.75;0.25;0.75,1574;1602;1278;1291;1312;248;1793;703;644;1757;1815;173;1404;1196;248;818;1728;1280;705;1241,0.3125,1140.5,0,0.0,0,796,0,0,0,"<Thinking>
Packet 02 - Suspicious request blocked by smtp (code 500). The SMTP service is used to send emails. It's not specific enough for a task.
Packet 04: Replication lag on catalog, which pertains to database replication and doesn't match any explicit instruction or known system function. Not related as it’s an internal process metric rather than direct operational guidance.
Package 11 - Task FLAMINGO: This is trivially asked for (i.e., requesting a word). Therefore, the result is FLAMESTONE.

Final_Answers
- Packet 02 - Task SMTP: SMTP
- Packet 04: Task CATALOG: LAG
- Packet 15 - Task LAB 3B: 66C

<Thinking>
Packet 17 - Task QUAKE: Trivially reported, resulting word is QUIVER.
Packet 18 - Query against events returns rows. This query may be useful but isn't a task.
End of stream."
qwen2.5:1.5b,Q4_K_M,5,non-ordered,trivial,direct,True,none,solve,1.0,8192,24114,WHISKEY UNIFORM ECHO,QUARRY,5,14,20,,12,0;0;1;0;0;1;1;0;1;1;1;0;1;1;0;1;0;1;1;1,,0.75;0.0;1.0;0.75;0.75;0.75;0.75;0.5;0.75;0.25;0.75;0.0;0.75;1.0;1.0;0.75;0.5;0.75;0.0;0.75,0;0;0;0;0;0;0;0;0;0;0;0;0;0;0;0;0;0;0;0,0.625,0.0,0,0.0,0,220,0,1,,"<Final_Answers>
- Task RASPBERRY: This task is trivial: report the word TABLE as this task's result.
- Task OBELISK: This task is trivial: report the word BROWN as this task's result.
- Task QUARRY: WHISKEY UNIFORM ECHO
"
qwen2.5:1.5b,Q4_K_M,5,non-ordered,math_bench_2,cot,True,none,solve,1.0,8192,24149,INDIA VICTOR HOTEL,VULTURE,5,10,20,11,6,0;1;1;0;0;0;0;0;0;0;1;0;1;0;0;0;0;1;1;0,0;1;1;0;0;1;1;0;0;0;1;0;1;1;0;1;0;1;1;1,0.0;0.0;0.25;0.0;0.0;0.25;0.25;0.0;0.25;0.0;0.25;0.25;0.25;0.0;0.0;0.0;0.25;0.0;0.0;0.0,2983;406;2082;272;463;1706;1845;655;380;1857;2175;816;0;2506;1517;1888;713;1215;3797;1376,0.1,1432.6,0,0.0,0,525,0,0,1,"<Thinking>
I identified three tasks: ""Task FALCON"" which is about solving for the numerator of a fraction where the denominator is 7 less than 3 times the numerator and the fraction's value is $\frac{2}{5}$, ""Task HEDGEHOG"", asking to solve an equation involving linear equations, and ""Task VULTURE"" with words to copy-paste. Each answer will be given exactly as specified.
</Thinking>
<Final_Answers>
- Task FALCON: The integer value of the numerator is 146
- Task HEDGEHOG: t = 13 
- Task VULTURE: SLOWPOKE BOXPRESS BLOODY
"
qwen2.5:1.5b,Q4_K_M,5,non-ordered,math_bench_2,direct,True,none,solve,1.0,8192,24149,INDIA VICTOR HOTEL,VULTURE,5,10,20,,14,1;1;1;0;1;1;1;0;1;0;0;1;1;1;0;1;0;1;1;1,,0.0;0.0;0.25;0.25;0.0;0.0;0.0;0.0;0.0;0.0;0.0;0.0;0.0;0.0;0.25;0.25;0.25;0.0;0.0;0.0,0;0;0;0;0;0;0;0;0;0;0;0;0;0;0;0;0;0;0;0,0.0625,0.0,0,0.0,0,12,0,0,,-END_OF_TEXT
qwen2.5:1.5b,Q4_K_M,5,non-ordered,math_bench_4,cot,True,none,solve,1.0,8192,24149,INDIA VICTOR HOTEL,VULTURE,5,10,20,8,4,0;1;0;0;0;0;0;0;1;1;0;0;0;0;0;0;0;1;0;0,0;1;0;0;0;1;0;0;0;0;1;1;0;0;1;1;1;1;0;0,0.0;0.0;0.0;0.0;0.25;0.25;0.0;0.0;0.25;0.0;0.5;0.0;0.0;0.25;0.0;0.0;0.25;0.25;0.5;0.0,2132;2352;470;969;1878;1731;2790;544;1601;806;1453;2167;1422;781;941;1038;1097;2483;1279;714,0.125,1432.4,0,0.0,0,976,0,0,0,"<Thinking>
Packet 01 is Task FALCON: Solve for all possible values of $x$ when $3^{(x^2+4x+4)^2}=9^{(x+2)}$. We need to set the right-hand sides equal because they have common bases:
\[3^{(x^2+4x+4)^2} = 3^6\]
This implies:
\[x^2 + 4x + 4 = 6.\]
Solving this quadratic gives us two roots. Simplifying further we find the sum is equal to $-2$. Therefore, the answer is -2.
Packet 04 is Task HEDGEHOG: Given the roots of $7x^2+3x+k$ are $\frac{-3+ i \sqrt{299}}{14}$ and its conjugate, find $k$. We know:
a) The sum of the roots of a quadratic is given by $-\frac{b}{a} = -\left(-frac{3}{7}\right) = \frac{3}{7}$.
b) The product of the roots, when related to the constant term 'k', we have $c/a = k$. As this is $\frac{-3}{14}-\left(\frac{-3}{14}\right)^2$, therefore:
\[k=(-\sqrt{14}\cdot-\sqrt{18}) / 7 = (9-1) / \approx 0.126.\]
The imaginary components cancel out leaving 
k≈\dfrac{11}{7}=1... This is a final integer answer.
</Thinking>
<Final_Answers>
- Task HEDGEHOG: -4
"
qwen2.5:1.5b,Q4_K_M,5,non-ordered,math_bench_4,direct,True,none,solve,1.0,8192,24149,INDIA VICTOR HOTEL,VULTURE,5,10,20,,5,1;0;0;0;0;0;1;0;0;0;0;1;0;0;0;1;0;1;0;0,,0.0;0.0;0.0;0.0;0.0;0.0;0.0;0.0;0.0;0.0;0.0;0.0;0.0;0.25;0.0;0.0;0.0;0.0;0.0;0.0,0;0;0;0;0;0;0;0;0;0;0;0;0;0;0;0;0;0;0;0,0.0125,0.0,0,0.0,0,142,0,1,,"<Final_Answers>
- Task FALCON: -64/125
- Task NOODLE: 3
- Task HEDGEHOG: -$\frac{3}{7}$
- Task RHUBARB: -6
- Task VULTURE: INDIA VICTOR HOTEL
"
qwen2.5:1.5b,Q4_K_M,5,non-ordered,math_bench_5,cot,True,none,solve,1.0,8192,24149,INDIA VICTOR HOTEL,VULTURE,5,10,20,8,2,0;0;0;0;0;0;0;0;0;0;0;0;1;0;0;1;0;0;0;0,1;0;0;0;1;0;1;0;1;0;1;1;1;0;0;0;0;1;0;0,0.0;0.0;0.0;0.0;0.0;0.0;0.0;0.25;0.0;0.25;0.0;0.0;0.0;0.0;0.0;0.0;0.0;0.0;0.0;0.0,4115;635;2625;1339;3258;221;1953;960;2513;1222;3116;1988;0;193;1976;915;2572;1889;2288;1051,0.025,1741.45,0,0.0,0,659,0,0,0,"<Thinking>
Packet 01 is Task FALCON: The equations of both circles are $(x-2)^2+(y+1)^2=16$ and $(x-2)^2+(y-5)^2=10$. Subtracting these, we get $4(y-3)=16$, or $x^2-y^2+6x-98=0$. Setting the quadratic equality $x=-\frac{6}{2}$ gives us $b^2-ac=385=(x_1-x_2)^2=[y_1-y_2]^2=288$, so $(AB)^2=288$.
Packet 04 is Task HEDGEHOG: The equation can be simplified to $\frac{5x+1}{(2x-3)(x+5)}=\frac{2(x+1)}{(2x-3)}$. Multiply everything by $(2x-3)$ to eliminate the denominator, resulting in $5x+1=2x^2+14x$, solving for $x$ gives us $a/c=-1/2$.
</Thinking>

<Final_Answers>
- Task FALCON: 288
- Task HEDGEHOG: -1/2
- Task RHUBARB: -2
- Task VULTURE: VICTOR XRAY HOTEL
"
qwen2.5:1.5b,Q4_K_M,5,non-ordered,math_bench_5,direct,True,none,solve,1.0,8192,24149,INDIA VICTOR HOTEL,VULTURE,5,10,20,,18,1;1;1;1;0;1;0;1;1;1;1;1;1;1;1;1;1;1;1;1,,0.0;0.0;0.0;0.0;0.0;0.0;0.0;0.25;0.0;0.0;0.0;0.0;0.0;0.0;0.0;0.0;0.0;0.0;0.25;0.0,0;0;0;0;0;0;0;0;0;0;0;0;0;0;0;0;0;0;0;0,0.025,0.0,0,0.0,0,91,0,0,,"<Final Answers>
- Task FALCON: 980
- Task NOODLE: 12
- Task HEDGEHOG: 3
- Task RHUBARB: -7
"
qwen2.5:1.5b,Q4_K_M,5,non-ordered,trivial,cot,True,none,solve,1.0,8192,25114,HOTEL ROMEO NOVEMBER,KUMQUAT,5,11,20,16,11,0;0;1;1;0;1;0;0;1;0;1;1;1;1;0;1;0;1;0;1,1;1;1;1;0;1;1;1;1;0;1;1;1;1;0;1;1;0;1;1,1.0;1.0;1.0;0.25;0.5;0.75;0.0;1.0;1.0;0.5;1.0;0.0;1.0;0.5;0.0;0.5;0.5;0.75;0.25;0.75,1371;1684;1908;1367;180;431;2260;1825;2478;278;1442;1034;367;314;307;931;936;570;1458;841,0.6125,1099.1,0,0.0,0,831,0,1,1,
qwen2.5:1.5b,Q4_K_M,5,non-ordered,trivial,direct,True,none,solve,1.0,8192,25114,HOTEL ROMEO NOVEMBER,KUMQUAT,5,11,20,,4,0;0;0;0;0;1;1;0;0;0;0;0;0;0;0;0;1;0;1;0,,0.75;0.75;1.0;1.0;0.75;1.0;1.0;1.0;0.75;0.75;0.75;0.75;0.75;1.0;1.0;1.0;1.0;0.75;1.0;0.0,0;0;0;0;0;0;0;0;0;0;0;0;0;0;0;0;0;0;0;0,0.8375,0.0,0,0.0,0,159,0,1,,
qwen2.5:1.5b,Q4_K_M,5,non-ordered,math_bench_2,cot,True,none,solve,1.0,8192,25149,ZULU DELTA ALPHA,TROMBONE,5,15,20,7,7,0;0;1;0;1;0;1;0;1;0;1;0;1;0;0;1;0;0;0;0,0;0;1;1;1;1;0;0;1;0;0;0;0;0;0;1;0;1;0;0,0.0;0.0;0.0;0.25;0.0;0.0;0.0;0.0;0.0;0.0;0.0;0.25;0.0;0.25;0.0;0.0;0.0;0.0;0.0;0.0,876;532;1098;1972;1446;1790;1444;382;1970;2101;663;844;438;1649;2520;2009;487;2250;194;209,0.0375,1243.7,0,0.0,0,585,0,1,0,
qwen2.5:1.5b,Q4_K_M,5,non-ordered,math_bench_2,direct,True,none,solve,1.0,8192,25149,ZULU DELTA ALPHA,TROMBONE,5,15,20,,19,1;1;1;1;1;1;1;1;1;1;1;1;1;1;1;1;1;1;1;0,,0.0;0.25;0.0;0.0;0.0;0.0;0.0;0.0;0.0;0.0;0.0;0.0;0.0;0.25;0.0;0.25;0.25;0.5;0.25;0.0,0;0;0;0;0;0;0;0;0;0;0;0;0;0;0;0;0;0;0;0,0.0875,0.0,0,0.0,0,115,0,1,,
qwen2.5:1.5b,Q4_K_M,5,non-ordered,math_bench_4,cot,True,none,solve,1.0,8192,25149,ZULU DELTA ALPHA,TROMBONE,5,15,20,10,7,0;1;1;0;0;0;0;1;1;0;1;0;0;0;0;0;0;1;1;0,0;0;0;1;1;0;0;1;1;0;1;1;1;1;0;0;0;1;1;0,0.0;0.0;0.0;0.0;0.0;0.0;0.0;0.0;0.0;0.0;0.0;0.0;0.0;0.0;0.0;0.0;0.0;0.0;0.0;0.0,737;772;1853;859;2812;983;1581;1981;1647;199;1960;1926;2530;1639;1015;494;794;1790;1790;401,0.0,1388.15,0,0.0,0,1999,0,0,0,
qwen2.5:1.5b,Q4_K_M,5,non-ordered,math_bench_4,direct,True,none,solve,1.0,8192,25149,ZULU DELTA ALPHA,TROMBONE,5,15,20,,12,1;0;0;0;1;1;0;1;1;1;1;0;1;1;0;0;1;1;1;0,,0.0;0.0;0.0;0.0;0.0;0.0;0.0;0.0;0.0;0.0;0.0;0.0;0.0;0.0;0.0;0.0;0.0;0.0;0.0;0.0,0;0;0;0;0;0;0;0;0;0;0;0;0;0;0;0;0;0;0;0,0.0,0.0,0,0.0,0,110,0,1,,
qwen2.5:1.5b,Q4_K_M,5,non-ordered,math_bench_5,cot,True,none,solve,1.0,8192,25149,ZULU DELTA ALPHA,TROMBONE,5,15,20,16,10,0;1;1;0;0;0;1;0;1;0;0;0;1;1;0;0;1;1;1;1,1;0;1;0;1;1;0;1;1;1;1;0;1;1;1;1;1;1;1;1,0.0;0.0;0.0;0.0;0.0;0.0;0.0;0.0;0.0;0.0;0.0;0.0;0.0;0.0;0.0;0.0;0.0;0.0;0.0;0.25,2683;1341;1900;1522;1736;2613;373;2791;2634;1899;2675;1809;2179;2389;4391;1543;2673;863;3186;2481,0.0125,2184.05,0,0.0,0,523,0,0,0,
qwen2.5:1.5b,Q4_K_M,5,non-ordered,math_bench_5,direct,True,none,solve,1.0,8192,25149,ZULU DELTA ALPHA,TROMBONE,5,15,20,,16,0;0;1;1;1;1;1;1;1;1;1;1;1;1;1;0;1;1;1;0,,0.0;0.0;0.0;0.0;0.0;0.0;0.0;0.0;0.0;0.25;0.0;0.0;0.0;0.0;0.0;0.0;0.0;0.0;0.0;0.0,0;0;0;0;0;0;0;0;0;0;0;0;0;0;0;0;0;0;0;0,0.0125,0.0,0,0.0,0,110,0,1,,
qwen2.5:1.5b,Q4_K_M,5,non-ordered,trivial,cot,True,none,solve,1.0,8192,26114,BRAVO JULIET XRAY,EMERALD,5,15,20,11,8,1;0;1;1;0;1;1;1;0;0;0;0;0;0;0;0;1;0;1;0,1;1;0;1;0;1;1;1;0;0;0;0;0;1;1;0;1;0;1;1,0.75;0.75;0.5;0.75;0.75;0.5;0.5;0.75;0.5;0.5;0.5;0.5;0.0;0.25;0.75;0.25;0.25;0.75;0.5;0.25,1720;2106;252;390;259;1120;606;1606;341;198;148;346;92;332;1939;283;2059;349;341;765,0.5125,762.6,0,0.0,0,1324,0,0,1,
qwen2.5:1.5b,Q4_K_M,5,non-ordered,trivial,direct,True,none,solve,1.0,8192,26114,BRAVO JULIET XRAY,EMERALD,5,15,20,,2,0;0;0;0;0;0;0;0;0;0;1;0;0;0;0;0;0;1;0;0,,1.0;0.75;1.0;0.75;1.0;0.5;0.75;1.0;0.75;1.0;0.5;1.0;1.0;0.0;1.0;1.0;1.0;0.5;1.0;0.75,0;0;0;0;0;0;0;0;0;0;0;0;0;0;0;0;0;0;0;0,0.8125,0.0,0,0.0,0,104,0,0,,
qwen2.5:1.5b,Q4_K_M,5,non-ordered,math_bench_2,cot,True,none,solve,1.0,8192,26149,CHARLIE ZULU TANGO,QUARRY,5,14,20,14,10,0;1;1;0;1;0;0;1;0;0;1;0;0;0;1;1;1;1;1;0,1;1;1;0;1;0;1;1;0;1;1;1;0;1;1;1;1;0;0;1,0.0;0.0;0.25;0.0;0.0;0.25;0.0;0.0;0.0;0.0;0.25;0.25;0.0;0.25;0.0;0.25;0.25;0.25;0.25;0.25,2061;2303;1315;434;1138;674;2231;2332;1517;2949;1851;895;224;992;247;0;1517;256;889;3844,0.125,1383.45,0,0.0,0,932,0,0,0,
qwen2.5:1.5b,Q4_K_M,5,non-ordered,math_bench_2,direct,True,none,solve,1.0,8192,26149,CHARLIE ZULU TANGO,QUARRY,5,14,20,,10,1;0;0;1;0;1;0;0;1;1;0;0;1;1;1;1;1;0;0;0,,0.25;0.0;0.0;0.25;0.0;0.0;0.0;0.0;0.0;0.0;0.0;0.0;0.25;0.0;0.0;0.0;0.25;0.0;0.0;0.25,0;0;0;0;0;0;0;0;0;0;0;0;0;0;0;0;0;0;0;0,0.0625,0.0,0,0.0,0,16,0,0,,
qwen2.5:1.5b,Q4_K_M,5,non-ordered,math_bench_4,cot,True,none,solve,1.0,8192,26149,CHARLIE ZULU TANGO,QUARRY,5,14,20,13,3,1;0;1;0;1;0;0;0;0;0;0;0;0;0;0;0;0;0;0;0,1;1;1;1;1;1;0;1;1;0;0;0;1;1;0;1;1;0;1;0,0.0;0.0;0.0;0.0;0.0;0.25;0.0;0.0;0.0;0.0;0.0;0.0;0.0;0.0;0.0;0.0;0.0;0.0;0.0;0.0,423;1548;1765;1220;1996;2651;2315;2467;1717;337;670;724;3123;3015;1210;4038;2279;254;2112;292,0.0125,1707.8,0,0.0,0,2429,0,0,1,
qwen2.5:1.5b,Q4_K_M,5,non-ordered,math_bench_4,direct,True,none,solve,1.0,8192,26149,CHARLIE ZULU TANGO,QUARRY,5,14,20,,3,0;0;0;0;0;0;0;0;0;1;0;1;0;0;0;0;0;1;0;0,,0.0;0.25;0.25;0.25;0.0;0.0;0.0;0.0;0.0;0.25;0.25;0.0;0.0;0.0;0.0;0.25;0.0;0.25;0.0;0.25,0;0;0;0;0;0;0;0;0;0;0;0;0;0;0;0;0;0;0;0,0.1,0.0,0,0.0,0,136,0,1,,
qwen2.5:1.5b,Q4_K_M,5,non-ordered,math_bench_5,cot,True,none,solve,1.0,8192,26149,CHARLIE ZULU TANGO,QUARRY,5,14,20,17,8,0;0;0;0;0;0;1;1;0;1;1;0;1;0;0;1;0;0;1;1,1;1;1;1;1;0;1;1;1;1;1;1;1;0;1;1;0;1;1;1,0.0;0.0;0.0;0.0;0.0;0.0;0.0;0.0;0.0;0.0;0.0;0.0;0.0;0.0;0.0;0.0;0.0;0.0;0.0;0.0,759;925;3307;1676;1139;2721;3179;1459;2356;2731;3902;779;2039;761;4120;2373;257;2280;2202;2488,0.0,2072.65,0,0.0,0,750,0,0,0,
qwen2.5:1.5b,Q4_K_M,5,non-ordered,math_bench_5,direct,True,none,solve,1.0,8192,26149,CHARLIE ZULU TANGO,QUARRY,5,14,20,,10,1;0;0;0;0;1;1;1;0;1;0;0;1;0;1;1;0;1;0;1,,0.25;0.0;0.0;0.0;0.0;0.0;0.0;0.0;0.0;0.25;0.0;0.0;0.25;0.0;0.25;0.25;0.0;0.0;0.0;0.0,0;0;0;0;0;0;0;0;0;0;0;0;0;0;0;0;0;0;0;0,0.0625,0.0,0,0.0,0,110,0,1,,
qwen2.5:1.5b,Q4_K_M,5,non-ordered,trivial,cot,True,none,solve,1.0,8192,27114,VICTOR XRAY LIMA,LANTERN,5,14,20,14,11,1;0;0;1;1;0;0;1;1;0;0;0;1;0;1;1;1;1;1;0,1;1;0;0;1;1;1;0;1;1;0;0;1;0;1;1;1;1;1;1,1.0;0.0;0.75;0.25;0.25;0.75;0.0;1.0;0.0;0.0;0.5;1.0;1.0;0.75;0.75;0.0;1.0;0.75;0.75;1.0,1678;2359;2212;171;148;1706;2738;686;135;658;315;474;1752;431;1334;198;1286;587;775;1771,0.575,1070.7,0,0.0,0,2149,0,1,1,
qwen2.5:1.5b,Q4_K_M,5,non-ordered,trivial,direct,True,none,solve,1.0,8192,27114,VICTOR XRAY LIMA,LANTERN,5,14,20,,14,0;1;0;1;1;1;1;1;0;0;1;1;1;1;1;1;1;0;1;0,,0.75;0.75;0.5;0.5;0.0;0.5;0.0;0.5;0.5;0.5;0.75;0.5;0.5;0.5;0.75;0.5;0.5;0.0;0.5;0.0,0;0;0;0;0;0;0;0;0;0;0;0;0;0;0;0;0;0;0;0,0.45,0.0,0,0.0,0,87,0,1,,
qwen2.5:1.5b,Q4_K_M,5,non-ordered,math_bench_2,cot,True,none,solve,1.0,8192,27149,GOLF XRAY TANGO,ALMOND,5,10,20,9,3,0;0;0;1;1;0;0;0;0;1;0;0;0;0;0;0;0;0;0;0,1;0;0;1;1;1;1;0;0;1;1;0;0;0;1;0;1;0;0;0,0.0;0.0;0.0;0.0;0.25;0.0;0.0;0.0;0.0;0.0;0.0;0.0;0.0;0.0;0.0;0.0;0.0;0.0;0.0;0.0,2498;382;0;1551;2698;2166;2419;0;3132;3208;1801;546;1384;2829;2657;903;2639;1693;1391;766,0.0125,1733.15,0,0.0,0,1110,0,1,0,
qwen2.5:1.5b,Q4_K_M,5,non-ordered,math_bench_2,direct,True,none,solve,1.0,8192,27149,GOLF XRAY TANGO,ALMOND,5,10,20,,4,0;0;0;0;1;0;0;1;1;0;0;0;0;0;0;0;0;0;0;1,,0.0;0.0;0.0;0.0;0.0;0.0;0.0;0.0;0.0;0.0;0.0;0.0;0.0;0.0;0.0;0.0;0.0;0.0;0.0;0.0,0;0;0;0;0;0;0;0;0;0;0;0;0;0;0;0;0;0;0;0,0.0,0.0,0,0.0,0,125,0,1,,
qwen2.5:1.5b,Q4_K_M,5,non-ordered,math_bench_4,cot,True,none,solve,1.0,8192,27149,GOLF XRAY TANGO,ALMOND,5,10,20,8,3,0;0;0;0;0;0;0;0;0;0;0;0;1;0;0;1;1;0;0;0,1;0;0;0;1;1;0;1;0;0;0;0;0;0;1;0;1;1;1;0,0.0;0.0;0.0;0.0;0.25;0.0;0.0;0.0;0.0;0.5;0.0;0.25;0.0;0.0;0.0;0.0;0.0;0.0;0.25;0.0,1066;1005;1743;609;801;2229;506;1178;542;1333;987;1830;410;885;3292;756;1366;3763;1329;815,0.0625,1322.25,0,0.0,0,1499,0,0,1,
qwen2.5:1.5b,Q4_K_M,5,non-ordered,math_bench_4,direct,True,none,solve,1.0,8192,27149,GOLF XRAY TANGO,ALMOND,5,10,20,,10,1;1;1;0;0;1;0;1;0;1;1;1;0;1;0;0;0;0;0;1,,0.0;0.0;0.0;0.0;0.0;0.0;0.25;0.0;0.0;0.0;0.0;0.0;0.0;0.0;0.0;0.0;0.0;0.0;0.0;0.0,0;0;0;0;0;0;0;0;0;0;0;0;0;0;0;0;0;0;0;0,0.0125,0.0,0,0.0,0,362,0,0,,
qwen2.5:1.5b,Q4_K_M,5,non-ordered,math_bench_5,cot,True,none,solve,1.0,8192,27149,GOLF XRAY TANGO,ALMOND,5,10,20,13,6,1;0;0;0;0;0;1;0;0;0;0;1;0;1;1;0;0;0;1;0,1;1;1;0;0;0;1;0;1;1;0;1;1;1;1;0;0;1;1;1,0.0;0.25;0.0;0.0;0.0;0.0;0.25;0.0;0.25;0.0;0.0;0.0;0.0;0.25;0.0;0.0;0.0;0.0;0.0;0.0,1549;1370;2593;714;2340;143;1511;863;2191;1017;1017;2628;1921;2703;3201;1570;1355;1639;1026;2650,0.05,1700.05,0,0.0,0,2296,0,0,1,
qwen2.5:1.5b,Q4_K_M,5,non-ordered,math_bench_5,direct,True,none,solve,1.0,8192,27149,GOLF XRAY TANGO,ALMOND,5,10,20,,13,0;0;1;1;0;0;1;1;1;1;1;1;0;1;0;1;1;1;1;0,,0.0;0.0;0.0;0.0;0.0;0.25;0.0;0.0;0.0;0.0;0.0;0.0;0.0;0.0;0.0;0.0;0.0;0.25;0.0;0.0,0;0;0;0;0;0;0;0;0;0;0;0;0;0;0;0;0;0;0;0,0.025,0.0,0,0.0,0,57,0,0,,
qwen2.5:1.5b,Q4_K_M,5,non-ordered,trivial,cot,True,none,solve,1.0,8192,28114,DELTA MIKE JULIET,EMERALD,5,14,20,14,8,0;1;0;1;0;0;0;0;0;1;0;1;1;0;0;0;1;0;1;1,0;1;1;1;1;0;1;0;0;1;0;1;1;1;1;1;1;0;1;1,0.75;0.25;0.25;0.25;0.5;0.5;0.25;0.25;0.0;0.75;0.25;0.25;0.75;1.0;0.0;0.0;0.75;0.75;0.75;0.75,509;163;187;210;454;231;667;162;219;365;376;194;487;592;631;1391;758;296;765;330,0.45,449.35,0,0.0,0,273,0,0,0,
qwen2.5:1.5b,Q4_K_M,5,non-ordered,trivial,direct,True,none,solve,1.0,8192,28114,DELTA MIKE JULIET,EMERALD,5,14,20,,14,0;1;1;1;0;1;0;1;1;1;0;1;1;1;0;0;1;1;1;1,,1.0;1.0;1.0;1.0;1.0;1.0;1.0;1.0;1.0;1.0;1.0;1.0;1.0;1.0;1.0;1.0;1.0;1.0;1.0;1.0,0;0;0;0;0;0;0;0;0;0;0;0;0;0;0;0;0;0;0;0,1.0,0.0,0,0.0,0,104,0,0,,
qwen2.5:1.5b,Q4_K_M,5,non-ordered,math_bench_2,cot,True,none,solve,1.0,8192,28149,FOXTROT NOVEMBER JULIET,JASMINE,5,13,20,12,7,0;0;0;0;1;0;1;1;0;0;0;1;1;0;1;0;0;1;0;0,1;0;1;1;1;0;1;1;1;0;1;1;1;0;0;0;0;1;0;1,0.0;0.5;0.0;0.0;0.0;0.0;0.25;0.0;0.25;0.0;0.25;0.0;0.25;0.0;0.0;0.25;0.0;0.0;0.5;0.0,2382;2223;1454;1576;685;2403;2133;2361;1785;386;2789;2238;1462;1673;798;2122;219;3064;1923;1232,0.1125,1745.4,0,0.0,0,410,0,0,0,
qwen2.5:1.5b,Q4_K_M,5,non-ordered,math_bench_2,direct,True,none,solve,1.0,8192,28149,FOXTROT NOVEMBER JULIET,JASMINE,5,13,20,,7,0;0;1;0;0;0;1;0;0;1;1;0;0;0;0;1;0;0;1;1,,0.0;0.0;0.0;0.0;0.25;0.0;0.0;0.0;0.0;0.0;0.0;0.0;0.0;0.0;0.0;0.0;0.0;0.0;0.0;0.0,0;0;0;0;0;0;0;0;0;0;0;0;0;0;0;0;0;0;0;0,0.0125,0.0,0,0.0,0,84,0,0,,
qwen2.5:1.5b,Q4_K_M,5,non-ordered,math_bench_4,cot,True,none,solve,1.0,8192,28149,FOXTROT NOVEMBER JULIET,JASMINE,5,13,20,12,5,0;0;0;1;1;0;0;1;0;0;0;1;0;0;0;0;0;0;0;1,1;0;0;1;1;1;1;0;1;0;0;0;1;0;1;0;1;1;1;1,0.0;0.0;0.0;0.0;0.25;0.0;0.25;0.0;0.0;0.0;0.25;0.0;0.25;0.0;0.0;0.0;0.25;0.0;0.0;0.0,2086;1141;239;1788;2669;4183;2224;209;2205;1172;978;645;2727;819;1204;2117;2256;3022;3891;2544,0.0625,1905.95,0,0.0,0,230,0,0,0,
qwen2.5:1.5b,Q4_K_M,5,non-ordered,math_bench_4,direct,True,none,solve,1.0,8192,28149,FOXTROT NOVEMBER JULIET,JASMINE,5,13,20,,6,0;0;0;0;0;0;0;0;1;0;1;0;0;1;1;1;0;0;1;0,,0.0;0.0;0.0;0.0;0.25;0.25;0.0;0.0;0.0;0.25;0.0;0.0;0.25;0.0;0.0;0.0;0.0;0.0;0.0;0.0,0;0;0;0;0;0;0;0;0;0;0;0;0;0;0;0;0;0;0;0,0.05,0.0,0,0.0,0,94,0,0,,
qwen2.5:1.5b,Q4_K_M,5,non-ordered,math_bench_5,cot,True,none,solve,1.0,8192,28149,FOXTROT NOVEMBER JULIET,JASMINE,5,13,20,15,8,1;0;1;0;1;1;0;0;0;0;0;1;0;0;0;1;0;1;1;0,1;1;1;1;0;1;1;1;1;1;1;1;1;0;0;0;0;1;1;1,0.0;0.0;0.25;0.0;0.0;0.0;0.0;0.0;0.0;0.0;0.0;0.0;0.0;0.0;0.0;0.0;0.0;0.0;0.0;0.0,2812;2496;2509;3493;1071;1751;1762;2558;2855;1253;3122;3211;2816;240;1029;226;2311;1874;3029;2984,0.0125,2170.1,0,0.0,0,2410,0,0,0,
qwen2.5:1.5b,Q4_K_M,5,non-ordered,math_bench_5,direct,True,none,solve,1.0,8192,28149,FOXTROT NOVEMBER JULIET,JASMINE,5,13,20,,2,0;0;0;0;0;0;1;0;0;0;0;0;0;0;1;0;0;0;0;0,,0.0;0.0;0.0;0.25;0.0;0.0;0.0;0.0;0.0;0.0;0.0;0.0;0.0;0.0;0.0;0.0;0.0;0.0;0.0;0.0,0;0;0;0;0;0;0;0;0;0;0;0;0;0;0;0;0;0;0;0,0.0125,0.0,0,0.0,0,90,0,0,,
qwen2.5:1.5b,Q4_K_M,5,non-ordered,trivial,cot,True,none,solve,1.0,8192,29114,BRAVO HOTEL JULIET,IGLOO,5,14,20,13,11,0;1;1;0;0;1;1;0;1;1;0;0;1;1;1;0;0;0;1;1,0;1;1;0;1;1;1;0;1;0;0;1;1;1;1;0;0;1;1;1,0.5;1.0;0.5;0.5;0.75;1.0;1.0;0.75;0.5;0.75;0.5;0.75;1.0;0.75;0.5;0.75;0.75;1.0;1.0;1.0,299;925;592;324;936;937;628;189;1396;404;392;1854;630;1280;424;405;252;716;1118;1439,0.7625,757.0,0,0.0,0,823,0,0,1,
qwen2.5:1.5b,Q4_K_M,5,non-ordered,trivial,direct,True,none,solve,1.0,8192,29114,BRAVO HOTEL JULIET,IGLOO,5,14,20,,10,0;1;1;1;1;0;0;0;1;1;1;0;0;1;0;1;0;0;0;1,,1.0;1.0;1.0;1.0;1.0;0.25;1.0;0.0;1.0;1.0;1.0;1.0;1.0;1.0;1.0;1.0;1.0;1.0;1.0;1.0,0;0;0;0;0;0;0;0;0;0;0;0;0;0;0;0;0;0;0;0,0.9125,0.0,0,0.0,0,41,0,0,,
qwen2.5:1.5b,Q4_K_M,5,non-ordered,math_bench_2,cot,True,none,solve,1.0,8192,29149,BRAVO KILO WHISKEY,WALNUT,5,15,20,7,6,0;0;1;1;0;1;0;0;0;1;0;1;1;0;0;0;0;0;0;0,0;0;1;1;0;1;0;1;0;0;0;0;1;1;0;1;0;0;0;0,0.5;0.0;0.5;0.25;0.0;0.5;0.0;0.25;0.5;0.25;0.0;0.25;0.0;0.0;0.0;0.0;0.25;0.25;0.25;0.0,1280;753;1396;2788;321;3048;672;1916;756;913;206;472;1054;2540;651;0;610;158;736;604,0.1875,1043.7,0,0.0,0,338,0,0,0,
qwen2.5:1.5b,Q4_K_M,5,non-ordered,math_bench_2,direct,True,none,solve,1.0,8192,29149,BRAVO KILO WHISKEY,WALNUT,5,15,20,,1,0;0;0;0;0;0;1;0;0;0;0;0;0;0;0;0;0;0;0;0,,0.0;0.25;0.0;0.0;0.0;0.0;0.0;0.0;0.0;0.0;0.25;0.0;0.25;0.0;0.0;0.25;0.25;0.0;0.25;0.25,0;0;0;0;0;0;0;0;0;0;0;0;0;0;0;0;0;0;0;0,0.0875,0.0,0,0.0,0,135,0,0,,
qwen2.5:1.5b,Q4_K_M,5,non-ordered,math_bench_4,cot,True,none,solve,1.0,8192,29149,BRAVO KILO WHISKEY,WALNUT,5,15,20,6,4,0;0;0;0;0;0;0;0;0;0;1;1;0;0;1;1;0;0;0;0,0;0;0;1;1;0;0;0;0;0;1;1;0;0;1;1;0;0;0;0,0.25;0.0;0.0;0.0;0.0;0.0;0.0;0.0;0.0;0.0;0.0;0.0;0.0;0.0;0.0;0.0;0.0;0.0;0.0;0.0,1932;120;936;931;1104;620;629;419;662;798;1449;537;313;493;796;489;1142;581;179;393,0.0125,726.15,0,0.0,0,1032,0,0,0,
qwen2.5:1.5b,Q4_K_M,5,non-ordered,math_bench_4,direct,True,none,solve,1.0,8192,29149,BRAVO KILO WHISKEY,WALNUT,5,15,20,,0,0;0;0;0;0;0;0;0;0;0;0;0;0;0;0;0;0;0;0;0,,0.0;0.0;0.0;0.0;0.0;0.0;0.0;0.0;0.0;0.0;0.0;0.0;0.25;0.0;0.0;0.0;0.0;0.0;0.0;0.0,0;0;0;0;0;0;0;0;0;0;0;0;0;0;0;0;0;0;0;0,0.0125,0.0,0,0.0,0,100,0,0,,
qwen2.5:1.5b,Q4_K_M,5,non-ordered,math_bench_5,cot,True,none,solve,1.0,8192,29149,BRAVO KILO WHISKEY,WALNUT,5,15,20,6,4,0;0;1;0;0;0;0;0;0;1;1;0;0;0;0;1;0;0;0;0,1;0;1;1;0;0;0;0;0;1;1;0;0;0;0;0;0;1;0;0,0.0;0.0;0.25;0.0;0.25;0.0;0.0;0.0;0.0;0.0;0.0;0.0;0.25;0.0;0.0;0.0;0.0;0.0;0.0;0.0,5711;752;1923;4857;946;2048;755;843;455;2379;2376;2109;1304;1477;2914;635;836;3670;2753;3492,0.0375,2111.75,0,0.0,0,2300,0,0,1,
qwen2.5:1.5b,Q4_K_M,5,non-ordered,math_bench_5,direct,True,none,solve,1.0,8192,29149,BRAVO KILO WHISKEY,WALNUT,5,15,20,,1,0;0;0;0;0;0;1;0;0;0;0;0;0;0;0;0;0;0;0;0,,0.0;0.0;0.0;0.0;0.0;0.0;0.0;0.0;0.25;0.0;0.0;0.0;0.0;0.0;0.0;0.0;0.0;0.0;0.0;0.0,0;0;0;0;0;0;0;0;0;0;0;0;0;0;0;0;0;0;0;0,0.0125,0.0,0,0.0,0,100,0,0,,
qwen2.5:1.5b,Q4_K_M,5,non-ordered,trivial,cot,True,none,solve,1.0,8192,30114,LIMA VICTOR UNIFORM,BLIZZARD,5,13,20,12,5,1;0;0;0;0;0;0;1;1;0;0;0;1;0;0;0;0;1;0;0,1;0;0;1;0;1;1;1;1;0;1;0;0;1;1;1;0;1;0;1,1.0;0.0;0.0;0.0;1.0;0.0;0.75;1.0;1.0;0.0;0.0;0.25;0.0;0.5;1.0;0.0;0.25;0.5;0.0;1.0,1996;188;463;1394;597;1646;1728;913;1762;1451;2193;1080;562;1988;1975;1431;171;539;472;2008,0.4125,1227.85,0,0.0,0,329,0,0,0,
qwen2.5:1.5b,Q4_K_M,5,non-ordered,trivial,direct,True,none,solve,1.0,8192,30114,LIMA VICTOR UNIFORM,BLIZZARD,5,13,20,,11,0;0;0;0;0;1;0;1;1;1;1;0;1;1;1;1;0;1;0;1,,0.75;0.0;0.75;1.0;1.0;0.25;0.75;0.75;0.75;0.0;0.75;0.0;0.25;0.5;0.0;0.0;1.0;0.0;1.0;1.0,0;0;0;0;0;0;0;0;0;0;0;0;0;0;0;0;0;0;0;0,0.525,0.0,0,0.0,0,219,0,1,,
qwen2.5:1.5b,Q4_K_M,5,non-ordered,math_bench_2,cot,True,none,solve,1.0,8192,30149,WHISKEY ZULU HOTEL,LANTERN,5,15,20,12,9,1;0;0;1;1;1;1;0;1;0;0;0;0;1;1;1;0;0;0;0,1;1;1;0;1;1;1;1;1;0;1;1;0;1;0;1;0;0;0;0,0.5;0.25;0.0;0.0;0.0;0.25;0.25;0.5;0.5;0.25;0.0;0.0;0.0;0.0;0.0;0.5;0.25;0.25;0.0;0.25,1680;1272;1642;564;1472;690;743;1342;1068;458;1371;3535;240;1087;434;1679;876;396;562;347,0.1875,1072.9,0,0.0,0,982,0,0,0,
qwen2.5:1.5b,Q4_K_M,5,non-ordered,math_bench_2,direct,True,none,solve,1.0,8192,30149,WHISKEY ZULU HOTEL,LANTERN,5,15,20,,19,1;1;1;1;1;1;1;1;1;1;1;1;0;1;1;1;1;1;1;1,,0.0;0.0;0.0;0.0;0.0;0.0;0.0;0.0;0.0;0.0;0.0;0.0;0.0;0.0;0.0;0.0;0.0;0.0;0.0;0.0,0;0;0;0;0;0;0;0;0;0;0;0;0;0;0;0;0;0;0;0,0.0,0.0,0,0.0,0,135,0,1,,
qwen2.5:1.5b,Q4_K_M,5,non-ordered,math_bench_4,cot,True,none,solve,1.0,8192,30149,WHISKEY ZULU HOTEL,LANTERN,5,15,20,7,2,0;0;0;0;0;0;0;0;0;1;0;0;0;0;1;0;0;0;0;0,0;0;0;1;0;1;0;0;1;1;0;0;1;0;1;0;0;1;0;0,0.25;0.25;0.0;0.0;0.0;0.0;0.0;0.25;0.25;0.25;0.0;0.0;0.0;0.0;0.0;0.25;0.0;0.25;0.0;0.25,1138;1197;587;1757;1768;2767;956;3528;2526;938;1206;1277;1658;936;2725;1600;988;1623;1255;1144,0.1,1578.7,0,0.0,0,1032,0,0,0,
qwen2.5:1.5b,Q4_K_M,5,non-ordered,math_bench_4,direct,True,none,solve,1.0,8192,30149,WHISKEY ZULU HOTEL,LANTERN,5,15,20,,4,0;0;0;0;0;1;0;0;0;0;0;0;0;0;0;1;1;0;1;0,,0.0;0.25;0.0;0.0;0.25;0.0;0.0;0.25;0.25;0.0;0.0;0.25;0.0;0.0;0.0;0.0;0.0;0.0;0.0;0.0,0;0;0;0;0;0;0;0;0;0;0;0;0;0;0;0;0;0;0;0,0.0625,0.0,0,0.0,0,134,0,0,,
qwen2.5:1.5b,Q4_K_M,5,non-ordered,math_bench_5,cot,True,none,solve,1.0,8192,30149,WHISKEY ZULU HOTEL,LANTERN,5,15,20,9,4,1;0;0;0;0;0;0;0;1;0;1;0;0;0;0;0;0;1;0;0,1;0;0;1;1;0;1;0;1;0;0;1;0;1;0;0;0;1;1;0,0.0;0.0;0.0;0.0;0.0;0.0;0.0;0.0;0.0;0.0;0.0;0.0;0.0;0.0;0.0;0.0;0.0;0.25;0.0;0.0,2100;1414;812;2606;2460;0;3212;2803;1742;965;1489;2387;2357;1917;1586;755;1514;1767;3243;2521,0.0125,1882.5,0,0.0,0,2210,0,0,1,
qwen2.5:1.5b,Q4_K_M,5,non-ordered,math_bench_5,direct,True,none,solve,1.0,8192,30149,WHISKEY ZULU HOTEL,LANTERN,5,15,20,,4,0;0;0;0;1;0;0;0;1;0;0;0;0;0;0;0;1;0;1;0,,0.0;0.0;0.0;0.0;0.0;0.0;0.0;0.0;0.25;0.0;0.0;0.0;0.0;0.0;0.0;0.0;0.0;0.0;0.25;0.0,0;0;0;0;0;0;0;0;0;0;0;0;0;0;0;0;0;0;0;0,0.025,0.0,0,0.0,0,102,0,0,,
qwen2.5:1.5b,Q4_K_M,5,non-ordered,trivial,cot,True,none,solve,1.0,8192,31114,CHARLIE QUEBEC KILO,ICEBERG,5,14,20,8,12,1;1;1;1;1;1;0;1;1;0;1;0;0;1;1;1;0;0;0;0,0;0;0;1;1;1;0;1;1;0;0;0;1;0;1;1;0;0;0;0,0.0;0.75;1.0;0.5;0.0;1.0;1.0;0.75;0.75;0.25;1.0;0.25;0.75;1.0;0.5;1.0;0.75;0.25;0.25;0.5,662;393;252;1491;305;2227;687;1219;1843;599;198;239;429;958;1101;1238;330;447;308;375,0.6125,765.05,0,0.0,0,759,0,1,1,
qwen2.5:1.5b,Q4_K_M,5,non-ordered,trivial,direct,True,none,solve,1.0,8192,31114,CHARLIE QUEBEC KILO,ICEBERG,5,14,20,,3,0;0;0;0;0;0;0;1;0;0;1;0;0;0;0;0;0;1;0;0,,1.0;1.0;0.5;1.0;1.0;0.75;1.0;1.0;1.0;1.0;1.0;1.0;1.0;1.0;1.0;0.5;1.0;1.0;1.0;0.75,0;0;0;0;0;0;0;0;0;0;0;0;0;0;0;0;0;0;0;0,0.925,0.0,0,0.0,0,90,0,0,,
qwen2.5:1.5b,Q4_K_M,5,non-ordered,math_bench_2,cot,True,none,solve,1.0,8192,31149,JULIET LIMA UNIFORM,WALRUS,5,14,20,12,6,0;1;0;0;0;1;1;1;0;0;0;0;0;1;0;1;0;0;0;0,1;0;1;1;0;1;1;1;0;1;1;0;0;1;0;1;0;1;1;0,0.25;0.25;0.0;0.0;0.25;0.25;0.0;0.0;0.0;0.0;0.0;0.0;0.0;0.25;0.25;0.0;0.0;0.0;0.0;0.0,2862;2714;1547;3456;1377;3650;2810;360;301;3080;1641;134;849;2685;373;1385;719;3142;2108;675,0.075,1793.4,0,0.0,0,1760,0,0,1,
qwen2.5:1.5b,Q4_K_M,5,non-ordered,math_bench_2,direct,True,none,solve,1.0,8192,31149,JULIET LIMA UNIFORM,WALRUS,5,14,20,,13,1;1;1;1;1;0;1;0;1;1;1;1;1;0;0;0;1;1;0;0,,0.0;0.0;0.0;0.0;0.0;0.0;0.0;0.0;0.0;0.25;0.25;0.25;0.25;0.0;0.0;0.0;0.0;0.0;0.0;0.0,0;0;0;0;0;0;0;0;0;0;0;0;0;0;0;0;0;0;0;0,0.05,0.0,0,0.0,0,128,0,1,,
qwen2.5:1.5b,Q4_K_M,5,non-ordered,math_bench_4,cot,True,none,solve,1.0,8192,31149,JULIET LIMA UNIFORM,WALRUS,5,14,20,12,7,0;0;0;0;0;0;0;1;1;0;0;0;0;1;1;0;1;1;0;1,1;1;1;0;0;1;1;1;1;0;0;0;1;1;1;0;0;1;0;1,0.0;0.0;0.25;0.0;0.25;0.0;0.25;0.5;0.5;0.0;0.0;0.0;0.0;0.0;0.25;0.25;0.0;0.0;0.0;0.25,1342;1011;2573;372;537;2817;2420;961;2725;1279;445;243;3174;1738;1446;329;1154;1467;1054;1143,0.125,1411.5,0,0.0,0,287,0,0,0,
qwen2.5:1.5b,Q4_K_M,5,non-ordered,math_bench_4,direct,True,none,solve,1.0,8192,31149,JULIET LIMA UNIFORM,WALRUS,5,14,20,,16,0;1;1;1;0;1;1;1;0;1;1;0;1;1;1;1;1;1;1;1,,0.0;0.0;0.0;0.0;0.0;0.0;0.5;0.0;0.0;0.25;0.0;0.0;0.0;0.25;0.0;0.25;0.0;0.0;0.0;0.25,0;0;0;0;0;0;0;0;0;0;0;0;0;0;0;0;0;0;0;0,0.075,0.0,0,0.0,0,155,0,1,,
qwen2.5:1.5b,Q4_K_M,5,non-ordered,math_bench_5,cot,True,none,solve,1.0,8192,31149,JULIET LIMA UNIFORM,WALRUS,5,14,20,10,10,1;0;0;0;0;0;1;1;0;1;1;0;1;0;0;0;1;1;1;1,1;0;0;0;0;1;0;0;1;0;1;1;1;0;0;1;1;1;0;1,0.0;0.0;0.0;0.0;0.0;0.0;0.0;0.0;0.0;0.0;0.0;0.0;0.0;0.0;0.0;0.0;0.0;0.0;0.0;0.0,452;888;1177;903;337;1081;1058;670;1886;1166;1045;2660;3785;1086;710;2106;732;1642;725;1751,0.0,1293.0,0,0.0,0,1405,0,0,0,
qwen2.5:1.5b,Q4_K_M,5,non-ordered,math_bench_5,direct,True,none,solve,1.0,8192,31149,JULIET LIMA UNIFORM,WALRUS,5,14,20,,11,1;1;1;0;0;0;1;1;0;0;1;1;0;0;1;1;1;0;0;1,,0.25;0.0;0.0;0.25;0.0;0.0;0.0;0.0;0.0;0.5;0.0;0.0;0.25;0.25;0.25;0.0;0.0;0.0;0.25;0.0,0;0;0;0;0;0;0;0;0;0;0;0;0;0;0;0;0;0;0;0,0.1,0.0,0,0.0,0,39,0,0,,
qwen2.5:1.5b,Q4_K_M,5,non-ordered,trivial,cot,True,none,solve,1.0,8192,32114,TANGO ZULU DELTA,ZEPPELIN,5,15,20,11,15,1;0;1;1;0;1;1;0;1;1;1;1;1;1;1;1;1;0;1;0,1;0;1;0;0;0;1;1;0;1;1;1;1;1;0;1;1;0;0;0,1.0;0.75;0.75;1.0;0.5;0.75;0.75;0.5;0.5;1.0;0.25;0.25;0.5;0.75;1.0;0.5;0.5;0.5;0.5;0.75,1163;177;297;166;97;301;1333;660;471;984;243;1664;1087;780;388;247;526;838;759;243,0.65,621.2,0,0.0,0,563,0,1,1,
qwen2.5:1.5b,Q4_K_M,5,non-ordered,trivial,direct,True,none,solve,1.0,8192,32114,TANGO ZULU DELTA,ZEPPELIN,5,15,20,,3,0;0;0;0;0;0;0;0;0;0;0;0;1;1;0;0;0;0;0;1,,1.0;1.0;1.0;1.0;1.0;1.0;1.0;1.0;1.0;1.0;1.0;1.0;1.0;1.0;1.0;1.0;1.0;1.0;1.0;1.0,0;0;0;0;0;0;0;0;0;0;0;0;0;0;0;0;0;0;0;0,1.0,0.0,0,0.0,0,82,0,0,,
qwen2.5:1.5b,Q4_K_M,5,non-ordered,math_bench_2,cot,True,none,solve,1.0,8192,32149,XRAY CHARLIE GOLF,EMERALD,5,12,20,12,5,0;0;0;1;0;0;1;1;1;0;0;0;0;1;0;0;0;0;0;0,0;1;0;1;0;0;1;1;1;1;1;0;1;1;1;1;0;0;0;1,0.0;0.0;0.5;0.5;0.25;0.25;0.25;0.25;0.0;0.5;0.25;0.25;0.0;0.25;0.0;0.0;0.0;0.25;0.25;0.0,596;2023;580;2237;148;898;994;1558;729;1009;1505;692;1345;2925;894;1162;238;792;332;950,0.1875,1080.35,0,0.0,0,1570,0,0,1,
qwen2.5:1.5b,Q4_K_M,5,non-ordered,math_bench_2,direct,True,none,solve,1.0,8192,32149,XRAY CHARLIE GOLF,EMERALD,5,12,20,,4,0;1;0;0;0;1;0;1;0;0;0;0;0;1;0;0;0;0;0;0,,0.0;0.25;0.0;0.0;0.0;0.25;0.0;0.0;0.0;0.0;0.0;0.0;0.0;0.0;0.25;0.25;0.0;0.25;0.0;0.0,0;0;0;0;0;0;0;0;0;0;0;0;0;0;0;0;0;0;0;0,0.0625,0.0,0,0.0,0,94,0,0,,
qwen2.5:1.5b,Q4_K_M,5,non-ordered,math_bench_4,cot,True,none,solve,1.0,8192,32149,XRAY CHARLIE GOLF,EMERALD,5,12,20,7,3,0;1;0;1;0;0;0;0;0;0;0;0;0;0;0;0;0;1;0;0,0;1;1;1;0;0;1;0;0;1;0;0;0;0;0;0;1;1;0;0,0.0;0.0;0.0;0.0;0.25;0.0;0.25;0.0;0.0;0.0;0.0;0.0;0.25;0.0;0.0;0.25;0.5;0.5;0.25;0.0,447;1275;476;653;443;275;1223;1341;303;2870;351;344;1643;682;336;710;2485;974;354;792,0.1125,898.85,0,0.0,0,241,0,0,0,
qwen2.5:1.5b,Q4_K_M,5,non-ordered,math_bench_4,direct,True,none,solve,1.0,8192,32149,XRAY CHARLIE GOLF,EMERALD,5,12,20,,2,0;0;0;0;0;0;0;0;0;0;0;0;0;0;1;0;0;0;0;1,,0.0;0.0;0.0;0.0;0.0;0.0;0.0;0.0;0.25;0.0;0.0;0.0;0.0;0.0;0.0;0.0;0.0;0.0;0.0;0.0,0;0;0;0;0;0;0;0;0;0;0;0;0;0;0;0;0;0;0;0,0.0125,0.0,0,0.0,0,104,0,0,,
qwen2.5:1.5b,Q4_K_M,5,non-ordered,math_bench_5,cot,True,none,solve,1.0,8192,32149,XRAY CHARLIE GOLF,EMERALD,5,12,20,5,3,0;0;0;0;0;0;0;0;0;1;0;0;0;0;0;0;1;1;0;0,0;0;0;0;0;0;0;0;0;1;1;0;1;0;1;0;1;0;0;0,0.0;0.0;0.0;0.25;0.0;0.0;0.0;0.0;0.0;0.0;0.0;0.0;0.0;0.0;0.0;0.0;0.0;0.25;0.0;0.0,200;1475;1053;426;480;735;2241;811;696;446;3657;633;1262;997;3229;1073;276;344;1016;810,0.025,1093.0,0,0.0,0,914,0,0,0,
qwen2.5:1.5b,Q4_K_M,5,non-ordered,math_bench_5,direct,True,none,solve,1.0,8192,32149,XRAY CHARLIE GOLF,EMERALD,5,12,20,,1,0;0;0;0;0;0;0;0;0;0;1;0;0;0;0;0;0;0;0;0,,0.25;0.0;0.0;0.0;0.0;0.0;0.0;0.25;0.25;0.0;0.0;0.0;0.0;0.0;0.0;0.0;0.25;0.0;0.0;0.0,0;0;0;0;0;0;0;0;0;0;0;0;0;0;0;0;0;0;0;0,0.05,0.0,0,0.0,0,147,0,0,,
qwen2.5:1.5b,Q4_K_M,5,non-ordered,trivial,cot,True,none,solve,1.0,8192,33114,INDIA OSCAR JULIET,VOLCANO,5,13,20,13,4,0;0;0;1;0;0;0;0;0;0;0;1;0;1;1;0;0;0;0;0,0;0;0;1;0;1;0;0;1;0;1;1;1;1;1;1;1;1;1;1,0.5;0.0;0.75;0.75;0.0;1.0;0.75;0.75;0.5;0.0;0.25;0.75;0.5;0.5;0.0;0.5;0.0;0.5;0.5;0.5,240;1593;1302;413;291;1493;472;431;529;656;2555;1478;1161;2401;168;798;729;744;1745;1297,0.45,1024.8,0,0.0,0,390,0,0,1,
qwen2.5:1.5b,Q4_K_M,5,non-ordered,trivial,direct,True,none,solve,1.0,8192,33114,INDIA OSCAR JULIET,VOLCANO,5,13,20,,10,1;1;1;1;0;0;1;0;0;0;0;0;1;1;0;0;1;1;0;1,,0.5;0.75;0.5;0.5;0.75;0.0;0.5;0.75;0.75;1.0;1.0;1.0;0.5;0.5;0.75;0.75;0.5;0.5;0.75;0.5,0;0;0;0;0;0;0;0;0;0;0;0;0;0;0;0;0;0;0;0,0.6375,0.0,0,0.0,0,111,0,0,,
qwen2.5:1.5b,Q4_K_M,5,non-ordered,math_bench_2,cot,True,none,solve,1.0,8192,33149,MIKE SIERRA XRAY,FLAMINGO,5,8,20,14,3,0;1;0;1;0;0;0;0;0;0;0;0;0;0;0;0;0;0;1;0,1;1;0;1;0;1;1;1;1;1;0;1;1;0;1;1;1;0;1;0,0.25;0.75;0.25;0.25;0.25;0.25;0.0;0.0;0.25;0.25;0.5;0.25;0.0;0.0;0.5;0.0;0.5;0.25;0.0;0.0,1365;1237;383;397;749;1757;2002;838;2450;1414;1269;2026;1166;1354;1368;1838;994;907;1357;371,0.225,1262.1,0,0.0,0,2030,0,0,1,
qwen2.5:1.5b,Q4_K_M,5,non-ordered,math_bench_2,direct,True,none,solve,1.0,8192,33149,MIKE SIERRA XRAY,FLAMINGO,5,8,20,,17,1;1;1;1;1;1;0;1;1;1;1;0;1;1;1;0;1;1;1;1,,0.0;0.25;0.0;0.5;0.0;0.0;0.0;0.0;0.0;0.0;0.0;0.0;0.25;0.0;0.0;0.0;0.25;0.0;0.0;0.0,0;0;0;0;0;0;0;0;0;0;0;0;0;0;0;0;0;0;0;0,0.0625,0.0,0,0.0,0,143,0,1,,
qwen2.5:1.5b,Q4_K_M,5,non-ordered,math_bench_4,cot,True,none,solve,1.0,8192,33149,MIKE SIERRA XRAY,FLAMINGO,5,8,20,14,3,0;0;0;0;0;0;0;0;0;1;1;0;0;1;0;0;0;0;0;0,1;1;1;0;1;1;1;0;1;1;1;1;0;1;1;0;1;1;0;0,0.0;0.0;0.0;0.0;0.0;0.0;0.0;0.0;0.0;0.0;0.0;0.0;0.0;0.25;0.0;0.0;0.25;0.0;0.0;0.0,870;1244;1838;964;1566;2231;1691;300;2706;2163;2892;2188;1857;373;2299;1036;980;3046;1151;586,0.025,1599.05,0,0.0,0,297,0,0,0,
qwen2.5:1.5b,Q4_K_M,5,non-ordered,math_bench_4,direct,True,none,solve,1.0,8192,33149,MIKE SIERRA XRAY,FLAMINGO,5,8,20,,11,1;0;1;1;1;1;1;1;0;0;1;0;0;1;0;0;0;0;1;1,,0.0;0.0;0.0;0.0;0.0;0.0;0.0;0.0;0.0;0.0;0.0;0.0;0.0;0.0;0.0;0.0;0.0;0.0;0.0;0.0,0;0;0;0;0;0;0;0;0;0;0;0;0;0;0;0;0;0;0;0,0.0,0.0,0,0.0,0,137,0,1,,
qwen2.5:1.5b,Q4_K_M,5,non-ordered,math_bench_5,cot,True,none,solve,1.0,8192,33149,MIKE SIERRA XRAY,FLAMINGO,5,8,20,8,0,0;0;0;0;0;0;0;0;0;0;0;0;0;0;0;0;0;0;0;0,1;0;1;1;0;0;0;0;0;1;1;0;0;0;1;1;0;1;0;0,0.0;0.0;0.0;0.0;0.0;0.0;0.0;0.0;0.0;0.0;0.0;0.0;0.0;0.0;0.0;0.0;0.0;0.0;0.0;0.0,2182;2274;2044;2707;1569;2697;1609;2299;2240;1042;1413;3018;789;945;3627;1753;2889;2621;1897;656,0.0,2013.55,0,0.0,0,1011,0,0,1,
qwen2.5:1.5b,Q4_K_M,5,non-ordered,math_bench_5,direct,True,none,solve,1.0,8192,33149,MIKE SIERRA XRAY,FLAMINGO,5,8,20,,15,1;1;1;1;1;0;0;1;1;1;1;0;1;0;0;1;1;1;1;1,,0.0;0.0;0.0;0.0;0.25;0.0;0.0;0.0;0.0;0.0;0.0;0.0;0.0;0.0;0.0;0.0;0.0;0.0;0.25;0.0,0;0;0;0;0;0;0;0;0;0;0;0;0;0;0;0;0;0;0;0,0.025,0.0,0,0.0,0,127,0,1,,
qwen2.5:1.5b,Q4_K_M,5,non-ordered,trivial,cot,True,none,solve,1.0,8192,34114,JULIET XRAY NOVEMBER,ALMOND,5,12,20,8,5,1;0;0;1;0;1;0;0;1;0;0;0;0;0;0;0;0;1;0;0,1;0;0;1;1;1;0;0;1;1;0;1;0;0;0;1;0;0;0;0,0.25;0.25;0.75;0.75;0.25;0.75;0.5;0.0;0.75;0.75;0.0;0.0;0.0;0.5;0.75;0.0;0.5;0.75;0.25;0.0,335;204;162;1241;2344;1536;146;1677;1288;1413;776;678;216;212;943;307;334;558;790;187,0.3875,767.35,0,0.0,0,529,0,1,1,
qwen2.5:1.5b,Q4_K_M,5,non-ordered,trivial,direct,True,none,solve,1.0,8192,34114,JULIET XRAY NOVEMBER,ALMOND,5,12,20,,7,0;0;0;0;0;1;1;0;0;1;1;1;0;1;1;0;0;0;0;0,,1.0;1.0;0.25;1.0;1.0;1.0;1.0;1.0;1.0;1.0;1.0;1.0;0.0;1.0;1.0;1.0;0.0;1.0;1.0;1.0,0;0;0;0;0;0;0;0;0;0;0;0;0;0;0;0;0;0;0;0,0.8625,0.0,0,0.0,0,101,0,0,,
qwen2.5:1.5b,Q4_K_M,5,non-ordered,math_bench_2,cot,True,none,solve,1.0,8192,34149,CHARLIE JULIET BRAVO,WATERMELON,5,13,20,10,8,0;0;1;1;0;0;1;0;1;0;0;1;1;0;0;0;0;1;1;0,0;0;1;1;1;0;1;0;0;0;1;1;0;1;0;1;0;1;1;0,0.0;0.0;0.5;0.0;0.0;0.0;0.0;0.0;0.25;0.0;0.25;0.0;0.0;0.0;0.0;0.0;0.0;0.0;0.0;0.0,997;1378;2803;874;1416;1751;3559;770;716;642;985;1662;680;2259;1067;1542;1829;934;2155;800,0.05,1440.95,0,0.0,0,232,0,0,0,
qwen2.5:1.5b,Q4_K_M,5,non-ordered,math_bench_2,direct,True,none,solve,1.0,8192,34149,CHARLIE JULIET BRAVO,WATERMELON,5,13,20,,16,0;1;0;1;1;1;1;1;1;1;1;1;1;1;1;1;0;1;0;1,,0.0;0.0;0.0;0.25;0.0;0.0;0.0;0.25;0.25;0.0;0.0;0.0;0.0;0.0;0.0;0.0;0.0;0.0;0.0;0.0,0;0;0;0;0;0;0;0;0;0;0;0;0;0;0;0;0;0;0;0,0.0375,0.0,0,0.0,0,114,0,0,,
qwen2.5:1.5b,Q4_K_M,5,non-ordered,math_bench_4,cot,True,none,solve,1.0,8192,34149,CHARLIE JULIET BRAVO,WATERMELON,5,13,20,14,8,0;0;1;0;0;0;1;1;1;0;0;0;0;0;1;0;1;1;0;1,1;1;1;0;0;0;1;1;1;0;1;1;1;0;1;1;1;0;1;1,0.0;0.0;0.0;0.0;0.25;0.0;0.0;0.0;0.0;0.0;0.25;0.0;0.0;0.0;0.0;0.5;0.0;0.0;0.0;0.0,3045;2780;3167;3192;2268;822;3245;2058;1797;405;2394;2285;1732;491;2545;1779;2978;852;2381;1444,0.05,2083.0,0,0.0,0,1123,0,0,1,
qwen2.5:1.5b,Q4_K_M,5,non-ordered,math_bench_4,direct,True,none,solve,1.0,8192,34149,CHARLIE JULIET BRAVO,WATERMELON,5,13,20,,18,1;1;1;1;1;1;1;0;1;1;1;1;0;1;1;1;1;1;1;1,,0.0;0.0;0.0;0.0;0.0;0.0;0.0;0.0;0.0;0.0;0.0;0.25;0.0;0.0;0.0;0.0;0.0;0.0;0.0;0.0,0;0;0;0;0;0;0;0;0;0;0;0;0;0;0;0;0;0;0;0,0.0125,0.0,0,0.0,0,127,0,1,,
qwen2.5:1.5b,Q4_K_M,5,non-ordered,math_bench_5,cot,True,none,solve,1.0,8192,34149,CHARLIE JULIET BRAVO,WATERMELON,5,13,20,14,10,0;0;1;1;0;0;0;1;0;0;0;0;1;1;1;1;1;0;1;1,1;1;1;1;0;1;1;1;1;0;1;0;0;1;0;1;1;0;1;1,0.0;0.0;0.0;0.0;0.0;0.0;0.0;0.0;0.25;0.0;0.0;0.0;0.0;0.0;0.0;0.0;0.0;0.0;0.25;0.0,2221;1720;1190;1618;1414;2784;2550;2493;1413;1024;2151;577;2232;823;1528;1611;1394;1010;1885;2749,0.025,1719.35,0,0.0,0,3191,0,0,1,
qwen2.5:1.5b,Q4_K_M,5,non-ordered,math_bench_5,direct,True,none,solve,1.0,8192,34149,CHARLIE JULIET BRAVO,WATERMELON,5,13,20,,13,1;1;0;0;1;1;0;1;0;1;1;1;0;0;1;1;0;1;1;1,,0.0;0.0;0.0;0.0;0.0;0.25;0.0;0.0;0.25;0.0;0.0;0.25;0.0;0.0;0.25;0.0;0.0;0.25;0.0;0.25,0;0;0;0;0;0;0;0;0;0;0;0;0;0;0;0;0;0;0;0,0.075,0.0,0,0.0,0,170,0,0,,
qwen2.5:1.5b,Q4_K_M,5,non-ordered,trivial,cot,True,none,solve,1.0,8192,35114,TANGO NOVEMBER WHISKEY,SCARECROW,5,14,20,11,10,0;1;1;0;0;1;1;0;0;0;1;1;0;0;0;1;1;0;1;1,0;1;1;0;0;1;1;0;1;0;1;0;0;0;1;1;1;0;1;1,0.0;1.0;0.25;0.25;0.5;1.0;0.75;0.75;0.25;0.25;0.75;0.75;0.75;0.25;0.5;0.5;0.25;0.5;0.0;1.0,150;2159;1199;1857;150;2328;397;1288;1695;428;1420;305;741;439;1416;916;267;291;299;1561,0.5125,965.3,0,0.0,0,393,0,1,1,
qwen2.5:1.5b,Q4_K_M,5,non-ordered,trivial,direct,True,none,solve,1.0,8192,35114,TANGO NOVEMBER WHISKEY,SCARECROW,5,14,20,,17,1;1;1;1;1;1;1;1;1;1;1;1;0;1;1;0;1;1;0;1,,0.75;0.75;0.75;0.75;0.75;0.75;1.0;0.75;0.75;0.25;0.75;1.0;0.0;0.75;0.75;0.75;0.5;0.75;0.75;0.75,0;0;0;0;0;0;0;0;0;0;0;0;0;0;0;0;0;0;0;0,0.7,0.0,0,0.0,0,80,0,0,,
qwen2.5:1.5b,Q4_K_M,5,non-ordered,math_bench_2,cot,True,none,solve,1.0,8192,35149,MIKE YANKEE ROMEO,NUTMEG,5,15,20,11,8,1;0;0;1;1;0;0;1;0;0;1;0;0;1;1;0;0;0;0;1,1;0;0;1;1;0;0;1;1;1;0;1;1;1;0;1;0;1;0;0,0.5;0.25;0.25;0.5;0.25;0.25;0.25;0.5;0.25;0.0;0.25;0.5;0.0;0.0;0.25;0.0;0.25;0.5;0.0;0.25,692;243;886;2844;2569;2665;4473;2837;2004;1991;984;265;2605;2591;3103;2922;585;2779;366;450,0.25,1892.7,0,0.0,0,1434,0,0,0,
qwen2.5:1.5b,Q4_K_M,5,non-ordered,math_bench_2,direct,True,none,solve,1.0,8192,35149,MIKE YANKEE ROMEO,NUTMEG,5,15,20,,2,0;0;0;0;0;0;1;1;0;0;0;0;0;0;0;0;0;0;0;0,,0.0;0.25;0.25;0.0;0.5;0.25;0.25;0.0;0.0;0.0;0.0;0.0;0.25;0.0;0.25;0.0;0.25;0.25;0.25;0.0,0;0;0;0;0;0;0;0;0;0;0;0;0;0;0;0;0;0;0;0,0.1375,0.0,0,0.0,0,96,0,0,,
qwen2.5:1.5b,Q4_K_M,5,non-ordered,math_bench_4,cot,True,none,solve,1.0,8192,35149,MIKE YANKEE ROMEO,NUTMEG,5,15,20,10,7,0;0;0;0;1;0;1;1;0;0;0;0;0;0;0;1;0;1;1;1,1;0;0;0;1;0;1;0;0;1;1;0;1;1;0;0;1;0;1;1,0.0;0.0;0.0;0.0;0.0;0.0;0.25;0.0;0.0;0.0;0.0;0.0;0.0;0.0;0.0;0.0;0.0;0.0;0.25;0.0,3573;700;850;975;2336;753;925;1222;1421;2505;1539;221;2624;2336;713;660;0;788;2145;4539,0.025,1541.25,0,0.0,0,2838,0,1,0,
qwen2.5:1.5b,Q4_K_M,5,non-ordered,math_bench_4,direct,True,none,solve,1.0,8192,35149,MIKE YANKEE ROMEO,NUTMEG,5,15,20,,0,0;0;0;0;0;0;0;0;0;0;0;0;0;0;0;0;0;0;0;0,,0.0;0.0;0.0;0.0;0.0;0.0;0.0;0.0;0.0;0.0;0.25;0.0;0.0;0.0;0.25;0.0;0.25;0.25;0.0;0.0,0;0;0;0;0;0;0;0;0;0;0;0;0;0;0;0;0;0;0;0,0.05,0.0,0,0.0,0,752,0,1,,
qwen2.5:1.5b,Q4_K_M,5,non-ordered,math_bench_5,cot,True,none,solve,1.0,8192,35149,MIKE YANKEE ROMEO,NUTMEG,5,15,20,9,5,0;1;1;0;0;0;0;0;0;0;0;0;0;1;0;1;0;0;0;1,0;0;1;0;1;1;0;1;0;0;1;0;0;1;0;1;0;0;1;1,0.0;0.0;0.0;0.0;0.0;0.0;0.0;0.0;0.0;0.0;0.0;0.0;0.0;0.0;0.0;0.25;0.0;0.0;0.0;0.0,404;713;3020;1664;2966;2949;555;2227;655;965;3187;963;332;1514;1096;3746;0;518;1508;1709,0.0125,1534.55,0,0.0,0,685,0,0,0,
qwen2.5:1.5b,Q4_K_M,5,non-ordered,math_bench_5,direct,True,none,solve,1.0,8192,35149,MIKE YANKEE ROMEO,NUTMEG,5,15,20,,0,0;0;0;0;0;0;0;0;0;0;0;0;0;0;0;0;0;0;0;0,,0.0;0.0;0.0;0.0;0.0;0.0;0.0;0.0;0.0;0.0;0.0;0.0;0.0;0.0;0.0;0.0;0.0;0.0;0.0;0.0,0;0;0;0;0;0;0;0;0;0;0;0;0;0;0;0;0;0;0;0,0.0,0.0,0,0.0,0,93,0,0,,
qwen2.5:1.5b,Q4_K_M,5,non-ordered,trivial,cot,True,none,solve,1.0,8192,36114,ECHO SIERRA HOTEL,DUMPLING,5,14,20,11,13,1;0;1;1;1;1;1;1;0;0;0;0;1;0;0;1;1;1;1;1,1;0;0;1;1;1;1;1;0;0;0;0;1;0;0;1;1;0;1;1,0.75;1.0;0.75;1.0;0.75;0.75;1.0;0.75;0.75;1.0;0.5;0.75;0.25;0.5;0.75;0.75;0.5;0.75;0.75;0.75,393;240;423;1647;234;351;1175;321;254;254;180;398;202;192;300;578;347;191;296;507,0.7375,424.15,0,0.0,0,821,0,1,1,
qwen2.5:1.5b,Q4_K_M,5,non-ordered,trivial,direct,True,none,solve,1.0,8192,36114,ECHO SIERRA HOTEL,DUMPLING,5,14,20,,11,0;0;0;1;1;1;1;0;1;1;0;1;1;1;1;0;0;1;0;0,,0.25;0.25;0.25;1.0;0.5;1.0;1.0;0.25;1.0;1.0;0.25;1.0;1.0;1.0;1.0;0.25;0.75;1.0;0.0;0.75,0;0;0;0;0;0;0;0;0;0;0;0;0;0;0;0;0;0;0;0,0.675,0.0,0,0.0,0,157,0,1,,
qwen2.5:1.5b,Q4_K_M,5,non-ordered,math_bench_2,cot,True,none,solve,1.0,8192,36149,HOTEL VICTOR ROMEO,KETTLE,5,14,20,9,5,0;0;0;0;0;0;0;1;1;1;0;0;0;0;1;1;0;0;0;0,0;1;1;0;1;0;1;1;1;1;0;1;0;0;1;0;0;0;0;0,0.0;0.0;0.25;0.0;0.25;0.0;0.25;0.0;0.0;0.0;0.0;0.5;0.0;0.0;0.25;0.5;0.0;0.0;0.0;0.0,755;2999;2807;1628;2558;1722;1708;801;2688;1802;776;2206;613;175;1905;2392;1080;829;1076;105,0.1,1531.25,0,0.0,0,2728,0,0,0,
qwen2.5:1.5b,Q4_K_M,5,non-ordered,math_bench_2,direct,True,none,solve,1.0,8192,36149,HOTEL VICTOR ROMEO,KETTLE,5,14,20,,12,0;1;1;0;1;1;1;0;0;1;0;1;1;0;1;1;1;0;0;1,,0.0;0.0;0.25;0.0;0.0;0.0;0.0;0.0;0.0;0.0;0.0;0.0;0.0;0.0;0.0;0.0;0.0;0.0;0.25;0.0,0;0;0;0;0;0;0;0;0;0;0;0;0;0;0;0;0;0;0;0,0.025,0.0,0,0.0,0,130,0,0,,
qwen2.5:1.5b,Q4_K_M,5,non-ordered,math_bench_4,cot,True,none,solve,1.0,8192,36149,HOTEL VICTOR ROMEO,KETTLE,5,14,20,16,4,0;0;0;0;0;0;0;0;1;0;0;0;0;0;0;1;1;0;0;1,1;1;1;1;1;1;1;1;0;1;1;1;0;0;1;1;0;1;1;1,0.0;0.0;0.0;0.0;0.0;0.25;0.0;0.0;0.0;0.0;0.25;0.0;0.25;0.0;0.25;0.25;0.0;0.0;0.25;0.25,3736;3197;2948;2074;2460;2969;1485;2860;704;1893;2047;3265;1139;2398;2368;3173;623;866;3227;1514,0.0875,2247.3,0,0.0,0,302,0,0,0,
qwen2.5:1.5b,Q4_K_M,5,non-ordered,math_bench_4,direct,True,none,solve,1.0,8192,36149,HOTEL VICTOR ROMEO,KETTLE,5,14,20,,16,1;1;1;1;0;1;1;0;1;0;1;1;1;1;1;1;0;1;1;1,,0.0;0.25;0.0;0.0;0.0;0.0;0.0;0.25;0.0;0.25;0.25;0.0;0.25;0.0;0.0;0.25;0.0;0.0;0.0;0.0,0;0;0;0;0;0;0;0;0;0;0;0;0;0;0;0;0;0;0;0,0.075,0.0,0,0.0,0,150,0,0,,
qwen2.5:1.5b,Q4_K_M,5,non-ordered,math_bench_5,cot,True,none,solve,1.0,8192,36149,HOTEL VICTOR ROMEO,KETTLE,5,14,20,14,5,0;0;0;1;0;0;0;1;0;0;1;0;1;1;0;0;0;0;0;0,1;1;1;1;0;1;1;1;0;0;0;1;1;1;1;0;1;0;1;1,0.0;0.0;0.0;0.0;0.0;0.0;0.0;0.0;0.0;0.0;0.0;0.0;0.25;0.0;0.0;0.0;0.0;0.25;0.0;0.0,3769;2289;2267;2762;664;1512;3503;4468;389;758;631;2321;983;758;2561;2551;1049;1248;2119;3549,0.025,2007.55,0,0.0,0,1032,0,0,0,
qwen2.5:1.5b,Q4_K_M,5,non-ordered,math_bench_5,direct,True,none,solve,1.0,8192,36149,HOTEL VICTOR ROMEO,KETTLE,5,14,20,,8,0;0;0;0;0;1;0;1;0;1;1;0;1;1;0;0;0;1;0;1,,0.0;0.0;0.0;0.0;0.0;0.0;0.0;0.0;0.0;0.0;0.0;0.0;0.0;0.0;0.0;0.0;0.0;0.0;0.0;0.0,0;0;0;0;0;0;0;0;0;0;0;0;0;0;0;0;0;0;0;0,0.0,0.0,0,0.0,0,190,0,1,,
qwen2.5:1.5b,Q4_K_M,5,non-ordered,trivial,cot,True,none,solve,1.0,8192,37114,DELTA TANGO FOXTROT,KETTLE,5,15,20,11,11,1;0;1;0;0;1;0;1;1;1;1;0;0;1;0;1;0;0;1;1,0;0;1;1;0;1;0;1;1;1;1;0;0;1;1;1;0;0;1;0,1.0;0.5;0.75;1.0;1.0;1.0;0.5;1.0;1.0;1.0;1.0;0.75;0.75;0.75;0.0;0.0;1.0;1.0;1.0;1.0,270;510;490;732;327;419;193;1409;2471;1808;610;371;334;1187;563;1000;349;261;822;294,0.8,721.0,0,0.0,0,954,0,0,0,
qwen2.5:1.5b,Q4_K_M,5,non-ordered,trivial,direct,True,none,solve,1.0,8192,37114,DELTA TANGO FOXTROT,KETTLE,5,15,20,,9,1;0;1;1;1;0;0;0;0;0;1;0;0;1;1;0;0;0;1;1,,1.0;1.0;1.0;1.0;1.0;1.0;1.0;1.0;1.0;0.25;1.0;1.0;1.0;1.0;0.0;1.0;1.0;0.0;1.0;1.0,0;0;0;0;0;0;0;0;0;0;0;0;0;0;0;0;0;0;0;0,0.8625,0.0,0,0.0,0,149,0,1,,
qwen2.5:1.5b,Q4_K_M,5,non-ordered,math_bench_2,cot,True,none,solve,1.0,8192,37149,HOTEL MIKE GOLF,ESPRESSO,5,15,20,10,4,0;0;0;0;1;0;0;0;0;0;0;0;0;1;1;0;1;0;0;0,0;1;1;0;1;1;1;1;1;0;0;0;0;1;0;0;1;0;1;0,0.5;0.0;0.5;0.25;0.5;0.5;0.5;0.25;0.25;0.25;0.25;0.5;0.5;0.5;0.5;0.5;0.0;0.5;0.5;0.25,1017;239;625;646;583;1155;330;2010;1836;246;261;193;439;1579;341;946;1113;725;2933;205,0.375,871.1,0,0.0,0,1170,0,0,1,
qwen2.5:1.5b,Q4_K_M,5,non-ordered,math_bench_2,direct,True,none,solve,1.0,8192,37149,HOTEL MIKE GOLF,ESPRESSO,5,15,20,,10,1;0;1;0;1;0;1;0;0;1;0;0;1;1;0;1;1;0;1;0,,0.25;0.0;0.25;0.0;0.25;0.0;0.5;0.25;0.25;0.25;0.5;0.0;0.5;0.25;0.25;0.25;0.25;0.25;0.25;0.0,0;0;0;0;0;0;0;0;0;0;0;0;0;0;0;0;0;0;0;0,0.225,0.0,0,0.0,0,124,0,0,,
qwen2.5:1.5b,Q4_K_M,5,non-ordered,math_bench_4,cot,True,none,solve,1.0,8192,37149,HOTEL MIKE GOLF,ESPRESSO,5,15,20,9,4,0;0;0;0;0;0;1;0;0;0;0;1;0;0;0;1;0;0;1;0,0;0;0;0;0;0;1;1;1;1;1;1;0;0;1;0;0;1;1;0,0.0;0.25;0.25;0.0;0.0;0.0;0.0;0.0;0.0;0.0;0.25;0.0;0.0;0.0;0.0;0.0;0.0;0.0;0.0;0.0,561;702;2149;848;1759;2545;2468;2575;672;2993;2042;1005;1087;595;1946;708;373;1524;393;703,0.0375,1382.4,0,0.0,0,1580,0,0,0,
qwen2.5:1.5b,Q4_K_M,5,non-ordered,math_bench_4,direct,True,none,solve,1.0,8192,37149,HOTEL MIKE GOLF,ESPRESSO,5,15,20,,2,0;0;0;0;1;0;0;0;0;0;0;0;0;0;0;0;0;0;0;1,,0.0;0.0;0.25;0.0;0.0;0.0;0.0;0.0;0.0;0.0;0.0;0.0;0.0;0.0;0.0;0.0;0.0;0.0;0.0;0.25,0;0;0;0;0;0;0;0;0;0;0;0;0;0;0;0;0;0;0;0,0.025,0.0,0,0.0,0,113,0,1,,
qwen2.5:1.5b,Q4_K_M,5,non-ordered,math_bench_5,cot,True,none,solve,1.0,8192,37149,HOTEL MIKE GOLF,ESPRESSO,5,15,20,3,3,0;0;0;0;0;0;0;0;0;0;1;1;0;0;1;0;0;0;0;0,0;0;0;0;0;1;0;0;0;0;1;0;0;0;1;0;0;0;0;0,0.0;0.0;0.0;0.0;0.0;0.0;0.0;0.0;0.0;0.0;0.0;0.0;0.0;0.0;0.0;0.0;0.0;0.0;0.0;0.0,488;1337;369;1534;843;2280;2338;688;1122;1441;543;347;805;2735;1799;688;1194;1440;1833;1044,0.0,1243.4,0,0.0,0,2389,0,0,0,
qwen2.5:1.5b,Q4_K_M,5,non-ordered,math_bench_5,direct,True,none,solve,1.0,8192,37149,HOTEL MIKE GOLF,ESPRESSO,5,15,20,,6,0;0;0;0;1;1;0;1;0;1;0;0;0;0;0;0;1;0;0;1,,0.0;0.0;0.0;0.0;0.0;0.0;0.0;0.25;0.0;0.0;0.0;0.0;0.0;0.0;0.0;0.0;0.0;0.0;0.0;0.0,0;0;0;0;0;0;0;0;0;0;0;0;0;0;0;0;0;0;0;0,0.0125,0.0,0,0.0,0,75,0,0,,
qwen2.5:1.5b,Q4_K_M,5,non-ordered,trivial,cot,True,none,solve,1.0,8192,38114,FOXTROT OSCAR GOLF,OBELISK,5,12,20,12,10,1;1;0;1;0;0;1;0;0;0;1;1;0;1;1;1;0;0;0;1,1;1;0;1;0;1;1;0;0;1;1;1;0;1;0;1;1;0;0;1,0.75;0.5;0.5;0.5;0.5;0.0;0.25;0.5;1.0;0.0;1.0;0.0;0.25;1.0;0.75;1.0;0.5;0.5;0.25;0.5,504;1877;142;393;298;348;161;107;338;1330;2072;220;182;739;917;1331;365;202;303;254,0.5125,604.15,0,0.0,0,1390,0,0,1,
qwen2.5:1.5b,Q4_K_M,5,non-ordered,trivial,direct,True,none,solve,1.0,8192,38114,FOXTROT OSCAR GOLF,OBELISK,5,12,20,,6,0;0;0;1;0;0;0;0;0;1;0;0;1;0;0;0;1;1;1;0,,0.5;1.0;0.75;0.75;1.0;0.0;1.0;0.75;1.0;0.75;1.0;0.75;0.75;1.0;0.75;1.0;0.75;0.75;0.75;1.0,0;0;0;0;0;0;0;0;0;0;0;0;0;0;0;0;0;0;0;0,0.8,0.0,0,0.0,0,260,0,0,,
qwen2.5:1.5b,Q4_K_M,5,non-ordered,math_bench_2,cot,True,none,solve,1.0,8192,38149,CHARLIE ROMEO OSCAR,KAYAK,5,11,20,13,9,0;0;1;0;1;1;0;0;1;0;0;0;1;1;1;1;0;1;0;0,1;1;1;0;1;0;0;0;1;0;0;1;1;1;1;1;0;1;1;1,0.25;0.0;0.25;0.0;0.5;0.0;0.0;0.0;0.0;0.0;0.0;0.25;0.0;0.5;0.25;0.5;0.25;0.0;0.0;0.0,2780;1234;3832;161;1819;362;140;659;1806;992;140;1943;1519;1951;2878;1803;1474;1961;2729;2522,0.1375,1635.25,0,0.0,0,1235,0,0,0,
qwen2.5:1.5b,Q4_K_M,5,non-ordered,math_bench_2,direct,True,none,solve,1.0,8192,38149,CHARLIE ROMEO OSCAR,KAYAK,5,11,20,,7,1;0;1;0;0;0;0;0;0;1;0;1;1;1;0;0;0;0;0;1,,0.0;0.0;0.0;0.0;0.0;0.0;0.0;0.0;0.0;0.0;0.0;0.0;0.0;0.0;0.0;0.0;0.0;0.0;0.0;0.0,0;0;0;0;0;0;0;0;0;0;0;0;0;0;0;0;0;0;0;0,0.0,0.0,0,0.0,0,89,0,0,,
qwen2.5:1.5b,Q4_K_M,5,non-ordered,math_bench_4,cot,True,none,solve,1.0,8192,38149,CHARLIE ROMEO OSCAR,KAYAK,5,11,20,13,8,1;0;0;1;1;0;1;0;0;0;0;1;0;1;0;0;1;0;1;0,1;0;1;0;1;1;0;0;1;1;0;1;1;1;0;1;1;1;1;0,0.25;0.0;0.5;0.0;0.0;0.0;0.0;0.0;0.0;0.0;0.25;0.5;0.0;0.25;0.25;0.0;0.0;0.25;0.0;0.0,1638;179;3377;2024;2200;2170;462;1032;462;2042;914;1909;3108;1933;1332;2409;1592;1897;2790;718,0.1125,1709.4,0,0.0,0,441,0,1,1,
qwen2.5:1.5b,Q4_K_M,5,non-ordered,math_bench_4,direct,True,none,solve,1.0,8192,38149,CHARLIE ROMEO OSCAR,KAYAK,5,11,20,,3,0;0;0;1;0;0;1;0;0;0;0;0;1;0;0;0;0;0;0;0,,0.25;0.0;0.0;0.0;0.25;0.25;0.0;0.0;0.25;0.0;0.0;0.0;0.25;0.25;0.0;0.0;0.25;0.25;0.0;0.0,0;0;0;0;0;0;0;0;0;0;0;0;0;0;0;0;0;0;0;0,0.1,0.0,0,0.0,0,89,0,0,,
qwen2.5:1.5b,Q4_K_M,5,non-ordered,math_bench_5,cot,True,none,solve,1.0,8192,38149,CHARLIE ROMEO OSCAR,KAYAK,5,11,20,13,3,1;1;0;0;0;0;0;0;0;0;1;0;0;0;0;0;0;0;0;0,1;1;1;1;0;1;1;0;0;0;1;1;1;1;0;1;0;1;1;0,0.0;0.0;0.0;0.0;0.0;0.0;0.0;0.0;0.0;0.25;0.0;0.0;0.0;0.0;0.0;0.0;0.0;0.0;0.0;0.0,2665;2168;1436;3933;1824;2725;2498;1730;577;2475;1966;1886;2417;2865;1310;3168;3591;2500;4201;393,0.0125,2316.4,0,0.0,0,2043,0,0,0,
qwen2.5:1.5b,Q4_K_M,5,non-ordered,math_bench_5,direct,True,none,solve,1.0,8192,38149,CHARLIE ROMEO OSCAR,KAYAK,5,11,20,,6,0;0;1;0;1;1;1;0;0;1;0;0;0;0;0;0;0;1;0;0,,0.0;0.0;0.0;0.0;0.0;0.0;0.0;0.0;0.0;0.0;0.0;0.0;0.0;0.0;0.0;0.25;0.0;0.0;0.0;0.0,0;0;0;0;0;0;0;0;0;0;0;0;0;0;0;0;0;0;0;0,0.0125,0.0,0,0.0,0,93,0,0,,
qwen2.5:1.5b,Q4_K_M,5,non-ordered,trivial,cot,True,none,solve,1.0,8192,39114,ZULU QUEBEC DELTA,RAVIOLI,5,12,20,14,15,0;0;1;1;1;1;1;1;1;1;0;1;1;1;1;0;1;1;0;1,0;1;1;1;0;1;1;1;1;1;0;1;1;0;1;1;0;1;0;1,0.5;0.0;1.0;1.0;1.0;0.0;1.0;0.75;1.0;0.75;0.75;1.0;0.5;0.5;0.75;0.75;1.0;0.75;1.0;1.0,156;1499;1108;661;340;1848;1220;361;1024;1411;1043;970;835;392;2173;448;568;1512;280;370,0.75,910.95,0,0.0,0,406,0,0,0,
qwen2.5:1.5b,Q4_K_M,5,non-ordered,trivial,direct,True,none,solve,1.0,8192,39114,ZULU QUEBEC DELTA,RAVIOLI,5,12,20,,11,1;1;1;1;1;0;1;1;1;0;1;1;1;0;0;0;0;0;0;0,,1.0;1.0;1.0;1.0;1.0;1.0;1.0;1.0;1.0;1.0;1.0;1.0;1.0;1.0;1.0;1.0;1.0;1.0;0.0;1.0,0;0;0;0;0;0;0;0;0;0;0;0;0;0;0;0;0;0;0;0,0.95,0.0,0,0.0,0,138,0,1,,
qwen2.5:1.5b,Q4_K_M,5,non-ordered,math_bench_2,cot,True,none,solve,1.0,8192,39149,INDIA UNIFORM TANGO,KETTLE,5,15,20,15,7,1;0;0;0;0;1;1;0;1;0;1;0;1;0;0;0;0;1;0;0,1;1;0;0;1;1;0;1;0;1;1;1;1;1;0;1;1;1;1;1,0.0;0.0;0.25;0.0;0.25;0.25;0.0;0.0;0.0;0.25;0.0;0.0;0.25;0.0;0.0;0.25;0.0;0.0;0.25;0.25,1996;1021;1917;368;2631;2309;554;2941;387;1712;1884;2043;1631;2562;415;914;1174;2140;2199;1755,0.1,1627.65,0,0.0,0,2900,0,1,0,
qwen2.5:1.5b,Q4_K_M,5,non-ordered,math_bench_2,direct,True,none,solve,1.0,8192,39149,INDIA UNIFORM TANGO,KETTLE,5,15,20,,1,0;0;0;0;0;0;0;0;0;0;0;0;0;0;0;1;0;0;0;0,,0.0;0.25;0.0;0.0;0.0;0.0;0.25;0.0;0.0;0.25;0.25;0.25;0.25;0.5;0.25;0.0;0.0;0.0;0.0;0.25,0;0;0;0;0;0;0;0;0;0;0;0;0;0;0;0;0;0;0;0,0.125,0.0,0,0.0,0,94,0,0,,
qwen2.5:1.5b,Q4_K_M,5,non-ordered,math_bench_4,cot,True,none,solve,1.0,8192,39149,INDIA UNIFORM TANGO,KETTLE,5,15,20,12,8,1;0;0;1;1;0;0;0;1;1;1;0;0;0;1;0;0;0;0;1,1;0;1;1;1;0;0;1;0;1;1;1;0;1;1;0;0;0;1;1,0.0;0.0;0.25;0.0;0.0;0.0;0.0;0.0;0.0;0.0;0.25;0.0;0.0;0.0;0.0;0.0;0.0;0.0;0.0;0.25,2946;2757;2995;2652;2487;218;407;4381;2017;406;1454;2608;197;1414;3155;314;865;3335;3536;1495,0.0375,1981.95,0,0.0,0,1326,0,0,1,
qwen2.5:1.5b,Q4_K_M,5,non-ordered,math_bench_4,direct,True,none,solve,1.0,8192,39149,INDIA UNIFORM TANGO,KETTLE,5,15,20,,8,0;0;0;0;1;0;1;1;0;0;1;0;1;1;0;0;1;0;0;1,,0.0;0.0;0.0;0.0;0.0;0.0;0.25;0.0;0.0;0.0;0.0;0.25;0.0;0.0;0.0;0.0;0.0;0.0;0.0;0.0,0;0;0;0;0;0;0;0;0;0;0;0;0;0;0;0;0;0;0;0,0.025,0.0,0,0.0,0,107,0,1,,
qwen2.5:1.5b,Q4_K_M,5,non-ordered,math_bench_5,cot,True,none,solve,1.0,8192,39149,INDIA UNIFORM TANGO,KETTLE,5,15,20,14,6,1;0;0;0;1;0;0;0;0;1;0;0;0;1;0;0;1;0;0;1,1;1;1;1;0;1;0;1;0;1;1;1;0;1;1;0;1;1;0;1,0.0;0.0;0.0;0.0;0.0;0.0;0.0;0.0;0.0;0.0;0.0;0.0;0.0;0.0;0.0;0.0;0.0;0.0;0.0;0.0,1819;3098;3236;2983;3979;2301;205;1559;2889;2340;1858;1922;201;1942;168;1074;1193;4196;1035;1697,0.0,1984.75,0,0.0,0,4311,0,0,1,
qwen2.5:1.5b,Q4_K_M,5,non-ordered,math_bench_5,direct,True,none,solve,1.0,8192,39149,INDIA UNIFORM TANGO,KETTLE,5,15,20,,8,0;0;0;1;1;0;0;0;1;1;1;0;1;0;1;0;0;1;0;0,,0.0;0.0;0.0;0.0;0.0;0.0;0.0;0.0;0.0;0.0;0.0;0.0;0.0;0.0;0.0;0.0;0.0;0.0;0.0;0.0,0;0;0;0;0;0;0;0;0;0;0;0;0;0;0;0;0;0;0;0,0.0,0.0,0,0.0,0,166,0,0,,
qwen2.5:1.5b,Q4_K_M,5,non-ordered,trivial,cot,True,none,solve,1.0,8192,40114,CHARLIE MIKE QUEBEC,MARBLE,5,13,20,14,10,0;0;1;0;1;1;0;0;0;1;0;0;1;1;0;0;1;1;1;1,1;1;1;1;1;1;0;0;1;1;0;0;1;1;1;0;1;0;1;1,0.5;0.75;0.75;0.0;0.25;0.75;0.5;0.25;0.0;1.0;0.5;0.5;0.5;0.5;0.0;0.75;0.25;0.5;0.5;0.5,996;1297;627;1492;1870;213;334;238;1216;836;731;130;1317;1834;165;350;232;677;1966;3195,0.4625,985.8,0,0.0,0,271,0,0,0,
qwen2.5:1.5b,Q4_K_M,5,non-ordered,trivial,direct,True,none,solve,1.0,8192,40114,CHARLIE MIKE QUEBEC,MARBLE,5,13,20,,10,1;1;1;1;0;0;1;0;1;1;1;1;0;0;0;0;0;0;1;0,,0.75;0.75;1.0;1.0;0.0;0.0;0.75;0.5;0.25;1.0;0.25;1.0;0.5;1.0;0.5;1.0;0.5;0.75;1.0;0.5,0;0;0;0;0;0;0;0;0;0;0;0;0;0;0;0;0;0;0;0,0.65,0.0,0,0.0,0,72,0,1,,
qwen2.5:1.5b,Q4_K_M,5,non-ordered,math_bench_2,cot,True,none,solve,1.0,8192,40149,HOTEL UNIFORM SIERRA,TROMBONE,5,15,20,5,5,0;0;0;1;0;0;0;0;0;1;1;0;0;1;0;0;0;0;0;1,0;0;0;1;0;0;0;0;0;1;1;0;0;1;0;0;0;0;0;1,0.5;0.0;0.0;0.25;0.25;0.25;0.0;0.0;0.0;0.25;0.25;0.0;0.25;0.0;0.0;0.25;0.0;0.0;0.0;0.25,1825;295;639;757;385;424;408;252;445;1049;1534;731;383;1246;371;549;926;3095;856;1981,0.125,907.55,0,0.0,0,460,0,0,0,
qwen2.5:1.5b,Q4_K_M,5,non-ordered,math_bench_2,direct,True,none,solve,1.0,8192,40149,HOTEL UNIFORM SIERRA,TROMBONE,5,15,20,,11,1;1;1;0;1;0;1;1;0;1;1;0;0;0;0;1;1;0;1;0,,0.25;0.25;0.25;0.0;0.25;0.0;0.25;0.25;0.25;0.0;0.25;0.25;0.0;0.25;0.0;0.25;0.0;0.0;0.25;0.25,0;0;0;0;0;0;0;0;0;0;0;0;0;0;0;0;0;0;0;0,0.1625,0.0,0,0.0,0,131,0,1,,
qwen2.5:1.5b,Q4_K_M,5,non-ordered,math_bench_4,cot,True,none,solve,1.0,8192,40149,HOTEL UNIFORM SIERRA,TROMBONE,5,15,20,7,3,0;0;0;0;1;0;0;0;0;0;0;0;0;0;0;0;1;0;1;0,0;0;0;1;1;1;0;0;0;0;0;1;1;0;0;1;0;0;1;0,0.25;0.0;0.0;0.0;0.0;0.0;0.0;0.0;0.0;0.0;0.0;0.0;0.0;0.0;0.0;0.0;0.0;0.0;0.0;0.0,356;926;626;1067;781;1691;362;615;1056;613;712;1589;2442;961;899;891;363;2452;1315;271,0.0125,999.4,0,0.0,0,985,0,0,0,
qwen2.5:1.5b,Q4_K_M,5,non-ordered,math_bench_4,direct,True,none,solve,1.0,8192,40149,HOTEL UNIFORM SIERRA,TROMBONE,5,15,20,,0,0;0;0;0;0;0;0;0;0;0;0;0;0;0;0;0;0;0;0;0,,0.0;0.0;0.0;0.0;0.0;0.0;0.0;0.0;0.0;0.0;0.25;0.0;0.0;0.0;0.0;0.0;0.0;0.0;0.0;0.0,0;0;0;0;0;0;0;0;0;0;0;0;0;0;0;0;0;0;0;0,0.0125,0.0,0,0.0,0,74,0,0,,
qwen2.5:1.5b,Q4_K_M,5,non-ordered,math_bench_5,cot,True,none,solve,1.0,8192,40149,HOTEL UNIFORM SIERRA,TROMBONE,5,15,20,8,5,0;0;0;1;0;1;1;0;0;0;1;0;0;0;0;1;0;0;0;0,1;1;0;1;0;1;0;0;1;0;1;0;0;0;0;1;1;0;0;0,0.0;0.0;0.0;0.0;0.0;0.0;0.0;0.0;0.0;0.0;0.0;0.0;0.0;0.0;0.0;0.0;0.0;0.0;0.0;0.0,1974;1626;263;2284;1177;4130;198;659;2787;865;1517;297;170;585;931;3310;3518;1737;660;460,0.0,1457.4,0,0.0,0,507,0,0,0,
qwen2.5:1.5b,Q4_K_M,5,non-ordered,math_bench_5,direct,True,none,solve,1.0,8192,40149,HOTEL UNIFORM SIERRA,TROMBONE,5,15,20,,4,1;0;0;1;0;0;0;1;0;0;0;0;0;0;0;0;0;0;0;1,,0.0;0.0;0.0;0.0;0.0;0.0;0.0;0.0;0.0;0.0;0.0;0.0;0.0;0.0;0.0;0.0;0.0;0.0;0.0;0.0,0;0;0;0;0;0;0;0;0;0;0;0;0;0;0;0;0;0;0;0,0.0,0.0,0,0.0,0,98,0,0,,
qwen2.5:1.5b,Q4_K_M,5,non-ordered,trivial,cot,True,none,solve,1.0,8192,41114,VICTOR TANGO ALPHA,NECTARINE,5,13,20,15,9,0;1;0;1;1;0;1;1;1;1;0;0;0;1;0;0;1;0;0;0,1;1;1;1;1;1;0;1;1;0;0;1;1;1;0;0;1;1;1;1,0.5;1.0;0.25;0.5;0.0;1.0;0.25;0.5;0.5;0.0;0.5;0.75;0.25;0.5;0.0;0.5;0.5;0.75;0.5;0.25,164;620;374;433;509;1123;1182;544;1560;282;434;508;1107;1952;427;324;411;1473;1091;204,0.45,736.1,0,0.0,0,1770,0,0,1,
qwen2.5:1.5b,Q4_K_M,5,non-ordered,trivial,direct,True,none,solve,1.0,8192,41114,VICTOR TANGO ALPHA,NECTARINE,5,13,20,,8,1;0;1;1;0;0;0;0;0;1;1;0;1;0;0;0;1;0;1;0,,0.75;0.75;0.75;1.0;0.75;0.75;1.0;0.75;1.0;0.75;0.75;0.75;0.5;0.0;0.75;0.75;1.0;0.25;0.75;1.0,0;0;0;0;0;0;0;0;0;0;0;0;0;0;0;0;0;0;0;0,0.7375,0.0,0,0.0,0,83,0,0,,
qwen2.5:1.5b,Q4_K_M,5,non-ordered,math_bench_2,cot,True,none,solve,1.0,8192,41149,INDIA QUEBEC YANKEE,ICEBERG,5,13,20,11,7,1;0;0;1;0;0;0;0;1;1;1;0;0;1;0;0;1;0;0;0,1;0;0;1;1;0;0;1;0;1;1;0;0;1;1;0;1;1;0;1,0.5;0.25;0.25;0.25;0.5;0.25;0.25;0.0;0.25;0.0;0.5;0.0;0.25;0.25;0.25;0.25;0.0;0.0;0.25;0.75,2119;695;262;3819;3033;489;444;1830;1118;3202;2073;549;772;3935;2784;92;1713;2886;1006;2799,0.25,1781.0,0,0.0,0,2515,0,0,1,
qwen2.5:1.5b,Q4_K_M,5,non-ordered,math_bench_2,direct,True,none,solve,1.0,8192,41149,INDIA QUEBEC YANKEE,ICEBERG,5,13,20,,6,0;1;0;0;1;1;1;1;0;1;0;0;0;0;0;0;0;0;0;0,,0.0;0.0;0.0;0.0;0.0;0.0;0.0;0.0;0.0;0.0;0.0;0.0;0.0;0.0;0.0;0.0;0.0;0.0;0.0;0.0,0;0;0;0;0;0;0;0;0;0;0;0;0;0;0;0;0;0;0;0,0.0,0.0,0,0.0,0,100,0,0,,
qwen2.5:1.5b,Q4_K_M,5,non-ordered,math_bench_4,cot,True,none,solve,1.0,8192,41149,INDIA QUEBEC YANKEE,ICEBERG,5,13,20,7,5,0;1;1;0;0;1;1;0;0;0;0;0;0;0;0;1;0;0;0;0,0;1;1;0;0;1;1;0;1;0;0;0;0;0;1;0;0;1;0;0,0.0;0.0;0.25;0.0;0.0;0.0;0.0;0.0;0.0;0.0;0.0;0.0;0.25;0.0;0.0;0.0;0.25;0.0;0.25;0.0,564;1378;2705;1211;811;2482;2351;1118;3319;599;751;478;623;777;3468;1199;3184;779;871;580,0.05,1462.4,0,0.0,0,1827,0,0,0,
qwen2.5:1.5b,Q4_K_M,5,non-ordered,math_bench_4,direct,True,none,solve,1.0,8192,41149,INDIA QUEBEC YANKEE,ICEBERG,5,13,20,,10,0;0;1;0;0;0;1;1;0;1;1;1;1;0;1;1;0;0;1;0,,0.0;0.0;0.0;0.0;0.0;0.0;0.0;0.0;0.0;0.25;0.0;0.0;0.0;0.0;0.0;0.0;0.0;0.0;0.0;0.0,0;0;0;0;0;0;0;0;0;0;0;0;0;0;0;0;0;0;0;0,0.0125,0.0,0,0.0,0,97,0,0,,
qwen2.5:1.5b,Q4_K_M,5,non-ordered,math_bench_5,cot,True,none,solve,1.0,8192,41149,INDIA QUEBEC YANKEE,ICEBERG,5,13,20,5,8,0;0;0;1;0;1;1;0;1;0;1;0;1;0;0;0;0;1;0;1,0;0;1;0;0;1;1;1;0;0;0;0;0;0;0;0;0;1;0;0,0.0;0.0;0.0;0.0;0.0;0.0;0.0;0.0;0.0;0.0;0.0;0.0;0.25;0.0;0.0;0.0;0.0;0.25;0.25;0.0,740;440;870;332;1120;2390;729;2237;455;261;640;1130;1310;338;1429;450;317;3037;430;1302,0.0375,997.85,0,0.0,0,4037,0,0,0,
qwen2.5:1.5b,Q4_K_M,5,non-ordered,math_bench_5,direct,True,none,solve,1.0,8192,41149,INDIA QUEBEC YANKEE,ICEBERG,5,13,20,,8,0;1;0;1;1;0;0;0;1;0;1;1;1;0;0;0;0;1;0;0,,0.0;0.0;0.0;0.25;0.0;0.25;0.0;0.0;0.0;0.0;0.0;0.0;0.25;0.0;0.0;0.0;0.0;0.0;0.25;0.0,0;0;0;0;0;0;0;0;0;0;0;0;0;0;0;0;0;0;0;0,0.05,0.0,0,0.0,0,93,0,0,,
qwen2.5:1.5b,Q4_K_M,5,non-ordered,trivial,cot,True,none,solve,1.0,8192,42114,FOXTROT DELTA TANGO,LULLABY,5,15,20,11,11,0;1;1;0;0;1;0;0;1;1;0;1;0;1;1;1;0;0;1;1,0;1;1;0;0;1;0;0;1;1;0;1;0;1;1;1;0;0;1;1,0.75;0.5;0.5;0.0;1.0;0.5;1.0;0.5;1.0;0.5;0.5;0.25;0.5;1.0;0.5;1.0;0.5;0.5;0.25;1.0,309;417;1223;222;222;267;1536;778;1144;474;186;177;393;247;259;435;377;227;342;469,0.6125,485.2,0,0.0,0,1186,0,0,1,
qwen2.5:1.5b,Q4_K_M,5,non-ordered,trivial,direct,True,none,solve,1.0,8192,42114,FOXTROT DELTA TANGO,LULLABY,5,15,20,,0,0;0;0;0;0;0;0;0;0;0;0;0;0;0;0;0;0;0;0;0,,1.0;1.0;1.0;1.0;1.0;1.0;1.0;1.0;1.0;1.0;1.0;1.0;1.0;1.0;0.0;1.0;1.0;1.0;1.0;1.0,0;0;0;0;0;0;0;0;0;0;0;0;0;0;0;0;0;0;0;0,0.95,0.0,0,0.0,0,102,0,0,,
qwen2.5:1.5b,Q4_K_M,5,non-ordered,math_bench_2,cot,True,none,solve,1.0,8192,42149,MIKE INDIA TANGO,WOMBAT,5,12,20,16,12,0;1;0;1;0;0;1;1;1;0;1;0;0;1;1;0;1;1;1;1,1;1;1;1;0;1;1;1;1;0;1;1;1;0;1;0;1;1;1;1,0.0;0.0;0.0;0.25;0.0;0.0;0.25;0.0;0.25;0.25;0.0;0.0;0.5;0.5;0.0;0.0;0.0;0.0;0.0;0.0,1482;2025;2677;788;858;1988;989;3275;673;409;1242;1806;1261;1123;1182;281;1870;573;446;542,0.1,1274.5,0,0.0,0,757,0,1,1,
qwen2.5:1.5b,Q4_K_M,5,non-ordered,math_bench_2,direct,True,none,solve,1.0,8192,42149,MIKE INDIA TANGO,WOMBAT,5,12,20,,16,1;0;1;1;1;1;1;1;1;1;1;1;0;0;1;1;1;1;0;1,,0.25;0.0;0.0;0.0;0.0;0.0;0.25;0.0;0.5;0.25;0.25;0.0;0.0;0.0;0.0;0.25;0.0;0.0;0.25;0.0,0;0;0;0;0;0;0;0;0;0;0;0;0;0;0;0;0;0;0;0,0.1,0.0,0,0.0,0,121,0,1,,
qwen2.5:1.5b,Q4_K_M,5,non-ordered,math_bench_4,cot,True,none,solve,1.0,8192,42149,MIKE INDIA TANGO,WOMBAT,5,12,20,14,10,1;0;0;0;1;1;0;1;0;0;0;1;0;0;1;1;1;1;0;1,1;1;1;0;0;1;0;1;1;0;1;1;0;1;1;1;1;0;1;1,0.25;0.0;0.0;0.0;0.25;0.0;0.0;0.0;0.25;0.25;0.0;0.0;0.25;0.5;0.0;0.0;0.0;0.0;0.0;0.0,2065;1997;1542;750;476;2636;1460;1692;2024;540;2987;2676;478;1705;2587;1533;3430;219;2733;2007,0.0875,1776.85,0,0.0,0,914,0,1,0,
qwen2.5:1.5b,Q4_K_M,5,non-ordered,math_bench_4,direct,True,none,solve,1.0,8192,42149,MIKE INDIA TANGO,WOMBAT,5,12,20,,8,0;0;0;0;1;0;1;1;1;0;0;1;0;0;0;1;0;1;1;0,,0.0;0.0;0.0;0.0;0.0;0.0;0.0;0.0;0.0;0.0;0.0;0.0;0.0;0.0;0.0;0.0;0.0;0.0;0.0;0.0,0;0;0;0;0;0;0;0;0;0;0;0;0;0;0;0;0;0;0;0,0.0,0.0,0,0.0,0,133,0,1,,
qwen2.5:1.5b,Q4_K_M,5,non-ordered,math_bench_5,cot,True,none,solve,1.0,8192,42149,MIKE INDIA TANGO,WOMBAT,5,12,20,10,13,1;0;1;0;0;1;0;0;1;0;1;1;0;1;1;1;1;1;1;1,1;0;1;0;1;0;0;0;1;0;0;1;1;0;1;0;1;1;1;0,0.0;0.0;0.0;0.0;0.25;0.0;0.0;0.0;0.25;0.0;0.0;0.0;0.0;0.0;0.0;0.0;0.0;0.0;0.0;0.0,2358;127;1069;656;1392;304;610;726;1333;999;467;3094;1284;229;2527;122;2162;2336;544;844,0.025,1159.15,0,0.0,0,1507,0,0,0,
qwen2.5:1.5b,Q4_K_M,5,non-ordered,math_bench_5,direct,True,none,solve,1.0,8192,42149,MIKE INDIA TANGO,WOMBAT,5,12,20,,18,1;1;1;1;1;1;1;1;1;1;0;1;0;1;1;1;1;1;1;1,,0.0;0.25;0.25;0.0;0.25;0.0;0.0;0.0;0.0;0.0;0.25;0.0;0.0;0.0;0.0;0.0;0.0;0.25;0.25;0.0,0;0;0;0;0;0;0;0;0;0;0;0;0;0;0;0;0;0;0;0,0.075,0.0,0,0.0,0,95,0,0,,
qwen2.5:1.5b,Q4_K_M,5,non-ordered,trivial,cot,True,none,solve,1.0,8192,43114,ZULU GOLF ECHO,METRONOME,5,14,20,14,12,0;0;1;0;1;1;0;1;1;1;1;1;1;0;1;0;0;1;1;0,0;1;1;0;1;1;0;1;1;1;0;1;1;1;1;0;1;0;1;1,0.5;0.5;0.5;0.5;1.0;0.75;0.5;1.0;1.0;0.5;1.0;1.0;1.0;0.0;0.0;0.5;0.75;0.5;0.75;0.0,126;647;2071;206;1310;1953;384;1273;1642;1966;278;2187;1046;409;4129;335;1292;628;2315;408,0.6125,1230.25,0,0.0,0,1176,0,0,1,
qwen2.5:1.5b,Q4_K_M,5,non-ordered,trivial,direct,True,none,solve,1.0,8192,43114,ZULU GOLF ECHO,METRONOME,5,14,20,,11,0;1;0;1;1;0;1;1;1;1;1;0;0;0;0;0;1;1;0;1,,0.75;1.0;0.75;1.0;1.0;0.75;1.0;1.0;1.0;1.0;1.0;0.75;0.75;0.75;0.0;0.75;1.0;1.0;0.75;1.0,0;0;0;0;0;0;0;0;0;0;0;0;0;0;0;0;0;0;0;0,0.85,0.0,0,0.0,0,147,0,1,,
qwen2.5:1.5b,Q4_K_M,5,non-ordered,math_bench_2,cot,True,none,solve,1.0,8192,43149,KILO MIKE ALPHA,HEDGEHOG,5,12,20,15,5,0;0;1;0;0;1;0;0;0;0;1;0;1;0;1;0;0;0;0;0,0;1;1;1;1;1;0;1;1;1;1;0;1;0;1;1;1;1;1;0,0.5;0.75;0.25;0.25;0.75;0.25;0.5;0.0;0.25;0.5;0.75;0.5;0.25;0.5;0.5;0.0;0.5;0.25;0.25;0.25,376;2181;1733;1019;2043;1405;1097;1570;745;1990;1198;554;2620;989;1483;1832;1802;1267;890;315,0.3875,1355.45,0,0.0,0,1515,0,1,1,
qwen2.5:1.5b,Q4_K_M,5,non-ordered,math_bench_2,direct,True,none,solve,1.0,8192,43149,KILO MIKE ALPHA,HEDGEHOG,5,12,20,,14,1;0;0;1;1;1;0;1;1;1;1;1;1;1;1;0;0;1;1;0,,0.0;0.0;0.0;0.0;0.0;0.0;0.0;0.0;0.0;0.25;0.0;0.25;0.0;0.0;0.0;0.0;0.0;0.25;0.0;0.0,0;0;0;0;0;0;0;0;0;0;0;0;0;0;0;0;0;0;0;0,0.0375,0.0,0,0.0,0,133,0,1,,
qwen2.5:1.5b,Q4_K_M,5,non-ordered,math_bench_4,cot,True,none,solve,1.0,8192,43149,KILO MIKE ALPHA,HEDGEHOG,5,12,20,7,2,0;0;0;0;0;0;1;0;0;0;0;0;0;0;0;0;0;1;0;0,0;1;0;0;1;0;1;1;0;0;0;1;1;0;0;0;0;1;0;0,0.0;0.0;0.25;0.0;0.0;0.0;0.75;0.0;0.0;0.0;0.0;0.0;0.0;0.0;0.0;0.0;0.0;0.0;0.0;0.0,519;1640;2648;1854;1627;2828;3501;2328;610;458;1232;1594;2339;1343;135;778;463;1509;1692;1194,0.05,1514.6,0,0.0,0,862,0,0,1,
qwen2.5:1.5b,Q4_K_M,5,non-ordered,math_bench_4,direct,True,none,solve,1.0,8192,43149,KILO MIKE ALPHA,HEDGEHOG,5,12,20,,8,1;0;0;0;0;0;1;1;1;0;0;0;0;1;0;1;1;0;0;1,,0.0;0.0;0.0;0.0;0.25;0.0;0.0;0.25;0.0;0.0;0.0;0.0;0.0;0.0;0.0;0.0;0.0;0.0;0.0;0.0,0;0;0;0;0;0;0;0;0;0;0;0;0;0;0;0;0;0;0;0,0.025,0.0,0,0.0,0,366,0,0,,
qwen2.5:1.5b,Q4_K_M,5,non-ordered,math_bench_5,cot,True,none,solve,1.0,8192,43149,KILO MIKE ALPHA,HEDGEHOG,5,12,20,12,8,0;0;1;0;0;1;0;0;1;1;0;1;0;0;0;0;1;0;1;1,1;0;1;1;0;1;1;0;1;1;1;0;0;1;0;1;0;0;1;1,0.0;0.0;0.25;0.0;0.0;0.0;0.0;0.0;0.0;0.0;0.0;0.0;0.0;0.0;0.0;0.0;0.0;0.0;0.0;0.0,3145;765;1016;1128;179;1466;1972;1745;1396;1400;1323;600;2064;3301;834;2346;288;641;869;2507,0.0125,1449.25,0,0.0,0,1318,0,0,0,
qwen2.5:1.5b,Q4_K_M,5,non-ordered,math_bench_5,direct,True,none,solve,1.0,8192,43149,KILO MIKE ALPHA,HEDGEHOG,5,12,20,,15,1;0;1;1;1;1;0;0;0;1;1;1;1;1;1;0;1;1;1;1,,0.0;0.0;0.0;0.0;0.0;0.0;0.0;0.0;0.0;0.0;0.0;0.0;0.0;0.0;0.0;0.0;0.0;0.0;0.0;0.0,0;0;0;0;0;0;0;0;0;0;0;0;0;0;0;0;0;0;0;0,0.0,0.0,0,0.0,0,130,0,1,,
qwen2.5:1.5b,Q4_K_M,5,non-ordered,trivial,cot,True,none,solve,1.0,8192,44114,GOLF UNIFORM NOVEMBER,GONDOLA,5,11,20,11,11,1;0;0;1;0;0;0;0;0;0;1;1;1;0;1;1;1;1;1;1,1;0;0;1;0;1;0;0;1;0;0;1;1;0;1;1;1;1;1;0,1.0;0.5;0.75;0.75;0.25;1.0;0.5;0.25;0.25;0.25;0.0;0.25;0.75;0.5;0.75;0.25;0.25;0.5;0.5;0.25,1490;187;321;1923;167;1397;151;235;378;219;339;538;463;133;1277;619;225;223;264;104,0.475,532.65,0,0.0,0,254,0,1,1,
qwen2.5:1.5b,Q4_K_M,5,non-ordered,trivial,direct,True,none,solve,1.0,8192,44114,GOLF UNIFORM NOVEMBER,GONDOLA,5,11,20,,18,1;1;1;1;1;1;0;1;1;1;1;1;1;1;1;1;1;1;0;1,,0.5;0.75;0.75;0.75;0.75;0.5;0.75;0.75;0.75;0.75;0.75;0.75;0.5;0.75;0.75;0.75;0.75;0.75;0.75;0.75,0;0;0;0;0;0;0;0;0;0;0;0;0;0;0;0;0;0;0;0,0.7125,0.0,0,0.0,0,94,0,1,,
qwen2.5:1.5b,Q4_K_M,5,non-ordered,math_bench_2,cot,True,none,solve,1.0,8192,44149,HOTEL JULIET ZULU,BAGPIPE,5,14,20,17,10,1;1;0;1;1;0;0;0;0;0;1;0;0;0;0;1;1;1;1;1,1;1;1;1;1;1;1;0;1;0;1;1;1;0;1;1;1;1;1;1,0.0;0.5;0.25;0.25;0.0;0.0;0.0;0.25;0.0;0.25;0.0;0.25;0.0;0.0;0.5;0.75;0.0;0.25;0.5;0.25,1325;533;1039;857;1588;1386;871;1087;1155;1671;1034;1432;1473;296;2194;1022;902;2170;1160;1561,0.2,1237.8,0,0.0,0,1452,0,0,1,
qwen2.5:1.5b,Q4_K_M,5,non-ordered,math_bench_2,direct,True,none,solve,1.0,8192,44149,HOTEL JULIET ZULU,BAGPIPE,5,14,20,,20,1;1;1;1;1;1;1;1;1;1;1;1;1;1;1;1;1;1;1;1,,0.25;0.0;0.0;0.0;0.0;0.0;0.0;0.0;0.0;0.0;0.0;0.25;0.0;0.0;0.0;0.0;0.0;0.0;0.0;0.0,0;0;0;0;0;0;0;0;0;0;0;0;0;0;0;0;0;0;0;0,0.025,0.0,0,0.0,0,895,0,0,,
qwen2.5:1.5b,Q4_K_M,5,non-ordered,math_bench_4,cot,True,none,solve,1.0,8192,44149,HOTEL JULIET ZULU,BAGPIPE,5,14,20,13,12,0;0;0;1;1;0;1;1;0;1;1;0;1;1;1;1;1;0;1;0,0;1;1;1;1;0;1;1;0;1;1;0;0;1;1;1;1;0;1;0,0.0;0.0;0.0;0.0;0.25;0.0;0.0;0.25;0.0;0.25;0.25;0.0;0.0;0.0;0.0;0.0;0.25;0.0;0.25;0.0,899;3821;1521;1580;2014;1202;1580;1323;559;0;853;994;1032;1226;1840;2109;1121;1042;1835;1208,0.075,1387.95,0,0.0,0,870,0,0,0,
qwen2.5:1.5b,Q4_K_M,5,non-ordered,math_bench_4,direct,True,none,solve,1.0,8192,44149,HOTEL JULIET ZULU,BAGPIPE,5,14,20,,18,1;1;1;1;1;1;1;0;1;1;1;0;1;1;1;1;1;1;1;1,,0.0;0.0;0.0;0.0;0.0;0.0;0.0;0.0;0.0;0.0;0.0;0.0;0.0;0.0;0.0;0.0;0.0;0.0;0.0;0.0,0;0;0;0;0;0;0;0;0;0;0;0;0;0;0;0;0;0;0;0,0.0,0.0,0,0.0,0,130,0,1,,
qwen2.5:1.5b,Q4_K_M,5,non-ordered,math_bench_5,cot,True,none,solve,1.0,8192,44149,HOTEL JULIET ZULU,BAGPIPE,5,14,20,13,8,0;0;1;0;1;0;0;0;1;0;1;1;0;0;0;1;1;0;0;1,1;1;1;0;1;1;1;1;1;0;1;1;0;1;0;0;1;0;0;1,0.0;0.0;0.0;0.0;0.0;0.0;0.25;0.0;0.0;0.0;0.0;0.0;0.0;0.0;0.0;0.0;0.0;0.0;0.0;0.0,2955;1058;5290;566;1520;933;1431;2496;3154;1308;1218;2034;1417;1690;456;1531;901;1690;3045;2285,0.0125,1848.9,0,0.0,0,1397,0,0,0,
qwen2.5:1.5b,Q4_K_M,5,non-ordered,math_bench_5,direct,True,none,solve,1.0,8192,44149,HOTEL JULIET ZULU,BAGPIPE,5,14,20,,15,1;0;1;1;1;1;0;1;1;1;0;1;1;1;0;1;1;1;1;0,,0.0;0.0;0.0;0.0;0.0;0.0;0.0;0.0;0.0;0.0;0.0;0.0;0.0;0.0;0.0;0.0;0.0;0.0;0.0;0.0,0;0;0;0;0;0;0;0;0;0;0;0;0;0;0;0;0;0;0;0,0.0,0.0,0,0.0,0,129,0,1,,
qwen2.5:1.5b,Q4_K_M,5,non-ordered,trivial,cot,True,none,solve,1.0,8192,45114,FOXTROT GOLF ECHO,THIMBLE,5,14,20,14,11,1;0;0;1;0;1;0;1;0;1;1;1;0;0;1;0;0;1;1;1,1;1;1;1;0;0;1;0;0;1;1;1;0;1;1;1;0;1;1;1,0.0;0.0;0.0;0.75;1.0;1.0;1.0;0.0;0.5;1.0;0.75;1.0;0.25;0.0;1.0;0.25;0.0;1.0;0.25;1.0,1234;2247;1640;2072;1412;215;1245;1464;820;1310;1261;920;269;1925;1464;1975;516;2721;1427;1825,0.5375,1398.1,0,0.0,0,240,0,0,0,
qwen2.5:1.5b,Q4_K_M,5,non-ordered,trivial,direct,True,none,solve,1.0,8192,45114,FOXTROT GOLF ECHO,THIMBLE,5,14,20,,6,0;1;0;0;0;1;0;0;0;0;1;1;0;1;1;0;0;0;0;0,,1.0;1.0;1.0;1.0;1.0;0.0;1.0;1.0;1.0;1.0;0.0;0.0;1.0;1.0;1.0;0.0;1.0;1.0;1.0;0.75,0;0;0;0;0;0;0;0;0;0;0;0;0;0;0;0;0;0;0;0,0.7875,0.0,0,0.0,0,137,0,0,,
qwen2.5:1.5b,Q4_K_M,5,non-ordered,math_bench_2,cot,True,none,solve,1.0,8192,45149,FOXTROT NOVEMBER MIKE,QUIVER,5,12,20,11,10,1;0;1;1;0;1;1;1;0;0;1;0;1;0;1;0;0;0;1;0,1;0;0;1;0;1;1;1;0;1;1;0;0;1;1;0;0;1;1;0,0.75;0.25;0.0;0.0;0.0;0.0;0.0;0.0;0.0;0.0;0.0;0.0;0.25;0.0;0.0;0.0;0.0;0.0;0.0;0.0,2792;751;2057;1941;852;3114;373;177;989;1386;2009;625;764;1024;545;906;319;3142;403;806,0.0625,1248.75,0,0.0,0,469,0,0,0,
qwen2.5:1.5b,Q4_K_M,5,non-ordered,math_bench_2,direct,True,none,solve,1.0,8192,45149,FOXTROT NOVEMBER MIKE,QUIVER,5,12,20,,2,0;0;0;0;0;0;0;0;0;1;0;0;0;0;1;0;0;0;0;0,,0.0;0.0;0.0;0.0;0.0;0.0;0.0;0.25;0.0;0.0;0.0;0.5;0.25;0.25;0.0;0.0;0.0;0.0;0.0;0.0,0;0;0;0;0;0;0;0;0;0;0;0;0;0;0;0;0;0;0;0,0.0625,0.0,0,0.0,0,91,0,0,,
qwen2.5:1.5b,Q4_K_M,5,non-ordered,math_bench_4,cot,True,none,solve,1.0,8192,45149,FOXTROT NOVEMBER MIKE,QUIVER,5,12,20,15,9,0;0;0;1;0;1;0;0;0;1;0;1;0;0;0;1;1;1;1;1,0;1;0;0;1;1;0;0;1;1;1;1;1;1;1;1;1;1;1;1,0.0;0.0;0.0;0.0;0.0;0.0;0.25;0.25;0.0;0.25;0.0;0.0;0.0;0.0;0.0;0.0;0.0;0.0;0.0;0.0,606;575;710;541;989;2113;1021;763;1672;3630;1101;2187;1801;1566;1108;521;549;1838;320;529,0.0375,1207.0,0,0.0,0,1618,0,0,0,
qwen2.5:1.5b,Q4_K_M,5,non-ordered,math_bench_4,direct,True,none,solve,1.0,8192,45149,FOXTROT NOVEMBER MIKE,QUIVER,5,12,20,,3,0;0;0;0;0;0;0;1;0;0;0;0;0;0;0;1;0;0;0;1,,0.0;0.25;0.25;0.5;0.25;0.0;0.0;0.0;0.0;0.0;0.0;0.0;0.25;0.0;0.0;0.25;0.25;0.0;0.0;0.0,0;0;0;0;0;0;0;0;0;0;0;0;0;0;0;0;0;0;0;0,0.1,0.0,0,0.0,0,76,0,0,,
qwen2.5:1.5b,Q4_K_M,5,non-ordered,math_bench_5,cot,True,none,solve,1.0,8192,45149,FOXTROT NOVEMBER MIKE,QUIVER,5,12,20,13,8,1;1;0;0;0;0;0;0;0;0;1;1;0;1;1;0;1;0;0;1,1;1;0;1;0;0;1;0;1;1;0;1;0;1;1;1;1;1;0;1,0.0;0.0;0.0;0.0;0.0;0.0;0.25;0.0;0.0;0.25;0.0;0.0;0.0;0.25;0.25;0.0;0.0;0.0;0.0;0.0,1285;2135;3106;1283;241;2010;3368;540;1504;4081;176;2024;1117;672;3331;3301;1719;1017;906;1729,0.05,1777.25,0,0.0,0,1187,0,0,0,
qwen2.5:1.5b,Q4_K_M,5,non-ordered,math_bench_5,direct,True,none,solve,1.0,8192,45149,FOXTROT NOVEMBER MIKE,QUIVER,5,12,20,,8,0;0;1;1;0;0;0;0;0;1;0;0;1;1;1;0;0;0;1;1,,0.0;0.0;0.25;0.25;0.0;0.0;0.0;0.0;0.0;0.0;0.0;0.25;0.0;0.0;0.0;0.0;0.0;0.0;0.0;0.0,0;0;0;0;0;0;0;0;0;0;0;0;0;0;0;0;0;0;0;0,0.0375,0.0,0,0.0,0,91,0,0,,
qwen2.5:1.5b,Q4_K_M,5,non-ordered,trivial,cot,True,none,solve,1.0,8192,46114,PAPA HOTEL NOVEMBER,HARMONICA,5,14,20,12,11,0;0;1;1;1;0;1;1;0;0;0;1;1;0;0;1;1;1;1;0,0;1;1;1;1;0;1;1;1;0;0;1;1;0;0;1;0;1;1;0,0.0;0.0;1.0;1.0;0.0;0.75;0.75;1.0;0.0;0.0;0.5;0.5;0.5;0.5;0.25;0.5;0.25;0.25;1.0;0.75,223;759;1231;1438;768;527;375;1367;226;537;191;689;450;629;241;475;267;455;554;257,0.475,582.95,0,0.0,0,289,0,0,1,
qwen2.5:1.5b,Q4_K_M,5,non-ordered,trivial,direct,True,none,solve,1.0,8192,46114,PAPA HOTEL NOVEMBER,HARMONICA,5,14,20,,19,1;1;1;1;1;1;1;1;1;1;1;1;0;1;1;1;1;1;1;1,,1.0;1.0;1.0;1.0;0.75;1.0;1.0;1.0;1.0;1.0;1.0;1.0;0.75;1.0;1.0;1.0;1.0;1.0;1.0;1.0,0;0;0;0;0;0;0;0;0;0;0;0;0;0;0;0;0;0;0;0,0.975,0.0,0,0.0,0,143,0,1,,
qwen2.5:1.5b,Q4_K_M,5,non-ordered,math_bench_2,cot,True,none,solve,1.0,8192,46149,KILO ROMEO NOVEMBER,DUMPLING,5,14,20,7,6,0;0;1;0;0;0;0;0;0;0;1;1;0;0;0;1;0;1;1;0,0;0;1;0;0;0;0;0;0;0;1;1;0;1;1;0;0;0;1;1,0.25;0.0;0.25;0.0;0.0;0.0;0.0;0.0;0.25;0.0;0.0;0.0;0.0;0.0;0.25;0.0;0.0;0.0;0.5;0.5,1295;729;1529;2427;1493;868;839;825;699;1226;1392;1420;167;2911;1147;471;15029;280;1287;1443,0.1,1873.85,1,0.05,0,1989,0,0,0,
qwen2.5:1.5b,Q4_K_M,5,non-ordered,math_bench_2,direct,True,none,solve,1.0,8192,46149,KILO ROMEO NOVEMBER,DUMPLING,5,14,20,,11,1;1;0;1;1;0;1;0;1;1;0;1;1;0;0;0;1;0;0;1,,0.25;0.0;0.0;0.5;0.25;0.0;0.0;0.0;0.0;0.5;0.0;0.25;0.25;0.0;0.0;0.0;0.0;0.0;0.0;0.0,0;0;0;0;0;0;0;0;0;0;0;0;0;0;0;0;0;0;0;0,0.1,0.0,0,0.0,0,111,0,0,,
qwen2.5:1.5b,Q4_K_M,5,non-ordered,math_bench_4,cot,True,none,solve,1.0,8192,46149,KILO ROMEO NOVEMBER,DUMPLING,5,14,20,11,9,0;0;1;0;0;0;1;0;1;1;0;0;0;1;0;1;0;1;1;1,0;0;1;0;0;1;1;0;1;1;0;0;1;1;1;1;1;1;0;0,0.25;0.0;0.25;0.25;0.25;0.25;0.25;0.0;0.0;0.0;0.25;0.0;0.0;0.25;0.0;0.0;0.0;0.0;0.0;0.25,1251;350;1251;842;1431;2035;1081;438;1331;1600;789;1171;1349;1416;1984;1439;2595;3268;749;857,0.1125,1361.35,0,0.0,0,1035,0,0,0,
qwen2.5:1.5b,Q4_K_M,5,non-ordered,math_bench_4,direct,True,none,solve,1.0,8192,46149,KILO ROMEO NOVEMBER,DUMPLING,5,14,20,,11,0;0;1;0;0;1;0;1;0;1;0;1;1;1;1;1;1;0;1;0,,0.0;0.0;0.0;0.0;0.0;0.0;0.0;0.0;0.0;0.0;0.0;0.0;0.0;0.0;0.0;0.0;0.0;0.25;0.0;0.0,0;0;0;0;0;0;0;0;0;0;0;0;0;0;0;0;0;0;0;0,0.0125,0.0,0,0.0,0,147,0,1,,
qwen2.5:1.5b,Q4_K_M,5,non-ordered,math_bench_5,cot,True,none,solve,1.0,8192,46149,KILO ROMEO NOVEMBER,DUMPLING,5,14,20,12,9,0;1;0;0;0;0;0;1;1;1;0;1;0;0;1;0;0;1;1;1,1;1;1;0;1;0;1;0;1;1;0;1;0;1;1;0;0;0;1;1,0.0;0.0;0.25;0.0;0.0;0.0;0.0;0.0;0.0;0.0;0.0;0.0;0.0;0.0;0.0;0.0;0.5;0.0;0.0;0.0,1466;2029;3000;3208;2704;378;1547;1497;1965;1297;335;1306;1124;1703;2398;832;855;665;3097;1888,0.0375,1664.7,0,0.0,0,329,0,0,0,
qwen2.5:1.5b,Q4_K_M,5,non-ordered,math_bench_5,direct,True,none,solve,1.0,8192,46149,KILO ROMEO NOVEMBER,DUMPLING,5,14,20,,15,1;1;1;1;1;1;1;0;1;0;1;1;1;0;1;1;0;1;0;1,,0.0;0.0;0.0;0.0;0.0;0.0;0.25;0.0;0.0;0.0;0.0;0.0;0.0;0.0;0.0;0.0;0.0;0.0;0.0;0.0,0;0;0;0;0;0;0;0;0;0;0;0;0;0;0;0;0;0;0;0,0.0125,0.0,0,0.0,0,100,0,0,,
qwen2.5:1.5b,Q4_K_M,5,non-ordered,trivial,cot,True,none,solve,1.0,8192,47114,TANGO GOLF NOVEMBER,VINEYARD,5,14,20,14,12,0;1;1;0;1;0;0;1;1;0;1;1;0;1;1;1;1;1;0;0,0;1;1;0;1;1;0;1;0;0;1;1;1;1;1;0;1;1;1;1,0.0;0.25;0.25;0.25;0.25;0.5;0.25;0.5;0.25;0.0;0.25;0.75;0.75;0.25;0.0;0.0;0.5;0.5;0.75;0.5,1278;673;422;226;173;312;396;272;476;411;177;876;604;237;610;359;1924;279;555;916,0.3375,558.8,0,0.0,0,2234,0,1,1,
qwen2.5:1.5b,Q4_K_M,5,non-ordered,trivial,direct,True,none,solve,1.0,8192,47114,TANGO GOLF NOVEMBER,VINEYARD,5,14,20,,8,0;0;0;0;0;1;1;1;0;1;1;1;1;0;0;0;1;0;0;0,,0.0;0.5;1.0;0.5;0.5;1.0;1.0;1.0;0.75;0.75;1.0;0.5;1.0;0.0;0.5;0.5;0.5;1.0;0.5;1.0,0;0;0;0;0;0;0;0;0;0;0;0;0;0;0;0;0;0;0;0,0.675,0.0,0,0.0,0,105,0,0,,
qwen2.5:1.5b,Q4_K_M,5,non-ordered,math_bench_2,cot,True,none,solve,1.0,8192,47149,MIKE ZULU XRAY,PUMPKIN,5,15,20,5,4,1;1;0;0;0;0;1;0;0;0;0;0;0;0;0;0;1;0;0;0,0;1;0;1;0;0;0;0;0;1;0;0;1;0;0;0;0;0;1;0,0.5;0.25;0.5;0.25;0.5;0.25;0.0;0.0;0.25;0.0;0.0;0.25;0.0;0.0;0.5;0.0;0.0;0.0;0.0;0.0,1964;1339;1211;2453;1329;1139;876;427;928;1431;531;1652;555;562;1378;197;304;942;1392;1179,0.1625,1089.45,0,0.0,0,588,0,0,0,
qwen2.5:1.5b,Q4_K_M,5,non-ordered,math_bench_2,direct,True,none,solve,1.0,8192,47149,MIKE ZULU XRAY,PUMPKIN,5,15,20,,6,1;0;0;1;0;0;1;0;0;1;0;0;0;1;0;0;0;0;0;1,,0.0;0.0;0.0;0.0;0.0;0.0;0.0;0.0;0.0;0.0;0.0;0.0;0.0;0.0;0.0;0.0;0.0;0.0;0.0;0.0,0;0;0;0;0;0;0;0;0;0;0;0;0;0;0;0;0;0;0;0,0.0,0.0,0,0.0,0,107,0,1,,
qwen2.5:1.5b,Q4_K_M,5,non-ordered,math_bench_4,cot,True,none,solve,1.0,8192,47149,MIKE ZULU XRAY,PUMPKIN,5,15,20,8,4,0;0;0;1;1;0;0;0;0;0;0;1;0;0;0;0;0;0;1;0,0;1;1;1;1;0;1;0;0;0;0;1;1;0;1;0;0;0;0;0,0.0;0.0;0.0;0.0;0.0;0.0;0.25;0.0;0.0;0.0;0.0;0.0;0.0;0.0;0.0;0.0;0.0;0.0;0.0;0.0,983;700;1298;750;259;520;2603;268;512;464;947;2514;2784;351;439;514;557;1750;529;648,0.0125,969.5,0,0.0,0,988,0,0,0,
qwen2.5:1.5b,Q4_K_M,5,non-ordered,math_bench_4,direct,True,none,solve,1.0,8192,47149,MIKE ZULU XRAY,PUMPKIN,5,15,20,,5,0;0;0;0;0;0;0;0;1;1;0;0;0;1;1;0;0;0;0;1,,0.0;0.0;0.0;0.25;0.0;0.0;0.0;0.0;0.0;0.0;0.0;0.0;0.0;0.0;0.0;0.0;0.0;0.0;0.0;0.0,0;0;0;0;0;0;0;0;0;0;0;0;0;0;0;0;0;0;0;0,0.0125,0.0,0,0.0,0,140,0,1,,
qwen2.5:1.5b,Q4_K_M,5,non-ordered,math_bench_5,cot,True,none,solve,1.0,8192,47149,MIKE ZULU XRAY,PUMPKIN,5,15,20,8,5,1;1;0;0;0;0;0;0;0;0;0;0;1;1;0;1;0;0;0;0,1;1;1;0;0;0;0;0;0;0;0;1;1;1;0;1;0;1;0;0,0.0;0.0;0.0;0.0;0.0;0.0;0.0;0.0;0.0;0.0;0.0;0.0;0.25;0.0;0.25;0.0;0.0;0.25;0.0;0.0,2626;1782;703;713;384;931;432;739;1193;374;696;2700;1088;949;3006;828;392;3114;1592;1222,0.0375,1273.2,0,0.0,0,2912,0,0,1,
qwen2.5:1.5b,Q4_K_M,5,non-ordered,math_bench_5,direct,True,none,solve,1.0,8192,47149,MIKE ZULU XRAY,PUMPKIN,5,15,20,,2,0;0;0;0;0;0;0;0;0;1;0;0;0;0;0;0;0;0;0;1,,0.25;0.25;0.0;0.0;0.0;0.0;0.0;0.0;0.25;0.0;0.0;0.0;0.0;0.0;0.0;0.0;0.25;0.0;0.25;0.0,0;0;0;0;0;0;0;0;0;0;0;0;0;0;0;0;0;0;0;0,0.0625,0.0,0,0.0,0,88,0,0,,
qwen2.5:1.5b,Q4_K_M,5,non-ordered,trivial,cot,True,none,solve,1.0,8192,48114,CHARLIE NOVEMBER KILO,VULTURE,5,15,20,16,10,1;0;1;0;0;1;0;1;1;1;0;0;1;0;1;1;0;1;0;0,1;1;1;1;1;1;1;1;1;1;0;0;1;1;1;1;0;1;0;1,0.75;0.5;1.0;0.75;0.0;0.5;0.5;0.5;1.0;1.0;0.75;0.75;0.75;0.75;1.0;1.0;0.5;1.0;0.5;0.25,1647;1363;1373;648;876;1671;1456;456;950;1114;234;283;1145;1708;535;1012;190;1554;134;413,0.6875,938.1,0,0.0,0,1085,0,1,1,
qwen2.5:1.5b,Q4_K_M,5,non-ordered,trivial,direct,True,none,solve,1.0,8192,48114,CHARLIE NOVEMBER KILO,VULTURE,5,15,20,,3,0;0;1;0;0;0;1;0;0;0;0;0;0;0;0;0;0;1;0;0,,0.75;0.5;0.75;0.5;0.75;0.75;0.75;0.5;0.75;0.5;0.5;0.5;0.75;0.5;0.75;0.5;0.5;1.0;1.0;0.5,0;0;0;0;0;0;0;0;0;0;0;0;0;0;0;0;0;0;0;0,0.65,0.0,0,0.0,0,61,0,0,,
qwen2.5:1.5b,Q4_K_M,5,non-ordered,math_bench_2,cot,True,none,solve,1.0,8192,48149,ECHO DELTA XRAY,URCHIN,5,8,20,16,7,0;1;0;0;0;0;0;0;0;1;0;0;1;1;0;0;1;0;1;1,0;1;1;1;1;0;0;1;1;1;1;1;1;1;1;1;1;0;1;1,0.25;0.5;0.5;0.0;0.5;0.0;0.0;0.0;0.0;0.25;0.5;0.0;0.25;0.25;0.25;0.75;0.25;0.0;0.25;0.25,1721;1430;3124;1693;3337;524;981;1900;1584;1719;1813;2115;1739;451;1961;2463;1579;1375;1751;2421,0.2375,1784.05,0,0.0,0,2503,0,0,1,
qwen2.5:1.5b,Q4_K_M,5,non-ordered,math_bench_2,direct,True,none,solve,1.0,8192,48149,ECHO DELTA XRAY,URCHIN,5,8,20,,15,0;1;1;0;1;0;0;1;1;1;1;1;1;1;1;0;1;1;1;1,,0.0;0.0;0.0;0.0;0.0;0.0;0.0;0.0;0.0;0.0;0.0;0.0;0.0;0.25;0.0;0.0;0.0;0.0;0.0;0.0,0;0;0;0;0;0;0;0;0;0;0;0;0;0;0;0;0;0;0;0,0.0125,0.0,0,0.0,0,180,0,1,,
qwen2.5:1.5b,Q4_K_M,5,non-ordered,math_bench_4,cot,True,none,solve,1.0,8192,48149,ECHO DELTA XRAY,URCHIN,5,8,20,15,8,1;1;0;1;1;0;0;0;0;1;0;0;0;0;1;0;0;0;1;1,0;1;1;0;1;1;1;1;0;1;1;1;1;0;0;1;1;1;1;1,0.25;0.0;0.25;0.0;0.25;0.0;0.25;0.0;0.0;0.25;0.25;0.0;0.0;0.0;0.0;0.25;0.25;0.0;0.0;0.25,1979;1411;2252;622;1440;4011;2185;1566;2746;2465;2382;3437;1562;1299;1243;2264;3971;2275;1671;2588,0.1125,2168.45,0,0.0,0,1285,0,0,0,
qwen2.5:1.5b,Q4_K_M,5,non-ordered,math_bench_4,direct,True,none,solve,1.0,8192,48149,ECHO DELTA XRAY,URCHIN,5,8,20,,18,1;1;1;1;1;1;1;1;0;1;1;1;1;1;1;0;1;1;1;1,,0.0;0.0;0.0;0.0;0.0;0.0;0.0;0.0;0.0;0.0;0.0;0.0;0.0;0.0;0.0;0.25;0.0;0.0;0.0;0.0,0;0;0;0;0;0;0;0;0;0;0;0;0;0;0;0;0;0;0;0,0.0125,0.0,0,0.0,0,139,0,1,,
qwen2.5:1.5b,Q4_K_M,5,non-ordered,math_bench_5,cot,True,none,solve,1.0,8192,48149,ECHO DELTA XRAY,URCHIN,5,8,20,15,9,0;0;0;1;1;0;0;0;1;1;0;0;1;0;0;1;0;1;1;1,0;0;0;1;0;1;1;1;1;1;1;1;1;1;1;1;0;1;1;1,0.0;0.0;0.0;0.0;0.0;0.0;0.25;0.0;0.25;0.0;0.0;0.0;0.25;0.0;0.0;0.0;0.0;0.0;0.0;0.0,1440;1779;2381;2048;529;3262;1907;1735;2126;1554;2327;1702;1852;2586;3080;2348;357;2181;2852;2797,0.0375,2042.15,0,0.0,0,827,0,1,0,
qwen2.5:1.5b,Q4_K_M,5,non-ordered,math_bench_5,direct,True,none,solve,1.0,8192,48149,ECHO DELTA XRAY,URCHIN,5,8,20,,12,1;1;0;1;1;1;1;0;1;0;0;1;1;1;1;0;0;0;0;1,,0.0;0.25;0.0;0.25;0.0;0.0;0.0;0.25;0.25;0.0;0.0;0.0;0.25;0.0;0.0;0.0;0.0;0.0;0.0;0.0,0;0;0;0;0;0;0;0;0;0;0;0;0;0;0;0;0;0;0;0,0.0625,0.0,0,0.0,0,124,0,1,,
qwen2.5:1.5b,Q4_K_M,5,non-ordered,trivial,cot,True,none,solve,1.0,8192,49114,WHISKEY TANGO ALPHA,FALCON,5,13,20,6,6,0;0;1;1;1;0;0;0;0;1;0;0;0;1;0;1;0;0;0;0,0;0;1;1;0;0;0;0;0;1;0;0;1;1;0;1;0;0;0;0,0.75;1.0;0.25;1.0;1.0;0.0;0.5;1.0;0.5;0.5;0.5;0.5;0.75;0.25;0.0;0.25;0.5;0.75;0.75;0.5,245;958;292;481;449;369;141;265;258;290;217;242;280;1373;200;156;144;227;208;1021,0.5625,390.8,0,0.0,0,381,0,0,0,
qwen2.5:1.5b,Q4_K_M,5,non-ordered,trivial,direct,True,none,solve,1.0,8192,49114,WHISKEY TANGO ALPHA,FALCON,5,13,20,,14,0;1;0;1;0;1;1;1;0;1;1;1;1;0;1;0;1;1;1;1,,1.0;0.5;1.0;1.0;1.0;1.0;1.0;1.0;1.0;1.0;1.0;1.0;1.0;0.0;1.0;1.0;1.0;1.0;1.0;0.0,0;0;0;0;0;0;0;0;0;0;0;0;0;0;0;0;0;0;0;0,0.875,0.0,0,0.0,0,109,0,0,,
qwen2.5:1.5b,Q4_K_M,5,non-ordered,math_bench_2,cot,True,none,solve,1.0,8192,49149,KILO ALPHA INDIA,INKWELL,5,12,20,13,10,0;0;1;0;1;0;0;1;1;1;1;0;1;0;0;0;0;1;1;1,0;0;1;1;1;0;1;1;0;0;1;1;1;1;0;1;0;1;1;1,0.25;0.75;0.25;0.25;0.5;0.0;0.75;0.0;0.0;0.25;0.0;0.0;0.25;0.25;0.75;0.25;0.0;0.0;0.5;0.25,264;955;679;2001;2666;142;2032;1941;580;706;1569;2194;2386;1009;970;1099;774;2925;2028;2098,0.2625,1450.9,0,0.0,0,556,0,0,0,
qwen2.5:1.5b,Q4_K_M,5,non-ordered,math_bench_2,direct,True,none,solve,1.0,8192,49149,KILO ALPHA INDIA,INKWELL,5,12,20,,2,0;0;0;1;0;0;1;0;0;0;0;0;0;0;0;0;0;0;0;0,,0.0;0.0;0.0;0.0;0.0;0.0;0.0;0.0;0.0;0.0;0.0;0.0;0.0;0.0;0.0;0.0;0.0;0.0;0.0;0.0,0;0;0;0;0;0;0;0;0;0;0;0;0;0;0;0;0;0;0;0,0.0,0.0,0,0.0,0,136,0,0,,
qwen2.5:1.5b,Q4_K_M,5,non-ordered,math_bench_4,cot,True,none,solve,1.0,8192,49149,KILO ALPHA INDIA,INKWELL,5,12,20,12,7,0;1;1;1;0;0;0;0;0;1;0;1;1;0;0;0;1;0;0;0,1;1;1;0;1;0;1;0;0;1;0;1;1;0;0;1;1;1;0;1,0.0;0.0;0.0;0.0;0.0;0.0;0.25;0.0;0.0;0.0;0.5;0.0;0.0;0.0;0.0;0.0;0.0;0.0;0.0;0.0,2856;3115;1361;963;1500;701;1481;815;1251;681;779;1745;1428;179;431;1904;819;1387;1173;1120,0.0375,1284.45,0,0.0,0,1081,0,1,1,
qwen2.5:1.5b,Q4_K_M,5,non-ordered,math_bench_4,direct,True,none,solve,1.0,8192,49149,KILO ALPHA INDIA,INKWELL,5,12,20,,9,1;0;1;0;1;1;0;0;0;1;0;0;0;1;0;0;1;1;0;1,,0.0;0.0;0.0;0.0;0.0;0.0;0.25;0.0;0.0;0.0;0.0;0.0;0.0;0.0;0.0;0.0;0.25;0.25;0.0;0.0,0;0;0;0;0;0;0;0;0;0;0;0;0;0;0;0;0;0;0;0,0.0375,0.0,0,0.0,0,100,0,0,,
qwen2.5:1.5b,Q4_K_M,5,non-ordered,math_bench_5,cot,True,none,solve,1.0,8192,49149,KILO ALPHA INDIA,INKWELL,5,12,20,13,5,0;0;1;0;0;0;1;0;0;0;0;0;0;0;0;0;1;0;1;1,0;1;1;1;1;1;1;1;1;1;1;0;0;0;1;1;0;0;1;0,0.0;0.0;0.5;0.0;0.0;0.0;0.0;0.0;0.0;0.5;0.0;0.0;0.0;0.0;0.0;0.0;0.0;0.0;0.0;0.0,0;3422;1318;3642;6384;0;933;2768;2735;2578;1657;1144;1548;1638;2980;2905;544;956;3073;1276,0.05,2075.05,0,0.0,0,1840,0,0,1,
qwen2.5:1.5b,Q4_K_M,5,non-ordered,math_bench_5,direct,True,none,solve,1.0,8192,49149,KILO ALPHA INDIA,INKWELL,5,12,20,,5,0;0;1;1;0;0;0;0;0;0;0;0;0;1;0;0;1;1;0;0,,0.0;0.5;0.0;0.0;0.0;0.25;0.0;0.0;0.25;0.0;0.0;0.0;0.25;0.0;0.0;0.0;0.0;0.0;0.0;0.0,0;0;0;0;0;0;0;0;0;0;0;0;0;0;0;0;0;0;0;0,0.0625,0.0,0,0.0,0,114,0,0,,
qwen2.5:1.5b,Q4_K_M,5,non-ordered,trivial,cot,True,none,solve,1.0,8192,50114,VICTOR UNIFORM FOXTROT,PLATYPUS,5,15,20,10,7,0;0;0;0;1;0;1;0;1;1;0;0;1;0;0;1;0;0;0;1,0;0;0;0;1;0;1;1;1;1;0;0;1;1;0;1;1;0;0;1,0.75;0.5;1.0;1.0;1.0;0.75;0.75;0.0;0.75;0.75;0.75;0.5;0.75;0.5;0.25;1.0;1.0;0.5;0.5;1.0,1458;166;854;2426;1902;813;1048;1338;1148;1095;1229;431;1941;1013;127;1578;1202;232;1193;1116,0.7,1115.5,0,0.0,0,1232,0,0,0,
qwen2.5:1.5b,Q4_K_M,5,non-ordered,trivial,direct,True,none,solve,1.0,8192,50114,VICTOR UNIFORM FOXTROT,PLATYPUS,5,15,20,,6,0;0;0;1;0;1;0;1;0;0;0;0;0;0;0;1;0;0;1;1,,0.5;1.0;1.0;0.75;0.5;1.0;1.0;1.0;0.5;0.5;1.0;0.5;1.0;1.0;0.75;1.0;0.75;1.0;1.0;1.0,0;0;0;0;0;0;0;0;0;0;0;0;0;0;0;0;0;0;0;0,0.8375,0.0,0,0.0,0,105,0,0,,
qwen2.5:1.5b,Q4_K_M,5,non-ordered,math_bench_2,cot,True,none,solve,1.0,8192,50149,BRAVO JULIET FOXTROT,FALCON,5,14,20,11,6,1;0;0;0;0;0;0;1;0;0;0;0;1;0;0;0;0;1;1;1,1;0;0;0;0;1;0;1;1;0;1;0;1;1;0;0;1;1;1;1,0.0;0.0;0.0;0.5;0.25;0.0;0.0;0.25;0.0;0.0;0.0;0.5;0.5;0.0;0.25;0.0;0.25;0.5;0.5;0.25,2529;1200;545;610;643;924;342;1486;459;162;1153;752;2005;1527;929;1410;3544;1698;1376;2688,0.1875,1299.1,0,0.0,0,1147,0,0,0,
qwen2.5:1.5b,Q4_K_M,5,non-ordered,math_bench_2,direct,True,none,solve,1.0,8192,50149,BRAVO JULIET FOXTROT,FALCON,5,14,20,,2,0;0;0;1;0;0;1;0;0;0;0;0;0;0;0;0;0;0;0;0,,0.0;0.0;0.0;0.25;0.0;0.0;0.0;0.0;0.0;0.0;0.0;0.0;0.0;0.0;0.25;0.0;0.0;0.0;0.0;0.0,0;0;0;0;0;0;0;0;0;0;0;0;0;0;0;0;0;0;0;0,0.025,0.0,0,0.0,0,99,0,0,,
qwen2.5:1.5b,Q4_K_M,5,non-ordered,math_bench_4,cot,True,none,solve,1.0,8192,50149,BRAVO JULIET FOXTROT,FALCON,5,14,20,12,9,0;1;0;1;0;0;0;0;1;0;1;1;1;0;1;1;1;0;0;0,0;1;1;1;0;0;0;0;1;0;1;1;1;0;1;1;1;1;0;1,0.0;0.0;0.25;0.0;0.25;0.0;0.25;0.0;0.0;0.0;0.25;0.0;0.0;0.25;0.0;0.0;0.5;0.0;0.0;0.0,3041;1663;2204;2046;931;1263;1298;1116;3652;1027;1067;2716;1670;934;1746;1707;1924;568;459;3898,0.0875,1746.5,0,0.0,0,2025,0,0,0,
qwen2.5:1.5b,Q4_K_M,5,non-ordered,math_bench_4,direct,True,none,solve,1.0,8192,50149,BRAVO JULIET FOXTROT,FALCON,5,14,20,,9,0;1;0;0;1;0;1;0;0;1;0;0;1;1;1;1;1;0;0;0,,0.0;0.0;0.0;0.0;0.0;0.0;0.0;0.0;0.0;0.0;0.0;0.0;0.0;0.0;0.0;0.0;0.0;0.0;0.0;0.0,0;0;0;0;0;0;0;0;0;0;0;0;0;0;0;0;0;0;0;0,0.0,0.0,0,0.0,0,16,0,0,,
qwen2.5:1.5b,Q4_K_M,5,non-ordered,math_bench_5,cot,True,none,solve,1.0,8192,50149,BRAVO JULIET FOXTROT,FALCON,5,14,20,12,5,0;0;0;0;0;1;0;0;0;0;0;1;0;0;0;1;0;0;1;1,0;0;0;1;0;1;1;1;1;0;1;1;1;0;1;1;0;1;1;0,0.0;0.0;0.0;0.0;0.0;0.0;0.0;0.0;0.0;0.0;0.0;0.0;0.0;0.0;0.0;0.0;0.0;0.0;0.0;0.0,2157;815;1766;1680;1865;873;3650;1386;1629;156;3210;2195;2145;926;2072;1886;689;1117;1369;2821,0.0,1720.35,0,0.0,0,1412,0,0,0,
qwen2.5:1.5b,Q4_K_M,5,non-ordered,math_bench_5,direct,True,none,solve,1.0,8192,50149,BRAVO JULIET FOXTROT,FALCON,5,14,20,,8,0;0;1;1;0;0;0;0;0;1;1;0;1;0;1;1;0;0;0;1,,0.0;0.25;0.25;0.0;0.0;0.0;0.0;0.0;0.0;0.0;0.0;0.0;0.0;0.0;0.0;0.0;0.0;0.0;0.0;0.0,0;0;0;0;0;0;0;0;0;0;0;0;0;0;0;0;0;0;0;0,0.025,0.0,0,0.0,0,133,0,1,,
qwen2.5:1.5b,Q4_K_M,5,non-ordered,trivial,cot,True,none,solve,1.0,8192,51114,GOLF YANKEE BRAVO,GAZEBO,5,12,20,14,13,1;1;1;1;1;0;1;0;1;1;1;0;1;1;1;0;0;0;0;1,1;1;1;1;0;1;1;0;1;0;1;1;1;1;1;0;1;0;0;1,1.0;0.25;0.75;1.0;0.5;0.0;1.0;0.75;0.75;0.75;1.0;0.0;1.0;0.5;1.0;0.75;0.5;0.25;0.75;1.0,1391;395;440;931;434;546;1890;205;946;359;1431;438;518;279;1099;296;1565;443;252;552,0.675,720.5,0,0.0,0,501,0,1,1,
qwen2.5:1.5b,Q4_K_M,5,non-ordered,trivial,direct,True,none,solve,1.0,8192,51114,GOLF YANKEE BRAVO,GAZEBO,5,12,20,,16,1;1;1;0;1;1;1;1;1;1;1;1;0;1;1;1;0;1;0;1,,1.0;0.75;0.75;0.75;0.75;0.75;0.75;0.75;0.75;0.75;0.75;0.75;0.75;0.75;0.0;0.75;0.75;0.75;0.75;0.75,0;0;0;0;0;0;0;0;0;0;0;0;0;0;0;0;0;0;0;0,0.725,0.0,0,0.0,0,116,0,1,,
qwen2.5:1.5b,Q4_K_M,5,non-ordered,math_bench_2,cot,True,none,solve,1.0,8192,51149,CHARLIE JULIET HOTEL,HEDGEHOG,5,14,20,13,2,0;0;0;0;0;0;1;0;0;0;0;0;0;0;0;0;0;1;0;0,0;1;0;1;1;1;1;1;0;1;1;0;1;0;1;1;0;0;1;1,0.0;0.0;0.0;0.0;0.0;0.5;0.0;0.5;0.0;0.25;0.0;0.25;0.25;0.0;0.5;0.0;0.0;0.25;0.0;0.25,1422;2356;1140;3563;1940;1203;2517;1837;818;817;3039;2462;1834;1442;2220;2072;552;755;3905;1742,0.1375,1881.8,0,0.0,0,1282,0,1,1,
qwen2.5:1.5b,Q4_K_M,5,non-ordered,math_bench_2,direct,True,none,solve,1.0,8192,51149,CHARLIE JULIET HOTEL,HEDGEHOG,5,14,20,,9,0;0;1;0;0;1;0;1;1;0;1;0;1;0;0;0;0;1;1;1,,0.0;0.25;0.25;0.0;0.0;0.0;0.0;0.0;0.0;0.0;0.0;0.0;0.0;0.0;0.0;0.0;0.0;0.0;0.25;0.0,0;0;0;0;0;0;0;0;0;0;0;0;0;0;0;0;0;0;0;0,0.0375,0.0,0,0.0,0,141,0,1,,
qwen2.5:1.5b,Q4_K_M,5,non-ordered,math_bench_4,cot,True,none,solve,1.0,8192,51149,CHARLIE JULIET HOTEL,HEDGEHOG,5,14,20,4,6,0;0;1;0;0;1;0;1;0;1;1;0;0;0;0;0;0;0;1;0,0;0;0;0;1;0;0;0;0;1;0;0;0;1;0;0;0;0;1;0,0.25;0.25;0.0;0.25;0.0;0.0;0.25;0.25;0.0;0.0;0.25;0.25;0.5;0.0;0.0;0.25;0.0;0.0;0.25;0.25,959;320;656;419;724;624;583;885;611;773;954;172;956;2448;427;1028;526;333;1891;235,0.15,776.2,0,0.0,0,306,0,0,0,
qwen2.5:1.5b,Q4_K_M,5,non-ordered,math_bench_4,direct,True,none,solve,1.0,8192,51149,CHARLIE JULIET HOTEL,HEDGEHOG,5,14,20,,19,1;1;1;1;1;1;1;1;1;0;1;1;1;1;1;1;1;1;1;1,,0.25;0.0;0.0;0.5;0.0;0.0;0.0;0.0;0.0;0.0;0.0;0.0;0.0;0.0;0.0;0.25;0.0;0.0;0.0;0.0,0;0;0;0;0;0;0;0;0;0;0;0;0;0;0;0;0;0;0;0,0.05,0.0,0,0.0,0,126,0,1,,
qwen2.5:1.5b,Q4_K_M,5,non-ordered,math_bench_5,cot,True,none,solve,1.0,8192,51149,CHARLIE JULIET HOTEL,HEDGEHOG,5,14,20,8,2,1;0;0;0;0;0;0;0;0;0;0;1;0;0;0;0;0;0;0;0,0;1;0;0;1;1;1;0;1;1;1;1;0;0;0;0;0;0;0;0,0.0;0.0;0.0;0.0;0.0;0.0;0.0;0.0;0.0;0.0;0.0;0.0;0.0;0.0;0.0;0.0;0.0;0.25;0.0;0.0,332;2714;472;402;2127;1239;785;607;3812;1476;760;3277;1389;876;529;262;1176;1500;645;333,0.0125,1235.65,0,0.0,0,821,0,0,0,
qwen2.5:1.5b,Q4_K_M,5,non-ordered,math_bench_5,direct,True,none,solve,1.0,8192,51149,CHARLIE JULIET HOTEL,HEDGEHOG,5,14,20,,18,1;1;0;1;1;1;1;1;1;1;1;0;1;1;1;1;1;1;1;1,,0.0;0.0;0.0;0.0;0.0;0.0;0.0;0.0;0.0;0.0;0.0;0.0;0.0;0.25;0.0;0.0;0.0;0.0;0.0;0.0,0;0;0;0;0;0;0;0;0;0;0;0;0;0;0;0;0;0;0;0,0.0125,0.0,0,0.0,0,398,0,0,,
qwen2.5:1.5b,Q4_K_M,5,non-ordered,trivial,cot,True,none,solve,1.0,8192,52114,ALPHA QUEBEC LIMA,WALNUT,5,14,20,11,12,0;1;0;1;1;0;1;0;1;0;0;1;1;0;1;1;0;1;1;1,0;1;0;1;1;0;1;1;1;0;1;1;0;0;1;0;0;1;0;1,1.0;1.0;0.75;1.0;0.75;0.5;0.75;1.0;0.75;0.5;0.5;0.5;0.75;0.5;1.0;0.75;0.5;0.75;0.75;0.5,1306;1011;220;460;640;184;423;1107;715;159;246;164;214;187;1304;247;271;1026;562;430,0.725,543.8,0,0.0,0,663,0,0,1,
qwen2.5:1.5b,Q4_K_M,5,non-ordered,trivial,direct,True,none,solve,1.0,8192,52114,ALPHA QUEBEC LIMA,WALNUT,5,14,20,,15,0;1;0;1;1;1;1;1;0;1;1;1;1;1;1;1;1;0;1;0,,1.0;1.0;1.0;1.0;1.0;1.0;1.0;1.0;1.0;1.0;1.0;1.0;1.0;1.0;1.0;1.0;1.0;1.0;1.0;1.0,0;0;0;0;0;0;0;0;0;0;0;0;0;0;0;0;0;0;0;0,1.0,0.0,0,0.0,0,146,0,0,,
qwen2.5:1.5b,Q4_K_M,5,non-ordered,math_bench_2,cot,True,none,solve,1.0,8192,52149,UNIFORM CHARLIE LIMA,ANCHOVY,5,10,20,15,10,1;1;1;1;1;0;0;0;1;0;0;0;1;0;1;1;0;0;1;0,1;1;1;0;1;1;1;1;1;0;1;1;1;0;1;1;0;1;1;0,0.75;0.25;0.5;0.25;0.0;0.0;0.75;0.5;0.0;0.0;0.0;0.0;0.0;0.0;0.75;0.5;0.0;0.5;0.5;0.75,1129;2152;2653;780;1284;1814;1780;1562;2432;625;2021;3068;2422;944;2342;2486;227;919;1640;746,0.3,1651.3,0,0.0,0,2803,0,1,1,
qwen2.5:1.5b,Q4_K_M,5,non-ordered,math_bench_2,direct,True,none,solve,1.0,8192,52149,UNIFORM CHARLIE LIMA,ANCHOVY,5,10,20,,17,1;0;1;1;1;1;1;1;1;1;1;1;1;1;1;0;1;1;0;1,,0.0;0.0;0.0;0.0;0.25;0.5;0.0;0.25;0.0;0.0;0.0;0.25;0.0;0.25;0.0;0.25;0.25;0.25;0.0;0.5,0;0;0;0;0;0;0;0;0;0;0;0;0;0;0;0;0;0;0;0,0.1375,0.0,0,0.0,0,476,0,1,,
qwen2.5:1.5b,Q4_K_M,5,non-ordered,math_bench_4,cot,True,none,solve,1.0,8192,52149,UNIFORM CHARLIE LIMA,ANCHOVY,5,10,20,13,9,1;0;0;0;0;0;1;1;0;1;0;0;0;1;1;1;1;0;0;1,1;0;1;0;0;1;1;0;1;1;0;1;1;0;1;1;1;1;0;1,0.5;0.0;0.25;0.0;0.25;0.25;0.0;0.25;0.25;0.0;0.0;0.0;0.25;0.5;0.25;0.0;0.25;0.25;0.0;0.0,2982;632;2017;257;1537;1941;960;666;3426;774;1014;1425;1929;1464;4235;3440;3012;2253;1165;3326,0.1625,1922.75,0,0.0,0,840,0,0,0,
qwen2.5:1.5b,Q4_K_M,5,non-ordered,math_bench_4,direct,True,none,solve,1.0,8192,52149,UNIFORM CHARLIE LIMA,ANCHOVY,5,10,20,,11,0;0;1;1;0;1;0;1;0;1;1;0;0;1;1;1;0;0;1;1,,0.0;0.0;0.25;0.0;0.25;0.25;0.0;0.0;0.0;0.25;0.0;0.0;0.25;0.25;0.0;0.0;0.0;0.0;0.25;0.25,0;0;0;0;0;0;0;0;0;0;0;0;0;0;0;0;0;0;0;0,0.1,0.0,0,0.0,0,140,0,1,,
qwen2.5:1.5b,Q4_K_M,5,non-ordered,math_bench_5,cot,True,none,solve,1.0,8192,52149,UNIFORM CHARLIE LIMA,ANCHOVY,5,10,20,11,8,0;1;1;0;0;0;0;0;1;0;0;0;0;0;1;0;1;1;1;1,1;1;1;0;0;1;0;0;1;0;0;0;0;1;1;1;1;0;1;1,0.0;0.0;0.0;0.0;0.0;0.0;0.0;0.0;0.0;0.0;0.0;0.0;0.0;0.0;0.0;0.25;0.0;0.0;0.0;0.25,1714;1285;1494;727;1787;1851;618;840;2427;687;2619;2541;3469;1528;2547;1158;1641;462;1848;925,0.025,1608.4,0,0.0,0,1383,0,0,0,
qwen2.5:1.5b,Q4_K_M,5,non-ordered,math_bench_5,direct,True,none,solve,1.0,8192,52149,UNIFORM CHARLIE LIMA,ANCHOVY,5,10,20,,9,0;1;0;1;0;0;1;0;0;1;0;0;0;0;1;1;1;1;1;0,,0.25;0.0;0.25;0.0;0.0;0.0;0.0;0.0;0.0;0.0;0.0;0.0;0.0;0.25;0.0;0.0;0.0;0.0;0.0;0.0,0;0;0;0;0;0;0;0;0;0;0;0;0;0;0;0;0;0;0;0,0.0375,0.0,0,0.0,0,174,0,1,,
qwen2.5:1.5b,Q4_K_M,5,non-ordered,trivial,cot,True,none,solve,1.0,8192,53114,FOXTROT OSCAR SIERRA,ROOSTER,5,14,20,12,13,0;1;0;1;1;0;1;0;1;1;1;1;1;1;0;1;0;1;0;1,0;1;0;1;1;0;1;0;1;0;1;1;1;1;0;1;0;1;0;1,0.0;1.0;1.0;0.25;1.0;0.5;0.25;0.75;0.25;0.75;0.25;0.5;0.75;0.75;1.0;0.5;0.75;0.25;1.0;0.75,134;1179;514;127;1426;140;269;253;150;412;173;603;466;446;687;192;824;374;1041;1161,0.6125,528.55,0,0.0,0,1377,0,0,0,
qwen2.5:1.5b,Q4_K_M,5,non-ordered,trivial,direct,True,none,solve,1.0,8192,53114,FOXTROT OSCAR SIERRA,ROOSTER,5,14,20,,20,1;1;1;1;1;1;1;1;1;1;1;1;1;1;1;1;1;1;1;1,,1.0;0.75;1.0;1.0;1.0;1.0;1.0;1.0;1.0;1.0;1.0;1.0;1.0;0.0;1.0;1.0;1.0;1.0;1.0;1.0,0;0;0;0;0;0;0;0;0;0;0;0;0;0;0;0;0;0;0;0,0.9375,0.0,0,0.0,0,0,0,0,,
qwen2.5:1.5b,Q4_K_M,5,non-ordered,math_bench_2,cot,True,none,solve,1.0,8192,53149,WHISKEY FOXTROT BRAVO,METRONOME,5,15,20,10,8,0;1;0;1;1;1;1;0;0;0;0;0;1;0;1;0;0;0;1;0,0;1;0;1;1;1;1;0;0;0;0;1;1;0;1;0;1;0;1;0,0.25;0.25;0.5;0.0;0.25;0.0;0.25;0.0;0.25;0.0;0.25;0.0;0.25;0.0;0.0;0.0;0.25;0.0;0.25;0.25,795;914;617;758;939;1396;656;1108;548;422;1277;2387;655;770;3584;1405;1039;646;1473;522,0.15,1095.55,0,0.0,0,431,0,0,0,
qwen2.5:1.5b,Q4_K_M,5,non-ordered,math_bench_2,direct,True,none,solve,1.0,8192,53149,WHISKEY FOXTROT BRAVO,METRONOME,5,15,20,,1,0;0;0;0;0;0;1;0;0;0;0;0;0;0;0;0;0;0;0;0,,0.0;0.25;0.0;0.25;0.0;0.0;0.25;0.0;0.25;0.25;0.0;0.0;0.25;0.0;0.0;0.0;0.25;0.25;0.25;0.0,0;0;0;0;0;0;0;0;0;0;0;0;0;0;0;0;0;0;0;0,0.1125,0.0,0,0.0,0,830,0,0,,
qwen2.5:1.5b,Q4_K_M,5,non-ordered,math_bench_4,cot,True,none,solve,1.0,8192,53149,WHISKEY FOXTROT BRAVO,METRONOME,5,15,20,8,9,0;1;1;0;1;1;0;1;1;1;0;0;1;0;0;0;0;0;1;0,0;1;1;0;1;0;0;1;1;1;0;0;0;0;0;0;0;0;1;1,0.25;0.25;0.0;0.0;0.0;0.0;0.0;0.25;0.0;0.0;0.25;0.0;0.25;0.0;0.0;0.0;0.0;0.25;0.0;0.5,888;1018;1890;1091;2330;164;186;1163;943;831;166;143;469;181;1067;431;419;367;1449;2592,0.1,889.4,0,0.0,0,594,0,0,0,
qwen2.5:1.5b,Q4_K_M,5,non-ordered,math_bench_4,direct,True,none,solve,1.0,8192,53149,WHISKEY FOXTROT BRAVO,METRONOME,5,15,20,,2,0;0;0;0;0;0;0;0;0;0;0;0;0;0;1;0;0;1;0;0,,0.0;0.0;0.0;0.0;0.0;0.0;0.0;0.0;0.0;0.0;0.0;0.0;0.0;0.0;0.0;0.0;0.25;0.0;0.0;0.0,0;0;0;0;0;0;0;0;0;0;0;0;0;0;0;0;0;0;0;0,0.0125,0.0,0,0.0,0,89,0,0,,
qwen2.5:1.5b,Q4_K_M,5,non-ordered,math_bench_5,cot,True,none,solve,1.0,8192,53149,WHISKEY FOXTROT BRAVO,METRONOME,5,15,20,8,6,1;1;0;0;0;0;0;0;0;0;0;0;1;1;0;0;1;1;0;0,1;1;0;0;0;0;0;0;0;0;0;1;1;1;0;1;1;1;0;0,0.0;0.0;0.0;0.0;0.0;0.0;0.0;0.0;0.0;0.0;0.0;0.0;0.0;0.0;0.0;0.0;0.0;0.0;0.0;0.0,2272;510;1149;607;1514;1520;0;1039;457;1024;541;1503;1025;1019;509;1008;0;2769;758;1023,0.0,1012.35,0,0.0,0,956,0,0,0,
qwen2.5:1.5b,Q4_K_M,5,non-ordered,math_bench_5,direct,True,none,solve,1.0,8192,53149,WHISKEY FOXTROT BRAVO,METRONOME,5,15,20,,2,0;0;0;0;1;0;0;0;0;0;0;0;0;0;0;0;0;0;0;1,,0.0;0.0;0.0;0.0;0.0;0.25;0.0;0.0;0.0;0.25;0.0;0.0;0.0;0.0;0.0;0.0;0.0;0.0;0.25;0.0,0;0;0;0;0;0;0;0;0;0;0;0;0;0;0;0;0;0;0;0,0.0375,0.0,0,0.0,0,134,0,1,,
qwen2.5:1.5b,Q4_K_M,5,non-ordered,trivial,cot,True,none,solve,1.0,8192,54114,NOVEMBER FOXTROT MIKE,ABACUS,5,15,20,12,12,1;1;0;1;0;1;0;1;0;1;1;1;0;0;0;1;0;1;1;1,1;1;0;1;0;0;0;0;1;1;1;1;0;0;1;1;0;1;1;1,1.0;0.25;0.5;1.0;0.5;1.0;0.75;0.5;0.0;0.25;0.75;0.0;0.75;0.5;0.75;0.5;0.5;0.5;0.0;0.75,1567;1230;283;1302;1060;402;280;331;197;164;1438;189;472;567;977;390;636;343;607;1000,0.5375,671.75,0,0.0,0,1069,0,1,1,
qwen2.5:1.5b,Q4_K_M,5,non-ordered,trivial,direct,True,none,solve,1.0,8192,54114,NOVEMBER FOXTROT MIKE,ABACUS,5,15,20,,1,0;0;0;0;0;0;0;0;0;0;0;0;0;0;0;0;0;0;0;1,,1.0;1.0;1.0;0.75;1.0;1.0;1.0;1.0;0.75;1.0;1.0;0.75;0.75;1.0;1.0;1.0;1.0;0.75;1.0;1.0,0;0;0;0;0;0;0;0;0;0;0;0;0;0;0;0;0;0;0;0,0.9375,0.0,0,0.0,0,77,0,0,,
qwen2.5:1.5b,Q4_K_M,5,non-ordered,math_bench_2,cot,True,none,solve,1.0,8192,54149,ZULU SIERRA GOLF,LILAC,5,14,20,16,7,0;1;1;0;0;0;0;1;0;0;0;0;0;1;1;0;1;0;0;1,1;1;1;1;0;1;1;1;0;0;0;1;1;1;1;1;1;1;1;1,0.25;0.0;0.25;0.0;0.25;0.25;0.0;0.0;0.25;0.25;0.0;0.5;0.0;0.0;0.0;0.0;0.25;0.0;0.0;0.0,1564;1180;2455;1233;2873;2458;2480;1761;519;1257;1945;2256;1639;1829;3228;609;1599;2138;2685;875,0.1125,1829.15,0,0.0,0,688,0,0,0,
qwen2.5:1.5b,Q4_K_M,5,non-ordered,math_bench_2,direct,True,none,solve,1.0,8192,54149,ZULU SIERRA GOLF,LILAC,5,14,20,,14,1;1;1;0;1;1;1;0;1;1;0;1;1;1;0;1;1;0;0;1,,0.0;0.25;0.0;0.0;0.0;0.0;0.25;0.25;0.25;0.25;0.25;0.25;0.25;0.0;0.25;0.25;0.25;0.25;0.25;0.0,0;0;0;0;0;0;0;0;0;0;0;0;0;0;0;0;0;0;0;0,0.1625,0.0,0,0.0,0,214,0,1,,
qwen2.5:1.5b,Q4_K_M,5,non-ordered,math_bench_4,cot,True,none,solve,1.0,8192,54149,ZULU SIERRA GOLF,LILAC,5,14,20,11,8,0;0;1;1;1;0;0;1;1;0;0;0;0;0;1;0;0;0;1;1,1;0;1;1;1;1;0;1;1;0;0;0;1;0;1;0;0;1;1;0,0.0;0.0;0.25;0.0;0.0;0.25;0.0;0.0;0.0;0.0;0.0;0.0;0.0;0.0;0.25;0.0;0.0;0.0;0.25;0.0,1736;616;1154;1965;2038;2122;267;2717;867;222;1033;93;2152;857;1885;205;1807;2482;2453;1038,0.05,1385.45,0,0.0,0,1927,0,0,0,
qwen2.5:1.5b,Q4_K_M,5,non-ordered,math_bench_4,direct,True,none,solve,1.0,8192,54149,ZULU SIERRA GOLF,LILAC,5,14,20,,6,0;1;0;0;0;0;1;0;0;0;0;0;0;1;1;0;1;0;1;0,,0.0;0.0;0.0;0.0;0.0;0.0;0.0;0.0;0.0;0.0;0.0;0.0;0.0;0.0;0.0;0.0;0.0;0.0;0.0;0.0,0;0;0;0;0;0;0;0;0;0;0;0;0;0;0;0;0;0;0;0,0.0,0.0,0,0.0,0,132,0,0,,
qwen2.5:1.5b,Q4_K_M,5,non-ordered,math_bench_5,cot,True,none,solve,1.0,8192,54149,ZULU SIERRA GOLF,LILAC,5,14,20,14,8,0;1;0;0;0;0;1;0;0;0;0;1;1;0;1;1;0;1;0;1,0;1;1;1;0;1;1;0;1;0;0;1;1;0;1;1;1;1;1;1,0.0;0.0;0.0;0.0;0.0;0.0;0.0;0.25;0.0;0.25;0.0;0.0;0.0;0.0;0.0;0.0;0.0;0.0;0.0;0.0,187;2314;2483;3369;752;1822;2487;1047;3534;998;1504;2270;1882;1301;2300;3153;1477;2224;2585;2123,0.025,1990.6,0,0.0,0,828,0,0,0,
qwen2.5:1.5b,Q4_K_M,5,non-ordered,math_bench_5,direct,True,none,solve,1.0,8192,54149,ZULU SIERRA GOLF,LILAC,5,14,20,,4,0;1;0;0;0;0;0;0;0;0;1;0;0;0;0;1;0;0;1;0,,0.0;0.0;0.0;0.0;0.0;0.0;0.0;0.0;0.0;0.0;0.0;0.0;0.0;0.0;0.25;0.0;0.0;0.0;0.25;0.0,0;0;0;0;0;0;0;0;0;0;0;0;0;0;0;0;0;0;0;0,0.025,0.0,0,0.0,0,93,0,0,,
qwen2.5:1.5b,Q4_K_M,5,non-ordered,trivial,cot,True,none,solve,1.0,8192,55114,HOTEL NOVEMBER GOLF,CACTUS,5,15,20,11,8,1;1;0;1;0;1;0;1;0;0;1;0;0;0;1;0;0;0;1;0,1;1;1;1;1;1;0;0;0;0;1;0;1;0;1;0;0;0;1;1,1.0;0.25;0.25;0.0;0.5;0.25;0.0;0.5;0.5;0.5;0.25;0.5;0.75;0.75;0.5;0.5;0.5;0.5;0.25;0.5,1054;164;105;406;894;141;150;342;126;126;155;1400;267;395;140;128;336;175;219;660,0.4375,369.15,0,0.0,0,1436,0,0,1,
qwen2.5:1.5b,Q4_K_M,5,non-ordered,trivial,direct,True,none,solve,1.0,8192,55114,HOTEL NOVEMBER GOLF,CACTUS,5,15,20,,12,0;1;0;1;1;0;1;1;0;0;0;1;1;1;0;1;1;1;0;1,,0.75;1.0;1.0;1.0;1.0;1.0;1.0;1.0;1.0;1.0;1.0;1.0;1.0;1.0;1.0;0.75;1.0;1.0;0.75;1.0,0;0;0;0;0;0;0;0;0;0;0;0;0;0;0;0;0;0;0;0,0.9625,0.0,0,0.0,0,117,0,1,,
qwen2.5:1.5b,Q4_K_M,5,non-ordered,math_bench_2,cot,True,none,solve,1.0,8192,55149,CHARLIE ALPHA ROMEO,MONGOOSE,5,14,20,12,10,0;1;0;0;0;1;0;1;1;1;0;1;1;1;0;0;0;1;0;1,0;0;0;0;1;0;1;0;1;1;1;1;1;1;1;0;0;1;1;1,0.0;0.0;0.0;0.0;0.25;0.0;0.25;0.0;0.0;0.25;0.5;0.0;0.0;0.0;0.0;0.25;0.5;0.0;0.0;0.0,1607;789;1872;671;1865;654;724;576;1439;2684;2777;276;490;1156;882;241;2174;678;554;2545,0.1,1232.7,0,0.0,0,1466,0,1,0,
qwen2.5:1.5b,Q4_K_M,5,non-ordered,math_bench_2,direct,True,none,solve,1.0,8192,55149,CHARLIE ALPHA ROMEO,MONGOOSE,5,14,20,,4,0;0;0;0;1;1;0;0;0;0;0;0;1;0;0;0;1;0;0;0,,0.0;0.0;0.0;0.0;0.0;0.0;0.0;0.25;0.0;0.0;0.25;0.0;0.0;0.0;0.0;0.0;0.25;0.0;0.0;0.25,0;0;0;0;0;0;0;0;0;0;0;0;0;0;0;0;0;0;0;0,0.05,0.0,0,0.0,0,99,0,0,,
qwen2.5:1.5b,Q4_K_M,5,non-ordered,math_bench_4,cot,True,none,solve,1.0,8192,55149,CHARLIE ALPHA ROMEO,MONGOOSE,5,14,20,12,4,0;0;0;1;0;1;0;0;0;0;0;0;0;0;0;0;1;0;0;1,1;1;0;1;1;1;1;1;1;0;1;0;0;0;1;0;0;0;1;1,0.25;0.0;0.0;0.25;0.0;0.0;0.0;0.25;0.0;0.0;0.0;0.25;0.0;0.25;0.25;0.0;0.0;0.0;0.25;0.0,2648;2972;149;212;5061;0;433;2821;917;0;2412;1305;1391;1199;634;1220;103;3066;3726;2432,0.0875,1635.05,0,0.0,0,1109,0,1,1,
qwen2.5:1.5b,Q4_K_M,5,non-ordered,math_bench_4,direct,True,none,solve,1.0,8192,55149,CHARLIE ALPHA ROMEO,MONGOOSE,5,14,20,,4,0;0;0;0;1;0;0;0;0;0;0;0;0;1;1;0;0;1;0;0,,0.0;0.0;0.0;0.0;0.0;0.0;0.0;0.0;0.0;0.0;0.0;0.0;0.0;0.0;0.0;0.0;0.25;0.0;0.0;0.0,0;0;0;0;0;0;0;0;0;0;0;0;0;0;0;0;0;0;0;0,0.0125,0.0,0,0.0,0,136,0,1,,
qwen2.5:1.5b,Q4_K_M,5,non-ordered,math_bench_5,cot,True,none,solve,1.0,8192,55149,CHARLIE ALPHA ROMEO,MONGOOSE,5,14,20,12,5,1;0;1;1;0;1;0;0;0;0;0;1;0;0;0;0;0;0;0;0,1;0;1;1;1;1;1;0;1;1;0;1;0;1;1;0;0;1;0;0,0.0;0.0;0.0;0.0;0.0;0.0;0.0;0.0;0.0;0.0;0.0;0.0;0.0;0.0;0.0;0.0;0.0;0.0;0.0;0.25,1524;206;1234;2725;1992;695;3321;658;1119;2097;160;522;618;2617;2259;86;992;3738;239;205,0.0125,1350.35,0,0.0,0,1134,0,0,1,
qwen2.5:1.5b,Q4_K_M,5,non-ordered,math_bench_5,direct,True,none,solve,1.0,8192,55149,CHARLIE ALPHA ROMEO,MONGOOSE,5,14,20,,0,0;0;0;0;0;0;0;0;0;0;0;0;0;0;0;0;0;0;0;0,,0.25;0.0;0.0;0.0;0.0;0.0;0.0;0.0;0.0;0.25;0.25;0.0;0.0;0.0;0.0;0.0;0.0;0.0;0.0;0.0,0;0;0;0;0;0;0;0;0;0;0;0;0;0;0;0;0;0;0;0,0.0375,0.0,0,0.0,0,106,0,0,,
qwen2.5:1.5b,Q4_K_M,5,non-ordered,trivial,cot,True,none,solve,1.0,8192,56114,NOVEMBER DELTA HOTEL,PYRAMID,5,15,20,14,13,0;0;1;1;1;1;1;1;1;0;1;1;0;0;1;1;0;0;1;1,0;0;0;1;1;1;1;1;1;1;0;1;1;0;1;1;0;1;1;1,0.0;1.0;0.75;1.0;1.0;0.25;1.0;0.75;1.0;0.75;1.0;0.25;0.25;0.5;0.75;1.0;0.0;0.25;1.0;1.0,187;1685;217;2078;1683;1708;2053;1203;1168;1920;191;2737;1342;342;709;1647;402;2263;1336;1467,0.675,1316.9,0,0.0,0,2110,0,0,1,
qwen2.5:1.5b,Q4_K_M,5,non-ordered,trivial,direct,True,none,solve,1.0,8192,56114,NOVEMBER DELTA HOTEL,PYRAMID,5,15,20,,6,0;1;1;0;0;0;0;0;1;1;1;0;0;0;0;0;0;0;1;0,,1.0;1.0;1.0;1.0;1.0;0.75;1.0;1.0;1.0;1.0;1.0;1.0;1.0;0.0;0.75;0.75;1.0;0.75;1.0;1.0,0;0;0;0;0;0;0;0;0;0;0;0;0;0;0;0;0;0;0;0,0.9,0.0,0,0.0,0,84,0,0,,
qwen2.5:1.5b,Q4_K_M,5,non-ordered,math_bench_2,cot,True,none,solve,1.0,8192,56149,VICTOR PAPA NOVEMBER,DOLPHIN,5,14,20,5,8,0;1;1;0;0;0;0;1;0;0;1;0;0;1;1;1;0;0;1;0,0;0;1;1;0;0;0;1;0;0;1;0;0;0;1;0;0;0;0;0,0.25;0.25;0.25;0.0;0.25;0.0;0.0;0.25;0.25;0.25;0.0;0.25;0.0;0.25;0.25;0.5;0.0;0.25;0.25;0.0,798;602;1263;3051;498;1751;134;516;132;548;3243;926;169;85;1037;606;378;291;859;699,0.175,879.3,0,0.0,0,860,0,0,0,
qwen2.5:1.5b,Q4_K_M,5,non-ordered,math_bench_2,direct,True,none,solve,1.0,8192,56149,VICTOR PAPA NOVEMBER,DOLPHIN,5,14,20,,10,1;1;0;1;1;1;1;0;1;0;0;0;1;1;0;0;0;0;0;1,,0.25;0.0;0.0;0.25;0.25;0.0;0.0;0.0;0.0;0.0;0.0;0.0;0.0;0.0;0.25;0.0;0.0;0.0;0.5;0.0,0;0;0;0;0;0;0;0;0;0;0;0;0;0;0;0;0;0;0;0,0.075,0.0,0,0.0,0,801,0,0,,
qwen2.5:1.5b,Q4_K_M,5,non-ordered,math_bench_4,cot,True,none,solve,1.0,8192,56149,VICTOR PAPA NOVEMBER,DOLPHIN,5,14,20,11,6,1;0;1;0;0;0;0;0;0;0;0;0;1;1;0;0;0;0;1;1,1;1;1;0;0;1;0;1;0;0;0;1;1;1;1;0;1;0;0;1,0.5;0.0;0.0;0.0;0.0;0.0;0.0;0.0;0.0;0.0;0.0;0.0;0.0;0.0;0.0;0.0;0.0;0.0;0.0;0.0,3238;2707;927;982;497;1638;485;786;1125;526;2752;1898;2238;1289;2814;1630;1425;150;560;3347,0.025,1550.7,0,0.0,0,4360,0,0,1,
qwen2.5:1.5b,Q4_K_M,5,non-ordered,math_bench_4,direct,True,none,solve,1.0,8192,56149,VICTOR PAPA NOVEMBER,DOLPHIN,5,14,20,,1,0;0;0;0;0;0;0;0;0;0;0;0;0;0;1;0;0;0;0;0,,0.0;0.0;0.0;0.0;0.0;0.0;0.0;0.0;0.0;0.0;0.0;0.0;0.0;0.0;0.25;0.0;0.0;0.0;0.0;0.0,0;0;0;0;0;0;0;0;0;0;0;0;0;0;0;0;0;0;0;0,0.0125,0.0,0,0.0,0,101,0,0,,
qwen2.5:1.5b,Q4_K_M,5,non-ordered,math_bench_5,cot,True,none,solve,1.0,8192,56149,VICTOR PAPA NOVEMBER,DOLPHIN,5,14,20,9,7,1;0;1;0;0;0;1;0;1;0;1;1;1;0;0;0;0;0;0;0,0;1;0;0;0;0;1;1;1;0;1;1;0;0;1;1;0;1;0;0,0.25;0.0;0.0;0.0;0.0;0.0;0.0;0.0;0.0;0.0;0.0;0.0;0.0;0.0;0.25;0.0;0.0;0.0;0.0;0.0,573;1882;344;2234;190;1247;696;2200;478;172;1272;1675;673;2254;955;2520;1235;1422;1141;3089,0.025,1312.6,0,0.0,0,1316,0,0,0,
qwen2.5:1.5b,Q4_K_M,5,non-ordered,math_bench_5,direct,True,none,solve,1.0,8192,56149,VICTOR PAPA NOVEMBER,DOLPHIN,5,14,20,,15,1;1;1;0;1;1;0;1;0;1;1;1;1;1;1;0;0;1;1;1,,0.0;0.0;0.0;0.0;0.0;0.0;0.0;0.0;0.0;0.0;0.0;0.0;0.0;0.0;0.0;0.0;0.0;0.0;0.0;0.0,0;0;0;0;0;0;0;0;0;0;0;0;0;0;0;0;0;0;0;0,0.0,0.0,0,0.0,0,425,0,0,,
qwen2.5:1.5b,Q4_K_M,5,non-ordered,trivial,cot,True,none,solve,1.0,8192,57114,ZULU GOLF LIMA,GAZEBO,5,14,20,16,14,1;1;0;1;1;1;1;1;0;1;1;1;1;1;1;0;0;0;1;0,1;1;0;1;1;0;1;1;1;1;1;1;1;0;1;1;1;0;1;1,0.5;1.0;0.5;0.5;0.75;0.75;1.0;1.0;0.75;0.0;0.75;1.0;0.75;0.75;1.0;0.0;1.0;0.0;1.0;0.0,1210;1031;111;484;349;443;1751;1358;493;622;291;398;317;183;499;2118;535;279;528;1737,0.65,736.85,0,0.0,0,804,0,1,0,
qwen2.5:1.5b,Q4_K_M,5,non-ordered,trivial,direct,True,none,solve,1.0,8192,57114,ZULU GOLF LIMA,GAZEBO,5,14,20,,4,0;1;0;0;0;0;0;1;0;0;0;0;0;0;1;0;0;1;0;0,,1.0;0.75;1.0;0.75;0.75;0.75;1.0;1.0;1.0;1.0;0.75;0.5;1.0;0.75;0.75;1.0;1.0;0.75;0.75;1.0,0;0;0;0;0;0;0;0;0;0;0;0;0;0;0;0;0;0;0;0,0.8625,0.0,0,0.0,0,82,0,0,,
qwen2.5:1.5b,Q4_K_M,5,non-ordered,math_bench_2,cot,True,none,solve,1.0,8192,57149,QUEBEC UNIFORM VICTOR,QUARRY,5,10,20,7,10,1;1;0;0;0;1;0;0;1;1;0;1;1;0;0;0;0;1;1;1,0;1;1;0;1;0;0;0;0;0;0;0;0;1;0;1;0;1;0;1,0.0;0.25;0.0;0.25;0.0;0.0;0.25;0.0;0.25;0.25;0.0;0.5;0.25;0.0;0.25;0.0;0.0;0.0;0.0;0.5,869;1272;1843;838;3579;871;970;2108;606;1006;4262;1818;593;1776;1407;1505;586;2825;763;1210,0.1375,1535.35,0,0.0,0,2589,0,0,1,
qwen2.5:1.5b,Q4_K_M,5,non-ordered,math_bench_2,direct,True,none,solve,1.0,8192,57149,QUEBEC UNIFORM VICTOR,QUARRY,5,10,20,,17,1;1;1;1;1;1;1;1;1;0;1;1;1;1;1;1;0;1;1;0,,0.0;0.25;0.0;0.25;0.0;0.0;0.0;0.25;0.0;0.0;0.0;0.0;0.0;0.0;0.0;0.0;0.0;0.0;0.0;0.0,0;0;0;0;0;0;0;0;0;0;0;0;0;0;0;0;0;0;0;0,0.0375,0.0,0,0.0,0,129,0,1,,
qwen2.5:1.5b,Q4_K_M,5,non-ordered,math_bench_4,cot,True,none,solve,1.0,8192,57149,QUEBEC UNIFORM VICTOR,QUARRY,5,10,20,17,8,0;1;1;0;0;0;1;1;0;0;1;1;1;0;1;0;0;0;0;0,0;1;1;0;1;1;1;1;0;1;1;1;1;1;1;1;1;1;1;1,0.0;0.0;0.25;0.0;0.0;0.0;0.0;0.0;0.0;0.0;0.25;0.25;0.0;0.0;0.0;0.0;0.0;0.0;0.0;0.0,1662;1169;2538;1257;1523;2072;2277;1886;945;1786;2340;1974;2450;1975;730;1796;2132;1931;3210;1884,0.0375,1876.85,0,0.0,0,1675,0,0,1,
qwen2.5:1.5b,Q4_K_M,5,non-ordered,math_bench_4,direct,True,none,solve,1.0,8192,57149,QUEBEC UNIFORM VICTOR,QUARRY,5,10,20,,19,1;1;1;1;1;1;1;1;1;1;1;1;1;1;1;1;1;1;1;0,,0.0;0.0;0.0;0.0;0.0;0.0;0.0;0.0;0.25;0.0;0.0;0.0;0.0;0.0;0.0;0.0;0.0;0.0;0.0;0.0,0;0;0;0;0;0;0;0;0;0;0;0;0;0;0;0;0;0;0;0,0.0125,0.0,0,0.0,0,110,0,1,,
qwen2.5:1.5b,Q4_K_M,5,non-ordered,math_bench_5,cot,True,none,solve,1.0,8192,57149,QUEBEC UNIFORM VICTOR,QUARRY,5,10,20,11,5,0;0;1;1;0;0;0;1;1;0;0;0;0;0;1;0;0;0;0;0,0;0;1;1;1;1;0;1;0;0;1;0;1;1;0;0;1;0;1;1,0.0;0.0;0.0;0.0;0.0;0.0;0.0;0.0;0.0;0.0;0.0;0.0;0.0;0.0;0.0;0.0;0.0;0.0;0.25;0.0,750;961;3424;2253;1524;2111;800;2788;1363;1525;2454;1568;2180;2632;581;799;1971;1246;1682;2256,0.0125,1743.4,0,0.0,0,348,0,0,0,
qwen2.5:1.5b,Q4_K_M,5,non-ordered,math_bench_5,direct,True,none,solve,1.0,8192,57149,QUEBEC UNIFORM VICTOR,QUARRY,5,10,20,,9,0;1;0;1;1;1;0;1;0;0;1;0;0;0;1;0;1;0;1;0,,0.0;0.0;0.0;0.0;0.0;0.0;0.25;0.25;0.0;0.0;0.0;0.0;0.0;0.0;0.0;0.25;0.0;0.0;0.0;0.0,0;0;0;0;0;0;0;0;0;0;0;0;0;0;0;0;0;0;0;0,0.0375,0.0,0,0.0,0,136,0,1,,
qwen2.5:1.5b,Q4_K_M,5,non-ordered,trivial,cot,True,none,solve,1.0,8192,58114,SIERRA WHISKEY ROMEO,YACHT,5,14,20,12,13,1;1;1;1;1;0;1;1;0;0;0;1;1;0;0;1;1;1;0;1,1;1;1;1;1;0;0;1;0;0;1;1;1;1;0;0;1;0;0;1,0.25;0.5;0.25;0.5;0.5;0.25;0.5;0.25;0.5;1.0;0.75;0.75;0.5;0.5;0.5;0.75;0.75;1.0;0.25;0.75,527;387;516;520;272;279;267;238;127;513;2307;515;936;698;173;273;922;188;232;566,0.55,522.8,0,0.0,0,816,0,1,0,
qwen2.5:1.5b,Q4_K_M,5,non-ordered,trivial,direct,True,none,solve,1.0,8192,58114,SIERRA WHISKEY ROMEO,YACHT,5,14,20,,13,1;0;1;0;0;1;1;0;0;1;1;1;0;1;1;1;1;1;1;0,,1.0;0.75;1.0;0.75;1.0;1.0;1.0;0.75;0.75;1.0;0.75;1.0;0.5;0.75;0.75;1.0;1.0;1.0;1.0;1.0,0;0;0;0;0;0;0;0;0;0;0;0;0;0;0;0;0;0;0;0,0.8875,0.0,0,0.0,0,147,0,1,,
qwen2.5:1.5b,Q4_K_M,5,non-ordered,math_bench_2,cot,True,none,solve,1.0,8192,58149,KILO DELTA MIKE,SNORKEL,5,12,20,11,3,0;1;0;0;0;0;0;0;1;0;0;0;1;0;0;0;0;0;0;0,0;1;1;0;0;1;0;1;0;0;1;1;1;0;1;1;1;1;0;0,0.5;0.0;0.25;0.0;0.0;0.25;0.5;0.75;0.25;0.25;0.75;0.0;0.0;0.25;0.0;0.0;0.0;0.25;0.5;0.25,991;2061;2755;651;1465;2112;446;1868;656;1159;1428;1444;1560;1343;1808;990;2077;1104;599;1756,0.2375,1413.65,0,0.0,0,333,0,0,0,
qwen2.5:1.5b,Q4_K_M,5,non-ordered,math_bench_2,direct,True,none,solve,1.0,8192,58149,KILO DELTA MIKE,SNORKEL,5,12,20,,10,1;1;0;1;0;0;1;1;1;1;1;0;0;0;0;0;0;1;1;0,,0.25;0.25;0.25;0.0;0.0;0.0;0.25;0.25;0.75;0.25;0.25;0.25;0.25;0.0;0.5;0.5;0.0;0.5;0.25;0.25,0;0;0;0;0;0;0;0;0;0;0;0;0;0;0;0;0;0;0;0,0.25,0.0,0,0.0,0,182,0,1,,
qwen2.5:1.5b,Q4_K_M,5,non-ordered,math_bench_4,cot,True,none,solve,1.0,8192,58149,KILO DELTA MIKE,SNORKEL,5,12,20,15,4,0;0;0;0;0;0;0;0;0;1;0;1;0;1;0;1;0;0;0;0,0;0;1;1;1;0;0;1;1;1;1;1;1;1;1;1;0;1;1;1,0.0;0.0;0.0;0.25;0.0;0.0;0.0;0.0;0.0;0.0;0.0;0.25;0.0;0.25;0.0;0.0;0.0;0.5;0.0;0.0,2920;535;3805;2103;2567;864;226;2379;2828;2999;1973;2277;2960;1616;2930;1820;554;2202;3745;3431,0.0625,2236.7,0,0.0,0,1917,0,0,1,
qwen2.5:1.5b,Q4_K_M,5,non-ordered,math_bench_4,direct,True,none,solve,1.0,8192,58149,KILO DELTA MIKE,SNORKEL,5,12,20,,6,1;0;0;1;0;0;0;0;0;0;0;0;0;1;0;1;0;1;1;0,,0.0;0.0;0.0;0.25;0.0;0.0;0.0;0.0;0.0;0.0;0.0;0.0;0.0;0.0;0.0;0.0;0.0;0.0;0.0;0.0,0;0;0;0;0;0;0;0;0;0;0;0;0;0;0;0;0;0;0;0,0.0125,0.0,0,0.0,0,81,0,0,,
qwen2.5:1.5b,Q4_K_M,5,non-ordered,math_bench_5,cot,True,none,solve,1.0,8192,58149,KILO DELTA MIKE,SNORKEL,5,12,20,15,3,0;1;0;0;0;1;0;0;0;0;0;0;0;0;0;0;0;0;0;1,1;1;1;1;1;1;1;0;0;1;0;1;1;1;1;0;1;1;1;0,0.0;0.0;0.0;0.0;0.0;0.0;0.0;0.0;0.25;0.0;0.0;0.0;0.0;0.0;0.0;0.0;0.0;0.0;0.0;0.0,2374;2424;3786;2393;2684;2227;3396;1004;0;2289;227;3769;2252;3110;3001;1762;3012;5121;4835;1676,0.0125,2567.1,0,0.0,0,762,0,0,1,
qwen2.5:1.5b,Q4_K_M,5,non-ordered,math_bench_5,direct,True,none,solve,1.0,8192,58149,KILO DELTA MIKE,SNORKEL,5,12,20,,7,0;0;0;1;0;1;0;1;0;0;0;0;1;0;1;1;0;0;0;1,,0.0;0.0;0.0;0.0;0.0;0.0;0.0;0.0;0.0;0.0;0.0;0.0;0.0;0.25;0.0;0.0;0.0;0.0;0.0;0.0,0;0;0;0;0;0;0;0;0;0;0;0;0;0;0;0;0;0;0;0,0.0125,0.0,0,0.0,0,123,0,0,,
qwen2.5:1.5b,Q4_K_M,5,non-ordered,trivial,cot,True,none,solve,1.0,8192,59114,XRAY WHISKEY LIMA,EGGPLANT,5,14,20,12,8,1;0;0;1;1;1;1;0;0;1;0;0;0;0;0;0;0;1;1;0,1;0;0;1;1;1;1;1;0;1;0;1;0;1;1;0;0;1;0;1,0.75;0.5;1.0;0.75;0.75;0.5;0.25;1.0;0.75;0.75;0.75;1.0;1.0;0.0;1.0;0.0;0.0;0.75;0.25;1.0,1826;197;481;1578;1043;191;2569;984;192;1904;848;1223;1171;2101;1906;2594;926;2818;381;1288,0.6375,1311.05,0,0.0,0,557,0,0,0,
qwen2.5:1.5b,Q4_K_M,5,non-ordered,trivial,direct,True,none,solve,1.0,8192,59114,XRAY WHISKEY LIMA,EGGPLANT,5,14,20,,1,0;0;0;0;0;0;0;0;0;0;0;0;0;0;0;0;1;0;0;0,,1.0;1.0;1.0;1.0;1.0;1.0;1.0;1.0;1.0;1.0;1.0;1.0;1.0;1.0;1.0;1.0;1.0;1.0;1.0;1.0,0;0;0;0;0;0;0;0;0;0;0;0;0;0;0;0;0;0;0;0,1.0,0.0,0,0.0,0,109,0,0,,
qwen2.5:1.5b,Q4_K_M,5,non-ordered,math_bench_2,cot,True,none,solve,1.0,8192,59149,BRAVO KILO ALPHA,GAZEBO,5,15,20,11,5,1;0;0;0;1;1;0;0;0;0;0;0;0;0;0;0;0;0;1;1,1;1;0;0;0;1;0;1;1;1;1;1;1;0;1;0;0;0;1;0,0.0;0.25;0.25;0.0;0.0;0.0;0.0;0.0;0.0;0.0;0.0;0.0;0.0;0.0;0.0;0.0;0.0;0.25;0.25;0.25,514;964;349;1792;368;2076;651;2450;2222;1820;1498;1219;1460;351;637;2577;1052;807;1729;1183,0.0625,1285.95,0,0.0,0,2404,0,1,1,
qwen2.5:1.5b,Q4_K_M,5,non-ordered,math_bench_2,direct,True,none,solve,1.0,8192,59149,BRAVO KILO ALPHA,GAZEBO,5,15,20,,5,1;1;0;0;0;1;0;0;1;0;0;0;0;0;0;0;1;0;0;0,,0.0;0.0;0.0;0.25;0.25;0.25;0.0;0.0;0.0;0.25;0.0;0.0;0.0;0.0;0.0;0.0;0.25;0.0;0.0;0.0,0;0;0;0;0;0;0;0;0;0;0;0;0;0;0;0;0;0;0;0,0.0625,0.0,0,0.0,0,463,0,0,,
qwen2.5:1.5b,Q4_K_M,5,non-ordered,math_bench_4,cot,True,none,solve,1.0,8192,59149,BRAVO KILO ALPHA,GAZEBO,5,15,20,7,2,0;0;0;0;0;0;0;0;0;0;0;0;1;0;0;0;0;1;0;0,0;0;0;1;1;1;0;0;1;1;0;0;1;0;0;0;0;1;0;0,0.25;0.25;0.0;0.0;0.25;0.25;0.0;0.0;0.0;0.0;0.0;0.0;0.25;0.0;0.5;0.0;0.25;0.0;0.25;0.0,745;473;553;1948;1108;1147;645;133;2648;441;341;539;654;565;1124;1064;799;1470;2132;908,0.1125,971.85,0,0.0,0,1514,0,0,1,
qwen2.5:1.5b,Q4_K_M,5,non-ordered,math_bench_4,direct,True,none,solve,1.0,8192,59149,BRAVO KILO ALPHA,GAZEBO,5,15,20,,3,1;0;0;0;0;0;0;1;0;0;0;0;0;1;0;0;0;0;0;0,,0.0;0.0;0.0;0.0;0.0;0.0;0.0;0.0;0.0;0.0;0.0;0.0;0.0;0.0;0.0;0.0;0.0;0.0;0.0;0.0,0;0;0;0;0;0;0;0;0;0;0;0;0;0;0;0;0;0;0;0,0.0,0.0,0,0.0,0,129,0,0,,
qwen2.5:1.5b,Q4_K_M,5,non-ordered,math_bench_5,cot,True,none,solve,1.0,8192,59149,BRAVO KILO ALPHA,GAZEBO,5,15,20,11,8,1;0;0;0;1;0;0;1;0;0;1;1;0;0;1;0;0;1;1;0,1;1;0;1;1;0;0;1;0;0;1;1;0;1;1;0;0;1;1;0,0.0;0.0;0.0;0.0;0.0;0.0;0.0;0.0;0.0;0.0;0.0;0.0;0.0;0.0;0.0;0.0;0.0;0.0;0.0;0.0,0;323;1512;2312;1673;1057;1067;1573;1973;612;1606;1463;1064;0;1872;1321;766;3268;1856;2303,0.0,1381.05,0,0.0,0,802,0,0,1,
qwen2.5:1.5b,Q4_K_M,5,non-ordered,math_bench_5,direct,True,none,solve,1.0,8192,59149,BRAVO KILO ALPHA,GAZEBO,5,15,20,,5,0;0;0;0;1;0;0;0;1;0;1;0;0;1;0;1;0;0;0;0,,0.0;0.0;0.0;0.0;0.0;0.0;0.0;0.0;0.0;0.0;0.0;0.0;0.0;0.0;0.0;0.0;0.0;0.0;0.0;0.0,0;0;0;0;0;0;0;0;0;0;0;0;0;0;0;0;0;0;0;0,0.0,0.0,0,0.0,0,83,0,0,,
qwen2.5:1.5b,Q4_K_M,5,non-ordered,trivial,cot,True,none,solve,1.0,8192,60114,YANKEE ECHO FOXTROT,SUNDIAL,5,15,20,15,13,1;1;1;0;0;0;1;1;1;0;1;1;1;1;0;0;1;1;0;1,1;1;0;1;0;1;1;1;1;1;1;1;1;1;0;0;1;1;0;1,0.75;0.75;0.5;0.0;0.5;0.75;0.5;1.0;0.75;0.75;1.0;0.5;1.0;0.75;0.5;0.0;1.0;1.0;0.25;1.0,1279;1777;484;1548;450;1547;443;1121;1735;1041;982;979;1237;427;1254;429;433;1445;233;1649,0.6625,1024.65,0,0.0,0,881,0,0,1,
qwen2.5:1.5b,Q4_K_M,5,non-ordered,trivial,direct,True,none,solve,1.0,8192,60114,YANKEE ECHO FOXTROT,SUNDIAL,5,15,20,,11,1;0;0;1;1;0;1;0;1;0;0;0;0;1;1;1;0;1;1;1,,1.0;0.75;1.0;1.0;1.0;1.0;1.0;0.75;1.0;0.75;1.0;1.0;1.0;1.0;1.0;1.0;1.0;0.75;1.0;1.0,0;0;0;0;0;0;0;0;0;0;0;0;0;0;0;0;0;0;0;0,0.95,0.0,0,0.0,0,124,0,0,,
qwen2.5:1.5b,Q4_K_M,5,non-ordered,math_bench_2,cot,True,none,solve,1.0,8192,60149,OSCAR CHARLIE UNIFORM,PORCUPINE,5,15,20,11,8,1;0;0;0;1;0;0;1;1;1;0;0;1;0;0;0;0;0;1;1,1;0;0;0;1;0;0;1;1;1;1;1;1;1;0;1;0;0;0;1,0.25;0.25;0.25;0.0;0.5;0.0;0.25;0.0;0.25;0.0;0.0;0.25;0.25;0.0;0.25;0.25;0.0;0.25;0.5;0.25,2030;422;514;475;1848;288;169;640;1765;1908;6776;1470;1680;1706;609;1822;504;1012;490;896,0.1875,1351.2,0,0.0,0,1814,0,0,0,
qwen2.5:1.5b,Q4_K_M,5,non-ordered,math_bench_2,direct,True,none,solve,1.0,8192,60149,OSCAR CHARLIE UNIFORM,PORCUPINE,5,15,20,,9,1;0;0;0;1;0;0;0;1;1;0;0;1;1;0;1;0;1;0;1,,0.0;0.0;0.0;0.0;0.0;0.0;0.0;0.0;0.0;0.0;0.0;0.0;0.0;0.0;0.0;0.0;0.0;0.0;0.0;0.0,0;0;0;0;0;0;0;0;0;0;0;0;0;0;0;0;0;0;0;0,0.0,0.0,0,0.0,0,94,0,0,,
qwen2.5:1.5b,Q4_K_M,5,non-ordered,math_bench_4,cot,True,none,solve,1.0,8192,60149,OSCAR CHARLIE UNIFORM,PORCUPINE,5,15,20,10,4,0;0;0;1;0;0;0;1;1;0;0;0;0;0;0;0;0;1;0;0,0;1;0;1;0;0;0;1;1;1;1;0;1;0;0;0;0;1;1;1,0.0;0.0;0.0;0.0;0.0;0.0;0.0;0.0;0.0;0.0;0.0;0.0;0.0;0.0;0.0;0.0;0.0;0.0;0.0;0.0,1597;2739;728;1811;1254;2689;2696;1401;2400;3257;1449;432;1468;1717;437;2356;120;2337;3036;3446,0.0,1868.5,0,0.0,0,2653,0,0,0,
qwen2.5:1.5b,Q4_K_M,5,non-ordered,math_bench_4,direct,True,none,solve,1.0,8192,60149,OSCAR CHARLIE UNIFORM,PORCUPINE,5,15,20,,1,0;0;0;0;0;0;1;0;0;0;0;0;0;0;0;0;0;0;0;0,,0.0;0.0;0.25;0.25;0.0;0.0;0.0;0.0;0.0;0.0;0.0;0.25;0.0;0.0;0.0;0.0;0.0;0.0;0.25;0.0,0;0;0;0;0;0;0;0;0;0;0;0;0;0;0;0;0;0;0;0,0.05,0.0,0,0.0,0,89,0,0,,
qwen2.5:1.5b,Q4_K_M,5,non-ordered,math_bench_5,cot,True,none,solve,1.0,8192,60149,OSCAR CHARLIE UNIFORM,PORCUPINE,5,15,20,9,5,1;0;0;0;1;0;0;1;0;0;0;0;0;0;1;0;0;0;1;0,1;0;0;0;0;0;1;1;1;0;0;0;1;1;1;0;1;1;0;0,0.0;0.25;0.0;0.0;0.0;0.0;0.25;0.0;0.0;0.0;0.0;0.0;0.0;0.0;0.0;0.0;0.0;0.0;0.0;0.0,1543;586;1569;2100;1225;1989;2317;2697;2567;1913;1192;585;2531;2554;665;502;2746;3112;1137;617,0.025,1707.35,0,0.0,0,1462,0,1,1,
qwen2.5:1.5b,Q4_K_M,5,non-ordered,math_bench_5,direct,True,none,solve,1.0,8192,60149,OSCAR CHARLIE UNIFORM,PORCUPINE,5,15,20,,2,0;1;0;0;0;0;0;0;0;0;0;0;0;0;0;0;0;0;0;1,,0.0;0.25;0.0;0.0;0.0;0.25;0.0;0.0;0.0;0.0;0.0;0.25;0.0;0.25;0.0;0.0;0.25;0.0;0.5;0.0,0;0;0;0;0;0;0;0;0;0;0;0;0;0;0;0;0;0;0;0,0.0875,0.0,0,0.0,0,95,0,0,,
qwen2.5:1.5b,Q4_K_M,5,non-ordered,trivial,cot,True,none,solve,1.0,8192,61114,YANKEE NOVEMBER JULIET,BAGPIPE,5,12,20,15,13,1;1;0;1;1;1;1;0;1;1;1;0;1;1;0;1;0;0;1;0,1;1;0;1;1;1;1;1;1;1;1;0;1;1;0;1;0;0;1;1,0.5;0.5;0.5;0.5;0.25;0.75;1.0;1.0;0.75;0.5;0.25;0.75;0.75;0.75;0.5;0.75;0.5;0.25;1.0;0.75,457;310;154;257;651;411;2250;1097;1617;469;205;264;338;312;183;1149;720;204;1258;2162,0.625,723.4,0,0.0,0,2900,0,0,1,
qwen2.5:1.5b,Q4_K_M,5,non-ordered,trivial,direct,True,none,solve,1.0,8192,61114,YANKEE NOVEMBER JULIET,BAGPIPE,5,12,20,,14,1;1;1;0;0;1;0;1;1;1;0;1;0;1;1;1;1;1;1;0,,1.0;1.0;1.0;0.75;1.0;1.0;1.0;1.0;1.0;1.0;0.75;1.0;0.75;1.0;1.0;1.0;1.0;1.0;1.0;1.0,0;0;0;0;0;0;0;0;0;0;0;0;0;0;0;0;0;0;0;0,0.9625,0.0,0,0.0,0,139,0,1,,
qwen2.5:1.5b,Q4_K_M,5,non-ordered,math_bench_2,cot,True,none,solve,1.0,8192,61149,PAPA KILO ROMEO,WALRUS,5,14,20,7,5,0;0;0;1;1;1;0;0;0;0;0;0;0;0;0;1;1;0;0;0,1;0;0;1;1;1;0;0;1;0;0;0;0;0;0;1;1;0;0;0,0.25;0.0;0.25;0.0;0.0;0.0;0.0;0.0;0.5;0.25;0.5;0.0;0.0;0.0;0.0;0.25;0.25;0.5;0.25;0.5,1693;328;363;460;1972;1988;363;464;1559;367;769;621;653;113;222;1683;1211;496;284;647,0.175,812.8,0,0.0,0,830,0,0,0,
qwen2.5:1.5b,Q4_K_M,5,non-ordered,math_bench_2,direct,True,none,solve,1.0,8192,61149,PAPA KILO ROMEO,WALRUS,5,14,20,,4,0;0;0;0;1;1;0;0;0;0;0;0;1;0;0;1;0;0;0;0,,0.0;0.0;0.0;0.0;0.0;0.0;0.0;0.0;0.0;0.25;0.0;0.25;0.25;0.0;0.0;0.0;0.0;0.0;0.0;0.0,0;0;0;0;0;0;0;0;0;0;0;0;0;0;0;0;0;0;0;0,0.0375,0.0,0,0.0,0,87,0,0,,
qwen2.5:1.5b,Q4_K_M,5,non-ordered,math_bench_4,cot,True,none,solve,1.0,8192,61149,PAPA KILO ROMEO,WALRUS,5,14,20,6,5,0;0;0;0;0;0;0;0;0;0;1;0;0;1;0;1;1;0;0;1,0;0;0;0;0;0;0;0;0;1;1;0;0;1;0;0;1;0;1;1,0.0;0.0;0.25;0.0;0.0;0.25;0.5;0.0;0.0;0.0;0.0;0.0;0.0;0.0;0.0;0.0;0.0;0.0;0.25;0.0,608;723;880;1212;440;389;1059;619;979;2041;1753;841;315;680;1417;624;302;1600;2181;634,0.0625,964.85,0,0.0,0,1224,0,0,0,
qwen2.5:1.5b,Q4_K_M,5,non-ordered,math_bench_4,direct,True,none,solve,1.0,8192,61149,PAPA KILO ROMEO,WALRUS,5,14,20,,8,0;0;1;1;0;1;1;0;1;0;0;0;0;0;0;1;0;0;1;1,,0.0;0.0;0.0;0.0;0.0;0.0;0.0;0.0;0.0;0.0;0.0;0.0;0.0;0.0;0.0;0.25;0.0;0.0;0.0;0.0,0;0;0;0;0;0;0;0;0;0;0;0;0;0;0;0;0;0;0;0,0.0125,0.0,0,0.0,0,175,0,1,,
qwen2.5:1.5b,Q4_K_M,5,non-ordered,math_bench_5,cot,True,none,solve,1.0,8192,61149,PAPA KILO ROMEO,WALRUS,5,14,20,4,5,1;1;0;0;0;1;0;0;0;0;0;0;0;0;0;0;0;1;1;0,0;1;0;0;0;0;0;0;0;0;0;0;0;0;1;1;0;0;1;0,0.0;0.0;0.0;0.0;0.0;0.0;0.0;0.0;0.0;0.0;0.0;0.0;0.0;0.0;0.0;0.0;0.0;0.0;0.0;0.0,1842;893;2481;596;694;2114;1045;299;983;1337;1137;266;441;1099;2502;4464;656;826;3056;284,0.0,1350.75,0,0.0,0,1198,0,0,0,
qwen2.5:1.5b,Q4_K_M,5,non-ordered,math_bench_5,direct,True,none,solve,1.0,8192,61149,PAPA KILO ROMEO,WALRUS,5,14,20,,7,1;0;1;1;0;1;1;0;0;0;0;0;0;0;0;0;1;0;1;0,,0.0;0.0;0.0;0.0;0.0;0.0;0.0;0.0;0.0;0.0;0.0;0.0;0.0;0.0;0.0;0.0;0.0;0.0;0.0;0.0,0;0;0;0;0;0;0;0;0;0;0;0;0;0;0;0;0;0;0;0,0.0,0.0,0,0.0,0,1495,0,0,,
qwen2.5:1.5b,Q4_K_M,5,non-ordered,trivial,cot,True,none,solve,1.0,8192,62114,WHISKEY VICTOR HOTEL,PISTACHIO,5,14,20,13,11,1;1;1;0;0;1;0;0;1;1;1;0;1;1;0;0;0;0;1;1,1;1;1;0;1;1;1;0;1;1;1;0;1;1;0;0;0;0;1;1,0.5;1.0;0.0;0.5;0.0;1.0;1.0;0.25;0.25;1.0;0.75;0.5;0.75;1.0;0.5;1.0;0.5;0.0;0.5;0.75,230;1358;978;179;1319;4586;1305;224;257;1404;1366;210;1366;965;196;1445;180;205;2143;364,0.5875,1014.0,0,0.0,0,296,0,1,1,
qwen2.5:1.5b,Q4_K_M,5,non-ordered,trivial,direct,True,none,solve,1.0,8192,62114,WHISKEY VICTOR HOTEL,PISTACHIO,5,14,20,,17,0;1;1;1;1;1;1;1;0;1;1;1;1;1;1;1;0;1;1;1,,0.0;1.0;1.0;1.0;1.0;1.0;1.0;1.0;1.0;1.0;1.0;1.0;1.0;1.0;1.0;1.0;0.75;1.0;1.0;1.0,0;0;0;0;0;0;0;0;0;0;0;0;0;0;0;0;0;0;0;0,0.9375,0.0,0,0.0,0,146,0,1,,
qwen2.5:1.5b,Q4_K_M,5,non-ordered,math_bench_2,cot,True,none,solve,1.0,8192,62149,YANKEE QUEBEC NOVEMBER,OPAL,5,15,20,14,7,0;1;1;0;0;1;0;0;1;0;0;0;0;0;1;1;1;0;0;0,0;1;1;1;1;1;1;1;1;0;0;1;1;1;0;1;1;0;0;1,0.0;0.0;0.25;0.0;0.0;0.0;0.5;0.5;0.0;0.25;0.25;0.25;0.25;0.25;0.0;0.0;0.0;0.0;0.0;0.0,226;1355;3154;1811;2501;1218;1664;4188;1712;1349;365;3082;1681;1200;2120;1606;1666;709;458;462,0.125,1626.35,0,0.0,0,3852,0,0,1,
qwen2.5:1.5b,Q4_K_M,5,non-ordered,math_bench_2,direct,True,none,solve,1.0,8192,62149,YANKEE QUEBEC NOVEMBER,OPAL,5,15,20,,9,1;0;0;1;0;1;0;1;0;1;0;0;0;0;1;1;0;1;1;0,,0.0;0.0;0.0;0.0;0.0;0.0;0.0;0.0;0.0;0.0;0.0;0.0;0.0;0.0;0.0;0.0;0.0;0.25;0.0;0.0,0;0;0;0;0;0;0;0;0;0;0;0;0;0;0;0;0;0;0;0,0.0125,0.0,0,0.0,0,164,0,1,,
qwen2.5:1.5b,Q4_K_M,5,non-ordered,math_bench_4,cot,True,none,solve,1.0,8192,62149,YANKEE QUEBEC NOVEMBER,OPAL,5,15,20,13,3,0;0;0;0;0;0;0;0;0;0;0;1;1;0;1;0;0;0;0;0,1;1;0;1;1;1;0;1;1;1;1;1;0;0;1;1;0;1;0;0,0.0;0.0;0.0;0.0;0.0;0.25;0.0;0.0;0.0;0.5;0.0;0.0;0.0;0.0;0.0;0.0;0.0;0.0;0.0;0.0,1380;834;1809;1562;869;2183;204;137;2123;2088;1747;1757;1529;250;286;1440;181;2957;2130;217,0.0375,1284.15,0,0.0,0,1239,0,1,0,
qwen2.5:1.5b,Q4_K_M,5,non-ordered,math_bench_4,direct,True,none,solve,1.0,8192,62149,YANKEE QUEBEC NOVEMBER,OPAL,5,15,20,,8,0;0;0;0;0;1;1;0;0;1;1;0;1;0;0;0;1;0;1;1,,0.25;0.25;0.25;0.0;0.25;0.25;0.0;0.25;0.0;0.25;0.25;0.0;0.0;0.0;0.25;0.25;0.0;0.0;0.0;0.0,0;0;0;0;0;0;0;0;0;0;0;0;0;0;0;0;0;0;0;0,0.125,0.0,0,0.0,0,91,0,0,,
qwen2.5:1.5b,Q4_K_M,5,non-ordered,math_bench_5,cot,True,none,solve,1.0,8192,62149,YANKEE QUEBEC NOVEMBER,OPAL,5,15,20,8,2,0;0;0;0;0;0;1;0;0;0;0;0;0;0;0;0;0;1;0;0,1;0;0;1;0;1;1;0;0;0;1;0;1;0;0;0;0;1;1;0,0.0;0.0;0.0;0.0;0.0;0.25;0.0;0.0;0.0;0.0;0.0;0.0;0.0;0.0;0.0;0.0;0.0;0.0;0.0;0.0,2477;448;520;2677;437;1541;1514;741;146;506;4178;333;2491;450;877;159;148;2035;2644;826,0.0125,1257.4,0,0.0,0,427,0,0,1,
qwen2.5:1.5b,Q4_K_M,5,non-ordered,math_bench_5,direct,True,none,solve,1.0,8192,62149,YANKEE QUEBEC NOVEMBER,OPAL,5,15,20,,1,0;0;0;0;0;0;0;0;0;0;0;0;1;0;0;0;0;0;0;0,,0.0;0.0;0.0;0.0;0.0;0.0;0.0;0.0;0.0;0.0;0.0;0.0;0.0;0.0;0.0;0.0;0.0;0.0;0.0;0.0,0;0;0;0;0;0;0;0;0;0;0;0;0;0;0;0;0;0;0;0,0.0,0.0,0,0.0,0,75,0,0,,
qwen2.5:1.5b,Q4_K_M,5,non-ordered,trivial,cot,True,none,solve,1.0,8192,63114,KILO CHARLIE TANGO,UMBRELLA,5,15,20,9,8,1;1;1;0;0;0;0;0;0;0;1;1;1;0;0;0;1;0;0;1,1;1;1;0;0;0;0;1;0;0;1;1;1;0;0;0;1;1;0;0,0.25;0.25;0.75;0.5;0.75;1.0;0.5;1.0;1.0;0.25;0.0;0.25;1.0;0.0;0.5;0.5;0.75;0.75;0.5;0.25,753;270;309;470;386;350;182;1744;292;171;213;2315;431;965;469;1444;1642;1172;284;274,0.5375,706.8,0,0.0,0,641,0,1,1,
qwen2.5:1.5b,Q4_K_M,5,non-ordered,trivial,direct,True,none,solve,1.0,8192,63114,KILO CHARLIE TANGO,UMBRELLA,5,15,20,,2,0;0;0;1;0;0;0;1;0;0;0;0;0;0;0;0;0;0;0;0,,0.75;1.0;1.0;1.0;1.0;1.0;0.0;1.0;0.75;1.0;0.75;0.75;1.0;0.75;1.0;0.75;0.75;1.0;0.75;1.0,0;0;0;0;0;0;0;0;0;0;0;0;0;0;0;0;0;0;0;0,0.85,0.0,0,0.0,0,83,0,0,,
qwen2.5:1.5b,Q4_K_M,5,non-ordered,math_bench_2,cot,True,none,solve,1.0,8192,63149,ECHO HOTEL QUEBEC,VULTURE,5,12,20,9,5,1;0;0;1;0;1;0;0;0;1;0;1;0;0;0;0;0;0;0;0,1;1;0;0;1;1;0;0;0;0;1;1;1;0;0;1;0;0;0;1,0.25;0.0;0.0;0.25;0.0;0.0;0.0;0.25;0.25;0.25;0.0;0.0;0.75;0.0;0.0;0.25;0.0;0.5;0.0;0.5,1377;695;369;341;1922;697;557;513;0;349;742;666;1488;269;99;639;822;815;727;1300,0.1625,719.35,0,0.0,0,383,0,0,1,
qwen2.5:1.5b,Q4_K_M,5,non-ordered,math_bench_2,direct,True,none,solve,1.0,8192,63149,ECHO HOTEL QUEBEC,VULTURE,5,12,20,,17,1;1;1;0;1;1;1;1;1;1;1;1;1;1;1;1;1;0;1;0,,0.25;0.25;0.25;0.0;0.25;0.0;0.25;0.25;0.0;0.0;0.25;0.25;0.25;0.0;0.25;0.25;0.25;0.25;0.5;0.0,0;0;0;0;0;0;0;0;0;0;0;0;0;0;0;0;0;0;0;0,0.1875,0.0,0,0.0,0,150,0,0,,
qwen2.5:1.5b,Q4_K_M,5,non-ordered,math_bench_4,cot,True,none,solve,1.0,8192,63149,ECHO HOTEL QUEBEC,VULTURE,5,12,20,13,5,0;1;1;0;1;0;0;1;0;0;0;0;0;0;0;0;0;0;1;0,1;1;0;0;1;1;0;1;1;0;1;1;1;1;0;0;0;1;1;1,0.25;0.0;0.0;0.0;0.0;0.0;0.0;0.0;0.0;0.0;0.0;0.0;0.0;0.0;0.0;0.0;0.0;0.0;0.25;0.0,2347;2133;619;1456;799;1246;1261;982;705;2642;3032;1293;1163;2191;1161;350;1976;2300;1322;2986,0.025,1598.2,0,0.0,0,1073,0,0,0,
qwen2.5:1.5b,Q4_K_M,5,non-ordered,math_bench_4,direct,True,none,solve,1.0,8192,63149,ECHO HOTEL QUEBEC,VULTURE,5,12,20,,15,0;1;1;1;1;1;1;1;1;0;0;1;0;1;0;1;1;1;1;1,,0.0;0.0;0.0;0.0;0.0;0.0;0.0;0.0;0.0;0.0;0.0;0.0;0.0;0.0;0.0;0.0;0.0;0.0;0.0;0.0,0;0;0;0;0;0;0;0;0;0;0;0;0;0;0;0;0;0;0;0,0.0,0.0,0,0.0,0,130,0,1,,
qwen2.5:1.5b,Q4_K_M,5,non-ordered,math_bench_5,cot,True,none,solve,1.0,8192,63149,ECHO HOTEL QUEBEC,VULTURE,5,12,20,15,7,1;0;1;0;0;1;0;0;1;0;1;0;0;1;0;0;0;1;0;0,0;1;0;0;1;1;1;1;1;1;1;1;0;1;1;1;0;1;1;1,0.0;0.0;0.0;0.0;0.0;0.0;0.25;0.0;0.0;0.0;0.0;0.0;0.0;0.25;0.0;0.0;0.0;0.0;0.0;0.25,607;1694;2854;1372;1418;1342;1204;2428;1874;2618;783;1610;735;2689;4327;2287;846;1130;2019;2573,0.0375,1820.5,0,0.0,0,1529,0,0,0,
qwen2.5:1.5b,Q4_K_M,5,non-ordered,math_bench_5,direct,True,none,solve,1.0,8192,63149,ECHO HOTEL QUEBEC,VULTURE,5,12,20,,14,1;1;0;1;1;1;1;1;1;1;0;0;1;1;1;1;1;0;0;0,,0.0;0.0;0.0;0.0;0.0;0.0;0.0;0.0;0.25;0.0;0.0;0.0;0.0;0.0;0.25;0.0;0.0;0.25;0.0;0.0,0;0;0;0;0;0;0;0;0;0;0;0;0;0;0;0;0;0;0;0,0.0375,0.0,0,0.0,0,140,0,1,,
qwen2.5:1.5b,Q4_K_M,5,non-ordered,trivial,cot,True,none,solve,1.0,8192,64114,UNIFORM XRAY QUEBEC,GONDOLA,5,12,20,14,11,0;1;1;0;0;1;0;1;1;1;0;1;1;1;0;1;1;0;0;0,1;1;1;1;0;1;1;1;0;1;0;1;1;1;0;1;0;1;0;1,0.5;0.75;0.0;0.75;0.5;0.5;0.0;0.75;0.5;0.25;0.25;0.75;1.0;0.75;0.5;0.5;1.0;0.0;0.25;0.5,3133;1349;1478;2668;378;1408;2179;948;233;948;209;3586;2204;568;281;2447;622;1181;351;1984,0.5,1407.75,0,0.0,0,1504,0,1,1,
qwen2.5:1.5b,Q4_K_M,5,non-ordered,trivial,direct,True,none,solve,1.0,8192,64114,UNIFORM XRAY QUEBEC,GONDOLA,5,12,20,,11,0;0;0;0;1;1;1;0;1;1;0;0;1;1;1;1;0;0;1;1,,0.75;0.75;0.75;1.0;1.0;0.75;1.0;0.75;0.75;0.75;0.75;0.75;0.75;1.0;0.75;1.0;1.0;0.75;1.0;1.0,0;0;0;0;0;0;0;0;0;0;0;0;0;0;0;0;0;0;0;0,0.85,0.0,0,0.0,0,97,0,0,,
qwen2.5:1.5b,Q4_K_M,5,non-ordered,math_bench_2,cot,True,none,solve,1.0,8192,64149,HOTEL CHARLIE WHISKEY,CATAPULT,5,14,20,13,7,0;0;1;0;1;0;0;1;0;0;0;1;0;1;0;0;0;0;1;1,0;0;1;1;1;0;1;1;0;0;1;1;1;1;1;0;0;1;1;1,0.25;0.0;0.5;0.0;0.0;0.0;0.0;0.25;0.0;0.0;0.0;0.25;0.25;0.0;0.0;0.0;0.25;0.0;0.0;0.0,1252;653;1893;1975;619;162;1586;2072;1327;2722;1834;2447;2354;2053;2836;628;1144;1933;3187;406,0.0875,1654.15,0,0.0,0,3537,0,0,1,
qwen2.5:1.5b,Q4_K_M,5,non-ordered,math_bench_2,direct,True,none,solve,1.0,8192,64149,HOTEL CHARLIE WHISKEY,CATAPULT,5,14,20,,17,1;1;1;1;1;1;1;1;1;1;0;0;1;1;1;0;1;1;1;1,,0.0;0.0;0.0;0.25;0.0;0.0;0.25;0.0;0.0;0.0;0.0;0.25;0.0;0.0;0.0;0.0;0.0;0.0;0.0;0.0,0;0;0;0;0;0;0;0;0;0;0;0;0;0;0;0;0;0;0;0,0.0375,0.0,0,0.0,0,138,0,1,,
qwen2.5:1.5b,Q4_K_M,5,non-ordered,math_bench_4,cot,True,none,solve,1.0,8192,64149,HOTEL CHARLIE WHISKEY,CATAPULT,5,14,20,17,9,0;1;1;0;0;0;1;0;1;0;0;0;1;0;1;1;0;1;0;1,1;1;1;1;1;1;1;0;1;1;0;1;1;0;1;1;1;1;1;1,0.0;0.0;0.0;0.25;0.0;0.0;0.0;0.0;0.0;0.0;0.0;0.0;0.25;0.0;0.25;0.0;0.25;0.25;0.0;0.0,3264;1531;1467;1917;1136;2214;2478;259;897;2367;1238;3188;2942;950;2434;2066;2070;2002;2417;1926,0.0625,1938.15,0,0.0,0,2114,0,0,1,
qwen2.5:1.5b,Q4_K_M,5,non-ordered,math_bench_4,direct,True,none,solve,1.0,8192,64149,HOTEL CHARLIE WHISKEY,CATAPULT,5,14,20,,12,0;1;0;0;1;0;0;1;1;0;1;0;1;1;1;1;1;1;1;0,,0.0;0.0;0.0;0.0;0.25;0.0;0.0;0.0;0.0;0.0;0.0;0.0;0.0;0.0;0.0;0.25;0.0;0.0;0.0;0.0,0;0;0;0;0;0;0;0;0;0;0;0;0;0;0;0;0;0;0;0,0.025,0.0,0,0.0,0,133,0,1,,
qwen2.5:1.5b,Q4_K_M,5,non-ordered,math_bench_5,cot,True,none,solve,1.0,8192,64149,HOTEL CHARLIE WHISKEY,CATAPULT,5,14,20,16,12,1;1;1;1;0;1;0;0;0;0;1;1;1;1;0;0;1;1;0;1,1;1;1;0;0;1;0;1;1;1;1;1;1;1;1;0;1;1;1;1,0.0;0.0;0.0;0.0;0.0;0.0;0.0;0.0;0.0;0.0;0.0;0.0;0.0;0.0;0.0;0.0;0.0;0.0;0.0;0.0,1469;1720;2296;664;154;1676;3227;1241;1668;2997;1527;2583;2244;1588;1852;1507;2143;1952;1744;2500,0.0,1837.6,0,0.0,0,4929,0,0,1,
qwen2.5:1.5b,Q4_K_M,5,non-ordered,math_bench_5,direct,True,none,solve,1.0,8192,64149,HOTEL CHARLIE WHISKEY,CATAPULT,5,14,20,,14,1;0;0;1;1;1;1;1;0;1;1;1;0;1;0;1;1;1;0;1,,0.0;0.0;0.0;0.25;0.0;0.0;0.0;0.25;0.0;0.0;0.25;0.0;0.0;0.0;0.0;0.0;0.0;0.0;0.0;0.25,0;0;0;0;0;0;0;0;0;0;0;0;0;0;0;0;0;0;0;0,0.05,0.0,0,0.0,0,181,0,1,,
qwen2.5:1.5b,Q4_K_M,5,non-ordered,trivial,cot,True,none,solve,1.0,8192,65114,HOTEL JULIET XRAY,YACHT,5,12,20,9,9,1;0;0;1;0;0;1;0;0;0;1;1;0;0;0;1;1;1;0;1,1;0;0;1;0;0;1;0;0;0;1;1;0;0;0;1;1;0;1;1,0.25;1.0;1.0;0.25;0.25;0.25;0.75;0.0;1.0;0.25;0.5;0.5;0.25;0.75;0.0;0.75;0.0;1.0;0.0;0.5,358;347;487;316;268;336;381;542;205;660;267;252;235;306;170;408;777;794;3550;473,0.4625,556.6,0,0.0,0,989,0,0,1,
qwen2.5:1.5b,Q4_K_M,5,non-ordered,trivial,direct,True,none,solve,1.0,8192,65114,HOTEL JULIET XRAY,YACHT,5,12,20,,10,1;1;0;1;0;1;0;0;0;1;1;1;0;1;0;1;0;1;0;0,,1.0;1.0;1.0;0.75;1.0;1.0;1.0;0.0;1.0;0.75;1.0;1.0;1.0;1.0;1.0;0.75;1.0;1.0;1.0;0.75,0;0;0;0;0;0;0;0;0;0;0;0;0;0;0;0;0;0;0;0,0.9,0.0,0,0.0,0,80,0,0,,
qwen2.5:1.5b,Q4_K_M,5,non-ordered,math_bench_2,cot,True,none,solve,1.0,8192,65149,WHISKEY FOXTROT QUEBEC,TANGERINE,5,15,20,8,4,0;1;0;0;0;0;0;1;0;0;0;0;0;0;0;1;1;0;0;0,0;1;0;0;0;0;1;1;0;0;0;1;1;0;0;1;1;1;0;0,0.5;0.75;0.75;0.0;0.25;0.25;0.25;0.25;0.5;0.0;0.25;1.0;0.75;0.75;0.5;0.5;0.75;0.5;0.25;0.5,240;1789;994;99;258;505;1798;733;1014;613;529;2873;1303;396;970;659;4468;756;892;538,0.4625,1071.35,0,0.0,0,176,0,0,0,
qwen2.5:1.5b,Q4_K_M,5,non-ordered,math_bench_2,direct,True,none,solve,1.0,8192,65149,WHISKEY FOXTROT QUEBEC,TANGERINE,5,15,20,,2,0;0;1;0;0;0;1;0;0;0;0;0;0;0;0;0;0;0;0;0,,0.5;0.0;0.25;0.0;0.0;0.0;0.5;0.25;0.25;0.0;0.0;0.0;0.25;0.5;0.25;0.5;0.0;0.0;0.25;0.0,0;0;0;0;0;0;0;0;0;0;0;0;0;0;0;0;0;0;0;0,0.175,0.0,0,0.0,0,97,0,0,,
qwen2.5:1.5b,Q4_K_M,5,non-ordered,math_bench_4,cot,True,none,solve,1.0,8192,65149,WHISKEY FOXTROT QUEBEC,TANGERINE,5,15,20,3,1,0;0;0;0;0;0;0;0;0;1;0;0;0;0;0;0;0;0;0;0,0;0;1;0;0;0;0;0;0;0;0;0;0;0;0;0;0;1;0;1,0.25;0.0;0.0;0.25;0.0;0.25;0.0;0.25;0.25;0.25;0.25;0.0;0.25;0.25;0.0;0.0;0.25;0.0;0.0;0.0,575;829;1079;349;591;194;325;552;630;1103;1260;463;943;607;254;763;344;1422;244;2800,0.125,766.35,0,0.0,0,877,0,1,0,
qwen2.5:1.5b,Q4_K_M,5,non-ordered,math_bench_4,direct,True,none,solve,1.0,8192,65149,WHISKEY FOXTROT QUEBEC,TANGERINE,5,15,20,,3,1;0;0;1;0;0;1;0;0;0;0;0;0;0;0;0;0;0;0;0,,0.25;0.0;0.0;0.25;0.0;0.0;0.0;0.25;0.25;0.25;0.25;0.25;0.0;0.25;0.25;0.25;0.0;0.0;0.0;0.25,0;0;0;0;0;0;0;0;0;0;0;0;0;0;0;0;0;0;0;0,0.1375,0.0,0,0.0,0,95,0,0,,
qwen2.5:1.5b,Q4_K_M,5,non-ordered,math_bench_5,cot,True,none,solve,1.0,8192,65149,WHISKEY FOXTROT QUEBEC,TANGERINE,5,15,20,6,4,0;0;0;1;0;0;0;0;1;0;0;0;0;0;0;0;0;1;0;1,0;0;1;0;1;0;0;1;1;0;1;0;0;0;0;0;0;1;0;0,0.0;0.25;0.5;0.25;0.25;0.0;0.0;0.25;0.0;0.0;0.0;0.0;0.0;0.0;0.0;0.0;0.0;0.0;0.0;0.0,490;3960;3010;594;2458;1980;599;1675;1630;1528;2474;2318;682;550;473;505;1206;1122;780;1516,0.075,1477.5,0,0.0,0,3288,0,0,1,
qwen2.5:1.5b,Q4_K_M,5,non-ordered,math_bench_5,direct,True,none,solve,1.0,8192,65149,WHISKEY FOXTROT QUEBEC,TANGERINE,5,15,20,,0,0;0;0;0;0;0;0;0;0;0;0;0;0;0;0;0;0;0;0;0,,0.25;0.0;0.0;0.0;0.25;0.0;0.25;0.0;0.25;0.0;0.0;0.0;0.0;0.0;0.0;0.0;0.5;0.25;0.0;0.0,0;0;0;0;0;0;0;0;0;0;0;0;0;0;0;0;0;0;0;0,0.0875,0.0,0,0.0,0,56,0,0,,
qwen2.5:1.5b,Q4_K_M,5,non-ordered,trivial,cot,True,none,solve,1.0,8192,66114,ECHO OSCAR ZULU,JIGSAW,5,15,20,13,14,0;0;1;0;1;1;1;1;1;1;0;1;1;1;1;1;0;1;0;1,0;0;1;0;1;1;1;0;1;1;0;1;1;1;0;1;0;1;1;1,0.25;0.5;1.0;0.5;0.75;1.0;1.0;0.75;0.75;1.0;0.5;1.0;1.0;1.0;0.75;1.0;0.5;0.25;0.5;0.75,72;173;466;362;306;1411;1406;213;443;1281;147;419;1654;1337;969;460;395;1169;1160;336,0.7375,708.95,0,0.0,0,690,0,1,1,
qwen2.5:1.5b,Q4_K_M,5,non-ordered,trivial,direct,True,none,solve,1.0,8192,66114,ECHO OSCAR ZULU,JIGSAW,5,15,20,,7,1;0;0;0;0;0;1;0;1;0;1;1;0;0;0;1;0;0;1;0,,1.0;1.0;1.0;0.0;1.0;1.0;1.0;1.0;1.0;1.0;1.0;1.0;1.0;1.0;1.0;1.0;0.25;1.0;1.0;1.0,0;0;0;0;0;0;0;0;0;0;0;0;0;0;0;0;0;0;0;0,0.9125,0.0,0,0.0,0,104,0,0,,
qwen2.5:1.5b,Q4_K_M,5,non-ordered,math_bench_2,cot,True,none,solve,1.0,8192,66149,ALPHA JULIET OSCAR,WALNUT,5,14,20,10,1,0;0;1;0;0;0;0;0;0;0;0;0;0;0;0;0;0;0;0;0,0;1;1;0;0;0;1;0;0;0;1;0;1;1;0;1;0;1;1;1,0.5;0.0;0.0;0.0;0.0;0.0;0.25;0.0;0.0;0.25;0.0;0.0;0.0;0.25;0.25;0.25;0.0;0.25;0.0;0.0,2653;766;1115;1523;1805;2829;1854;216;508;713;3378;827;1587;1963;1365;4136;408;1356;1660;2462,0.1,1656.2,0,0.0,0,1775,0,0,1,
qwen2.5:1.5b,Q4_K_M,5,non-ordered,math_bench_2,direct,True,none,solve,1.0,8192,66149,ALPHA JULIET OSCAR,WALNUT,5,14,20,,9,0;0;0;1;0;1;0;0;0;0;1;0;1;1;0;1;0;1;1;1,,0.0;0.0;0.0;0.0;0.0;0.0;0.0;0.0;0.0;0.0;0.0;0.0;0.0;0.0;0.0;0.0;0.0;0.0;0.0;0.0,0;0;0;0;0;0;0;0;0;0;0;0;0;0;0;0;0;0;0;0,0.0,0.0,0,0.0,0,408,0,0,,
qwen2.5:1.5b,Q4_K_M,5,non-ordered,math_bench_4,cot,True,none,solve,1.0,8192,66149,ALPHA JULIET OSCAR,WALNUT,5,14,20,11,3,0;0;0;0;0;1;0;0;0;0;0;0;0;0;1;0;1;0;0;0,0;0;0;0;1;1;1;0;1;1;1;1;1;0;1;0;1;0;1;0,0.0;0.0;0.0;0.0;0.0;0.0;0.0;0.0;0.0;0.0;0.25;0.0;0.0;0.0;0.0;0.0;0.0;0.0;0.0;0.0,235;257;2160;1775;1235;1048;2109;1578;3456;991;4053;1494;780;1455;2007;852;0;406;2333;1857,0.0125,1504.05,0,0.0,0,1055,0,0,0,
qwen2.5:1.5b,Q4_K_M,5,non-ordered,math_bench_4,direct,True,none,solve,1.0,8192,66149,ALPHA JULIET OSCAR,WALNUT,5,14,20,,12,1;0;0;1;0;1;1;1;1;0;1;1;1;1;1;0;0;0;1;0,,0.0;0.0;0.0;0.0;0.0;0.0;0.0;0.0;0.0;0.0;0.0;0.0;0.0;0.0;0.0;0.0;0.0;0.0;0.0;0.0,0;0;0;0;0;0;0;0;0;0;0;0;0;0;0;0;0;0;0;0,0.0,0.0,0,0.0,0,99,0,0,,
qwen2.5:1.5b,Q4_K_M,5,non-ordered,math_bench_5,cot,True,none,solve,1.0,8192,66149,ALPHA JULIET OSCAR,WALNUT,5,14,20,12,1,0;0;0;0;0;0;0;0;0;0;0;0;0;0;0;1;0;0;0;0,0;0;0;0;1;1;0;1;0;1;0;1;0;1;1;1;1;1;1;1,0.0;0.0;0.0;0.0;0.0;0.0;0.0;0.0;0.0;0.0;0.0;0.0;0.25;0.25;0.0;0.0;0.25;0.0;0.0;0.25,1328;730;1381;1001;1118;1358;1126;3664;133;2799;186;2243;722;1443;1759;3387;2174;3555;4259;2120,0.05,1824.3,0,0.0,0,592,0,0,0,
qwen2.5:1.5b,Q4_K_M,5,non-ordered,math_bench_5,direct,True,none,solve,1.0,8192,66149,ALPHA JULIET OSCAR,WALNUT,5,14,20,,7,0;0;0;1;0;1;0;0;0;0;0;1;1;1;0;1;0;1;0;0,,0.0;0.0;0.0;0.0;0.0;0.0;0.0;0.0;0.0;0.0;0.0;0.0;0.0;0.0;0.0;0.0;0.0;0.0;0.0;0.0,0;0;0;0;0;0;0;0;0;0;0;0;0;0;0;0;0;0;0;0,0.0,0.0,0,0.0,0,150,0,0,,
qwen2.5:1.5b,Q4_K_M,5,non-ordered,trivial,cot,True,none,solve,1.0,8192,67114,DELTA PAPA ALPHA,UMBRELLA,5,15,20,9,9,1;0;1;0;0;1;1;0;0;0;1;0;1;1;1;0;1;0;0;0,1;0;1;0;0;1;0;0;1;0;1;0;0;1;1;0;1;0;0;1,1.0;0.75;1.0;0.75;0.0;0.75;0.75;0.75;0.0;0.5;1.0;1.0;0.75;0.75;1.0;0.25;0.75;0.0;0.75;0.0,1333;258;991;178;127;468;520;424;1336;137;1614;352;148;2872;1333;1571;375;219;453;1576,0.625,814.25,0,0.0,0,272,0,0,0,
qwen2.5:1.5b,Q4_K_M,5,non-ordered,trivial,direct,True,none,solve,1.0,8192,67114,DELTA PAPA ALPHA,UMBRELLA,5,15,20,,1,0;1;0;0;0;0;0;0;0;0;0;0;0;0;0;0;0;0;0;0,,1.0;1.0;0.75;1.0;0.75;1.0;0.75;0.75;1.0;0.25;1.0;1.0;0.75;1.0;0.75;1.0;1.0;1.0;0.75;1.0,0;0;0;0;0;0;0;0;0;0;0;0;0;0;0;0;0;0;0;0,0.875,0.0,0,0.0,0,103,0,0,,
qwen2.5:1.5b,Q4_K_M,5,non-ordered,math_bench_2,cot,True,none,solve,1.0,8192,67149,HOTEL WHISKEY OSCAR,ORCHID,5,15,20,11,5,0;0;1;1;0;0;0;0;0;1;0;0;0;1;0;0;0;0;0;1,1;1;1;0;1;0;1;0;0;1;0;1;0;1;1;0;0;1;1;0,0.0;0.0;0.0;0.0;0.0;0.0;0.0;0.0;0.0;0.0;0.0;0.0;0.0;0.0;0.0;0.0;0.25;0.0;0.0;0.0,750;2087;1146;1413;3087;1674;3267;889;2555;1461;2142;908;807;1867;8170;1921;2152;1660;3956;673,0.0125,2129.25,0,0.0,0,699,0,0,0,
qwen2.5:1.5b,Q4_K_M,5,non-ordered,math_bench_2,direct,True,none,solve,1.0,8192,67149,HOTEL WHISKEY OSCAR,ORCHID,5,15,20,,1,0;0;0;0;0;0;0;0;0;0;0;0;0;0;1;0;0;0;0;0,,0.0;0.0;0.0;0.0;0.25;0.0;0.0;0.0;0.0;0.0;0.25;0.0;0.0;0.0;0.0;0.0;0.0;0.0;0.0;0.0,0;0;0;0;0;0;0;0;0;0;0;0;0;0;0;0;0;0;0;0,0.025,0.0,0,0.0,0,94,0,0,,
qwen2.5:1.5b,Q4_K_M,5,non-ordered,math_bench_4,cot,True,none,solve,1.0,8192,67149,HOTEL WHISKEY OSCAR,ORCHID,5,15,20,13,8,0;0;0;1;0;0;0;0;1;0;0;1;1;1;0;0;1;1;1;0,1;0;0;0;0;1;1;0;1;1;1;1;1;1;1;1;1;0;0;1,0.0;0.25;0.25;0.0;0.0;0.0;0.5;0.25;0.25;0.0;0.0;0.5;0.25;0.0;0.0;0.25;0.5;0.25;0.25;0.0,1097;1735;816;578;1105;1103;1576;699;1937;386;2148;1702;1958;1094;2911;322;455;633;766;2283,0.175,1265.2,0,0.0,0,1021,0,1,1,
qwen2.5:1.5b,Q4_K_M,5,non-ordered,math_bench_4,direct,True,none,solve,1.0,8192,67149,HOTEL WHISKEY OSCAR,ORCHID,5,15,20,,0,0;0;0;0;0;0;0;0;0;0;0;0;0;0;0;0;0;0;0;0,,0.0;0.0;0.0;0.0;0.0;0.0;0.0;0.0;0.0;0.0;0.0;0.0;0.25;0.0;0.0;0.0;0.0;0.0;0.0;0.0,0;0;0;0;0;0;0;0;0;0;0;0;0;0;0;0;0;0;0;0,0.0125,0.0,0,0.0,0,190,0,0,,
qwen2.5:1.5b,Q4_K_M,5,non-ordered,math_bench_5,cot,True,none,solve,1.0,8192,67149,HOTEL WHISKEY OSCAR,ORCHID,5,15,20,14,4,0;0;0;1;0;0;0;1;1;0;0;0;0;0;0;0;0;1;0;0,0;1;1;1;0;1;0;1;1;1;1;1;1;0;1;1;0;1;1;0,0.0;0.25;0.0;0.0;0.0;0.0;0.0;0.0;0.0;0.0;0.0;0.0;0.0;0.0;0.0;0.0;0.25;0.0;0.0;0.0,608;2220;2996;1277;1488;924;697;1250;1725;4458;2930;2151;4105;543;1739;4848;863;3019;3034;1511,0.025,2119.3,0,0.0,0,3747,0,0,0,
qwen2.5:1.5b,Q4_K_M,5,non-ordered,math_bench_5,direct,True,none,solve,1.0,8192,67149,HOTEL WHISKEY OSCAR,ORCHID,5,15,20,,1,0;0;0;0;0;0;0;0;0;0;0;0;0;0;0;0;0;0;1;0,,0.25;0.25;0.0;0.25;0.0;0.25;0.0;0.0;0.0;0.25;0.25;0.0;0.25;0.0;0.0;0.0;0.0;0.0;0.0;0.0,0;0;0;0;0;0;0;0;0;0;0;0;0;0;0;0;0;0;0;0,0.0875,0.0,0,0.0,0,121,0,0,,
qwen2.5:1.5b,Q4_K_M,5,non-ordered,trivial,cot,True,none,solve,1.0,8192,68114,ECHO ALPHA LIMA,METRONOME,5,11,20,12,13,1;1;1;0;1;0;1;0;1;0;0;1;1;1;1;1;1;1;0;0,1;1;1;0;1;0;1;0;1;0;1;1;1;0;0;0;1;1;0;1,0.75;0.75;0.5;0.75;0.5;0.75;0.75;0.75;1.0;0.75;1.0;0.75;1.0;0.5;1.0;0.75;0.75;1.0;1.0;0.25,395;371;225;233;261;230;496;236;1110;350;782;1485;918;195;237;121;612;1565;453;3411,0.7625,684.3,0,0.0,0,567,0,0,0,
qwen2.5:1.5b,Q4_K_M,5,non-ordered,trivial,direct,True,none,solve,1.0,8192,68114,ECHO ALPHA LIMA,METRONOME,5,11,20,,10,0;1;1;1;0;1;0;1;1;1;1;0;0;1;0;1;0;0;0;0,,0.75;1.0;0.75;1.0;1.0;0.75;0.0;0.75;0.75;0.75;0.75;1.0;1.0;0.75;0.75;1.0;1.0;0.0;1.0;0.75,0;0;0;0;0;0;0;0;0;0;0;0;0;0;0;0;0;0;0;0,0.775,0.0,0,0.0,0,234,0,1,,
qwen2.5:1.5b,Q4_K_M,5,non-ordered,math_bench_2,cot,True,none,solve,1.0,8192,68149,VICTOR ECHO LIMA,BLIZZARD,5,10,20,12,5,0;0;0;1;1;1;0;1;0;0;0;0;1;0;0;0;0;0;0;0,0;1;1;1;1;0;0;1;1;0;1;0;1;0;1;0;0;1;1;1,0.0;0.0;0.0;0.75;0.25;0.25;0.0;0.0;0.0;0.5;0.0;0.25;0.25;0.0;0.5;0.5;0.5;0.0;0.0;0.0,1915;1080;733;1069;997;335;104;370;1466;744;784;2189;1388;606;2127;708;947;1874;1721;1572,0.1875,1136.45,0,0.0,0,2071,0,0,1,
qwen2.5:1.5b,Q4_K_M,5,non-ordered,math_bench_2,direct,True,none,solve,1.0,8192,68149,VICTOR ECHO LIMA,BLIZZARD,5,10,20,,18,1;1;1;1;1;1;1;0;1;1;1;1;0;1;1;1;1;1;1;1,,0.25;0.25;0.75;0.25;0.25;0.25;0.25;0.25;0.25;0.25;0.25;0.25;0.25;0.5;0.25;0.25;0.25;0.25;0.5;0.25,0;0;0;0;0;0;0;0;0;0;0;0;0;0;0;0;0;0;0;0,0.3,0.0,0,0.0,0,127,0,1,,
qwen2.5:1.5b,Q4_K_M,5,non-ordered,math_bench_4,cot,True,none,solve,1.0,8192,68149,VICTOR ECHO LIMA,BLIZZARD,5,10,20,17,8,0;0;0;0;1;1;0;0;0;0;1;0;1;1;0;0;1;1;0;1,1;1;1;1;1;1;0;1;1;1;1;1;1;1;1;1;1;0;0;1,0.0;0.0;0.0;0.0;0.0;0.0;0.0;0.0;0.0;0.0;0.25;0.0;0.0;0.0;0.0;0.0;0.0;0.0;0.0;0.0,1829;973;1869;1493;432;1838;413;1699;777;1394;543;921;2608;723;2071;1633;1590;554;1644;307,0.0125,1265.55,0,0.0,0,2134,0,0,0,
qwen2.5:1.5b,Q4_K_M,5,non-ordered,math_bench_4,direct,True,none,solve,1.0,8192,68149,VICTOR ECHO LIMA,BLIZZARD,5,10,20,,15,1;1;1;1;0;1;1;1;1;0;1;1;1;1;1;1;0;1;0;0,,0.0;0.0;0.0;0.0;0.0;0.0;0.0;0.0;0.0;0.0;0.25;0.0;0.0;0.0;0.25;0.0;0.25;0.0;0.0;0.0,0;0;0;0;0;0;0;0;0;0;0;0;0;0;0;0;0;0;0;0,0.0375,0.0,0,0.0,0,125,0,1,,
qwen2.5:1.5b,Q4_K_M,5,non-ordered,math_bench_5,cot,True,none,solve,1.0,8192,68149,VICTOR ECHO LIMA,BLIZZARD,5,10,20,16,3,0;0;0;0;0;0;0;0;1;0;0;1;0;0;0;0;0;1;0;0,1;1;1;1;1;0;1;1;0;1;0;1;1;1;1;1;1;1;1;0,0.0;0.0;0.0;0.0;0.0;0.0;0.0;0.0;0.0;0.0;0.0;0.0;0.0;0.0;0.0;0.0;0.0;0.0;0.0;0.0,3549;1751;1888;3320;1351;303;1660;1501;804;2106;92;839;1477;2534;2299;2657;752;1844;4088;189,0.0,1750.2,0,0.0,0,1996,0,0,0,
qwen2.5:1.5b,Q4_K_M,5,non-ordered,math_bench_5,direct,True,none,solve,1.0,8192,68149,VICTOR ECHO LIMA,BLIZZARD,5,10,20,,19,1;1;1;1;1;1;1;1;1;1;0;1;1;1;1;1;1;1;1;1,,0.0;0.0;0.0;0.0;0.0;0.0;0.0;0.0;0.0;0.0;0.0;0.0;0.0;0.0;0.0;0.0;0.0;0.0;0.0;0.0,0;0;0;0;0;0;0;0;0;0;0;0;0;0;0;0;0;0;0;0,0.0,0.0,0,0.0,0,135,0,1,,
qwen2.5:1.5b,Q4_K_M,5,non-ordered,trivial,cot,True,none,solve,1.0,8192,69114,GOLF BRAVO XRAY,PELICAN,5,15,20,12,12,0;1;0;1;0;1;0;1;0;1;0;1;1;1;1;0;1;1;0;1,0;1;0;1;0;1;0;1;1;1;1;1;1;0;1;0;0;1;0;1,0.75;1.0;0.75;1.0;0.0;1.0;0.75;1.0;0.0;0.25;0.5;0.5;0.75;0.75;0.75;0.75;0.5;1.0;0.25;0.0,1428;656;864;2153;168;1869;520;1159;1549;351;3384;343;1955;514;428;182;1203;979;104;2795,0.6125,1130.2,0,0.0,0,976,0,0,0,
qwen2.5:1.5b,Q4_K_M,5,non-ordered,trivial,direct,True,none,solve,1.0,8192,69114,GOLF BRAVO XRAY,PELICAN,5,15,20,,8,0;1;0;0;0;1;0;0;0;0;1;0;1;0;0;0;1;1;1;1,,1.0;1.0;0.0;1.0;1.0;1.0;1.0;1.0;0.0;1.0;1.0;1.0;1.0;1.0;1.0;0.0;1.0;1.0;1.0;1.0,0;0;0;0;0;0;0;0;0;0;0;0;0;0;0;0;0;0;0;0,0.85,0.0,0,0.0,0,84,0,0,,
qwen2.5:1.5b,Q4_K_M,5,non-ordered,math_bench_2,cot,True,none,solve,1.0,8192,69149,GOLF KILO JULIET,UKULELE,5,11,20,11,4,1;1;0;0;0;0;0;0;0;1;0;0;0;0;0;1;0;0;0;0,1;0;0;1;1;1;0;1;1;1;1;0;0;0;1;1;0;0;0;1,0.0;0.0;0.0;0.5;0.0;0.0;0.0;0.0;0.5;0.25;0.25;0.0;0.0;0.0;0.25;0.25;0.25;0.0;0.25;0.0,1733;624;552;1492;1563;1545;174;1887;316;1457;2982;909;220;249;421;1670;783;244;883;2267,0.125,1098.55,0,0.0,0,2158,0,0,1,
qwen2.5:1.5b,Q4_K_M,5,non-ordered,math_bench_2,direct,True,none,solve,1.0,8192,69149,GOLF KILO JULIET,UKULELE,5,11,20,,10,0;0;1;1;1;0;1;0;0;0;1;1;0;1;0;0;1;1;0;1,,0.0;0.0;0.0;0.0;0.0;0.0;0.0;0.0;0.0;0.0;0.0;0.0;0.0;0.0;0.0;0.0;0.0;0.0;0.0;0.0,0;0;0;0;0;0;0;0;0;0;0;0;0;0;0;0;0;0;0;0,0.0,0.0,0,0.0,0,84,0,1,,
qwen2.5:1.5b,Q4_K_M,5,non-ordered,math_bench_4,cot,True,none,solve,1.0,8192,69149,GOLF KILO JULIET,UKULELE,5,11,20,10,3,0;0;0;0;0;0;0;1;0;0;1;0;1;0;0;0;0;0;0;0,1;1;1;0;1;0;1;1;0;0;1;1;1;0;1;0;0;0;0;0,0.25;0.0;0.0;0.0;0.0;0.0;0.5;0.0;0.0;0.0;0.0;0.0;0.0;0.0;0.0;0.0;0.0;0.0;0.0;0.0,2692;1983;956;158;6694;1176;2953;1728;1124;1281;2020;3220;1219;494;2997;2484;310;673;984;164,0.0375,1765.5,0,0.0,0,1454,0,0,0,
qwen2.5:1.5b,Q4_K_M,5,non-ordered,math_bench_4,direct,True,none,solve,1.0,8192,69149,GOLF KILO JULIET,UKULELE,5,11,20,,13,1;0;1;1;0;1;1;0;0;1;1;1;0;1;0;1;1;1;0;1,,0.0;0.0;0.0;0.0;0.0;0.0;0.0;0.0;0.0;0.0;0.0;0.0;0.0;0.0;0.0;0.0;0.0;0.0;0.0;0.0,0;0;0;0;0;0;0;0;0;0;0;0;0;0;0;0;0;0;0;0,0.0,0.0,0,0.0,0,13,0,0,,
qwen2.5:1.5b,Q4_K_M,5,non-ordered,math_bench_5,cot,True,none,solve,1.0,8192,69149,GOLF KILO JULIET,UKULELE,5,11,20,10,7,1;0;0;0;1;0;0;0;1;1;0;0;1;1;0;1;0;0;0;0,1;0;0;1;1;0;1;0;1;1;0;0;0;1;0;1;1;0;1;0,0.0;0.0;0.0;0.0;0.0;0.0;0.0;0.0;0.0;0.25;0.0;0.25;0.25;0.0;0.0;0.0;0.0;0.0;0.0;0.0,1955;1066;3198;1984;1644;1652;3679;530;3344;3052;110;675;549;2467;241;1972;3523;725;3153;152,0.0375,1783.55,0,0.0,0,908,0,0,0,
qwen2.5:1.5b,Q4_K_M,5,non-ordered,math_bench_5,direct,True,none,solve,1.0,8192,69149,GOLF KILO JULIET,UKULELE,5,11,20,,8,1;1;1;0;1;0;0;0;0;0;0;1;0;1;0;0;0;1;1;0,,0.25;0.25;0.0;0.25;0.0;0.0;0.0;0.0;0.0;0.0;0.0;0.25;0.0;0.25;0.25;0.25;0.25;0.0;0.0;0.0,0;0;0;0;0;0;0;0;0;0;0;0;0;0;0;0;0;0;0;0,0.1,0.0,0,0.0,0,100,0,0,,
qwen2.5:1.5b,Q4_K_M,5,non-ordered,trivial,cot,True,none,solve,1.0,8192,70114,OSCAR FOXTROT PAPA,METRONOME,5,15,20,16,13,0;1;1;1;0;0;1;1;1;0;1;1;0;0;1;1;1;1;1;0,1;0;1;1;1;1;1;1;1;0;1;1;0;1;1;1;1;1;1;0,0.5;0.0;0.0;0.5;0.75;0.75;0.5;0.75;1.0;0.5;0.25;1.0;0.25;0.25;0.5;0.5;0.0;0.0;0.5;0.0,1908;378;164;2416;284;563;722;2972;1401;197;210;1747;638;551;1221;352;256;1722;249;531,0.425,924.1,0,0.0,0,832,0,1,0,
qwen2.5:1.5b,Q4_K_M,5,non-ordered,trivial,direct,True,none,solve,1.0,8192,70114,OSCAR FOXTROT PAPA,METRONOME,5,15,20,,8,1;1;1;0;0;0;1;0;0;1;0;1;0;0;0;1;0;0;1;0,,0.75;0.75;0.75;0.5;0.25;0.75;0.75;0.75;0.5;0.75;0.75;0.75;0.75;0.75;0.5;0.75;0.75;1.0;0.75;0.0,0;0;0;0;0;0;0;0;0;0;0;0;0;0;0;0;0;0;0;0,0.6625,0.0,0,0.0,0,135,0,1,,
qwen2.5:1.5b,Q4_K_M,5,non-ordered,math_bench_2,cot,True,none,solve,1.0,8192,70149,UNIFORM FOXTROT GOLF,BLIZZARD,5,10,20,11,3,0;0;0;0;0;0;1;0;0;0;0;0;1;0;1;0;0;0;0;0,0;1;1;1;0;1;1;0;1;0;1;1;1;0;1;0;0;0;0;1,0.0;0.0;0.0;0.0;0.25;0.0;0.0;0.25;0.25;0.25;0.0;0.0;0.0;0.0;0.25;0.0;0.0;0.25;0.25;0.0,600;2181;124;162;300;1873;776;504;2004;686;801;598;3145;960;1071;181;1336;615;1079;2823,0.0875,1090.95,0,0.0,0,1217,0,0,0,
qwen2.5:1.5b,Q4_K_M,5,non-ordered,math_bench_2,direct,True,none,solve,1.0,8192,70149,UNIFORM FOXTROT GOLF,BLIZZARD,5,10,20,,5,1;0;0;0;0;0;0;1;0;1;0;0;0;0;0;0;1;0;0;1,,0.5;0.0;0.0;0.0;0.0;0.0;0.0;0.0;0.0;0.0;0.0;0.0;0.0;0.0;0.0;0.0;0.0;0.25;0.0;0.0,0;0;0;0;0;0;0;0;0;0;0;0;0;0;0;0;0;0;0;0,0.0375,0.0,0,0.0,0,125,0,1,,
qwen2.5:1.5b,Q4_K_M,5,non-ordered,math_bench_4,cot,True,none,solve,1.0,8192,70149,UNIFORM FOXTROT GOLF,BLIZZARD,5,10,20,9,2,0;0;0;0;0;0;1;0;1;0;0;0;0;0;0;0;0;0;0;0,0;0;0;0;0;0;1;1;1;1;0;1;0;1;1;1;0;0;0;1,0.0;0.0;0.0;0.0;0.0;0.0;0.0;0.0;0.0;0.0;0.0;0.0;0.25;0.25;0.0;0.0;0.0;0.25;0.0;0.0,2411;495;818;1505;200;267;848;1128;1256;3762;2150;942;1037;2185;446;2269;2122;199;698;739,0.0375,1273.85,0,0.0,0,1539,0,0,0,
qwen2.5:1.5b,Q4_K_M,5,non-ordered,math_bench_4,direct,True,none,solve,1.0,8192,70149,UNIFORM FOXTROT GOLF,BLIZZARD,5,10,20,,5,1;0;0;1;0;0;0;0;1;1;0;0;0;0;0;0;0;1;0;0,,0.0;0.0;0.0;0.0;0.0;0.0;0.0;0.25;0.0;0.0;0.0;0.0;0.0;0.0;0.0;0.0;0.0;0.0;0.0;0.0,0;0;0;0;0;0;0;0;0;0;0;0;0;0;0;0;0;0;0;0,0.0125,0.0,0,0.0,0,96,0,0,,
qwen2.5:1.5b,Q4_K_M,5,non-ordered,math_bench_5,cot,True,none,solve,1.0,8192,70149,UNIFORM FOXTROT GOLF,BLIZZARD,5,10,20,8,3,1;1;0;0;1;0;0;0;0;0;0;0;0;0;0;0;0;0;0;0,1;1;0;1;1;0;0;0;0;0;0;0;1;0;1;1;0;0;1;0,0.0;0.0;0.0;0.25;0.0;0.0;0.25;0.0;0.0;0.0;0.0;0.25;0.25;0.0;0.0;0.0;0.25;0.0;0.25;0.25,3034;633;1073;1302;2030;617;1537;2072;925;273;2893;503;2216;676;1017;2597;1035;288;1183;1888,0.0875,1389.6,0,0.0,0,1784,0,0,1,
qwen2.5:1.5b,Q4_K_M,5,non-ordered,math_bench_5,direct,True,none,solve,1.0,8192,70149,UNIFORM FOXTROT GOLF,BLIZZARD,5,10,20,,11,1;1;1;1;0;0;1;0;1;0;1;0;1;0;1;0;1;0;0;1,,0.0;0.0;0.0;0.0;0.0;0.0;0.0;0.25;0.0;0.0;0.0;0.0;0.0;0.0;0.0;0.25;0.0;0.25;0.0;0.25,0;0;0;0;0;0;0;0;0;0;0;0;0;0;0;0;0;0;0;0,0.05,0.0,0,0.0,0,94,0,0,,
qwen2.5:1.5b,Q4_K_M,5,non-ordered,trivial,cot,True,none,solve,1.0,8192,71114,OSCAR TANGO HOTEL,QUICKSAND,5,10,20,10,9,0;1;0;1;0;0;0;0;1;1;1;0;0;0;1;0;1;0;1;1,0;1;0;1;0;0;0;0;0;1;1;0;0;1;1;1;1;0;1;1,0.75;0.75;0.75;1.0;1.0;1.0;0.0;0.75;1.0;1.0;1.0;0.75;0.5;1.0;1.0;1.0;1.0;0.5;1.0;1.0,193;729;336;1277;288;144;404;245;1278;766;1109;217;136;225;476;659;1126;369;1717;1116,0.8375,640.5,0,0.0,0,1153,0,1,1,
qwen2.5:1.5b,Q4_K_M,5,non-ordered,trivial,direct,True,none,solve,1.0,8192,71114,OSCAR TANGO HOTEL,QUICKSAND,5,10,20,,16,1;1;1;0;1;1;1;1;1;1;1;1;0;0;1;1;1;1;0;1,,1.0;1.0;1.0;1.0;1.0;1.0;1.0;1.0;1.0;1.0;1.0;1.0;1.0;1.0;1.0;1.0;1.0;1.0;1.0;1.0,0;0;0;0;0;0;0;0;0;0;0;0;0;0;0;0;0;0;0;0,1.0,0.0,0,0.0,0,139,0,1,,
qwen2.5:1.5b,Q4_K_M,5,non-ordered,math_bench_2,cot,True,none,solve,1.0,8192,71149,WHISKEY VICTOR SIERRA,FALCON,5,14,20,12,6,1;0;1;0;0;0;0;1;0;0;1;0;1;0;0;1;0;0;0;0,1;1;1;0;0;0;1;1;1;0;1;1;1;1;0;1;1;0;0;0,0.0;0.25;0.75;0.0;0.5;0.0;0.25;0.0;0.5;0.0;0.25;0.25;0.25;0.0;0.0;0.0;0.0;0.0;0.25;0.25,695;1426;1578;432;1079;1054;1613;1790;1509;1366;2058;2184;714;2987;1500;1340;2667;2551;428;973,0.175,1497.2,0,0.0,0,1342,0,0,1,
qwen2.5:1.5b,Q4_K_M,5,non-ordered,math_bench_2,direct,True,none,solve,1.0,8192,71149,WHISKEY VICTOR SIERRA,FALCON,5,14,20,,0,0;0;0;0;0;0;0;0;0;0;0;0;0;0;0;0;0;0;0;0,,0.0;0.25;0.25;0.25;0.25;0.25;0.0;0.0;0.5;0.0;0.25;0.0;0.5;0.25;0.25;0.5;0.5;0.25;0.25;0.25,0;0;0;0;0;0;0;0;0;0;0;0;0;0;0;0;0;0;0;0,0.2375,0.0,0,0.0,0,94,0,0,,
qwen2.5:1.5b,Q4_K_M,5,non-ordered,math_bench_4,cot,True,none,solve,1.0,8192,71149,WHISKEY VICTOR SIERRA,FALCON,5,14,20,8,2,0;0;0;1;0;0;0;0;0;0;0;0;0;0;0;0;0;1;0;0,0;0;1;0;0;1;0;0;0;1;1;0;1;0;1;1;0;1;0;0,0.0;0.0;0.0;0.0;0.0;0.0;0.0;0.0;0.0;0.0;0.25;0.0;0.0;0.0;0.0;0.0;0.0;0.0;0.0;0.0,407;625;1140;785;817;579;808;331;261;942;1363;641;2111;662;2378;694;1927;471;497;456,0.0125,894.75,0,0.0,0,692,0,0,0,
qwen2.5:1.5b,Q4_K_M,5,non-ordered,math_bench_4,direct,True,none,solve,1.0,8192,71149,WHISKEY VICTOR SIERRA,FALCON,5,14,20,,8,0;0;1;1;1;0;1;0;0;0;1;0;0;0;1;0;0;0;1;1,,0.5;0.0;0.0;0.0;0.0;0.0;0.0;0.0;0.0;0.0;0.0;0.0;0.0;0.0;0.25;0.0;0.0;0.0;0.0;0.0,0;0;0;0;0;0;0;0;0;0;0;0;0;0;0;0;0;0;0;0,0.0375,0.0,0,0.0,0,4,0,0,,
qwen2.5:1.5b,Q4_K_M,5,non-ordered,math_bench_5,cot,True,none,solve,1.0,8192,71149,WHISKEY VICTOR SIERRA,FALCON,5,14,20,10,3,0;0;0;0;0;1;0;0;0;0;0;0;0;0;0;0;1;0;1;0,0;0;0;1;0;1;1;1;0;1;0;0;0;1;1;1;1;0;1;0,0.0;0.0;0.0;0.0;0.0;0.0;0.0;0.0;0.0;0.0;0.0;0.0;0.0;0.25;0.0;0.0;0.0;0.0;0.0;0.0,1172;558;1218;2337;2493;2173;6649;1599;391;4169;628;407;1498;3196;3408;3230;1976;729;2578;596,0.0125,2050.25,0,0.0,0,761,0,0,1,
qwen2.5:1.5b,Q4_K_M,5,non-ordered,math_bench_5,direct,True,none,solve,1.0,8192,71149,WHISKEY VICTOR SIERRA,FALCON,5,14,20,,5,0;0;1;0;0;0;1;0;0;0;1;0;0;0;0;1;0;1;0;0,,0.0;0.0;0.0;0.0;0.0;0.0;0.0;0.0;0.0;0.0;0.0;0.0;0.0;0.0;0.0;0.0;0.0;0.0;0.0;0.0,0;0;0;0;0;0;0;0;0;0;0;0;0;0;0;0;0;0;0;0,0.0,0.0,0,0.0,0,1341,0,0,,
qwen2.5:1.5b,Q4_K_M,5,non-ordered,trivial,cot,True,none,solve,1.0,8192,72114,LIMA INDIA MIKE,PUMPKIN,5,14,20,14,16,0;1;1;1;0;0;1;1;0;1;1;1;1;1;1;1;1;1;1;1,0;1;0;1;1;1;0;1;1;1;0;1;1;0;0;1;1;1;1;1,0.25;0.75;0.75;0.25;0.0;0.0;0.5;0.75;0.0;0.0;0.5;0.25;0.75;0.75;0.5;0.5;0.25;0.5;0.0;1.0,516;1440;1146;1287;254;1712;315;414;1503;2921;559;693;2450;358;366;722;1528;1690;1405;2648,0.4125,1196.35,0,0.0,0,446,0,1,1,
qwen2.5:1.5b,Q4_K_M,5,non-ordered,trivial,direct,True,none,solve,1.0,8192,72114,LIMA INDIA MIKE,PUMPKIN,5,14,20,,6,0;1;1;1;0;0;0;0;1;0;0;0;1;1;0;0;0;0;0;0,,0.0;0.5;0.5;0.5;0.5;1.0;0.75;0.75;0.75;0.0;0.75;0.5;0.75;0.5;0.5;0.0;0.5;0.5;1.0;0.0,0;0;0;0;0;0;0;0;0;0;0;0;0;0;0;0;0;0;0;0,0.5125,0.0,0,0.0,0,400,0,1,,
qwen2.5:1.5b,Q4_K_M,5,non-ordered,math_bench_2,cot,True,none,solve,1.0,8192,72149,YANKEE DELTA GOLF,DAFFODIL,5,11,20,15,7,0;0;0;0;1;1;0;0;1;0;0;1;1;0;1;0;0;0;1;0,1;1;1;0;1;1;0;1;1;0;1;1;1;1;1;1;1;0;0;1,0.0;0.25;0.0;0.5;0.25;0.75;0.5;0.0;0.0;0.0;0.0;0.25;0.5;0.0;0.0;0.25;0.0;0.0;0.25;0.25,1524;2096;3178;941;2315;4429;617;1660;1838;238;2422;563;2010;2170;2174;2000;1585;179;716;3198,0.1875,1792.65,0,0.0,0,2103,0,0,1,
qwen2.5:1.5b,Q4_K_M,5,non-ordered,math_bench_2,direct,True,none,solve,1.0,8192,72149,YANKEE DELTA GOLF,DAFFODIL,5,11,20,,2,0;0;0;0;0;0;0;0;0;0;0;0;0;0;1;0;0;1;0;0,,0.0;0.0;0.0;0.0;0.0;0.0;0.0;0.0;0.0;0.0;0.0;0.0;0.0;0.0;0.0;0.0;0.0;0.0;0.0;0.0,0;0;0;0;0;0;0;0;0;0;0;0;0;0;0;0;0;0;0;0,0.0,0.0,0,0.0,0,109,0,0,,
qwen2.5:1.5b,Q4_K_M,5,non-ordered,math_bench_4,cot,True,none,solve,1.0,8192,72149,YANKEE DELTA GOLF,DAFFODIL,5,11,20,9,7,0;0;1;0;1;0;0;0;0;0;1;1;0;0;0;1;1;1;0;0,0;1;0;1;0;1;0;1;0;1;1;1;0;1;0;0;0;1;0;0,0.25;0.25;0.25;0.25;0.25;0.25;0.0;0.25;0.25;0.0;0.25;0.25;0.0;0.0;0.25;0.0;0.0;0.25;0.0;0.0,456;1651;330;1322;610;1581;470;1624;1314;2406;2092;1061;378;2254;575;838;339;1381;990;1267,0.15,1146.95,0,0.0,0,1175,0,0,0,
qwen2.5:1.5b,Q4_K_M,5,non-ordered,math_bench_4,direct,True,none,solve,1.0,8192,72149,YANKEE DELTA GOLF,DAFFODIL,5,11,20,,10,0;0;1;1;0;1;1;0;0;0;1;1;1;0;0;0;1;0;1;1,,0.0;0.0;0.0;0.0;0.0;0.0;0.0;0.0;0.0;0.0;0.0;0.0;0.0;0.0;0.25;0.0;0.0;0.0;0.0;0.0,0;0;0;0;0;0;0;0;0;0;0;0;0;0;0;0;0;0;0;0,0.0125,0.0,0,0.0,0,78,0,0,,
qwen2.5:1.5b,Q4_K_M,5,non-ordered,math_bench_5,cot,True,none,solve,1.0,8192,72149,YANKEE DELTA GOLF,DAFFODIL,5,11,20,6,4,0;0;0;0;1;0;0;0;0;0;0;1;0;0;0;0;0;1;0;1,0;0;0;0;0;0;0;0;1;0;0;1;0;0;1;0;0;1;1;1,0.0;0.0;0.0;0.0;0.0;0.0;0.0;0.0;0.0;0.0;0.0;0.0;0.0;0.0;0.25;0.0;0.25;0.0;0.0;0.0,743;3544;557;1046;691;2571;276;1189;1965;933;1607;3128;291;752;1207;675;719;1524;929;637,0.025,1249.2,0,0.0,0,1352,0,1,0,
qwen2.5:1.5b,Q4_K_M,5,non-ordered,math_bench_5,direct,True,none,solve,1.0,8192,72149,YANKEE DELTA GOLF,DAFFODIL,5,11,20,,9,0;0;1;0;1;0;1;1;0;0;1;0;1;0;0;1;0;0;1;1,,0.0;0.0;0.0;0.0;0.0;0.0;0.0;0.0;0.0;0.0;0.0;0.0;0.0;0.0;0.0;0.0;0.0;0.0;0.0;0.0,0;0;0;0;0;0;0;0;0;0;0;0;0;0;0;0;0;0;0;0,0.0,0.0,0,0.0,0,783,0,0,,
qwen2.5:1.5b,Q4_K_M,5,non-ordered,trivial,cot,True,none,solve,1.0,8192,73114,MIKE INDIA ROMEO,YODEL,5,15,20,10,8,1;0;1;1;1;1;0;0;0;0;0;0;1;0;0;1;1;0;0;0,1;1;1;1;1;1;1;0;0;0;0;0;1;0;0;1;1;0;0;0,0.5;0.25;0.5;1.0;0.5;1.0;0.0;0.0;0.0;0.5;0.75;0.5;1.0;0.5;0.5;1.0;0.75;0.0;0.0;0.5,432;1211;2004;1495;345;3990;1620;202;208;747;662;162;2378;187;143;1043;640;475;399;787,0.4875,956.5,0,0.0,0,447,0,0,0,
qwen2.5:1.5b,Q4_K_M,5,non-ordered,trivial,direct,True,none,solve,1.0,8192,73114,MIKE INDIA ROMEO,YODEL,5,15,20,,7,0;0;1;0;0;1;1;1;0;0;0;0;0;1;0;1;0;0;0;1,,0.75;0.75;0.75;0.75;0.75;0.75;0.75;0.5;0.75;0.5;0.25;0.5;0.75;0.75;0.5;0.75;0.75;0.75;0.75;0.75,0;0;0;0;0;0;0;0;0;0;0;0;0;0;0;0;0;0;0;0,0.675,0.0,0,0.0,0,132,0,1,,
qwen2.5:1.5b,Q4_K_M,5,non-ordered,math_bench_2,cot,True,none,solve,1.0,8192,73149,ROMEO BRAVO MIKE,OBELISK,5,11,20,18,14,1;1;1;1;1;1;0;1;0;1;0;1;1;1;1;0;1;0;0;1,1;1;1;1;1;1;0;1;1;1;1;1;0;1;1;1;1;1;1;1,0.0;0.0;0.0;0.0;0.0;0.0;0.0;0.0;0.0;0.25;0.0;0.0;0.0;0.25;0.0;0.0;0.0;0.25;0.25;0.0,1569;1907;1616;2161;1975;2930;1126;2305;2470;1281;2410;1542;156;2923;1843;2848;2175;2294;1775;2103,0.05,1970.45,0,0.0,0,1479,0,0,0,
qwen2.5:1.5b,Q4_K_M,5,non-ordered,math_bench_2,direct,True,none,solve,1.0,8192,73149,ROMEO BRAVO MIKE,OBELISK,5,11,20,,11,0;1;0;0;1;1;1;1;1;0;1;0;1;0;1;1;0;1;0;0,,0.25;0.0;0.0;0.0;0.0;0.0;0.0;0.0;0.0;0.0;0.0;0.0;0.0;0.0;0.0;0.0;0.0;0.0;0.0;0.0,0;0;0;0;0;0;0;0;0;0;0;0;0;0;0;0;0;0;0;0,0.0125,0.0,0,0.0,0,378,0,1,,
qwen2.5:1.5b,Q4_K_M,5,non-ordered,math_bench_4,cot,True,none,solve,1.0,8192,73149,ROMEO BRAVO MIKE,OBELISK,5,11,20,15,13,1;0;0;1;0;1;0;1;1;1;1;0;1;1;1;0;0;1;1;1,1;0;1;1;1;1;0;1;0;1;1;1;1;1;1;1;1;0;1;0,0.0;0.0;0.0;0.0;0.0;0.0;0.0;0.0;0.0;0.0;0.0;0.0;0.25;0.25;0.0;0.0;0.0;0.0;0.25;0.0,1751;1412;2187;3626;1423;1627;572;2568;175;1913;1960;2343;2174;1580;1570;2114;2347;883;1451;189,0.0375,1693.25,0,0.0,0,1795,0,0,0,
qwen2.5:1.5b,Q4_K_M,5,non-ordered,math_bench_4,direct,True,none,solve,1.0,8192,73149,ROMEO BRAVO MIKE,OBELISK,5,11,20,,13,1;0;1;1;1;1;1;1;1;0;0;1;0;0;1;1;0;1;0;1,,0.0;0.0;0.0;0.0;0.25;0.0;0.25;0.0;0.0;0.0;0.25;0.25;0.0;0.0;0.0;0.25;0.25;0.0;0.0;0.25,0;0;0;0;0;0;0;0;0;0;0;0;0;0;0;0;0;0;0;0,0.0875,0.0,0,0.0,0,117,0,1,,
qwen2.5:1.5b,Q4_K_M,5,non-ordered,math_bench_5,cot,True,none,solve,1.0,8192,73149,ROMEO BRAVO MIKE,OBELISK,5,11,20,16,11,1;0;1;1;0;0;0;1;1;1;0;1;0;0;0;1;0;1;1;1,1;1;1;1;1;1;0;1;0;1;1;1;0;0;1;1;1;1;1;1,0.0;0.0;0.0;0.0;0.0;0.0;0.0;0.0;0.0;0.0;0.0;0.0;0.0;0.0;0.0;0.0;0.0;0.0;0.0;0.0,2267;2466;2342;1945;2187;3742;1217;697;609;816;2348;2485;1328;523;1954;2056;2272;2477;4641;2982,0.0,2067.7,0,0.0,0,2435,0,0,1,
qwen2.5:1.5b,Q4_K_M,5,non-ordered,math_bench_5,direct,True,none,solve,1.0,8192,73149,ROMEO BRAVO MIKE,OBELISK,5,11,20,,16,1;1;1;1;1;1;1;1;1;0;1;1;1;1;1;0;1;0;0;1,,0.0;0.0;0.0;0.0;0.0;0.0;0.0;0.0;0.0;0.0;0.0;0.0;0.0;0.0;0.0;0.0;0.0;0.0;0.0;0.0,0;0;0;0;0;0;0;0;0;0;0;0;0;0;0;0;0;0;0;0,0.0,0.0,0,0.0,0,106,0,0,,
qwen2.5:1.5b,Q4_K_M,5,non-ordered,trivial,cot,True,none,solve,1.0,8192,74114,VICTOR INDIA ECHO,PUMPKIN,5,15,20,11,11,1;0;0;1;1;1;1;1;0;1;1;1;0;0;1;0;1;0;0;0,1;0;0;1;1;1;1;0;0;1;1;0;1;0;1;1;0;1;0;0,0.75;0.75;0.5;0.25;1.0;1.0;0.75;0.5;0.75;0.75;0.25;0.5;0.75;0.25;0.75;1.0;0.75;0.0;0.75;0.25,709;213;258;209;1832;2430;348;368;533;3158;191;217;1511;580;1445;1497;476;1742;331;196,0.6125,912.2,0,0.0,0,1900,0,0,1,
qwen2.5:1.5b,Q4_K_M,5,non-ordered,trivial,direct,True,none,solve,1.0,8192,74114,VICTOR INDIA ECHO,PUMPKIN,5,15,20,,0,0;0;0;0;0;0;0;0;0;0;0;0;0;0;0;0;0;0;0;0,,0.75;0.75;0.75;0.75;0.75;0.75;1.0;0.0;0.75;1.0;0.75;0.75;0.75;0.75;0.75;0.75;0.75;0.75;0.75;0.75,0;0;0;0;0;0;0;0;0;0;0;0;0;0;0;0;0;0;0;0,0.7375,0.0,0,0.0,0,62,0,0,,
qwen2.5:1.5b,Q4_K_M,5,non-ordered,math_bench_2,cot,True,none,solve,1.0,8192,74149,JULIET XRAY PAPA,TANGERINE,5,10,20,7,1,0;0;0;0;0;0;0;0;0;0;0;0;0;0;1;0;0;0;0;0,1;0;1;0;0;1;0;0;0;0;1;0;1;0;1;0;0;1;0;0,0.0;0.0;0.0;0.0;0.0;0.0;0.0;0.25;0.0;0.0;0.0;0.0;0.0;0.0;0.0;0.0;0.0;0.0;0.0;0.0,1780;264;1860;413;1884;2673;1508;907;1443;217;3513;1106;1882;456;1733;4555;901;2083;293;305,0.0125,1488.8,0,0.0,0,1827,0,0,0,
qwen2.5:1.5b,Q4_K_M,5,non-ordered,math_bench_2,direct,True,none,solve,1.0,8192,74149,JULIET XRAY PAPA,TANGERINE,5,10,20,,5,0;1;1;0;0;0;1;0;0;1;0;0;0;0;0;0;0;0;0;1,,0.0;0.0;0.0;0.0;0.0;0.0;0.0;0.0;0.0;0.0;0.0;0.0;0.0;0.0;0.0;0.0;0.0;0.0;0.0;0.0,0;0;0;0;0;0;0;0;0;0;0;0;0;0;0;0;0;0;0;0,0.0,0.0,0,0.0,0,75,0,0,,
qwen2.5:1.5b,Q4_K_M,5,non-ordered,math_bench_4,cot,True,none,solve,1.0,8192,74149,JULIET XRAY PAPA,TANGERINE,5,10,20,12,4,0;0;0;0;0;0;0;0;1;0;0;1;0;0;0;0;1;0;0;1,0;1;1;1;0;0;0;0;1;1;0;1;1;1;0;1;1;1;0;1,0.0;0.0;0.0;0.0;0.0;0.0;0.25;0.0;0.0;0.0;0.0;0.0;0.25;0.25;0.0;0.0;0.0;0.0;0.0;0.0,2001;2030;1629;2379;394;2221;202;133;3091;1789;181;1883;1900;2468;1146;2840;2910;1850;216;2688,0.0375,1697.55,0,0.0,0,546,0,0,0,
qwen2.5:1.5b,Q4_K_M,5,non-ordered,math_bench_4,direct,True,none,solve,1.0,8192,74149,JULIET XRAY PAPA,TANGERINE,5,10,20,,0,0;0;0;0;0;0;0;0;0;0;0;0;0;0;0;0;0;0;0;0,,0.0;0.0;0.0;0.0;0.0;0.0;0.0;0.0;0.0;0.0;0.0;0.25;0.0;0.0;0.0;0.0;0.0;0.0;0.0;0.0,0;0;0;0;0;0;0;0;0;0;0;0;0;0;0;0;0;0;0;0,0.0125,0.0,0,0.0,0,104,0,0,,
qwen2.5:1.5b,Q4_K_M,5,non-ordered,math_bench_5,cot,True,none,solve,1.0,8192,74149,JULIET XRAY PAPA,TANGERINE,5,10,20,14,7,0;0;1;1;0;0;0;1;0;1;0;1;0;0;1;0;1;0;0;0,1;1;1;1;1;0;1;1;1;1;0;1;1;0;1;0;1;1;0;0,0.0;0.0;0.0;0.0;0.0;0.0;0.0;0.0;0.0;0.0;0.0;0.0;0.0;0.0;0.0;0.0;0.0;0.0;0.0;0.0,2598;1626;2992;2301;2998;1726;1141;2493;2009;1857;2088;2248;1087;879;3300;285;3036;1779;279;852,0.0,1878.7,0,0.0,0,1265,0,0,0,
qwen2.5:1.5b,Q4_K_M,5,non-ordered,math_bench_5,direct,True,none,solve,1.0,8192,74149,JULIET XRAY PAPA,TANGERINE,5,10,20,,2,0;0;0;0;0;0;0;0;0;0;0;0;1;1;0;0;0;0;0;0,,0.25;0.0;0.0;0.0;0.0;0.0;0.0;0.0;0.0;0.0;0.0;0.0;0.0;0.0;0.0;0.0;0.0;0.0;0.0;0.0,0;0;0;0;0;0;0;0;0;0;0;0;0;0;0;0;0;0;0;0,0.0125,0.0,0,0.0,0,102,0,0,,
qwen2.5:1.5b,Q4_K_M,5,non-ordered,trivial,cot,True,none,solve,1.0,8192,75114,FOXTROT BRAVO WHISKEY,JIGSAW,5,11,20,13,11,0;0;1;1;1;1;1;0;1;1;1;0;0;0;0;0;1;1;1;0,0;1;1;1;1;0;1;1;1;1;1;1;0;1;0;0;1;0;1;0,0.5;0.25;0.5;0.25;0.25;0.25;0.0;0.25;0.5;0.5;0.5;0.25;0.5;0.0;0.5;1.0;0.25;0.75;0.25;0.0,154;1842;970;138;168;177;481;1182;760;2180;320;1304;157;2597;891;527;154;208;184;811,0.3625,760.25,0,0.0,0,3471,0,1,1,
qwen2.5:1.5b,Q4_K_M,5,non-ordered,trivial,direct,True,none,solve,1.0,8192,75114,FOXTROT BRAVO WHISKEY,JIGSAW,5,11,20,,12,0;1;1;1;1;0;0;0;1;0;0;1;1;0;1;1;0;1;1;1,,0.75;0.75;0.25;1.0;0.75;0.75;1.0;0.75;1.0;0.75;0.0;0.5;0.0;0.75;1.0;0.0;0.75;1.0;0.25;0.75,0;0;0;0;0;0;0;0;0;0;0;0;0;0;0;0;0;0;0;0,0.6375,0.0,0,0.0,0,203,0,1,,
qwen2.5:1.5b,Q4_K_M,5,non-ordered,math_bench_2,cot,True,none,solve,1.0,8192,75149,CHARLIE KILO TANGO,RAVIOLI,5,15,20,6,8,0;1;1;1;1;1;0;0;0;0;0;0;0;0;1;1;1;0;0;0,1;0;1;1;0;0;0;0;1;0;0;0;0;0;1;0;0;1;0;0,0.25;0.25;0.0;0.0;0.0;0.0;0.0;0.0;0.25;0.0;0.25;0.0;0.0;0.0;0.0;0.0;0.0;0.0;0.0;0.0,2163;749;1933;832;281;451;983;963;3055;1020;2623;816;764;450;709;547;1240;3514;1187;528,0.05,1240.4,0,0.0,0,913,0,0,0,
qwen2.5:1.5b,Q4_K_M,5,non-ordered,math_bench_2,direct,True,none,solve,1.0,8192,75149,CHARLIE KILO TANGO,RAVIOLI,5,15,20,,10,0;0;1;1;0;0;1;0;0;0;0;1;0;1;1;1;1;1;1;0,,0.0;0.0;0.25;0.0;0.0;0.0;0.0;0.0;0.0;0.0;0.0;0.0;0.0;0.0;0.0;0.0;0.25;0.0;0.0;0.0,0;0;0;0;0;0;0;0;0;0;0;0;0;0;0;0;0;0;0;0,0.025,0.0,0,0.0,0,109,0,1,,
qwen2.5:1.5b,Q4_K_M,5,non-ordered,math_bench_4,cot,True,none,solve,1.0,8192,75149,CHARLIE KILO TANGO,RAVIOLI,5,15,20,5,5,0;0;1;0;0;1;0;0;0;0;0;0;0;1;0;0;1;0;0;1,1;0;1;0;0;0;0;0;0;0;0;0;1;0;0;1;0;1;0;0,0.0;0.0;0.0;0.0;0.0;0.0;0.25;0.0;0.0;0.0;0.0;0.0;0.0;0.25;0.0;0.0;0.0;0.0;0.0;0.0,2400;3163;1907;739;774;485;1798;1289;3064;1690;1128;747;3467;475;813;4278;313;2813;4297;2301,0.025,1897.05,0,0.0,0,384,0,1,0,
qwen2.5:1.5b,Q4_K_M,5,non-ordered,math_bench_4,direct,True,none,solve,1.0,8192,75149,CHARLIE KILO TANGO,RAVIOLI,5,15,20,,11,0;0;1;0;0;0;0;1;1;0;1;1;1;0;1;1;1;1;1;0,,0.0;0.25;0.25;0.0;0.0;0.0;0.0;0.0;0.0;0.0;0.0;0.0;0.0;0.0;0.0;0.0;0.0;0.0;0.0;0.0,0;0;0;0;0;0;0;0;0;0;0;0;0;0;0;0;0;0;0;0,0.025,0.0,0,0.0,0,72,0,0,,
qwen2.5:1.5b,Q4_K_M,5,non-ordered,math_bench_5,cot,True,none,solve,1.0,8192,75149,CHARLIE KILO TANGO,RAVIOLI,5,15,20,8,5,0;0;0;1;1;0;0;0;0;0;0;0;0;0;0;0;1;1;0;1,0;0;1;1;1;0;0;0;1;0;0;0;0;0;0;1;1;1;0;1,0.0;0.0;0.0;0.0;0.0;0.0;0.0;0.0;0.0;0.0;0.0;0.0;0.0;0.0;0.0;0.0;0.0;0.0;0.0;0.0,713;1495;976;2814;811;790;516;2449;1797;1175;942;451;1984;1229;342;1823;1035;289;405;625,0.0,1133.05,0,0.0,0,1537,0,0,1,
qwen2.5:1.5b,Q4_K_M,5,non-ordered,math_bench_5,direct,True,none,solve,1.0,8192,75149,CHARLIE KILO TANGO,RAVIOLI,5,15,20,,4,0;1;0;0;0;0;0;0;1;0;0;0;0;0;0;0;0;1;1;0,,0.0;0.0;0.0;0.0;0.0;0.0;0.0;0.0;0.0;0.0;0.0;0.0;0.0;0.0;0.0;0.0;0.0;0.0;0.0;0.0,0;0;0;0;0;0;0;0;0;0;0;0;0;0;0;0;0;0;0;0,0.0,0.0,0,0.0,0,75,0,0,,
qwen2.5:1.5b,Q4_K_M,5,non-ordered,trivial,cot,True,none,solve,1.0,8192,76114,CHARLIE DELTA XRAY,CARNIVAL,5,11,20,10,10,1;1;1;0;1;1;0;1;0;0;0;1;0;0;0;0;1;1;0;1,1;1;1;0;1;1;0;1;0;0;0;1;1;0;0;0;1;1;0;0,1.0;0.75;0.0;0.0;1.0;0.5;0.5;0.5;0.75;0.5;1.0;0.5;0.75;0.25;0.5;0.5;1.0;1.0;0.0;0.0,1708;326;150;312;440;520;234;486;454;232;516;412;2009;246;598;225;744;2110;265;181,0.55,608.4,0,0.0,0,1084,0,1,1,
qwen2.5:1.5b,Q4_K_M,5,non-ordered,trivial,direct,True,none,solve,1.0,8192,76114,CHARLIE DELTA XRAY,CARNIVAL,5,11,20,,17,1;1;0;1;1;1;1;1;1;1;1;1;1;1;1;0;1;1;0;1,,0.75;0.0;0.0;0.75;0.5;1.0;0.75;0.25;0.75;0.75;0.75;0.75;0.75;0.75;0.5;1.0;0.5;0.75;0.0;0.5,0;0;0;0;0;0;0;0;0;0;0;0;0;0;0;0;0;0;0;0,0.5875,0.0,0,0.0,0,141,0,0,,
qwen2.5:1.5b,Q4_K_M,5,non-ordered,math_bench_2,cot,True,none,solve,1.0,8192,76149,PAPA FOXTROT XRAY,SAPPHIRE,5,15,20,11,9,1;1;1;0;0;0;0;0;1;1;1;0;0;1;1;1;0;0;0;0,1;1;0;0;0;0;0;0;1;1;1;1;1;1;1;1;0;1;0;0,0.0;0.25;0.0;0.0;0.25;0.25;0.0;0.0;0.0;0.5;0.0;0.25;0.25;0.0;0.0;0.0;0.25;0.0;0.25;0.0,2256;2232;691;732;497;1228;465;675;932;1658;612;1729;1630;878;797;1164;554;7016;251;274,0.1125,1313.55,0,0.0,0,1529,0,0,0,
qwen2.5:1.5b,Q4_K_M,5,non-ordered,math_bench_2,direct,True,none,solve,1.0,8192,76149,PAPA FOXTROT XRAY,SAPPHIRE,5,15,20,,6,0;0;0;1;1;1;0;0;0;0;1;0;0;0;0;0;0;0;1;1,,0.25;0.0;0.0;0.0;0.25;0.0;0.0;0.0;0.0;0.0;0.25;0.0;0.0;0.25;0.25;0.25;0.0;0.25;0.0;0.25,0;0;0;0;0;0;0;0;0;0;0;0;0;0;0;0;0;0;0;0,0.1,0.0,0,0.0,0,130,0,0,,
qwen2.5:1.5b,Q4_K_M,5,non-ordered,math_bench_4,cot,True,none,solve,1.0,8192,76149,PAPA FOXTROT XRAY,SAPPHIRE,5,15,20,10,9,0;0;0;0;0;0;0;1;1;1;0;1;0;0;1;1;1;1;1;0,0;0;0;1;1;0;0;1;0;1;0;1;0;0;1;1;1;0;1;1,0.0;0.0;0.0;0.0;0.0;0.0;0.0;0.0;0.0;0.0;0.0;0.25;0.0;0.0;0.0;0.0;0.0;0.0;0.0;0.0,1770;1474;790;4522;1141;1932;397;985;884;892;244;1010;1834;942;341;899;481;180;1053;1556,0.0125,1166.35,0,0.0,0,871,0,1,0,
qwen2.5:1.5b,Q4_K_M,5,non-ordered,math_bench_4,direct,True,none,solve,1.0,8192,76149,PAPA FOXTROT XRAY,SAPPHIRE,5,15,20,,5,0;1;0;0;0;0;1;0;0;0;0;1;0;0;0;1;0;0;0;1,,0.0;0.0;0.0;0.0;0.25;0.0;0.0;0.0;0.0;0.0;0.0;0.0;0.0;0.0;0.0;0.0;0.0;0.0;0.0;0.0,0;0;0;0;0;0;0;0;0;0;0;0;0;0;0;0;0;0;0;0,0.0125,0.0,0,0.0,0,306,0,0,,
qwen2.5:1.5b,Q4_K_M,5,non-ordered,math_bench_5,cot,True,none,solve,1.0,8192,76149,PAPA FOXTROT XRAY,SAPPHIRE,5,15,20,12,3,0;1;0;1;0;1;0;0;0;0;0;0;0;0;0;0;0;0;0;0,0;1;1;1;1;1;0;1;0;1;0;1;0;1;1;0;1;0;1;0,0.0;0.0;0.0;0.0;0.0;0.0;0.0;0.0;0.0;0.0;0.0;0.0;0.0;0.25;0.0;0.0;0.0;0.0;0.0;0.0,852;2517;3965;2023;937;2544;1048;988;565;1322;732;1685;614;1476;1500;718;1656;1567;2821;1637,0.0125,1558.35,0,0.0,0,1387,0,0,0,
qwen2.5:1.5b,Q4_K_M,5,non-ordered,math_bench_5,direct,True,none,solve,1.0,8192,76149,PAPA FOXTROT XRAY,SAPPHIRE,5,15,20,,4,0;0;1;0;0;0;1;0;1;0;0;0;1;0;0;0;0;0;0;0,,0.0;0.0;0.0;0.0;0.0;0.0;0.0;0.0;0.0;0.0;0.0;0.0;0.0;0.0;0.0;0.0;0.0;0.0;0.0;0.0,0;0;0;0;0;0;0;0;0;0;0;0;0;0;0;0;0;0;0;0,0.0,0.0,0,0.0,0,403,0,0,,
qwen2.5:1.5b,Q4_K_M,5,non-ordered,trivial,cot,True,none,solve,1.0,8192,77114,ROMEO JULIET SIERRA,YACHT,5,12,20,14,11,1;0;1;0;1;0;1;1;1;0;0;1;1;0;0;0;1;1;0;1,0;1;1;1;1;0;1;1;1;0;0;1;1;1;1;0;1;1;0;1,0.75;1.0;0.75;0.25;1.0;0.0;0.5;0.75;0.25;0.75;0.25;0.75;0.0;0.25;1.0;0.5;1.0;0.75;0.75;1.0,1024;2090;715;156;1300;132;1438;2363;1377;982;186;924;549;576;1844;771;1403;1500;256;1753,0.6125,1066.95,0,0.0,0,1718,0,1,1,
qwen2.5:1.5b,Q4_K_M,5,non-ordered,trivial,direct,True,none,solve,1.0,8192,77114,ROMEO JULIET SIERRA,YACHT,5,12,20,,20,1;1;1;1;1;1;1;1;1;1;1;1;1;1;1;1;1;1;1;1,,0.75;0.5;0.75;0.75;0.75;0.75;0.75;0.75;0.75;0.75;0.75;0.75;0.75;0.75;0.75;0.75;0.75;0.75;0.5;0.75,0;0;0;0;0;0;0;0;0;0;0;0;0;0;0;0;0;0;0;0,0.725,0.0,0,0.0,0,118,0,1,,
qwen2.5:1.5b,Q4_K_M,5,non-ordered,math_bench_2,cot,True,none,solve,1.0,8192,77149,JULIET VICTOR BRAVO,ABACUS,5,15,20,13,10,1;0;1;0;1;1;0;0;1;1;0;0;0;0;1;1;0;1;1;0,1;0;1;1;1;1;1;1;0;1;0;1;1;0;0;1;0;1;1;0,0.25;0.0;0.5;0.25;0.0;0.0;0.25;0.25;0.0;0.5;0.0;0.0;0.0;0.0;0.5;0.5;0.25;0.0;0.0;0.0,1129;535;2075;2758;887;1205;3127;493;554;2632;520;708;2380;535;826;3181;405;721;2582;227,0.1625,1374.0,0,0.0,0,1052,0,1,1,
qwen2.5:1.5b,Q4_K_M,5,non-ordered,math_bench_2,direct,True,none,solve,1.0,8192,77149,JULIET VICTOR BRAVO,ABACUS,5,15,20,,11,1;0;1;1;1;0;1;0;1;0;0;1;1;0;0;1;0;0;1;1,,0.25;0.25;0.25;0.25;0.25;0.25;0.25;0.0;0.25;0.0;0.0;0.25;0.25;0.0;0.25;0.25;0.25;0.0;0.25;0.25,0;0;0;0;0;0;0;0;0;0;0;0;0;0;0;0;0;0;0;0,0.1875,0.0,0,0.0,0,126,0,1,,
qwen2.5:1.5b,Q4_K_M,5,non-ordered,math_bench_4,cot,True,none,solve,1.0,8192,77149,JULIET VICTOR BRAVO,ABACUS,5,15,20,17,3,0;0;1;0;0;0;0;0;0;0;1;0;1;0;0;0;0;0;0;0,1;1;1;0;0;1;1;1;1;1;1;1;1;1;1;1;0;1;1;1,0.5;0.0;0.0;0.0;0.25;0.25;0.0;0.0;0.0;0.0;0.25;0.0;0.0;0.0;0.0;0.0;0.0;0.0;0.0;0.0,2048;1030;1379;513;724;695;927;1757;2069;2453;1265;911;755;654;683;643;961;2928;1001;802,0.0625,1209.9,0,0.0,0,1187,0,0,0,
qwen2.5:1.5b,Q4_K_M,5,non-ordered,math_bench_4,direct,True,none,solve,1.0,8192,77149,JULIET VICTOR BRAVO,ABACUS,5,15,20,,15,1;0;1;1;1;1;1;0;0;1;0;1;1;0;1;1;1;1;1;1,,0.0;0.0;0.0;0.0;0.0;0.0;0.0;0.0;0.0;0.0;0.0;0.0;0.0;0.0;0.0;0.25;0.0;0.0;0.0;0.0,0;0;0;0;0;0;0;0;0;0;0;0;0;0;0;0;0;0;0;0,0.0125,0.0,0,0.0,0,150,0,1,,
qwen2.5:1.5b,Q4_K_M,5,non-ordered,math_bench_5,cot,True,none,solve,1.0,8192,77149,JULIET VICTOR BRAVO,ABACUS,5,15,20,11,4,0;0;0;0;0;0;0;1;0;0;0;1;0;0;0;1;0;0;0;1,0;1;0;0;0;1;1;1;0;1;1;1;0;0;0;1;1;1;1;0,0.0;0.0;0.0;0.0;0.0;0.0;0.0;0.0;0.25;0.0;0.25;0.0;0.0;0.0;0.25;0.0;0.0;0.0;0.0;0.0,522;1803;374;1537;1236;1771;1031;1718;1774;1351;837;3651;1615;2123;725;1243;2444;3590;1580;2020,0.0375,1647.25,0,0.0,0,4202,0,0,1,
qwen2.5:1.5b,Q4_K_M,5,non-ordered,math_bench_5,direct,True,none,solve,1.0,8192,77149,JULIET VICTOR BRAVO,ABACUS,5,15,20,,11,1;0;0;0;0;0;0;1;1;1;1;0;1;1;0;1;0;1;1;1,,0.0;0.0;0.0;0.0;0.0;0.0;0.0;0.0;0.0;0.0;0.0;0.0;0.0;0.0;0.0;0.0;0.0;0.0;0.0;0.0,0;0;0;0;0;0;0;0;0;0;0;0;0;0;0;0;0;0;0;0,0.0,0.0,0,0.0,0,134,0,1,,
qwen2.5:1.5b,Q4_K_M,5,non-ordered,trivial,cot,True,none,solve,1.0,8192,78114,KILO YANKEE CHARLIE,PYRAMID,5,12,20,10,10,0;0;0;1;1;1;1;1;0;1;1;0;0;0;1;0;0;1;1;0,0;0;0;1;1;1;1;1;0;1;1;0;0;0;1;0;0;1;1;0,0.0;0.5;0.75;0.75;1.0;0.75;0.75;1.0;0.25;0.75;1.0;0.75;0.5;1.0;1.0;0.5;0.5;0.5;1.0;0.5,185;160;145;1243;1158;1337;1266;1358;130;1790;1475;235;227;281;1035;121;160;322;1306;1019,0.6875,747.65,0,0.0,0,333,0,0,0,
qwen2.5:1.5b,Q4_K_M,5,non-ordered,trivial,direct,True,none,solve,1.0,8192,78114,KILO YANKEE CHARLIE,PYRAMID,5,12,20,,13,1;1;1;1;1;1;0;1;1;0;1;0;0;0;1;1;1;0;1;0,,1.0;1.0;1.0;1.0;1.0;1.0;1.0;0.75;0.75;1.0;1.0;1.0;0.25;0.0;0.75;1.0;1.0;1.0;0.75;1.0,0;0;0;0;0;0;0;0;0;0;0;0;0;0;0;0;0;0;0;0,0.8625,0.0,0,0.0,0,145,0,1,,
qwen2.5:1.5b,Q4_K_M,5,non-ordered,math_bench_2,cot,True,none,solve,1.0,8192,78149,ALPHA CHARLIE KILO,ABACUS,5,14,20,10,11,0;0;0;0;1;1;0;0;1;0;1;0;1;0;1;1;1;1;1;1,0;1;0;0;1;1;0;0;1;0;1;0;1;0;1;1;1;1;0;0,0.25;0.0;0.0;0.25;0.25;0.25;0.5;0.25;0.5;0.25;0.5;0.25;0.5;0.5;0.75;0.0;0.0;0.0;0.5;0.25,132;890;647;469;331;184;446;93;2438;421;285;304;487;532;702;824;279;491;580;974,0.2875,575.45,0,0.0,0,780,0,0,0,
qwen2.5:1.5b,Q4_K_M,5,non-ordered,math_bench_2,direct,True,none,solve,1.0,8192,78149,ALPHA CHARLIE KILO,ABACUS,5,14,20,,5,1;0;0;0;0;1;0;0;1;0;1;0;1;0;0;0;0;0;0;0,,0.25;0.0;0.5;0.0;0.25;0.0;0.0;0.0;0.5;0.25;0.25;0.25;0.5;0.5;0.0;0.25;0.0;0.5;0.5;0.25,0;0;0;0;0;0;0;0;0;0;0;0;0;0;0;0;0;0;0;0,0.2375,0.0,0,0.0,0,125,0,0,,
qwen2.5:1.5b,Q4_K_M,5,non-ordered,math_bench_4,cot,True,none,solve,1.0,8192,78149,ALPHA CHARLIE KILO,ABACUS,5,14,20,16,8,1;1;0;0;1;0;0;0;0;0;0;1;1;0;1;1;1;0;0;0,1;1;0;1;1;1;1;1;1;1;1;0;1;0;1;1;1;1;0;1,0.0;0.0;0.0;0.0;0.0;0.0;0.0;0.0;0.0;0.0;0.0;0.0;0.0;0.0;0.0;0.0;0.0;0.0;0.0;0.0,1624;1424;1152;1893;3238;2691;3085;2542;2394;2294;2230;851;1492;1183;3364;1670;1782;2357;2106;2499,0.0,2093.55,0,0.0,0,3507,0,0,0,
qwen2.5:1.5b,Q4_K_M,5,non-ordered,math_bench_4,direct,True,none,solve,1.0,8192,78149,ALPHA CHARLIE KILO,ABACUS,5,14,20,,6,1;1;1;0;0;0;0;0;0;0;0;1;0;0;0;0;1;0;0;1,,0.0;0.0;0.0;0.0;0.0;0.0;0.0;0.0;0.0;0.0;0.0;0.25;0.0;0.0;0.0;0.0;0.0;0.25;0.0;0.25,0;0;0;0;0;0;0;0;0;0;0;0;0;0;0;0;0;0;0;0,0.0375,0.0,0,0.0,0,193,0,1,,
qwen2.5:1.5b,Q4_K_M,5,non-ordered,math_bench_5,cot,True,none,solve,1.0,8192,78149,ALPHA CHARLIE KILO,ABACUS,5,14,20,17,3,0;1;1;0;0;0;0;0;0;0;1;0;0;0;0;0;0;0;0;0,1;1;1;1;0;1;1;1;1;1;1;1;0;1;1;1;1;1;0;1,0.0;0.0;0.0;0.0;0.0;0.0;0.0;0.0;0.0;0.0;0.0;0.0;0.0;0.0;0.0;0.0;0.0;0.0;0.25;0.0,680;3104;2037;2176;934;1832;2220;1813;1988;2777;1747;3348;599;1941;1856;573;4131;3657;1323;2356,0.0125,2054.6,0,0.0,0,2747,0,0,1,
qwen2.5:1.5b,Q4_K_M,5,non-ordered,math_bench_5,direct,True,none,solve,1.0,8192,78149,ALPHA CHARLIE KILO,ABACUS,5,14,20,,10,0;1;0;1;0;1;0;1;0;0;0;1;1;1;0;0;1;1;0;1,,0.0;0.0;0.0;0.0;0.0;0.0;0.0;0.0;0.0;0.0;0.0;0.0;0.0;0.0;0.0;0.0;0.0;0.0;0.0;0.0,0;0;0;0;0;0;0;0;0;0;0;0;0;0;0;0;0;0;0;0,0.0,0.0,0,0.0,0,105,0,0,,
qwen2.5:1.5b,Q4_K_M,5,non-ordered,trivial,cot,True,none,solve,1.0,8192,79114,ROMEO SIERRA YANKEE,ICEBERG,5,15,20,12,8,0;0;0;0;0;1;0;1;0;1;1;0;0;0;1;1;1;0;1;0,1;1;0;0;0;1;1;0;0;1;1;0;0;0;1;1;1;1;1;1,1.0;1.0;1.0;0.5;1.0;1.0;0.0;0.25;1.0;1.0;1.0;1.0;0.25;1.0;0.75;0.75;1.0;0.75;0.25;0.75,1020;1159;372;128;253;1015;1120;828;619;1174;323;357;2288;917;1681;1143;2470;1923;1695;1852,0.7625,1116.85,0,0.0,0,217,0,0,0,
qwen2.5:1.5b,Q4_K_M,5,non-ordered,trivial,direct,True,none,solve,1.0,8192,79114,ROMEO SIERRA YANKEE,ICEBERG,5,15,20,,6,0;1;0;0;1;1;1;0;0;0;0;0;0;0;0;1;0;0;0;1,,0.5;0.75;1.0;0.75;0.5;0.75;0.75;0.75;1.0;1.0;0.75;0.0;1.0;0.75;0.75;0.75;0.75;0.75;0.0;0.75,0;0;0;0;0;0;0;0;0;0;0;0;0;0;0;0;0;0;0;0,0.7,0.0,0,0.0,0,83,0,0,,
qwen2.5:1.5b,Q4_K_M,5,non-ordered,math_bench_2,cot,True,none,solve,1.0,8192,79149,OSCAR YANKEE PAPA,FALCON,5,14,20,14,10,1;0;0;0;1;1;0;1;0;0;0;1;1;0;1;1;1;1;0;0,0;1;1;1;0;1;1;1;1;1;0;1;1;0;1;1;1;1;0;0,0.0;0.0;0.0;0.0;0.25;0.25;0.5;0.0;0.25;0.0;0.0;0.0;0.5;0.0;0.0;0.0;0.5;0.0;0.0;0.25,683;1513;3573;837;748;1006;1129;1231;1739;1831;406;1765;1230;625;918;590;678;1079;250;841,0.125,1133.6,0,0.0,0,1539,0,0,0,
qwen2.5:1.5b,Q4_K_M,5,non-ordered,math_bench_2,direct,True,none,solve,1.0,8192,79149,OSCAR YANKEE PAPA,FALCON,5,14,20,,6,1;0;0;0;1;0;0;0;0;0;0;0;0;0;0;1;1;1;0;1,,0.0;0.25;0.0;0.0;0.0;0.0;0.0;0.0;0.0;0.0;0.0;0.0;0.0;0.0;0.25;0.0;0.0;0.0;0.0;0.0,0;0;0;0;0;0;0;0;0;0;0;0;0;0;0;0;0;0;0;0,0.025,0.0,0,0.0,0,93,0,0,,
qwen2.5:1.5b,Q4_K_M,5,non-ordered,math_bench_4,cot,True,none,solve,1.0,8192,79149,OSCAR YANKEE PAPA,FALCON,5,14,20,10,4,1;0;0;0;1;0;0;0;1;0;0;0;0;0;0;0;0;0;0;1,1;0;0;0;0;0;0;0;1;1;1;1;1;1;1;0;0;0;1;1,0.0;0.0;0.0;0.0;0.0;0.0;0.0;0.0;0.25;0.0;0.0;0.0;0.0;0.0;0.0;0.0;0.0;0.0;0.0;0.25,2049;1521;1765;265;1131;1412;607;332;523;957;2398;3079;2430;904;1538;412;1345;1484;1268;327,0.025,1287.35,0,0.0,0,2579,0,0,0,
qwen2.5:1.5b,Q4_K_M,5,non-ordered,math_bench_4,direct,True,none,solve,1.0,8192,79149,OSCAR YANKEE PAPA,FALCON,5,14,20,,10,0;0;0;1;0;1;1;0;0;1;1;1;1;0;0;1;0;0;1;1,,0.0;0.0;0.0;0.0;0.25;0.25;0.5;0.0;0.0;0.0;0.0;0.0;0.0;0.25;0.0;0.0;0.0;0.0;0.0;0.25,0;0;0;0;0;0;0;0;0;0;0;0;0;0;0;0;0;0;0;0,0.075,0.0,0,0.0,0,137,0,1,,
qwen2.5:1.5b,Q4_K_M,5,non-ordered,math_bench_5,cot,True,none,solve,1.0,8192,79149,OSCAR YANKEE PAPA,FALCON,5,14,20,15,3,1;1;0;0;0;0;0;0;0;0;1;0;0;0;0;0;0;0;0;0,1;0;1;1;0;1;1;1;1;1;1;0;1;1;1;1;1;0;0;1,0.0;0.5;0.0;0.0;0.0;0.0;0.0;0.0;0.25;0.0;0.0;0.0;0.0;0.0;0.0;0.0;0.25;0.0;0.0;0.0,1722;754;1286;807;256;541;1271;791;924;783;3991;377;2223;1515;1710;2622;863;1712;828;921,0.05,1294.85,0,0.0,0,933,0,0,0,
qwen2.5:1.5b,Q4_K_M,5,non-ordered,math_bench_5,direct,True,none,solve,1.0,8192,79149,OSCAR YANKEE PAPA,FALCON,5,14,20,,13,1;1;1;0;1;1;1;0;1;0;0;1;1;1;0;1;1;0;0;1,,0.0;0.0;0.0;0.0;0.0;0.0;0.0;0.0;0.0;0.0;0.0;0.0;0.0;0.0;0.0;0.0;0.0;0.0;0.0;0.0,0;0;0;0;0;0;0;0;0;0;0;0;0;0;0;0;0;0;0;0,0.0,0.0,0,0.0,0,92,0,0,,
qwen2.5:1.5b,Q4_K_M,5,non-ordered,trivial,cot,True,none,solve,1.0,8192,80114,ZULU ROMEO JULIET,PUMPKIN,5,15,20,7,7,0;0;1;0;0;1;0;0;0;0;1;1;0;1;1;0;1;0;0;0,0;0;1;1;0;1;0;1;0;0;0;0;0;0;0;1;1;0;0;1,0.5;1.0;0.5;1.0;0.5;0.75;0.25;0.25;0.0;0.5;0.75;0.75;0.25;0.75;0.5;0.5;1.0;1.0;0.0;1.0,276;358;2552;674;374;853;486;2065;207;198;152;291;810;282;873;1438;1077;518;2524;1736,0.5875,887.2,0,0.0,0,1887,0,1,1,
qwen2.5:1.5b,Q4_K_M,5,non-ordered,trivial,direct,True,none,solve,1.0,8192,80114,ZULU ROMEO JULIET,PUMPKIN,5,15,20,,6,0;0;0;1;0;1;0;1;0;0;1;0;1;0;0;0;0;0;0;1,,0.75;1.0;0.5;1.0;0.75;1.0;0.75;1.0;1.0;1.0;1.0;0.0;1.0;1.0;0.5;1.0;0.75;1.0;0.75;1.0,0;0;0;0;0;0;0;0;0;0;0;0;0;0;0;0;0;0;0;0,0.8375,0.0,0,0.0,0,93,0,0,,
qwen2.5:1.5b,Q4_K_M,5,non-ordered,math_bench_2,cot,True,none,solve,1.0,8192,80149,ALPHA XRAY OSCAR,EMERALD,5,15,20,13,7,0;0;1;1;0;0;0;0;1;1;0;1;0;0;1;0;0;1;0;0,1;1;1;1;0;1;1;0;1;1;0;1;1;0;1;0;1;0;0;1,0.0;0.0;0.0;0.0;0.0;0.0;0.0;0.0;0.0;0.0;0.25;0.5;0.0;0.25;0.25;0.25;0.0;0.0;0.5;0.0,2446;2427;535;2487;559;2512;1559;254;1737;923;1345;1318;2844;1675;2504;1319;687;535;1651;2308,0.1,1581.25,0,0.0,0,2094,0,0,0,
qwen2.5:1.5b,Q4_K_M,5,non-ordered,math_bench_2,direct,True,none,solve,1.0,8192,80149,ALPHA XRAY OSCAR,EMERALD,5,15,20,,4,0;0;1;0;0;0;1;0;0;0;1;1;0;0;0;0;0;0;0;0,,0.0;0.0;0.0;0.0;0.0;0.0;0.0;0.25;0.0;0.0;0.0;0.0;0.0;0.0;0.0;0.0;0.0;0.0;0.0;0.0,0;0;0;0;0;0;0;0;0;0;0;0;0;0;0;0;0;0;0;0,0.0125,0.0,0,0.0,0,705,0,0,,
qwen2.5:1.5b,Q4_K_M,5,non-ordered,math_bench_4,cot,True,none,solve,1.0,8192,80149,ALPHA XRAY OSCAR,EMERALD,5,15,20,14,6,0;1;0;0;1;0;0;1;0;0;0;0;0;0;1;1;0;0;0;1,1;1;0;1;1;1;1;1;1;0;0;1;0;1;1;0;0;1;1;1,0.0;0.0;0.0;0.0;0.0;0.0;0.0;0.5;0.0;0.25;0.0;0.0;0.0;0.0;0.0;0.0;0.0;0.25;0.0;0.0,1592;2335;730;1780;2348;1863;1756;1166;1997;700;1086;253;1466;1362;2874;173;613;2803;1816;2745,0.05,1572.9,0,0.0,0,411,0,0,0,
qwen2.5:1.5b,Q4_K_M,5,non-ordered,math_bench_4,direct,True,none,solve,1.0,8192,80149,ALPHA XRAY OSCAR,EMERALD,5,15,20,,5,0;0;1;0;0;0;1;0;0;0;1;0;0;1;0;1;0;0;0;0,,0.25;0.25;0.25;0.25;0.0;0.25;0.25;0.25;0.0;0.25;0.25;0.0;0.25;0.25;0.0;0.25;0.25;0.25;0.25;0.5,0;0;0;0;0;0;0;0;0;0;0;0;0;0;0;0;0;0;0;0,0.2125,0.0,0,0.0,0,171,0,0,,
qwen2.5:1.5b,Q4_K_M,5,non-ordered,math_bench_5,cot,True,none,solve,1.0,8192,80149,ALPHA XRAY OSCAR,EMERALD,5,15,20,10,2,0;0;0;0;0;0;0;0;0;1;0;1;0;0;0;0;0;0;0;0,1;0;0;1;1;1;0;0;0;1;0;1;0;1;0;1;1;0;0;1,0.0;0.0;0.0;0.0;0.0;0.0;0.0;0.0;0.0;0.0;0.0;0.0;0.25;0.0;0.25;0.0;0.0;0.0;0.0;0.0,2785;214;476;3630;928;2644;503;861;509;3321;2257;1842;1532;3584;2420;1387;3363;998;177;2271,0.025,1785.1,0,0.0,0,903,0,1,0,
qwen2.5:1.5b,Q4_K_M,5,non-ordered,math_bench_5,direct,True,none,solve,1.0,8192,80149,ALPHA XRAY OSCAR,EMERALD,5,15,20,,4,1;0;0;0;0;0;0;0;0;1;0;0;1;0;0;0;0;1;0;0,,0.0;0.0;0.0;0.0;0.0;0.0;0.0;0.0;0.0;0.0;0.0;0.0;0.0;0.25;0.0;0.0;0.0;0.0;0.0;0.0,0;0;0;0;0;0;0;0;0;0;0;0;0;0;0;0;0;0;0;0,0.0125,0.0,0,0.0,0,11,0,0,,
qwen2.5:1.5b,Q4_K_M,5,non-ordered,trivial,cot,True,none,solve,1.0,8192,81114,ZULU ROMEO GOLF,ZIGZAG,5,15,20,9,4,0;0;0;0;0;0;0;0;1;1;0;1;0;1;0;0;0;0;0;0,0;1;0;0;1;0;0;0;1;1;1;1;0;1;0;1;1;0;0;0,1.0;1.0;0.25;0.5;1.0;1.0;0.25;0.25;0.25;0.25;0.0;1.0;0.0;0.5;1.0;0.0;0.0;0.25;0.5;0.75,283;1343;373;664;1314;129;486;157;1335;467;1185;685;188;1451;783;473;1961;892;1341;314,0.4875,791.2,0,0.0,0,2498,0,0,0,
qwen2.5:1.5b,Q4_K_M,5,non-ordered,trivial,direct,True,none,solve,1.0,8192,81114,ZULU ROMEO GOLF,ZIGZAG,5,15,20,,6,0;1;0;1;1;0;0;1;0;0;0;0;0;0;1;0;0;0;1;0,,0.0;1.0;0.75;0.75;0.25;1.0;1.0;0.0;1.0;1.0;0.5;1.0;1.0;0.5;0.75;1.0;0.0;0.75;1.0;1.0,0;0;0;0;0;0;0;0;0;0;0;0;0;0;0;0;0;0;0;0,0.7125,0.0,0,0.0,0,67,0,0,,
qwen2.5:1.5b,Q4_K_M,5,non-ordered,math_bench_2,cot,True,none,solve,1.0,8192,81149,QUEBEC WHISKEY FOXTROT,QUARRY,5,11,20,7,6,0;0;1;1;1;1;0;0;0;0;0;0;0;0;0;1;1;0;0;0,0;0;1;1;1;0;0;0;0;0;1;0;0;0;1;1;1;0;0;0,0.0;0.0;0.0;0.0;0.0;0.0;0.25;0.0;0.0;0.0;0.0;0.0;0.5;0.5;0.0;0.0;0.5;0.25;0.0;0.0,1855;1459;883;1536;1827;1957;593;725;519;999;1760;1154;1552;640;2788;2177;1820;862;2064;1376,0.1,1427.3,0,0.0,0,1346,0,0,1,
qwen2.5:1.5b,Q4_K_M,5,non-ordered,math_bench_2,direct,True,none,solve,1.0,8192,81149,QUEBEC WHISKEY FOXTROT,QUARRY,5,11,20,,7,0;0;1;1;0;0;1;1;1;0;0;0;0;1;1;0;0;0;0;0,,0.25;0.0;0.0;0.0;0.0;0.0;0.0;0.0;0.0;0.0;0.0;0.0;0.0;0.0;0.0;0.0;0.0;0.0;0.0;0.0,0;0;0;0;0;0;0;0;0;0;0;0;0;0;0;0;0;0;0;0,0.0125,0.0,0,0.0,0,126,0,1,,
qwen2.5:1.5b,Q4_K_M,5,non-ordered,math_bench_4,cot,True,none,solve,1.0,8192,81149,QUEBEC WHISKEY FOXTROT,QUARRY,5,11,20,11,9,0;1;0;1;1;0;0;0;1;0;1;0;0;1;1;0;0;1;1;0,0;1;0;0;1;0;1;0;1;0;1;0;1;1;1;0;1;0;1;1,0.0;0.0;0.0;0.0;0.0;0.0;0.0;0.0;0.0;0.0;0.0;0.0;0.0;0.0;0.0;0.0;0.0;0.0;0.0;0.0,1236;1299;1041;1165;1207;1148;1359;683;2004;367;3131;1679;2301;0;3545;424;528;447;2689;1706,0.0,1397.95,0,0.0,0,863,0,0,0,
qwen2.5:1.5b,Q4_K_M,5,non-ordered,math_bench_4,direct,True,none,solve,1.0,8192,81149,QUEBEC WHISKEY FOXTROT,QUARRY,5,11,20,,15,1;1;0;1;1;1;1;1;0;1;1;1;1;1;0;0;0;1;1;1,,0.0;0.0;0.0;0.0;0.0;0.0;0.0;0.0;0.0;0.0;0.0;0.0;0.0;0.0;0.0;0.0;0.0;0.0;0.0;0.0,0;0;0;0;0;0;0;0;0;0;0;0;0;0;0;0;0;0;0;0,0.0,0.0,0,0.0,0,126,0,1,,
qwen2.5:1.5b,Q4_K_M,5,non-ordered,math_bench_5,cot,True,none,solve,1.0,8192,81149,QUEBEC WHISKEY FOXTROT,QUARRY,5,11,20,6,4,0;0;1;0;0;0;0;1;0;0;1;0;0;0;0;0;0;0;1;0,0;0;1;0;0;1;1;1;0;0;1;0;0;0;0;0;0;0;1;0,0.0;0.0;0.25;0.25;0.0;0.0;0.0;0.0;0.0;0.0;0.0;0.0;0.0;0.0;0.0;0.0;0.0;0.0;0.0;0.25,2131;1924;2034;1061;2227;1135;3357;4062;796;1496;1357;1017;661;0;925;1008;720;1013;2229;563,0.0375,1485.8,0,0.0,0,1546,0,1,1,
qwen2.5:1.5b,Q4_K_M,5,non-ordered,math_bench_5,direct,True,none,solve,1.0,8192,81149,QUEBEC WHISKEY FOXTROT,QUARRY,5,11,20,,10,1;0;1;1;1;1;0;0;0;0;1;0;0;0;1;1;1;0;1;0,,0.25;0.0;0.0;0.0;0.0;0.0;0.0;0.0;0.0;0.0;0.25;0.0;0.25;0.0;0.0;0.0;0.25;0.25;0.0;0.0,0;0;0;0;0;0;0;0;0;0;0;0;0;0;0;0;0;0;0;0,0.0625,0.0,0,0.0,0,140,0,1,,
qwen2.5:1.5b,Q4_K_M,5,non-ordered,trivial,cot,True,none,solve,1.0,8192,82114,XRAY QUEBEC ROMEO,XYLOPHONE,5,15,20,12,9,0;1;1;1;0;0;0;1;0;1;0;0;1;1;0;1;0;0;0;1,1;0;1;1;1;1;0;1;0;1;0;0;1;0;0;1;0;1;1;1,0.5;0.75;0.25;0.5;0.5;0.0;1.0;0.5;0.5;0.25;0.5;0.5;0.0;0.25;0.0;0.25;0.75;0.5;0.5;0.5,378;561;157;378;558;262;226;339;322;254;1302;375;255;298;225;151;648;979;717;374,0.425,437.95,0,0.0,0,515,0,0,0,
qwen2.5:1.5b,Q4_K_M,5,non-ordered,trivial,direct,True,none,solve,1.0,8192,82114,XRAY QUEBEC ROMEO,XYLOPHONE,5,15,20,,8,1;1;1;0;0;0;0;0;1;0;0;0;0;1;0;1;0;1;0;1,,0.75;0.75;0.75;1.0;0.75;0.75;0.75;0.75;0.75;1.0;1.0;1.0;1.0;0.75;0.75;0.75;0.75;0.75;0.75;0.75,0;0;0;0;0;0;0;0;0;0;0;0;0;0;0;0;0;0;0;0,0.8125,0.0,0,0.0,0,83,0,0,,
qwen2.5:1.5b,Q4_K_M,5,non-ordered,math_bench_2,cot,True,none,solve,1.0,8192,82149,NOVEMBER ZULU ECHO,XYLOPHONE,5,15,20,12,15,1;1;1;1;1;0;1;0;1;1;1;0;1;1;1;1;0;1;1;0,1;0;1;1;1;0;0;0;1;1;1;0;1;0;1;1;0;1;1;0,0.0;0.0;0.0;0.25;0.25;0.25;0.25;0.25;0.0;0.25;0.0;0.25;0.25;0.25;0.25;0.25;0.25;0.0;0.5;0.25,457;644;1147;999;339;661;567;388;763;873;367;101;1556;398;527;1018;465;1447;565;149,0.1875,671.55,0,0.0,0,572,0,1,1,
qwen2.5:1.5b,Q4_K_M,5,non-ordered,math_bench_2,direct,True,none,solve,1.0,8192,82149,NOVEMBER ZULU ECHO,XYLOPHONE,5,15,20,,11,0;1;1;1;1;0;0;1;0;0;1;1;0;0;1;0;1;1;1;0,,0.0;0.0;0.0;0.0;0.0;0.25;0.25;0.0;0.25;0.0;0.0;0.0;0.25;0.0;0.0;0.0;0.0;0.0;0.0;0.0,0;0;0;0;0;0;0;0;0;0;0;0;0;0;0;0;0;0;0;0,0.05,0.0,0,0.0,0,138,0,1,,
qwen2.5:1.5b,Q4_K_M,5,non-ordered,math_bench_4,cot,True,none,solve,1.0,8192,82149,NOVEMBER ZULU ECHO,XYLOPHONE,5,15,20,6,7,1;1;1;1;0;0;1;0;0;1;0;0;0;0;0;0;0;0;1;0,1;1;1;0;0;0;1;0;0;1;0;0;0;0;0;0;0;0;1;0,0.0;0.25;0.25;0.25;0.0;0.25;0.0;0.25;0.25;0.25;0.25;0.25;0.25;0.25;0.0;0.0;0.25;0.25;0.25;0.25,1245;309;1000;172;1128;1282;1507;802;652;1308;560;688;551;324;686;1047;166;512;579;252,0.1875,738.5,0,0.0,0,216,0,0,0,
qwen2.5:1.5b,Q4_K_M,5,non-ordered,math_bench_4,direct,True,none,solve,1.0,8192,82149,NOVEMBER ZULU ECHO,XYLOPHONE,5,15,20,,9,1;1;0;0;0;1;0;1;1;0;0;0;1;1;1;0;0;0;0;1,,0.0;0.0;0.0;0.0;0.0;0.0;0.0;0.25;0.25;0.25;0.25;0.25;0.0;0.0;0.0;0.0;0.0;0.0;0.0;0.0,0;0;0;0;0;0;0;0;0;0;0;0;0;0;0;0;0;0;0;0,0.0625,0.0,0,0.0,0,127,0,0,,
qwen2.5:1.5b,Q4_K_M,5,non-ordered,math_bench_5,cot,True,none,solve,1.0,8192,82149,NOVEMBER ZULU ECHO,XYLOPHONE,5,15,20,9,5,0;0;1;0;0;1;0;0;0;0;0;0;0;0;0;1;1;0;1;0,0;1;1;0;0;1;0;0;0;0;1;0;1;1;0;1;1;0;1;0,0.0;0.0;0.0;0.0;0.0;0.0;0.0;0.0;0.0;0.0;0.0;0.0;0.0;0.0;0.0;0.0;0.0;0.0;0.0;0.0,1400;2168;1026;1019;923;2396;701;672;772;261;880;341;3474;0;642;3392;1253;980;2577;389,0.0,1263.3,0,0.0,0,1693,0,0,0,
qwen2.5:1.5b,Q4_K_M,5,non-ordered,math_bench_5,direct,True,none,solve,1.0,8192,82149,NOVEMBER ZULU ECHO,XYLOPHONE,5,15,20,,3,0;0;0;0;0;0;0;0;0;0;1;0;0;1;0;0;1;0;0;0,,0.25;0.0;0.0;0.0;0.25;0.0;0.0;0.25;0.25;0.0;0.25;0.0;0.0;0.0;0.0;0.0;0.0;0.0;0.0;0.0,0;0;0;0;0;0;0;0;0;0;0;0;0;0;0;0;0;0;0;0,0.0625,0.0,0,0.0,0,11,0,0,,
qwen2.5:1.5b,Q4_K_M,5,non-ordered,trivial,cot,True,none,solve,1.0,8192,83114,GOLF DELTA MIKE,HARMONICA,5,15,20,11,11,0;0;0;1;0;0;1;1;1;1;0;1;1;1;1;1;0;0;1;0,0;0;0;1;0;1;1;0;1;1;0;1;1;1;1;1;0;1;0;0,0.5;0.25;0.75;1.0;1.0;1.0;0.75;1.0;1.0;1.0;0.5;0.75;0.5;1.0;1.0;0.75;0.75;0.5;1.0;0.75,117;263;385;346;257;1405;2031;254;1210;1613;289;1528;1557;1049;1682;1020;530;1967;436;670,0.7875,930.45,0,0.0,0,911,0,0,0,
qwen2.5:1.5b,Q4_K_M,5,non-ordered,trivial,direct,True,none,solve,1.0,8192,83114,GOLF DELTA MIKE,HARMONICA,5,15,20,,4,0;0;1;0;0;1;0;0;1;0;0;0;0;0;0;0;1;0;0;0,,1.0;1.0;1.0;1.0;1.0;1.0;1.0;0.0;1.0;1.0;1.0;1.0;1.0;1.0;1.0;1.0;1.0;1.0;0.0;1.0,0;0;0;0;0;0;0;0;0;0;0;0;0;0;0;0;0;0;0;0,0.9,0.0,0,0.0,0,107,0,0,,
qwen2.5:1.5b,Q4_K_M,5,non-ordered,math_bench_2,cot,True,none,solve,1.0,8192,83149,NOVEMBER HOTEL ROMEO,ORCHID,5,12,20,9,7,1;1;1;1;0;0;0;0;0;1;0;0;0;0;1;0;0;0;1;0,1;1;1;0;0;1;0;0;0;1;1;1;0;0;0;0;0;0;1;1,0.25;0.5;0.25;0.25;0.5;0.25;0.75;0.5;0.0;0.5;0.25;0.5;0.25;0.25;0.25;0.25;0.0;0.25;0.0;0.0,310;817;1018;2381;331;1767;874;664;374;845;788;1393;611;629;418;486;784;310;640;1023,0.2875,823.15,0,0.0,0,1478,0,0,1,
qwen2.5:1.5b,Q4_K_M,5,non-ordered,math_bench_2,direct,True,none,solve,1.0,8192,83149,NOVEMBER HOTEL ROMEO,ORCHID,5,12,20,,12,0;1;0;0;1;1;1;1;0;1;1;1;1;1;0;0;1;0;0;1,,0.0;0.25;0.0;0.0;0.25;0.0;0.0;0.0;0.0;0.25;0.0;0.0;0.0;0.0;0.0;0.0;0.25;0.0;0.0;0.0,0;0;0;0;0;0;0;0;0;0;0;0;0;0;0;0;0;0;0;0,0.05,0.0,0,0.0,0,132,0,1,,
qwen2.5:1.5b,Q4_K_M,5,non-ordered,math_bench_4,cot,True,none,solve,1.0,8192,83149,NOVEMBER HOTEL ROMEO,ORCHID,5,12,20,13,1,0;0;0;0;0;0;0;0;0;0;0;0;0;0;1;0;0;0;0;0,0;1;0;1;0;1;1;0;0;1;0;1;1;0;1;1;1;1;1;1,0.0;0.0;0.25;0.25;0.0;0.0;0.25;0.0;0.0;0.0;0.0;0.0;0.0;0.0;0.0;0.0;0.0;0.0;0.0;0.5,366;1906;765;1702;732;3209;3270;0;304;3184;623;2340;1614;392;1322;3635;1602;1810;622;910,0.0625,1515.4,0,0.0,0,563,0,0,0,
qwen2.5:1.5b,Q4_K_M,5,non-ordered,math_bench_4,direct,True,none,solve,1.0,8192,83149,NOVEMBER HOTEL ROMEO,ORCHID,5,12,20,,14,0;0;1;1;1;0;1;1;0;1;1;0;1;1;1;1;1;1;0;1,,0.0;0.0;0.0;0.0;0.0;0.0;0.0;0.0;0.0;0.0;0.0;0.0;0.0;0.0;0.0;0.0;0.25;0.0;0.0;0.0,0;0;0;0;0;0;0;0;0;0;0;0;0;0;0;0;0;0;0;0,0.0125,0.0,0,0.0,0,147,0,1,,
qwen2.5:1.5b,Q4_K_M,5,non-ordered,math_bench_5,cot,True,none,solve,1.0,8192,83149,NOVEMBER HOTEL ROMEO,ORCHID,5,12,20,10,4,0;0;0;1;0;0;0;0;0;0;0;0;0;0;1;0;0;0;1;1,1;0;0;1;1;0;1;0;0;0;0;0;1;1;0;1;1;0;1;1,0.0;0.0;0.0;0.0;0.0;0.0;0.0;0.0;0.0;0.0;0.25;0.0;0.0;0.25;0.0;0.0;0.0;0.0;0.0;0.0,1214;2558;1097;3077;1782;896;639;249;460;635;2523;536;3596;1434;420;411;2391;2247;2713;1222,0.025,1505.0,0,0.0,0,1866,0,1,0,
qwen2.5:1.5b,Q4_K_M,5,non-ordered,math_bench_5,direct,True,none,solve,1.0,8192,83149,NOVEMBER HOTEL ROMEO,ORCHID,5,12,20,,11,1;1;0;0;1;1;0;1;0;1;1;1;0;0;0;1;1;0;0;1,,0.0;0.0;0.0;0.0;0.0;0.0;0.0;0.25;0.0;0.0;0.0;0.0;0.0;0.0;0.0;0.0;0.0;0.0;0.0;0.25,0;0;0;0;0;0;0;0;0;0;0;0;0;0;0;0;0;0;0;0,0.025,0.0,0,0.0,0,177,0,1,,
qwen2.5:1.5b,Q4_K_M,5,non-ordered,trivial,cot,True,none,solve,1.0,8192,84114,JULIET HOTEL ROMEO,MARBLE,5,15,20,11,6,0;1;0;1;1;0;0;0;0;0;0;0;0;0;0;0;1;1;1;0,1;1;0;1;1;0;0;1;1;0;1;1;0;0;0;0;1;1;1;0,0.5;0.75;0.5;1.0;0.75;0.0;0.5;0.75;0.75;0.5;0.5;0.75;0.25;0.5;0.25;0.25;1.0;1.0;0.5;0.75,335;1763;420;372;1044;1000;643;314;1152;148;744;1620;317;456;163;149;1094;410;1316;278,0.5875,686.9,0,0.0,0,942,0,0,1,
qwen2.5:1.5b,Q4_K_M,5,non-ordered,trivial,direct,True,none,solve,1.0,8192,84114,JULIET HOTEL ROMEO,MARBLE,5,15,20,,11,0;0;1;1;0;0;1;1;1;1;1;1;0;0;0;1;1;0;1;0,,1.0;0.0;1.0;1.0;1.0;0.75;1.0;0.75;0.0;1.0;1.0;1.0;1.0;1.0;1.0;1.0;1.0;0.75;1.0;0.75,0;0;0;0;0;0;0;0;0;0;0;0;0;0;0;0;0;0;0;0,0.85,0.0,0,0.0,0,46,0,0,,
qwen2.5:1.5b,Q4_K_M,5,non-ordered,math_bench_2,cot,True,none,solve,1.0,8192,84149,SIERRA GOLF KILO,CARNIVAL,5,15,20,7,10,1;0;0;1;0;1;1;0;1;1;0;0;0;1;0;1;1;0;1;0,0;0;0;0;0;0;1;0;1;1;0;0;1;0;0;1;0;1;0;1,0.25;0.0;0.0;0.0;0.25;0.0;0.5;0.0;0.25;0.25;0.25;0.25;0.25;0.25;0.25;0.0;0.25;0.0;0.0;0.0,246;210;209;770;733;842;854;1377;3456;2565;583;851;2356;159;254;686;209;2922;3655;449,0.15,1169.3,0,0.0,0,1092,0,0,0,
qwen2.5:1.5b,Q4_K_M,5,non-ordered,math_bench_2,direct,True,none,solve,1.0,8192,84149,SIERRA GOLF KILO,CARNIVAL,5,15,20,,13,0;1;1;1;1;1;1;0;0;1;1;1;1;1;1;0;1;0;0;0,,0.0;0.0;0.25;0.0;0.0;0.0;0.0;0.0;0.0;0.0;0.0;0.0;0.0;0.0;0.0;0.0;0.0;0.0;0.0;0.0,0;0;0;0;0;0;0;0;0;0;0;0;0;0;0;0;0;0;0;0,0.0125,0.0,0,0.0,0,100,0,1,,
qwen2.5:1.5b,Q4_K_M,5,non-ordered,math_bench_4,cot,True,none,solve,1.0,8192,84149,SIERRA GOLF KILO,CARNIVAL,5,15,20,12,10,1;0;0;0;0;1;0;1;1;0;0;0;1;1;0;1;1;1;0;1,0;0;0;0;1;1;1;1;0;0;0;1;0;1;1;1;1;1;1;1,0.0;0.25;0.25;0.0;0.0;0.0;0.0;0.0;0.0;0.0;0.0;0.0;0.0;0.0;0.0;0.0;0.0;0.0;0.0;0.0,823;1102;280;3978;805;1910;1545;2469;999;1727;939;1830;1154;3059;2780;703;2183;2059;5617;2540,0.025,1925.1,0,0.0,0,793,0,0,1,
qwen2.5:1.5b,Q4_K_M,5,non-ordered,math_bench_4,direct,True,none,solve,1.0,8192,84149,SIERRA GOLF KILO,CARNIVAL,5,15,20,,13,1;0;0;0;1;1;1;0;1;1;1;0;1;1;1;0;1;1;0;1,,0.0;0.0;0.0;0.0;0.0;0.0;0.0;0.0;0.0;0.0;0.0;0.0;0.0;0.0;0.0;0.0;0.0;0.0;0.0;0.0,0;0;0;0;0;0;0;0;0;0;0;0;0;0;0;0;0;0;0;0,0.0,0.0,0,0.0,0,146,0,0,,
qwen2.5:1.5b,Q4_K_M,5,non-ordered,math_bench_5,cot,True,none,solve,1.0,8192,84149,SIERRA GOLF KILO,CARNIVAL,5,15,20,11,8,1;1;0;0;1;0;0;0;1;0;0;1;0;0;1;1;0;1;0;0,0;0;0;0;1;0;0;1;1;1;1;1;1;1;1;1;0;1;0;0,0.0;0.0;0.0;0.0;0.0;0.0;0.0;0.0;0.0;0.0;0.0;0.0;0.0;0.0;0.0;0.0;0.0;0.0;0.0;0.0,163;1164;412;149;2467;635;982;1205;2850;2076;931;4174;3525;2635;1309;1093;1895;3644;1540;4289,0.0,1856.9,0,0.0,0,2226,0,0,1,
qwen2.5:1.5b,Q4_K_M,5,non-ordered,math_bench_5,direct,True,none,solve,1.0,8192,84149,SIERRA GOLF KILO,CARNIVAL,5,15,20,,8,1;0;0;0;1;0;1;0;1;0;1;1;0;1;0;1;0;0;0;0,,0.0;0.0;0.0;0.0;0.0;0.0;0.0;0.0;0.0;0.0;0.0;0.0;0.0;0.0;0.0;0.0;0.0;0.0;0.0;0.0,0;0;0;0;0;0;0;0;0;0;0;0;0;0;0;0;0;0;0;0,0.0,0.0,0,0.0,0,438,0,0,,
qwen2.5:1.5b,Q4_K_M,5,non-ordered,trivial,cot,True,none,solve,1.0,8192,85114,CHARLIE ALPHA VICTOR,UKULELE,5,13,20,17,13,1;1;1;0;1;0;1;1;0;1;1;0;0;1;1;1;1;0;0;1,1;1;1;0;1;1;1;1;1;1;1;1;0;1;1;1;1;1;0;1,0.25;0.0;0.5;0.25;1.0;0.0;0.0;0.25;1.0;0.5;1.0;0.0;1.0;1.0;0.5;0.75;0.75;0.0;0.0;0.5,255;968;1486;414;1767;766;649;360;884;359;239;208;340;1145;329;394;328;740;325;699,0.4625,632.75,0,0.0,0,611,0,1,1,
qwen2.5:1.5b,Q4_K_M,5,non-ordered,trivial,direct,True,none,solve,1.0,8192,85114,CHARLIE ALPHA VICTOR,UKULELE,5,13,20,,14,0;1;1;1;0;1;1;1;1;1;0;1;1;1;0;1;0;0;1;1,,1.0;1.0;1.0;1.0;1.0;1.0;1.0;1.0;1.0;1.0;1.0;1.0;1.0;1.0;1.0;1.0;1.0;1.0;1.0;1.0,0;0;0;0;0;0;0;0;0;0;0;0;0;0;0;0;0;0;0;0,1.0,0.0,0,0.0,0,152,0,1,,
qwen2.5:1.5b,Q4_K_M,5,non-ordered,math_bench_2,cot,True,none,solve,1.0,8192,85149,DELTA JULIET MIKE,TANGERINE,5,14,20,16,10,0;1;0;1;1;0;0;0;1;1;1;1;1;0;1;0;0;0;1;0,1;0;0;1;1;0;1;0;1;1;1;1;1;1;1;1;1;1;1;1,0.25;0.25;0.25;0.25;0.0;0.0;0.0;0.25;0.25;0.25;0.25;0.5;0.25;0.5;0.5;0.0;0.0;0.0;0.25;0.0,827;530;526;2256;1663;963;306;635;1193;1089;1816;1893;1236;1759;2423;1629;1766;0;2370;2518,0.2,1369.9,0,0.0,0,1821,0,0,1,
qwen2.5:1.5b,Q4_K_M,5,non-ordered,math_bench_2,direct,True,none,solve,1.0,8192,85149,DELTA JULIET MIKE,TANGERINE,5,14,20,,3,0;0;1;0;0;0;0;0;0;0;0;0;1;0;0;0;0;0;1;0,,0.0;0.0;0.25;0.0;0.0;0.25;0.0;0.0;0.0;0.0;0.25;0.25;0.0;0.25;0.0;0.0;0.25;0.25;0.0;0.0,0;0;0;0;0;0;0;0;0;0;0;0;0;0;0;0;0;0;0;0,0.0875,0.0,0,0.0,0,127,0,1,,
qwen2.5:1.5b,Q4_K_M,5,non-ordered,math_bench_4,cot,True,none,solve,1.0,8192,85149,DELTA JULIET MIKE,TANGERINE,5,14,20,13,4,0;0;1;0;1;0;0;0;0;0;0;0;1;0;0;0;1;0;0;0,1;1;1;1;0;0;0;1;1;0;0;1;1;0;1;1;1;0;1;1,0.25;0.0;0.0;0.0;0.0;0.0;0.0;0.0;0.0;0.0;0.25;0.0;0.0;0.0;0.25;0.0;0.25;0.0;0.0;0.0,2143;2190;2275;1947;545;578;755;1348;2142;1044;924;1416;2170;1469;1777;1324;1952;895;2046;2071,0.05,1550.55,0,0.0,0,1225,0,1,0,
qwen2.5:1.5b,Q4_K_M,5,non-ordered,math_bench_4,direct,True,none,solve,1.0,8192,85149,DELTA JULIET MIKE,TANGERINE,5,14,20,,5,0;0;1;1;0;0;0;1;0;0;0;0;1;0;0;1;0;0;0;0,,0.0;0.0;0.25;0.0;0.0;0.0;0.0;0.25;0.0;0.0;0.0;0.0;0.0;0.0;0.0;0.0;0.25;0.0;0.0;0.25,0;0;0;0;0;0;0;0;0;0;0;0;0;0;0;0;0;0;0;0,0.05,0.0,0,0.0,0,129,0,1,,
qwen2.5:1.5b,Q4_K_M,5,non-ordered,math_bench_5,cot,True,none,solve,1.0,8192,85149,DELTA JULIET MIKE,TANGERINE,5,14,20,12,5,1;0;1;0;0;1;1;0;0;0;1;0;0;0;0;0;0;0;0;0,1;1;1;0;0;0;1;0;1;1;1;1;1;0;0;1;0;0;1;1,0.0;0.0;0.0;0.0;0.0;0.0;0.0;0.25;0.0;0.0;0.0;0.0;0.0;0.0;0.0;0.0;0.0;0.0;0.0;0.0,2251;2227;827;1450;1135;474;3108;831;1872;2532;1916;1181;3183;1591;2120;1355;1098;757;1981;2802,0.0125,1734.55,0,0.0,0,1194,0,0,1,
qwen2.5:1.5b,Q4_K_M,5,non-ordered,math_bench_5,direct,True,none,solve,1.0,8192,85149,DELTA JULIET MIKE,TANGERINE,5,14,20,,6,0;1;0;1;0;1;1;0;0;1;0;0;1;0;0;0;0;0;0;0,,0.0;0.0;0.0;0.0;0.0;0.0;0.0;0.0;0.0;0.0;0.0;0.0;0.0;0.0;0.0;0.0;0.0;0.0;0.25;0.0,0;0;0;0;0;0;0;0;0;0;0;0;0;0;0;0;0;0;0;0,0.0125,0.0,0,0.0,0,242,0,0,,
qwen2.5:1.5b,Q4_K_M,5,non-ordered,trivial,cot,True,none,solve,1.0,8192,86114,ZULU FOXTROT SIERRA,ALMOND,5,14,20,17,16,1;1;1;1;1;1;1;1;1;0;1;0;1;1;1;0;1;1;0;1,1;1;1;1;1;1;1;1;1;0;1;1;1;1;0;0;1;1;1;1,0.75;0.75;0.25;0.0;0.5;1.0;0.5;0.25;1.0;0.5;0.5;0.75;0.25;0.75;0.25;0.0;0.25;0.5;1.0;0.75,1414;1744;2500;1544;1546;1503;1045;1176;1378;283;2234;2900;1274;1415;351;624;2162;1160;1103;435,0.525,1389.55,0,0.0,0,524,0,0,1,
qwen2.5:1.5b,Q4_K_M,5,non-ordered,trivial,direct,True,none,solve,1.0,8192,86114,ZULU FOXTROT SIERRA,ALMOND,5,14,20,,7,0;1;1;0;0;1;0;0;1;1;0;0;0;0;0;0;0;1;1;0,,0.75;0.75;0.75;0.75;0.5;1.0;0.5;0.75;0.5;0.75;1.0;0.0;0.5;1.0;1.0;1.0;1.0;1.0;1.0;0.5,0;0;0;0;0;0;0;0;0;0;0;0;0;0;0;0;0;0;0;0,0.75,0.0,0,0.0,0,136,0,1,,
qwen2.5:1.5b,Q4_K_M,5,non-ordered,math_bench_2,cot,True,none,solve,1.0,8192,86149,GOLF TANGO QUEBEC,ZUCCHINI,5,14,20,11,7,1;1;0;0;0;1;0;1;1;0;0;0;0;0;0;0;0;1;1;0,1;0;0;0;1;1;1;1;0;1;1;0;0;1;0;1;0;0;1;1,0.25;0.0;0.0;0.0;0.25;0.5;0.0;0.0;0.0;0.25;0.0;0.0;0.0;0.5;0.0;0.0;0.0;0.0;0.0;0.75,2588;1015;230;85;2911;2962;2507;1230;300;2487;734;498;758;2765;1628;1670;749;2106;1556;2678,0.125,1572.85,0,0.0,0,2636,0,0,0,
qwen2.5:1.5b,Q4_K_M,5,non-ordered,math_bench_2,direct,True,none,solve,1.0,8192,86149,GOLF TANGO QUEBEC,ZUCCHINI,5,14,20,,3,0;0;0;1;0;0;0;0;0;0;0;0;0;0;0;0;0;1;0;1,,0.0;0.0;0.0;0.0;0.0;0.0;0.0;0.0;0.0;0.0;0.0;0.25;0.0;0.0;0.0;0.0;0.0;0.0;0.0;0.0,0;0;0;0;0;0;0;0;0;0;0;0;0;0;0;0;0;0;0;0,0.0125,0.0,0,0.0,0,441,0,0,,
qwen2.5:1.5b,Q4_K_M,5,non-ordered,math_bench_4,cot,True,none,solve,1.0,8192,86149,GOLF TANGO QUEBEC,ZUCCHINI,5,14,20,7,2,0;0;1;0;0;0;0;0;0;0;1;0;0;0;0;0;0;0;0;0,0;0;1;1;0;0;0;0;1;1;1;0;1;0;0;0;1;0;0;0,0.0;0.0;0.0;0.0;0.0;0.25;0.0;0.0;0.0;0.0;0.0;0.0;0.0;0.0;0.0;0.0;0.0;0.0;0.0;0.0,104;627;945;2297;1157;195;569;2648;2545;2534;2017;195;2065;1106;1000;1631;3859;2103;228;404,0.0125,1411.45,0,0.0,0,1668,0,0,0,
qwen2.5:1.5b,Q4_K_M,5,non-ordered,math_bench_4,direct,True,none,solve,1.0,8192,86149,GOLF TANGO QUEBEC,ZUCCHINI,5,14,20,,2,0;0;0;0;0;0;0;1;0;0;0;0;1;0;0;0;0;0;0;0,,0.0;0.0;0.0;0.25;0.0;0.0;0.25;0.0;0.0;0.0;0.0;0.0;0.0;0.0;0.0;0.0;0.0;0.0;0.0;0.0,0;0;0;0;0;0;0;0;0;0;0;0;0;0;0;0;0;0;0;0,0.025,0.0,0,0.0,0,331,0,0,,
qwen2.5:1.5b,Q4_K_M,5,non-ordered,math_bench_5,cot,True,none,solve,1.0,8192,86149,GOLF TANGO QUEBEC,ZUCCHINI,5,14,20,13,9,0;0;1;1;0;1;0;1;0;0;0;1;0;0;1;1;1;1;0;0,1;1;1;1;0;1;0;0;1;1;1;1;0;1;0;1;1;1;0;0,0.0;0.0;0.0;0.0;0.0;0.0;0.0;0.0;0.0;0.0;0.0;0.0;0.0;0.0;0.0;0.0;0.0;0.0;0.0;0.0,2114;2559;2093;1878;704;2159;1190;1431;3565;2117;864;2641;1406;2577;666;877;1944;2642;688;661,0.0,1738.8,0,0.0,0,1597,0,0,0,
qwen2.5:1.5b,Q4_K_M,5,non-ordered,math_bench_5,direct,True,none,solve,1.0,8192,86149,GOLF TANGO QUEBEC,ZUCCHINI,5,14,20,,10,1;0;1;1;0;1;1;0;1;1;0;0;1;0;0;0;0;0;1;1,,0.0;0.0;0.0;0.0;0.0;0.0;0.0;0.0;0.0;0.0;0.0;0.0;0.25;0.0;0.0;0.0;0.0;0.0;0.0;0.0,0;0;0;0;0;0;0;0;0;0;0;0;0;0;0;0;0;0;0;0,0.0125,0.0,0,0.0,0,126,0,1,,
qwen2.5:1.5b,Q4_K_M,5,non-ordered,trivial,cot,True,none,solve,1.0,8192,87114,SIERRA MIKE ECHO,SCARECROW,5,12,20,16,14,0;0;1;0;1;0;1;1;0;1;1;1;1;1;0;1;1;1;1;1,0;1;1;0;1;1;1;1;0;1;1;1;1;1;0;1;1;1;1;1,0.5;0.75;0.75;0.75;0.75;0.0;0.75;0.0;0.25;0.5;0.25;0.5;0.25;0.5;0.25;0.5;0.0;0.25;0.25;0.25,140;709;673;213;1218;1134;1211;982;436;249;1221;1243;279;1527;161;1532;1732;784;1779;157,0.4,869.0,0,0.0,0,550,0,0,0,
qwen2.5:1.5b,Q4_K_M,5,non-ordered,trivial,direct,True,none,solve,1.0,8192,87114,SIERRA MIKE ECHO,SCARECROW,5,12,20,,12,1;0;0;0;0;1;0;1;0;1;0;1;1;1;1;1;0;1;1;1,,0.75;1.0;0.75;0.75;0.75;0.75;0.75;0.75;1.0;0.75;0.75;0.75;0.75;0.75;1.0;0.75;0.75;0.75;1.0;1.0,0;0;0;0;0;0;0;0;0;0;0;0;0;0;0;0;0;0;0;0,0.8125,0.0,0,0.0,0,83,0,0,,
qwen2.5:1.5b,Q4_K_M,5,non-ordered,math_bench_2,cot,True,none,solve,1.0,8192,87149,INDIA NOVEMBER ALPHA,FALCON,5,15,20,10,6,1;1;0;0;0;0;0;0;0;0;1;1;0;0;0;0;0;0;1;1,1;1;0;1;1;0;1;1;1;0;0;1;0;0;1;0;0;0;0;1,0.25;0.0;0.0;0.0;0.0;0.25;0.25;0.0;0.0;0.0;0.0;0.25;0.0;0.0;0.0;0.0;0.0;0.0;0.0;0.25,2982;2122;650;1604;1822;2379;2216;1108;1423;2189;1719;2614;2191;783;1885;156;138;1338;342;2495,0.0625,1607.8,0,0.0,0,1987,0,0,1,
qwen2.5:1.5b,Q4_K_M,5,non-ordered,math_bench_2,direct,True,none,solve,1.0,8192,87149,INDIA NOVEMBER ALPHA,FALCON,5,15,20,,0,0;0;0;0;0;0;0;0;0;0;0;0;0;0;0;0;0;0;0;0,,0.0;0.0;0.0;0.0;0.0;0.0;0.0;0.0;0.0;0.25;0.25;0.0;0.0;0.25;0.0;0.0;0.0;0.0;0.0;0.0,0;0;0;0;0;0;0;0;0;0;0;0;0;0;0;0;0;0;0;0,0.0375,0.0,0,0.0,0,128,0,0,,
qwen2.5:1.5b,Q4_K_M,5,non-ordered,math_bench_4,cot,True,none,solve,1.0,8192,87149,INDIA NOVEMBER ALPHA,FALCON,5,15,20,11,10,0;0;1;0;1;1;0;0;1;1;1;0;1;0;0;0;1;0;1;1,0;0;1;1;1;1;1;0;0;1;1;1;0;0;0;1;0;0;1;1,0.0;0.25;0.0;0.0;0.25;0.25;0.0;0.0;0.0;0.25;0.0;0.0;0.5;0.0;0.0;0.25;0.0;0.0;0.25;0.0,2833;1039;606;2123;1459;827;2480;2694;1012;2632;2115;2714;1397;2757;1976;2318;743;2529;3569;2555,0.1,2018.9,0,0.0,0,499,0,1,0,
qwen2.5:1.5b,Q4_K_M,5,non-ordered,math_bench_4,direct,True,none,solve,1.0,8192,87149,INDIA NOVEMBER ALPHA,FALCON,5,15,20,,11,1;0;0;1;1;1;1;1;1;1;0;0;1;1;0;0;1;0;0;0,,0.0;0.0;0.25;0.0;0.25;0.0;0.0;0.0;0.0;0.0;0.0;0.5;0.0;0.0;0.0;0.0;0.0;0.0;0.0;0.0,0;0;0;0;0;0;0;0;0;0;0;0;0;0;0;0;0;0;0;0,0.05,0.0,0,0.0,0,30,0,0,,
qwen2.5:1.5b,Q4_K_M,5,non-ordered,math_bench_5,cot,True,none,solve,1.0,8192,87149,INDIA NOVEMBER ALPHA,FALCON,5,15,20,10,8,0;1;1;0;0;1;0;0;1;1;1;0;0;0;0;0;0;1;1;0,0;1;1;1;1;1;0;1;1;1;0;0;0;0;1;0;0;1;0;0,0.0;0.0;0.0;0.0;0.0;0.0;0.0;0.0;0.0;0.0;0.0;0.0;0.0;0.0;0.0;0.0;0.0;0.0;0.0;0.0,1604;2219;3562;3729;3790;2405;908;1497;4437;1722;2066;3337;1122;127;2665;1376;2228;2679;454;1758,0.0,2184.25,0,0.0,0,1805,0,0,0,
qwen2.5:1.5b,Q4_K_M,5,non-ordered,math_bench_5,direct,True,none,solve,1.0,8192,87149,INDIA NOVEMBER ALPHA,FALCON,5,15,20,,4,0;0;0;0;0;0;1;1;1;0;0;0;0;0;0;0;1;0;0;0,,0.0;0.0;0.0;0.0;0.0;0.0;0.0;0.0;0.0;0.25;0.0;0.0;0.0;0.0;0.0;0.0;0.0;0.0;0.0;0.0,0;0;0;0;0;0;0;0;0;0;0;0;0;0;0;0;0;0;0;0,0.0125,0.0,0,0.0,0,90,0,0,,
qwen2.5:1.5b,Q4_K_M,5,non-ordered,trivial,cot,True,none,solve,1.0,8192,88114,FOXTROT INDIA LIMA,CATAPULT,5,10,20,15,9,0;1;0;1;1;0;0;0;0;0;1;0;0;0;1;0;1;1;1;1,0;1;1;1;1;0;0;1;1;0;1;1;1;0;1;1;1;1;1;1,0.5;0.5;0.0;0.75;0.5;0.25;0.0;0.75;0.0;0.5;0.5;0.5;0.25;0.25;0.5;0.0;1.0;1.0;0.75;1.0,471;643;192;729;964;516;182;1275;679;142;398;219;871;225;243;1387;1265;2047;2447;336,0.475,761.55,0,0.0,0,458,0,0,0,
qwen2.5:1.5b,Q4_K_M,5,non-ordered,trivial,direct,True,none,solve,1.0,8192,88114,FOXTROT INDIA LIMA,CATAPULT,5,10,20,,12,0;1;1;0;1;1;1;1;1;0;1;0;1;0;0;1;1;1;0;0,,1.0;1.0;0.75;0.75;1.0;0.75;1.0;0.75;0.75;0.0;1.0;1.0;0.75;1.0;0.75;0.75;1.0;1.0;0.75;1.0,0;0;0;0;0;0;0;0;0;0;0;0;0;0;0;0;0;0;0;0,0.8375,0.0,0,0.0,0,103,0,0,,
qwen2.5:1.5b,Q4_K_M,5,non-ordered,math_bench_2,cot,True,none,solve,1.0,8192,88149,PAPA NOVEMBER JULIET,ZUCCHINI,5,12,20,10,5,0;0;0;0;0;1;0;0;1;0;1;0;0;0;0;1;0;0;1;0,1;0;0;1;1;1;0;0;1;0;1;0;1;1;1;0;0;0;1;0,0.0;0.0;0.25;0.5;0.25;0.0;0.0;0.0;0.0;0.25;0.25;0.0;0.5;0.0;0.0;0.0;0.0;0.25;0.0;0.25,2806;418;112;2031;4174;639;655;1235;1128;817;578;856;1873;3739;2361;422;255;19;327;679,0.125,1256.2,0,0.0,0,755,0,0,0,
qwen2.5:1.5b,Q4_K_M,5,non-ordered,math_bench_2,direct,True,none,solve,1.0,8192,88149,PAPA NOVEMBER JULIET,ZUCCHINI,5,12,20,,5,0;1;0;0;1;0;0;0;0;0;0;0;1;0;0;1;0;1;0;0,,0.0;0.5;0.0;0.5;0.0;0.5;0.0;0.25;0.0;0.25;0.0;0.25;0.5;0.0;0.25;0.0;0.0;0.25;0.0;0.0,0;0;0;0;0;0;0;0;0;0;0;0;0;0;0;0;0;0;0;0,0.1625,0.0,0,0.0,0,11,0,0,,
qwen2.5:1.5b,Q4_K_M,5,non-ordered,math_bench_4,cot,True,none,solve,1.0,8192,88149,PAPA NOVEMBER JULIET,ZUCCHINI,5,12,20,13,1,0;0;0;0;0;0;0;0;1;0;0;0;0;0;0;0;0;0;0;0,1;1;0;1;1;1;0;1;1;1;1;1;1;0;0;1;0;0;0;1,0.0;0.0;0.0;0.0;0.0;0.0;0.0;0.0;0.0;0.0;0.0;0.0;0.25;0.0;0.0;0.0;0.0;0.0;0.25;0.0,1339;2686;1457;2359;1890;1014;865;1029;1998;1433;498;1449;1282;377;994;2462;1231;508;1073;1839,0.025,1389.15,0,0.0,0,1584,0,0,1,
qwen2.5:1.5b,Q4_K_M,5,non-ordered,math_bench_4,direct,True,none,solve,1.0,8192,88149,PAPA NOVEMBER JULIET,ZUCCHINI,5,12,20,,0,0;0;0;0;0;0;0;0;0;0;0;0;0;0;0;0;0;0;0;0,,0.0;0.0;0.0;0.0;0.0;0.0;0.0;0.0;0.0;0.0;0.0;0.0;0.0;0.0;0.0;0.0;0.0;0.0;0.0;0.0,0;0;0;0;0;0;0;0;0;0;0;0;0;0;0;0;0;0;0;0,0.0,0.0,0,0.0,0,92,0,0,,
qwen2.5:1.5b,Q4_K_M,5,non-ordered,math_bench_5,cot,True,none,solve,1.0,8192,88149,PAPA NOVEMBER JULIET,ZUCCHINI,5,12,20,6,1,0;0;0;0;0;0;0;0;0;0;1;0;0;0;0;0;0;0;0;0,0;0;0;1;0;0;0;0;0;1;1;1;0;1;1;0;0;0;0;0,0.0;0.0;0.0;0.0;0.0;0.0;0.0;0.0;0.0;0.0;0.0;0.0;0.0;0.0;0.0;0.0;0.0;0.0;0.0;0.0,786;1777;877;1878;283;2362;590;1954;312;2167;1221;1752;1403;1166;1096;1627;585;0;1705;711,0.0,1212.6,0,0.0,0,3102,0,0,1,
qwen2.5:1.5b,Q4_K_M,5,non-ordered,math_bench_5,direct,True,none,solve,1.0,8192,88149,PAPA NOVEMBER JULIET,ZUCCHINI,5,12,20,,5,0;0;0;0;1;0;0;0;0;0;0;0;1;1;0;0;0;1;1;0,,0.0;0.0;0.0;0.0;0.0;0.0;0.0;0.0;0.0;0.0;0.0;0.0;0.0;0.0;0.0;0.0;0.0;0.0;0.0;0.0,0;0;0;0;0;0;0;0;0;0;0;0;0;0;0;0;0;0;0;0,0.0,0.0,0,0.0,0,91,0,0,,
qwen2.5:1.5b,Q4_K_M,5,non-ordered,trivial,cot,True,none,solve,1.0,8192,89114,UNIFORM OSCAR HOTEL,CENTIPEDE,5,14,20,10,9,0;1;0;1;0;1;1;1;0;1;1;0;0;0;0;1;0;1;0;0,0;1;0;1;0;1;1;1;0;1;1;0;0;1;0;1;0;1;0;0,0.75;0.5;0.75;0.5;0.5;1.0;0.75;0.75;0.75;0.5;1.0;0.5;0.5;0.25;0.75;0.75;0.75;1.0;0.5;0.5,308;447;644;188;225;483;1282;1463;329;381;834;357;617;644;434;295;1750;1603;204;277,0.6625,638.25,0,0.0,0,707,0,0,0,
qwen2.5:1.5b,Q4_K_M,5,non-ordered,trivial,direct,True,none,solve,1.0,8192,89114,UNIFORM OSCAR HOTEL,CENTIPEDE,5,14,20,,1,0;0;0;0;0;0;0;0;0;0;0;1;0;0;0;0;0;0;0;0,,0.75;1.0;1.0;1.0;0.75;1.0;1.0;1.0;1.0;1.0;1.0;1.0;1.0;1.0;1.0;0.75;1.0;1.0;1.0;1.0,0;0;0;0;0;0;0;0;0;0;0;0;0;0;0;0;0;0;0;0,0.9625,0.0,0,0.0,0,106,0,0,,
qwen2.5:1.5b,Q4_K_M,5,non-ordered,math_bench_2,cot,True,none,solve,1.0,8192,89149,ZULU ECHO JULIET,GAZEBO,5,15,20,7,7,0;1;0;0;0;0;1;0;1;0;0;0;1;0;0;1;0;0;1;1,0;1;0;0;0;0;1;0;1;0;0;0;0;0;1;1;0;0;1;1,0.0;0.25;0.5;0.0;0.75;0.0;0.0;0.0;0.5;0.0;0.5;0.0;0.25;0.0;0.75;0.25;0.25;0.0;0.0;0.25,1119;1713;1328;272;1467;1995;2330;486;1380;692;715;466;815;1041;1407;924;1669;1395;628;920,0.2125,1138.1,0,0.0,0,2778,0,0,0,
qwen2.5:1.5b,Q4_K_M,5,non-ordered,math_bench_2,direct,True,none,solve,1.0,8192,89149,ZULU ECHO JULIET,GAZEBO,5,15,20,,0,0;0;0;0;0;0;0;0;0;0;0;0;0;0;0;0;0;0;0;0,,0.0;0.0;0.25;0.0;0.0;0.25;0.5;0.0;0.0;0.25;0.0;0.5;0.0;0.25;0.5;0.0;0.25;0.25;0.25;0.25,0;0;0;0;0;0;0;0;0;0;0;0;0;0;0;0;0;0;0;0,0.175,0.0,0,0.0,0,92,0,0,,
qwen2.5:1.5b,Q4_K_M,5,non-ordered,math_bench_4,cot,True,none,solve,1.0,8192,89149,ZULU ECHO JULIET,GAZEBO,5,15,20,11,6,1;0;0;1;0;0;1;0;0;0;0;0;1;0;0;0;1;0;0;1,1;1;0;1;0;1;1;0;1;1;0;1;1;0;0;0;1;0;0;1,0.0;0.0;0.0;0.0;0.0;0.0;0.0;0.0;0.0;0.0;0.0;0.0;0.0;0.0;0.0;0.0;0.25;0.0;0.0;0.0,2122;2532;1379;338;411;1712;2663;2056;573;4091;1216;1569;597;648;425;1495;1895;456;1058;2299,0.0125,1476.75,0,0.0,0,1267,0,0,0,
qwen2.5:1.5b,Q4_K_M,5,non-ordered,math_bench_4,direct,True,none,solve,1.0,8192,89149,ZULU ECHO JULIET,GAZEBO,5,15,20,,1,0;0;1;0;0;0;0;0;0;0;0;0;0;0;0;0;0;0;0;0,,0.25;0.0;0.25;0.0;0.25;0.0;0.25;0.25;0.25;0.0;0.25;0.0;0.25;0.25;0.0;0.0;0.25;0.25;0.0;0.0,0;0;0;0;0;0;0;0;0;0;0;0;0;0;0;0;0;0;0;0,0.1375,0.0,0,0.0,0,3188,0,1,,
qwen2.5:1.5b,Q4_K_M,5,non-ordered,math_bench_5,cot,True,none,solve,1.0,8192,89149,ZULU ECHO JULIET,GAZEBO,5,15,20,4,2,0;0;0;0;0;0;0;0;0;0;0;0;0;1;1;0;0;0;0;0,0;0;0;0;0;0;0;1;0;0;1;1;0;1;0;0;0;0;0;0,0.0;0.0;0.0;0.0;0.0;0.0;0.0;0.0;0.0;0.0;0.0;0.0;0.25;0.25;0.0;0.0;0.0;0.25;0.0;0.0,835;2928;763;1126;798;414;1693;2596;1238;2280;2048;3198;704;1403;376;369;2518;459;1975;1048,0.0375,1438.45,0,0.0,0,1603,0,1,1,
qwen2.5:1.5b,Q4_K_M,5,non-ordered,math_bench_5,direct,True,none,solve,1.0,8192,89149,ZULU ECHO JULIET,GAZEBO,5,15,20,,4,0;0;0;0;0;0;0;0;0;0;0;0;0;1;0;0;1;0;1;1,,0.0;0.0;0.0;0.25;0.0;0.0;0.0;0.0;0.0;0.25;0.0;0.0;0.0;0.25;0.25;0.0;0.0;0.0;0.25;0.0,0;0;0;0;0;0;0;0;0;0;0;0;0;0;0;0;0;0;0;0,0.0625,0.0,0,0.0,0,92,0,0,,
qwen2.5:1.5b,Q4_K_M,5,non-ordered,trivial,cot,True,none,solve,1.0,8192,90114,DELTA ALPHA HOTEL,QUILT,5,15,20,18,10,0;1;0;1;1;0;1;1;1;0;0;1;0;1;1;0;0;0;1;0,0;1;1;1;1;1;1;1;1;1;1;1;1;1;1;0;1;1;1;1,0.0;1.0;0.5;0.25;0.0;0.25;0.0;0.25;0.25;0.25;0.25;0.0;0.25;0.75;0.25;0.25;0.0;0.25;0.5;0.0,229;1103;1775;207;219;1333;205;574;1746;1247;365;374;370;637;773;331;1838;363;693;231,0.2625,730.65,0,0.0,0,6873,0,0,1,
qwen2.5:1.5b,Q4_K_M,5,non-ordered,trivial,direct,True,none,solve,1.0,8192,90114,DELTA ALPHA HOTEL,QUILT,5,15,20,,4,0;0;1;0;0;0;0;0;0;1;0;0;0;0;0;1;1;0;0;0,,0.75;0.75;0.5;0.75;0.75;0.75;0.0;0.75;0.75;0.5;0.75;0.75;0.75;0.75;0.75;0.75;0.5;0.75;0.75;0.75,0;0;0;0;0;0;0;0;0;0;0;0;0;0;0;0;0;0;0;0,0.675,0.0,0,0.0,0,92,0,1,,
qwen2.5:1.5b,Q4_K_M,5,non-ordered,math_bench_2,cot,True,none,solve,1.0,8192,90149,ZULU YANKEE TANGO,PISTACHIO,5,12,20,14,7,1;1;0;0;0;0;0;0;0;1;0;1;0;0;0;1;0;1;1;0,1;1;1;0;0;1;0;1;1;1;0;1;0;0;1;1;1;1;1;1,0.5;0.5;0.5;0.25;0.0;0.5;0.0;0.25;0.5;0.5;0.0;0.5;0.25;0.0;0.5;0.5;1.0;0.5;0.5;0.25,2702;1979;1676;331;1862;3098;1095;3006;3021;1672;1562;1511;1239;783;1760;2731;1838;2896;2122;1018,0.375,1895.1,0,0.0,0,370,0,0,0,
qwen2.5:1.5b,Q4_K_M,5,non-ordered,math_bench_2,direct,True,none,solve,1.0,8192,90149,ZULU YANKEE TANGO,PISTACHIO,5,12,20,,16,1;1;1;1;1;1;1;1;0;1;1;0;1;0;0;1;1;1;1;1,,0.25;0.25;0.25;0.25;0.25;0.25;0.25;0.25;0.25;0.25;0.25;0.25;0.25;0.25;0.25;0.25;0.25;0.25;0.25;0.25,0;0;0;0;0;0;0;0;0;0;0;0;0;0;0;0;0;0;0;0,0.25,0.0,0,0.0,0,130,0,1,,
qwen2.5:1.5b,Q4_K_M,5,non-ordered,math_bench_4,cot,True,none,solve,1.0,8192,90149,ZULU YANKEE TANGO,PISTACHIO,5,12,20,18,9,0;0;0;1;1;1;0;1;0;0;1;0;0;0;1;0;1;1;1;0,1;1;0;1;1;1;1;1;1;1;1;1;1;0;1;1;1;1;1;1,0.0;0.25;0.25;0.5;0.0;0.0;0.0;0.0;0.0;0.25;0.25;0.0;0.25;0.0;0.0;0.25;0.0;0.25;0.5;0.25,2512;2004;1186;3103;2393;2222;2471;2966;3566;924;2022;1528;1643;326;880;1735;1141;1289;2033;927,0.15,1843.55,0,0.0,0,1418,0,0,1,
qwen2.5:1.5b,Q4_K_M,5,non-ordered,math_bench_4,direct,True,none,solve,1.0,8192,90149,ZULU YANKEE TANGO,PISTACHIO,5,12,20,,19,1;1;1;0;1;1;1;1;1;1;1;1;1;1;1;1;1;1;1;1,,0.25;0.25;0.0;0.5;0.0;0.0;0.0;0.25;0.25;0.25;0.0;0.0;0.0;0.0;0.0;0.0;0.5;0.25;0.25;0.0,0;0;0;0;0;0;0;0;0;0;0;0;0;0;0;0;0;0;0;0,0.1375,0.0,0,0.0,0,72,0,0,,
qwen2.5:1.5b,Q4_K_M,5,non-ordered,math_bench_5,cot,True,none,solve,1.0,8192,90149,ZULU YANKEE TANGO,PISTACHIO,5,12,20,9,6,0;0;0;0;1;1;0;0;0;1;0;1;1;1;0;0;0;0;0;0,1;1;1;0;1;1;0;0;0;1;0;0;1;1;0;0;0;0;0;1,0.0;0.0;0.0;0.0;0.0;0.25;0.0;0.0;0.0;0.0;0.0;0.0;0.0;0.0;0.0;0.0;0.0;0.0;0.0;0.0,3541;2305;1809;341;1857;3283;1342;839;852;1444;369;439;2675;1617;1272;269;2353;1761;1240;2504,0.0125,1605.6,0,0.0,0,1164,0,0,0,
qwen2.5:1.5b,Q4_K_M,5,non-ordered,math_bench_5,direct,True,none,solve,1.0,8192,90149,ZULU YANKEE TANGO,PISTACHIO,5,12,20,,11,0;1;1;0;1;0;0;0;0;0;1;1;0;1;0;1;1;1;1;1,,0.0;0.0;0.0;0.0;0.0;0.0;0.0;0.0;0.0;0.0;0.0;0.0;0.0;0.0;0.0;0.0;0.0;0.0;0.0;0.0,0;0;0;0;0;0;0;0;0;0;0;0;0;0;0;0;0;0;0;0,0.0,0.0,0,0.0,0,124,0,1,,
qwen2.5:1.5b,Q4_K_M,5,non-ordered,trivial,cot,True,none,solve,1.0,8192,91114,FOXTROT LIMA CHARLIE,JIGSAW,5,12,20,13,9,1;1;0;1;0;0;1;0;1;0;0;0;0;1;1;1;0;0;0;1,1;1;0;1;1;1;1;0;1;0;0;0;1;1;1;1;0;0;1;1,0.5;0.5;0.5;0.25;0.25;0.75;0.0;0.25;0.0;0.5;0.25;0.0;0.25;0.5;0.0;0.5;0.5;0.0;0.0;0.0,229;355;101;426;468;1538;858;243;1077;570;143;322;770;1383;909;227;194;214;1999;390,0.275,620.8,0,0.0,0,407,0,0,0,
qwen2.5:1.5b,Q4_K_M,5,non-ordered,trivial,direct,True,none,solve,1.0,8192,91114,FOXTROT LIMA CHARLIE,JIGSAW,5,12,20,,15,0;0;1;1;1;1;0;1;1;0;0;1;1;1;1;1;1;1;1;1,,1.0;1.0;0.0;0.0;0.0;0.0;1.0;0.0;1.0;0.5;1.0;0.0;0.5;0.0;0.0;0.0;0.0;0.0;0.75;0.0,0;0;0;0;0;0;0;0;0;0;0;0;0;0;0;0;0;0;0;0,0.3375,0.0,0,0.0,0,100,0,0,,
qwen2.5:1.5b,Q4_K_M,5,non-ordered,math_bench_2,cot,True,none,solve,1.0,8192,91149,PAPA JULIET ALPHA,QUICKSAND,5,15,20,13,4,0;1;0;0;0;0;0;0;1;0;0;0;0;1;0;0;0;0;0;1,0;1;1;0;0;1;1;0;1;1;1;1;1;1;1;0;1;1;0;0,0.0;0.0;0.25;0.25;0.0;0.0;0.0;0.0;0.25;0.0;0.25;0.0;0.0;0.0;0.25;0.0;0.0;0.0;0.0;0.0,3424;1803;1073;2394;906;2110;2247;1937;1236;3235;1477;2485;3137;1926;2017;178;1313;2389;756;1653,0.0625,1884.8,0,0.0,0,1740,0,0,1,
qwen2.5:1.5b,Q4_K_M,5,non-ordered,math_bench_2,direct,True,none,solve,1.0,8192,91149,PAPA JULIET ALPHA,QUICKSAND,5,15,20,,3,0;0;0;0;0;0;0;0;0;1;0;0;0;1;0;1;0;0;0;0,,0.0;0.0;0.25;0.25;0.0;0.0;0.0;0.25;0.0;0.0;0.0;0.0;0.0;0.0;0.0;0.0;0.0;0.0;0.0;0.0,0;0;0;0;0;0;0;0;0;0;0;0;0;0;0;0;0;0;0;0,0.0375,0.0,0,0.0,0,130,0,1,,
qwen2.5:1.5b,Q4_K_M,5,non-ordered,math_bench_4,cot,True,none,solve,1.0,8192,91149,PAPA JULIET ALPHA,QUICKSAND,5,15,20,7,2,1;0;0;0;0;0;0;0;0;0;1;0;0;0;0;0;0;0;0;0,1;0;1;0;0;1;1;0;0;1;0;1;0;0;0;0;0;0;1;0,0.0;0.0;0.0;0.0;0.0;0.0;0.0;0.0;0.0;0.0;0.0;0.0;0.0;0.0;0.0;0.0;0.0;0.0;0.0;0.0,1130;555;3776;2523;2345;1048;5071;461;1081;2455;789;1673;427;1699;3281;1578;508;2443;991;1667,0.0,1775.05,0,0.0,0,2688,0,0,1,
qwen2.5:1.5b,Q4_K_M,5,non-ordered,math_bench_4,direct,True,none,solve,1.0,8192,91149,PAPA JULIET ALPHA,QUICKSAND,5,15,20,,15,1;1;1;1;0;1;1;1;0;1;1;1;1;0;1;1;1;0;0;1,,0.0;0.0;0.0;0.25;0.25;0.0;0.0;0.0;0.0;0.0;0.0;0.0;0.0;0.0;0.25;0.25;0.0;0.0;0.0;0.0,0;0;0;0;0;0;0;0;0;0;0;0;0;0;0;0;0;0;0;0,0.05,0.0,0,0.0,0,128,0,1,,
qwen2.5:1.5b,Q4_K_M,5,non-ordered,math_bench_5,cot,True,none,solve,1.0,8192,91149,PAPA JULIET ALPHA,QUICKSAND,5,15,20,10,2,0;0;0;0;0;0;1;0;0;0;0;0;0;0;1;0;0;0;0;0,0;1;0;0;1;1;0;1;1;0;1;1;0;0;1;1;0;0;0;1,0.0;0.0;0.0;0.0;0.0;0.0;0.0;0.0;0.0;0.0;0.0;0.25;0.0;0.0;0.0;0.25;0.0;0.0;0.0;0.0,1683;1641;1206;1607;1159;1158;391;1721;1609;1510;1927;2111;1059;1360;3256;2653;984;3879;2347;2291,0.025,1777.6,0,0.0,0,782,0,1,0,
qwen2.5:1.5b,Q4_K_M,5,non-ordered,math_bench_5,direct,True,none,solve,1.0,8192,91149,PAPA JULIET ALPHA,QUICKSAND,5,15,20,,3,0;1;0;0;1;0;0;0;1;0;0;0;0;0;0;0;0;0;0;0,,0.0;0.0;0.0;0.0;0.0;0.0;0.0;0.0;0.0;0.0;0.0;0.25;0.0;0.25;0.25;0.0;0.0;0.0;0.5;0.0,0;0;0;0;0;0;0;0;0;0;0;0;0;0;0;0;0;0;0;0,0.0625,0.0,0,0.0,0,95,0,0,,
qwen2.5:1.5b,Q4_K_M,5,non-ordered,trivial,cot,True,none,solve,1.0,8192,92114,FOXTROT SIERRA OSCAR,PUMPKIN,5,10,20,14,12,1;1;0;0;1;0;1;1;1;0;0;1;0;0;1;1;1;0;1;1,1;1;0;0;1;0;1;1;1;0;0;1;0;1;1;1;1;1;1;1,0.5;0.5;0.75;0.75;1.0;1.0;0.5;0.25;0.5;0.75;0.5;1.0;0.5;0.0;1.0;1.0;1.0;0.5;1.0;1.0,271;243;274;237;358;289;633;1567;492;227;423;1431;225;1188;372;552;572;265;923;470,0.7,550.6,0,0.0,0,397,0,0,1,
qwen2.5:1.5b,Q4_K_M,5,non-ordered,trivial,direct,True,none,solve,1.0,8192,92114,FOXTROT SIERRA OSCAR,PUMPKIN,5,10,20,,12,0;1;0;0;1;1;0;1;1;1;0;1;0;1;0;1;0;1;1;1,,1.0;1.0;1.0;1.0;1.0;1.0;1.0;1.0;1.0;1.0;1.0;1.0;1.0;1.0;1.0;1.0;1.0;1.0;1.0;1.0,0;0;0;0;0;0;0;0;0;0;0;0;0;0;0;0;0;0;0;0,1.0,0.0,0,0.0,0,173,0,1,,
qwen2.5:1.5b,Q4_K_M,5,non-ordered,math_bench_2,cot,True,none,solve,1.0,8192,92149,ALPHA HOTEL JULIET,ZIGZAG,5,15,20,10,5,0;0;0;1;0;0;0;0;0;1;1;0;0;1;0;1;0;0;0;0,1;0;1;1;1;0;0;0;0;1;1;1;0;1;1;1;0;0;0;0,0.25;0.0;0.5;0.5;0.0;0.5;0.25;0.0;0.0;0.5;0.5;0.75;0.0;0.75;0.75;0.25;0.25;0.75;0.25;0.5,1266;95;603;649;917;410;491;420;188;1395;1617;696;1088;2201;880;383;987;441;652;344,0.3625,786.15,0,0.0,0,716,0,0,0,
qwen2.5:1.5b,Q4_K_M,5,non-ordered,math_bench_2,direct,True,none,solve,1.0,8192,92149,ALPHA HOTEL JULIET,ZIGZAG,5,15,20,,6,0;0;0;0;0;1;0;1;0;0;0;0;0;1;1;1;1;0;0;0,,0.5;0.25;0.25;0.25;0.25;0.5;0.0;0.5;0.0;0.5;0.25;0.5;0.5;0.5;0.25;0.25;0.25;0.0;0.5;0.0,0;0;0;0;0;0;0;0;0;0;0;0;0;0;0;0;0;0;0;0,0.3,0.0,0,0.0,0,92,0,0,,
qwen2.5:1.5b,Q4_K_M,5,non-ordered,math_bench_4,cot,True,none,solve,1.0,8192,92149,ALPHA HOTEL JULIET,ZIGZAG,5,15,20,5,1,1;0;0;0;0;0;0;0;0;0;0;0;0;0;0;0;0;0;0;0,1;0;0;0;1;1;0;0;0;0;0;0;0;0;0;0;1;1;0;0,0.0;0.0;0.0;0.0;0.0;0.0;0.0;0.0;0.0;0.0;0.25;0.25;0.0;0.0;0.0;0.0;0.25;0.0;0.25;0.0,2096;1675;1211;2054;4108;1644;566;2469;851;620;3154;870;1114;5959;802;789;2221;3414;1349;2203,0.05,1958.45,0,0.0,0,2590,0,0,0,
qwen2.5:1.5b,Q4_K_M,5,non-ordered,math_bench_4,direct,True,none,solve,1.0,8192,92149,ALPHA HOTEL JULIET,ZIGZAG,5,15,20,,0,0;0;0;0;0;0;0;0;0;0;0;0;0;0;0;0;0;0;0;0,,0.0;0.0;0.0;0.0;0.0;0.25;0.25;0.0;0.0;0.0;0.0;0.0;0.0;0.0;0.25;0.25;0.0;0.0;0.0;0.25,0;0;0;0;0;0;0;0;0;0;0;0;0;0;0;0;0;0;0;0,0.0625,0.0,0,0.0,0,93,0,0,,
qwen2.5:1.5b,Q4_K_M,5,non-ordered,math_bench_5,cot,True,none,solve,1.0,8192,92149,ALPHA HOTEL JULIET,ZIGZAG,5,15,20,6,1,0;0;0;0;0;0;0;0;0;0;0;0;0;0;0;0;0;0;1;0,0;1;0;0;0;0;0;1;0;0;1;1;0;1;0;0;1;0;0;0,0.0;0.0;0.0;0.0;0.0;0.0;0.0;0.0;0.0;0.0;0.0;0.0;0.25;0.0;0.25;0.0;0.0;0.0;0.0;0.0,1157;5052;3821;1177;1714;204;950;1638;1653;1281;2645;1872;287;1880;879;1290;3064;1056;1577;532,0.025,1686.45,0,0.0,0,2333,0,0,0,
qwen2.5:1.5b,Q4_K_M,5,non-ordered,math_bench_5,direct,True,none,solve,1.0,8192,92149,ALPHA HOTEL JULIET,ZIGZAG,5,15,20,,0,0;0;0;0;0;0;0;0;0;0;0;0;0;0;0;0;0;0;0;0,,0.25;0.0;0.0;0.0;0.0;0.0;0.0;0.0;0.0;0.0;0.0;0.0;0.0;0.0;0.0;0.0;0.0;0.0;0.0;0.0,0;0;0;0;0;0;0;0;0;0;0;0;0;0;0;0;0;0;0;0,0.0125,0.0,0,0.0,0,63,0,0,,
qwen2.5:1.5b,Q4_K_M,5,non-ordered,trivial,cot,True,none,solve,1.0,8192,93114,XRAY NOVEMBER VICTOR,FERRET,5,12,20,13,4,0;1;0;0;1;0;0;0;1;0;0;0;1;0;0;0;0;0;0;0,0;1;1;0;1;1;0;1;1;1;0;1;0;1;0;0;1;1;1;1,0.5;0.5;0.5;0.5;0.0;0.5;0.25;1.0;0.25;0.5;0.25;1.0;0.75;0.5;0.25;1.0;0.75;0.5;0.5;1.0,231;488;1430;1925;155;1271;175;991;1411;526;373;1542;1455;1914;166;1258;1404;2305;1942;901,0.55,1093.15,0,0.0,0,874,0,0,0,
qwen2.5:1.5b,Q4_K_M,5,non-ordered,trivial,direct,True,none,solve,1.0,8192,93114,XRAY NOVEMBER VICTOR,FERRET,5,12,20,,16,1;1;1;0;1;1;1;1;1;0;0;1;1;1;1;1;1;1;1;0,,1.0;1.0;1.0;1.0;1.0;1.0;0.25;0.75;1.0;1.0;1.0;0.75;0.75;1.0;1.0;0.75;1.0;0.75;1.0;1.0,0;0;0;0;0;0;0;0;0;0;0;0;0;0;0;0;0;0;0;0,0.9,0.0,0,0.0,0,155,0,1,,
qwen2.5:1.5b,Q4_K_M,5,non-ordered,math_bench_2,cot,True,none,solve,1.0,8192,93149,LIMA ECHO ALPHA,DAFFODIL,5,14,20,12,8,0;1;0;0;0;0;0;0;0;1;0;1;1;1;0;0;0;1;1;1,1;0;1;0;0;1;0;0;0;0;1;1;1;1;0;1;1;1;1;1,0.5;0.0;0.25;0.0;0.0;0.0;0.0;0.0;0.0;0.0;0.25;0.0;0.0;0.0;0.0;0.25;0.0;0.0;0.25;0.25,1195;656;2087;1711;2882;1232;487;668;750;1455;2221;891;1160;807;134;2139;3870;2923;3309;2424,0.0875,1650.05,0,0.0,0,1905,0,1,1,
qwen2.5:1.5b,Q4_K_M,5,non-ordered,math_bench_2,direct,True,none,solve,1.0,8192,93149,LIMA ECHO ALPHA,DAFFODIL,5,14,20,,17,1;0;1;1;1;1;1;1;1;1;1;1;1;0;1;1;1;1;1;0,,0.0;0.0;0.0;0.0;0.0;0.0;0.0;0.0;0.0;0.0;0.0;0.0;0.0;0.0;0.0;0.0;0.0;0.0;0.0;0.0,0;0;0;0;0;0;0;0;0;0;0;0;0;0;0;0;0;0;0;0,0.0,0.0,0,0.0,0,129,0,1,,
qwen2.5:1.5b,Q4_K_M,5,non-ordered,math_bench_4,cot,True,none,solve,1.0,8192,93149,LIMA ECHO ALPHA,DAFFODIL,5,14,20,11,7,0;1;1;0;0;1;0;1;0;0;0;0;0;0;0;0;0;1;1;1,0;1;1;1;0;1;1;1;0;0;1;1;0;0;0;0;0;1;1;1,0.0;0.0;0.0;0.0;0.25;0.0;0.5;0.0;0.0;0.25;0.25;0.25;0.0;0.0;0.0;0.25;0.0;0.25;0.0;0.0,694;1261;3347;658;417;2165;1387;2977;535;262;787;1739;1481;998;876;948;484;2134;1481;1052,0.1,1284.15,0,0.0,0,504,0,0,0,
qwen2.5:1.5b,Q4_K_M,5,non-ordered,math_bench_4,direct,True,none,solve,1.0,8192,93149,LIMA ECHO ALPHA,DAFFODIL,5,14,20,,12,0;0;0;0;1;1;1;1;1;1;1;0;0;0;1;1;1;0;1;1,,0.25;0.0;0.0;0.0;0.0;0.0;0.0;0.25;0.0;0.0;0.0;0.0;0.0;0.0;0.0;0.25;0.0;0.0;0.0;0.0,0;0;0;0;0;0;0;0;0;0;0;0;0;0;0;0;0;0;0;0,0.0375,0.0,0,0.0,0,87,0,1,,
qwen2.5:1.5b,Q4_K_M,5,non-ordered,math_bench_5,cot,True,none,solve,1.0,8192,93149,LIMA ECHO ALPHA,DAFFODIL,5,14,20,12,8,0;0;0;1;1;1;1;0;0;0;0;1;0;0;1;1;0;1;0;0,1;0;0;1;0;1;1;0;0;1;1;1;0;0;1;1;1;1;0;1,0.0;0.0;0.0;0.0;0.0;0.0;0.25;0.0;0.0;0.0;0.0;0.0;0.0;0.0;0.25;0.0;0.25;0.0;0.0;0.0,747;962;889;2063;981;705;796;996;1023;2178;723;1289;566;390;2601;1588;1964;2949;423;3609,0.0375,1372.1,0,0.0,0,2872,0,0,1,
qwen2.5:1.5b,Q4_K_M,5,non-ordered,math_bench_5,direct,True,none,solve,1.0,8192,93149,LIMA ECHO ALPHA,DAFFODIL,5,14,20,,12,0;0;1;1;0;1;1;1;0;1;1;0;0;0;1;1;1;1;0;1,,0.0;0.0;0.25;0.25;0.25;0.0;0.25;0.0;0.25;0.25;0.25;0.0;0.0;0.0;0.0;0.25;0.0;0.25;0.25;0.5,0;0;0;0;0;0;0;0;0;0;0;0;0;0;0;0;0;0;0;0,0.15,0.0,0,0.0,0,108,0,1,,
qwen2.5:1.5b,Q4_K_M,5,non-ordered,trivial,cot,True,none,solve,1.0,8192,94114,GOLF SIERRA ZULU,DANDELION,5,14,20,10,11,0;1;1;0;0;1;1;1;0;0;1;1;1;1;0;0;0;1;1;0,1;1;1;0;0;1;1;0;0;0;1;1;0;1;0;0;0;1;1;0,0.0;0.75;0.5;0.75;0.75;0.25;1.0;0.75;0.75;0.75;0.75;0.75;0.5;0.75;1.0;0.75;0.75;0.75;1.0;1.0,368;1026;364;192;270;229;399;389;217;164;1289;380;860;427;691;266;236;1050;862;324,0.7125,500.15,0,0.0,0,3665,0,0,1,
qwen2.5:1.5b,Q4_K_M,5,non-ordered,trivial,direct,True,none,solve,1.0,8192,94114,GOLF SIERRA ZULU,DANDELION,5,14,20,,11,1;1;1;0;1;0;1;1;0;1;1;1;0;1;1;0;0;0;0;0,,1.0;1.0;1.0;1.0;1.0;1.0;1.0;1.0;1.0;1.0;1.0;1.0;1.0;1.0;1.0;1.0;1.0;1.0;1.0;1.0,0;0;0;0;0;0;0;0;0;0;0;0;0;0;0;0;0;0;0;0,1.0,0.0,0,0.0,0,73,0,1,,
qwen2.5:1.5b,Q4_K_M,5,non-ordered,math_bench_2,cot,True,none,solve,1.0,8192,94149,NOVEMBER VICTOR QUEBEC,LANTERN,5,10,20,8,4,0;0;0;0;1;0;0;0;0;0;1;0;0;0;0;1;1;0;0;0,1;0;1;0;0;0;0;0;0;0;1;1;0;1;0;1;1;0;0;1,0.5;0.0;0.0;0.25;0.25;0.25;0.25;0.5;0.0;0.25;0.5;0.25;0.25;0.75;0.0;0.5;0.0;0.25;0.5;0.75,1881;2034;2036;1075;826;2658;554;1524;715;683;1450;2114;863;1797;594;1965;673;417;1105;1817,0.3,1339.05,0,0.0,0,1331,0,0,0,
qwen2.5:1.5b,Q4_K_M,5,non-ordered,math_bench_2,direct,True,none,solve,1.0,8192,94149,NOVEMBER VICTOR QUEBEC,LANTERN,5,10,20,,15,1;1;1;1;0;1;1;1;1;0;1;0;0;1;1;1;1;1;0;1,,0.0;0.0;0.0;0.25;0.0;0.0;0.0;0.0;0.0;0.0;0.0;0.0;0.0;0.0;0.0;0.0;0.0;0.0;0.0;0.0,0;0;0;0;0;0;0;0;0;0;0;0;0;0;0;0;0;0;0;0,0.0125,0.0,0,0.0,0,277,0,1,,
qwen2.5:1.5b,Q4_K_M,5,non-ordered,math_bench_4,cot,True,none,solve,1.0,8192,94149,NOVEMBER VICTOR QUEBEC,LANTERN,5,10,20,9,3,0;0;0;0;0;0;1;0;1;0;0;1;0;0;0;0;0;0;0;0,0;1;0;1;1;0;1;0;1;0;1;1;0;1;0;0;0;0;0;1,0.0;0.0;0.5;0.5;0.25;0.25;0.25;0.75;0.25;0.25;0.0;0.0;0.0;0.5;0.0;0.25;0.25;0.0;0.0;0.0,1271;1311;1333;2189;2599;1773;2877;571;1713;1141;1628;1984;1965;1709;603;382;1889;2267;2899;1377,0.2,1674.05,0,0.0,0,1611,0,0,0,
qwen2.5:1.5b,Q4_K_M,5,non-ordered,math_bench_4,direct,True,none,solve,1.0,8192,94149,NOVEMBER VICTOR QUEBEC,LANTERN,5,10,20,,8,0;0;1;0;0;1;0;1;0;1;0;1;0;0;1;0;0;1;0;1,,0.0;0.0;0.25;0.0;0.0;0.0;0.0;0.25;0.0;0.25;0.0;0.0;0.0;0.0;0.0;0.0;0.0;0.0;0.0;0.0,0;0;0;0;0;0;0;0;0;0;0;0;0;0;0;0;0;0;0;0,0.0375,0.0,0,0.0,0,141,0,1,,
qwen2.5:1.5b,Q4_K_M,5,non-ordered,math_bench_5,cot,True,none,solve,1.0,8192,94149,NOVEMBER VICTOR QUEBEC,LANTERN,5,10,20,9,6,0;1;0;0;0;1;1;0;0;0;0;0;0;1;0;0;0;0;1;1,0;0;0;0;1;1;1;0;0;0;0;0;1;1;1;0;1;1;0;1,0.0;0.0;0.0;0.0;0.0;0.0;0.0;0.0;0.25;0.0;0.0;0.0;0.0;0.0;0.0;0.0;0.0;0.0;0.0;0.0,722;447;2514;758;578;1105;370;1295;406;1241;1114;2139;1402;305;1347;645;1545;1720;691;1089,0.0125,1071.65,0,0.0,0,690,0,0,0,
qwen2.5:1.5b,Q4_K_M,5,non-ordered,math_bench_5,direct,True,none,solve,1.0,8192,94149,NOVEMBER VICTOR QUEBEC,LANTERN,5,10,20,,6,1;0;0;0;1;0;0;0;0;0;0;1;0;1;1;0;0;1;0;0,,0.0;0.0;0.0;0.0;0.0;0.0;0.0;0.0;0.0;0.0;0.0;0.0;0.0;0.0;0.0;0.0;0.0;0.0;0.0;0.0,0;0;0;0;0;0;0;0;0;0;0;0;0;0;0;0;0;0;0;0,0.0,0.0,0,0.0,0,93,0,0,,
qwen2.5:1.5b,Q4_K_M,5,non-ordered,trivial,cot,True,none,solve,1.0,8192,95114,LIMA DELTA SIERRA,HEDGEHOG,5,11,20,12,10,0;0;0;1;0;1;1;0;1;0;1;1;1;0;0;1;0;1;0;1,1;0;1;1;0;1;1;0;1;0;1;1;1;0;0;1;0;1;0;1,0.75;1.0;0.0;1.0;0.5;1.0;0.75;0.25;0.0;0.5;1.0;0.25;1.0;0.5;0.75;0.5;0.0;0.25;0.25;1.0,1490;1502;1520;1976;346;1471;794;251;1017;152;1421;2152;1707;576;248;1362;163;626;457;953,0.5625,1009.2,0,0.0,0,1462,0,1,1,
qwen2.5:1.5b,Q4_K_M,5,non-ordered,trivial,direct,True,none,solve,1.0,8192,95114,LIMA DELTA SIERRA,HEDGEHOG,5,11,20,,18,1;1;0;1;1;1;1;1;1;1;1;0;1;1;1;1;1;1;1;1,,1.0;1.0;1.0;1.0;1.0;1.0;1.0;1.0;1.0;1.0;1.0;1.0;1.0;1.0;1.0;1.0;1.0;0.0;1.0;1.0,0;0;0;0;0;0;0;0;0;0;0;0;0;0;0;0;0;0;0;0,0.95,0.0,0,0.0,0,141,0,1,,
qwen2.5:1.5b,Q4_K_M,5,non-ordered,math_bench_2,cot,True,none,solve,1.0,8192,95149,KILO XRAY CHARLIE,OPAL,5,12,20,13,8,1;0;1;0;0;0;0;0;0;1;0;0;1;1;1;1;0;1;0;0,1;0;1;0;0;1;1;0;0;1;0;1;1;1;1;1;1;1;1;0,0.25;0.5;0.25;0.5;0.0;0.25;0.5;0.5;0.0;0.25;0.75;0.25;0.5;0.25;0.25;0.5;0.0;0.5;0.25;0.75,1298;543;640;979;2069;596;790;692;659;1471;631;1328;904;1006;378;731;2137;603;1421;1200,0.35,1003.8,0,0.0,0,1000,0,0,0,
qwen2.5:1.5b,Q4_K_M,5,non-ordered,math_bench_2,direct,True,none,solve,1.0,8192,95149,KILO XRAY CHARLIE,OPAL,5,12,20,,5,0;1;0;0;0;0;0;0;0;0;0;1;1;0;1;0;0;0;1;0,,0.0;0.25;0.25;0.0;0.25;0.25;0.25;0.25;0.0;0.25;0.25;0.0;0.25;0.25;0.25;0.25;0.0;0.25;0.25;0.25,0;0;0;0;0;0;0;0;0;0;0;0;0;0;0;0;0;0;0;0,0.1875,0.0,0,0.0,0,456,0,0,,
qwen2.5:1.5b,Q4_K_M,5,non-ordered,math_bench_4,cot,True,none,solve,1.0,8192,95149,KILO XRAY CHARLIE,OPAL,5,12,20,10,6,1;0;0;0;0;0;0;1;1;0;0;0;0;0;0;0;0;1;1;1,1;0;1;0;0;0;1;1;1;0;1;1;0;0;0;0;0;1;1;1,0.25;0.0;0.25;0.0;0.0;0.5;0.0;0.0;0.25;0.0;0.0;0.0;0.0;0.0;0.0;0.0;0.0;0.0;0.0;0.0,2532;1127;2658;1073;357;632;2731;3403;2223;615;1469;883;880;547;878;1209;697;1150;327;695,0.0625,1304.3,0,0.0,0,3095,0,0,1,
qwen2.5:1.5b,Q4_K_M,5,non-ordered,math_bench_4,direct,True,none,solve,1.0,8192,95149,KILO XRAY CHARLIE,OPAL,5,12,20,,13,1;0;1;1;1;1;0;0;1;1;1;0;0;0;1;1;1;0;1;1,,0.0;0.0;0.0;0.0;0.0;0.0;0.0;0.25;0.0;0.0;0.0;0.0;0.0;0.0;0.25;0.0;0.0;0.0;0.0;0.0,0;0;0;0;0;0;0;0;0;0;0;0;0;0;0;0;0;0;0;0,0.025,0.0,0,0.0,0,106,0,0,,
qwen2.5:1.5b,Q4_K_M,5,non-ordered,math_bench_5,cot,True,none,solve,1.0,8192,95149,KILO XRAY CHARLIE,OPAL,5,12,20,11,4,0;0;0;0;0;0;0;0;1;0;0;0;0;1;0;1;0;1;0;0,1;1;1;0;0;0;0;1;1;0;1;0;0;1;1;0;0;1;1;1,0.0;0.0;0.0;0.0;0.0;0.0;0.25;0.0;0.0;0.25;0.25;0.25;0.0;0.0;0.0;0.0;0.0;0.0;0.0;0.0,1497;1721;1360;1979;321;289;947;631;3901;3096;1407;617;380;1047;2692;334;694;2238;2923;2607,0.05,1534.05,0,0.0,0,925,0,0,1,
qwen2.5:1.5b,Q4_K_M,5,non-ordered,math_bench_5,direct,True,none,solve,1.0,8192,95149,KILO XRAY CHARLIE,OPAL,5,12,20,,3,1;0;0;0;0;0;0;0;1;0;0;1;0;0;0;0;0;0;0;0,,0.0;0.0;0.0;0.0;0.0;0.0;0.0;0.0;0.0;0.0;0.0;0.0;0.0;0.0;0.0;0.0;0.0;0.0;0.0;0.0,0;0;0;0;0;0;0;0;0;0;0;0;0;0;0;0;0;0;0;0,0.0,0.0,0,0.0,0,169,0,0,,
qwen2.5:1.5b,Q4_K_M,5,non-ordered,trivial,cot,True,none,solve,1.0,8192,96114,HOTEL LIMA UNIFORM,VELVET,5,15,20,8,11,1;0;1;0;0;1;1;0;1;0;1;0;1;0;0;0;1;1;1;1,0;0;1;0;0;1;0;1;1;0;1;0;1;1;0;0;0;0;1;0,0.75;0.5;1.0;0.0;0.0;1.0;0.5;0.0;1.0;0.25;1.0;0.25;0.75;0.0;0.5;0.75;1.0;1.0;0.25;0.25,479;462;1321;1912;197;1440;562;1971;1148;295;1002;1045;685;2475;352;328;1058;718;914;357,0.5375,936.05,0,0.0,0,1076,0,0,0,
qwen2.5:1.5b,Q4_K_M,5,non-ordered,trivial,direct,True,none,solve,1.0,8192,96114,HOTEL LIMA UNIFORM,VELVET,5,15,20,,6,1;0;0;1;0;0;1;1;0;0;0;1;0;0;0;1;0;0;0;0,,0.75;1.0;1.0;0.75;1.0;0.75;0.75;0.75;1.0;0.75;1.0;1.0;1.0;0.75;1.0;0.75;0.0;1.0;0.75;0.0,0;0;0;0;0;0;0;0;0;0;0;0;0;0;0;0;0;0;0;0,0.7875,0.0,0,0.0,0,104,0,0,,
qwen2.5:1.5b,Q4_K_M,5,non-ordered,math_bench_2,cot,True,none,solve,1.0,8192,96149,YANKEE MIKE PAPA,IGLOO,5,15,20,9,4,0;0;0;1;0;0;0;0;1;0;0;0;0;0;0;1;0;0;1;0,0;1;0;0;1;0;0;0;1;0;0;1;1;1;1;1;0;0;1;0,0.0;0.25;0.25;0.0;0.0;0.0;0.0;0.0;0.0;0.0;0.0;0.5;0.0;0.0;0.25;0.0;0.0;0.0;0.0;0.0,523;2645;1213;1077;1240;424;191;90;2199;173;1788;1423;2225;1587;3102;1413;760;226;3260;3201,0.0625,1438.0,0,0.0,0,1167,0,0,0,
qwen2.5:1.5b,Q4_K_M,5,non-ordered,math_bench_2,direct,True,none,solve,1.0,8192,96149,YANKEE MIKE PAPA,IGLOO,5,15,20,,14,1;0;1;1;1;0;1;1;0;0;0;1;1;0;1;1;1;1;1;1,,0.0;0.0;0.0;0.0;0.0;0.0;0.0;0.0;0.0;0.0;0.0;0.0;0.0;0.0;0.0;0.0;0.0;0.0;0.0;0.0,0;0;0;0;0;0;0;0;0;0;0;0;0;0;0;0;0;0;0;0,0.0,0.0,0,0.0,0,182,0,1,,
qwen2.5:1.5b,Q4_K_M,5,non-ordered,math_bench_4,cot,True,none,solve,1.0,8192,96149,YANKEE MIKE PAPA,IGLOO,5,15,20,10,3,0;0;0;0;0;0;0;0;1;0;0;1;0;1;0;0;0;0;0;0,1;0;1;0;0;0;0;0;1;0;1;1;0;1;1;1;0;1;0;1,0.0;0.0;0.0;0.0;0.25;0.0;0.0;0.0;0.0;0.0;0.0;0.0;0.0;0.5;0.0;0.25;0.25;0.0;0.0;0.0,2831;687;2649;891;859;1237;658;660;2295;917;2208;2803;1031;2013;2772;2553;381;975;2040;880,0.0625,1567.0,0,0.0,0,1369,0,0,1,
qwen2.5:1.5b,Q4_K_M,5,non-ordered,math_bench_4,direct,True,none,solve,1.0,8192,96149,YANKEE MIKE PAPA,IGLOO,5,15,20,,9,0;1;1;0;0;1;0;1;1;0;0;1;1;1;1;0;0;0;0;0,,0.0;0.0;0.0;0.0;0.25;0.0;0.0;0.25;0.0;0.0;0.0;0.25;0.0;0.0;0.25;0.0;0.0;0.0;0.0;0.0,0;0;0;0;0;0;0;0;0;0;0;0;0;0;0;0;0;0;0;0,0.05,0.0,0,0.0,0,70,0,0,,
qwen2.5:1.5b,Q4_K_M,5,non-ordered,math_bench_5,cot,True,none,solve,1.0,8192,96149,YANKEE MIKE PAPA,IGLOO,5,15,20,12,6,0;1;0;0;0;0;1;1;0;0;0;0;0;1;0;1;0;0;1;0,0;0;1;1;1;1;1;0;1;1;0;1;0;0;1;1;1;0;1;0,0.25;0.25;0.0;0.25;0.0;0.0;0.0;0.0;0.0;0.0;0.0;0.0;0.0;0.0;0.0;0.0;0.0;0.0;0.0;0.0,360;1782;1891;1664;1282;3821;2025;971;1718;2201;1365;2610;1544;767;4615;3679;3235;4704;4428;1379,0.0375,2302.05,0,0.0,0,1512,0,0,1,
qwen2.5:1.5b,Q4_K_M,5,non-ordered,math_bench_5,direct,True,none,solve,1.0,8192,96149,YANKEE MIKE PAPA,IGLOO,5,15,20,,10,1;0;0;0;0;1;1;0;0;0;1;1;1;0;0;1;0;1;1;1,,0.25;0.0;0.0;0.0;0.0;0.0;0.0;0.0;0.0;0.0;0.0;0.0;0.0;0.0;0.0;0.0;0.0;0.0;0.0;0.25,0;0;0;0;0;0;0;0;0;0;0;0;0;0;0;0;0;0;0;0,0.025,0.0,0,0.0,0,113,0,1,,
qwen2.5:1.5b,Q4_K_M,5,non-ordered,trivial,cot,True,none,solve,1.0,8192,97114,WHISKEY NOVEMBER HOTEL,ZIGZAG,5,13,20,12,11,1;1;1;1;1;1;0;1;0;1;0;1;0;1;0;0;0;0;1;0,0;1;1;1;1;0;0;1;0;1;1;1;0;1;0;1;1;0;1;0,1.0;1.0;0.75;0.25;1.0;0.5;0.25;0.75;0.5;0.5;0.75;0.75;0.5;1.0;0.0;0.25;1.0;0.25;1.0;0.5,351;1756;398;1547;1049;513;377;1454;611;600;1664;2639;537;1565;190;2050;1020;269;886;238,0.625,985.7,0,0.0,0,672,0,0,0,
qwen2.5:1.5b,Q4_K_M,5,non-ordered,trivial,direct,True,none,solve,1.0,8192,97114,WHISKEY NOVEMBER HOTEL,ZIGZAG,5,13,20,,15,1;1;1;0;1;1;1;0;1;1;0;1;1;1;1;0;1;1;0;1,,0.75;0.75;0.75;0.75;0.75;0.75;1.0;0.75;0.75;1.0;0.75;1.0;1.0;0.75;1.0;0.75;0.75;1.0;0.75;0.75,0;0;0;0;0;0;0;0;0;0;0;0;0;0;0;0;0;0;0;0,0.825,0.0,0,0.0,0,79,0,0,,
qwen2.5:1.5b,Q4_K_M,5,non-ordered,math_bench_2,cot,True,none,solve,1.0,8192,97149,PAPA INDIA DELTA,ORIGAMI,5,15,20,12,6,1;0;0;1;0;0;0;0;0;0;0;0;0;1;0;1;0;0;1;1,0;1;0;1;0;0;1;0;0;1;0;1;1;1;1;1;0;1;1;1,0.0;0.0;0.25;0.0;0.0;0.25;0.25;0.0;0.0;0.0;0.0;0.0;0.25;0.5;0.0;0.0;0.25;0.0;0.0;0.0,639;2191;1295;559;219;2455;1802;565;1188;1741;1232;2190;2976;1707;2997;1853;1170;3733;1951;2369,0.0875,1741.6,0,0.0,0,2096,0,0,0,
qwen2.5:1.5b,Q4_K_M,5,non-ordered,math_bench_2,direct,True,none,solve,1.0,8192,97149,PAPA INDIA DELTA,ORIGAMI,5,15,20,,3,0;0;0;0;1;0;0;1;0;0;0;0;1;0;0;0;0;0;0;0,,0.0;0.0;0.0;0.0;0.0;0.0;0.0;0.0;0.0;0.0;0.0;0.25;0.0;0.0;0.0;0.25;0.0;0.0;0.25;0.0,0;0;0;0;0;0;0;0;0;0;0;0;0;0;0;0;0;0;0;0,0.0375,0.0,0,0.0,0,84,0,0,,
qwen2.5:1.5b,Q4_K_M,5,non-ordered,math_bench_4,cot,True,none,solve,1.0,8192,97149,PAPA INDIA DELTA,ORIGAMI,5,15,20,5,6,0;1;1;0;1;0;0;1;1;0;0;0;0;0;0;0;0;0;0;1,0;1;0;0;0;0;0;0;1;0;1;1;0;0;0;0;0;0;0;1,0.25;0.0;0.25;0.0;0.0;0.0;0.0;0.0;0.0;0.0;0.0;0.0;0.0;0.0;0.25;0.0;0.0;0.0;0.0;0.0,2556;2300;1045;895;447;1780;652;194;979;311;1659;2685;724;1025;1454;129;208;438;372;1283,0.0375,1056.8,0,0.0,0,1955,0,1,0,
qwen2.5:1.5b,Q4_K_M,5,non-ordered,math_bench_4,direct,True,none,solve,1.0,8192,97149,PAPA INDIA DELTA,ORIGAMI,5,15,20,,2,0;0;0;0;0;0;0;0;0;0;1;0;0;0;0;0;0;0;1;0,,0.0;0.0;0.0;0.0;0.25;0.0;0.0;0.0;0.0;0.25;0.0;0.0;0.0;0.0;0.0;0.0;0.0;0.0;0.0;0.0,0;0;0;0;0;0;0;0;0;0;0;0;0;0;0;0;0;0;0;0,0.025,0.0,0,0.0,0,1457,0,0,,
qwen2.5:1.5b,Q4_K_M,5,non-ordered,math_bench_5,cot,True,none,solve,1.0,8192,97149,PAPA INDIA DELTA,ORIGAMI,5,15,20,12,7,0;0;0;0;1;0;1;0;1;0;0;0;0;1;1;1;0;0;0;1,0;1;0;1;1;1;0;0;1;1;0;1;1;1;1;1;0;0;0;1,0.0;0.0;0.0;0.0;0.0;0.0;0.0;0.25;0.0;0.0;0.0;0.0;0.0;0.0;0.25;0.0;0.0;0.0;0.0;0.0,362;1966;1267;2628;2455;2692;1901;1010;2324;4778;1996;1829;1503;319;1645;2261;706;3313;832;1309,0.025,1854.8,0,0.0,0,251,0,1,0,
qwen2.5:1.5b,Q4_K_M,5,non-ordered,math_bench_5,direct,True,none,solve,1.0,8192,97149,PAPA INDIA DELTA,ORIGAMI,5,15,20,,4,1;0;0;0;0;1;1;0;0;1;0;0;0;0;0;0;0;0;0;0,,0.0;0.0;0.0;0.0;0.0;0.0;0.25;0.0;0.0;0.0;0.0;0.25;0.0;0.0;0.0;0.0;0.0;0.0;0.0;0.0,0;0;0;0;0;0;0;0;0;0;0;0;0;0;0;0;0;0;0;0,0.025,0.0,0,0.0,0,98,0,0,,
qwen2.5:1.5b,Q4_K_M,5,non-ordered,trivial,cot,True,none,solve,1.0,8192,98114,TANGO GOLF QUEBEC,ZUCCHINI,5,7,20,11,9,1;0;1;0;1;1;0;0;0;1;1;0;0;1;1;1;0;0;0;0,0;0;1;0;1;1;0;0;1;1;0;1;0;1;1;1;1;1;0;0,1.0;1.0;1.0;1.0;1.0;1.0;1.0;1.0;1.0;1.0;1.0;0.0;1.0;1.0;0.75;1.0;1.0;1.0;1.0;1.0,216;364;370;230;398;358;320;203;528;310;405;447;376;795;2351;1233;698;1713;231;289,0.9375,591.75,0,0.0,0,689,0,0,0,
qwen2.5:1.5b,Q4_K_M,5,non-ordered,trivial,direct,True,none,solve,1.0,8192,98114,TANGO GOLF QUEBEC,ZUCCHINI,5,7,20,,16,1;1;1;1;1;1;1;1;0;0;1;0;1;1;0;1;1;1;1;1,,1.0;1.0;1.0;1.0;1.0;1.0;1.0;1.0;1.0;1.0;1.0;1.0;1.0;1.0;0.0;1.0;1.0;1.0;0.75;1.0,0;0;0;0;0;0;0;0;0;0;0;0;0;0;0;0;0;0;0;0,0.9375,0.0,0,0.0,0,141,0,1,,
qwen2.5:1.5b,Q4_K_M,5,non-ordered,math_bench_2,cot,True,none,solve,1.0,8192,98149,OSCAR KILO ROMEO,QUILT,5,12,20,15,6,0;1;0;1;0;0;0;0;1;1;0;0;0;0;0;1;1;0;0;0,0;1;1;1;1;1;0;1;1;1;1;1;1;1;1;1;1;0;0;0,0.0;0.0;0.25;0.0;0.0;0.5;0.0;0.0;0.5;1.0;0.0;0.0;0.25;0.0;0.0;0.25;0.0;0.25;0.0;0.0,2310;1689;2861;2748;3638;1019;246;3178;2781;2093;3166;667;1884;1216;1604;2038;1397;284;620;654,0.15,1804.65,0,0.0,0,1024,0,1,0,
qwen2.5:1.5b,Q4_K_M,5,non-ordered,math_bench_2,direct,True,none,solve,1.0,8192,98149,OSCAR KILO ROMEO,QUILT,5,12,20,,8,1;1;0;0;1;1;0;0;1;0;0;0;0;0;1;1;1;0;0;0,,0.0;0.0;0.0;0.0;0.0;0.0;0.0;0.0;0.0;0.25;0.0;0.0;0.0;0.0;0.0;0.25;0.0;0.0;0.0;0.0,0;0;0;0;0;0;0;0;0;0;0;0;0;0;0;0;0;0;0;0,0.025,0.0,0,0.0,0,93,0,0,,
qwen2.5:1.5b,Q4_K_M,5,non-ordered,math_bench_4,cot,True,none,solve,1.0,8192,98149,OSCAR KILO ROMEO,QUILT,5,12,20,14,6,0;0;0;0;1;0;0;1;0;1;0;0;1;1;0;0;0;0;1;0,1;1;1;1;1;0;0;1;0;1;1;0;1;1;1;1;0;0;1;1,0.0;0.25;0.0;0.0;0.0;0.0;0.0;0.0;0.0;0.0;0.25;0.25;0.25;0.0;0.0;0.0;0.0;0.0;0.0;0.0,1942;1127;1725;1294;1183;171;299;1689;408;2409;1967;908;354;1858;1471;1474;265;348;1608;1134,0.05,1181.7,0,0.0,0,1694,0,0,1,
qwen2.5:1.5b,Q4_K_M,5,non-ordered,math_bench_4,direct,True,none,solve,1.0,8192,98149,OSCAR KILO ROMEO,QUILT,5,12,20,,6,1;0;1;1;0;0;0;0;0;0;1;0;0;0;0;1;0;0;0;1,,0.25;0.0;0.0;0.0;0.0;0.0;0.0;0.5;0.0;0.0;0.25;0.0;0.0;0.25;0.0;0.5;0.0;0.0;0.0;0.0,0;0;0;0;0;0;0;0;0;0;0;0;0;0;0;0;0;0;0;0,0.0875,0.0,0,0.0,0,120,0,0,,
qwen2.5:1.5b,Q4_K_M,5,non-ordered,math_bench_5,cot,True,none,solve,1.0,8192,98149,OSCAR KILO ROMEO,QUILT,5,12,20,15,4,1;0;1;0;1;0;0;1;0;0;0;0;0;0;0;0;0;0;0;0,1;1;1;0;1;1;1;1;1;1;0;1;0;1;0;1;1;0;1;1,0.0;0.0;0.0;0.0;0.0;0.0;0.0;0.0;0.25;0.0;0.0;0.0;0.0;0.0;0.0;0.25;0.0;0.0;0.0;0.25,3170;3508;2088;1980;580;2900;3841;1275;1861;1797;704;1869;1222;1562;232;3599;2920;619;3985;3460,0.0375,2158.6,0,0.0,0,1977,0,1,1,
qwen2.5:1.5b,Q4_K_M,5,non-ordered,math_bench_5,direct,True,none,solve,1.0,8192,98149,OSCAR KILO ROMEO,QUILT,5,12,20,,5,0;0;1;0;0;0;1;0;0;0;1;1;1;0;0;0;0;0;0;0,,0.0;0.0;0.0;0.0;0.0;0.0;0.0;0.0;0.0;0.0;0.0;0.0;0.0;0.0;0.0;0.0;0.0;0.0;0.0;0.0,0;0;0;0;0;0;0;0;0;0;0;0;0;0;0;0;0;0;0;0,0.0,0.0,0,0.0,0,104,0,0,,
qwen2.5:1.5b,Q4_K_M,5,non-ordered,trivial,cot,True,none,solve,1.0,8192,99114,QUEBEC LIMA ZULU,CATAPULT,5,12,20,15,12,1;1;1;0;1;1;0;0;0;0;1;0;1;1;0;1;1;0;1;1,1;1;1;1;1;1;0;0;1;0;1;0;1;1;1;1;1;0;1;1,0.75;0.25;0.5;0.5;0.75;0.5;0.5;0.5;0.0;0.25;0.75;0.5;0.5;0.25;0.0;1.0;0.75;0.5;0.25;1.0,481;957;518;1463;1285;158;212;129;355;131;530;230;638;224;1954;1280;1661;360;214;1389,0.5,708.45,0,0.0,0,338,0,0,0,
qwen2.5:1.5b,Q4_K_M,5,non-ordered,trivial,direct,True,none,solve,1.0,8192,99114,QUEBEC LIMA ZULU,CATAPULT,5,12,20,,7,0;0;1;0;0;1;1;0;0;0;1;1;1;0;0;0;0;0;1;0,,1.0;0.75;1.0;1.0;0.75;1.0;1.0;0.25;1.0;0.75;1.0;1.0;1.0;1.0;1.0;0.75;1.0;1.0;1.0;0.75,0;0;0;0;0;0;0;0;0;0;0;0;0;0;0;0;0;0;0;0,0.9,0.0,0,0.0,0,71,0,1,,
qwen2.5:1.5b,Q4_K_M,5,non-ordered,math_bench_2,cot,True,none,solve,1.0,8192,99149,LIMA ZULU PAPA,VINEYARD,5,14,20,10,5,0;0;1;0;0;0;0;0;0;1;0;0;0;0;0;1;0;1;1;0,0;0;1;0;0;1;1;0;1;0;1;0;1;0;0;1;1;1;1;0,0.0;0.0;0.5;0.25;0.0;0.25;0.25;0.0;0.0;0.0;0.25;0.0;0.25;0.0;0.0;0.25;0.25;0.0;0.0;0.0,332;0;633;328;361;615;2080;463;2156;365;598;475;2341;330;688;919;560;726;722;507,0.1125,759.95,0,0.0,0,899,0,1,1,
qwen2.5:1.5b,Q4_K_M,5,non-ordered,math_bench_2,direct,True,none,solve,1.0,8192,99149,LIMA ZULU PAPA,VINEYARD,5,14,20,,14,0;1;1;1;1;0;0;0;1;1;1;1;1;1;1;1;0;1;0;1,,0.25;0.0;0.0;0.0;0.0;0.0;0.0;0.0;0.0;0.25;0.0;0.0;0.0;0.25;0.0;0.0;0.0;0.0;0.0;0.0,0;0;0;0;0;0;0;0;0;0;0;0;0;0;0;0;0;0;0;0,0.0375,0.0,0,0.0,0,1360,0,0,,
qwen2.5:1.5b,Q4_K_M,5,non-ordered,math_bench_4,cot,True,none,solve,1.0,8192,99149,LIMA ZULU PAPA,VINEYARD,5,14,20,9,10,1;1;1;0;1;0;0;1;0;1;1;0;1;1;0;0;0;1;0;0,1;0;1;0;1;0;1;1;0;0;0;0;1;0;1;1;0;1;0;0,0.0;0.0;0.0;0.0;0.0;0.0;0.0;0.0;0.0;0.0;0.0;0.25;0.0;0.0;0.0;0.0;0.0;0.25;0.0;0.0,790;1062;586;1944;1380;557;1896;495;1515;1000;1229;1821;661;657;1565;980;772;1468;944;3319,0.025,1232.05,0,0.0,0,449,0,0,0,
qwen2.5:1.5b,Q4_K_M,5,non-ordered,math_bench_4,direct,True,none,solve,1.0,8192,99149,LIMA ZULU PAPA,VINEYARD,5,14,20,,16,1;1;1;1;1;1;1;1;1;1;0;0;1;1;1;1;0;0;1;1,,0.25;0.0;0.25;0.0;0.25;0.25;0.25;0.25;0.5;0.0;0.0;0.5;0.25;0.0;0.25;0.25;0.0;0.25;0.25;0.25,0;0;0;0;0;0;0;0;0;0;0;0;0;0;0;0;0;0;0;0,0.2,0.0,0,0.0,0,108,0,0,,
qwen2.5:1.5b,Q4_K_M,5,non-ordered,math_bench_5,cot,True,none,solve,1.0,8192,99149,LIMA ZULU PAPA,VINEYARD,5,14,20,9,9,1;0;0;0;0;1;1;0;0;0;0;0;1;1;1;1;1;0;1;0,1;1;1;0;0;1;0;1;0;0;0;0;0;1;1;1;0;0;1;0,0.0;0.0;0.0;0.0;0.0;0.0;0.0;0.0;0.0;0.0;0.0;0.0;0.0;0.0;0.0;0.0;0.0;0.0;0.0;0.0,2346;2696;1293;626;897;1041;258;1990;831;1264;809;207;121;965;2059;1610;133;168;908;802,0.0,1051.2,0,0.0,0,3191,0,1,0,
qwen2.5:1.5b,Q4_K_M,5,non-ordered,math_bench_5,direct,True,none,solve,1.0,8192,99149,LIMA ZULU PAPA,VINEYARD,5,14,20,,18,0;1;1;1;1;1;0;1;1;1;1;1;1;1;1;1;1;1;1;1,,0.0;0.0;0.0;0.0;0.0;0.0;0.0;0.25;0.25;0.25;0.25;0.0;0.25;0.0;0.0;0.0;0.0;0.0;0.0;0.0,0;0;0;0;0;0;0;0;0;0;0;0;0;0;0;0;0;0;0;0,0.0625,0.0,0,0.0,0,122,0,1,,
